formulaRank	molecularFormula	adduct	precursorFormula	NPC#pathway	NPC#pathway Probability	NPC#superclass	NPC#superclass Probability	NPC#class	NPC#class Probability	ClassyFire#superclass	ClassyFire#superclass probability	ClassyFire#class	ClassyFire#class Probability	ClassyFire#subclass	ClassyFire#subclass Probability	ClassyFire#level 5	ClassyFire#level 5 Probability	ClassyFire#most specific class	ClassyFire#most specific class Probability	ClassyFire#all classifications	ionMass	retentionTimeInSeconds	retentionTimeInMinutes	formulaId	alignedFeatureId	compoundId	mappingFeatureId	overallFeatureQuality
1	C8H21F2N2O2Si	[M + Na]+	C8H21F2N2NaO2Si+	Alkaloids	0.486	Small peptides	0.399	Halogenated fatty acids	0.315	Organohalogen compounds	0.717	Organofluorides	0.793					Organofluorides	0.793	Organic compounds; Organic acids and derivatives; Organohalogen compounds; Organonitrogen compounds; Organofluorides; Organic oxides; Hydrocarbon derivatives; Organopnictogen compounds; Organic oxygen compounds; Organic nitrogen compounds; Chemical entities	266.123	24	0.397	836961160931501531	836960999127830479	836960999123636174	3	
1	C6H14F3N3	[M + K]+	C6H14F3KN3+	Alkaloids	0.714	Nicotinic acid alkaloids	0.077	Polyamines	0.086	Organohalogen compounds	0.985	Alkyl halides	0.986	Alkyl fluorides	0.983			Alkyl fluorides	0.983	Organic compounds; Organohalogen compounds; Organonitrogen compounds; Alkyl fluorides; Organofluorides; Alkyl halides; Hydrocarbon derivatives; Organopnictogen compounds; Organic nitrogen compounds; Chemical entities	224.076	24	0.407	836961146066887394	836960998989418443	836960998981029834	2	
1	C6H5NOSi	[M + Na]+	C6H5NNaOSi+	Fatty acids	0.453	Fatty acyls	0.423	Halogenated fatty acids	0.286	Organic oxygen compounds	0.947	Organooxygen compounds	0.863	Carbonyl compounds	0.644			Carbonyl compounds	0.644	Organic compounds; Organohalogen compounds; Organonitrogen compounds; Organooxygen compounds; Carbonyl compounds; Organic oxides; Hydrocarbon derivatives; Organic oxygen compounds; Organic nitrogen compounds; Chemical entities	158.003	26	0.441	836961152630973452	836960998729371591	836960998708400070	1	
1	C8H18N2	[M + H3N + H]+	C8H22N3+	Alkaloids	0.781	Pseudoalkaloids (transamidation)	0.406	Acetate-derived alkaloids	0.802	Organic nitrogen compounds	1.000	Organonitrogen compounds	1.000	Amines	0.777			Amines	0.777	Organic compounds; Organonitrogen compounds; Amines; Hydrocarbon derivatives; Organopnictogen compounds; Organic nitrogen compounds; Chemical entities	160.181	28	0.469	836961139104342609	836960999241076691	836960999236882386	4	
1	C6H9O4P	[M + Na]+	C6H9NaO4P+	Fatty acids	0.585	Monoterpenoids	0.047	Halogenated fatty acids	0.009	Organic acids and derivatives	0.812	Organic phosphonic acids and derivatives	0.626					Organic phosphonic acids and derivatives	0.626	Organic compounds; Organic acids and derivatives; Organooxygen compounds; Organophosphorus compounds; Organic phosphonic acids and derivatives; Organic oxides; Hydrocarbon derivatives; Organic oxygen compounds; Chemical entities	199.013	28	0.470	836961147417453328	836960999421431767	836960999417237462	5	
1	C3H6O5S	[M + H]+	C3H7O5S+	Fatty acids	0.841	Fatty Acids and Conjugates	0.753	Dicarboxylic acids	0.145	Organosulfur compounds	0.872	Sulfonyls	0.513					Sulfonyls	0.513	Organic compounds; Organosulfur compounds; Organic acids and derivatives; Carboxylic acids and derivatives; Organooxygen compounds; Sulfonyls; Carbonyl compounds; Organic oxides; Hydrocarbon derivatives; Organic oxygen compounds; Chemical entities	155.003	28	0.472	836961146847027960	836960999744393191	836960999744393190	9	
1	C6H5NOSi	[M + Na]+	C6H5NNaOSi+	Alkaloids	0.331	Nicotinic acid alkaloids	0.309	Pyridine alkaloids	0.310	Organic oxygen compounds	0.897	Organooxygen compounds	0.726	Carbonyl compounds	0.522			Carbonyl compounds	0.522	Organic compounds; Organohalogen compounds; Organonitrogen compounds; Organooxygen compounds; Carbonyl compounds; Organic oxides; Hydrocarbon derivatives; Organic oxygen compounds; Organic nitrogen compounds; Chemical entities	158.003	28	0.473	836961155516654783	836961002202255507	836961002198061202	52	
1	C5H12O6S4	[M + Na]+	C5H12NaO6S4+	Fatty acids	0.974	Fatty acyls	0.656	Fatty alcohols	0.511	Organic oxygen compounds	0.999	Organooxygen compounds	0.763					Organooxygen compounds	0.763	Organic compounds; Organosulfur compounds; Organic acids and derivatives; Organooxygen compounds; Organic oxides; Hydrocarbon derivatives; Organic oxygen compounds; Chemical entities	318.944	29	0.476	836961162554697324	836960999882805231	836960999878610926	11	
1	C5H8ClN2O3	[M + Na]+	C5H8ClN2NaO3+	Fatty acids	0.726	Small peptides	0.570	Halogenated fatty acids	0.901	Organic acids and derivatives	0.989	Carboxylic acids and derivatives	0.958	Carboxylic acid derivatives	0.598			Carboxylic acid derivatives	0.598	Organic compounds; Organic acids and derivatives; Carboxylic acids and derivatives; Organohalogen compounds; Organonitrogen compounds; Organooxygen compounds; Alkyl chlorides; Carboxylic acid derivatives; Monocarboxylic acids and derivatives; Carboxylic acids; Organochlorides; Carbonyl compounds; Alkyl halides; Organic oxides; Hydrocarbon derivatives; Organopnictogen compounds; Organic oxygen compounds; Organic nitrogen compounds; Chemical entities	202.012	29	0.476	836961144594686590	836960999668895715	836960999668895714	8	
1	C4H11F2N3OS2	[M + H]+	C4H12F2N3OS2+	Amino acids and Peptides	0.173	Small peptides	0.086	Polyamines	0.077	Organosulfur compounds	0.940	Sulfenyl compounds	0.718					Sulfenyl compounds	0.718	Organic compounds; Organosulfur compounds; Organic acids and derivatives; Organohalogen compounds; Organonitrogen compounds; Alkyl fluorides; Organofluorides; Alkyl halides; Sulfenyl compounds; Organic oxides; Hydrocarbon derivatives; Organopnictogen compounds; Organic oxygen compounds; Organic nitrogen compounds; Chemical entities	220.039	29	0.478	836961145219637930	836960999589203935	836960999585009630	7	
1	C4H7Br2ClNO2P	[M + K]+	C4H7Br2ClKNO2P+	Alkaloids	0.247	Fatty Acids and Conjugates	0.039	Halogenated fatty acids	0.456	Organohalogen compounds	0.995	Alkyl halides	0.734	Alkyl bromides	0.813			Alkyl bromides	0.813	Organic compounds; Organohalogen compounds; Organonitrogen compounds; Organophosphorus compounds; Alkyl bromides; Organobromides; Organochlorides; Alkyl halides; Organic oxides; Hydrocarbon derivatives; Organopnictogen compounds; Organic oxygen compounds; Organic nitrogen compounds; Chemical entities	363.790	29	0.481	836961158897264005	836961000012828663	836961000012828662	13	
1	C3H4I3NO4	[M - H2O + H]+	C3H3I3NO3+	Fatty acids	0.991	Fatty Acids and Conjugates	0.992	Halogenated fatty acids	0.996	Lipids and lipid-like molecules	0.374	Fatty Acyls	0.445	Fatty acids and conjugates	0.532	Halogenated fatty acids	0.529	Halogenated fatty acids	0.529	Organic compounds; Fatty acids and conjugates; Organic acids and derivatives; Carboxylic acids and derivatives; Organohalogen compounds; Organooxygen compounds; Halogenated fatty acids; Monocarboxylic acids and derivatives; Carboxylic acids; Organoiodides; Carbonyl compounds; Alpha-halocarboxylic acids; Organic oxides; Hydrocarbon derivatives; Organic oxygen compounds; Chemical entities	481.726	29	0.484	836961139695739482	836961000155435007	836961000155435006	15	
1	C3H2O3S	[M + Na]+	C3H2NaO3S+	Fatty acids	0.755	Tropolones	0.706	Oxygenated hydrocarbons	0.420	Organic acids and derivatives	0.568	Carboxylic acids and derivatives	0.540					Carboxylic acids and derivatives	0.540	Organic compounds; Organoheterocyclic compounds; Organic acids and derivatives; Carboxylic acids and derivatives; Organooxygen compounds; Carbonyl compounds; Organic oxides; Oxacyclic compounds; Hydrocarbon derivatives; Organic oxygen compounds; Chemical entities	140.962	29	0.485	836961171396290947	836961000222543875	836961000218349570	16	
1	CHN2O3P	[M + Na]+	CHN2NaO3P+	Alkaloids	0.942	Pseudoalkaloids (transamidation)	0.451	Purine alkaloids	0.517	Organoheterocyclic compounds	0.842	Heteroaromatic compounds	0.757					Heteroaromatic compounds	0.757	Organic compounds; Organoheterocyclic compounds; Organonitrogen compounds; Organooxygen compounds; Organic oxides; Azacyclic compounds; Heteroaromatic compounds; Hydrocarbon derivatives; Organopnictogen compounds; Organic oxygen compounds; Organic nitrogen compounds; Chemical entities	142.962	29	0.486	836961145706177234	836961000419676175	836961000415481870	19	
1	C3HClFNO	[M + Na]+	C3HClFNNaO+	Fatty acids	0.681	Nicotinic acid alkaloids	0.353	Halogenated fatty acids	0.901	Organohalogen compounds	0.997	Aryl halides	0.882	Aryl fluorides	0.876			Aryl fluorides	0.876	Organic compounds; Organohalogen compounds; Organonitrogen compounds; Aryl fluorides; Organochlorides; Organofluorides; Aryl halides; Organic oxides; Hydrocarbon derivatives; Organic oxygen compounds; Organic nitrogen compounds; Chemical entities	143.963	29	0.488	836961163234174633	836961000595836955	836961000595836954	22	
1	C3H5FeNO3	[M + H]+	C3H6FeNO3+	Fatty acids	0.682	Fatty Acids and Conjugates	0.472	Halogenated fatty acids	0.949	Organic acids and derivatives	0.730	Carboxylic acids and derivatives	0.638					Carboxylic acids and derivatives	0.638	Organic compounds; Organic acids and derivatives; Carboxylic acids and derivatives; Organonitrogen compounds; Organooxygen compounds; Carbonyl compounds; Organic oxides; Hydrocarbon derivatives; Organopnictogen compounds; Organic oxygen compounds; Organic nitrogen compounds; Chemical entities	157.974	29	0.488	836961154493244566	836961000763609127	836961000763609126	25	
1	C2O6	[M + Na]+	C2NaO6+	Fatty acids	0.384	Fatty Acids and Conjugates	0.585	Dicarboxylic acids	0.323	Organic acids and derivatives	0.946	Carboxylic acids and derivatives	0.919	Carboxylic acids	0.840			Carboxylic acids	0.840	Organic compounds; Organic acids and derivatives; Carboxylic acids and derivatives; Organooxygen compounds; Carboxylic acids; Carbonyl compounds; Organic oxides; Hydrocarbon derivatives; Organic oxygen compounds; Chemical entities	142.959	29	0.489	836961149141312324	836961000478396435	836961000474202130	20	
1	C3H3FeNO2	[M + H]+	C3H4FeNO2+	Alkaloids	0.431	Nicotinic acid alkaloids	0.449	Halogenated fatty acids	0.715	Organic nitrogen compounds	0.974	Organonitrogen compounds	0.949					Organonitrogen compounds	0.949	Organic compounds; Organohalogen compounds; Organonitrogen compounds; Organooxygen compounds; Organic oxides; Hydrocarbon derivatives; Organopnictogen compounds; Organic oxygen compounds; Organic nitrogen compounds; Chemical entities	139.964	29	0.489	836961155122390183	836961000541310999	836961000541310998	21	
1	C5H6FeN2O2	[M + H]+	C5H7FeN2O2+	Alkaloids	0.834	Nicotinic acid alkaloids	0.887	Pyridine alkaloids	0.887	Organoheterocyclic compounds	0.938	Heteroaromatic compounds	0.914					Heteroaromatic compounds	0.914	Organic compounds; Organoheterocyclic compounds; Organic acids and derivatives; Organohalogen compounds; Organonitrogen compounds; Organooxygen compounds; Organic oxides; Azacyclic compounds; Heteroaromatic compounds; Hydrocarbon derivatives; Organopnictogen compounds; Organic oxygen compounds; Organic nitrogen compounds; Chemical entities	180.990	29	0.489	836961149598491496	836961000654557215	836961000654557214	23	
1	C4H3NO2S2	[M - H2O + H]+	C4H2NOS2+	Amino acids and Peptides	0.796	β-lactams	0.186	Cephalosporins	0.074	Organoheterocyclic compounds	0.973	Azoles	0.596	Thiazoles	0.588			Thiazoles	0.588	Organic compounds; Organoheterocyclic compounds; Organosulfur compounds; Thiazoles; Organic acids and derivatives; Carboxylic acids and derivatives; Organonitrogen compounds; Organooxygen compounds; Azoles; Monocarboxylic acids and derivatives; Carboxylic acids; Organic oxides; Azacyclic compounds; Heteroaromatic compounds; Hydrocarbon derivatives; Organopnictogen compounds; Organic oxygen compounds; Organic nitrogen compounds; Chemical entities	143.958	29	0.489	836961163196425884	836961000285458439	836961000285458438	17	
1	C4HNOS2	[M + H]+	C4H2NOS2+	Fatty acids	0.198	Fatty acyls	0.090	Oxygenated hydrocarbons	0.106	Organoheterocyclic compounds	0.940	Heteroaromatic compounds	0.767					Heteroaromatic compounds	0.767	Organic compounds; Organoheterocyclic compounds; Organonitrogen compounds; Organooxygen compounds; Carbonyl compounds; Organic oxides; Azacyclic compounds; Heteroaromatic compounds; Hydrocarbon derivatives; Organic oxygen compounds; Organic nitrogen compounds; Chemical entities	143.957	29	0.490	836961150433158027	836961000348373003	836961000348373002	18	
1	C2H3AsO6	[M + K]+	C2H3AsKO6+	Fatty acids	0.661	Fatty Acids and Conjugates	0.786	Halogenated fatty acids	0.819	Organometallic compounds	0.962	Organometalloid compounds	0.962	Organoarsenic compounds	0.986	Pentavalent organic arsenic compounds	0.798	Pentaorganoarsanes	0.798	Organic compounds; Organic acids and derivatives; Carboxylic acids and derivatives; Organooxygen compounds; Organoarsenic compounds; Organometallic compounds; Carboxylic acids; Organometalloid compounds; Carbonyl compounds; Organic salts; Organic oxides; Organic metalloid salts; Organic metal salts; Pentavalent organic arsenic compounds; Hydrocarbon derivatives; Pentaorganoarsanes; Oxygen-containing organoarsenic compounds; Organic oxygen compounds; Chemical entities	236.878	29	0.490	836961163804600022	836961000709083171	836961000704888866	24	
1	C3H2Cl3O4	[M + K]+	C3H2Cl3KO4+	Polyketides	0.589	Phenolic acids (C6-C1)	0.458	Halogenated fatty acids	0.648	Organohalogen compounds	0.997	Vinyl halides	0.732	Vinylogous halides	0.605			Vinylogous halides	0.605	Organic compounds; Organic acids and derivatives; Carboxylic acids and derivatives; Organohalogen compounds; Organooxygen compounds; Organochlorides; Vinyl halides; Vinylogous halides; Organic oxides; Hydrocarbon derivatives; Organic oxygen compounds; Chemical entities	245.865	29	0.491	836961171006220629	836961000818135083	836961000813940778	26	
1	C5H6AsNO7	[M + K]+	C5H6AsKNO7+	Fatty acids	0.297	Fatty Acids and Conjugates	0.219	Halogenated fatty acids	0.468	Organometallic compounds	0.992	Organometalloid compounds	0.992	Organoarsenic compounds	0.999	Pentavalent organic arsenic compounds	0.967	Pentaorganoarsanes	0.967	Organic compounds; Organic acids and derivatives; Carboxylic acids and derivatives; Organooxygen compounds; Organoarsenic compounds; Organometallic compounds; Carboxylic acids; Organometalloid compounds; Carbonyl compounds; Organic salts; Organic oxides; Arsine oxides; Organic metalloid salts; Organic metal salts; Pentavalent organic arsenic compounds; Hydrocarbon derivatives; Pentaorganoarsanes; Oxygen-containing organoarsenic compounds; Organic oxygen compounds; Alkylarsine oxides; Chemical entities	305.899	29	0.491	836961163183842959	836961000881049647	836961000881049646	27	
1	C3H5AsF2O6	[M + K]+	C3H5AsF2KO6+	Fatty acids	0.502	Fatty Acids and Conjugates	0.446	Halogenated fatty acids	0.835	Organometallic compounds	0.958	Organometalloid compounds	0.958	Organoarsenic compounds	0.994	Pentavalent organic arsenic compounds	0.884	Pentaorganoarsanes	0.884	Organic compounds; Organic acids and derivatives; Organooxygen compounds; Organoarsenic compounds; Organometallic compounds; Organometalloid compounds; Organic salts; Organic oxides; Arsine oxides; Organic metalloid salts; Organic metal salts; Pentavalent organic arsenic compounds; Hydrocarbon derivatives; Pentaorganoarsanes; Oxygen-containing organoarsenic compounds; Organic oxygen compounds; Alkylarsine oxides; Chemical entities	288.891	30	0.492	836961163716519626	836961002063843463	836961002063843462	49	
1	C3H7NO4PS3	[M + K]+	C3H7KNO4PS3+	Amino acids and Peptides	0.843	Small peptides	0.348	Aminoacids	0.360	Organic acids and derivatives	0.940	Organic thiosulfuric acids and derivatives	0.515	S-alkyl thiosulfates	0.515			S-alkyl thiosulfates	0.515	Organic compounds; Organosulfur compounds; Organic acids and derivatives; Organonitrogen compounds; Organic thiosulfuric acids and derivatives; Sulfenyl compounds; S-alkyl thiosulfates; Organic oxides; Hydrocarbon derivatives; Organopnictogen compounds; Organic oxygen compounds; Organic nitrogen compounds; Chemical entities	286.892	30	0.492	836961165872392060	836961000960741427	836961000960741426	28	
1	C4H6O3P2S3	[M + Na]+	C4H6NaO3P2S3+	Fatty acids	0.286	Monoterpenoids	0.559	Oxygenated hydrocarbons	0.397	Organoheterocyclic compounds	0.659							Organoheterocyclic compounds	0.659	Organic compounds; Organoheterocyclic compounds; Organosulfur compounds; Organooxygen compounds; Hydrocarbon derivatives; Organic oxygen compounds; Chemical entities	282.884	30	0.492	836961167826937972	836961001015267383	836961001015267382	29	
1	C5H5BrO3S	[M + K]+	C5H5BrKO3S+	Fatty acids	0.870	Fatty Acids and Conjugates	0.776	Halogenated fatty acids	0.876	Organic acids and derivatives	0.797	Carboxylic acids and derivatives	0.808					Carboxylic acids and derivatives	0.808	Organic compounds; Organoheterocyclic compounds; Organic acids and derivatives; Carboxylic acids and derivatives; Organohalogen compounds; Organooxygen compounds; Organobromides; Carbonyl compounds; Vinyl bromides; Vinyl halides; Bromoalkenes; Organic oxides; Hydrocarbon derivatives; Organic oxygen compounds; Chemical entities	262.878	30	0.492	836961161590007292	836961001082376251	836961001078181946	30	
1	C5H4AsNO6	[M + K]+	C5H4AsKNO6+	Fatty acids	0.254	Fatty Acids and Conjugates	0.199	Halogenated fatty acids	0.461	Organometallic compounds	0.993	Organometalloid compounds	0.993	Organoarsenic compounds	0.998	Pentavalent organic arsenic compounds	0.891	Pentaorganoarsanes	0.891	Organic compounds; Organic acids and derivatives; Organooxygen compounds; Organoarsenic compounds; Organometallic compounds; Organometalloid compounds; Organic salts; Organic oxides; Arsine oxides; Organic metalloid salts; Organic metal salts; Pentavalent organic arsenic compounds; Hydrocarbon derivatives; Pentaorganoarsanes; Oxygen-containing organoarsenic compounds; Organic oxygen compounds; Alkylarsine oxides; Chemical entities	287.889	30	0.493	836961166849665037	836961001191428163	836961001191428162	32	
1	C2H4MgO6P2	[M + Na]+	C2H4MgNaO6P2+	Fatty acids	0.449	Fatty Acids and Conjugates	0.526	Halogenated fatty acids	0.844	Organic acids and derivatives	0.980	Carboxylic acids and derivatives	0.648					Carboxylic acids and derivatives	0.648	Organic compounds; Organic acids and derivatives; Carboxylic acids and derivatives; Organooxygen compounds; Organophosphorus compounds; Carbonyl compounds; Organic salts; Organic oxides; Hydrocarbon derivatives; Organic oxygen compounds; Chemical entities	232.923	30	0.493	836961170741979462	836961001245954119	836961001245954118	33	
1	C4H4AsNO5	[M + K]+	C4H4AsKNO5+	Fatty acids	0.404	Fatty Acids and Conjugates	0.339	Halogenated fatty acids	0.574	Organometallic compounds	0.994	Organometalloid compounds	0.994	Organoarsenic compounds	0.998	Pentavalent organic arsenic compounds	0.858	Pentaorganoarsanes	0.858	Organic compounds; Organic acids and derivatives; Carboxylic acids and derivatives; Organooxygen compounds; Organoarsenic compounds; Organometallic compounds; Carboxylic acids; Organometalloid compounds; Organic salts; Organic oxides; Arsine oxides; Organic metalloid salts; Organic metal salts; Pentavalent organic arsenic compounds; Hydrocarbon derivatives; Pentaorganoarsanes; Oxygen-containing organoarsenic compounds; Organic oxygen compounds; Alkylarsine oxides; Chemical entities	259.894	30	0.493	836961151674672083	836961001396949075	836961001396949074	36	
1	C2H2FeO5P2	[M + Na]+	C2H2FeNaO5P2+	Fatty acids	0.111	Fatty Acids and Conjugates	0.033	Halogenated fatty acids	0.305	Organic acids and derivatives	0.893	Organic phosphonic acids and derivatives	0.846	Organic phosphonic acids	0.752			Organic phosphonic acids	0.752	Organic compounds; Organic acids and derivatives; Organooxygen compounds; Organophosphorus compounds; Organic phosphonic acids and derivatives; Organic phosphonic acids; Organic oxides; Hydrocarbon derivatives; Organic oxygen compounds; Chemical entities	244.867	30	0.493	836961165977249695	836961001300480075	836961001296285770	34	
1	C4H8AsFN2O7	[M + K]+	C4H8AsFKN2O7+	Carbohydrates	0.501	Fatty Acids and Conjugates	0.131	Halogenated fatty acids	0.709	Organometallic compounds	0.904	Organometalloid compounds	0.904	Organoarsenic compounds	0.991	Pentavalent organic arsenic compounds	0.831	Pentaorganoarsanes	0.831	Organic compounds; Organooxygen compounds; Organoarsenic compounds; Organometallic compounds; Organometalloid compounds; Organofluorides; Organic salts; Organic oxides; Arsine oxides; Organic metalloid salts; Organic metal salts; Pentavalent organic arsenic compounds; Hydrocarbon derivatives; Pentaorganoarsanes; Oxygen-containing organoarsenic compounds; Organopnictogen compounds; Organic oxygen compounds; Alkylarsine oxides; Organic nitrogen compounds; Chemical entities	328.915	30	0.493	836961337096479496	836961001451475031	836961001451475030	37	
1	C3O2S4	[M + Na]+	C3NaO2S4+	Shikimates and Phenylpropanoids	0.364	Tropolones	0.938	Tropolones and derivatives (Shikimate)	0.735	Organoheterocyclic compounds	0.949	Dithioles	0.807	1,2-dithioles	0.748	1,2-dithiole-3-ones	0.735	1,2-dithiole-3-ones	0.735	Organic compounds; Organoheterocyclic compounds; Organooxygen compounds; Dithioles; 1,2-dithiole-3-ones; 1,2-dithioles; Organic oxides; Oxacyclic compounds; Heteroaromatic compounds; Hydrocarbon derivatives; Organic oxygen compounds; Chemical entities	218.868	30	0.494	836961186256711394	836961001501806683	836961001501806682	38	
1	C3H5NO6S3	[M + K]+	C3H5KNO6S3+	Fatty acids	0.610	Fatty Acids and Conjugates	0.726	Halogenated fatty acids	0.160	Organic acids and derivatives	0.997	Carboxylic acids and derivatives	0.889	Carboxylic acids	0.839			Carboxylic acids	0.839	Organic compounds; Organosulfur compounds; Organic acids and derivatives; Carboxylic acids and derivatives; Organooxygen compounds; Monocarboxylic acids and derivatives; Carboxylic acids; Carbonyl compounds; Organic oxides; Hydrocarbon derivatives; Organic oxygen compounds; Organic nitrogen compounds; Chemical entities	285.894	30	0.494	836961319610425139	836961001606664291	836961001606664290	40	
1	C3H3AsO7	[M + K]+	C3H3AsKO7+	Fatty acids	0.165	Fatty Acids and Conjugates	0.220	Halogenated fatty acids	0.330	Organometallic compounds	0.963	Organometalloid compounds	0.963	Organoarsenic compounds	0.985	Pentavalent organic arsenic compounds	0.767	Pentaorganoarsanes	0.767	Organic compounds; Organic acids and derivatives; Carboxylic acids and derivatives; Organooxygen compounds; Organoarsenic compounds; Organometallic compounds; Organometalloid compounds; Organic salts; Organic oxides; Organic metalloid salts; Organic metal salts; Pentavalent organic arsenic compounds; Hydrocarbon derivatives; Pentaorganoarsanes; Oxygen-containing organoarsenic compounds; Organic oxygen compounds; Chemical entities	264.873	30	0.494	836961332960895530	836961001556332639	836961001556332638	39	
1	C4H3MgNO7S	[M + Na]+	C4H3MgNNaO7S+	Amino acids and Peptides	0.117	Fatty Acids and Conjugates	0.065	Halogenated fatty acids	0.137	Organic 1,3-dipolar compounds	0.902	Allyl-type 1,3-dipolar organic compounds	0.911	Organic nitro compounds	0.907	C-nitro compounds	0.886	Nitroaromatic compounds	0.680	Organic compounds; Organosulfur compounds; Organic acids and derivatives; Carboxylic acids and derivatives; Organohalogen compounds; Organosulfonic acids and derivatives; Organonitrogen compounds; Organooxygen compounds; Organic nitro compounds; Sulfonyls; Carboxylic acids; Organic oxoazanium compounds; Organic 1,3-dipolar compounds; Allyl-type 1,3-dipolar organic compounds; Propargyl-type 1,3-dipolar organic compounds; Organic salts; Organic oxides; C-nitro compounds; Hydrocarbon derivatives; Organic sulfonic acids and derivatives; Organic oxygen compounds; Nitroaromatic compounds; Organic nitrogen compounds; Chemical entities	255.939	30	0.494	836961296894073479	836961001669578855	836961001669578854	41	
1	C8H18N2	[M + H]+	C8H19N2+	Alkaloids	0.964	Ornithine alkaloids	0.942	Polyamines	0.956	Organic nitrogen compounds	1.000	Organonitrogen compounds	1.000	Amines	0.936	Tertiary amines	0.475	Trialkylamines	0.532	Organic compounds; Organoheterocyclic compounds; Organonitrogen compounds; Trialkylamines; Amines; Azacyclic compounds; Hydrocarbon derivatives; Organopnictogen compounds; Organic nitrogen compounds; Chemical entities	143.154	30	0.497	836961139473441363	836961001912848507	836961001912848506	46	
1	CH4O4S4	[M + Na]+	CH4NaO4S4+	Fatty acids	0.709	Fatty acyls	0.425	Fatty alcohols	0.038	Organosulfur compounds	0.858							Organosulfur compounds	0.858	Organic compounds; Organosulfur compounds; Organic acids and derivatives; Organic oxides; Hydrocarbon derivatives; Organic oxygen compounds; Chemical entities	230.890	30	0.497	836961174072257230	836961001816379507	836961001816379506	44	
1	C6H6Br2Cl2O3	[M - H2O + H]+	C6H5Br2Cl2O2+	Polyketides	0.767	Aromatic polyketides	0.406	Simple phenolic acids	0.348	Benzenoids	0.804	Benzene and substituted derivatives	0.763	Benzoic acids and derivatives	0.477	Halobenzoic acids and derivatives	0.562	Halobenzoic acids and derivatives	0.562	Organic compounds; Halobenzenes; Organic acids and derivatives; Carboxylic acids and derivatives; Organohalogen compounds; Benzoyl derivatives; Organooxygen compounds; Aryl bromides; Aryl chlorides; Bromobenzenes; Chlorobenzenes; Carboxylic acids; Organobromides; Organochlorides; Benzene and substituted derivatives; Halophenols; Benzenoids; Aryl halides; Vinyl halides; Halobenzoic acids and derivatives; Vinylogous halides; Organic oxides; Hydrocarbon derivatives; Organic oxygen compounds; Chemical entities	336.803	30	0.499	836961172541336053	836961001958985855	836961001958985854	47	
1	C8H11ClFNO	[M + Na]+	C8H11ClFNNaO+	Alkaloids	0.489	Small peptides	0.124	Halogenated fatty acids	0.435	Benzenoids	0.150	Benzene and substituted derivatives	0.329	Halobenzenes	0.605			Halobenzenes	0.605	Organic compounds; Halobenzenes; Organohalogen compounds; Organonitrogen compounds; Organooxygen compounds; Aryl chlorides; Aryl fluorides; Organochlorides; Organofluorides; Aryl halides; Alkyl halides; Organic oxides; Hydrocarbon derivatives; Organopnictogen compounds; Organic oxygen compounds; Organic nitrogen compounds; Chemical entities	214.040	30	0.500	836961144988951186	836960999807307755	836960999807307754	10	
1	C7H13N	[M + H3N + H]+	C7H17N2+	Alkaloids	0.952	Ornithine alkaloids	0.451	Acetate-derived alkaloids	0.607	Organic nitrogen compounds	1.000	Organonitrogen compounds	1.000	Amines	0.949	Tertiary amines	0.540	Trialkylamines	0.594	Organic compounds; Organoheterocyclic compounds; Organonitrogen compounds; Trialkylamines; Amines; Tertiary amines; Azacyclic compounds; Hydrocarbon derivatives; Organopnictogen compounds; Organic nitrogen compounds; Chemical entities	129.139	30	0.501	836961337335554905	836961002109980811	836961002109980810	50	
1	C6H11NO2	[M + H3N + H]+	C6H15N2O2+	Amino acids and Peptides	0.993	Small peptides	0.997	Aminoacids	0.998	Organic acids and derivatives	0.999	Carboxylic acids and derivatives	0.999	Amino acids, peptides, and analogues	0.987	Amino acids and derivatives	0.986	Alpha amino acids	0.597	Organic compounds; Organoheterocyclic compounds; Amino acids, peptides, and analogues; Alpha amino acids and derivatives; Pyrrolidines; Organic acids and derivatives; Carboxylic acids and derivatives; Organonitrogen compounds; Organooxygen compounds; Amino acids and derivatives; Monocarboxylic acids and derivatives; Carboxylic acids; Carbonyl compounds; Pyrrolidine carboxylic acids and derivatives; Alpha amino acids; Pyrrolidine carboxylic acids; Amines; Organic oxides; Azacyclic compounds; Hydrocarbon derivatives; Amino acids; Organopnictogen compounds; Organic oxygen compounds; Organic nitrogen compounds; Chemical entities	147.113	30	0.504	836961156011582689	836961002156118159	836961002156118158	51	
1	C8H12	[M + H3N + H]+	C8H16N+	Fatty acids	0.703	Fatty acyls	0.724	Hydrocarbons	0.165	Hydrocarbons	0.980	Unsaturated hydrocarbons	0.855	Unsaturated aliphatic hydrocarbons	0.881			Unsaturated aliphatic hydrocarbons	0.881	Organic compounds; Hydrocarbons; Unsaturated hydrocarbons; Unsaturated aliphatic hydrocarbons; Chemical entities	126.128	31	0.510	836961301004491632	836961002248392855	836961002248392854	53	
1	C12H24I3N5O6	[M + H]+	C12H25I3N5O6+	Amino acids and Peptides	0.883	Small peptides	0.896	Tripeptides	0.473	Organic acids and derivatives	0.990	Carboxylic acids and derivatives	0.982	Amino acids, peptides, and analogues	0.936	Amino acids and derivatives	0.932	N-acyl-alpha amino acids and derivatives	0.505	Organic compounds; Lipids and lipid-like molecules; Amino acids, peptides, and analogues; Alpha amino acids and derivatives; Fatty acids and conjugates; Organic acids and derivatives; Carboxylic acids and derivatives; Organohalogen compounds; Organonitrogen compounds; Organooxygen compounds; Amino acids and derivatives; Monoalkylamines; Monocarboxylic acids and derivatives; N-acyl-alpha amino acids and derivatives; Carboxylic acids; Organoiodides; Carbonyl compounds; Alpha amino acids; Amines; Primary amines; Fatty Acyls; Organic oxides; Hydrocarbon derivatives; Amino acids; Organopnictogen compounds; Organic oxygen compounds; Organic nitrogen compounds; Chemical entities	715.895	31	0.511	836961304825502750	836961002298724507	836961002298724506	54	
1	C5H9Cl2O2	[M + H3N + H]+	C5H13Cl2NO2+	Fatty acids	0.895	Fatty Acids and Conjugates	0.860	Halogenated fatty acids	0.973	Organohalogen compounds	0.996	Vinyl halides	0.510					Vinyl halides	0.510	Organic compounds; Organohalogen compounds; Organooxygen compounds; Organochlorides; Carbonyl compounds; Vinyl halides; Organic oxides; Hydrocarbon derivatives; Organic oxygen compounds; Chemical entities	189.032	31	0.516	836961324433875012	836961002361639071	836961002357444766	55	
1	C7H16N2	[M + H3N + H]+	C7H20N3+	Alkaloids	0.999	Ornithine alkaloids	1.000	Polyamines	1.000	Organic nitrogen compounds	1.000	Organonitrogen compounds	1.000	Amines	0.997	Secondary amines	0.833	Dialkylamines	0.838	Organic compounds; Organonitrogen compounds; Monoalkylamines; Dialkylamines; Amines; Primary amines; Secondary amines; Hydrocarbon derivatives; Organopnictogen compounds; Organic nitrogen compounds; Chemical entities	146.165	31	0.519	836961332784734728	836961002403582115	836961002403582114	56	
1	C17H17Br2F6N3O6	[M + K]+	C17H17Br2F6KN3O6+	Alkaloids	0.514	Ornithine alkaloids	0.790	Polyamines	0.364	Benzenoids	0.986	Phenol ethers	0.839					Phenol ethers	0.839	Organic compounds; Halobenzenes; Alkyl aryl ethers; Ethers; Organic acids and derivatives; Carboxylic acids and derivatives; Organohalogen compounds; Organonitrogen compounds; Organooxygen compounds; Carboxylic acid amides; Alkyl fluorides; Aryl bromides; Aryl fluorides; Carboxylic acid derivatives; Bromobenzenes; Fluorobenzenes; Organobromides; Organofluorides; Secondary carboxylic acid amides; Carbonyl compounds; Benzene and substituted derivatives; Phenol ethers; Benzenoids; Amines; Aryl halides; Alkyl halides; Organic 1,3-dipolar compounds; Organic oxides; Hydrocarbon derivatives; Organopnictogen compounds; Organic oxygen compounds; Organic nitrogen compounds; Phenoxy compounds; Chemical entities	669.904	31	0.522	836961381644182912	836961002449719463	836961002449719462	57	
1	C23H14I2N2O6	[M + H]+	C23H15I2N2O6+	Amino acids and Peptides	0.163	Small peptides	0.152	Aminoacids	0.268	Organic acids and derivatives	0.992	Carboxylic acids and derivatives	0.987	Amino acids, peptides, and analogues	0.894	Amino acids and derivatives	0.894	Alpha amino acids	0.705	Organic compounds; Organoheterocyclic compounds; Amino acids, peptides, and analogues; Halobenzenes; Alpha amino acids and derivatives; Organic acids and derivatives; Carboxylic acids and derivatives; Organohalogen compounds; Organonitrogen compounds; Organooxygen compounds; Amino acids and derivatives; Aryl iodides; Iodobenzenes; Monocarboxylic acids and derivatives; Carboxylic acids; Organoiodides; Carbonyl compounds; Benzene and substituted derivatives; Alpha amino acids; Benzenoids; Amines; Aryl halides; Vinyl halides; Organic oxides; Hydrocarbon derivatives; Amino acids; Organopnictogen compounds; Organic oxygen compounds; Organic nitrogen compounds; Chemical entities	668.902	31	0.522	836961153474028570	836961002625880243	836961002625880242	60	
1	C13H9F6NO7	[M + H3N + H]+	C13H13F6N2O7+	Polyketides	0.278	Monoterpenoids	0.057	Halogenated fatty acids	0.115	Organic acids and derivatives	0.961	Carboxylic acids and derivatives	0.936	Dicarboxylic acids and derivatives	0.517			Dicarboxylic acids and derivatives	0.517	Organic compounds; Organic acids and derivatives; Carboxylic acids and derivatives; Organohalogen compounds; Organooxygen compounds; Dicarboxylic acids and derivatives; Alkyl fluorides; Carboxylic acid derivatives; Carboxylic acid esters; Organofluorides; Carbonyl compounds; Alkyl halides; Organic oxides; Hydrocarbon derivatives; Organic oxygen compounds; Chemical entities	423.063	31	0.522	836961156510704904	836961002571354287	836961002567159982	59	
1	C14H22I2N2O10	[M + K]+	C14H22I2KN2O10+	Amino acids and Peptides	0.638	Small peptides	0.615	Aminoacids	0.164	Organic acids and derivatives	0.999	Carboxylic acids and derivatives	0.998	Amino acids, peptides, and analogues	0.969	Amino acids and derivatives	0.968	N-acyl-alpha amino acids	0.519	Organic compounds; Amino acids, peptides, and analogues; Alpha amino acids and derivatives; Alcohols and polyols; Organic acids and derivatives; Carboxylic acids and derivatives; Organohalogen compounds; Organonitrogen compounds; Organooxygen compounds; Amino acids and derivatives; Carboxylic acid amides; Aryl iodides; Carboxylic acid derivatives; Iodobenzenes; N-acyl-alpha amino acids and derivatives; Carboxylic acids; Organoiodides; Secondary carboxylic acid amides; Carbonyl compounds; N-acyl-alpha amino acids; Alpha amino acids; Amines; Vinyl halides; Organic oxides; Hydrocarbon derivatives; Amino acids; Organopnictogen compounds; Organic oxygen compounds; Organic nitrogen compounds; Chemical entities	670.898	31	0.522	836961160214275500	836961002676211895	836961002672017590	61	
1	C8H18N2	[M + H3N + H]+	C8H22N3+	Alkaloids	0.998	Ornithine alkaloids	0.999	Polyamines	1.000	Organic nitrogen compounds	1.000	Organonitrogen compounds	1.000	Amines	0.989	Secondary amines	0.651	Dialkylamines	0.641	Organic compounds; Organonitrogen compounds; Monoalkylamines; Dialkylamines; Amines; Primary amines; Secondary amines; Hydrocarbon derivatives; Organopnictogen compounds; Organic nitrogen compounds; Chemical entities	160.181	32	0.526	836961332851843595	836961002772680895	836961002768486590	63	
1	C6H10NO10P2S	[M + Na]+	C6H10NNaO10P2S+	Amino acids and Peptides	0.748	β-lactams	0.161	Halogenated fatty acids	0.067	Organic acids and derivatives	0.996	Organic phosphoric acids and derivatives	0.910	Phosphate esters	0.882	Alkyl phosphates	0.752	Monoalkyl phosphates	0.512	Organic compounds; Organosulfur compounds; Organic acids and derivatives; Carboxylic acids and derivatives; Organonitrogen compounds; Organooxygen compounds; Organic phosphoric acids and derivatives; Phosphate esters; Carbonyl compounds; Alkyl phosphates; Monoalkyl phosphates; Organic oxides; Hydrocarbon derivatives; Organopnictogen compounds; Organic oxygen compounds; Organic nitrogen compounds; Chemical entities	372.939	32	0.527	836961170305771765	836961002823012547	836961002823012546	64	
1	C2H2N2O5P2S3	[M + Na]+	C2H2N2NaO5P2S3+	Alkaloids	0.627	Nicotinic acid alkaloids	0.260	Pyridine alkaloids	0.261	Organoheterocyclic compounds	0.545							Organoheterocyclic compounds	0.545	Organic compounds; Organoheterocyclic compounds; Organic acids and derivatives; Organonitrogen compounds; Organic oxides; Hydrocarbon derivatives; Organic oxygen compounds; Organic nitrogen compounds; Chemical entities	314.850	32	0.528	836961184692235823	836961002722349243	836961002722349242	62	
1	C4H14NO6P2	[M + Na]+	C4H14NNaO6P2+	Amino acids and Peptides	0.998	Small peptides	0.999	Aminoacids	0.997	Organic acids and derivatives	1.000	Carboxylic acids and derivatives	0.997	Amino acids, peptides, and analogues	0.989	Amino acids and derivatives	0.988	Alpha amino acids	0.763	Organic compounds; Amino acids, peptides, and analogues; Alpha amino acids and derivatives; Organic acids and derivatives; Carboxylic acids and derivatives; Organonitrogen compounds; Organooxygen compounds; Amino acids and derivatives; Organophosphorus compounds; Organic phosphonic acids and derivatives; Monoalkylamines; Monocarboxylic acids and derivatives; Carboxylic acids; Organic phosphonic acids; Carbonyl compounds; Alpha amino acids; Amines; Primary amines; Organic oxides; Hydrocarbon derivatives; Amino acids; Organopnictogen compounds; Organic oxygen compounds; Organic nitrogen compounds; Chemical entities	257.020	32	0.528	836961159710958997	836961002869149895	836961002869149894	65	
1	C5H14N2O3Si3	[M + K]+	C5H14KN2O3Si3+	Fatty acids	0.795	Fatty Acids and Conjugates	0.509	Halogenated fatty acids	0.770	Organometallic compounds	0.623	Organometalloid compounds	0.623					Organometalloid compounds	0.623	Organic compounds; Organic acids and derivatives; Organooxygen compounds; Organometallic compounds; Organometalloid compounds; Organic oxides; Hydrocarbon derivatives; Organic oxygen compounds; Chemical entities	272.994	32	0.529	836961160990221804	836961002915287243	836961002915287242	66	
1	C7H7O3P3S4	[M + Na]+	C7H7NaO3P3S4+	Terpenoids	0.038	Monoterpenoids	0.442	Oxygenated hydrocarbons	0.021	Organic acids and derivatives	0.649	Organic dithiophosphoric acids and derivatives	0.833	Dithiophosphate S-esters	0.592			Dithiophosphate S-esters	0.592	Organic compounds; Organoheterocyclic compounds; Organosulfur compounds; Organic acids and derivatives; Organooxygen compounds; Organophosphorus compounds; Organothiophosphorus compounds; Sulfenyl compounds; Organic dithiophosphoric acids and derivatives; Dithiophosphate S-esters; Hydrocarbon derivatives; Dithiophosphate O-esters; Organic oxygen compounds; Chemical entities	382.837	32	0.531	836961196012663264	836961002957230287	836961002957230286	67	
1	C8H16N2O	[M + H3N + H]+	C8H20N3O+	Alkaloids	0.606	Ornithine alkaloids	0.709	Polyamines	0.669	Organic acids and derivatives	0.938	Carboxylic acids and derivatives	0.919	Amino acids, peptides, and analogues	0.704	Amino acids and derivatives	0.701	Amino acids and derivatives	0.701	Organic compounds; Amino acids, peptides, and analogues; Organic acids and derivatives; Carboxylic acids and derivatives; Organonitrogen compounds; Organooxygen compounds; Amino acids and derivatives; Monoalkylamines; Carboxylic acid amides; Carboxylic acid derivatives; Secondary carboxylic acid amides; Carbonyl compounds; Amines; Primary amines; Organic oxides; Hydrocarbon derivatives; Organopnictogen compounds; Organic oxygen compounds; Organic nitrogen compounds; Chemical entities	174.160	32	0.533	836961140270359134	836961002999173331	836961002999173330	68	
1	CH5N2O6P3S2	[M + Na]+	CH5N2NaO6P3S2+	Amino acids and Peptides	0.550	Histidine alkaloids	0.191	Imidazole alkaloids	0.193	Organic nitrogen compounds	0.973	Organonitrogen compounds	0.771					Organonitrogen compounds	0.771	Organic compounds; Organic acids and derivatives; Organonitrogen compounds; Organic oxides; Hydrocarbon derivatives; Organopnictogen compounds; Organic oxygen compounds; Organic nitrogen compounds; Chemical entities	320.868	32	0.536	836961319010639584	836961003087253723	836961003087253722	70	
1	C20H16Cl6N2O8	[M + K]+	C20H16Cl6KN2O8+	Polyketides	0.331	Proline alkaloids	0.475	Pyrrole alkaloids	0.470	Benzenoids	0.883	Benzene and substituted derivatives	0.831	Halobenzenes	0.710	Chlorobenzenes	0.708	Dichlorobenzenes	0.811	Organic compounds; Organoheterocyclic compounds; Halobenzenes; Organic acids and derivatives; Carboxylic acids and derivatives; Organohalogen compounds; Organonitrogen compounds; Organooxygen compounds; Carboxylic acid amides; Aryl chlorides; Carboxylic acid derivatives; Chlorobenzenes; Organochlorides; Carbonyl compounds; Benzene and substituted derivatives; Benzenoids; Dichlorobenzenes; Aryl halides; Vinyl halides; Organic oxides; Hydrocarbon derivatives; Organopnictogen compounds; Organic oxygen compounds; Organic nitrogen compounds; Chemical entities	660.869	33	0.542	836961172537141736	836961003179528419	836961003179528418	72	
1	C13H13ClF2N6O3	[M + K]+	C13H13ClF2KN6O3+	Alkaloids	0.160	Nucleosides	0.207	Purine nucleosides	0.067	Organic oxygen compounds	1.000	Organooxygen compounds	0.988	Ethers	0.633	Alkyl aryl ethers	0.689	Alkyl aryl ethers	0.689	Organic compounds; Organoheterocyclic compounds; Halobenzenes; Triazoles; Alkyl aryl ethers; Ethers; Organic acids and derivatives; Organohalogen compounds; Organonitrogen compounds; Organooxygen compounds; Azoles; Alkyl fluorides; Aryl chlorides; Aryl fluorides; Chlorobenzenes; Fluorobenzenes; Organochlorides; Organofluorides; Benzene and substituted derivatives; Benzenoids; Aryl halides; Alkyl halides; Organic oxides; Azacyclic compounds; Heteroaromatic compounds; Hydrocarbon derivatives; Organopnictogen compounds; Organic oxygen compounds; Organic nitrogen compounds; Chemical entities	413.034	33	0.543	836961328477184261	836961003133391071	836961003133391070	71	
1	C9H18N2O	[M + H3N + H]+	C9H22N3O+	Alkaloids	0.901	Ornithine alkaloids	0.935	Polyamines	0.886	Organic acids and derivatives	0.991	Carboxylic acids and derivatives	0.983	Amino acids, peptides, and analogues	0.959	Amino acids and derivatives	0.957	Alpha amino acid amides	0.545	Organic compounds; Organoheterocyclic compounds; Amino acids, peptides, and analogues; Pyrrolidines; Organic acids and derivatives; Carboxylic acids and derivatives; Organonitrogen compounds; Organooxygen compounds; Amino acids and derivatives; Monoalkylamines; Carboxylic acid amides; Carboxylic acid derivatives; Tertiary carboxylic acid amides; Carbonyl compounds; Alpha amino acid amides; Amines; Primary amines; N-acylpyrrolidines; Organic oxides; Azacyclic compounds; Hydrocarbon derivatives; Organopnictogen compounds; Organic oxygen compounds; Organic nitrogen compounds; Chemical entities	188.176	33	0.553	836961322164756404	836961003267608811	836961003267608810	74	
1	C5H11NO2	[M + K]+	C5H11KNO2+	Amino acids and Peptides	0.997	Small peptides	0.997	Aminoacids	0.998	Organic acids and derivatives	0.998	Carboxylic acids and derivatives	0.996	Amino acids, peptides, and analogues	0.974	Amino acids and derivatives	0.974	Alpha amino acids	0.734	Organic compounds; Amino acids, peptides, and analogues; Alpha amino acids and derivatives; Organic acids and derivatives; Carboxylic acids and derivatives; Organonitrogen compounds; Organooxygen compounds; Amino acids and derivatives; Monocarboxylic acids and derivatives; Carboxylic acids; Carbonyl compounds; Alpha amino acids; Amines; Organic oxides; Hydrocarbon derivatives; Amino acids; Organopnictogen compounds; Organic oxygen compounds; Organic nitrogen compounds; Chemical entities	156.042	34	0.559	836961317089648245	836961003313746159	836961003309551854	75	
1	CH7NO3PS5	[M + Na]+	CH7NNaO3PS5+	Alkaloids	0.239	Pseudoalkaloids (transamidation)	0.034	Polyamines	0.039	Organic acids and derivatives	0.963	Organic dithiophosphoric acids and derivatives	0.631	Dithiophosphate O-esters	0.529			Dithiophosphate O-esters	0.529	Organic compounds; Organosulfur compounds; Organic acids and derivatives; Organophosphorus compounds; Organothiophosphorus compounds; Sulfenyl compounds; Organic dithiophosphoric acids and derivatives; Organic oxides; Hydrocarbon derivatives; Dithiophosphate O-esters; Organic oxygen compounds; Organic nitrogen compounds; Chemical entities	294.864	34	0.561	836961311385394449	836961003359883507	836961003355689202	76	
1	CH3Cl2N2O4P2	[M + K]+	CH3Cl2KN2O4P2+	Alkaloids	0.215	Histidine alkaloids	0.052	Halogenated fatty acids	0.124	Organic acids and derivatives	0.706	Organic phosphoric acids and derivatives	0.582					Organic phosphoric acids and derivatives	0.582	Organic compounds; Organic acids and derivatives; Organonitrogen compounds; Organic phosphoric acids and derivatives; Organoarsenic compounds; Organometallic compounds; Organometalloid compounds; Organochlorides; Organic salts; Organic oxides; Organic metalloid salts; Organic metal salts; Hydrocarbon derivatives; Oxygen-containing organoarsenic compounds; Organopnictogen compounds; Organic oxygen compounds; Organic nitrogen compounds; Chemical entities	277.860	34	0.562	836961191591866356	836961003456352507	836961003456352506	78	
1	C4H5AsClNO5	[M + K]+	C4H5AsClKNO5+	Fatty acids	0.419	Fatty Acids and Conjugates	0.306	Halogenated fatty acids	0.830	Organometallic compounds	0.973	Organometalloid compounds	0.973	Organoarsenic compounds	0.996	Pentavalent organic arsenic compounds	0.741	Pentaorganoarsanes	0.741	Organic compounds; Organic acids and derivatives; Organohalogen compounds; Organooxygen compounds; Organoarsenic compounds; Organometallic compounds; Organometalloid compounds; Organochlorides; Organic salts; Organic oxides; Organic metalloid salts; Organic metal salts; Pentavalent organic arsenic compounds; Hydrocarbon derivatives; Pentaorganoarsanes; Oxygen-containing organoarsenic compounds; Organopnictogen compounds; Organic oxygen compounds; Chemical entities	295.871	34	0.563	836961151448179641	836961003502489855	836961003502489854	79	
1	C2H9AsO9Si	[M + K]+	C2H9AsKO9Si+	Fatty acids	0.932	Fatty Acids and Conjugates	0.326	Halogenated fatty acids	0.415	Organometallic compounds	0.969	Organometalloid compounds	0.969	Organoarsenic compounds	0.998	Pentavalent organic arsenic compounds	0.979	Pentaorganoarsanes	0.979	Organic compounds; Organoarsenic compounds; Organometallic compounds; Organometalloid compounds; Organic salts; Organic oxides; Arsine oxides; Organic metalloid salts; Organic metal salts; Pentavalent organic arsenic compounds; Hydrocarbon derivatives; Pentaorganoarsanes; Oxygen-containing organoarsenic compounds; Organic oxygen compounds; Alkylarsine oxides; Chemical entities	318.887	34	0.563	836961183878540793	836961003628318983	836961003628318982	81	
1	C2HO3PS4	[M + Na]+	C2HNaO3PS4+	Shikimates and Phenylpropanoids	0.127	Tropolones	0.543	Oxygenated hydrocarbons	0.189	Organoheterocyclic compounds	0.641							Organoheterocyclic compounds	0.641	Organic compounds; Organoheterocyclic compounds; Organooxygen compounds; Hydrocarbon derivatives; Organic oxygen compounds; Chemical entities	254.844	34	0.563	836961331929096658	836961003586375939	836961003582181634	80	
1	C6H11N3O2	[M + H3N + H]+	C6H15N4O2+	Amino acids and Peptides	1.000	Small peptides	1.000	Aminoacids	1.000	Organic acids and derivatives	1.000	Carboxylic acids and derivatives	1.000	Amino acids, peptides, and analogues	0.999	Amino acids and derivatives	0.999	Alpha amino acids	0.934	Organic compounds; Lipids and lipid-like molecules; Amino acids, peptides, and analogues; Alpha amino acids and derivatives; Fatty acids and conjugates; Organic acids and derivatives; Carboxylic acids and derivatives; Organonitrogen compounds; Organooxygen compounds; Amino acids and derivatives; Guanidines; Monoalkylamines; Monocarboxylic acids and derivatives; Carboxylic acids; Carbonyl compounds; Alpha amino acids; Amines; Primary amines; Carboximidamides; Organic 1,3-dipolar compounds; Propargyl-type 1,3-dipolar organic compounds; Fatty Acyls; Organic oxides; Hydrocarbon derivatives; Amino acids; Organopnictogen compounds; Organic oxygen compounds; Organic nitrogen compounds; Chemical entities	175.119	34	0.563	836961174642682671	836961003674456331	836961003670262026	82	
1	C5H11NO2	[M + Na]+	C5H11NNaO2+	Amino acids and Peptides	0.902	Small peptides	0.949	Aminoacids	0.934	Organic acids and derivatives	0.982	Carboxylic acids and derivatives	0.975	Amino acids, peptides, and analogues	0.793	Amino acids and derivatives	0.791	Alpha amino acids and derivatives	0.606	Organic compounds; Amino acids, peptides, and analogues; Alpha amino acids and derivatives; Organic acids and derivatives; Carboxylic acids and derivatives; Organonitrogen compounds; Organooxygen compounds; Amino acids and derivatives; Quaternary ammonium salts; Monocarboxylic acids and derivatives; Carboxylic acids; Carbonyl compounds; Amines; Organic cations; Organic salts; Organic oxides; Hydrocarbon derivatives; Tetraalkylammonium salts; Organopnictogen compounds; Organic oxygen compounds; Organic nitrogen compounds; Chemical entities	140.068	34	0.565	836961156187743476	836961003716399375	836961003716399374	83	
1	C8H10O9S	[M + H]+	C8H11O9S+	Carbohydrates	0.851	Saccharides	0.534	Monosaccharides	0.321	Organic oxygen compounds	1.000	Organooxygen compounds	0.999	Carbohydrates and carbohydrate conjugates	0.834	Monosaccharides	0.697	Monosaccharides	0.697	Organic compounds; Organoheterocyclic compounds; Organosulfur compounds; Carbohydrates and carbohydrate conjugates; Alcohols and polyols; Organic acids and derivatives; Carboxylic acids and derivatives; Organooxygen compounds; Organic sulfuric acids and derivatives; Monosaccharides; Secondary alcohols; Carbonyl compounds; Oxanes; Polyols; Sulfenyl compounds; Organic oxides; Oxacyclic compounds; Hydrocarbon derivatives; Organic oxygen compounds; Chemical entities	283.011	35	0.579	836961175028558685	836961003758342419	836961003758342418	84	
1	C2H3Cl4OP2	[M + Na]+	C2H3Cl4NaOP2+	Fatty acids	0.411	Monoterpenoids	0.023	Halogenated fatty acids	0.323	Organohalogen compounds	0.974	Alkyl halides	0.844	Alkyl chlorides	0.837			Alkyl chlorides	0.837	Organic compounds; Organic acids and derivatives; Organohalogen compounds; Organooxygen compounds; Organophosphorus compounds; Alkyl chlorides; Organochlorides; Alkyl halides; Organic oxides; Hydrocarbon derivatives; Organic oxygen compounds; Chemical entities	267.831	35	0.582	836961182087572852	836961003804479767	836961003804479766	85	
1	C3H6Cl3NO2P3	[M + Na]+	C3H6Cl3NNaO2P3+	Alkaloids	0.273	Pseudoalkaloids (transamidation)	0.019	Halogenated fatty acids	0.014	Organic acids and derivatives	0.976	Organic phosphoric acids and derivatives	0.733	Organic phosphoramides	0.905	Organic phosphoric acid diamides	0.694	Phosphoric monoester diamides	0.684	Organic compounds; Organic acids and derivatives; Organohalogen compounds; Organonitrogen compounds; Organooxygen compounds; Organic phosphoric acids and derivatives; Alkyl chlorides; Organic phosphoramides; Organochlorides; Alkyl halides; Organic phosphoric acid diamides; Phosphoric monoester diamides; Organic oxides; Hydrocarbon derivatives; Organopnictogen compounds; Organic oxygen compounds; Organic nitrogen compounds; Chemical entities	308.858	35	0.585	836961164219836136	836961003892560159	836961003892560158	87	
1	CH7O6P3S2	[M + K]+	CH7KO6P3S2+	Fatty acids	0.295	Fatty acyls	0.043	Glycerophosphates	0.014	Organic acids and derivatives	0.977	Organic phosphonic acids and derivatives	0.568	Organic phosphonic acids	0.767			Organic phosphonic acids	0.767	Organic compounds; Organic acids and derivatives; Organophosphorus compounds; Organic phosphonic acids and derivatives; Organic phosphonic acids; Organic oxides; Hydrocarbon derivatives; Organic oxygen compounds; Chemical entities	310.855	35	0.585	836961215688145504	836961003846422811	836961003846422810	86	
1	C4H10N6O5	[M - H2O + H]+	C4H9N6O4+	Amino acids and Peptides	0.380	Small peptides	0.272	Aminoacids	0.150	Organic 1,3-dipolar compounds	0.599							Organic 1,3-dipolar compounds	0.599	Organic compounds; Organic acids and derivatives; Organonitrogen compounds; Organooxygen compounds; Carbonyl compounds; Organic 1,3-dipolar compounds; Organic oxides; Hydrocarbon derivatives; Organopnictogen compounds; Organic oxygen compounds; Organic nitrogen compounds; Chemical entities	205.068	35	0.586	836961170423212293	836961003938697507	836961003938697506	88	
1	C2H5Cl4O2P2	[M + Na]+	C2H5Cl4NaO2P2+	Fatty acids	0.530	Fatty Acids and Conjugates	0.040	Halogenated fatty acids	0.386	Organic acids and derivatives	0.859	Organic phosphonic acids and derivatives	0.616					Organic phosphonic acids and derivatives	0.616	Organic compounds; Organic acids and derivatives; Organohalogen compounds; Organooxygen compounds; Organophosphorus compounds; Organic phosphonic acids and derivatives; Alkyl chlorides; Organochlorides; Alkyl halides; Organic oxides; Hydrocarbon derivatives; Organic oxygen compounds; Chemical entities	285.842	35	0.587	836961178635660493	836961003980640551	836961003980640550	89	
1	C4H4NO3PS	[M + H3N + H]+	C4H8N2O3PS+	Alkaloids	0.392	Nicotinic acid alkaloids	0.466	Pyridine alkaloids	0.468	Organoheterocyclic compounds	0.705							Organoheterocyclic compounds	0.705	Organic compounds; Organoheterocyclic compounds; Organonitrogen compounds; Organic oxides; Hydrocarbon derivatives; Organic oxygen compounds; Organic nitrogen compounds; Chemical entities	194.998	36	0.596	836961163460667071	836961004068720943	836961004068720942	91	
1	C2H4Cl3O	[M + H]+	C2H5Cl3O+	Fatty acids	0.888	Fatty Acids and Conjugates	0.674	Halogenated fatty acids	0.972	Organohalogen compounds	1.000	Halohydrins	0.771	Chlorohydrins	0.830			Chlorohydrins	0.830	Organic compounds; Organohalogen compounds; Organooxygen compounds; Alkyl chlorides; Organochlorides; Halohydrins; Chlorohydrins; Alkyl halides; Hydrocarbon derivatives; Organic oxygen compounds; Chemical entities	149.940	36	0.601	836961152123462627	836961004303601987	836961004299407682	96	
1	C3H4Cl5O2P	[M + Na]+	C3H4Cl5NaO2P+	Fatty acids	0.709	Fatty Acids and Conjugates	0.049	Halogenated fatty acids	0.476	Organohalogen compounds	0.998	Alkyl halides	0.986	Alkyl chlorides	0.982			Alkyl chlorides	0.982	Organic compounds; Organic acids and derivatives; Organohalogen compounds; Organooxygen compounds; Organophosphorus compounds; Alkyl chlorides; Organochlorides; Alkyl halides; Organic oxides; Hydrocarbon derivatives; Organopnictogen compounds; Organic oxygen compounds; Chemical entities	300.826	36	0.603	836961197325480606	836961004341350727	836961004341350726	97	
1	C2H4NO2PS2	[M - H2O + H]+	C2H3NOPS2+	Alkaloids	0.143	Small peptides	0.054	Aminoacids	0.074	Organosulfur compounds	0.536	Sulfenyl compounds	0.556					Sulfenyl compounds	0.556	Organic compounds; Organosulfur compounds; Organic acids and derivatives; Organophosphorus compounds; Sulfenyl compounds; Hydrocarbon derivatives; Organic oxygen compounds; Organic nitrogen compounds; Chemical entities	151.937	36	0.604	836961165348104026	836961004383293771	836961004383293770	98	
1	C4H6Cl2O2S5	[M - H2O + H]+	C4H5Cl2OS5+	Fatty acids	0.778	Fatty acyls	0.453	Oxygenated hydrocarbons	0.505	Organoheterocyclic compounds	0.573							Organoheterocyclic compounds	0.573	Organic compounds; Organoheterocyclic compounds; Organosulfur compounds; Organic acids and derivatives; Organohalogen compounds; Sulfenyl compounds; Hydrocarbon derivatives; Chemical entities	298.829	36	0.605	836961329072775482	836961004471374163	836961004471374162	100	
1	C6H7NO3	[M + H3N + H]+	C6H11N2O3+	Amino acids and Peptides	0.648	Nicotinic acid alkaloids	0.148	Primary amides	0.148	Organoheterocyclic compounds	0.918	Lactams	0.595					Lactams	0.595	Organic compounds; Organoheterocyclic compounds; Lactams; Organic acids and derivatives; Carboxylic acids and derivatives; Organonitrogen compounds; Organooxygen compounds; Carbonyl compounds; Organic oxides; Azacyclic compounds; Hydrocarbon derivatives; Organopnictogen compounds; Organic oxygen compounds; Organic nitrogen compounds; Chemical entities	159.077	36	0.606	836961150961640346	836961004588814687	836961004588814686	103	
1	C6H10N2O3	[M + H3N + H]+	C6H14N3O3+	Amino acids and Peptides	0.998	Small peptides	0.999	Aminoacids	0.999	Organic acids and derivatives	1.000	Carboxylic acids and derivatives	0.999	Amino acids, peptides, and analogues	0.982	Amino acids and derivatives	0.982	Alpha amino acids	0.592	Organic compounds; Organoheterocyclic compounds; Amino acids, peptides, and analogues; Alpha amino acids and derivatives; Organic acids and derivatives; Carboxylic acids and derivatives; Organonitrogen compounds; Organooxygen compounds; Amino acids and derivatives; Organic carbonic acids and derivatives; Ureas; Monocarboxylic acids and derivatives; Carboxylic acids; Carbonyl compounds; Alpha amino acids; Organic oxides; Azacyclic compounds; Hydrocarbon derivatives; Amino acids; Organopnictogen compounds; Organic oxygen compounds; Organic nitrogen compounds; Chemical entities	176.103	36	0.607	836961145962029785	836961004551065947	836961004551065946	102	
1	C7H12O2	[M + H3N + H]+	C7H16NO2+	Fatty acids	0.998	Fatty Acids and Conjugates	0.833	Unsaturated fatty acids	0.634	Lipids and lipid-like molecules	0.634	Fatty Acyls	0.694	Fatty acids and conjugates	0.517			Fatty acids and conjugates	0.517	Organic compounds; Lipids and lipid-like molecules; Fatty acids and conjugates; Organic acids and derivatives; Carboxylic acids and derivatives; Organooxygen compounds; Monocarboxylic acids and derivatives; Carboxylic acids; Carbonyl compounds; Fatty Acyls; Organic oxides; Hydrocarbon derivatives; Organic oxygen compounds; Chemical entities	146.118	36	0.607	836961333183193663	836961004672700775	836961004668506470	105	
1	C2H4Cl4NO2S	[M + K]+	C2H4Cl4KNO2S+	Alkaloids	0.499	Ornithine alkaloids	0.029	Halogenated fatty acids	0.094	Organic acids and derivatives	0.981	Organic sulfuric acids and derivatives	0.849					Organic sulfuric acids and derivatives	0.849	Organic compounds; Organosulfur compounds; Organic acids and derivatives; Organohalogen compounds; Organonitrogen compounds; Organic sulfuric acids and derivatives; Alkyl chlorides; Organochlorides; Alkyl halides; Organic oxides; Hydrocarbon derivatives; Organopnictogen compounds; Organic oxygen compounds; Organic nitrogen compounds; Chemical entities	284.834	37	0.609	836961164769290014	836961004630757731	836961004630757730	104	
1	C11H11NO5	[M + H3N + H]+	C11H15N2O5+	Alkaloids	0.955	Nicotinic acid alkaloids	0.969	Pyridine alkaloids	0.968	Organic oxygen compounds	1.000	Organooxygen compounds	1.000	Carbohydrates and carbohydrate conjugates	0.982	Glycosyl compounds	0.961	Glycosylamines	0.931	Organic compounds; Organoheterocyclic compounds; Carbohydrates and carbohydrate conjugates; Pyridines and derivatives; Alcohols and polyols; Organic acids and derivatives; Organonitrogen compounds; Primary alcohols; Organooxygen compounds; Pyridinecarboxylic acids and derivatives; Pyridinecarboxamides; Pentoses; Monosaccharides; Secondary alcohols; Glycosyl compounds; Glycosylamines; Hydropyridines; Polyols; Organic oxides; Azacyclic compounds; Oxacyclic compounds; Heteroaromatic compounds; Hydrocarbon derivatives; Organopnictogen compounds; Organic oxygen compounds; Organic nitrogen compounds; Chemical entities	255.098	37	0.609	836961157320205613	836961004513317207	836961004509122902	101	
1	C4H5Cl2FO6Se	[M - H2O + H]+	C4H4Cl2FO5Se+	Fatty acids	0.426	Fatty Acids and Conjugates	0.584	Dicarboxylic acids	0.411	Organic acids and derivatives	0.957	Carboxylic acids and derivatives	0.931	Carboxylic acids	0.887			Carboxylic acids	0.887	Organic compounds; Organic acids and derivatives; Carboxylic acids and derivatives; Organohalogen compounds; Organooxygen compounds; Organometallic compounds; Carboxylic acids; Organometalloid compounds; Organochlorides; Organoselenium compounds; Alkyl halides; Organic oxides; Hydrocarbon derivatives; Organic oxygen compounds; Chemical entities	294.863	37	0.611	836961338140861290	836961005717082571	836961005717082570	130	
1	C6H15NO5S	[M - H2O + H]+	C6H14NO4S+	Fatty acids	0.874	Fatty acyls	0.222	Fatty alcohols	0.352	Organic acids and derivatives	0.984	Organic sulfonic acids and derivatives	0.849	Organosulfonic acids and derivatives	0.849	Alkanesulfonic acids and derivatives	0.767	Alkanesulfonic acids	0.721	Organic compounds; Organosulfur compounds; Organic acids and derivatives; Organosulfonic acids and derivatives; Organooxygen compounds; Sulfonyls; Organosulfonic acids; Alkanesulfonic acids and derivatives; Alkanesulfonic acids; Organic oxides; Hydrocarbon derivatives; Organic sulfonic acids and derivatives; Organic oxygen compounds; Chemical entities	196.064	37	0.612	836961173048846923	836961004941136259	836961004941136258	112	
1	C6H13Cl2O4P	[M + Na]+	C6H13Cl2NaO4P+	Fatty acids	0.445	Fatty acyls	0.029	Fatty alcohols	0.083	Organohalogen compounds	0.992	Halohydrins	0.517					Halohydrins	0.517	Organic compounds; Alcohols and polyols; Organohalogen compounds; Organooxygen compounds; Alkyl chlorides; Organochlorides; Halohydrins; Alkyl halides; Organic oxides; Hydrocarbon derivatives; Organic oxygen compounds; Chemical entities	272.982	37	0.614	836961242263259154	836961004710449515	836961004710449514	106	
1	C7H10O2	[M + H3N + H]+	C7H14NO2+	Fatty acids	0.932	Fatty esters	0.545	Wax monoesters	0.450	Lipids and lipid-like molecules	0.610	Fatty Acyls	0.531					Fatty Acyls	0.531	Organic compounds; Lipids and lipid-like molecules; Organic acids and derivatives; Carboxylic acids and derivatives; Organooxygen compounds; Carboxylic acid derivatives; Monocarboxylic acids and derivatives; Carboxylic acid esters; Carbonyl compounds; Fatty Acyls; Organic oxides; Hydrocarbon derivatives; Organic oxygen compounds; Chemical entities	144.102	37	0.615	836961289608567103	836961004865638779	836961004865638778	110	
1	C7H11NO3	[M + H3N + H]+	C7H15N2O3+	Amino acids and Peptides	0.955	Small peptides	0.981	Aminoacids	0.945	Organic acids and derivatives	1.000	Carboxylic acids and derivatives	1.000	Amino acids, peptides, and analogues	0.929	Amino acids and derivatives	0.928	N-acyl-alpha amino acids	0.859	Organic compounds; Organoheterocyclic compounds; Amino acids, peptides, and analogues; Alpha amino acids and derivatives; Pyrrolidines; Organic acids and derivatives; Carboxylic acids and derivatives; Organonitrogen compounds; Organooxygen compounds; Amino acids and derivatives; Carboxylic acid amides; Carboxylic acid derivatives; Monocarboxylic acids and derivatives; N-acyl-alpha amino acids and derivatives; Carboxylic acids; Tertiary carboxylic acid amides; Carbonyl compounds; Pyrrolidine carboxylic acids and derivatives; N-acyl-alpha amino acids; Pyrrolidine carboxylic acids; N-acylpyrrolidines; Acetamides; Organic oxides; Azacyclic compounds; Hydrocarbon derivatives; Proline and derivatives; Organopnictogen compounds; Organic oxygen compounds; Organic nitrogen compounds; Chemical entities	175.108	37	0.617	836961161933940254	836961004748198255	836961004748198254	107	
1	C27H35N3O8S	[M + Na]+	C27H35N3NaO8S+	Carbohydrates	0.843	Aminosugars and aminoglycosides	0.431	Simple coumarins	0.185	Organic oxygen compounds	1.000	Organooxygen compounds	0.999	Carbohydrates and carbohydrate conjugates	0.801	Glycosyl compounds	0.669	Glycosyl compounds	0.669	Organic compounds; Organoheterocyclic compounds; Organosulfur compounds; Carbohydrates and carbohydrate conjugates; Alcohols and polyols; Ethers; Organic acids and derivatives; Carboxylic acids and derivatives; Organonitrogen compounds; Primary alcohols; Organooxygen compounds; Carboxylic acid amides; Carboxylic acid derivatives; Monosaccharides; Secondary alcohols; Secondary carboxylic acid amides; Carbonyl compounds; Oxanes; Glycosyl compounds; Benzene and substituted derivatives; Benzenoids; Acetamides; Organic oxides; Azacyclic compounds; Oxacyclic compounds; Heteroaromatic compounds; Hydrocarbon derivatives; Organopnictogen compounds; Organic oxygen compounds; Organic nitrogen compounds; Chemical entities	584.205	38	0.625	836961348408517801	836961004903387519	836961004903387518	111	
1	C6H3NO	[M + H3N + H]+	C6H7N2O+	Alkaloids	0.892	Nicotinic acid alkaloids	0.650	Pyridine alkaloids	0.650	Benzenoids	0.819							Benzenoids	0.819	Organic compounds; Organonitrogen compounds; Organooxygen compounds; Nitriles; Benzenoids; Hydrocarbon derivatives; Organic cyanides; Organopnictogen compounds; Organic oxygen compounds; Organic nitrogen compounds; Chemical entities	123.055	38	0.628	836961174189697781	836961004785946995	836961004785946994	108	
1	C30H31N3O8	[M + K]+	C30H31KN3O8+	Carbohydrates	0.824	Coumarins	0.768	Simple coumarins	0.874	Phenylpropanoids and polyketides	0.664	Coumarins and derivatives	0.749	Coumarin glycosides	0.519			Coumarin glycosides	0.519	Organic compounds; Organoheterocyclic compounds; Carbohydrates and carbohydrate conjugates; Lactones; Pyrans; Benzopyrans; Alcohols and polyols; Coumarins and derivatives; Ethers; Phenylpropanoids and polyketides; Organic acids and derivatives; Carboxylic acids and derivatives; Organonitrogen compounds; Primary alcohols; Organooxygen compounds; Carboxylic acid amides; Pyranones and derivatives; Carboxylic acid derivatives; Hexoses; Monosaccharides; Acetals; Secondary alcohols; Secondary carboxylic acid amides; Coumarin glycosides; Carbonyl compounds; Oxanes; Glycosyl compounds; O-glycosyl compounds; N-acyl-alpha-hexosamines; Benzene and substituted derivatives; Benzenoids; Aminosaccharides; 1-benzopyrans; Acetamides; Organic oxides; Oxacyclic compounds; Heteroaromatic compounds; Hydrocarbon derivatives; Organopnictogen compounds; Organic oxygen compounds; Organic nitrogen compounds; Chemical entities	600.174	38	0.628	836961443556304268	836961004987273607	836961004983079302	113	
1	C6H12O2	[M + H3N + H]+	C6H16NO2+	Fatty acids	0.926	Fatty acyls	0.702	Fatty alcohols	0.547	Organic oxygen compounds	0.999	Organooxygen compounds	0.998	Alcohols and polyols	0.663			Alcohols and polyols	0.663	Organic compounds; Alcohols and polyols; Organooxygen compounds; Hydrocarbon derivatives; Organic oxygen compounds; Chemical entities	134.118	38	0.630	836961320726110074	836961005025022347	836961005025022346	114	
1	C8H16N2O	[M + H3N + H]+	C8H20N3O+	Alkaloids	0.498	Pseudoalkaloids (transamidation)	0.418	Acetate-derived alkaloids	0.517	Organoheterocyclic compounds	0.486	Azacyclic compounds	0.505					Azacyclic compounds	0.505	Organic compounds; Organonitrogen compounds; Organic oxides; Azacyclic compounds; Hydrocarbon derivatives; Organopnictogen compounds; Organic oxygen compounds; Organic nitrogen compounds; Chemical entities	174.160	38	0.630	836961171710863797	836961005637390787	836961005633196482	128	
1	C9H18N2O	[M + H3N + H]+	C9H22N3O+	Amino acids and Peptides	0.313	Fatty amides	0.316	Dipeptides	0.200	Organic acids and derivatives	0.800	Carboxylic acids and derivatives	0.791	Carboxylic acid derivatives	0.594	Carboxylic acid amides	0.668	Carboxylic acid amides	0.668	Organic compounds; Organic acids and derivatives; Carboxylic acids and derivatives; Organonitrogen compounds; Organooxygen compounds; Carboxylic acid amides; Carboxylic acid derivatives; Carbonyl compounds; Organic oxides; Hydrocarbon derivatives; Organopnictogen compounds; Organic oxygen compounds; Organic nitrogen compounds; Chemical entities	188.176	38	0.633	836961319170023176	836961005826134483	836961005821940178	132	
1	C6H6ClF	[M + Na]+	C6H6ClFNa+	Fatty acids	0.159	Fatty acyls	0.030	Halogenated fatty acids	0.079	Benzenoids	0.998	Benzene and substituted derivatives	0.994	Halobenzenes	0.987	Chlorobenzenes	0.853	Chlorobenzenes	0.853	Organic compounds; Halobenzenes; Organohalogen compounds; Alkyl chlorides; Aryl chlorides; Aryl fluorides; Chlorobenzenes; Fluorobenzenes; Organochlorides; Organofluorides; Benzene and substituted derivatives; Benzenoids; Aryl halides; Alkyl halides; Hydrocarbon derivatives; Chemical entities	155.003	38	0.635	836961309099498680	836961005763219919	836961005763219918	131	
1	C6H8O2	[M + H3N + H]+	C6H12NO2+	Fatty acids	0.995	Fatty Acids and Conjugates	0.915	Unsaturated fatty acids	0.932	Lipids and lipid-like molecules	0.485	Fatty Acyls	0.508					Fatty Acyls	0.508	Organic compounds; Organic acids and derivatives; Carboxylic acids and derivatives; Organooxygen compounds; Monocarboxylic acids and derivatives; Carboxylic acids; Carbonyl compounds; Fatty Acyls; Organic oxides; Hydrocarbon derivatives; Organic oxygen compounds; Chemical entities	130.086	38	0.641	836961166962911261	836961005540921787	836961005540921786	126	
1	C5H7N5O	[M - H2O + H]+	C5H6N5+	Alkaloids	0.911	Pseudoalkaloids (transamidation)	0.916	Purine alkaloids	0.935	Organoheterocyclic compounds	0.999	Imidazopyrimidines	0.944	Purines and purine derivatives	0.930	6-aminopurines	0.915	6-aminopurines	0.915	Organic compounds; Organoheterocyclic compounds; Pyrimidines and pyrimidine derivatives; Imidazoles; Alcohols and polyols; Purines and purine derivatives; Organonitrogen compounds; Organooxygen compounds; Azoles; Aminopyrimidines and derivatives; Diazines; Imidazopyrimidines; Amines; Primary amines; 6-aminopurines; Imidolactams; Azacyclic compounds; Heteroaromatic compounds; Hydrocarbon derivatives; Organopnictogen compounds; Organic oxygen compounds; Organic nitrogen compounds; Chemical entities	136.062	39	0.643	836961296558529093	836961005146657175	836961005146657174	117	
1	C10H15N5O6	[M - H2O + H]+	C10H14N5O5+	Carbohydrates	1.000	Nucleosides	0.999	Purine nucleosides	0.997	Nucleosides, nucleotides, and analogues	0.936	Purine nucleosides	0.877					Purine nucleosides	0.877	Organic compounds; Organoheterocyclic compounds; Carbohydrates and carbohydrate conjugates; Pyrimidines and pyrimidine derivatives; Imidazoles; Alcohols and polyols; Purines and purine derivatives; Organonitrogen compounds; Primary alcohols; Nucleosides, nucleotides, and analogues; Organooxygen compounds; Azoles; Purine nucleosides; Aminopyrimidines and derivatives; Diazines; Pentoses; Monosaccharides; Secondary alcohols; Imidazopyrimidines; Glycosyl compounds; Glycosylamines; Polyols; Substituted imidazoles; N-substituted imidazoles; Amines; Primary amines; Tetrahydrofurans; 6-aminopurines; Imidolactams; Azacyclic compounds; Oxacyclic compounds; Heteroaromatic compounds; Hydrocarbon derivatives; Organopnictogen compounds; Organic oxygen compounds; Organic nitrogen compounds; Chemical entities	284.099	39	0.644	836961307656658060	836961005184405915	836961005184405914	118	
1	C21H33NO16	[M + H3N + H]+	C21H37N2O16+	Carbohydrates	1.000	Aminosugars and aminoglycosides	0.976	Aminosugars	0.979	Organic oxygen compounds	1.000	Organooxygen compounds	1.000	Carbohydrates and carbohydrate conjugates	0.990	Sugar acids and derivatives	0.964	N-acylneuraminic acids	0.959	Organic compounds; Organoheterocyclic compounds; Carbohydrates and carbohydrate conjugates; Pyrans; Alcohols and polyols; Sugar acids and derivatives; Ethers; Organic acids and derivatives; Carboxylic acids and derivatives; Organonitrogen compounds; Primary alcohols; Organooxygen compounds; Glucuronides; Carboxylic acid amides; Hemiacetals; Carboxylic acid derivatives; Monocarboxylic acids and derivatives; Carboxylic acids; Neuraminic acids and derivatives; Sugar amino acids and derivatives; Acetals; Secondary alcohols; Secondary carboxylic acid amides; Pyranoid amino acids and derivatives; Carbonyl compounds; Oxanes; Glucuronic acid derivatives; Glycosyl compounds; C-glycosyl compounds; O-glycosyl compounds; N-acyl-alpha-hexosamines; Polyols; C-glucuronides; N-acylneuraminic acids; N-acylneuraminic acids and derivatives; Neuraminic acids; Aminosaccharides; Acetamides; Organic oxides; Oxacyclic compounds; Hydrocarbon derivatives; Ketals; Organopnictogen compounds; Organic oxygen compounds; Organic nitrogen compounds; Chemical entities	573.215	39	0.646	836961346240062536	836961005226348959	836961005226348958	119	
1	C10H14N2O6	[M + H3N + H]+	C10H18N3O6+	Amino acids and Peptides	0.996	Small peptides	0.999	Dipeptides	0.982	Organic acids and derivatives	1.000	Carboxylic acids and derivatives	1.000	Amino acids, peptides, and analogues	0.998	Peptides	0.794	Gamma-glutamyl amino acids	0.956	Organic compounds; Lipids and lipid-like molecules; Amino acids, peptides, and analogues; Alpha amino acids and derivatives; Fatty acids and conjugates; Organic acids and derivatives; Carboxylic acids and derivatives; Organonitrogen compounds; Organooxygen compounds; Fatty amides; Dicarboxylic acids and derivatives; Amino acids and derivatives; Peptides; Monoalkylamines; Carboxylic acid amides; Carboxylic acid derivatives; N-acyl amines; N-acyl-alpha amino acids and derivatives; Carboxylic acids; Secondary carboxylic acid amides; Carbonyl compounds; N-acyl-alpha amino acids; Alpha amino acids; Amines; Primary amines; Gamma-glutamyl amino acids; Fatty Acyls; Organic oxides; Hydrocarbon derivatives; Amino acids; Glutamine and derivatives; Organopnictogen compounds; Organic oxygen compounds; Organic nitrogen compounds; Dipeptides; Chemical entities	276.119	39	0.647	836961337239085847	836961005268292003	836961005268292002	120	
1	C3H4O2S	[M + K]+	C3H4KO2S+	Fatty acids	0.958	Fatty acyls	0.923	Oxygenated hydrocarbons	0.899	Organoheterocyclic compounds	0.573							Organoheterocyclic compounds	0.573	Organic compounds; Organoheterocyclic compounds; Organosulfur compounds; Organic oxides; Hydrocarbon derivatives; Organic oxygen compounds; Chemical entities	142.956	39	0.648	836961318150807225	836961006224593395	836961006224593394	140	
1	C4H6O5	[M + H3N + H]+	C4H10NO5+	Fatty acids	0.883	Fatty Acids and Conjugates	0.915	Dicarboxylic acids	0.764	Organic acids and derivatives	0.977	Hydroxy acids and derivatives	0.702					Hydroxy acids and derivatives	0.702	Organic compounds; Lipids and lipid-like molecules; Alcohols and polyols; Fatty acids and conjugates; Organic acids and derivatives; Carboxylic acids and derivatives; Organooxygen compounds; Hydroxy acids and derivatives; Monocarboxylic acids and derivatives; Carboxylic acids; Secondary alcohols; Carbonyl compounds; Fatty Acyls; Organic oxides; Hydrocarbon derivatives; Organic oxygen compounds; Chemical entities	152.057	39	0.649	836961314107497909	836961005343789483	836961005343789482	122	
1	C9H8N4O4	[M + H3N + H]+	C9H12N5O4+	Alkaloids	0.864	Pseudoalkaloids (transamidation)	0.432	Purine alkaloids	0.605	Organoheterocyclic compounds	0.999	Pteridines and derivatives	0.944	Pterins and derivatives	0.901	Biopterins and derivatives	0.698	Biopterins and derivatives	0.698	Organic compounds; Organoheterocyclic compounds; Pyrazines; Pyrimidines and pyrimidine derivatives; Pteridines and derivatives; Pterins and derivatives; Alcohols and polyols; Lactams; Organic acids and derivatives; Organonitrogen compounds; Primary alcohols; Pyrimidones; Organooxygen compounds; Diazines; Biopterins and derivatives; Secondary alcohols; Polyols; Vinylogous amides; Organic oxides; Azacyclic compounds; Heteroaromatic compounds; Hydrocarbon derivatives; Organopnictogen compounds; Organic oxygen compounds; Organic nitrogen compounds; Chemical entities	254.088	39	0.650	836961176261684157	836961005385732527	836961005381538222	123	
1	C7H13N	[M + H3N + H]+	C7H17N2+	Alkaloids	0.797	Fatty acyls	0.229	Acetate-derived alkaloids	0.185	Organic nitrogen compounds	1.000	Organonitrogen compounds	1.000	Amines	0.956	Tertiary amines	0.844	Trialkylamines	0.862	Organic compounds; Organoheterocyclic compounds; Organonitrogen compounds; Trialkylamines; Amines; Tertiary amines; Azacyclic compounds; Hydrocarbon derivatives; Organopnictogen compounds; Organic nitrogen compounds; Chemical entities	129.139	39	0.657	836961167965350018	836961006291702263	836961006287507958	141	
1	C4H11F2N3OS2	[M + H]+	C4H12F2N3OS2+	Alkaloids	0.154	Small peptides	0.102	Aminoacids	0.092	Organosulfur compounds	0.939	Sulfenyl compounds	0.726					Sulfenyl compounds	0.726	Organic compounds; Organosulfur compounds; Organic acids and derivatives; Organohalogen compounds; Organonitrogen compounds; Alkyl fluorides; Organofluorides; Alkyl halides; Sulfenyl compounds; Organic oxides; Hydrocarbon derivatives; Organopnictogen compounds; Organic oxygen compounds; Organic nitrogen compounds; Chemical entities	220.039	40	0.658	836961319224549130	836961005985518051	836961005985518050	136	
1	C7H16N2	[M + H3N + H]+	C7H20N3+	Alkaloids	0.989	Ornithine alkaloids	0.994	Polyamines	0.998	Organic nitrogen compounds	1.000	Organonitrogen compounds	1.000	Amines	0.987	Secondary amines	0.731	Dialkylamines	0.737	Organic compounds; Organonitrogen compounds; Monoalkylamines; Dialkylamines; Amines; Primary amines; Secondary amines; Hydrocarbon derivatives; Organopnictogen compounds; Organic nitrogen compounds; Chemical entities	146.165	40	0.660	836961332860232206	836961006358811131	836961006358811130	142	
1	C7H11N5O3	[M - H2O + H]+	C7H10N5O2+	Carbohydrates	0.878	Pseudoalkaloids (transamidation)	0.798	Purine alkaloids	0.634	Organoheterocyclic compounds	0.994	Pteridines and derivatives	0.495	Pterins and derivatives	0.541	Biopterins and derivatives	0.639	Biopterins and derivatives	0.639	Organic compounds; Organoheterocyclic compounds; Pyrimidines and pyrimidine derivatives; Imidazoles; Pterins and derivatives; Alcohols and polyols; Purines and purine derivatives; Organonitrogen compounds; Primary alcohols; Organooxygen compounds; Azoles; Aminopyrimidines and derivatives; Diazines; Biopterins and derivatives; Secondary alcohols; Imidazopyrimidines; Polyols; Substituted imidazoles; Amines; Primary amines; Azacyclic compounds; Heteroaromatic compounds; Hydrocarbon derivatives; Organopnictogen compounds; Organic oxygen compounds; Organic nitrogen compounds; Chemical entities	196.083	40	0.660	836961303248444361	836961005423481267	836961005423481266	124	
1	C7H9ClO3	[M + Na]+	C7H9ClNaO3+	Polyketides	0.738	Phenolic acids (C6-C1)	0.214	Simple phenolic acids	0.182	Organohalogen compounds	0.999	Aryl halides	0.835	Aryl chlorides	0.850			Aryl chlorides	0.850	Organic compounds; Organohalogen compounds; Organooxygen compounds; Aryl chlorides; Organochlorides; Carbonyl compounds; Aryl halides; Organic oxides; Hydrocarbon derivatives; Organic oxygen compounds; Chemical entities	199.013	40	0.663	836961156154189032	836961006081987051	836961006081987050	138	
1	C13H25N3O6	[M - H2O + H]+	C13H24N3O5+	Amino acids and Peptides	0.617	Small peptides	0.597	Dipeptides	0.165	Organic acids and derivatives	0.999	Carboxylic acids and derivatives	0.998	Amino acids, peptides, and analogues	0.912	Amino acids and derivatives	0.906	N-acyl-alpha amino acids and derivatives	0.615	Organic compounds; Lipids and lipid-like molecules; Amino acids, peptides, and analogues; Alpha amino acids and derivatives; Alcohols and polyols; Fatty acids and conjugates; Organic acids and derivatives; Carboxylic acids and derivatives; Organonitrogen compounds; Organooxygen compounds; Fatty amides; Amino acids and derivatives; Carboxylic acid amides; Carboxylic acid derivatives; N-acyl amines; Monocarboxylic acids and derivatives; N-acyl-alpha amino acids and derivatives; Carboxylic acids; Secondary alcohols; Secondary carboxylic acid amides; Carbonyl compounds; Alpha amino acid amides; Amines; Fatty Acyls; Acetamides; Organic oxides; Hydrocarbon derivatives; Amino acids; Organopnictogen compounds; Organic oxygen compounds; Organic nitrogen compounds; Chemical entities	302.171	40	0.665	836961335045464767	836961005482201527	836961005482201526	125	
1	C5H4ClNOSe	[M + K]+	C5H4ClKNOSe+	Fatty acids	0.309	Fatty acyls	0.147	Halogenated fatty acids	0.047	Organoheterocyclic compounds	0.188	Selenophenes	0.592					Selenophenes	0.592	Organic compounds; Organooxygen compounds; Organometallic compounds; Organometalloid compounds; Carbonyl compounds; Organoselenium compounds; Organic oxides; Hydrocarbon derivatives; Selenophenes; Organic oxygen compounds; Chemical entities	241.884	40	0.669	836961315659390460	836961005066965391	836961005066965390	115	
1	C6H3NO	[M + H3N + H]+	C6H7N2O+	Alkaloids	0.917	Nicotinic acid alkaloids	0.916	Pyridine alkaloids	0.915	Organoheterocyclic compounds	0.594	Pyridines and derivatives	0.610					Pyridines and derivatives	0.610	Organic compounds; Organoheterocyclic compounds; Pyridines and derivatives; Organonitrogen compounds; Organooxygen compounds; Nitriles; Organic oxides; Azacyclic compounds; Heteroaromatic compounds; Hydrocarbon derivatives; Organic cyanides; Organopnictogen compounds; Organic oxygen compounds; Organic nitrogen compounds; Chemical entities	123.055	40	0.670	836961221895716062	836961005683528135	836961005679333830	129	
1	C3H7Cl2FNO4PS2	[M - H2O + H]+	C3H6Cl2FNO3PS2+	Alkaloids	0.191	Pseudoalkaloids (transamidation)	0.028	Phenylalanine-derived alkaloids	0.008	Organic acids and derivatives	0.996	Organic sulfonic acids and derivatives	0.842	Organosulfonic acids and derivatives	0.841	Organosulfonamides	0.705	Organosulfonamides	0.705	Organic compounds; Organosulfur compounds; Organic acids and derivatives; Organohalogen compounds; Organosulfonic acids and derivatives; Organooxygen compounds; Organophosphorus compounds; Alkyl chlorides; Sulfonyls; Organochlorides; Organosulfonamides; Alkyl halides; Aminosulfonyl compounds; Sulfenyl compounds; Organic oxides; Hydrocarbon derivatives; Organic sulfonic acids and derivatives; Organopnictogen compounds; Organic oxygen compounds; Organic nitrogen compounds; Chemical entities	287.889	40	0.670	836961331195093423	836961006832767511	836961006832767510	149	
1	C11H17N5O4S	[M - H2O + H]+	C11H16N5O3S+	Carbohydrates	1.000	Nucleosides	1.000	Purine nucleosides	0.999	Nucleosides, nucleotides, and analogues	0.977	5'-deoxyribonucleosides	0.995	5'-deoxy-5'-thionucleosides	0.996			5'-deoxy-5'-thionucleosides	0.996	Organic compounds; Organoheterocyclic compounds; Organosulfur compounds; Carbohydrates and carbohydrate conjugates; Pyrimidines and pyrimidine derivatives; Imidazoles; Alcohols and polyols; Purines and purine derivatives; Organonitrogen compounds; Nucleosides, nucleotides, and analogues; Organooxygen compounds; Azoles; Thioethers; Aminopyrimidines and derivatives; Diazines; Pentoses; Monosaccharides; Secondary alcohols; Imidazopyrimidines; Glycosyl compounds; Glycosylamines; Polyols; Substituted imidazoles; N-substituted imidazoles; Amines; Primary amines; 1,2-diols; Tetrahydrofurans; 6-aminopurines; Sulfenyl compounds; Dialkylthioethers; Imidolactams; Azacyclic compounds; Oxacyclic compounds; Heteroaromatic compounds; Hydrocarbon derivatives; 5'-deoxyribonucleosides; 5'-deoxy-5'-thionucleosides; Organopnictogen compounds; Organic oxygen compounds; Organic nitrogen compounds; Chemical entities	298.097	41	0.676	836961337272640297	836961005591253439	836961005591253438	127	
1	C9H16O2	[M + H3N + H]+	C9H20NO2+	Fatty acids	0.721	Fatty acyls	0.441	Oxygenated hydrocarbons	0.186	Lipids and lipid-like molecules	0.530							Lipids and lipid-like molecules	0.530	Organic compounds; Lipids and lipid-like molecules; Alcohols and polyols; Organooxygen compounds; Carbonyl compounds; Organic oxides; Hydrocarbon derivatives; Organic oxygen compounds; Chemical entities	174.149	41	0.684	836961316179484245	836961005863883223	836961005863883222	133	
1	C9H18O3	[M + H3N + H]+	C9H22NO3+	Fatty acids	0.914	Fatty acyls	0.518	Fatty alcohols	0.656	Lipids and lipid-like molecules	0.583	Fatty Acyls	0.536					Fatty Acyls	0.536	Organic compounds; Lipids and lipid-like molecules; Alcohols and polyols; Primary alcohols; Organooxygen compounds; Secondary alcohols; Fatty Acyls; Hydrocarbon derivatives; Organic oxygen compounds; Chemical entities	192.160	41	0.685	836961317479718578	836961005905826267	836961005905826266	134	
1	C7H12N6O	[M + H3N + H]+	C7H16N7O+	Alkaloids	0.442	Pseudoalkaloids (transamidation)	0.128	Imidazole alkaloids	0.094	Organoheterocyclic compounds	0.985	Triazines	0.747	1,3,5-triazines	0.883	Alkoxy-S-triazines	0.629	Alkoxy-S-triazines	0.629	Organic compounds; Organoheterocyclic compounds; Triazines; Ethers; Organonitrogen compounds; Organooxygen compounds; Dialkyl ethers; Aminotriazines; Amines; 1,3,5-triazines; Azacyclic compounds; Heteroaromatic compounds; Hydrocarbon derivatives; Organopnictogen compounds; Organic oxygen compounds; Alkoxy-S-triazines; Organic nitrogen compounds; Chemical entities	214.141	41	0.686	836961303667874782	836961005947769311	836961005947769310	135	
1	C8H11ClFNO	[M + Na]+	C8H11ClFNNaO+	Amino acids and Peptides	0.327	Small peptides	0.197	Halogenated fatty acids	0.132	Benzenoids	0.986	Benzene and substituted derivatives	0.982	Halobenzenes	0.988	Chlorobenzenes	0.936	Chlorobenzenes	0.936	Organic compounds; Halobenzenes; Organohalogen compounds; Organonitrogen compounds; Organooxygen compounds; Aryl chlorides; Aryl fluorides; Chlorobenzenes; Fluorobenzenes; Organochlorides; Organofluorides; Benzene and substituted derivatives; Benzenoids; Aryl halides; Hydrocarbon derivatives; Organopnictogen compounds; Organic oxygen compounds; Organic nitrogen compounds; Chemical entities	214.040	41	0.688	836961334957384343	836961007017316899	836961007017316898	152	
1	C5H6N4O2	[M - H2O + H]+	C5H5N4O+	Alkaloids	0.989	Pseudoalkaloids (transamidation)	0.988	Purine alkaloids	0.996	Organoheterocyclic compounds	0.998	Pteridines and derivatives	0.344	Pterins and derivatives	0.531			Pterins and derivatives	0.531	Organic compounds; Organoheterocyclic compounds; Pyrimidines and pyrimidine derivatives; Imidazoles; Pterins and derivatives; Purines and purine derivatives; Organic acids and derivatives; Organonitrogen compounds; Pyrimidones; Organooxygen compounds; Azoles; Purinones; Diazines; 6-oxopurines; Imidazopyrimidines; Vinylogous amides; Organic oxides; Azacyclic compounds; Heteroaromatic compounds; Hydrocarbon derivatives; Organopnictogen compounds; Organic oxygen compounds; Organic nitrogen compounds; Chemical entities	137.046	42	0.694	836961325193044100	836961006023266791	836961006023266790	137	
1	C8H18N2	[M + H]+	C8H19N2+	Alkaloids	0.836	Pseudoalkaloids (transamidation)	0.412	Acetate-derived alkaloids	0.779	Organic nitrogen compounds	1.000	Organonitrogen compounds	1.000	Amines	0.790			Amines	0.790	Organic compounds; Organonitrogen compounds; Amines; Hydrocarbon derivatives; Organopnictogen compounds; Organic nitrogen compounds; Chemical entities	143.154	42	0.695	836961320407342966	836961006430114303	836961006425919998	143	
1	C10H14N2O6S	[M + H3N + H]+	C10H18N3O6S+	Amino acids and Peptides	0.994	Small peptides	0.999	Tripeptides	0.998	Organic acids and derivatives	1.000	Carboxylic acids and derivatives	1.000	Amino acids, peptides, and analogues	1.000	Peptides	0.999	Gamma-glutamyl peptides	0.997	Organic compounds; Organosulfur compounds; Lipids and lipid-like molecules; Amino acids, peptides, and analogues; Alpha amino acids and derivatives; Fatty acids and conjugates; Organic acids and derivatives; Carboxylic acids and derivatives; Organonitrogen compounds; Organooxygen compounds; Fatty amides; Dicarboxylic acids and derivatives; Amino acids and derivatives; Peptides; Monoalkylamines; Carboxylic acid amides; Carboxylic acid derivatives; N-acyl amines; N-acyl-alpha amino acids and derivatives; Carboxylic acids; Alkylthiols; Secondary carboxylic acid amides; Carbonyl compounds; Alpha amino acid amides; N-acyl-alpha amino acids; Alpha amino acids; Amines; Primary amines; Thiols; Gamma-glutamyl peptides; Fatty Acyls; Organic oxides; Hydrocarbon derivatives; Amino acids; Cysteine and derivatives; Glutamine and derivatives; Organopnictogen compounds; Organic oxygen compounds; Organic nitrogen compounds; Oligopeptides; Chemical entities	308.091	42	0.699	836961164555380487	836961006153290223	836961006149095918	139	
1	C6H12F2N2O3S2Se	[M - H2O + H]+	C6H11F2N2O2S2Se+	Amino acids and Peptides	0.874	Small peptides	0.638	Aminoacids	0.307	Organic acids and derivatives	0.884	Organic sulfonic acids and derivatives	0.671	Organosulfonic acids and derivatives	0.673	Organosulfonamides	0.533	Organosulfonamides	0.533	Organic compounds; Organosulfur compounds; Organic acids and derivatives; Organohalogen compounds; Organosulfonic acids and derivatives; Organonitrogen compounds; Organometallic compounds; Alkyl fluorides; Sulfonyls; Organometalloid compounds; Organofluorides; Organosulfonamides; Organoselenium compounds; Alkyl halides; Aminosulfonyl compounds; Sulfenyl compounds; Organic oxides; Hydrocarbon derivatives; Organic sulfonic acids and derivatives; Organopnictogen compounds; Organic oxygen compounds; Organic nitrogen compounds; Chemical entities	318.944	42	0.700	836961345246012477	836961007138951723	836961007138951722	154	
1	C4H5ClO4Se	[M + K]+	C4H5ClKO4Se+	Fatty acids	0.660	Fatty Acids and Conjugates	0.673	Halogenated fatty acids	0.502	Organic acids and derivatives	0.707	Carboxylic acids and derivatives	0.676	Carboxylic acids	0.623			Carboxylic acids	0.623	Organic compounds; Organic acids and derivatives; Carboxylic acids and derivatives; Organohalogen compounds; Organooxygen compounds; Organometallic compounds; Alkyl chlorides; Carboxylic acids; Organometalloid compounds; Organochlorides; Carbonyl compounds; Organoselenium compounds; Organic oxides; Hydrocarbon derivatives; Organic oxygen compounds; Chemical entities	264.873	42	0.705	836961337935340379	836961007340278327	836961007340278326	157	
1	C8H12	[M + H3N + H]+	C8H16N+	Fatty acids	0.765	Fatty acyls	0.789	Hydrocarbons	0.215	Hydrocarbons	0.985	Unsaturated hydrocarbons	0.876	Unsaturated aliphatic hydrocarbons	0.891			Unsaturated aliphatic hydrocarbons	0.891	Organic compounds; Hydrocarbons; Unsaturated hydrocarbons; Unsaturated aliphatic hydrocarbons; Chemical entities	126.128	42	0.706	836961174726568762	836961006505611779	836961006501417474	144	
1	C8H18N2	[M + H3N + H]+	C8H22N3+	Alkaloids	0.998	Ornithine alkaloids	0.999	Polyamines	1.000	Organic nitrogen compounds	1.000	Organonitrogen compounds	1.000	Amines	0.989	Secondary amines	0.650	Dialkylamines	0.640	Organic compounds; Organonitrogen compounds; Monoalkylamines; Dialkylamines; Amines; Primary amines; Secondary amines; Hydrocarbon derivatives; Organopnictogen compounds; Organic nitrogen compounds; Chemical entities	160.181	43	0.711	836961332990255672	836961006639829515	836961006639829514	146	
1	C9H19O	[M + H3N + H]+	C9H23NO+	Terpenoids	0.666	Monoterpenoids	0.279	Menthane monoterpenoids	0.415	Benzenoids	0.789	Benzene and substituted derivatives	0.709	Phenylpropanes	0.529			Phenylpropanes	0.529	Organic compounds; Organooxygen compounds; Benzene and substituted derivatives; Benzenoids; Phenylpropanes; Hydrocarbon derivatives; Organic oxygen compounds; Chemical entities	161.178	43	0.713	836961158083568992	836961006706938383	836961006706938382	147	
1	C5H10O3S	[M - H2O + H]+	C5H9O2S+	Fatty acids	0.994	Fatty Acids and Conjugates	0.971	Thia fatty acids	0.975	Lipids and lipid-like molecules	0.827	Fatty Acyls	0.811	Fatty acids and conjugates	0.818	Thia fatty acids	0.693	Thia fatty acids	0.693	Organic compounds; Organosulfur compounds; Lipids and lipid-like molecules; Fatty acids and conjugates; Organic acids and derivatives; Carboxylic acids and derivatives; Organooxygen compounds; Monocarboxylic acids and derivatives; Thioethers; Carboxylic acids; Thia fatty acids; Carbonyl compounds; Sulfenyl compounds; Dialkylthioethers; Fatty Acyls; Organic oxides; Hydrocarbon derivatives; Organic oxygen compounds; Chemical entities	133.032	43	0.717	836961174256806676	836961006958596639	836961006954402334	151	
1	C4H8O3Si	[M + H3N + H]+	C4H12NO3Si+	Fatty acids	0.968	Fatty Acids and Conjugates	0.933	Halogenated fatty acids	0.905	Organic acids and derivatives	0.924	Carboxylic acids and derivatives	0.900	Carboxylic acids	0.653			Carboxylic acids	0.653	Organic compounds; Organic acids and derivatives; Carboxylic acids and derivatives; Organohalogen compounds; Organooxygen compounds; Monocarboxylic acids and derivatives; Carboxylic acids; Carbonyl compounds; Organic oxides; Hydrocarbon derivatives; Organic oxygen compounds; Chemical entities	150.058	43	0.718	836961305379150906	836961006895682075	836961006895682074	150	
1	C6H16BN2O	[M + H3N + H]+	C6H20BN3O+	Amino acids and Peptides	0.403	Small peptides	0.507	Aminoacids	0.308	Organic salts	0.987	Organic metal salts	0.980	Organic metalloid salts	0.980			Organic metalloid salts	0.980	Organic compounds; Organic acids and derivatives; Organonitrogen compounds; Organometallic compounds; Monoalkylamines; Organometalloid compounds; Amines; Primary amines; Organoboron compounds; Organic salts; Organic metalloid salts; Organic metal salts; Hydrocarbon derivatives; Alkylboranes; Organic oxygen compounds; Organic nitrogen compounds; Chemical entities	160.173	44	0.728	836961153729881170	836961007268975155	836961007268975154	156	
1	C5HN3O2	[M + H3N + H]+	C5H5N4O2+	Alkaloids	0.995	Pseudoalkaloids (transamidation)	0.990	Purine alkaloids	0.998	Organoheterocyclic compounds	0.999	Imidazopyrimidines	0.600	Purines and purine derivatives	0.616	Xanthines	0.649	Xanthines	0.649	Organic compounds; Organoheterocyclic compounds; Pyrimidines and pyrimidine derivatives; Imidazoles; Lactams; Purines and purine derivatives; Xanthines; Organic acids and derivatives; Organonitrogen compounds; Pyrimidones; Organooxygen compounds; Organic carbonic acids and derivatives; Azoles; Ureas; Purinones; Diazines; 6-oxopurines; Imidazopyrimidines; Vinylogous amides; Organic oxides; Azacyclic compounds; Heteroaromatic compounds; Hydrocarbon derivatives; Organopnictogen compounds; Organic oxygen compounds; Organic nitrogen compounds; Chemical entities	153.041	44	0.730	836961172499392980	836961007206060591	836961007206060590	155	
1	C9H20N2	[M + H3N + H]+	C9H24N3+	Alkaloids	0.598	Pseudoalkaloids (transamidation)	0.601	Acetate-derived alkaloids	0.817	Organic nitrogen compounds	0.999	Organonitrogen compounds	0.999	Amines	0.509			Amines	0.509	Organic compounds; Organonitrogen compounds; Amines; Hydrocarbon derivatives; Organopnictogen compounds; Organic nitrogen compounds; Chemical entities	174.197	44	0.733	836961172671359505	836961007398998587	836961007398998586	158	
1	C5H9BO4S	[M + H3N + H]+	C5H13BNO4S+	Fatty acids	0.810	Fatty Acids and Conjugates	0.597	Halogenated fatty acids	0.316	Organic acids and derivatives	0.987	Carboxylic acids and derivatives	0.858	Carboxylic acids	0.788			Carboxylic acids	0.788	Organic compounds; Organosulfur compounds; Organic acids and derivatives; Carboxylic acids and derivatives; Organooxygen compounds; Organometallic compounds; Monocarboxylic acids and derivatives; Carboxylic acids; Organometalloid compounds; Carbonyl compounds; Organoboron compounds; Sulfenyl compounds; Organic salts; Organic oxides; Organic metalloid salts; Organic metal salts; Hydrocarbon derivatives; Organic oxygen compounds; Chemical entities	193.068	45	0.754	836961304414460938	836961007080231463	836961007076037158	153	
1	C5H9BO4S	[M + H3N + H]+	C5H13BNO4S+	Fatty acids	0.676	Fatty Acids and Conjugates	0.464	Halogenated fatty acids	0.310	Organic acids and derivatives	0.975	Boronic acid derivatives	0.531					Boronic acid derivatives	0.531	Organic compounds; Organosulfur compounds; Organic acids and derivatives; Carboxylic acids and derivatives; Organooxygen compounds; Organometallic compounds; Boronic acid derivatives; Monocarboxylic acids and derivatives; Carboxylic acids; Organometalloid compounds; Carbonyl compounds; Organoboron compounds; Organic salts; Organic oxides; Organic metalloid salts; Organic metal salts; Hydrocarbon derivatives; Organic oxygen compounds; Chemical entities	193.068	52	0.868	836961322001178526	836961007524827715	836961007520633410	160	
1	C9H8O3	[M + H3N + H]+	C9H12NO3+	Shikimates and Phenylpropanoids	0.980	Phenylpropanoids (C6-C3)	0.994	Cinnamic acids and derivatives	0.996	Phenylpropanoids and polyketides	0.918	Cinnamic acids and derivatives	0.882	Hydroxycinnamic acids and derivatives	0.882	Coumaric acids and derivatives	0.890	Coumaric acids	0.863	Organic compounds; Styrenes; Coumaric acids and derivatives; Phenols; Phenylpropanoids and polyketides; Organic acids and derivatives; Carboxylic acids and derivatives; Organooxygen compounds; Cinnamic acids and derivatives; Monocarboxylic acids and derivatives; Carboxylic acids; Hydroxycinnamic acids and derivatives; Carbonyl compounds; Benzene and substituted derivatives; Benzenoids; Hydroxycinnamic acids; Cinnamic acids; Coumaric acids; Organic oxides; Hydrocarbon derivatives; Organic oxygen compounds; 1-hydroxy-2-unsubstituted benzenoids; Chemical entities	182.081	53	0.883	836961295841303066	836961007591936583	836961007587742278	161	
1	C4H11F2N3OS2	[M + H]+	C4H12F2N3OS2+	Alkaloids	0.136	Small peptides	0.083	Aminoacids	0.075	Organosulfur compounds	0.924	Sulfenyl compounds	0.739					Sulfenyl compounds	0.739	Organic compounds; Organosulfur compounds; Organic acids and derivatives; Organohalogen compounds; Organonitrogen compounds; Alkyl fluorides; Organofluorides; Alkyl halides; Sulfenyl compounds; Organic oxides; Hydrocarbon derivatives; Organopnictogen compounds; Organic oxygen compounds; Organic nitrogen compounds; Chemical entities	220.039	57	0.943	836961226035494744	836961007650656843	836961007650656842	162	
1	C12H23N3O5	[M - H2O + H]+	C12H22N3O4+	Amino acids and Peptides	0.990	Small peptides	0.969	Dipeptides	0.537	Organic acids and derivatives	1.000	Carboxylic acids and derivatives	1.000	Amino acids, peptides, and analogues	0.972	Peptides	0.888	Peptides	0.888	Organic compounds; Lipids and lipid-like molecules; Amino acids, peptides, and analogues; Alpha amino acids and derivatives; Alcohols and polyols; Fatty acids and conjugates; Organic acids and derivatives; Carboxylic acids and derivatives; Organonitrogen compounds; Organooxygen compounds; Fatty amides; Branched fatty acids; Hydroxy fatty acids; Amino acids and derivatives; Peptides; Monoalkylamines; Carboxylic acid amides; Carboxylic acid derivatives; N-acyl amines; Monocarboxylic acids and derivatives; N-acyl-alpha amino acids and derivatives; Carboxylic acids; Secondary alcohols; Secondary carboxylic acid amides; Carbonyl compounds; Alpha amino acid amides; N-acyl-alpha amino acids; Amines; Primary amines; Fatty Acyls; Acetamides; Organic oxides; Hydrocarbon derivatives; Amino acids; Organopnictogen compounds; Organic oxygen compounds; Organic nitrogen compounds; Chemical entities	272.160	58	0.967	836961153721492543	836961007776485971	836961007776485970	164	
1	C7H9ClO3	[M + Na]+	C7H9ClNaO3+	Polyketides	0.880	Cyclic polyketides	0.277	2-pyrone derivatives	0.146	Organohalogen compounds	0.999	Aryl halides	0.680	Aryl chlorides	0.684			Aryl chlorides	0.684	Organic compounds; Organohalogen compounds; Organooxygen compounds; Aryl chlorides; Organochlorides; Carbonyl compounds; Aryl halides; Organic oxides; Hydrocarbon derivatives; Organic oxygen compounds; Chemical entities	199.013	59	0.977	836961323909586967	836961007835206231	836961007835206230	165	
1	C14H28O6	[M + H3N + H]+	C14H32NO6+	Fatty acids	0.872	Fatty Acids and Conjugates	0.517	Dicarboxylic acids	0.421	Lipids and lipid-like molecules	0.827	Fatty Acyls	0.746					Fatty Acyls	0.746	Organic compounds; Lipids and lipid-like molecules; Alcohols and polyols; Primary alcohols; Organooxygen compounds; Secondary alcohols; Fatty Acyls; Hydrocarbon derivatives; Organic oxygen compounds; Chemical entities	310.222	59	0.979	836961300882856780	836961007877149275	836961007877149274	166	
1	C5H7N5O	[M - H2O + H]+	C5H6N5+	Alkaloids	0.919	Pseudoalkaloids (transamidation)	0.884	Purine alkaloids	0.925	Organoheterocyclic compounds	0.999	Imidazopyrimidines	0.937	Purines and purine derivatives	0.912	6-aminopurines	0.864	6-aminopurines	0.864	Organic compounds; Organoheterocyclic compounds; Pyrimidines and pyrimidine derivatives; Imidazoles; Purines and purine derivatives; Organonitrogen compounds; Organooxygen compounds; Azoles; Aminopyrimidines and derivatives; Diazines; Imidazopyrimidines; Amines; Primary amines; 6-aminopurines; Imidolactams; Azacyclic compounds; Heteroaromatic compounds; Hydrocarbon derivatives; Organopnictogen compounds; Organic oxygen compounds; Organic nitrogen compounds; Chemical entities	136.062	59	0.990	836961310055800051	836961007910703711	836961007910703710	167	
1	C10H15N5O5	[M - H2O + H]+	C10H14N5O4+	Carbohydrates	1.000	Nucleosides	1.000	Purine nucleosides	0.999	Nucleosides, nucleotides, and analogues	0.989	Purine nucleosides	0.972					Purine nucleosides	0.972	Organic compounds; Organoheterocyclic compounds; Carbohydrates and carbohydrate conjugates; Pyrimidines and pyrimidine derivatives; Imidazoles; Alcohols and polyols; Purines and purine derivatives; Organonitrogen compounds; Primary alcohols; Nucleosides, nucleotides, and analogues; Organooxygen compounds; Azoles; Purine nucleosides; Aminopyrimidines and derivatives; Diazines; Pentoses; Monosaccharides; Secondary alcohols; Imidazopyrimidines; Glycosyl compounds; Glycosylamines; Substituted imidazoles; N-substituted imidazoles; Amines; Primary amines; Tetrahydrofurans; 6-aminopurines; Imidolactams; Azacyclic compounds; Oxacyclic compounds; Heteroaromatic compounds; Hydrocarbon derivatives; Organopnictogen compounds; Organic oxygen compounds; Organic nitrogen compounds; Chemical entities	268.104	60	1.006	836961216099187311	836961007948452451	836961007948452450	168	
1	C5H9N7O2	[M - H2O + H]+	C5H8N7O+	Alkaloids	0.804	Pseudoalkaloids (transamidation)	0.922	Purine alkaloids	0.955	Organoheterocyclic compounds	0.997	Pteridines and derivatives	0.303	Pterins and derivatives	0.542			Pterins and derivatives	0.542	Organic compounds; Organoheterocyclic compounds; Pyrimidines and pyrimidine derivatives; Imidazoles; Pterins and derivatives; Purines and purine derivatives; Organic acids and derivatives; Organonitrogen compounds; Organooxygen compounds; Azoles; Aminopyrimidines and derivatives; Diazines; Imidazopyrimidines; Amines; Primary amines; Imidolactams; Organic oxides; Azacyclic compounds; Heteroaromatic compounds; Hydrocarbon derivatives; Organopnictogen compounds; Organic oxygen compounds; Organic nitrogen compounds; Chemical entities	182.079	62	1.035	836961315319651822	836961008023949931	836961008019755626	170	
1	C7H16S	[M + H]+	C7H17S+	Fatty acids	0.978	Fatty acyls	0.969	Thia fatty acids	0.223	Organosulfur compounds	0.994	Thioethers	0.740	Dialkylthioethers	0.761			Dialkylthioethers	0.761	Organic compounds; Organosulfur compounds; Thioethers; Sulfenyl compounds; Dialkylthioethers; Hydrocarbon derivatives; Chemical entities	133.105	64	1.069	836961171245295991	836961008133001847	836961008133001846	173	
1	C6H12F2N2O3S2Se	[M - H2O + H]+	C6H11F2N2O2S2Se+	Amino acids and Peptides	0.847	Small peptides	0.784	Aminoacids	0.576	Organic acids and derivatives	0.922	Organic sulfonic acids and derivatives	0.627	Organosulfonic acids and derivatives	0.629	Organosulfonamides	0.536	Organosulfonamides	0.536	Organic compounds; Organosulfur compounds; Organic acids and derivatives; Organohalogen compounds; Organosulfonic acids and derivatives; Organonitrogen compounds; Organometallic compounds; Alkyl fluorides; Sulfonyls; Organometalloid compounds; Organofluorides; Organosulfonamides; Organoselenium compounds; Alkyl halides; Aminosulfonyl compounds; Organic oxides; Hydrocarbon derivatives; Organic sulfonic acids and derivatives; Organopnictogen compounds; Organic oxygen compounds; Organic nitrogen compounds; Chemical entities	318.944	66	1.093	836961332277223905	836961008166556283	836961008166556282	174	
1	C4H11F2N3OS2	[M + H]+	C4H12F2N3OS2+	Amino acids and Peptides	0.137	Small peptides	0.089	Aminoacids	0.091	Organosulfur compounds	0.939	Sulfenyl compounds	0.706					Sulfenyl compounds	0.706	Organic compounds; Organosulfur compounds; Organic acids and derivatives; Organohalogen compounds; Organonitrogen compounds; Alkyl fluorides; Organofluorides; Alkyl halides; Sulfenyl compounds; Organic oxides; Hydrocarbon derivatives; Organopnictogen compounds; Organic oxygen compounds; Organic nitrogen compounds; Chemical entities	220.039	66	1.105	836961169802455230	836961008057504367	836961008057504366	171	
1	C9H19O	[M + H3N + H]+	C9H23NO+	Terpenoids	0.623	Monoterpenoids	0.579	Menthane monoterpenoids	0.363	Organic oxygen compounds	0.983	Organooxygen compounds	0.968	Carbonyl compounds	0.584			Carbonyl compounds	0.584	Organic compounds; Organooxygen compounds; Carbonyl compounds; Organic oxides; Hydrocarbon derivatives; Organic oxygen compounds; Chemical entities	161.178	67	1.119	836961290640365945	836961008275608199	836961008275608198	177	
1	C5H2N4O	[M + H3N + H]+	C5H6N5O+	Alkaloids	0.989	Pseudoalkaloids (transamidation)	0.946	Purine alkaloids	0.982	Organoheterocyclic compounds	0.999	Imidazopyrimidines	0.800	Purines and purine derivatives	0.686	Purinones	0.503	Purinones	0.503	Organic compounds; Organoheterocyclic compounds; Pyrimidines and pyrimidine derivatives; Imidazoles; Purines and purine derivatives; Organic acids and derivatives; Organonitrogen compounds; Pyrimidones; Organooxygen compounds; Azoles; Purinones; Diazines; Imidazopyrimidines; Organic oxides; Azacyclic compounds; Heteroaromatic compounds; Hydrocarbon derivatives; Organopnictogen compounds; Organic oxygen compounds; Organic nitrogen compounds; Chemical entities	152.057	71	1.180	836961176957938732	836961008242053763	836961008242053762	176	
1	C9H19ClN4O	[M + Na]+	C9H19ClN4NaO+	Alkaloids	0.470	Small peptides	0.307	Polyamines	0.119	Organic oxygen compounds	0.932	Organooxygen compounds	0.531	Carbonyl compounds	0.579			Carbonyl compounds	0.579	Organic compounds; Organohalogen compounds; Organonitrogen compounds; Organooxygen compounds; Organochlorides; Carbonyl compounds; Organic oxides; Hydrocarbon derivatives; Organopnictogen compounds; Organic oxygen compounds; Organic nitrogen compounds; Chemical entities	257.113	73	1.219	836961186248322767	836961008313356939	836961008313356938	178	
1	C15H30BNO6Si	[M - H2O + H]+	C15H29BNO5Si+	Amino acids and Peptides	0.484	Monoterpenoids	0.582	Pinane monoterpenoids	0.534	Organic acids and derivatives	0.949	Carboxylic acids and derivatives	0.601	Amino acids, peptides, and analogues	0.506	Amino acids and derivatives	0.509	Amino acids and derivatives	0.509	Organic compounds; Lipids and lipid-like molecules; Amino acids, peptides, and analogues; Organic acids and derivatives; Carboxylic acids and derivatives; Organonitrogen compounds; Organooxygen compounds; Amino acids and derivatives; Organometallic compounds; Boronic acid derivatives; Organometalloid compounds; Carbonyl compounds; Organoboron compounds; Organic salts; Organic metalloid salts; Organic metal salts; Oxacyclic compounds; Hydrocarbon derivatives; Alkylboranes; Monoalkylboranes; Organic oxygen compounds; Organic nitrogen compounds; Chemical entities	341.193	74	1.227	836961326757519559	836961008346911375	836961008346911374	179	
1	C5H6N4O2	[M - H2O + H]+	C5H5N4O+	Alkaloids	0.991	Pseudoalkaloids (transamidation)	0.990	Purine alkaloids	0.996	Organoheterocyclic compounds	0.998	Pteridines and derivatives	0.344	Pterins and derivatives	0.526			Pterins and derivatives	0.526	Organic compounds; Organoheterocyclic compounds; Pyrimidines and pyrimidine derivatives; Imidazoles; Pterins and derivatives; Purines and purine derivatives; Organic acids and derivatives; Organonitrogen compounds; Pyrimidones; Organooxygen compounds; Azoles; Purinones; Diazines; 6-oxopurines; Imidazopyrimidines; Vinylogous amides; Organic oxides; Azacyclic compounds; Heteroaromatic compounds; Hydrocarbon derivatives; Organopnictogen compounds; Organic oxygen compounds; Organic nitrogen compounds; Chemical entities	137.046	74	1.235	836961152320594930	836961008388854419	836961008388854418	180	
1	C8H10O3	[M + H3N + H]+	C8H14NO3+	Terpenoids	0.508	Monoterpenoids	0.519	Iridoids monoterpenoids	0.147	Organic acids and derivatives	0.652	Carboxylic acids and derivatives	0.634	Monocarboxylic acids and derivatives	0.566			Monocarboxylic acids and derivatives	0.566	Organic compounds; Organic acids and derivatives; Carboxylic acids and derivatives; Organooxygen compounds; Monocarboxylic acids and derivatives; Carbonyl compounds; Organic oxides; Hydrocarbon derivatives; Organic oxygen compounds; Chemical entities	172.097	77	1.287	836961167394924627	836961008426603159	836961008426603158	181	
1	C7H13NO3	[M + Na]+	C7H13NNaO3+	Amino acids and Peptides	0.784	Small peptides	0.548	Aminoacids	0.562	Organic acids and derivatives	0.911	Carboxylic acids and derivatives	0.902	Amino acids, peptides, and analogues	0.556	Amino acids and derivatives	0.556	Amino acids	0.505	Organic compounds; Amino acids, peptides, and analogues; Alcohols and polyols; Organic acids and derivatives; Carboxylic acids and derivatives; Organonitrogen compounds; Organooxygen compounds; Amino acids and derivatives; Monocarboxylic acids and derivatives; Carboxylic acids; Carbonyl compounds; Amines; Organic oxides; Hydrocarbon derivatives; Amino acids; Organopnictogen compounds; Organic oxygen compounds; Organic nitrogen compounds; Chemical entities	182.079	78	1.294	836961149107757873	836961008502100639	836961008502100638	183	
1	C7H8O2	[M + H3N + H]+	C7H12NO2+	Fatty acids	0.864	Fatty Acids and Conjugates	0.369	Unsaturated fatty acids	0.447	Organic oxygen compounds	0.997	Organooxygen compounds	0.992	Carbonyl compounds	0.726			Carbonyl compounds	0.726	Organic compounds; Organooxygen compounds; Carbonyl compounds; Organic oxides; Hydrocarbon derivatives; Organic oxygen compounds; Chemical entities	142.086	78	1.294	836961166170187696	836961008464351899	836961008464351898	182	
1	C6H14O4	[M + H]+	C6H15O4+	Fatty acids	0.783	Fatty acyls	0.575	Fatty alcohols	0.522	Organic oxygen compounds	1.000	Organooxygen compounds	1.000	Ethers	0.986	Dialkyl ethers	0.988	Polyethylene glycols	0.964	Organic compounds; Alcohols and polyols; Ethers; Primary alcohols; Organooxygen compounds; Dialkyl ethers; Polyethylene glycols; Hydrocarbon derivatives; Organic oxygen compounds; Chemical entities	151.097	79	1.320	836961167042603051	836961008577598119	836961008573403814	185	
1	C8H14F3NO2	[M - H2O + H]+	C8H13F3NO+	Alkaloids	0.554	Pseudoalkaloids (transamidation)	0.058	Phenylalanine-derived alkaloids	0.095	Organic nitrogen compounds	0.973	Organonitrogen compounds	0.968	Amines	0.828	Alkanolamines	0.856	1,2-aminoalcohols	0.837	Organic compounds; Alcohols and polyols; Organohalogen compounds; Organonitrogen compounds; Organooxygen compounds; Alkyl fluorides; Organofluorides; Secondary alcohols; 1,2-aminoalcohols; Amines; Alkanolamines; Halohydrins; Fluorohydrins; Alkyl halides; Hydrocarbon derivatives; Organopnictogen compounds; Organic oxygen compounds; Organic nitrogen compounds; Chemical entities	196.095	84	1.397	836961176022608776	836961008615346859	836961008615346858	186	
1	C8H10O2	[M + H3N + H]+	C8H14NO2+	Fatty acids	0.899	Fatty acyls	0.545	Fatty aldehydes	0.583	Organic oxygen compounds	1.000	Organooxygen compounds	1.000	Carbonyl compounds	0.986	Ketones	0.934	Cyclic ketones	0.793	Organic compounds; Ketones; Organooxygen compounds; Carbonyl compounds; Cyclic ketones; Organic oxides; Hydrocarbon derivatives; Organic oxygen compounds; Chemical entities	156.102	84	1.398	836961290493565290	836961008690844339	836961008690844338	188	
1	C10H19NO3	[M + H3N + H]+	C10H23N2O3+	Fatty acids	0.466	Small peptides	0.109	Piperidine alkaloids	0.101	Organic oxygen compounds	1.000	Organooxygen compounds	1.000	Ethers	0.630	Acetals	0.802	Acetals	0.802	Organic compounds; Organoheterocyclic compounds; Ethers; Organic acids and derivatives; Carboxylic acids and derivatives; Organonitrogen compounds; Organooxygen compounds; Acetals; Carbonyl compounds; Organic oxides; Oxacyclic compounds; Hydrocarbon derivatives; Organopnictogen compounds; Organic oxygen compounds; Organic nitrogen compounds; Chemical entities	219.170	84	1.403	836961158771434870	836961008653095599	836961008653095598	187	
1	C14H31NO6	[M - H2O + H]+	C14H30NO5+	Fatty acids	0.843	Fatty amides	0.377	N-acyl amines	0.690	Lipids and lipid-like molecules	0.711	Fatty Acyls	0.735					Fatty Acyls	0.735	Organic compounds; Lipids and lipid-like molecules; Alcohols and polyols; Organic acids and derivatives; Carboxylic acids and derivatives; Organonitrogen compounds; Primary alcohols; Organooxygen compounds; Carboxylic acid amides; Carboxylic acid derivatives; Secondary alcohols; Carbonyl compounds; Fatty Acyls; Organic oxides; Hydrocarbon derivatives; Organopnictogen compounds; Organic oxygen compounds; Organic nitrogen compounds; Chemical entities	292.212	84	1.407	836961173669604022	836961008724398775	836961008724398774	189	
1	C10H8N4O3	[M + H3N + H]+	C10H12N5O3+	Carbohydrates	0.967	Nucleosides	0.965	Purine nucleosides	0.931	Organoheterocyclic compounds	0.999	Imidazopyrimidines	0.931	Purines and purine derivatives	0.937	Purinones	0.776	6-oxopurines	0.729	Organic compounds; Organoheterocyclic compounds; Pyrimidines and pyrimidine derivatives; Imidazoles; Alcohols and polyols; Purines and purine derivatives; Hypoxanthines; Organic acids and derivatives; Organonitrogen compounds; Pyrimidones; Organooxygen compounds; Azoles; Purinones; Monocarboxylic acids and derivatives; Carboxylic acids; Diazines; 6-oxopurines; Imidazopyrimidines; Substituted imidazoles; N-substituted imidazoles; Vinylogous amides; Organic oxides; Azacyclic compounds; Oxacyclic compounds; Heteroaromatic compounds; Hydrocarbon derivatives; Organopnictogen compounds; Organic oxygen compounds; Organic nitrogen compounds; Chemical entities	250.093	90	1.500	836961165629122408	836961008766341819	836961008766341818	190	
1	C5H3NO2	[M + H3N + H]+	C5H7N2O2+	Alkaloids	0.979	Nicotinic acid alkaloids	0.966	Pyridine alkaloids	0.966	Organoheterocyclic compounds	0.988	Pyridines and derivatives	0.863	Hydropyridines	0.668	Pyridinones	0.617	Pyridinones	0.617	Organic compounds; Organoheterocyclic compounds; Pyridines and derivatives; Lactams; Organonitrogen compounds; Organooxygen compounds; Dihydropyridines; Pyridinones; Hydropyridines; Organic oxides; Azacyclic compounds; Heteroaromatic compounds; Hydrocarbon derivatives; Organopnictogen compounds; Organic oxygen compounds; Organic nitrogen compounds; Chemical entities	127.050	91	1.514	836961199456187251	836961008799896255	836961008799896254	191	
1	C13H26N2O8	[M - H2O + H]+	C13H25N2O7+	Amino acids and Peptides	0.753	Small peptides	0.594	Dipeptides	0.262	Organic acids and derivatives	0.989	Carboxylic acids and derivatives	0.982	Amino acids, peptides, and analogues	0.887	Amino acids and derivatives	0.886	Alpha amino acids	0.623	Organic compounds; Carbohydrates and carbohydrate conjugates; Lipids and lipid-like molecules; Amino acids, peptides, and analogues; Alpha amino acids and derivatives; Alcohols and polyols; Fatty acids and conjugates; Organic acids and derivatives; Carboxylic acids and derivatives; Organonitrogen compounds; Organooxygen compounds; Fatty amides; Hydroxy fatty acids; Amino acids and derivatives; Monoalkylamines; Hydroxy acids and derivatives; Carboxylic acid amides; Carboxylic acid derivatives; N-acyl amines; Carboxylic acids; Secondary alcohols; Secondary carboxylic acid amides; Carbonyl compounds; Alpha amino acids; Amines; Primary amines; Fatty Acyls; Organic oxides; Hydrocarbon derivatives; Amino acids; Organopnictogen compounds; Organic oxygen compounds; Organic nitrogen compounds; Chemical entities	321.165	92	1.525	836961184184725001	836961008980251347	836961008980251346	196	
1	C11H17BN2O6S	[M - H2O + H]+	C11H16BN2O5S+	Amino acids and Peptides	0.890	Small peptides	0.915	Aminoacids	0.414	Organic acids and derivatives	0.977	Carboxylic acids and derivatives	0.788	Amino acids, peptides, and analogues	0.724	Amino acids and derivatives	0.723	Alpha amino acids	0.587	Organic compounds; Organosulfur compounds; Amino acids, peptides, and analogues; Alpha amino acids and derivatives; Organic acids and derivatives; Carboxylic acids and derivatives; Organonitrogen compounds; Organooxygen compounds; Amino acids and derivatives; Boronic acids; Organometallic compounds; Carboxylic acid amides; Boronic acid derivatives; Carboxylic acids; Organometalloid compounds; Secondary carboxylic acid amides; Carbonyl compounds; Alpha amino acids; Primary amines; Organoboron compounds; Organic salts; Organic oxides; Organic metalloid salts; Organic metal salts; Hydrocarbon derivatives; Organopnictogen compounds; Alkylboranes; Organic oxygen compounds; Organic nitrogen compounds; Chemical entities	298.090	92	1.530	836961197539390134	836961008946696911	836961008946696910	195	
1	C9H8O2	[M + H3N + H]+	C9H12NO2+	Shikimates and Phenylpropanoids	0.767	Phenylpropanoids (C6-C3)	0.878	Cinnamic acids and derivatives	0.866	Benzenoids	0.995	Benzene and substituted derivatives	0.956					Benzene and substituted derivatives	0.956	Organic compounds; Phenylpropanoids and polyketides; Organic acids and derivatives; Carboxylic acids and derivatives; Organooxygen compounds; Monocarboxylic acids and derivatives; Carboxylic acids; Carbonyl compounds; Benzene and substituted derivatives; Benzenoids; Organic oxides; Hydrocarbon derivatives; Organic oxygen compounds; Chemical entities	166.086	92	1.530	836961334382764662	836961008837644995	836961008837644994	192	
1	C5H7FO	[M + H3N + H]+	C5H11FNO+	Fatty acids	0.289	Phenylpropanoids (C6-C3)	0.180	Halogenated fatty acids	0.471	Benzenoids	0.861	Benzene and substituted derivatives	0.829	Halobenzenes	0.698	Fluorobenzenes	0.754	Fluorobenzenes	0.754	Organic compounds; Halobenzenes; Organohalogen compounds; Organooxygen compounds; Aryl fluorides; Fluorobenzenes; Organofluorides; Benzene and substituted derivatives; Benzenoids; Aryl halides; Alkyl halides; Hydrocarbon derivatives; Organic oxygen compounds; Chemical entities	120.081	92	1.530	836961310429093112	836961008875393735	836961008875393734	193	
1	C11H14O7	[M + H3N + H]+	C11H18NO7+	Carbohydrates	0.596	Phloroglucinols	0.337	Acyl phloroglucinols	0.543	Organic oxygen compounds	1.000	Organooxygen compounds	1.000	Carbohydrates and carbohydrate conjugates	0.960	Monosaccharides	0.931	Hexoses	0.717	Organic compounds; Organoheterocyclic compounds; Carbohydrates and carbohydrate conjugates; Alcohols and polyols; Ethers; Organic acids and derivatives; Primary alcohols; Organooxygen compounds; Hexoses; Monosaccharides; Acetals; Secondary alcohols; Carbonyl compounds; Oxanes; Glycosyl compounds; O-glycosyl compounds; Polyols; Organic oxides; Oxacyclic compounds; Hydrocarbon derivatives; Organic oxygen compounds; Chemical entities	276.108	92	1.531	836961155818644687	836961008913142475	836961008913142474	194	
1	C8H10O2	[M + H3N + H]+	C8H14NO2+	Terpenoids	0.537	Cyclic polyketides	0.306	Fatty aldehydes	0.135	Organic oxygen compounds	0.999	Organooxygen compounds	0.999	Carbonyl compounds	0.853	Ketones	0.520	Ketones	0.520	Organic compounds; Ketones; Organooxygen compounds; Carbonyl compounds; Organic oxides; Hydrocarbon derivatives; Organic oxygen compounds; Chemical entities	156.102	92	1.536	836961151024554921	836961009018000087	836961009018000086	197	
1	C12H18N2O4S	[M + H3N + H]+	C12H22N3O4S+	Amino acids and Peptides	0.876	Small peptides	0.504	Aminoacids	0.399	Organic acids and derivatives	0.920	Carboxylic acids and derivatives	0.653	Amino acids, peptides, and analogues	0.501	Amino acids and derivatives	0.498	Amino acids	0.538	Organic compounds; Organosulfur compounds; Amino acids, peptides, and analogues; Fatty acids and conjugates; Organic acids and derivatives; Carboxylic acids and derivatives; Organonitrogen compounds; Organooxygen compounds; Monocarboxylic acids and derivatives; Carboxylic acids; Carbonyl compounds; Organic oxides; Hydrocarbon derivatives; Amino acids; Organopnictogen compounds; Organic oxygen compounds; Organic nitrogen compounds; Chemical entities	304.132	92	1.539	836961162793772668	836961009051554523	836961009051554522	198	
1	C13H24O4	[M + H3N + H]+	C13H28NO4+	Fatty acids	0.493	Sesquiterpenoids	0.123	Macrolide lactones	0.142	Lipids and lipid-like molecules	0.581	Fatty Acyls	0.501					Fatty Acyls	0.501	Organic compounds; Lipids and lipid-like molecules; Alcohols and polyols; Organic acids and derivatives; Carboxylic acids and derivatives; Organooxygen compounds; Carboxylic acid derivatives; Monocarboxylic acids and derivatives; Carboxylic acid esters; Secondary alcohols; Carbonyl compounds; Fatty Acyls; Organic oxides; Hydrocarbon derivatives; Organic oxygen compounds; Chemical entities	262.201	93	1.547	836961336052097769	836961009085108959	836961009085108958	199	
1	C14H24N2O6	[M - H2O + H]+	C14H23N2O5+	Amino acids and Peptides	0.951	Small peptides	0.941	Dipeptides	0.825	Organic acids and derivatives	0.999	Carboxylic acids and derivatives	0.999	Amino acids, peptides, and analogues	0.984	Peptides	0.793	Peptides	0.793	Organic compounds; Lipids and lipid-like molecules; Amino acids, peptides, and analogues; Alpha amino acids and derivatives; Alcohols and polyols; Fatty acids and conjugates; Organic acids and derivatives; Carboxylic acids and derivatives; Organonitrogen compounds; Organooxygen compounds; Fatty amides; Dicarboxylic acids and derivatives; Amino acids and derivatives; Peptides; Monoalkylamines; Hydroxy acids and derivatives; Carboxylic acid amides; Carboxylic acid derivatives; N-acyl amines; N-acyl-alpha amino acids and derivatives; Carboxylic acids; Secondary carboxylic acid amides; Carbonyl compounds; Alpha amino acid amides; N-acyl-alpha amino acids; Alpha amino acids; Amines; Primary amines; Fatty Acyls; Organic oxides; Hydrocarbon derivatives; Amino acids; Organopnictogen compounds; Organic oxygen compounds; Organic nitrogen compounds; Chemical entities	299.160	94	1.559	836961160788895176	836961009118663395	836961009118663394	200	
1	C13H20N2O4	[M + H3N + H]+	C13H24N3O4+	Amino acids and Peptides	0.620	Small peptides	0.398	Dipeptides	0.425	Lipids and lipid-like molecules	0.568	Fatty Acyls	0.575					Fatty Acyls	0.575	Organic compounds; Lipids and lipid-like molecules; Organic acids and derivatives; Carboxylic acids and derivatives; Organonitrogen compounds; Organooxygen compounds; Carboxylic acid amides; Carboxylic acid derivatives; Monocarboxylic acids and derivatives; Carboxylic acids; Secondary carboxylic acid amides; Carbonyl compounds; Fatty Acyls; Organic oxides; Hydrocarbon derivatives; Organopnictogen compounds; Organic oxygen compounds; Organic nitrogen compounds; Chemical entities	286.176	97	1.612	836961223388888480	836961009194160875	836961009189966570	202	
1	C19H27NO12	[M + H3N + H]+	C19H31N2O12+	Carbohydrates	0.992	Aminosugars and aminoglycosides	0.896	Aminosugars	0.792	Organic oxygen compounds	1.000	Organooxygen compounds	1.000	Carbohydrates and carbohydrate conjugates	0.996	Aminosaccharides	0.970	N-acyl-alpha-hexosamines	0.972	Organic compounds; Organoheterocyclic compounds; Carbohydrates and carbohydrate conjugates; Alcohols and polyols; Ethers; Organic acids and derivatives; Carboxylic acids and derivatives; Organonitrogen compounds; Primary alcohols; Organooxygen compounds; Carboxylic acid amides; Carboxylic acid derivatives; Acetals; Secondary alcohols; Secondary carboxylic acid amides; Carbonyl compounds; Oxanes; Glycosyl compounds; O-glycosyl compounds; N-acyl-alpha-hexosamines; Benzene and substituted derivatives; Polyols; Benzenoids; Aminosaccharides; Acetamides; Organic oxides; Oxacyclic compounds; Hydrocarbon derivatives; Organopnictogen compounds; Organic oxygen compounds; Organic nitrogen compounds; Chemical entities	479.187	97	1.616	836961193550606504	836961009156412135	836961009156412134	201	
1	C10H12O3	[M + H3N + H]+	C10H16NO3+	Fatty acids	0.899	Fatty Acids and Conjugates	0.433	Unsaturated fatty acids	0.181	Organic acids and derivatives	0.856	Carboxylic acids and derivatives	0.855	Carboxylic acids	0.760			Carboxylic acids	0.760	Organic compounds; Organic acids and derivatives; Carboxylic acids and derivatives; Organooxygen compounds; Monocarboxylic acids and derivatives; Carboxylic acids; Carbonyl compounds; Organic oxides; Hydrocarbon derivatives; Organic oxygen compounds; Chemical entities	198.113	97	1.619	836961341617939426	836961009227715311	836961009227715310	203	
1	C9H11NO	[M + H3N + H]+	C9H15N2O+	Alkaloids	0.976	Nicotinic acid alkaloids	0.867	Pyridine alkaloids	0.867	Organoheterocyclic compounds	0.799	Pyridines and derivatives	0.577					Pyridines and derivatives	0.577	Organic compounds; Organoheterocyclic compounds; Pyridines and derivatives; Organonitrogen compounds; Organooxygen compounds; Azacyclic compounds; Hydrocarbon derivatives; Organopnictogen compounds; Organic oxygen compounds; Organic nitrogen compounds; Chemical entities	167.118	97	1.624	836961145190277796	836961009265464051	836961009265464050	204	
1	C13H24O4	[M + H3N + H]+	C13H28NO4+	Fatty acids	0.610	Fatty esters	0.171	Iridoids monoterpenoids	0.123	Lipids and lipid-like molecules	0.655	Fatty Acyls	0.594					Fatty Acyls	0.594	Organic compounds; Lipids and lipid-like molecules; Alcohols and polyols; Organic acids and derivatives; Carboxylic acids and derivatives; Organooxygen compounds; Carboxylic acid derivatives; Monocarboxylic acids and derivatives; Carboxylic acid esters; Carbonyl compounds; Fatty Acyls; Organic oxides; Hydrocarbon derivatives; Organic oxygen compounds; Chemical entities	262.201	100	1.661	836961165130000201	836961009299018487	836961009299018486	205	
1	C10H19NO3	[M + H3N + H]+	C10H23N2O3+	Amino acids and Peptides	0.480	Small peptides	0.315	Aminoacids	0.178	Organic acids and derivatives	0.919	Carboxylic acids and derivatives	0.902	Amino acids, peptides, and analogues	0.512	Amino acids and derivatives	0.513	Amino acids and derivatives	0.513	Organic compounds; Amino acids, peptides, and analogues; Organic acids and derivatives; Carboxylic acids and derivatives; Organonitrogen compounds; Organooxygen compounds; Amino acids and derivatives; Carboxylic acid derivatives; Monocarboxylic acids and derivatives; Carboxylic acid esters; Carbonyl compounds; Organic oxides; Hydrocarbon derivatives; Organopnictogen compounds; Organic oxygen compounds; Organic nitrogen compounds; Chemical entities	219.170	100	1.671	836961196616643115	836961009521316623	836961009521316622	211	
1	C14H19NO5	[M + H3N + H]+	C14H23N2O5+	Alkaloids	0.616	Ornithine alkaloids	0.521	Pyrrolidine alkaloids	0.213	Organic acids and derivatives	0.955	Carboxylic acids and derivatives	0.917	Carboxylic acid derivatives	0.741			Carboxylic acid derivatives	0.741	Organic compounds; Organoheterocyclic compounds; Alcohols and polyols; Organic acids and derivatives; Carboxylic acids and derivatives; Organonitrogen compounds; Organooxygen compounds; Carboxylic acid derivatives; Monocarboxylic acids and derivatives; Carbonyl compounds; Organic oxides; Azacyclic compounds; Oxacyclic compounds; Hydrocarbon derivatives; Organopnictogen compounds; Organic oxygen compounds; Organic nitrogen compounds; Chemical entities	299.160	101	1.675	836961335007716008	836961009487762187	836961009483567882	210	
1	C7H17O7	[M - H2O + H]+	C7H16O6+	Carbohydrates	0.887	Saccharides	0.745	Monosaccharides	0.551	Organic oxygen compounds	1.000	Organooxygen compounds	1.000	Carbohydrates and carbohydrate conjugates	0.931	Monosaccharides	0.824	Monosaccharides	0.824	Organic compounds; Carbohydrates and carbohydrate conjugates; Lipids and lipid-like molecules; Alcohols and polyols; Primary alcohols; Organooxygen compounds; Monosaccharides; Secondary alcohols; Sugar alcohols; Polyols; Fatty Acyls; Hydrocarbon derivatives; Organic oxygen compounds; Chemical entities	196.095	101	1.676	836961166237296572	836961009412264707	836961009412264706	208	
1	C8H10O2	[M + H3N + H]+	C8H14NO2+	Fatty acids	0.734	Fatty Acids and Conjugates	0.232	Unsaturated fatty acids	0.368	Organic acids and derivatives	0.479	Carboxylic acids and derivatives	0.497	Monocarboxylic acids and derivatives	0.526			Monocarboxylic acids and derivatives	0.526	Organic compounds; Organooxygen compounds; Monocarboxylic acids and derivatives; Carbonyl compounds; Organic oxides; Hydrocarbon derivatives; Organic oxygen compounds; Chemical entities	156.102	101	1.677	836961154006705255	836961009450013447	836961009450013446	209	
1	C8H10O2	[M + H]+	C8H11O2+	Fatty acids	0.773	Fatty Acids and Conjugates	0.317	Unsaturated fatty acids	0.590	Organic acids and derivatives	0.570	Carboxylic acids and derivatives	0.561	Monocarboxylic acids and derivatives	0.618			Monocarboxylic acids and derivatives	0.618	Organic compounds; Organoheterocyclic compounds; Organic acids and derivatives; Carboxylic acids and derivatives; Organooxygen compounds; Monocarboxylic acids and derivatives; Carbonyl compounds; Organic oxides; Oxacyclic compounds; Hydrocarbon derivatives; Organic oxygen compounds; Chemical entities	139.075	101	1.677	836961143722271339	836961009336767227	836961009336767226	206	
1	C8H8O	[M + H3N + H]+	C8H12NO+	Shikimates and Phenylpropanoids	0.882	Phenylpropanoids (C6-C3)	0.970	Cinnamic acids and derivatives	0.964	Benzenoids	0.951	Benzene and substituted derivatives	0.830					Benzene and substituted derivatives	0.830	Organic compounds; Organooxygen compounds; Carbonyl compounds; Benzene and substituted derivatives; Benzenoids; Organic oxides; Hydrocarbon derivatives; Organic oxygen compounds; Chemical entities	138.091	101	1.681	836961149661406074	836961009374515967	836961009374515966	207	
1	C9H12O3	[M + H3N + H]+	C9H16NO3+	Fatty acids	0.464	Monoterpenoids	0.234	2-pyrone derivatives	0.200	Organic acids and derivatives	0.889	Carboxylic acids and derivatives	0.849	Monocarboxylic acids and derivatives	0.671			Monocarboxylic acids and derivatives	0.671	Organic compounds; Organic acids and derivatives; Carboxylic acids and derivatives; Organooxygen compounds; Monocarboxylic acids and derivatives; Carbonyl compounds; Organic oxides; Hydrocarbon derivatives; Organic oxygen compounds; Chemical entities	186.112	102	1.700	836961145223832255	836961009592619799	836961009592619798	213	
1	C12H14FN3O	[M - H2O + H]+	C12H13FN3+	Alkaloids	0.871	Tryptophan alkaloids	0.234	Pyridine alkaloids	0.089	Benzenoids	0.907	Benzene and substituted derivatives	0.769	Halobenzenes	0.645	Fluorobenzenes	0.753	Fluorobenzenes	0.753	Organic compounds; Organoheterocyclic compounds; Halobenzenes; Organic acids and derivatives; Carboxylic acids and derivatives; Organohalogen compounds; Organonitrogen compounds; Organooxygen compounds; Carboxylic acid amides; Aryl fluorides; Fluorobenzenes; Organofluorides; Benzene and substituted derivatives; Benzenoids; Aryl halides; Organic oxides; Azacyclic compounds; Heteroaromatic compounds; Hydrocarbon derivatives; Organopnictogen compounds; Organic oxygen compounds; Organic nitrogen compounds; Chemical entities	218.108	103	1.712	836961149200032596	836961009554871059	836961009554871058	212	
1	C12H18FO2	[M - H2O + H]+	C12H17FO+	Terpenoids	0.937	Sesquiterpenoids	0.412	Halogenated fatty acids	0.208	Lipids and lipid-like molecules	0.515							Lipids and lipid-like molecules	0.515	Organic compounds; Lipids and lipid-like molecules; Alcohols and polyols; Organohalogen compounds; Organooxygen compounds; Alkyl fluorides; Organofluorides; Carbonyl compounds; Alkyl halides; Organic oxides; Hydrocarbon derivatives; Organic oxygen compounds; Chemical entities	196.126	103	1.713	836961320084381534	836961009663922975	836961009663922974	215	
1	C6H6ClF	[M + Na]+	C6H6ClFNa+	Fatty acids	0.160	Fatty acyls	0.036	Halogenated fatty acids	0.071	Benzenoids	0.996	Benzene and substituted derivatives	0.989	Halobenzenes	0.981	Chlorobenzenes	0.803	Chlorobenzenes	0.803	Organic compounds; Halobenzenes; Organohalogen compounds; Alkyl chlorides; Aryl chlorides; Aryl fluorides; Chlorobenzenes; Fluorobenzenes; Organochlorides; Organofluorides; Benzene and substituted derivatives; Benzenoids; Aryl halides; Alkyl halides; Hydrocarbon derivatives; Chemical entities	155.003	103	1.716	836961172621027842	836961009630368539	836961009626174234	214	
1	C9H12O2	[M + H3N + H]+	C9H16NO2+	Fatty acids	0.679	Monoterpenoids	0.530	Unsaturated fatty acids	0.414	Organic acids and derivatives	0.588	Carboxylic acids and derivatives	0.629	Monocarboxylic acids and derivatives	0.579			Monocarboxylic acids and derivatives	0.579	Organic compounds; Organic acids and derivatives; Carboxylic acids and derivatives; Organooxygen compounds; Monocarboxylic acids and derivatives; Carbonyl compounds; Organic oxides; Hydrocarbon derivatives; Organic oxygen compounds; Chemical entities	170.118	105	1.757	836961147253875463	836961009869443895	836961009869443894	221	
1	C9H17NO2	[M + H3N + H]+	C9H21N2O2+	Amino acids and Peptides	0.729	Small peptides	0.789	Aminoacids	0.735	Organic acids and derivatives	0.961	Carboxylic acids and derivatives	0.955	Amino acids, peptides, and analogues	0.777	Amino acids and derivatives	0.777	Amino acids	0.731	Organic compounds; Lipids and lipid-like molecules; Amino acids, peptides, and analogues; Fatty acids and conjugates; Organic acids and derivatives; Carboxylic acids and derivatives; Organonitrogen compounds; Organooxygen compounds; Amino acids and derivatives; Monoalkylamines; Amino fatty acids; Monocarboxylic acids and derivatives; Carboxylic acids; Carbonyl compounds; Amines; Primary amines; Fatty Acyls; Organic oxides; Hydrocarbon derivatives; Amino acids; Organopnictogen compounds; Organic oxygen compounds; Organic nitrogen compounds; Chemical entities	189.160	106	1.761	836961152408675336	836961009697477411	836961009697477410	216	
1	C7H10O2	[M + H3N + H]+	C7H14NO2+	Fatty acids	0.896	Fatty Acids and Conjugates	0.779	Unsaturated fatty acids	0.792	Lipids and lipid-like molecules	0.504							Lipids and lipid-like molecules	0.504	Organic compounds; Lipids and lipid-like molecules; Organic acids and derivatives; Carboxylic acids and derivatives; Organooxygen compounds; Monocarboxylic acids and derivatives; Carboxylic acids; Carbonyl compounds; Organic oxides; Hydrocarbon derivatives; Organic oxygen compounds; Chemical entities	144.102	106	1.761	836961168242174086	836961009731031847	836961009731031846	217	
1	C9H17NO3	[M + Na]+	C9H17NNaO3+	Alkaloids	0.602	Ornithine alkaloids	0.663	Tropane alkaloids	0.249	Organic acids and derivatives	0.985	Carboxylic acids and derivatives	0.983	Amino acids, peptides, and analogues	0.685	Amino acids and derivatives	0.685	Amino acids and derivatives	0.685	Organic compounds; Organoheterocyclic compounds; Amino acids, peptides, and analogues; Piperidines; Organic acids and derivatives; Carboxylic acids and derivatives; Organonitrogen compounds; Organooxygen compounds; Amino acids and derivatives; Carboxylic acid derivatives; Monocarboxylic acids and derivatives; Carboxylic acid esters; Carbonyl compounds; Amines; Organic oxides; Azacyclic compounds; Hydrocarbon derivatives; Organopnictogen compounds; Organic oxygen compounds; Organic nitrogen compounds; Chemical entities	210.110	106	1.771	836961338912613239	836961009835889459	836961009835889458	220	
1	C11H21NO3	[M + H3N + H]+	C11H25N2O3+	Fatty acids	0.530	Small peptides	0.353	Aminoacids	0.352	Organic acids and derivatives	0.949	Carboxylic acids and derivatives	0.946	Amino acids, peptides, and analogues	0.599	Amino acids and derivatives	0.600	Amino acids and derivatives	0.600	Organic compounds; Lipids and lipid-like molecules; Amino acids, peptides, and analogues; Organic acids and derivatives; Carboxylic acids and derivatives; Organonitrogen compounds; Organooxygen compounds; Amino acids and derivatives; Carboxylic acid derivatives; Monocarboxylic acids and derivatives; Carbonyl compounds; Amines; Fatty Acyls; Organic oxides; Hydrocarbon derivatives; Organopnictogen compounds; Organic oxygen compounds; Organic nitrogen compounds; Chemical entities	233.186	106	1.772	836961156733003030	836961009764586283	836961009764586282	218	
1	C9H14O3	[M + H3N + H]+	C9H18NO3+	Fatty acids	0.971	Fatty Acids and Conjugates	0.478	Lactones	0.485	Organic acids and derivatives	0.895	Carboxylic acids and derivatives	0.882	Carboxylic acids	0.569			Carboxylic acids	0.569	Organic compounds; Organic acids and derivatives; Carboxylic acids and derivatives; Organooxygen compounds; Monocarboxylic acids and derivatives; Carboxylic acids; Carbonyl compounds; Organic oxides; Hydrocarbon derivatives; Organic oxygen compounds; Chemical entities	188.128	109	1.819	836961304183774192	836961009940747071	836961009940747070	223	
1	C7H12O2	[M + H3N + H]+	C7H16NO2+	Fatty acids	0.993	Fatty Acids and Conjugates	0.908	Unsaturated fatty acids	0.847	Lipids and lipid-like molecules	0.533	Fatty Acyls	0.498	Fatty acids and conjugates	0.534			Fatty acids and conjugates	0.534	Organic compounds; Lipids and lipid-like molecules; Fatty acids and conjugates; Organic acids and derivatives; Carboxylic acids and derivatives; Organooxygen compounds; Monocarboxylic acids and derivatives; Carboxylic acids; Carbonyl compounds; Organic oxides; Hydrocarbon derivatives; Organic oxygen compounds; Chemical entities	146.118	110	1.828	836961149367804773	836961009978495811	836961009974301506	224	
1	C8H14O2	[M + H]+	C8H15O2+	Fatty acids	0.911	Fatty acyls	0.541	Fatty aldehydes	0.245	Organic oxygen compounds	0.999	Organooxygen compounds	0.999	Carbonyl compounds	0.730			Carbonyl compounds	0.730	Organic compounds; Organooxygen compounds; Carbonyl compounds; Organic oxides; Hydrocarbon derivatives; Organic oxygen compounds; Chemical entities	143.107	111	1.858	836961333074141754	836961010012050247	836961010007855942	225	
1	C13H25BN2O3Si	[M + Na]+	C13H25BN2NaO3Si+	Amino acids and Peptides	0.514	Monoterpenoids	0.637	Pinane monoterpenoids	0.669	Organic acids and derivatives	0.978	Boronic acid derivatives	0.776	Boronic acids	0.538			Boronic acids	0.538	Organic compounds; Organoheterocyclic compounds; Organic acids and derivatives; Carboxylic acids and derivatives; Organonitrogen compounds; Organooxygen compounds; Boronic acids; Organometallic compounds; Carboxylic acid amides; Boronic acid derivatives; Carboxylic acid derivatives; Organometalloid compounds; Carbonyl compounds; Organoboron compounds; Organic salts; Organic oxides; Organic metalloid salts; Organic metal salts; Hydrocarbon derivatives; Alkylboranes; Organic oxygen compounds; Organic nitrogen compounds; Chemical entities	318.166	113	1.878	836961171132049763	836961010045604683	836961010041410378	226	
1	C13H25BN2O3Si	[M + Na]+	C13H25BN2NaO3Si+	Amino acids and Peptides	0.486	Monoterpenoids	0.636	Pinane monoterpenoids	0.678	Organic acids and derivatives	0.971	Boronic acid derivatives	0.765	Boronic acids	0.565			Boronic acids	0.565	Organic compounds; Organoheterocyclic compounds; Organic acids and derivatives; Carboxylic acids and derivatives; Organonitrogen compounds; Organooxygen compounds; Boronic acids; Organometallic compounds; Boronic acid derivatives; Organometalloid compounds; Carbonyl compounds; Organoboron compounds; Organic salts; Organic oxides; Organic metalloid salts; Organic metal salts; Azacyclic compounds; Hydrocarbon derivatives; Alkylboranes; Organic oxygen compounds; Organic nitrogen compounds; Chemical entities	318.166	113	1.879	836961220394155024	836961009907192635	836961009902998330	222	
1	C11H22N2O4	[M - H2O + H]+	C11H21N2O3+	Amino acids and Peptides	0.946	Small peptides	0.908	Dipeptides	0.577	Organic acids and derivatives	0.999	Carboxylic acids and derivatives	0.997	Amino acids, peptides, and analogues	0.794	Amino acids and derivatives	0.789	Alpha amino acids and derivatives	0.744	Organic compounds; Lipids and lipid-like molecules; Amino acids, peptides, and analogues; Alpha amino acids and derivatives; Fatty acids and conjugates; Organic acids and derivatives; Carboxylic acids and derivatives; Organonitrogen compounds; Organooxygen compounds; Fatty amides; Branched fatty acids; Amino acids and derivatives; Carboxylic acid amides; Carboxylic acid derivatives; N-acyl amines; Monocarboxylic acids and derivatives; Carboxylic acids; Secondary carboxylic acid amides; Carbonyl compounds; Fatty Acyls; Organic oxides; Hydrocarbon derivatives; Organopnictogen compounds; Organic oxygen compounds; Organic nitrogen compounds; Chemical entities	229.155	116	1.939	836961300614421312	836961010112713555	836961010112713554	228	
1	C5H2N4O	[M + H3N + H]+	C5H6N5O+	Alkaloids	0.988	Pseudoalkaloids (transamidation)	0.946	Purine alkaloids	0.982	Organoheterocyclic compounds	0.999	Imidazopyrimidines	0.802	Purines and purine derivatives	0.730	Purinones	0.602	Purinones	0.602	Organic compounds; Organoheterocyclic compounds; Pyrimidines and pyrimidine derivatives; Imidazoles; Purines and purine derivatives; Organic acids and derivatives; Organonitrogen compounds; Pyrimidones; Organooxygen compounds; Azoles; Purinones; Diazines; Imidazopyrimidines; Organic oxides; Azacyclic compounds; Heteroaromatic compounds; Hydrocarbon derivatives; Organopnictogen compounds; Organic oxygen compounds; Organic nitrogen compounds; Chemical entities	152.057	118	1.963	836961320357011311	836961010146267991	836961010146267990	229	
1	C11H17N5O4S	[M - H2O + H]+	C11H16N5O3S+	Carbohydrates	1.000	Nucleosides	1.000	Purine nucleosides	0.999	Nucleosides, nucleotides, and analogues	0.977	5'-deoxyribonucleosides	0.995	5'-deoxy-5'-thionucleosides	0.996			5'-deoxy-5'-thionucleosides	0.996	Organic compounds; Organoheterocyclic compounds; Organosulfur compounds; Carbohydrates and carbohydrate conjugates; Pyrimidines and pyrimidine derivatives; Imidazoles; Alcohols and polyols; Purines and purine derivatives; Organonitrogen compounds; Nucleosides, nucleotides, and analogues; Organooxygen compounds; Azoles; Thioethers; Aminopyrimidines and derivatives; Diazines; Pentoses; Monosaccharides; Secondary alcohols; Imidazopyrimidines; Glycosyl compounds; Glycosylamines; Polyols; Substituted imidazoles; N-substituted imidazoles; Amines; Primary amines; 1,2-diols; Tetrahydrofurans; 6-aminopurines; Sulfenyl compounds; Dialkylthioethers; Imidolactams; Azacyclic compounds; Oxacyclic compounds; Heteroaromatic compounds; Hydrocarbon derivatives; 5'-deoxyribonucleosides; 5'-deoxy-5'-thionucleosides; Organopnictogen compounds; Organic oxygen compounds; Organic nitrogen compounds; Chemical entities	298.097	118	1.969	836961312975035755	836961010184016731	836961010179822426	230	
1	C9H9NO2	[M - H2O + H]+	C9H8NO+	Alkaloids	0.987	Tryptophan alkaloids	0.818	Simple oxindole alkaloids	0.840	Organoheterocyclic compounds	0.838	Indoles and derivatives	0.531					Indoles and derivatives	0.531	Organic compounds; Organoheterocyclic compounds; Indoles and derivatives; Organic acids and derivatives; Carboxylic acids and derivatives; Organonitrogen compounds; Organooxygen compounds; Carbonyl compounds; Benzenoids; Organic oxides; Azacyclic compounds; Hydrocarbon derivatives; Organopnictogen compounds; Organic oxygen compounds; Organic nitrogen compounds; Chemical entities	146.060	119	1.978	836961302002736037	836961010217571167	836961010217571166	231	
1	C11H6O2	[M + H3N + H]+	C11H10NO2+	Shikimates and Phenylpropanoids	0.570	Naphthalenes	0.885	Naphthoquinones	0.633	Benzenoids	0.998	Naphthalenes	0.819					Naphthalenes	0.819	Organic compounds; Naphthalenes; Organooxygen compounds; Carbonyl compounds; Benzenoids; Organic oxides; Hydrocarbon derivatives; Organic oxygen compounds; Chemical entities	188.071	119	1.981	836961220008278988	836961010288874343	836961010288874342	233	
1	C11H9NO2	[M + H3N + H]+	C11H13N2O2+	Alkaloids	0.997	Tryptophan alkaloids	0.992	Simple indole alkaloids	0.969	Organoheterocyclic compounds	0.999	Indoles and derivatives	0.973	Indolyl carboxylic acids and derivatives	0.724			Indolyl carboxylic acids and derivatives	0.724	Organic compounds; Organoheterocyclic compounds; Pyrroles; Indoles and derivatives; Organic acids and derivatives; Carboxylic acids and derivatives; Organonitrogen compounds; Organooxygen compounds; Monocarboxylic acids and derivatives; Carboxylic acids; Indolyl carboxylic acids and derivatives; Carbonyl compounds; Substituted pyrroles; Benzenoids; Indoles; Organic oxides; Azacyclic compounds; Heteroaromatic compounds; Hydrocarbon derivatives; 3-alkylindoles; Organopnictogen compounds; Organic oxygen compounds; Organic nitrogen compounds; Chemical entities	205.097	119	1.981	836961324593258592	836961010326623083	836961010326623082	234	
1	C10H22O6	[M + H3N + H]+	C10H26NO6+	Fatty acids	0.793	Fatty acyls	0.517	Fatty alcohols	0.425	Organic oxygen compounds	1.000	Organooxygen compounds	1.000	Ethers	0.991	Dialkyl ethers	0.992	Polyethylene glycols	0.985	Organic compounds; Alcohols and polyols; Ethers; Primary alcohols; Organooxygen compounds; Dialkyl ethers; Polyethylene glycols; Hydrocarbon derivatives; Organic oxygen compounds; Chemical entities	256.175	121	2.011	836961324245131311	836961010360177519	836961010360177518	235	
1	C12H26O6	[M + H3N + H]+	C12H30NO6+	Fatty acids	0.923	Fatty acyls	0.544	Fatty alcohols	0.147	Organic oxygen compounds	1.000	Organooxygen compounds	0.999	Ethers	0.994	Dialkyl ethers	0.993	Polyethylene glycols	0.624	Organic compounds; Ethers; Organooxygen compounds; Dialkyl ethers; Polyethylene glycols; Hydrocarbon derivatives; Organic oxygen compounds; Chemical entities	284.207	121	2.012	836961154178671742	836961010397926259	836961010397926258	236	
1	C11H19NO3	[M + H3N + H]+	C11H23N2O3+	Alkaloids	0.820	Ornithine alkaloids	0.240	Pyrrolidine alkaloids	0.239	Organic acids and derivatives	0.921	Carboxylic acids and derivatives	0.905	Carboxylic acid derivatives	0.535			Carboxylic acid derivatives	0.535	Organic compounds; Organoheterocyclic compounds; Organic acids and derivatives; Carboxylic acids and derivatives; Organonitrogen compounds; Organooxygen compounds; Carboxylic acid derivatives; Monocarboxylic acids and derivatives; Carbonyl compounds; Organic oxides; Hydrocarbon derivatives; Organopnictogen compounds; Organic oxygen compounds; Organic nitrogen compounds; Chemical entities	231.170	124	2.074	836961157861270867	836961010431480695	836961010431480694	237	
1	C9H12O2	[M + H3N + H]+	C9H16NO2+	Fatty acids	0.978	Fatty Acids and Conjugates	0.792	Unsaturated fatty acids	0.898	Organic acids and derivatives	0.769	Carboxylic acids and derivatives	0.790	Carboxylic acids	0.634			Carboxylic acids	0.634	Organic compounds; Organic acids and derivatives; Carboxylic acids and derivatives; Organooxygen compounds; Monocarboxylic acids and derivatives; Carboxylic acids; Carbonyl compounds; Organic oxides; Hydrocarbon derivatives; Organic oxygen compounds; Chemical entities	170.118	125	2.082	836961153620829231	836961010502783871	836961010502783870	239	
1	C9H12O3	[M + H3N + H]+	C9H16NO3+	Shikimates and Phenylpropanoids	0.538	Phenylpropanoids (C6-C3)	0.144	Simple phenolic acids	0.137	Benzenoids	0.914	Benzene and substituted derivatives	0.789					Benzene and substituted derivatives	0.789	Organic compounds; Organic acids and derivatives; Carboxylic acids and derivatives; Organooxygen compounds; Monocarboxylic acids and derivatives; Carboxylic acids; Carbonyl compounds; Benzene and substituted derivatives; Benzenoids; Organic oxides; Hydrocarbon derivatives; Organic oxygen compounds; Chemical entities	186.112	125	2.086	836961156737197340	836961010540532611	836961010540532610	240	
1	C9H13NaO3	[M + H3N + H]+	C9H17NNaO3+	Terpenoids	0.284	Monoterpenoids	0.211	Halogenated fatty acids	0.170	Benzenoids	0.487	Benzene and substituted derivatives	0.510					Benzene and substituted derivatives	0.510	Organic compounds; Organic acids and derivatives; Carboxylic acids and derivatives; Organohalogen compounds; Organooxygen compounds; Monocarboxylic acids and derivatives; Carbonyl compounds; Benzene and substituted derivatives; Organic oxides; Hydrocarbon derivatives; Organic oxygen compounds; Chemical entities	210.110	125	2.088	836961174130977500	836961010465035131	836961010465035130	238	
1	C11H22BFN2O3Si	[M + Na]+	C11H22BFN2NaO3Si+	Terpenoids	0.677	Monoterpenoids	0.879	Pinane monoterpenoids	0.443	Organic acids and derivatives	0.966	Carboxylic acids and derivatives	0.505	Amino acids, peptides, and analogues	0.653	Amino acids and derivatives	0.655	Amino acids and derivatives	0.655	Organic compounds; Organoheterocyclic compounds; Amino acids, peptides, and analogues; Organic acids and derivatives; Carboxylic acids and derivatives; Organonitrogen compounds; Organooxygen compounds; Amino acids and derivatives; Organometallic compounds; Boronic acid derivatives; Organometalloid compounds; Carbonyl compounds; Organoboron compounds; Organic salts; Organic oxides; Organic metalloid salts; Organic metal salts; Hydrocarbon derivatives; Alkylboranes; Organic oxygen compounds; Organic nitrogen compounds; Chemical entities	310.140	126	2.102	836961170184136935	836961010574087047	836961010574087046	241	
1	C10H14O2	[M + H3N + H]+	C10H18NO2+	Terpenoids	0.513	Monoterpenoids	0.368	Irregular monoterpenoids	0.377	Organic oxygen compounds	0.997	Organooxygen compounds	0.994	Carbonyl compounds	0.740			Carbonyl compounds	0.740	Organic compounds; Organooxygen compounds; Carbonyl compounds; Organic oxides; Hydrocarbon derivatives; Organic oxygen compounds; Chemical entities	184.133	130	2.163	836961179357080808	836961010678944659	836961010678944658	244	
1	C9H15NO2	[M + H3N + H]+	C9H19N2O2+	Amino acids and Peptides	0.788	Small peptides	0.674	Aminoacids	0.750	Organic acids and derivatives	0.998	Carboxylic acids and derivatives	0.994	Amino acids, peptides, and analogues	0.483	Amino acids and derivatives	0.483	Amino acids	0.509	Organic compounds; Lipids and lipid-like molecules; Organic acids and derivatives; Carboxylic acids and derivatives; Organonitrogen compounds; Organooxygen compounds; Carboxylic acid amides; Carboxylic acid derivatives; Monocarboxylic acids and derivatives; Carboxylic acids; Primary carboxylic acid amides; Carbonyl compounds; Amines; Fatty Acyls; Organic oxides; Hydrocarbon derivatives; Amino acids; Organopnictogen compounds; Organic oxygen compounds; Organic nitrogen compounds; Chemical entities	187.144	130	2.170	836961150043087747	836961010645390223	836961010641195918	243	
1	C10H19NO3	[M + Na]+	C10H19NNaO3+	Amino acids and Peptides	0.400	Small peptides	0.293	Aminoacids	0.246	Organic acids and derivatives	0.973	Carboxylic acids and derivatives	0.961	Amino acids, peptides, and analogues	0.705	Amino acids and derivatives	0.704	Amino acids and derivatives	0.704	Organic compounds; Amino acids, peptides, and analogues; Organic acids and derivatives; Carboxylic acids and derivatives; Organonitrogen compounds; Organooxygen compounds; Amino acids and derivatives; Carboxylic acid derivatives; Monocarboxylic acids and derivatives; Carbonyl compounds; Amines; Organic oxides; Hydrocarbon derivatives; Organopnictogen compounds; Organic oxygen compounds; Organic nitrogen compounds; Chemical entities	224.126	130	2.171	836961166786750455	836961010712499095	836961010712499094	245	
1	C9H20O5	[M + H]+	C9H21O5+	Fatty acids	0.989	Fatty acyls	0.968	Fatty alcohols	0.976	Organic oxygen compounds	0.999	Organooxygen compounds	0.992	Alcohols and polyols	0.774	Primary alcohols	0.541	Primary alcohols	0.541	Organic compounds; Alcohols and polyols; Primary alcohols; Organooxygen compounds; Hydrocarbon derivatives; Organic oxygen compounds; Chemical entities	209.138	134	2.229	836961174730763068	836961010779607967	836961010779607966	247	
1	C14H30O7	[M + H3N + H]+	C14H34NO7+	Fatty acids	0.948	Fatty acyls	0.562	Fatty alcohols	0.130	Organic oxygen compounds	1.000	Organooxygen compounds	0.999	Ethers	0.995	Dialkyl ethers	0.994	Polyethylene glycols	0.583	Organic compounds; Ethers; Organooxygen compounds; Dialkyl ethers; Polyethylene glycols; Hydrocarbon derivatives; Organic oxygen compounds; Chemical entities	328.233	135	2.251	836961178212035748	836961010855105447	836961010850911142	249	
1	C10H14O3	[M + H3N + H]+	C10H18NO3+	Fatty acids	0.474	Monoterpenoids	0.330	Irregular monoterpenoids	0.205	Organic acids and derivatives	0.524	Carboxylic acids and derivatives	0.544					Carboxylic acids and derivatives	0.544	Organic compounds; Organic acids and derivatives; Carboxylic acids and derivatives; Organooxygen compounds; Carbonyl compounds; Organic oxides; Hydrocarbon derivatives; Organic oxygen compounds; Chemical entities	200.128	137	2.282	836961162303039044	836961010993517495	836961010993517494	253	
1	C12H23NO4	[M + H3N + H]+	C12H27N2O4+	Amino acids and Peptides	0.404	Small peptides	0.316	Aminoacids	0.248	Organic acids and derivatives	0.901	Carboxylic acids and derivatives	0.897	Amino acids, peptides, and analogues	0.529	Amino acids and derivatives	0.529	Amino acids and derivatives	0.529	Organic compounds; Lipids and lipid-like molecules; Amino acids, peptides, and analogues; Organic acids and derivatives; Carboxylic acids and derivatives; Organonitrogen compounds; Organooxygen compounds; Amino acids and derivatives; Carboxylic acid derivatives; Monocarboxylic acids and derivatives; Carbonyl compounds; Amines; Fatty Acyls; Organic oxides; Hydrocarbon derivatives; Organopnictogen compounds; Organic oxygen compounds; Organic nitrogen compounds; Chemical entities	263.197	137	2.285	836961162038797875	836961010922214319	836961010922214318	251	
1	C10H17NO3	[M + Na]+	C10H17NNaO3+	Amino acids and Peptides	0.911	Small peptides	0.780	Aminoacids	0.600	Organic acids and derivatives	0.937	Carboxylic acids and derivatives	0.906	Amino acids, peptides, and analogues	0.708	Amino acids and derivatives	0.707	Amino acids and derivatives	0.707	Organic compounds; Amino acids, peptides, and analogues; Phenethylamines; Organic acids and derivatives; Carboxylic acids and derivatives; Organonitrogen compounds; Organooxygen compounds; Amino acids and derivatives; Monoalkylamines; Monocarboxylic acids and derivatives; Carboxylic acids; Carbonyl compounds; Benzene and substituted derivatives; Benzenoids; Amines; Primary amines; Organic oxides; Hydrocarbon derivatives; Organopnictogen compounds; Organic oxygen compounds; Organic nitrogen compounds; Chemical entities	222.110	138	2.292	836961185006808698	836961010959963059	836961010959963058	252	
1	C8H10O2	[M + H3N + H]+	C8H14NO2+	Fatty acids	0.820	Fatty acyls	0.344	Fatty aldehydes	0.633	Organic oxygen compounds	0.999	Organooxygen compounds	0.998	Carbonyl compounds	0.926	Ketones	0.521	Ketones	0.521	Organic compounds; Ketones; Organooxygen compounds; Carbonyl compounds; Organic oxides; Hydrocarbon derivatives; Organic oxygen compounds; Chemical entities	156.102	138	2.296	836961153864098901	836961011073209279	836961011073209278	255	
1	C8H12O3	[M + H3N + H]+	C8H16NO3+	Fatty acids	0.442	Cyclic polyketides	0.228	2-pyrone derivatives	0.268	Organic acids and derivatives	0.734	Carboxylic acids and derivatives	0.690	Monocarboxylic acids and derivatives	0.595			Monocarboxylic acids and derivatives	0.595	Organic compounds; Organic acids and derivatives; Carboxylic acids and derivatives; Organooxygen compounds; Monocarboxylic acids and derivatives; Carbonyl compounds; Organic oxides; Hydrocarbon derivatives; Organic oxygen compounds; Chemical entities	174.113	138	2.299	836961164161115876	836961011110958019	836961011110958018	256	
1	C8H12O3	[M - H2O + H]+	C8H11O2+	Fatty acids	0.958	Fatty Acids and Conjugates	0.765	Unsaturated fatty acids	0.459	Organic acids and derivatives	0.870	Carboxylic acids and derivatives	0.878	Carboxylic acids	0.706			Carboxylic acids	0.706	Organic compounds; Organic acids and derivatives; Carboxylic acids and derivatives; Organooxygen compounds; Monocarboxylic acids and derivatives; Carboxylic acids; Carbonyl compounds; Organic oxides; Hydrocarbon derivatives; Organic oxygen compounds; Chemical entities	139.075	138	2.299	836961167705303145	836961011144512455	836961011144512454	257	
1	C8H15NO3	[M + Na]+	C8H15NNaO3+	Amino acids and Peptides	0.846	Small peptides	0.843	Aminoacids	0.816	Organic acids and derivatives	0.930	Carboxylic acids and derivatives	0.931	Amino acids, peptides, and analogues	0.587	Amino acids and derivatives	0.586	Amino acids	0.553	Organic compounds; Lipids and lipid-like molecules; Amino acids, peptides, and analogues; Alcohols and polyols; Fatty acids and conjugates; Organic acids and derivatives; Carboxylic acids and derivatives; Organonitrogen compounds; Organooxygen compounds; Amino acids and derivatives; Monocarboxylic acids and derivatives; Carboxylic acids; Carbonyl compounds; Amines; Fatty Acyls; Organic oxides; Hydrocarbon derivatives; Amino acids; Organopnictogen compounds; Organic oxygen compounds; Organic nitrogen compounds; Chemical entities	196.095	138	2.300	836961185342353045	836961011031266235	836961011031266234	254	
1	C10H16O3	[M + H3N + H]+	C10H20NO3+	Fatty acids	0.715	Monoterpenoids	0.319	Lactones	0.157	Organic acids and derivatives	0.497	Carboxylic acids and derivatives	0.509					Carboxylic acids and derivatives	0.509	Organic compounds; Carboxylic acids and derivatives; Organooxygen compounds; Carbonyl compounds; Organic oxides; Hydrocarbon derivatives; Organic oxygen compounds; Chemical entities	202.144	140	2.341	836961158872098174	836961011178066891	836961011178066890	258	
1	C17H21N4O9P	[M - H2O + H]+	C17H20N4O8P+	Alkaloids	0.993	Anthranilic acid alkaloids	0.999	Phenazine alkaloids	0.169	Nucleosides, nucleotides, and analogues	0.475	Flavin nucleotides	0.995					Flavin nucleotides	0.995	Organic compounds; Organoheterocyclic compounds; Pyrazines; Pyrimidines and pyrimidine derivatives; Pteridines and derivatives; Alcohols and polyols; Lactams; Organic acids and derivatives; Organonitrogen compounds; Pyrimidones; Organooxygen compounds; Alloxazines and isoalloxazines; Organic phosphoric acids and derivatives; Phosphate esters; Quinoxalines; Flavins; Flavin nucleotides; Diazines; Secondary alcohols; Polyols; Benzenoids; Alkyl phosphates; Monoalkyl phosphates; Vinylogous amides; Organic oxides; Azacyclic compounds; Heteroaromatic compounds; Hydrocarbon derivatives; Organopnictogen compounds; Organic oxygen compounds; Organic nitrogen compounds; Diazanaphthalenes; Benzodiazines; Chemical entities	439.101	141	2.353	836961192166486060	836961011220009935	836961011215815630	259	
1	C8H14O2	[M + H3N + H]+	C8H18NO2+	Fatty acids	0.970	Fatty esters	0.607	Lactones	0.577	Organic acids and derivatives	0.763	Carboxylic acids and derivatives	0.775	Monocarboxylic acids and derivatives	0.762			Monocarboxylic acids and derivatives	0.762	Organic compounds; Organic acids and derivatives; Carboxylic acids and derivatives; Organooxygen compounds; Monocarboxylic acids and derivatives; Carbonyl compounds; Organic oxides; Hydrocarbon derivatives; Organic oxygen compounds; Chemical entities	160.133	142	2.362	836961162370147927	836961011257758675	836961011253564370	260	
1	C8H12O2	[M + H3N + H]+	C8H16NO2+	Fatty acids	0.980	Fatty Acids and Conjugates	0.682	Unsaturated fatty acids	0.823	Organic acids and derivatives	0.790	Carboxylic acids and derivatives	0.823	Carboxylic acids	0.655			Carboxylic acids	0.655	Organic compounds; Organic acids and derivatives; Carboxylic acids and derivatives; Organooxygen compounds; Monocarboxylic acids and derivatives; Carboxylic acids; Carbonyl compounds; Organic oxides; Hydrocarbon derivatives; Organic oxygen compounds; Chemical entities	158.118	142	2.370	836961167088740409	836961011291313111	836961011291313110	261	
1	C10H19NO2	[M + H3N + H]+	C10H23N2O2+	Amino acids and Peptides	0.927	Small peptides	0.958	Aminoacids	0.950	Organic acids and derivatives	1.000	Carboxylic acids and derivatives	1.000	Amino acids, peptides, and analogues	0.991	Amino acids and derivatives	0.991	Alpha amino acid esters	0.737	Organic compounds; Lipids and lipid-like molecules; Amino acids, peptides, and analogues; Alpha amino acids and derivatives; Organic acids and derivatives; Carboxylic acids and derivatives; Organonitrogen compounds; Organooxygen compounds; Fatty acid esters; Amino acids and derivatives; Alpha amino acid esters; Monoalkylamines; Carboxylic acid derivatives; Monocarboxylic acids and derivatives; Carboxylic acid esters; Carbonyl compounds; Amines; Primary amines; Fatty Acyls; Organic oxides; Hydrocarbon derivatives; Organopnictogen compounds; Organic oxygen compounds; Organic nitrogen compounds; Chemical entities	203.175	142	2.372	836961160684037567	836961011400365027	836961011396170722	264	
1	C8H12O2	[M + H]+	C8H13O2+	Fatty acids	0.986	Fatty Acids and Conjugates	0.918	Unsaturated fatty acids	0.914	Organic acids and derivatives	0.873	Carboxylic acids and derivatives	0.897	Carboxylic acids	0.829			Carboxylic acids	0.829	Organic compounds; Organic acids and derivatives; Carboxylic acids and derivatives; Organooxygen compounds; Monocarboxylic acids and derivatives; Carboxylic acids; Carbonyl compounds; Organic oxides; Hydrocarbon derivatives; Organic oxygen compounds; Chemical entities	141.091	142	2.375	836961164903507771	836961011362616287	836961011362616286	263	
1	C16H32N4O6	[M - H2O + H]+	C16H31N4O5+	Amino acids and Peptides	0.766	Small peptides	0.471	Dipeptides	0.311	Organic acids and derivatives	0.990	Carboxylic acids and derivatives	0.978	Amino acids, peptides, and analogues	0.706	Amino acids and derivatives	0.692	Alpha amino acids and derivatives	0.564	Organic compounds; Lipids and lipid-like molecules; Amino acids, peptides, and analogues; Alpha amino acids and derivatives; Fatty acids and conjugates; Organic acids and derivatives; Carboxylic acids and derivatives; Organonitrogen compounds; Organooxygen compounds; Fatty amides; Branched fatty acids; Amino acids and derivatives; Hydroxamic acids; Monoalkylamines; Carboxylic acid amides; Carboxylic acid derivatives; N-acyl amines; Monocarboxylic acids and derivatives; Carboxylic acids; Primary carboxylic acid amides; Secondary carboxylic acid amides; Carbonyl compounds; Fatty Acyls; Organic oxides; Hydrocarbon derivatives; Organopnictogen compounds; Organic oxygen compounds; Organic nitrogen compounds; Chemical entities	359.229	146	2.441	836961184897756777	836961011429725159	836961011429725158	265	
1	C12H23NO4	[M + H3N + H]+	C12H27N2O4+	Alkaloids	0.342	Ornithine alkaloids	0.289	Pyrrolidine alkaloids	0.185	Organic acids and derivatives	0.958	Carboxylic acids and derivatives	0.936	Amino acids, peptides, and analogues	0.568	Amino acids and derivatives	0.569	Amino acids and derivatives	0.569	Organic compounds; Lipids and lipid-like molecules; Amino acids, peptides, and analogues; Organic acids and derivatives; Carboxylic acids and derivatives; Organonitrogen compounds; Organooxygen compounds; Amino acids and derivatives; Carboxylic acid derivatives; Monocarboxylic acids and derivatives; Carbonyl compounds; Organic oxides; Hydrocarbon derivatives; Organopnictogen compounds; Organic oxygen compounds; Organic nitrogen compounds; Chemical entities	263.197	147	2.448	836961170117028052	836961011496834031	836961011496834030	267	
1	C15H23N3O4	[M + H3N + H]+	C15H27N4O4+	Amino acids and Peptides	0.902	Small peptides	0.494	Dipeptides	0.346	Organic acids and derivatives	0.962	Carboxylic acids and derivatives	0.911	Amino acids, peptides, and analogues	0.617	Amino acids and derivatives	0.613	Alpha amino acids and derivatives	0.526	Organic compounds; Organoheterocyclic compounds; Lipids and lipid-like molecules; Amino acids, peptides, and analogues; Alpha amino acids and derivatives; Organic acids and derivatives; Carboxylic acids and derivatives; Organonitrogen compounds; Organooxygen compounds; Amino acids and derivatives; Carboxylic acid amides; Carboxylic acid derivatives; Monocarboxylic acids and derivatives; Carbonyl compounds; Organic oxides; Hydrocarbon derivatives; Organopnictogen compounds; Organic oxygen compounds; Organic nitrogen compounds; Chemical entities	327.201	147	2.452	836961176655948789	836961011463279595	836961011463279594	266	
1	C10H14O3	[M + H3N + H]+	C10H18NO3+	Fatty acids	0.976	Octadecanoids	0.607	Jasmonic acids	0.872	Organic acids and derivatives	0.928	Carboxylic acids and derivatives	0.906	Carboxylic acids	0.658			Carboxylic acids	0.658	Organic compounds; Organic acids and derivatives; Carboxylic acids and derivatives; Organooxygen compounds; Monocarboxylic acids and derivatives; Carboxylic acids; Carbonyl compounds; Organic oxides; Hydrocarbon derivatives; Organic oxygen compounds; Chemical entities	200.128	147	2.453	836961167298455617	836961011530388467	836961011530388466	268	
1	C30H46ClF2N3O4	[M + Na]+	C30H46ClF2N3NaO4+	Alkaloids	0.205	Pseudoalkaloids (transamidation)	0.155	Open-chain polyketides	0.044	Organic acids and derivatives	0.962	Carboxylic acids and derivatives	0.957	Amino acids, peptides, and analogues	0.778	Amino acids and derivatives	0.774	Amino acids and derivatives	0.774	Organic compounds; Lipids and lipid-like molecules; Amino acids, peptides, and analogues; Halobenzenes; Alcohols and polyols; Organic acids and derivatives; Carboxylic acids and derivatives; Organohalogen compounds; Organonitrogen compounds; Organooxygen compounds; Amino acids and derivatives; Carboxylic acid amides; Alkyl fluorides; Carboxylic acid derivatives; Organochlorides; Organofluorides; Carbonyl compounds; Trialkylamines; Benzene and substituted derivatives; Benzenoids; Amines; Alkyl halides; Organic oxides; Azacyclic compounds; Hydrocarbon derivatives; Organopnictogen compounds; Organic oxygen compounds; Organic nitrogen compounds; Chemical entities	608.304	151	2.515	836961213393860925	836961011563942903	836961011563942902	269	
1	C10H19NO3	[M - H2O + H]+	C10H18NO2+	Fatty acids	0.731	Small peptides	0.580	Aminoacids	0.490	Organic acids and derivatives	0.980	Carboxylic acids and derivatives	0.981	Amino acids, peptides, and analogues	0.672	Amino acids and derivatives	0.671	Amino acids	0.716	Organic compounds; Lipids and lipid-like molecules; Amino acids, peptides, and analogues; Fatty acids and conjugates; Organic acids and derivatives; Carboxylic acids and derivatives; Organonitrogen compounds; Organooxygen compounds; Amino acids and derivatives; Monoalkylamines; Amino fatty acids; Monocarboxylic acids and derivatives; Carboxylic acids; Carbonyl compounds; Amines; Primary amines; Fatty Acyls; Organic oxides; Hydrocarbon derivatives; Amino acids; Organopnictogen compounds; Organic oxygen compounds; Organic nitrogen compounds; Chemical entities	184.133	152	2.536	836961154015093879	836961011597497339	836961011597497338	270	
1	C10H16O4	[M + H3N + H]+	C10H20NO4+	Fatty acids	0.800	Fatty Acids and Conjugates	0.698	Dicarboxylic acids	0.754	Organic acids and derivatives	0.998	Carboxylic acids and derivatives	0.996	Dicarboxylic acids and derivatives	0.852			Dicarboxylic acids and derivatives	0.852	Organic compounds; Lipids and lipid-like molecules; Organic acids and derivatives; Carboxylic acids and derivatives; Organooxygen compounds; Dicarboxylic acids and derivatives; Carboxylic acids; Carbonyl compounds; Organic oxides; Hydrocarbon derivatives; Organic oxygen compounds; Chemical entities	218.139	153	2.544	836961339092968334	836961011664606211	836961011664606210	272	
1	C10H19NO3	[M + Na]+	C10H19NNaO3+	Amino acids and Peptides	0.819	Small peptides	0.583	Aminoacids	0.442	Organic acids and derivatives	0.951	Carboxylic acids and derivatives	0.947	Amino acids, peptides, and analogues	0.761	Amino acids and derivatives	0.762	Amino acids and derivatives	0.762	Organic compounds; Lipids and lipid-like molecules; Amino acids, peptides, and analogues; Organic acids and derivatives; Carboxylic acids and derivatives; Organonitrogen compounds; Organooxygen compounds; Amino acids and derivatives; Carboxylic acid derivatives; Monocarboxylic acids and derivatives; Carboxylic acid esters; Carbonyl compounds; Amines; Methyl esters; Organic oxides; Hydrocarbon derivatives; Organopnictogen compounds; Organic oxygen compounds; Organic nitrogen compounds; Chemical entities	224.126	156	2.601	836961165922723721	836961011631051775	836961011626857470	271	
1	C10H16O3	[M + H3N + H]+	C10H20NO3+	Terpenoids	0.573	Monoterpenoids	0.427	Iridoids monoterpenoids	0.235	Lipids and lipid-like molecules	0.574							Lipids and lipid-like molecules	0.574	Organic compounds; Lipids and lipid-like molecules; Organic acids and derivatives; Carboxylic acids and derivatives; Organooxygen compounds; Monocarboxylic acids and derivatives; Carboxylic acids; Carbonyl compounds; Organic oxides; Hydrocarbon derivatives; Organic oxygen compounds; Chemical entities	202.144	156	2.603	836961155298550966	836961011731715083	836961011731715082	274	
1	C10H14O4	[M + H3N + H]+	C10H18NO4+	Fatty acids	0.979	Fatty Acids and Conjugates	0.902	Dicarboxylic acids	0.943	Lipids and lipid-like molecules	0.809	Fatty Acyls	0.779	Fatty acids and conjugates	0.796	Medium-chain fatty acids	0.538	Medium-chain fatty acids	0.538	Organic compounds; Lipids and lipid-like molecules; Fatty acids and conjugates; Organic acids and derivatives; Carboxylic acids and derivatives; Organooxygen compounds; Unsaturated fatty acids; Dicarboxylic acids and derivatives; Carboxylic acids; Carbonyl compounds; Medium-chain fatty acids; Fatty Acyls; Organic oxides; Hydrocarbon derivatives; Organic oxygen compounds; Chemical entities	216.123	156	2.603	836961173506026148	836961011698160647	836961011698160646	273	
1	C11H24O4	[M + H3N + H]+	C11H28NO4+	Fatty acids	0.984	Fatty acyls	0.975	Fatty alcohols	0.981	Lipids and lipid-like molecules	0.523							Lipids and lipid-like molecules	0.523	Organic compounds; Lipids and lipid-like molecules; Alcohols and polyols; Primary alcohols; Organooxygen compounds; Hydrocarbon derivatives; Organic oxygen compounds; Chemical entities	238.201	157	2.610	836961171366930813	836961011765269519	836961011765269518	275	
1	C9H20O4	[M + H]+	C9H21O4+	Fatty acids	0.992	Fatty acyls	0.974	Fatty alcohols	0.990	Organic oxygen compounds	1.000	Organooxygen compounds	0.999	Alcohols and polyols	0.907	Primary alcohols	0.729	Primary alcohols	0.729	Organic compounds; Alcohols and polyols; Primary alcohols; Organooxygen compounds; Hydrocarbon derivatives; Organic oxygen compounds; Chemical entities	193.144	157	2.611	836961157672527183	836961011798823955	836961011798823954	276	
1	C11H14O3	[M + H3N + H]+	C11H18NO3+	Terpenoids	0.511	Phenylpropanoids (C6-C3)	0.242	Cinnamic acids and derivatives	0.227	Benzenoids	0.623	Benzene and substituted derivatives	0.514					Benzene and substituted derivatives	0.514	Organic compounds; Organooxygen compounds; Carbonyl compounds; Benzene and substituted derivatives; Benzenoids; Organic oxides; Hydrocarbon derivatives; Organic oxygen compounds; Chemical entities	212.128	158	2.634	836961161787139594	836961011828184087	836961011828184086	277	
1	C10H24ClN3O	[M + Na]+	C10H24ClN3NaO+	Amino acids and Peptides	0.304	Ornithine alkaloids	0.611	Polyamines	0.437	Organic nitrogen compounds	0.987	Organonitrogen compounds	0.963	Amines	0.560			Amines	0.560	Organic compounds; Organohalogen compounds; Organonitrogen compounds; Organooxygen compounds; Organochlorides; Amines; Hydrocarbon derivatives; Organopnictogen compounds; Organic oxygen compounds; Organic nitrogen compounds; Chemical entities	260.149	160	2.674	836961170435795220	836961011861738523	836961011861738522	278	
1	C18H33BN4O2S	[M + Na]+	C18H33BN4NaO2S+	Amino acids and Peptides	0.297	Monoterpenoids	0.449	Pinane monoterpenoids	0.349	Organoheterocyclic compounds	0.854	Azoles	0.629					Azoles	0.629	Organic compounds; Organoheterocyclic compounds; Organic acids and derivatives; Organonitrogen compounds; Organooxygen compounds; Boronic acids; Azoles; Organometallic compounds; Boronic acid derivatives; Organometalloid compounds; Organoboron compounds; Organic salts; Organic metalloid salts; Organic metal salts; Azacyclic compounds; Heteroaromatic compounds; Hydrocarbon derivatives; Alkylboranes; Organic oxygen compounds; Organic nitrogen compounds; Chemical entities	402.234	161	2.678	836961182167264638	836961011895292959	836961011895292958	279	
1	C11H19NO3	[M + Na]+	C11H19NNaO3+	Alkaloids	0.709	Pseudoalkaloids (transamidation)	0.554	Phenylalanine-derived alkaloids	0.693	Benzenoids	0.841	Benzene and substituted derivatives	0.784	Phenylpropanes	0.510			Phenylpropanes	0.510	Organic compounds; Organonitrogen compounds; Organooxygen compounds; Monoalkylamines; Benzene and substituted derivatives; Benzenoids; Amines; Primary amines; Phenylpropanes; Aralkylamines; Hydrocarbon derivatives; Organopnictogen compounds; Organic oxygen compounds; Organic nitrogen compounds; Chemical entities	236.126	161	2.684	836961182553140646	836961011928847395	836961011928847394	280	
1	C17H22N2O5	[M + H3N + H]+	C17H26N3O5+	Amino acids and Peptides	0.973	Small peptides	0.963	Dipeptides	0.788	Organic acids and derivatives	1.000	Carboxylic acids and derivatives	1.000	Amino acids, peptides, and analogues	1.000	Peptides	0.903	Dipeptides	0.543	Organic compounds; Lipids and lipid-like molecules; Amino acids, peptides, and analogues; Alpha amino acids and derivatives; Phenethylamines; Amphetamines and derivatives; Phenylpropanoids and polyketides; Organic acids and derivatives; Carboxylic acids and derivatives; Organonitrogen compounds; Organooxygen compounds; Fatty amides; Amino acids and derivatives; Peptides; Carboxylic acid amides; Carboxylic acid derivatives; N-acyl amines; Monocarboxylic acids and derivatives; N-acyl-alpha amino acids and derivatives; Carboxylic acids; Secondary carboxylic acid amides; Carbonyl compounds; Benzene and substituted derivatives; Alpha amino acid amides; N-acyl-alpha amino acids; Benzenoids; Phenylpropanoic acids; Fatty Acyls; Organic oxides; Hydrocarbon derivatives; Valine and derivatives; Phenylalanine and derivatives; Organopnictogen compounds; Organic oxygen compounds; Organic nitrogen compounds; Dipeptides; Chemical entities	352.187	163	2.712	836961177457060965	836961011966596135	836961011962401830	281	
1	C11H19NO3	[M + H]+	C11H20NO3+	Amino acids and Peptides	0.474	Small peptides	0.442	Aminoacids	0.473	Organic acids and derivatives	0.913	Carboxylic acids and derivatives	0.907	Amino acids, peptides, and analogues	0.685	Amino acids and derivatives	0.685	Amino acids	0.623	Organic compounds; Lipids and lipid-like molecules; Amino acids, peptides, and analogues; Organic acids and derivatives; Carboxylic acids and derivatives; Organonitrogen compounds; Organooxygen compounds; Amino acids and derivatives; Monoalkylamines; Monocarboxylic acids and derivatives; Carboxylic acids; Carbonyl compounds; Amines; Primary amines; Fatty Acyls; Organic oxides; Hydrocarbon derivatives; Amino acids; Organopnictogen compounds; Organic oxygen compounds; Organic nitrogen compounds; Chemical entities	214.144	168	2.806	836961329139884362	836961012016927787	836961012016927786	282	
1	C8H10	[M + H3N + H]+	C8H14N+	Fatty acids	0.789	Fatty acyls	0.777	Hydrocarbons	0.197	Hydrocarbons	0.992	Unsaturated hydrocarbons	0.963	Acetylenes	0.519			Acetylenes	0.519	Organic compounds; Hydrocarbons; Olefins; Acetylenes; Unsaturated hydrocarbons; Unsaturated aliphatic hydrocarbons; Chemical entities	124.112	170	2.832	836961296952793767	836961012193088575	836961012193088574	287	
1	C8H12O	[M + H3N + H]+	C8H16NO+	Fatty acids	0.898	Fatty acyls	0.868	Fatty aldehydes	0.764	Organic oxygen compounds	0.983	Organooxygen compounds	0.973	Carbonyl compounds	0.633			Carbonyl compounds	0.633	Organic compounds; Organooxygen compounds; Carbonyl compounds; Organic oxides; Hydrocarbon derivatives; Organic oxygen compounds; Chemical entities	142.123	170	2.832	836961167483005029	836961012230837315	836961012226643010	288	
1	C9H14O3	[M + H3N + H]+	C9H18NO3+	Fatty acids	0.963	Fatty Acids and Conjugates	0.796	Oxo fatty acids	0.828	Lipids and lipid-like molecules	0.741	Fatty Acyls	0.682	Fatty acids and conjugates	0.601			Fatty acids and conjugates	0.601	Organic compounds; Lipids and lipid-like molecules; Ketones; Fatty acids and conjugates; Organic acids and derivatives; Carboxylic acids and derivatives; Organooxygen compounds; Monocarboxylic acids and derivatives; Carboxylic acids; Carbonyl compounds; Fatty Acyls; Organic oxides; Hydrocarbon derivatives; Organic oxygen compounds; Chemical entities	188.128	170	2.832	836961157458617666	836961012054676527	836961012050482222	283	
1	C9H12O2	[M + H3N + H]+	C9H16NO2+	Fatty acids	0.980	Fatty Acids and Conjugates	0.553	Unsaturated fatty acids	0.770	Organic acids and derivatives	0.534	Carboxylic acids and derivatives	0.552	Monocarboxylic acids and derivatives	0.703			Monocarboxylic acids and derivatives	0.703	Organic compounds; Organic acids and derivatives; Carboxylic acids and derivatives; Organooxygen compounds; Monocarboxylic acids and derivatives; Carbonyl compounds; Organic oxides; Hydrocarbon derivatives; Organic oxygen compounds; Chemical entities	170.118	170	2.832	836961162449839710	836961012088230963	836961012088230962	284	
1	C11H21NO3	[M + H3N + H]+	C11H25N2O3+	Amino acids and Peptides	0.439	Small peptides	0.711	Aminoacids	0.330	Organic acids and derivatives	0.995	Carboxylic acids and derivatives	0.993	Amino acids, peptides, and analogues	0.655	Amino acids and derivatives	0.655	Amino acids and derivatives	0.655	Organic compounds; Lipids and lipid-like molecules; Amino acids, peptides, and analogues; Organic acids and derivatives; Carboxylic acids and derivatives; Organonitrogen compounds; Organooxygen compounds; Fatty acid esters; Amino acids and derivatives; Carboxylic acid derivatives; Monocarboxylic acids and derivatives; Carboxylic acid esters; Carbonyl compounds; Amines; Fatty Acyls; Organic oxides; Hydrocarbon derivatives; Organopnictogen compounds; Organic oxygen compounds; Organic nitrogen compounds; Chemical entities	233.186	170	2.832	836961173208230516	836961012125979703	836961012125979702	285	
1	C9H17NO3	[M + Na]+	C9H17NNaO3+	Amino acids and Peptides	0.762	Small peptides	0.481	Aminoacids	0.360	Organic acids and derivatives	0.920	Carboxylic acids and derivatives	0.906	Amino acids, peptides, and analogues	0.532	Amino acids and derivatives	0.531	Amino acids and derivatives	0.531	Organic compounds; Amino acids, peptides, and analogues; Organic acids and derivatives; Carboxylic acids and derivatives; Organonitrogen compounds; Organooxygen compounds; Amino acids and derivatives; Carboxylic acid derivatives; Monocarboxylic acids and derivatives; Carboxylic acids; Carbonyl compounds; Amines; Organic oxides; Hydrocarbon derivatives; Organopnictogen compounds; Organic oxygen compounds; Organic nitrogen compounds; Chemical entities	210.110	170	2.832	836961194980864330	836961012159534139	836961012159534138	286	
1	C8H19N3O6	[M - H2O + H]+	C8H18N3O5+	Amino acids and Peptides	0.999	Small peptides	1.000	Dipeptides	0.988	Organic acids and derivatives	1.000	Carboxylic acids and derivatives	1.000	Amino acids, peptides, and analogues	0.997	Peptides	0.979	Dipeptides	0.884	Organic compounds; Lipids and lipid-like molecules; Amino acids, peptides, and analogues; Alpha amino acids and derivatives; Alcohols and polyols; Fatty acids and conjugates; Organic acids and derivatives; Carboxylic acids and derivatives; Organonitrogen compounds; Primary alcohols; Organooxygen compounds; Fatty amides; Amino acids and derivatives; Peptides; Monoalkylamines; Hydroxy acids and derivatives; Carboxylic acid amides; Carboxylic acid derivatives; N-acyl amines; Monocarboxylic acids and derivatives; N-acyl-alpha amino acids and derivatives; Carboxylic acids; Secondary carboxylic acid amides; Beta hydroxy acids and derivatives; Carbonyl compounds; Alpha amino acid amides; N-acyl-alpha amino acids; Amines; Primary amines; Fatty Acyls; Organic oxides; Hydrocarbon derivatives; Amino acids; Serine and derivatives; Organopnictogen compounds; Organic oxygen compounds; Organic nitrogen compounds; Dipeptides; Chemical entities	236.126	170	2.836	836961196721500723	836961012264391751	836961012264391750	289	
1	C21H38N4O7	[M + H3N + H]+	C21H42N5O7+	Carbohydrates	0.987	Aminosugars and aminoglycosides	0.933	Aminoglycosides	0.968	Organic oxygen compounds	1.000	Organooxygen compounds	0.998	Carbohydrates and carbohydrate conjugates	0.935	Aminosaccharides	0.969	4,6-disubstituted 2-deoxystreptamines	0.846	Organic compounds; Organoheterocyclic compounds; Carbohydrates and carbohydrate conjugates; Alcohols and polyols; Ethers; Organic acids and derivatives; Organonitrogen compounds; Aminoglycosides; Organooxygen compounds; Monoalkylamines; Cyclic alcohols and derivatives; Monosaccharides; Acetals; Secondary alcohols; Aminocyclitol glycosides; 1,2-aminoalcohols; Oxanes; Glycosyl compounds; O-glycosyl compounds; Amines; Primary amines; Alkanolamines; Cyclitols and derivatives; Aminocyclitols and derivatives; Cyclohexanols; Cyclohexylamines; Aminosaccharides; 4,6-disubstituted 2-deoxystreptamines; 2-deoxystreptamine aminoglycosides; Oxacyclic compounds; Hydrocarbon derivatives; Organopnictogen compounds; Organic oxygen compounds; Organic nitrogen compounds; Chemical entities	476.307	175	2.910	836961204459992392	836961012297946187	836961012297946186	290	
1	C12H18O4	[M + H3N + H]+	C12H22NO4+	Terpenoids	0.742	Sesquiterpenoids	0.309	Bisabolane sesquiterpenoids	0.651	Benzenoids	0.515							Benzenoids	0.515	Organic compounds; Alcohols and polyols; Ethers; Primary alcohols; Organooxygen compounds; Secondary alcohols; Benzenoids; Hydrocarbon derivatives; Organic oxygen compounds; Chemical entities	244.154	177	2.957	836961166547675115	836961012331500623	836961012331500622	291	
1	C27H35F3N2O4S2	[M + K]+	C27H35F3KN2O4S2+	Terpenoids	0.321	Small peptides	0.047	Phenylalanine-derived alkaloids	0.038	Benzenoids	0.978	Benzene and substituted derivatives	0.945	Trifluoromethylbenzenes	0.652			Trifluoromethylbenzenes	0.652	Organic compounds; Organosulfur compounds; Organic acids and derivatives; Carboxylic acids and derivatives; Organohalogen compounds; Organosulfonic acids and derivatives; Organonitrogen compounds; Organooxygen compounds; Carboxylic acid amides; Alkyl fluorides; Carboxylic acid derivatives; Sulfonyls; Organofluorides; Organosulfonamides; Carbonyl compounds; Benzene and substituted derivatives; Benzenoids; Alkyl halides; Aminosulfonyl compounds; Organic oxides; Hydrocarbon derivatives; Benzenesulfonyl compounds; Organic sulfonic acids and derivatives; Trifluoromethylbenzenes; Organopnictogen compounds; Organic oxygen compounds; Organic nitrogen compounds; Chemical entities	611.161	178	2.974	836961270725809260	836961012365055059	836961012365055058	292	
1	C11H14O3	[M + H3N + H]+	C11H18NO3+	Terpenoids	0.478	Monoterpenoids	0.190	Bisabolane sesquiterpenoids	0.091	Organic oxygen compounds	1.000	Organooxygen compounds	0.999	Carbonyl compounds	0.686			Carbonyl compounds	0.686	Organic compounds; Organic acids and derivatives; Organooxygen compounds; Carbonyl compounds; Organic oxides; Hydrocarbon derivatives; Organic oxygen compounds; Chemical entities	212.126	179	2.991	836961184604155421	836961012436358235	836961012436358234	294	
1	C9H14O2	[M + H]+	C9H15O2+	Fatty acids	0.834	Monoterpenoids	0.342	Fatty aldehydes	0.385	Organic oxygen compounds	0.999	Organooxygen compounds	0.997	Carbonyl compounds	0.803			Carbonyl compounds	0.803	Organic compounds; Organooxygen compounds; Carbonyl compounds; Organic oxides; Hydrocarbon derivatives; Organic oxygen compounds; Chemical entities	155.107	181	3.012	836961169664043189	836961012545410151	836961012545410150	297	
1	C11H21NO2	[M + H3N + H]+	C11H25N2O2+	Fatty acids	0.463	Fatty amides	0.222	Pyrrolidine alkaloids	0.170	Lipids and lipid-like molecules	0.581	Fatty Acyls	0.542					Fatty Acyls	0.542	Organic compounds; Lipids and lipid-like molecules; Organic acids and derivatives; Carboxylic acids and derivatives; Organonitrogen compounds; Organooxygen compounds; Carboxylic acid amides; Carboxylic acid derivatives; Monocarboxylic acids and derivatives; Carboxylic acids; Carbonyl compounds; Fatty Acyls; Organic oxides; Hydrocarbon derivatives; Organopnictogen compounds; Organic oxygen compounds; Organic nitrogen compounds; Chemical entities	217.191	181	3.015	836961174550407974	836961012474106975	836961012474106974	295	
1	C9H14O2	[M + H3N + H]+	C9H18NO2+	Fatty acids	0.955	Fatty Acids and Conjugates	0.623	Unsaturated fatty acids	0.724	Lipids and lipid-like molecules	0.579							Lipids and lipid-like molecules	0.579	Organic compounds; Lipids and lipid-like molecules; Organic acids and derivatives; Carboxylic acids and derivatives; Organooxygen compounds; Monocarboxylic acids and derivatives; Carboxylic acids; Carbonyl compounds; Organic oxides; Hydrocarbon derivatives; Organic oxygen compounds; Chemical entities	172.133	181	3.015	836961161975883308	836961012511855715	836961012511855714	296	
1	C9H17NO2	[M + K]+	C9H17KNO2+	Amino acids and Peptides	0.848	Small peptides	0.858	Aminoacids	0.797	Organic acids and derivatives	0.952	Carboxylic acids and derivatives	0.952	Amino acids, peptides, and analogues	0.851	Amino acids and derivatives	0.851	Amino acids	0.824	Organic compounds; Lipids and lipid-like molecules; Amino acids, peptides, and analogues; Fatty acids and conjugates; Organic acids and derivatives; Carboxylic acids and derivatives; Organonitrogen compounds; Organooxygen compounds; Amino acids and derivatives; Monoalkylamines; Monocarboxylic acids and derivatives; Carboxylic acids; Carbonyl compounds; Amines; Primary amines; Fatty Acyls; Organic oxides; Hydrocarbon derivatives; Amino acids; Organopnictogen compounds; Organic oxygen compounds; Organic nitrogen compounds; Chemical entities	210.089	181	3.021	836961164781872938	836961012578964587	836961012578964586	298	
1	C23H42N4O8	[M + H3N + H]+	C23H46N5O8+	Amino acids and Peptides	0.486	Oligopeptides	0.478	Aminoacids	0.131	Organic oxygen compounds	1.000	Organooxygen compounds	0.999	Ethers	0.957	Dialkyl ethers	0.972	Dialkyl ethers	0.972	Organic compounds; Organoheterocyclic compounds; Alcohols and polyols; Ethers; Organonitrogen compounds; Primary alcohols; Organooxygen compounds; Dialkyl ethers; Amines; Azacyclic compounds; Hydrocarbon derivatives; Organopnictogen compounds; Organic oxygen compounds; Organic nitrogen compounds; Chemical entities	520.333	182	3.036	836961187808603971	836961012616713327	836961012616713326	299	
1	C13H20O4	[M + H3N + H]+	C13H24NO4+	Terpenoids	0.418	Sesquiterpenoids	0.408	Bisabolane sesquiterpenoids	0.514	Lipids and lipid-like molecules	0.544							Lipids and lipid-like molecules	0.544	Organic compounds; Lipids and lipid-like molecules; Alcohols and polyols; Organic acids and derivatives; Carboxylic acids and derivatives; Organooxygen compounds; Carbonyl compounds; Organic oxides; Hydrocarbon derivatives; Organic oxygen compounds; Chemical entities	258.170	188	3.128	836961179487104242	836961012654462067	836961012654462066	300	
1	C11H16O4	[M + H3N + H]+	C11H20NO4+	Fatty acids	0.960	Fatty Acids and Conjugates	0.765	Dicarboxylic acids	0.450	Lipids and lipid-like molecules	0.658	Fatty Acyls	0.652	Fatty acids and conjugates	0.570			Fatty acids and conjugates	0.570	Organic compounds; Lipids and lipid-like molecules; Fatty acids and conjugates; Organic acids and derivatives; Carboxylic acids and derivatives; Organooxygen compounds; Monocarboxylic acids and derivatives; Carboxylic acids; Carbonyl compounds; Fatty Acyls; Organic oxides; Hydrocarbon derivatives; Organic oxygen compounds; Chemical entities	230.139	188	3.137	836961172960766521	836961012692210807	836961012688016502	301	
1	C8H20FN4O3S2	[M + H3N + H]+	C8H24FN5O3S2+	Alkaloids	0.350	Histidine alkaloids	0.037	Imidazole alkaloids	0.038	Organohalogen compounds	0.979	Organofluorides	0.960					Organofluorides	0.960	Organic compounds; Organosulfur compounds; Organic acids and derivatives; Organohalogen compounds; Organonitrogen compounds; Organofluorides; Organic oxides; Hydrocarbon derivatives; Organopnictogen compounds; Organic oxygen compounds; Organic nitrogen compounds; Chemical entities	321.131	189	3.142	836961200844502029	836961012759319679	836961012759319678	303	
1	C28H52O6P2	[M + H3N + H]+	C28H56NO6P2+	Terpenoids	0.956	Glycerophospholipids	0.522	Glycerophosphates	0.796	Organic acids and derivatives	0.990	Organic phosphoric acids and derivatives	0.462	Phosphate esters	0.494	Alkyl phosphates	0.257	Monoalkyl phosphates	0.583	Organic compounds; Lipids and lipid-like molecules; Prenol lipids; Organic acids and derivatives; Organooxygen compounds; Organophosphorus compounds; Organic phosphonic acids and derivatives; Phosphonic acid esters; Organic phosphonic acids; Monoalkyl phosphates; Organic oxides; Hydrocarbon derivatives; Organic oxygen compounds; Chemical entities	564.359	189	3.149	836961194326552813	836961012792874115	836961012792874114	304	
1	C12H16O2	[M + H3N + H]+	C12H20NO2+	Terpenoids	0.914	Sesquiterpenoids	0.424	Bisabolane sesquiterpenoids	0.589	Organic oxygen compounds	0.999	Organooxygen compounds	0.998					Organooxygen compounds	0.998	Organic compounds; Organooxygen compounds; Hydrocarbon derivatives; Organic oxygen compounds; Chemical entities	210.149	191	3.175	836961168867125386	836961012893537423	836961012893537422	307	
1	C14H25NO3	[M + H3N + H]+	C14H29N2O3+	Alkaloids	0.393	Pseudoalkaloids (transamidation)	0.160	Open-chain polyketides	0.063	Lipids and lipid-like molecules	0.663	Fatty Acyls	0.627					Fatty Acyls	0.627	Organic compounds; Lipids and lipid-like molecules; Organic acids and derivatives; Carboxylic acids and derivatives; Organonitrogen compounds; Organooxygen compounds; Carboxylic acid derivatives; Monocarboxylic acids and derivatives; Carbonyl compounds; Amines; Fatty Acyls; Organic oxides; Hydrocarbon derivatives; Organopnictogen compounds; Organic oxygen compounds; Organic nitrogen compounds; Chemical entities	273.217	191	3.176	836961170540652853	836961012826428551	836961012826428550	305	
1	C12H21NO3	[M + Na]+	C12H21NNaO3+	Alkaloids	0.476	Tyrosine alkaloids	0.222	Phenylethylamines	0.302	Benzenoids	0.418	Benzene and substituted derivatives	0.546					Benzene and substituted derivatives	0.546	Organic compounds; Organic acids and derivatives; Carboxylic acids and derivatives; Organonitrogen compounds; Organooxygen compounds; Monoalkylamines; Carbonyl compounds; Benzene and substituted derivatives; Amines; Primary amines; Organic oxides; Hydrocarbon derivatives; Organopnictogen compounds; Organic oxygen compounds; Organic nitrogen compounds; Chemical entities	250.141	191	3.177	836961227264425995	836961012859982987	836961012859982986	306	
1	C22H38N4O6	[M + H3N + H]+	C22H42N5O6+	Amino acids and Peptides	0.996	Small peptides	0.907	Tripeptides	0.798	Organic acids and derivatives	1.000	Carboxylic acids and derivatives	1.000	Amino acids, peptides, and analogues	0.995	Peptides	0.976	Oligopeptides	0.866	Organic compounds; Lipids and lipid-like molecules; Amino acids, peptides, and analogues; Alpha amino acids and derivatives; Fatty acids and conjugates; Organic acids and derivatives; Carboxylic acids and derivatives; Organonitrogen compounds; Organooxygen compounds; Fatty amides; Branched fatty acids; Dicarboxylic acids and derivatives; Amino acids and derivatives; Peptides; Carboxylic acid amides; Carboxylic acid derivatives; N-acyl amines; N-acyl-alpha amino acids and derivatives; Carboxylic acids; Secondary carboxylic acid amides; Carbonyl compounds; Alpha amino acid amides; N-acyl-alpha amino acids; Methyl-branched fatty acids; Fatty Acyls; Organic oxides; Hydrocarbon derivatives; Valine and derivatives; Leucine and derivatives; Organopnictogen compounds; Organic oxygen compounds; Organic nitrogen compounds; Oligopeptides; Chemical entities	472.313	191	3.183	836961169403996319	836961012931286163	836961012931286162	308	
1	C18H31NO5	[M - H2O + H]+	C18H30NO4+	Fatty acids	0.377	Fatty amides	0.104	Open-chain polyketides	0.113	Lipids and lipid-like molecules	0.638	Fatty Acyls	0.665	Fatty amides	0.509			Fatty amides	0.509	Organic compounds; Lipids and lipid-like molecules; Alcohols and polyols; Ethers; Organic acids and derivatives; Carboxylic acids and derivatives; Organonitrogen compounds; Organooxygen compounds; Fatty amides; Carboxylic acid derivatives; Secondary alcohols; Carbonyl compounds; 1,2-aminoalcohols; Amines; Alkanolamines; Fatty Acyls; Organic oxides; Hydrocarbon derivatives; Organopnictogen compounds; Organic oxygen compounds; Organic nitrogen compounds; Chemical entities	324.217	194	3.239	836961201679168611	836961012964840599	836961012964840598	309	
1	C31H55N5O6S	[M - H2O + H]+	C31H54N5O5S+	Amino acids and Peptides	0.791	Oligopeptides	0.988	Linear peptides	0.397	Organic acids and derivatives	0.997	Carboxylic acids and derivatives	0.985	Amino acids, peptides, and analogues	0.886	Peptides	0.547	Peptides	0.547	Organic compounds; Organoheterocyclic compounds; Organosulfur compounds; Lipids and lipid-like molecules; Amino acids, peptides, and analogues; Alpha amino acids and derivatives; Alcohols and polyols; Organic acids and derivatives; Carboxylic acids and derivatives; Organonitrogen compounds; Organooxygen compounds; Fatty amides; Amino acids and derivatives; Peptides; Carboxylic acid amides; Carboxylic acid derivatives; N-acyl amines; Monocarboxylic acids and derivatives; N-acyl-alpha amino acids and derivatives; Secondary carboxylic acid amides; Carbonyl compounds; Alpha amino acid amides; Fatty Acyls; Organic oxides; Azacyclic compounds; Hydrocarbon derivatives; Organopnictogen compounds; Organic oxygen compounds; Organic nitrogen compounds; Chemical entities	608.386	195	3.249	836961229416104170	836961012998395035	836961012998395034	310	
1	C12H24N3O5	[M - H2O + H]+	C12H23N3O4+	Amino acids and Peptides	0.743	Small peptides	0.752	Dipeptides	0.390	Organic acids and derivatives	0.977	Carboxylic acids and derivatives	0.957	Amino acids, peptides, and analogues	0.695	Amino acids and derivatives	0.685	Alpha amino acids and derivatives	0.660	Organic compounds; Lipids and lipid-like molecules; Amino acids, peptides, and analogues; Alpha amino acids and derivatives; Fatty acids and conjugates; Organic acids and derivatives; Carboxylic acids and derivatives; Organonitrogen compounds; Organooxygen compounds; Fatty amides; Branched fatty acids; Amino acids and derivatives; Monoalkylamines; Carboxylic acid amides; Carboxylic acid derivatives; N-acyl amines; Monocarboxylic acids and derivatives; Carboxylic acids; Carbonyl compounds; Amines; Medium-chain fatty acids; Organic 1,3-dipolar compounds; Fatty Acyls; Organic oxides; Hydrocarbon derivatives; Amino acids; Organopnictogen compounds; Organic oxygen compounds; Organic nitrogen compounds; Chemical entities	273.167	199	3.321	836961172377758142	836961013069698211	836961013069698210	312	
1	C12H26O5	[M + H]+	C12H27O5+	Fatty acids	0.985	Fatty acyls	0.919	Fatty alcohols	0.855	Organic oxygen compounds	1.000	Organooxygen compounds	1.000	Alcohols and polyols	0.979	Secondary alcohols	0.731	Secondary alcohols	0.731	Organic compounds; Alcohols and polyols; Ethers; Primary alcohols; Organooxygen compounds; Dialkyl ethers; Secondary alcohols; Hydrocarbon derivatives; Organic oxygen compounds; Chemical entities	251.185	199	3.322	836961186705501938	836961013036143775	836961013036143774	311	
1	C12H16O4	[M + H3N + H]+	C12H20NO4+	Polyketides	0.902	Macrolides	0.873	Macrolide lactones	0.973	Organic acids and derivatives	0.933	Carboxylic acids and derivatives	0.904	Carboxylic acid derivatives	0.623	Carboxylic acid esters	0.634	Enoate esters	0.616	Organic compounds; Organoheterocyclic compounds; Lactones; Alcohols and polyols; Organic acids and derivatives; Carboxylic acids and derivatives; Organooxygen compounds; Carboxylic acid derivatives; Monocarboxylic acids and derivatives; Carboxylic acid esters; Secondary alcohols; Carbonyl compounds; Enoate esters; Alpha,beta-unsaturated carboxylic esters; Organic oxides; Oxacyclic compounds; Hydrocarbon derivatives; Organic oxygen compounds; Chemical entities	242.139	201	3.344	836961184771927636	836961013107446951	836961013107446950	313	
1	C10H14O2	[M + H]+	C10H15O2+	Terpenoids	0.799	Monoterpenoids	0.643	Menthane monoterpenoids	0.314	Organic acids and derivatives	0.463	Carboxylic acids and derivatives	0.511	Monocarboxylic acids and derivatives	0.569			Monocarboxylic acids and derivatives	0.569	Organic compounds; Carboxylic acids and derivatives; Organooxygen compounds; Monocarboxylic acids and derivatives; Carbonyl compounds; Organic oxides; Hydrocarbon derivatives; Organic oxygen compounds; Chemical entities	167.107	201	3.345	836961175519292281	836961013250053303	836961013250053302	317	
1	C10H14O2	[M + H3N + H]+	C10H18NO2+	Fatty acids	0.848	Fatty acyls	0.531	Fatty aldehydes	0.671	Organic oxygen compounds	0.998	Organooxygen compounds	0.996	Carbonyl compounds	0.832			Carbonyl compounds	0.832	Organic compounds; Organooxygen compounds; Carbonyl compounds; Organic oxides; Hydrocarbon derivatives; Organic oxygen compounds; Chemical entities	184.133	201	3.346	836961173405362815	836961013145195691	836961013141001386	314	
1	C12H21NO2	[M + H3N + H]+	C12H25N2O2+	Alkaloids	0.471	Small peptides	0.286	Phenylethylamines	0.210	Organic acids and derivatives	0.893	Carboxylic acids and derivatives	0.901	Amino acids, peptides, and analogues	0.768	Amino acids and derivatives	0.769	Amino acids and derivatives	0.769	Organic compounds; Amino acids, peptides, and analogues; Organic acids and derivatives; Carboxylic acids and derivatives; Organonitrogen compounds; Organooxygen compounds; Amino acids and derivatives; Carboxylic acid derivatives; Monocarboxylic acids and derivatives; Carboxylic acid esters; Carbonyl compounds; Dialkylamines; Amines; Organic oxides; Hydrocarbon derivatives; Organopnictogen compounds; Organic oxygen compounds; Organic nitrogen compounds; Chemical entities	229.191	201	3.346	836961177209597021	836961013216498867	836961013216498866	316	
1	C10H19NO3	[M + Na]+	C10H19NNaO3+	Amino acids and Peptides	0.494	Small peptides	0.540	Aminoacids	0.422	Organic acids and derivatives	0.988	Carboxylic acids and derivatives	0.979	Amino acids, peptides, and analogues	0.752	Amino acids and derivatives	0.750	Alpha amino acids and derivatives	0.633	Organic compounds; Lipids and lipid-like molecules; Amino acids, peptides, and analogues; Alpha amino acids and derivatives; Organic acids and derivatives; Carboxylic acids and derivatives; Organonitrogen compounds; Organooxygen compounds; Amino acids and derivatives; Carboxylic acid derivatives; Monocarboxylic acids and derivatives; Carboxylic acids; Carbonyl compounds; Organic oxides; Hydrocarbon derivatives; Organopnictogen compounds; Organic oxygen compounds; Organic nitrogen compounds; Chemical entities	224.126	202	3.367	836961174810454853	836961013283607739	836961013283607738	318	
1	C17H26O6	[M + H3N + H]+	C17H30NO6+	Terpenoids	0.794	Sesquiterpenoids	0.586	Bisabolane sesquiterpenoids	0.151	Lipids and lipid-like molecules	0.736							Lipids and lipid-like molecules	0.736	Organic compounds; Lipids and lipid-like molecules; Alcohols and polyols; Organic acids and derivatives; Carboxylic acids and derivatives; Primary alcohols; Organooxygen compounds; Carboxylic acid derivatives; Carboxylic acid esters; Secondary alcohols; Carbonyl compounds; Organic oxides; Hydrocarbon derivatives; Organic oxygen compounds; Chemical entities	344.207	208	3.465	836961185975692988	836961013321356479	836961013321356478	319	
1	C13H25ClN2O2	[M + Na]+	C13H25ClN2NaO2+	Alkaloids	0.529	Ornithine alkaloids	0.326	Phenylethylamines	0.083	Benzenoids	0.952	Benzene and substituted derivatives	0.936	Halobenzenes	0.845	Chlorobenzenes	0.842	Chlorobenzenes	0.842	Organic compounds; Halobenzenes; Organohalogen compounds; Organonitrogen compounds; Organooxygen compounds; Aryl chlorides; Chlorobenzenes; Organochlorides; Dialkylamines; Trialkylamines; Benzene and substituted derivatives; Benzenoids; Amines; Tertiary amines; Aryl halides; Aralkylamines; Organic oxides; Hydrocarbon derivatives; Organopnictogen compounds; Organic oxygen compounds; Organic nitrogen compounds; Chemical entities	299.149	209	3.489	836961193336696977	836961013388465351	836961013388465350	321	
1	C10H23ClN4O4	[M + Na]+	C10H23ClN4NaO4+	Amino acids and Peptides	0.377	Small peptides	0.620	Polyamines	0.103	Lipids and lipid-like molecules	0.532	Fatty Acyls	0.527					Fatty Acyls	0.527	Organic compounds; Lipids and lipid-like molecules; Hydrazines and derivatives; Semicarbazides; Organic acids and derivatives; Carboxylic acids and derivatives; Organohalogen compounds; Organonitrogen compounds; Organooxygen compounds; Alkyl chlorides; Nitrosoureas; Organochlorides; Carbonyl compounds; Alkyl halides; Fatty Acyls; Organic oxides; Nitrosamides; Hydrocarbon derivatives; Organopnictogen compounds; Organic oxygen compounds; Organic nitrogen compounds; Organic nitroso compounds; Organic N-nitroso compounds; Chemical entities	321.131	209	3.490	836961200005641121	836961013426214091	836961013426214090	322	
1	C6H14O6	[M - H2O + H]+	C6H13O5+	Fatty acids	0.979	Fatty acyls	0.991	Fatty alcohols	0.996	Organic oxygen compounds	1.000	Organooxygen compounds	0.999	Carbohydrates and carbohydrate conjugates	0.917	Monosaccharides	0.895	Monosaccharides	0.895	Organic compounds; Carbohydrates and carbohydrate conjugates; Alcohols and polyols; Primary alcohols; Organooxygen compounds; Monosaccharides; Secondary alcohols; Sugar alcohols; Polyols; Hydrocarbon derivatives; Organic oxygen compounds; Chemical entities	165.076	210	3.498	836961197753299660	836961013493322963	836961013493322962	324	
1	C9H12O2	[M - H2O + H]+	C9H11O+	Terpenoids	0.580	Monoterpenoids	0.235	Bisabolane sesquiterpenoids	0.192	Benzenoids	0.787	Benzene and substituted derivatives	0.671					Benzene and substituted derivatives	0.671	Organic compounds; Alcohols and polyols; Primary alcohols; Organooxygen compounds; Benzene and substituted derivatives; Benzenoids; Hydrocarbon derivatives; Organic oxygen compounds; Chemical entities	135.081	210	3.499	836961171400485266	836961013531071703	836961013526877398	325	
1	C15H20ClN2O6	[M + K]+	C15H20ClKN2O6+	Amino acids and Peptides	0.446	Small peptides	0.176	Tripeptides	0.092	Benzenoids	0.706	Benzene and substituted derivatives	0.829	Nitrobenzenes	0.620			Nitrobenzenes	0.620	Organic compounds; Lipids and lipid-like molecules; Nitrobenzenes; Organic acids and derivatives; Carboxylic acids and derivatives; Organohalogen compounds; Organonitrogen compounds; Organooxygen compounds; Alkyl chlorides; Carboxylic acid derivatives; Organic nitro compounds; Organic oxoazanium compounds; Organochlorides; Carbonyl compounds; Benzene and substituted derivatives; Benzenoids; Organic 1,3-dipolar compounds; Allyl-type 1,3-dipolar organic compounds; Propargyl-type 1,3-dipolar organic compounds; Fatty Acyls; Organic oxides; C-nitro compounds; Hydrocarbon derivatives; Organopnictogen compounds; Organic oxygen compounds; Nitroaromatic compounds; Organic nitrogen compounds; Chemical entities	398.066	210	3.501	836961242150012906	836961013459768527	836961013459768526	323	
1	C6H10O4	[M - H2O + H]+	C6H9O3+	Fatty acids	0.961	Fatty Acids and Conjugates	0.891	Dicarboxylic acids	0.758	Lipids and lipid-like molecules	0.614	Fatty Acyls	0.611					Fatty Acyls	0.611	Organic compounds; Lipids and lipid-like molecules; Alcohols and polyols; Organic acids and derivatives; Carboxylic acids and derivatives; Organooxygen compounds; Monocarboxylic acids and derivatives; Carboxylic acids; Carbonyl compounds; Fatty Acyls; Organic oxides; Hydrocarbon derivatives; Organic oxygen compounds; Chemical entities	129.055	210	3.507	836961174248418051	836961013635929315	836961013635929314	328	
1	C6H12O5	[M - H2O + H]+	C6H11O4+	Carbohydrates	0.974	Saccharides	0.922	Monosaccharides	0.845	Organic oxygen compounds	1.000	Organooxygen compounds	1.000	Carbohydrates and carbohydrate conjugates	0.887	Monosaccharides	0.869	Monosaccharides	0.869	Organic compounds; Carbohydrates and carbohydrate conjugates; Alcohols and polyols; Primary alcohols; Organooxygen compounds; Monosaccharides; Secondary alcohols; Short-chain aldehydes; Polyols; Hydrocarbon derivatives; Organic oxygen compounds; Chemical entities	147.065	210	3.507	836961188035096429	836961013673678055	836961013673678054	329	
1	C14H22FNO5Si2	[M + K]+	C14H22FKNO5Si2+	Alkaloids	0.446	Ornithine alkaloids	0.662	Tropane alkaloids	0.390	Organic acids and derivatives	0.775	Carboxylic acids and derivatives	0.757	Amino acids, peptides, and analogues	0.502	Amino acids and derivatives	0.504	Amino acids and derivatives	0.504	Organic compounds; Organoheterocyclic compounds; Amino acids, peptides, and analogues; Halobenzenes; Ethers; Organic acids and derivatives; Carboxylic acids and derivatives; Organohalogen compounds; Organonitrogen compounds; Organooxygen compounds; Amino acids and derivatives; Aryl fluorides; Fluorobenzenes; Organofluorides; Carbonyl compounds; Benzene and substituted derivatives; Benzenoids; Aryl halides; Organic oxides; Oxacyclic compounds; Hydrocarbon derivatives; Organopnictogen compounds; Organic oxygen compounds; Organic nitrogen compounds; Chemical entities	398.066	211	3.509	836961226371039114	836961013602374879	836961013602374878	327	
1	C17H21ClN2O7	[M - H2O + H]+	C17H20ClN2O6+	Alkaloids	0.263	Tryptophan alkaloids	0.240	Azaphilones	0.068	Organic oxygen compounds	0.999	Organooxygen compounds	0.996	Carbohydrates and carbohydrate conjugates	0.832	Glycosyl compounds	0.690	Glycosylamines	0.685	Organic compounds; Organoheterocyclic compounds; Carbohydrates and carbohydrate conjugates; Alcohols and polyols; Organic acids and derivatives; Carboxylic acids and derivatives; Organohalogen compounds; Organonitrogen compounds; Organooxygen compounds; Aryl chlorides; Carboxylic acid derivatives; Organochlorides; Monosaccharides; Secondary alcohols; Carbonyl compounds; Glycosyl compounds; Glycosylamines; Polyols; Benzenoids; 1,2-diols; Aryl halides; Organic oxides; Azacyclic compounds; Oxacyclic compounds; Heteroaromatic compounds; Hydrocarbon derivatives; Organopnictogen compounds; Organic oxygen compounds; Organic nitrogen compounds; Chemical entities	383.101	211	3.509	836961264090419681	836961013786924275	836961013786924274	332	
1	C6H12O5	[M + H]+	C6H13O5+	Carbohydrates	0.968	Saccharides	0.913	Monosaccharides	0.854	Organic oxygen compounds	1.000	Organooxygen compounds	1.000	Carbohydrates and carbohydrate conjugates	0.910	Monosaccharides	0.894	Monosaccharides	0.894	Organic compounds; Carbohydrates and carbohydrate conjugates; Alcohols and polyols; Primary alcohols; Organooxygen compounds; Monosaccharides; Secondary alcohols; Short-chain aldehydes; Polyols; Hydrocarbon derivatives; Organic oxygen compounds; Chemical entities	165.076	211	3.510	836961170532264226	836961013749175535	836961013749175534	331	
1	C9H12O2	[M - H2O + H]+	C9H11O+	Terpenoids	0.851	Monoterpenoids	0.565	Menthane monoterpenoids	0.236	Organic oxygen compounds	0.999	Organooxygen compounds	0.997	Carbonyl compounds	0.700			Carbonyl compounds	0.700	Organic compounds; Organooxygen compounds; Carbonyl compounds; Organic oxides; Hydrocarbon derivatives; Organic oxygen compounds; Chemical entities	135.081	211	3.510	836961173501831822	836961013711426795	836961013711426794	330	
1	C13H18N6O5	[M - H2O + H]+	C13H17N6O4+	Amino acids and Peptides	0.717	Small peptides	0.547	Purine alkaloids	0.512	Organic acids and derivatives	0.941	Carboxylic acids and derivatives	0.734	Amino acids, peptides, and analogues	0.511	Amino acids and derivatives	0.503	Amino acids and derivatives	0.503	Organic compounds; Organoheterocyclic compounds; Amino acids, peptides, and analogues; Pyrimidines and pyrimidine derivatives; Imidazoles; Purines and purine derivatives; Organic acids and derivatives; Carboxylic acids and derivatives; Organonitrogen compounds; Organooxygen compounds; Amino acids and derivatives; Azoles; Diazines; Carbonyl compounds; Benzene and substituted derivatives; Substituted imidazoles; N-substituted imidazoles; Benzenoids; Amines; Organic oxides; Azacyclic compounds; Heteroaromatic compounds; Hydrocarbon derivatives; Organopnictogen compounds; Organic oxygen compounds; Organic nitrogen compounds; Chemical entities	321.131	211	3.510	836961172696525335	836961013828867319	836961013824673014	333	
1	C15H22O6	[M + H]+	C15H23O6+	Terpenoids	0.510	Fatty acyl glycosides	0.332	Macrolide lactones	0.225	Organic oxygen compounds	1.000	Organooxygen compounds	1.000	Carbohydrates and carbohydrate conjugates	0.759	Glycosyl compounds	0.544	O-glycosyl compounds	0.607	Organic compounds; Organoheterocyclic compounds; Carbohydrates and carbohydrate conjugates; Lipids and lipid-like molecules; Alcohols and polyols; Ethers; Organooxygen compounds; Monosaccharides; Acetals; Secondary alcohols; Oxanes; Glycosyl compounds; O-glycosyl compounds; Polyols; Fatty Acyls; Oxacyclic compounds; Hydrocarbon derivatives; Organic oxygen compounds; Chemical entities	299.149	211	3.510	836961194582405374	836961013866616059	836961013866616058	334	
1	C15H22O6	[M + H3N + H]+	C15H26NO6+	Terpenoids	0.402	Fatty acyl glycosides	0.306	Macrolide lactones	0.242	Organic oxygen compounds	1.000	Organooxygen compounds	1.000	Carbohydrates and carbohydrate conjugates	0.874	Monosaccharides	0.873	Hexoses	0.635	Organic compounds; Organoheterocyclic compounds; Carbohydrates and carbohydrate conjugates; Lipids and lipid-like molecules; Alcohols and polyols; Ethers; Organooxygen compounds; Hexoses; Monosaccharides; Acetals; Secondary alcohols; Carbonyl compounds; Oxanes; Glycosyl compounds; O-glycosyl compounds; Polyols; Fatty Acyls; Oxacyclic compounds; Hydrocarbon derivatives; Organic oxygen compounds; Chemical entities	316.176	211	3.510	836961214656346582	836961013942113539	836961013937919234	336	
1	C30H44O12	[M + Na]+	C30H44NaO12+	Terpenoids	0.640	Macrolides	0.313	Spirotetronate macrolides	0.118	Organic oxygen compounds	1.000	Organooxygen compounds	1.000	Carbohydrates and carbohydrate conjugates	0.872	Glycosyl compounds	0.666	O-glycosyl compounds	0.677	Organic compounds; Organoheterocyclic compounds; Carbohydrates and carbohydrate conjugates; Lipids and lipid-like molecules; Alcohols and polyols; Ethers; Prenol lipids; Organic acids and derivatives; Carboxylic acids and derivatives; Organooxygen compounds; Carboxylic acid derivatives; Carboxylic acid esters; Cyclic alcohols and derivatives; Monosaccharides; Acetals; Secondary alcohols; Carbonyl compounds; Oxanes; Glycosyl compounds; O-glycosyl compounds; Polyols; Enoate esters; Alpha,beta-unsaturated carboxylic esters; Organic oxides; Oxacyclic compounds; Hydrocarbon derivatives; Organic oxygen compounds; Chemical entities	619.273	211	3.510	836961252220538118	836961013564626139	836961013564626138	326	
1	C17H26O6	[M + H3N + H]+	C17H30NO6+	Terpenoids	0.817	Sesquiterpenoids	0.505	Bisabolane sesquiterpenoids	0.160	Lipids and lipid-like molecules	0.606							Lipids and lipid-like molecules	0.606	Organic compounds; Organoheterocyclic compounds; Lipids and lipid-like molecules; Alcohols and polyols; Ethers; Organooxygen compounds; Secondary alcohols; Carbonyl compounds; Organic oxides; Oxacyclic compounds; Hydrocarbon derivatives; Organic oxygen compounds; Chemical entities	344.207	211	3.511	836961203742766344	836961013904364799	836961013904364798	335	
1	C12H21NO4	[M - H2O + H]+	C12H20NO3+	Amino acids and Peptides	0.716	Linear polyketides	0.362	Open-chain polyketides	0.228	Lipids and lipid-like molecules	0.591	Fatty Acyls	0.583					Fatty Acyls	0.583	Organic compounds; Lipids and lipid-like molecules; Alcohols and polyols; Organic acids and derivatives; Carboxylic acids and derivatives; Organonitrogen compounds; Organooxygen compounds; Carboxylic acid derivatives; Monocarboxylic acids and derivatives; Carboxylic acids; Carbonyl compounds; Fatty Acyls; Organic oxides; Hydrocarbon derivatives; Organopnictogen compounds; Organic oxygen compounds; Organic nitrogen compounds; Chemical entities	226.144	211	3.518	836961182465060242	836961014046971151	836961014046971150	339	
1	C17H33BN2O5Si	[M + H3N + H]+	C17H37BN3O5Si+	Amino acids and Peptides	0.487	Small peptides	0.250	Pinane monoterpenoids	0.201	Organic acids and derivatives	0.975	Carboxylic acids and derivatives	0.740	Amino acids, peptides, and analogues	0.547	Amino acids and derivatives	0.544	Alpha amino acid amides	0.556	Organic compounds; Organoheterocyclic compounds; Lipids and lipid-like molecules; Amino acids, peptides, and analogues; Alpha amino acids and derivatives; Organic acids and derivatives; Carboxylic acids and derivatives; Organonitrogen compounds; Organooxygen compounds; Fatty amides; Amino acids and derivatives; Boronic acids; Organometallic compounds; Carboxylic acid amides; Boronic acid derivatives; Carboxylic acid derivatives; Organometalloid compounds; Secondary carboxylic acid amides; Carbonyl compounds; Alpha amino acid amides; Organoboron compounds; Organic salts; Fatty Acyls; Organic oxides; Organic metalloid salts; Organic metal salts; Oxacyclic compounds; Hydrocarbon derivatives; Alkylboranes; Monoalkylboranes; Organic oxygen compounds; Organic nitrogen compounds; Chemical entities	401.262	215	3.585	836961244620458268	836961014080525587	836961014080525586	340	
1	C15H22Cl2N4O2	[M + Na]+	C15H22Cl2N4NaO2+	Alkaloids	0.502	Proline alkaloids	0.238	Pyrrole alkaloids	0.237	Benzenoids	0.830	Phenol ethers	0.539					Phenol ethers	0.539	Organic compounds; Organoheterocyclic compounds; Halobenzenes; Alkyl aryl ethers; Organohalogen compounds; Organonitrogen compounds; Organooxygen compounds; Azoles; Aryl chlorides; Chlorobenzenes; Organochlorides; Benzene and substituted derivatives; Phenol ethers; Benzenoids; Aryl halides; Azacyclic compounds; Heteroaromatic compounds; Hydrocarbon derivatives; Organopnictogen compounds; Organic oxygen compounds; Organic nitrogen compounds; Phenoxy compounds; Chemical entities	383.101	216	3.608	836961309997079778	836961014114080023	836961014114080022	341	
1	C3H8F3N2O3	[M + H]+	C3H9F3N2O3+	Fatty acids	0.164	Small peptides	0.060	Halogenated fatty acids	0.238	Organic 1,3-dipolar compounds	0.430	Allyl-type 1,3-dipolar organic compounds	0.493	Organic nitro compounds	0.493	C-nitro compounds	0.280	Fluorodinitromethyl compounds	0.863	Organic compounds; Organohalogen compounds; Organonitrogen compounds; Organooxygen compounds; Alkyl fluorides; Organofluorides; Alkyl halides; Organic oxides; Hydrocarbon derivatives; Organopnictogen compounds; Organic oxygen compounds; Fluorodinitromethyl compounds; Organic nitrogen compounds; Chemical entities	178.057	217	3.616	836961177075379267	836961014151828763	836961014151828762	342	
1	C6H12O5	[M - H2O + H]+	C6H11O4+	Carbohydrates	0.929	Saccharides	0.868	Monosaccharides	0.856	Organic oxygen compounds	1.000	Organooxygen compounds	1.000	Carbohydrates and carbohydrate conjugates	0.837	Monosaccharides	0.826	Monosaccharides	0.826	Organic compounds; Carbohydrates and carbohydrate conjugates; Alcohols and polyols; Primary alcohols; Organooxygen compounds; Monosaccharides; Secondary alcohols; Carbonyl compounds; Short-chain aldehydes; Polyols; Organic oxides; Hydrocarbon derivatives; Organic oxygen compounds; Chemical entities	147.065	217	3.617	836961201654002777	836961014294435115	836961014294435114	346	
1	C15H21NO7S	[M + K]+	C15H21KNO7S+	Amino acids and Peptides	0.957	Amino acid glycosides	0.905	Glucosinolates	0.092	Benzenoids	0.764	Benzene and substituted derivatives	0.772					Benzene and substituted derivatives	0.772	Organic compounds; Organoheterocyclic compounds; Organosulfur compounds; Alcohols and polyols; Organic acids and derivatives; Organonitrogen compounds; Organooxygen compounds; Thioacetals; Monosaccharides; Secondary alcohols; Oxanes; Monothioacetals; Benzene and substituted derivatives; Benzenoids; Organic oxides; Oxacyclic compounds; Hydrocarbon derivatives; Organopnictogen compounds; Organic oxygen compounds; Organic nitrogen compounds; Chemical entities	398.066	217	3.618	836961202060850318	836961014189577503	836961014189577502	343	
1	C9H12O2	[M - H2O + H]+	C9H11O+	Terpenoids	0.812	Monoterpenoids	0.553	Menthane monoterpenoids	0.188	Organic oxygen compounds	0.999	Organooxygen compounds	0.997	Carbonyl compounds	0.617			Carbonyl compounds	0.617	Organic compounds; Organooxygen compounds; Carbonyl compounds; Organic oxides; Hydrocarbon derivatives; Organic oxygen compounds; Chemical entities	135.081	217	3.619	836961171463399839	836961014260880679	836961014260880678	345	
1	C6H12O5	[M + H]+	C6H13O5+	Carbohydrates	0.988	Saccharides	0.968	Monosaccharides	0.922	Organic oxygen compounds	1.000	Organooxygen compounds	1.000	Carbohydrates and carbohydrate conjugates	0.887	Monosaccharides	0.849	Monosaccharides	0.849	Organic compounds; Carbohydrates and carbohydrate conjugates; Alcohols and polyols; Primary alcohols; Organooxygen compounds; Monosaccharides; Secondary alcohols; Polyols; Oxacyclic compounds; Hydrocarbon derivatives; Organic oxygen compounds; Chemical entities	165.076	217	3.619	836961188433555341	836961014332183855	836961014332183854	347	
1	C6H10O4	[M - H2O + H]+	C6H9O3+	Fatty acids	0.912	Fatty Acids and Conjugates	0.708	Dicarboxylic acids	0.494	Organic acids and derivatives	0.537	Carboxylic acids and derivatives	0.578					Carboxylic acids and derivatives	0.578	Organic compounds; Alcohols and polyols; Organic acids and derivatives; Carboxylic acids and derivatives; Organooxygen compounds; Carbonyl compounds; Organic oxides; Hydrocarbon derivatives; Organic oxygen compounds; Chemical entities	129.055	217	3.620	836961178748906715	836961014223131939	836961014223131938	344	
1	C15H22O6	[M + H]+	C15H23O6+	Shikimates and Phenylpropanoids	0.344	Phenylpropanoids (C6-C3)	0.469	Cinnamic acids and derivatives	0.511	Organic oxygen compounds	1.000	Organooxygen compounds	1.000	Carbohydrates and carbohydrate conjugates	0.936	Glycosyl compounds	0.722	O-glycosyl compounds	0.758	Organic compounds; Organoheterocyclic compounds; Carbohydrates and carbohydrate conjugates; Lipids and lipid-like molecules; Alcohols and polyols; Ethers; Organooxygen compounds; Monosaccharides; Acetals; Secondary alcohols; Oxanes; Glycosyl compounds; O-glycosyl compounds; Benzene and substituted derivatives; Polyols; Benzenoids; Oxacyclic compounds; Hydrocarbon derivatives; Organic oxygen compounds; Chemical entities	299.149	217	3.620	836961198197895915	836961014369932595	836961014369932594	348	
1	C13H18N6O5	[M - H2O + H]+	C13H17N6O4+	Carbohydrates	0.450	Pseudoalkaloids (transamidation)	0.678	Purine alkaloids	0.812	Organoheterocyclic compounds	0.979	Imidazopyrimidines	0.916	Purines and purine derivatives	0.927	Xanthines	0.725	Xanthines	0.725	Organic compounds; Organoheterocyclic compounds; Pyrimidines and pyrimidine derivatives; Imidazoles; Alcohols and polyols; Lactams; Purines and purine derivatives; Xanthines; Organic acids and derivatives; Organonitrogen compounds; Primary alcohols; Pyrimidones; Organooxygen compounds; Organic carbonic acids and derivatives; Azoles; Ureas; Purinones; Aminopyrimidines and derivatives; Diazines; 6-oxopurines; Imidazopyrimidines; Substituted imidazoles; N-substituted imidazoles; Amines; Primary amines; Vinylogous amides; Organic oxides; Azacyclic compounds; Heteroaromatic compounds; Hydrocarbon derivatives; Organopnictogen compounds; Organic oxygen compounds; Organic nitrogen compounds; Chemical entities	321.131	217	3.623	836961176051968927	836961014411875639	836961014407681334	349	
1	C17H26O6	[M + H3N + H]+	C17H30NO6+	Terpenoids	0.777	Sesquiterpenoids	0.509	Bisabolane sesquiterpenoids	0.097	Lipids and lipid-like molecules	0.692							Lipids and lipid-like molecules	0.692	Organic compounds; Lipids and lipid-like molecules; Alcohols and polyols; Ethers; Carboxylic acids and derivatives; Organooxygen compounds; Secondary alcohols; Carbonyl compounds; Polyols; Organic oxides; Hydrocarbon derivatives; Organic oxygen compounds; Chemical entities	344.207	218	3.626	836961209837090807	836961014483178815	836961014483178814	351	
1	C13H19ClN4O3	[M + Na]+	C13H19ClN4NaO3+	Amino acids and Peptides	0.272	Guanidine alkaloids	0.199	Open-chain polyketides	0.150	Benzenoids	0.664	Benzene and substituted derivatives	0.763	Halobenzenes	0.779	Chlorobenzenes	0.835	Chlorobenzenes	0.835	Organic compounds; Halobenzenes; Organic acids and derivatives; Organohalogen compounds; Organonitrogen compounds; Organooxygen compounds; Aryl chlorides; Chlorobenzenes; Carboxylic acid hydrazides; Organochlorides; Carbonyl compounds; Benzene and substituted derivatives; Benzenoids; Aryl halides; Organic oxides; Hydrocarbon derivatives; Organopnictogen compounds; Organic oxygen compounds; Organic nitrogen compounds; Chemical entities	337.105	218	3.629	836961210445264924	836961014445430075	836961014445430074	350	
1	C10H23ClN4O4	[M + Na]+	C10H23ClN4NaO4+	Amino acids and Peptides	0.342	Small peptides	0.538	Aminoacids	0.071	Organic acids and derivatives	0.762	Organic carbonic acids and derivatives	0.361	Ureas	0.253	Nitrosoureas	0.812	Nitrosoureas	0.812	Organic compounds; Hydrazines and derivatives; Semicarbazides; Organic acids and derivatives; Carboxylic acids and derivatives; Organohalogen compounds; Organonitrogen compounds; Organooxygen compounds; Alkyl chlorides; Nitrosoureas; Organochlorides; Carbonyl compounds; Alkyl halides; Organic oxides; Nitrosamides; Hydrocarbon derivatives; Organopnictogen compounds; Organic oxygen compounds; Organic nitrogen compounds; Organic nitroso compounds; Organic N-nitroso compounds; Chemical entities	321.131	218	3.632	836961204527101266	836961014617396559	836961014617396558	355	
1	C10H19NO2	[M + Na]+	C10H19NNaO2+	Fatty acids	0.340	Monoterpenoids	0.362	Menthane monoterpenoids	0.192	Organic acids and derivatives	0.465	Carboxylic acids and derivatives	0.517					Carboxylic acids and derivatives	0.517	Organic compounds; Carboxylic acids and derivatives; Organonitrogen compounds; Organooxygen compounds; Carbonyl compounds; Organic oxides; Hydrocarbon derivatives; Organopnictogen compounds; Organic oxygen compounds; Organic nitrogen compounds; Chemical entities	208.131	219	3.646	836961179940089089	836961014516733251	836961014516733250	352	
1	C22H41ClN2O2	[M + Na]+	C22H41ClN2NaO2+	Amino acids and Peptides	0.485	Oligopeptides	0.376	Open-chain polyketides	0.043	Organic acids and derivatives	0.781	Carboxylic acids and derivatives	0.805	Amino acids, peptides, and analogues	0.726	Amino acids and derivatives	0.721	Amino acids and derivatives	0.721	Organic compounds; Lipids and lipid-like molecules; Amino acids, peptides, and analogues; Halobenzenes; Ethers; Organic acids and derivatives; Carboxylic acids and derivatives; Organohalogen compounds; Organonitrogen compounds; Organooxygen compounds; Fatty amides; Amino acids and derivatives; Carboxylic acid amides; Aryl chlorides; Carboxylic acid derivatives; N-acyl amines; Chlorobenzenes; Organochlorides; Secondary carboxylic acid amides; Carbonyl compounds; Trialkylamines; Benzene and substituted derivatives; Benzenoids; Amines; Tertiary amines; Aryl halides; Organic oxides; Hydrocarbon derivatives; Organopnictogen compounds; Organic oxygen compounds; Organic nitrogen compounds; Chemical entities	423.275	219	3.653	836961196440482302	836961014550287687	836961014550287686	353	
1	C13H25ClN2O3	[M + Na]+	C13H25ClN2NaO3+	Amino acids and Peptides	0.650	Small peptides	0.493	Dipeptides	0.337	Organic acids and derivatives	0.934	Carboxylic acids and derivatives	0.889	Amino acids, peptides, and analogues	0.537	Amino acids and derivatives	0.535	Amino acids and derivatives	0.535	Organic compounds; Lipids and lipid-like molecules; Amino acids, peptides, and analogues; Organic acids and derivatives; Carboxylic acids and derivatives; Organohalogen compounds; Organonitrogen compounds; Organooxygen compounds; Amino acids and derivatives; Carboxylic acid amides; Alkyl chlorides; Carboxylic acid derivatives; Organochlorides; Secondary carboxylic acid amides; Carbonyl compounds; Alkyl halides; Fatty Acyls; Organic oxides; Hydrocarbon derivatives; Organopnictogen compounds; Organic oxygen compounds; Organic nitrogen compounds; Chemical entities	315.144	220	3.675	836961205814752815	836961014583842123	836961014583842122	354	
1	C9H21NO3Si	[M - H2O + H]+	C9H20NO2Si+	Fatty acids	0.637	Monoterpenoids	0.558	Halogenated fatty acids	0.357	Lipids and lipid-like molecules	0.555							Lipids and lipid-like molecules	0.555	Organic compounds; Lipids and lipid-like molecules; Organic acids and derivatives; Carboxylic acids and derivatives; Organooxygen compounds; Carbonyl compounds; Organic salts; Organic oxides; Hydrocarbon derivatives; Organic oxygen compounds; Organic nitrogen compounds; Chemical entities	202.126	223	3.714	836961210432682006	836961014650950995	836961014650950994	356	
1	C20H37BN2O5S	[M + H3N + H]+	C20H41BN3O5S+	Amino acids and Peptides	0.481	Small peptides	0.379	Pinane monoterpenoids	0.256	Organic acids and derivatives	0.941	Carboxylic acids and derivatives	0.518	Carboxylic acid derivatives	0.489	Carboxylic acid amides	0.505	Secondary carboxylic acid amides	0.536	Organic compounds; Organoheterocyclic compounds; Organosulfur compounds; Organic acids and derivatives; Carboxylic acids and derivatives; Organonitrogen compounds; Organooxygen compounds; Boronic acids; Organometallic compounds; Carboxylic acid amides; Boronic acid derivatives; Organometalloid compounds; Secondary carboxylic acid amides; Organoboron compounds; Organic salts; Organic oxides; Organic metalloid salts; Organic metal salts; Oxacyclic compounds; Hydrocarbon derivatives; Organopnictogen compounds; Alkylboranes; Organic oxygen compounds; Organic nitrogen compounds; Chemical entities	445.288	223	3.717	836961199078699837	836961014684505431	836961014684505430	357	
1	C8H16O2	[M + K]+	C8H16KO2+	Fatty acids	0.970	Fatty Acids and Conjugates	0.622	Branched fatty acids	0.372	Lipids and lipid-like molecules	0.521							Lipids and lipid-like molecules	0.521	Organic compounds; Lipids and lipid-like molecules; Organic acids and derivatives; Carboxylic acids and derivatives; Organooxygen compounds; Monocarboxylic acids and derivatives; Carbonyl compounds; Organic oxides; Hydrocarbon derivatives; Organic oxygen compounds; Chemical entities	183.078	224	3.738	836961178266561720	836961014718059867	836961014718059866	358	
1	C16H40B3N5O6	[M + K]+	C16H40B3KN5O6+	Terpenoids	0.402	Monoterpenoids	0.443	Pinane monoterpenoids	0.910	Organic acids and derivatives	0.989	Carboxylic acids and derivatives	0.079	Amino acids, peptides, and analogues	0.298	Amino acids and derivatives	0.297	Alpha amino acid amides	0.511	Organic compounds; Organoheterocyclic compounds; Lipids and lipid-like molecules; Alpha amino acids and derivatives; Organic acids and derivatives; Organonitrogen compounds; Organooxygen compounds; Boronic acids; Organometallic compounds; Monoalkylamines; Boronic acid derivatives; Organometalloid compounds; Alpha amino acid amides; Amines; Primary amines; Organoboron compounds; Carboximidamides; Organic salts; Organic metalloid salts; Organic metal salts; Oxacyclic compounds; Hydrocarbon derivatives; Alkylboranes; Monoalkylboranes; Organic oxygen compounds; Organic nitrogen compounds; Chemical entities	467.301	227	3.782	836961187804409649	836961014927775091	836961014927775090	364	
1	C15H32ClN3O2	[M + Na]+	C15H32ClN3NaO2+	Amino acids and Peptides	0.376	Oligopeptides	0.195	Open-chain polyketides	0.110	Benzenoids	0.751	Benzene and substituted derivatives	0.825	Halobenzenes	0.681	Chlorobenzenes	0.701	Chlorobenzenes	0.701	Organic compounds; Halobenzenes; Organic acids and derivatives; Organohalogen compounds; Organonitrogen compounds; Organooxygen compounds; Aryl chlorides; Chlorobenzenes; Organochlorides; Carbonyl compounds; Benzene and substituted derivatives; Benzenoids; Amines; Aryl halides; Organic oxides; Hydrocarbon derivatives; Organopnictogen compounds; Organic oxygen compounds; Organic nitrogen compounds; Chemical entities	344.207	227	3.782	836961194146197723	836961014860666219	836961014860666218	362	
1	C9H12O2	[M - H2O + H]+	C9H11O+	Terpenoids	0.799	Monoterpenoids	0.694	Menthane monoterpenoids	0.316	Organic oxygen compounds	0.999	Organooxygen compounds	0.998	Carbonyl compounds	0.570			Carbonyl compounds	0.570	Organic compounds; Organooxygen compounds; Carbonyl compounds; Hydrocarbon derivatives; Organic oxygen compounds; Chemical entities	135.081	227	3.783	836961194930532667	836961014827111783	836961014827111782	361	
1	C6H12O5	[M + H]+	C6H13O5+	Carbohydrates	0.987	Saccharides	0.965	Monosaccharides	0.912	Organic oxygen compounds	1.000	Organooxygen compounds	1.000	Carbohydrates and carbohydrate conjugates	0.897	Monosaccharides	0.870	Monosaccharides	0.870	Organic compounds; Carbohydrates and carbohydrate conjugates; Alcohols and polyols; Primary alcohols; Organooxygen compounds; Monosaccharides; Secondary alcohols; Polyols; Oxacyclic compounds; Hydrocarbon derivatives; Organic oxygen compounds; Chemical entities	165.076	227	3.783	836961199217111899	836961014898414959	836961014894220654	363	
1	C15H22O6	[M + H]+	C15H23O6+	Terpenoids	0.311	Phenylpropanoids (C6-C3)	0.334	Cinnamic acids and derivatives	0.344	Organic oxygen compounds	1.000	Organooxygen compounds	1.000	Carbohydrates and carbohydrate conjugates	0.873	Glycosyl compounds	0.695	O-glycosyl compounds	0.716	Organic compounds; Organoheterocyclic compounds; Carbohydrates and carbohydrate conjugates; Lipids and lipid-like molecules; Alcohols and polyols; Ethers; Primary alcohols; Organooxygen compounds; Monosaccharides; Acetals; Secondary alcohols; Oxanes; Glycosyl compounds; O-glycosyl compounds; Benzene and substituted derivatives; Polyols; Oxacyclic compounds; Hydrocarbon derivatives; Organic oxygen compounds; Chemical entities	299.149	227	3.783	836961208134203193	836961014793557347	836961014793557346	360	
1	C10H20O	[M + H3N + H]+	C10H24NO+	Terpenoids	0.829	Monoterpenoids	0.442	Menthane monoterpenoids	0.442	Organic oxygen compounds	0.983	Organooxygen compounds	0.966	Carbonyl compounds	0.567			Carbonyl compounds	0.567	Organic compounds; Organooxygen compounds; Carbonyl compounds; Organic oxides; Hydrocarbon derivatives; Organic oxygen compounds; Chemical entities	174.185	227	3.788	836961174487493411	836961014994883963	836961014994883962	366	
1	C6H6ClF	[M + Na]+	C6H6ClFNa+	Fatty acids	0.117	Fatty acyls	0.028	Halogenated fatty acids	0.067	Benzenoids	0.998	Benzene and substituted derivatives	0.992	Halobenzenes	0.985	Chlorobenzenes	0.850	Chlorobenzenes	0.850	Organic compounds; Halobenzenes; Organohalogen compounds; Alkyl chlorides; Aryl chlorides; Aryl fluorides; Chlorobenzenes; Fluorobenzenes; Organochlorides; Organofluorides; Benzene and substituted derivatives; Benzenoids; Aryl halides; Alkyl halides; Hydrocarbon derivatives; Chemical entities	155.003	227	3.790	836961182716718526	836961014965523831	836961014961329526	365	
1	C21H41BN2O7Si	[M + H3N + H]+	C21H45BN3O7Si+	Amino acids and Peptides	0.157	Linear polyketides	0.140	Open-chain polyketides	0.303	Lipids and lipid-like molecules	0.688	Fatty Acyls	0.716	Fatty amides	0.614	N-acyl amines	0.533	N-acyl amines	0.533	Organic compounds; Lipids and lipid-like molecules; Organic acids and derivatives; Carboxylic acids and derivatives; Organonitrogen compounds; Organooxygen compounds; Fatty amides; Organometallic compounds; Carboxylic acid amides; Boronic acid derivatives; Carboxylic acid derivatives; N-acyl amines; Organometalloid compounds; Secondary carboxylic acid amides; Carbonyl compounds; Organoboron compounds; Organic salts; Fatty Acyls; Organic oxides; Organic metalloid salts; Organic metal salts; Oxacyclic compounds; Hydrocarbon derivatives; Alkylboranes; Monoalkylboranes; Organic oxygen compounds; Organic nitrogen compounds; Chemical entities	489.314	230	3.836	836961209665124322	836961015032632703	836961015028438398	367	
1	C13H23NO5	[M - H2O + H]+	C13H22NO4+	Amino acids and Peptides	0.497	Linear polyketides	0.409	Open-chain polyketides	0.225	Lipids and lipid-like molecules	0.749	Fatty Acyls	0.743	Fatty amides	0.564			Fatty amides	0.564	Organic compounds; Lipids and lipid-like molecules; Alcohols and polyols; Organic acids and derivatives; Carboxylic acids and derivatives; Organonitrogen compounds; Organooxygen compounds; Fatty amides; Carboxylic acid amides; Carboxylic acid derivatives; Monocarboxylic acids and derivatives; Secondary alcohols; Carbonyl compounds; Fatty Acyls; Organic oxides; Hydrocarbon derivatives; Organopnictogen compounds; Organic oxygen compounds; Organic nitrogen compounds; Chemical entities	256.154	233	3.880	836961197308703356	836961015171044751	836961015171044750	371	
1	C9H10O3	[M - H2O + H]+	C9H9O2+	Shikimates and Phenylpropanoids	0.815	Phenolic acids (C6-C1)	0.821	Simple phenolic acids	0.912	Benzenoids	0.998	Benzene and substituted derivatives	0.998	Benzoic acids and derivatives	0.997	Benzoic acid esters	0.985	Benzoic acid esters	0.985	Organic compounds; Alcohols and polyols; Benzoic acids and derivatives; Organic acids and derivatives; Carboxylic acids and derivatives; Primary alcohols; Benzoyl derivatives; Organooxygen compounds; Carboxylic acid derivatives; Monocarboxylic acids and derivatives; Carboxylic acid esters; Benzoic acid esters; Benzene and substituted derivatives; Benzenoids; Organic oxides; Hydrocarbon derivatives; Organic oxygen compounds; Chemical entities	149.060	233	3.880	836961204724233636	836961015103935879	836961015099741574	369	
1	C6H13FO5S	[M + H3N + H]+	C6H17FNO5S+	Fatty acids	0.846	Fatty Acids and Conjugates	0.309	Halogenated fatty acids	0.413	Organic acids and derivatives	0.943	Organic sulfonic acids and derivatives	0.750	Organosulfonic acids and derivatives	0.752			Organosulfonic acids and derivatives	0.752	Organic compounds; Organosulfur compounds; Organic acids and derivatives; Organohalogen compounds; Organosulfonic acids and derivatives; Organooxygen compounds; Alkyl fluorides; Sulfonyls; Organofluorides; Alkyl halides; Organic oxides; Hydrocarbon derivatives; Organic sulfonic acids and derivatives; Organic oxygen compounds; Chemical entities	234.082	233	3.881	836961187976376153	836961015200404883	836961015200404882	372	
1	C8H19ClNO4	[M - H2O + H]+	C8H18ClNO3+	Amino acids and Peptides	0.643	Oligopeptides	0.154	Halogenated fatty acids	0.099	Organic oxygen compounds	0.997	Organooxygen compounds	0.929	Alcohols and polyols	0.549	Primary alcohols	0.600	Primary alcohols	0.600	Organic compounds; Alcohols and polyols; Organohalogen compounds; Organonitrogen compounds; Primary alcohols; Organooxygen compounds; Organochlorides; Hydrocarbon derivatives; Organopnictogen compounds; Organic oxygen compounds; Organic nitrogen compounds; Chemical entities	211.097	233	3.881	836961180560846127	836961015137490315	836961015133296010	370	
1	C16H30N4O3	[M - H2O + H]+	C16H29N4O2+	Amino acids and Peptides	0.722	Small peptides	0.512	Tripeptides	0.210	Lipids and lipid-like molecules	0.648	Fatty Acyls	0.598	Fatty amides	0.563	N-acyl amines	0.525	N-acyl amines	0.525	Organic compounds; Lipids and lipid-like molecules; Organic acids and derivatives; Carboxylic acids and derivatives; Organonitrogen compounds; Organooxygen compounds; Fatty amides; Carboxylic acid amides; Carboxylic acid derivatives; N-acyl amines; Secondary carboxylic acid amides; Carbonyl compounds; Fatty Acyls; Organic oxides; Hydrocarbon derivatives; Organopnictogen compounds; Organic oxygen compounds; Organic nitrogen compounds; Chemical entities	309.227	234	3.893	836961189373079483	836961015233959319	836961015233959318	373	
1	C12H27NO3	[M - H2O + H]+	C12H26NO2+	Fatty acids	0.752	Pseudoalkaloids (transamidation)	0.298	Fatty alcohols	0.332	Organic nitrogen compounds	0.999	Organonitrogen compounds	0.998	Amines	0.559			Amines	0.559	Organic compounds; Organonitrogen compounds; Organooxygen compounds; Amines; Hydrocarbon derivatives; Organopnictogen compounds; Organic oxygen compounds; Organic nitrogen compounds; Chemical entities	216.196	234	3.908	836961210172635149	836961015267513755	836961015267513754	374	
1	C14H31NO3	[M + H]+	C14H32NO3+	Fatty acids	0.626	Spingolipids	0.124	Sphingoid bases	0.567	Organic nitrogen compounds	1.000	Organonitrogen compounds	1.000	Amines	1.000	Alkanolamines	0.956	1,2-aminoalcohols	0.950	Organic compounds; Alcohols and polyols; Organonitrogen compounds; Primary alcohols; Organooxygen compounds; 1,2-aminoalcohols; Trialkylamines; Amines; Tertiary amines; Alkanolamines; Hydrocarbon derivatives; Organopnictogen compounds; Organic oxygen compounds; Organic nitrogen compounds; Chemical entities	262.238	235	3.915	836961176442039250	836961015305262495	836961015305262494	375	
1	C12H27NO3	[M + H]+	C12H28NO3+	Fatty acids	0.988	Spingolipids	0.461	Sphingoid bases	0.943	Organic nitrogen compounds	1.000	Organonitrogen compounds	1.000	Amines	0.998	Alkanolamines	0.984	1,2-aminoalcohols	0.975	Organic compounds; Alcohols and polyols; Organonitrogen compounds; Primary alcohols; Organooxygen compounds; 1,2-aminoalcohols; Dialkylamines; Amines; Secondary amines; Alkanolamines; Hydrocarbon derivatives; Organopnictogen compounds; Organic oxygen compounds; Organic nitrogen compounds; Chemical entities	234.206	236	3.928	836961176928578597	836961015343011235	836961015343011234	376	
1	C11H16O2	[M + H3N + H]+	C11H20NO2+	Fatty acids	0.662	Fatty Acids and Conjugates	0.393	Unsaturated fatty acids	0.320	Lipids and lipid-like molecules	0.607							Lipids and lipid-like molecules	0.607	Organic compounds; Lipids and lipid-like molecules; Organic acids and derivatives; Carboxylic acids and derivatives; Organooxygen compounds; Monocarboxylic acids and derivatives; Carboxylic acids; Carbonyl compounds; Organic oxides; Hydrocarbon derivatives; Organic oxygen compounds; Chemical entities	198.149	236	3.928	836961175427017581	836961015066187139	836961015066187138	368	
1	C11H18BNO4	[M - H2O + H]+	C11H17BNO3+	Terpenoids	0.457	Monoterpenoids	0.728	Pinane monoterpenoids	0.688	Organic acids and derivatives	0.955	Boronic acid derivatives	0.821	Boronic acids	0.778			Boronic acids	0.778	Organic compounds; Organic acids and derivatives; Organooxygen compounds; Boronic acids; Organometallic compounds; Boronic acid derivatives; Organometalloid compounds; Organoboron compounds; Organic salts; Organic metalloid salts; Organic metal salts; Hydrocarbon derivatives; Organic oxygen compounds; Organic nitrogen compounds; Chemical entities	221.134	236	3.933	836961176920189970	836961015523366327	836961015523366326	381	
1	C10H16O	[M - H2O + H]+	C10H15+	Terpenoids	0.966	Monoterpenoids	0.812	Pinane monoterpenoids	0.540	Organic oxygen compounds	0.997	Organooxygen compounds	0.994	Alcohols and polyols	0.785			Alcohols and polyols	0.785	Organic compounds; Alcohols and polyols; Organooxygen compounds; Hydrocarbon derivatives; Organic oxygen compounds; Chemical entities	135.117	236	3.934	836961180644732226	836961015485617587	836961015485617586	380	
1	C11H16O2	[M + H]+	C11H17O2+	Fatty acids	0.973	Fatty Acids and Conjugates	0.716	Unsaturated fatty acids	0.784	Organic acids and derivatives	0.636	Carboxylic acids and derivatives	0.621	Carboxylic acids	0.522			Carboxylic acids	0.522	Organic compounds; Organic acids and derivatives; Carboxylic acids and derivatives; Organooxygen compounds; Monocarboxylic acids and derivatives; Carboxylic acids; Carbonyl compounds; Organic oxides; Hydrocarbon derivatives; Organic oxygen compounds; Chemical entities	181.122	236	3.935	836961187716329248	836961015561115067	836961015561115066	382	
1	C13H23NO2	[M + H3N + H]+	C13H27N2O2+	Alkaloids	0.365	Small peptides	0.209	Aminoacids	0.191	Organic acids and derivatives	0.993	Carboxylic acids and derivatives	0.992	Amino acids, peptides, and analogues	0.873	Amino acids and derivatives	0.873	Amino acids and derivatives	0.873	Organic compounds; Amino acids, peptides, and analogues; Organic acids and derivatives; Carboxylic acids and derivatives; Organonitrogen compounds; Organooxygen compounds; Amino acids and derivatives; Carboxylic acid derivatives; Monocarboxylic acids and derivatives; Carboxylic acid esters; Carbonyl compounds; Dialkylamines; Amines; Secondary amines; Organic oxides; Hydrocarbon derivatives; Organopnictogen compounds; Organic oxygen compounds; Organic nitrogen compounds; Chemical entities	243.207	236	3.935	836961176190380980	836961015452063151	836961015447868846	379	
1	C11H16O2	[M + H3N + H]+	C11H20NO2+	Fatty acids	0.989	Fatty Acids and Conjugates	0.818	Unsaturated fatty acids	0.914	Lipids and lipid-like molecules	0.419	Fatty Acyls	0.412	Fatty acids and conjugates	0.340	Unsaturated fatty acids	0.521	Unsaturated fatty acids	0.521	Organic compounds; Organic acids and derivatives; Carboxylic acids and derivatives; Organooxygen compounds; Unsaturated fatty acids; Monocarboxylic acids and derivatives; Carboxylic acids; Carbonyl compounds; Organic oxides; Hydrocarbon derivatives; Organic oxygen compounds; Chemical entities	198.149	236	3.935	836961177977154686	836961015376565671	836961015376565670	377	
1	C28H50N2O4S	[M + Na]+	C28H50N2NaO4S+	Polyketides	0.451	Linear polyketides	0.495	Open-chain polyketides	0.651	Organic acids and derivatives	0.924	Carboxylic acids and derivatives	0.870	Amino acids, peptides, and analogues	0.678	Amino acids and derivatives	0.671	Amino acids and derivatives	0.671	Organic compounds; Organoheterocyclic compounds; Organosulfur compounds; Lipids and lipid-like molecules; Amino acids, peptides, and analogues; Ketones; Alcohols and polyols; Organic acids and derivatives; Carboxylic acids and derivatives; Organonitrogen compounds; Organooxygen compounds; Amino acids and derivatives; Carboxylic acid derivatives; Monocarboxylic acids and derivatives; Carboxylic acid esters; Secondary alcohols; Carbonyl compounds; Amines; Organic oxides; Hydrocarbon derivatives; Organopnictogen compounds; Organic oxygen compounds; Organic nitrogen compounds; Chemical entities	533.341	236	3.940	836961200743838713	836961015594669503	836961015594669502	383	
1	C26H52N4O5S	[M + Na]+	C26H52N4NaO5S+	Amino acids and Peptides	0.963	Oligopeptides	0.911	Linear peptides	0.147	Organic acids and derivatives	0.996	Carboxylic acids and derivatives	0.985	Amino acids, peptides, and analogues	0.881	Amino acids and derivatives	0.865	N-acyl-alpha amino acids and derivatives	0.731	Organic compounds; Organoheterocyclic compounds; Lipids and lipid-like molecules; Amino acids, peptides, and analogues; Alpha amino acids and derivatives; Organic acids and derivatives; Carboxylic acids and derivatives; Organonitrogen compounds; Organooxygen compounds; Fatty amides; Amino acids and derivatives; Carboxylic acid amides; Carboxylic acid derivatives; N-acyl amines; N-acyl-alpha amino acids and derivatives; Secondary carboxylic acid amides; Carbonyl compounds; Alpha amino acid amides; Fatty Acyls; Organic oxides; Hydrocarbon derivatives; Organopnictogen compounds; Organic oxygen compounds; Organic nitrogen compounds; Chemical entities	555.354	239	3.989	836961194829869353	836961015670166983	836961015665972678	385	
1	C12H18N2O6S	[M + H3N + H]+	C12H22N3O6S+	Amino acids and Peptides	0.366	Small peptides	0.070	Imidazole alkaloids	0.026	Benzenoids	0.719	Benzene and substituted derivatives	0.766	Nitrobenzenes	0.706			Nitrobenzenes	0.706	Organic compounds; Organosulfur compounds; Nitrobenzenes; Organic acids and derivatives; Organosulfonic acids and derivatives; Organonitrogen compounds; Organooxygen compounds; Organic nitro compounds; Sulfonyls; Organic oxoazanium compounds; Benzene and substituted derivatives; Benzenoids; Organic 1,3-dipolar compounds; Allyl-type 1,3-dipolar organic compounds; Propargyl-type 1,3-dipolar organic compounds; Organic oxides; C-nitro compounds; Hydrocarbon derivatives; Benzenesulfonyl compounds; Organic sulfonic acids and derivatives; Organopnictogen compounds; Organic oxygen compounds; Nitroaromatic compounds; Organic nitrogen compounds; Chemical entities	336.123	239	3.992	836961208322946894	836961015632418243	836961015632418242	384	
1	C16H31N4O3	[M - H2O + H]+	C16H30N4O2+	Amino acids and Peptides	0.456	Small peptides	0.516	Dipeptides	0.137	Lipids and lipid-like molecules	0.732	Fatty Acyls	0.699	Fatty amides	0.571	N-acyl amines	0.530	N-acyl amines	0.530	Organic compounds; Lipids and lipid-like molecules; Organic acids and derivatives; Carboxylic acids and derivatives; Organonitrogen compounds; Organooxygen compounds; Fatty amides; Guanidines; Carboxylic acid amides; Carboxylic acid derivatives; N-acyl amines; Secondary carboxylic acid amides; Carbonyl compounds; Carboximidamides; Organic 1,3-dipolar compounds; Fatty Acyls; Organic oxides; Hydrocarbon derivatives; Organopnictogen compounds; Organic oxygen compounds; Organic nitrogen compounds; Chemical entities	310.238	241	4.023	836961195698090414	836961015703721419	836961015703721418	386	
1	C28H56N4O6S	[M + Na]+	C28H56N4NaO6S+	Amino acids and Peptides	0.948	Oligopeptides	0.975	Cyclamides	0.193	Organic acids and derivatives	0.995	Carboxylic acids and derivatives	0.967	Amino acids, peptides, and analogues	0.829	Peptides	0.518	Peptides	0.518	Organic compounds; Organoheterocyclic compounds; Organosulfur compounds; Lipids and lipid-like molecules; Amino acids, peptides, and analogues; Alpha amino acids and derivatives; Organic acids and derivatives; Carboxylic acids and derivatives; Organonitrogen compounds; Organooxygen compounds; Amino acids and derivatives; Peptides; Carboxylic acid amides; Carboxylic acid derivatives; N-acyl amines; Secondary carboxylic acid amides; Carbonyl compounds; Fatty Acyls; Organic oxides; Azacyclic compounds; Hydrocarbon derivatives; Organopnictogen compounds; Organic oxygen compounds; Organic nitrogen compounds; Chemical entities	599.380	245	4.075	836961314627591624	836961015770830291	836961015766635986	389	
1	C10H31N7O3Si	[M + Na]+	C10H31N7NaO3Si+	Alkaloids	0.277	Ornithine alkaloids	0.290	Polyamines	0.524	Organic nitrogen compounds	0.981	Organonitrogen compounds	0.955	Amines	0.567			Amines	0.567	Organic compounds; Organonitrogen compounds; Organooxygen compounds; Amines; Hydrocarbon derivatives; Organopnictogen compounds; Organic oxygen compounds; Organic nitrogen compounds; Chemical entities	348.214	247	4.120	836961195630981536	836961015800190423	836961015800190422	390	
1	C18H26O3	[M + H3N + H]+	C18H30NO3+	Terpenoids	0.997	Steroids	0.983	Androstane steroids	0.897	Lipids and lipid-like molecules	0.979	Steroids and steroid derivatives	0.977	Androstane steroids	0.725	Androgens and derivatives	0.667	Androgens and derivatives	0.667	Organic compounds; Lipids and lipid-like molecules; Ketones; Alcohols and polyols; Steroids and steroid derivatives; Organooxygen compounds; Oxosteroids; Cyclic alcohols and derivatives; Hydroxysteroids; Androgens and derivatives; Secondary alcohols; Carbonyl compounds; 3-oxosteroids; Cyclic ketones; 17-oxosteroids; Androstane steroids; Organic oxides; Hydrocarbon derivatives; Organic oxygen compounds; Chemical entities	308.222	247	4.122	836961191356985310	836961015837939163	836961015837939162	391	
1	C16H31N4O3	[M - H2O + H]+	C16H30N4O2+	Amino acids and Peptides	0.791	Small peptides	0.748	Dipeptides	0.262	Organic acids and derivatives	0.964	Carboxylic acids and derivatives	0.946	Amino acids, peptides, and analogues	0.504			Amino acids, peptides, and analogues	0.504	Organic compounds; Lipids and lipid-like molecules; Amino acids, peptides, and analogues; Organic acids and derivatives; Carboxylic acids and derivatives; Organonitrogen compounds; Organooxygen compounds; Fatty amides; Guanidines; Carboxylic acid amides; Carboxylic acid derivatives; N-acyl amines; Secondary carboxylic acid amides; Carbonyl compounds; Carboximidamides; Organic 1,3-dipolar compounds; Propargyl-type 1,3-dipolar organic compounds; Fatty Acyls; Organic oxides; Hydrocarbon derivatives; Organopnictogen compounds; Organic oxygen compounds; Organic nitrogen compounds; Chemical entities	310.238	254	4.227	836961182876102097	836961015871493599	836961015871493598	392	
1	C18H28O3	[M + H3N + H]+	C18H32NO3+	Fatty acids	0.822	Octadecanoids	0.843	Other Octadecanoids	0.661	Lipids and lipid-like molecules	0.944	Fatty Acyls	0.878	Fatty acids and conjugates	0.844	Long-chain fatty acids	0.746	Long-chain fatty acids	0.746	Organic compounds; Lipids and lipid-like molecules; Ketones; Fatty acids and conjugates; Organic acids and derivatives; Carboxylic acids and derivatives; Organooxygen compounds; Unsaturated fatty acids; Monocarboxylic acids and derivatives; Carboxylic acids; Carbonyl compounds; Long-chain fatty acids; Fatty Acyls; Organic oxides; Hydrocarbon derivatives; Organic oxygen compounds; Chemical entities	310.238	254	4.231	836961192053239833	836961015976351211	836961015972156906	395	
1	C16H31N4O3	[M + Na]+	C16H31N4NaO3+	Amino acids and Peptides	0.936	Small peptides	0.721	Dipeptides	0.202	Organic acids and derivatives	0.971	Carboxylic acids and derivatives	0.938	Amino acids, peptides, and analogues	0.639	Amino acids and derivatives	0.626	Amino acids and derivatives	0.626	Organic compounds; Lipids and lipid-like molecules; Amino acids, peptides, and analogues; Organic acids and derivatives; Carboxylic acids and derivatives; Organonitrogen compounds; Organooxygen compounds; Fatty amides; Amino acids and derivatives; Carboxylic acid amides; Carboxylic acid derivatives; N-acyl amines; Secondary carboxylic acid amides; Carbonyl compounds; Fatty Acyls; Organic oxides; Hydrocarbon derivatives; Organopnictogen compounds; Organic oxygen compounds; Organic nitrogen compounds; Chemical entities	350.230	254	4.231	836961213561633104	836961015938602471	836961015938602470	394	
1	C11H18O2	[M + H3N + H]+	C11H22NO2+	Fatty acids	0.849	Fatty acyls	0.401	Unsaturated fatty acids	0.184	Lipids and lipid-like molecules	0.550							Lipids and lipid-like molecules	0.550	Organic compounds; Lipids and lipid-like molecules; Organooxygen compounds; Carbonyl compounds; Organic oxides; Hydrocarbon derivatives; Organic oxygen compounds; Chemical entities	200.165	255	4.257	836961210847918167	836961016009905647	836961016009905646	396	
1	C11H21NO2	[M + Na]+	C11H21NNaO2+	Terpenoids	0.354	Monoterpenoids	0.536	Menthane monoterpenoids	0.327	Organic acids and derivatives	0.572	Carboxylic acids and derivatives	0.570	Monocarboxylic acids and derivatives	0.516			Monocarboxylic acids and derivatives	0.516	Organic compounds; Organic acids and derivatives; Carboxylic acids and derivatives; Organonitrogen compounds; Organooxygen compounds; Monocarboxylic acids and derivatives; Carbonyl compounds; Organic oxides; Hydrocarbon derivatives; Organic oxygen compounds; Organic nitrogen compounds; Chemical entities	222.146	256	4.265	836961184713207356	836961016043460083	836961016043460082	397	
1	C20H35NO4	[M + H3N + H]+	C20H39N2O4+	Fatty acids	0.690	Linear polyketides	0.211	Open-chain polyketides	0.107	Lipids and lipid-like molecules	0.776	Fatty Acyls	0.773	Fatty acid esters	0.542			Fatty acid esters	0.542	Organic compounds; Lipids and lipid-like molecules; Organic acids and derivatives; Carboxylic acids and derivatives; Organonitrogen compounds; Organooxygen compounds; Fatty acid esters; Carboxylic acid derivatives; Monocarboxylic acids and derivatives; Carboxylic acid esters; Carbonyl compounds; Amines; Fatty Acyls; Organic oxides; Hydrocarbon derivatives; Organopnictogen compounds; Organic oxygen compounds; Organic nitrogen compounds; Chemical entities	371.290	256	4.268	836961195098304866	836961016177677823	836961016173483518	400	
1	C18H26O3	[M + H3N + H]+	C18H30NO3+	Fatty acids	0.626	Octadecanoids	0.695	Phytoprostanes	0.400	Lipids and lipid-like molecules	0.781	Fatty Acyls	0.574					Fatty Acyls	0.574	Organic compounds; Lipids and lipid-like molecules; Ketones; Organic acids and derivatives; Carboxylic acids and derivatives; Organooxygen compounds; Monocarboxylic acids and derivatives; Carboxylic acids; Carbonyl compounds; Cyclic ketones; Fatty Acyls; Organic oxides; Hydrocarbon derivatives; Organic oxygen compounds; Chemical entities	308.222	256	4.268	836961319027416816	836961016077014519	836961016077014518	398	
1	C13H29NO2	[M + H]+	C13H30NO2+	Fatty acids	0.289	Pseudoalkaloids (transamidation)	0.514	Phenylalanine-derived alkaloids	0.809	Organic nitrogen compounds	1.000	Organonitrogen compounds	0.998	Amines	0.717			Amines	0.717	Organic compounds; Organonitrogen compounds; Organooxygen compounds; Amines; Hydrocarbon derivatives; Organopnictogen compounds; Organic oxygen compounds; Organic nitrogen compounds; Chemical entities	232.227	260	4.329	836961202308314300	836961016207037955	836961016207037954	401	
1	C18H28O3	[M + H3N + H]+	C18H32NO3+	Terpenoids	0.556	Octadecanoids	0.690	Phytane diterpenoids	0.525	Lipids and lipid-like molecules	0.901	Fatty Acyls	0.761	Fatty acids and conjugates	0.730	Long-chain fatty acids	0.516	Long-chain fatty acids	0.516	Organic compounds; Lipids and lipid-like molecules; Ketones; Fatty acids and conjugates; Organic acids and derivatives; Carboxylic acids and derivatives; Organooxygen compounds; Monocarboxylic acids and derivatives; Carboxylic acids; Carbonyl compounds; Long-chain fatty acids; Cyclic ketones; Fatty Acyls; Organic oxides; Hydrocarbon derivatives; Organic oxygen compounds; Chemical entities	310.238	262	4.371	836961185841475241	836961016244786695	836961016244786694	402	
1	C18H33NO3	[M - H2O + H]+	C18H32NO2+	Fatty acids	0.889	Fatty amides	0.185	Sphingoid bases	0.196	Benzenoids	0.659	Benzene and substituted derivatives	0.766					Benzene and substituted derivatives	0.766	Organic compounds; Alcohols and polyols; Organonitrogen compounds; Organooxygen compounds; Secondary alcohols; 1,2-aminoalcohols; Benzene and substituted derivatives; Benzenoids; Amines; Alkanolamines; Hydrocarbon derivatives; Organopnictogen compounds; Organic oxygen compounds; Organic nitrogen compounds; Chemical entities	294.243	266	4.437	836961192531390535	836961016278341131	836961016278341130	403	
1	C16H31N4O3	[M + Na]+	C16H31N4NaO3+	Amino acids and Peptides	0.596	Small peptides	0.310	Dipeptides	0.195	Lipids and lipid-like molecules	0.654	Fatty Acyls	0.655	Fatty amides	0.626	N-acyl amines	0.547	N-acyl amines	0.547	Organic compounds; Lipids and lipid-like molecules; Organic acids and derivatives; Carboxylic acids and derivatives; Organonitrogen compounds; Organooxygen compounds; Fatty amides; Monoalkylamines; Carboxylic acid amides; Carboxylic acid derivatives; N-acyl amines; Carbonyl compounds; Amines; Primary amines; Fatty Acyls; Organic oxides; Hydrocarbon derivatives; Organopnictogen compounds; Organic oxygen compounds; Organic nitrogen compounds; Chemical entities	350.230	269	4.481	836961203088454894	836961016311895567	836961016311895566	404	
1	C16H31N4O3	[M + H]+	C16H32N4O3+	Amino acids and Peptides	0.651	Small peptides	0.502	Dipeptides	0.435	Organic acids and derivatives	0.908	Carboxylic acids and derivatives	0.820	Amino acids, peptides, and analogues	0.566	Amino acids and derivatives	0.559	Amino acids and derivatives	0.559	Organic compounds; Lipids and lipid-like molecules; Amino acids, peptides, and analogues; Organic acids and derivatives; Carboxylic acids and derivatives; Organonitrogen compounds; Organooxygen compounds; Fatty amides; Amino acids and derivatives; Monoalkylamines; Carboxylic acid amides; Carboxylic acid derivatives; N-acyl amines; Secondary carboxylic acid amides; Carbonyl compounds; Benzene and substituted derivatives; Amines; Primary amines; Fatty Acyls; Organic oxides; Hydrocarbon derivatives; Organopnictogen compounds; Organic oxygen compounds; Organic nitrogen compounds; Chemical entities	328.248	269	4.483	836961196855718485	836961016345450003	836961016341255698	405	
1	C16H24O2	[M + H3N + H]+	C16H28NO2+	Terpenoids	0.969	Sesquiterpenoids	0.855	Humulane sesquiterpenoids	0.076	Lipids and lipid-like molecules	0.826	Prenol lipids	0.746					Prenol lipids	0.746	Organic compounds; Lipids and lipid-like molecules; Ketones; Prenol lipids; Organooxygen compounds; Carbonyl compounds; Cyclic ketones; Organic oxides; Hydrocarbon derivatives; Organic oxygen compounds; Chemical entities	266.211	269	4.485	836961220972969043	836961016379004439	836961016379004438	406	
1	C12H18O2	[M + H3N + H]+	C12H22NO2+	Fatty acids	0.978	Fatty Acids and Conjugates	0.738	Unsaturated fatty acids	0.883	Organic acids and derivatives	0.949	Carboxylic acids and derivatives	0.944	Carboxylic acids	0.655			Carboxylic acids	0.655	Organic compounds; Organic acids and derivatives; Carboxylic acids and derivatives; Organooxygen compounds; Monocarboxylic acids and derivatives; Carboxylic acids; Carbonyl compounds; Organic oxides; Hydrocarbon derivatives; Organic oxygen compounds; Chemical entities	212.165	269	4.490	836961205319824864	836961016450307615	836961016450307614	408	
1	C12H21NO2	[M + Na]+	C12H21NNaO2+	Amino acids and Peptides	0.353	Pseudoalkaloids (transamidation)	0.329	Phenylalanine-derived alkaloids	0.444	Benzenoids	0.476	Benzene and substituted derivatives	0.573					Benzene and substituted derivatives	0.573	Organic compounds; Organonitrogen compounds; Organooxygen compounds; Carbonyl compounds; Benzene and substituted derivatives; Organic oxides; Hydrocarbon derivatives; Organopnictogen compounds; Organic oxygen compounds; Organic nitrogen compounds; Chemical entities	234.146	269	4.490	836961191763832833	836961016412558875	836961016412558874	407	
1	C16H29NO3	[M - H2O + H]+	C16H28NO2+	Amino acids and Peptides	0.183	Pseudoalkaloids (transamidation)	0.193	Open-chain polyketides	0.120	Organic oxygen compounds	1.000	Organooxygen compounds	0.998	Alcohols and polyols	0.774	Secondary alcohols	0.594	Secondary alcohols	0.594	Organic compounds; Alcohols and polyols; Ethers; Organonitrogen compounds; Organooxygen compounds; Dialkyl ethers; Secondary alcohols; Amines; Hydrocarbon derivatives; Organopnictogen compounds; Organic oxygen compounds; Organic nitrogen compounds; Chemical entities	266.211	269	4.491	836961321502056332	836961016517416487	836961016517416486	410	
1	C16H31N4O3	[M - H2O + H]+	C16H30N4O2+	Amino acids and Peptides	0.916	Small peptides	0.767	Dipeptides	0.463	Organic acids and derivatives	0.976	Carboxylic acids and derivatives	0.949	Amino acids, peptides, and analogues	0.656	Amino acids and derivatives	0.646	Alpha amino acids and derivatives	0.511	Organic compounds; Lipids and lipid-like molecules; Amino acids, peptides, and analogues; Alpha amino acids and derivatives; Organic acids and derivatives; Carboxylic acids and derivatives; Organonitrogen compounds; Organooxygen compounds; Fatty amides; Amino acids and derivatives; Carboxylic acid amides; Carboxylic acid derivatives; N-acyl amines; Secondary carboxylic acid amides; Carbonyl compounds; Fatty Acyls; Organic oxides; Hydrocarbon derivatives; Organopnictogen compounds; Organic oxygen compounds; Organic nitrogen compounds; Chemical entities	310.238	271	4.515	836961208419415906	836961016483862051	836961016483862050	409	
1	C8H14O	[M + H3N + H]+	C8H18NO+	Fatty acids	0.997	Fatty acyls	0.979	Fatty aldehydes	0.766	Organic oxygen compounds	0.997	Organooxygen compounds	0.995	Carbonyl compounds	0.881			Carbonyl compounds	0.881	Organic compounds; Organooxygen compounds; Carbonyl compounds; Organic oxides; Hydrocarbon derivatives; Organic oxygen compounds; Chemical entities	144.138	278	4.633	836961187976376151	836961016546776619	836961016546776618	411	
1	C13H23NO2	[M + H3N + H]+	C13H27N2O2+	Fatty acids	0.876	Fatty amides	0.804	Primary amides	0.880	Lipids and lipid-like molecules	0.577	Fatty Acyls	0.504					Fatty Acyls	0.504	Organic compounds; Lipids and lipid-like molecules; Organic acids and derivatives; Carboxylic acids and derivatives; Organonitrogen compounds; Organooxygen compounds; Carboxylic acid amides; Carboxylic acid derivatives; Primary carboxylic acid amides; Carbonyl compounds; Fatty Acyls; Organic oxides; Hydrocarbon derivatives; Organopnictogen compounds; Organic oxygen compounds; Organic nitrogen compounds; Chemical entities	243.207	280	4.670	836961195903611349	836961016584525359	836961016584525358	412	
1	CHN2O3S	[M + Na]+	CHN2NaO3S+	Alkaloids	0.842	Histidine alkaloids	0.639	Imidazole alkaloids	0.638	Organoheterocyclic compounds	0.914	Azoles	0.549					Azoles	0.549	Organic compounds; Organoheterocyclic compounds; Organonitrogen compounds; Azoles; Organic oxides; Azacyclic compounds; Heteroaromatic compounds; Hydrocarbon derivatives; Organic oxygen compounds; Organic nitrogen compounds; Chemical entities	143.959	285	4.752	836961196834746956	836961016618079795	836961016618079794	413	
1	C10H22O3	[M + H]+	C10H23O3+	Fatty acids	0.996	Fatty acyls	0.980	Fatty alcohols	0.991	Organic oxygen compounds	0.999	Organooxygen compounds	0.997	Alcohols and polyols	0.865	Primary alcohols	0.571	Primary alcohols	0.571	Organic compounds; Alcohols and polyols; Primary alcohols; Organooxygen compounds; Hydrocarbon derivatives; Organic oxygen compounds; Chemical entities	191.164	286	4.760	836961229541933306	836961016651634231	836961016651634230	414	
1	C16H31N4O3	[M + Na]+	C16H31N4NaO3+	Amino acids and Peptides	0.943	Small peptides	0.763	Dipeptides	0.264	Organic acids and derivatives	0.975	Carboxylic acids and derivatives	0.956	Amino acids, peptides, and analogues	0.690	Amino acids and derivatives	0.677	Alpha amino acids and derivatives	0.521	Organic compounds; Lipids and lipid-like molecules; Amino acids, peptides, and analogues; Alpha amino acids and derivatives; Organic acids and derivatives; Carboxylic acids and derivatives; Organonitrogen compounds; Organooxygen compounds; Fatty amides; Amino acids and derivatives; Carboxylic acid amides; Carboxylic acid derivatives; N-acyl amines; Secondary carboxylic acid amides; Carbonyl compounds; Amines; Fatty Acyls; Organic oxides; Hydrocarbon derivatives; Organopnictogen compounds; Organic oxygen compounds; Organic nitrogen compounds; Chemical entities	350.230	286	4.773	836961193957454018	836961016752297539	836961016752297538	417	
1	C16H31N4O3	[M - H2O + H]+	C16H30N4O2+	Amino acids and Peptides	0.466	Small peptides	0.399	Dipeptides	0.136	Lipids and lipid-like molecules	0.639	Fatty Acyls	0.602					Fatty Acyls	0.602	Organic compounds; Lipids and lipid-like molecules; Organic acids and derivatives; Carboxylic acids and derivatives; Organonitrogen compounds; Organooxygen compounds; Carboxylic acid amides; Carboxylic acid derivatives; Secondary carboxylic acid amides; Carbonyl compounds; Fatty Acyls; Organic oxides; Hydrocarbon derivatives; Organopnictogen compounds; Organic oxygen compounds; Organic nitrogen compounds; Chemical entities	310.238	289	4.812	836961199749788559	836961016685188667	836961016685188666	415	
1	C13H20O2	[M + H3N + H]+	C13H24NO2+	Fatty acids	0.768	Fatty Acids and Conjugates	0.368	Unsaturated fatty acids	0.509	Lipids and lipid-like molecules	0.562							Lipids and lipid-like molecules	0.562	Organic compounds; Lipids and lipid-like molecules; Organic acids and derivatives; Carboxylic acids and derivatives; Organooxygen compounds; Monocarboxylic acids and derivatives; Carbonyl compounds; Organic oxides; Hydrocarbon derivatives; Organic oxygen compounds; Chemical entities	226.180	289	4.812	836961183257783782	836961016790046279	836961016790046278	418	
1	C13H25NO3	[M + H]+	C13H26NO3+	Amino acids and Peptides	0.509	Ornithine alkaloids	0.220	Pyrrolidine alkaloids	0.223	Organic acids and derivatives	0.696	Carboxylic acids and derivatives	0.707	Monocarboxylic acids and derivatives	0.573			Monocarboxylic acids and derivatives	0.573	Organic compounds; Organic acids and derivatives; Carboxylic acids and derivatives; Organonitrogen compounds; Organooxygen compounds; Monocarboxylic acids and derivatives; Carbonyl compounds; Amines; Organic oxides; Hydrocarbon derivatives; Organopnictogen compounds; Organic oxygen compounds; Organic nitrogen compounds; Chemical entities	244.191	289	4.813	836961197493252778	836961016823600715	836961016823600714	419	
1	C16H31N4O3	[M - H2O + H]+	C16H30N4O2+	Amino acids and Peptides	0.693	Small peptides	0.475	Dipeptides	0.193	Lipids and lipid-like molecules	0.771	Fatty Acyls	0.766	Fatty amides	0.660	N-acyl amines	0.598	N-acyl amines	0.598	Organic compounds; Lipids and lipid-like molecules; Organic acids and derivatives; Carboxylic acids and derivatives; Organonitrogen compounds; Organooxygen compounds; Fatty amides; Carboxylic acid amides; Carboxylic acid derivatives; N-acyl amines; Secondary carboxylic acid amides; Carbonyl compounds; Fatty Acyls; Organic oxides; Hydrocarbon derivatives; Organopnictogen compounds; Organic oxygen compounds; Organic nitrogen compounds; Chemical entities	310.237	289	4.825	836961188366446460	836961016857155151	836961016857155150	420	
1	C6H6ClF	[M + Na]+	C6H6ClFNa+	Fatty acids	0.157	Fatty acyls	0.038	Halogenated fatty acids	0.077	Benzenoids	0.996	Benzene and substituted derivatives	0.989	Halobenzenes	0.980	Chlorobenzenes	0.821	Chlorobenzenes	0.821	Organic compounds; Halobenzenes; Organohalogen compounds; Alkyl chlorides; Aryl chlorides; Aryl fluorides; Chlorobenzenes; Fluorobenzenes; Organochlorides; Organofluorides; Benzene and substituted derivatives; Benzenoids; Aryl halides; Alkyl halides; Hydrocarbon derivatives; Chemical entities	155.003	290	4.828	836961233744626413	836961016890709587	836961016890709586	421	
1	C16H31NO3	[M - H2O + H]+	C16H30NO2+	Fatty acids	0.487	Fatty amides	0.202	Open-chain polyketides	0.127	Lipids and lipid-like molecules	0.523							Lipids and lipid-like molecules	0.523	Organic compounds; Lipids and lipid-like molecules; Alcohols and polyols; Organic acids and derivatives; Carboxylic acids and derivatives; Organonitrogen compounds; Organooxygen compounds; Carboxylic acid amides; Carboxylic acid derivatives; Carbonyl compounds; Organic oxides; Hydrocarbon derivatives; Organopnictogen compounds; Organic oxygen compounds; Organic nitrogen compounds; Chemical entities	268.227	291	4.846	836961199141614414	836961016718743103	836961016718743102	416	
1	C12H24O	[M + H3N + H]+	C12H28NO+	Fatty acids	0.960	Fatty acyls	0.894	Fatty alcohols	0.928	Lipids and lipid-like molecules	0.437	Fatty Acyls	0.358	Fatty alcohols	0.548			Fatty alcohols	0.548	Organic compounds; Alcohols and polyols; Primary alcohols; Organooxygen compounds; Fatty alcohols; Hydrocarbon derivatives; Organic oxygen compounds; Chemical entities	202.217	291	4.848	836961180774755656	836961016928458327	836961016924264022	422	
1	C16H31NO3	[M - H2O + H]+	C16H30NO2+	Fatty acids	0.487	Fatty amides	0.202	Open-chain polyketides	0.127	Lipids and lipid-like molecules	0.523							Lipids and lipid-like molecules	0.523	Organic compounds; Lipids and lipid-like molecules; Alcohols and polyols; Organic acids and derivatives; Carboxylic acids and derivatives; Organonitrogen compounds; Organooxygen compounds; Carboxylic acid amides; Carboxylic acid derivatives; Carbonyl compounds; Organic oxides; Hydrocarbon derivatives; Organopnictogen compounds; Organic oxygen compounds; Organic nitrogen compounds; Chemical entities	268.227	291	4.851	836961186785193738	836961016962012763	836961016962012762	423	
1	C10H20O4	[M + Na]+	C10H20NaO4+	Fatty acids	0.849	Fatty esters	0.382	Macrolide lactones	0.459	Organic oxygen compounds	1.000	Organooxygen compounds	1.000	Carbonyl compounds	0.885	Ketones	0.535	Ketones	0.535	Organic compounds; Ketones; Alcohols and polyols; Organic acids and derivatives; Carboxylic acids and derivatives; Organooxygen compounds; Carbonyl compounds; Organic oxides; Hydrocarbon derivatives; Organic oxygen compounds; Chemical entities	227.125	294	4.895	836961232003990171	836961017029121635	836961017024927330	425	
1	C10H20O4	[M + H]+	C10H21O4+	Fatty acids	0.884	Fatty esters	0.491	Wax monoesters	0.193	Organic acids and derivatives	0.721	Carboxylic acids and derivatives	0.744					Carboxylic acids and derivatives	0.744	Organic compounds; Alcohols and polyols; Organic acids and derivatives; Carboxylic acids and derivatives; Organooxygen compounds; Carbonyl compounds; Organic oxides; Hydrocarbon derivatives; Organic oxygen compounds; Chemical entities	205.143	294	4.897	836961183593328117	836961016995567199	836961016991372894	424	
1	C16H35NO3	[M + H]+	C16H36NO3+	Fatty acids	0.870	Fatty amides	0.300	Sphingoid bases	0.453	Organic oxygen compounds	0.988	Organooxygen compounds	0.924	Alcohols and polyols	0.506			Alcohols and polyols	0.506	Organic compounds; Alcohols and polyols; Organonitrogen compounds; Organooxygen compounds; Amines; Hydrocarbon derivatives; Organopnictogen compounds; Organic oxygen compounds; Organic nitrogen compounds; Chemical entities	290.269	294	4.899	836961187204624153	836961017062676071	836961017058481766	426	
1	C14H31NO3	[M + H]+	C14H32NO3+	Fatty acids	0.993	Spingolipids	0.795	Sphingoid bases	0.973	Organic nitrogen compounds	1.000	Organonitrogen compounds	1.000	Amines	0.991	Alkanolamines	0.957	1,2-aminoalcohols	0.946	Organic compounds; Alcohols and polyols; Organonitrogen compounds; Primary alcohols; Organooxygen compounds; 1,2-aminoalcohols; Dialkylamines; Amines; Alkanolamines; Hydrocarbon derivatives; Organopnictogen compounds; Organic oxygen compounds; Organic nitrogen compounds; Chemical entities	262.238	296	4.928	836961205659563534	836961017096230507	836961017096230506	427	
1	C14H31NO3	[M - H2O + H]+	C14H30NO2+	Fatty acids	0.855	Fatty amides	0.440	Open-chain polyketides	0.402	Organic oxygen compounds	0.996	Organooxygen compounds	0.944	Alcohols and polyols	0.649			Alcohols and polyols	0.649	Organic compounds; Alcohols and polyols; Organonitrogen compounds; Organooxygen compounds; Organic oxides; Hydrocarbon derivatives; Organopnictogen compounds; Organic oxygen compounds; Organic nitrogen compounds; Chemical entities	244.227	298	4.969	836961193542217894	836961017129784943	836961017129784942	428	
1	C13H29N2O2	[M + K]+	C13H29KN2O2+	Alkaloids	0.356	Small peptides	0.295	Dipeptides	0.142	Organic acids and derivatives	0.623	Carboxylic acids and derivatives	0.678	Amino acids, peptides, and analogues	0.553	Amino acids and derivatives	0.553	Amino acids and derivatives	0.553	Organic compounds; Amino acids, peptides, and analogues; Organic acids and derivatives; Carboxylic acids and derivatives; Organonitrogen compounds; Organooxygen compounds; Amino acids and derivatives; Monoalkylamines; Carboxylic acid derivatives; Carbonyl compounds; Amines; Organic oxides; Hydrocarbon derivatives; Organopnictogen compounds; Organic oxygen compounds; Organic nitrogen compounds; Chemical entities	284.186	300	4.997	836961202425754836	836961017163339379	836961017163339378	429	
1	C10H23ClNO4	[M - H2O + H]+	C10H22ClNO3+	Amino acids and Peptides	0.590	Small peptides	0.309	Aminoacids	0.204	Organic acids and derivatives	0.735	Carboxylic acids and derivatives	0.679					Carboxylic acids and derivatives	0.679	Organic compounds; Organic acids and derivatives; Carboxylic acids and derivatives; Organohalogen compounds; Organonitrogen compounds; Organooxygen compounds; Organochlorides; Carbonyl compounds; Alkyl halides; Organic oxides; Hydrocarbon derivatives; Organopnictogen compounds; Organic oxygen compounds; Organic nitrogen compounds; Chemical entities	239.128	300	5.000	836961220792613928	836961017196893815	836961017196893814	430	
1	C13H23NO2	[M + Na]+	C13H23NNaO2+	Alkaloids	0.349	Pseudoalkaloids (transamidation)	0.455	Phenylalanine-derived alkaloids	0.387	Organic nitrogen compounds	0.999	Organonitrogen compounds	0.999	Amines	0.510			Amines	0.510	Organic compounds; Organonitrogen compounds; Organooxygen compounds; Amines; Hydrocarbon derivatives; Organopnictogen compounds; Organic oxygen compounds; Organic nitrogen compounds; Chemical entities	248.162	301	5.012	836961196587282959	836961017230448251	836961017230448250	431	
1	C13H20O2	[M + H3N + H]+	C13H24NO2+	Terpenoids	0.880	Sesquiterpenoids	0.343	Bisabolane sesquiterpenoids	0.570	Lipids and lipid-like molecules	0.505							Lipids and lipid-like molecules	0.505	Organic compounds; Lipids and lipid-like molecules; Organooxygen compounds; Organic oxides; Hydrocarbon derivatives; Organic oxygen compounds; Chemical entities	226.180	301	5.018	836961207471503073	836961017264002687	836961017264002686	432	
1	C10H22O3	[M + H]+	C10H23O3+	Fatty acids	0.995	Fatty acyls	0.983	Fatty alcohols	0.991	Lipids and lipid-like molecules	0.517							Lipids and lipid-like molecules	0.517	Organic compounds; Lipids and lipid-like molecules; Alcohols and polyols; Primary alcohols; Organooxygen compounds; Dialkyl ethers; Hydrocarbon derivatives; Organic oxygen compounds; Chemical entities	191.164	303	5.053	836961211200239758	836961017297557123	836961017297557122	433	
1	C12H17NO5	[M - H2O + H]+	C12H16NO4+	Alkaloids	0.320	Tyrosine alkaloids	0.065	Phenylethylamines	0.015	Organic acids and derivatives	0.983	Carboxylic acids and derivatives	0.966	Amino acids, peptides, and analogues	0.930	Amino acids and derivatives	0.931	Carbamate esters	0.887	Organic compounds; Amino acids, peptides, and analogues; Organic acids and derivatives; Carboxylic acids and derivatives; Organonitrogen compounds; Carbamic acids and derivatives; Organooxygen compounds; Amino acids and derivatives; Carbamate esters; Carbonyl compounds; Benzene and substituted derivatives; Benzenoids; Organic oxides; Hydrocarbon derivatives; Organopnictogen compounds; Organic oxygen compounds; Organic nitrogen compounds; Chemical entities	238.107	309	5.146	836961218246671090	836961017331111559	836961017331111558	434	
1	C18H28O3	[M + H3N + H]+	C18H32NO3+	Terpenoids	0.712	Octadecanoids	0.546	Phytane diterpenoids	0.559	Lipids and lipid-like molecules	0.921	Fatty Acyls	0.762	Fatty acids and conjugates	0.751			Fatty acids and conjugates	0.751	Organic compounds; Lipids and lipid-like molecules; Ketones; Fatty acids and conjugates; Organic acids and derivatives; Carboxylic acids and derivatives; Organooxygen compounds; Monocarboxylic acids and derivatives; Carboxylic acids; Carbonyl compounds; Cyclic ketones; Fatty Acyls; Organic oxides; Hydrocarbon derivatives; Organic oxygen compounds; Chemical entities	310.238	309	5.155	836961206024468039	836961017368860299	836961017364665994	435	
1	C16H24O2	[M + H3N + H]+	C16H28NO2+	Terpenoids	0.973	Sesquiterpenoids	0.906	Bisabolane sesquiterpenoids	0.703	Lipids and lipid-like molecules	0.595	Prenol lipids	0.549					Prenol lipids	0.549	Organic compounds; Lipids and lipid-like molecules; Prenol lipids; Organooxygen compounds; Carbonyl compounds; Organic oxides; Hydrocarbon derivatives; Organic oxygen compounds; Chemical entities	266.211	310	5.172	836961213138008347	836961017402414735	836961017402414734	436	
1	C18H33NO3	[M - H2O + H]+	C18H32NO2+	Fatty acids	0.876	Fatty amides	0.171	Sphingoid bases	0.186	Benzenoids	0.596	Benzene and substituted derivatives	0.716					Benzene and substituted derivatives	0.716	Organic compounds; Alcohols and polyols; Organonitrogen compounds; Organooxygen compounds; Secondary alcohols; 1,2-aminoalcohols; Benzene and substituted derivatives; Benzenoids; Amines; Alkanolamines; Hydrocarbon derivatives; Organopnictogen compounds; Organic oxygen compounds; Organic nitrogen compounds; Chemical entities	294.243	315	5.252	836961203956675869	836961017431774867	836961017431774866	437	
1	C19H16O5	[M - H2O + H]+	C19H15O4+	Shikimates and Phenylpropanoids	0.997	Coumarins	0.969	Simple coumarins	0.850	Phenylpropanoids and polyketides	0.843	Coumarins and derivatives	0.638	Hydroxycoumarins	0.603	4-hydroxycoumarins	0.739	4-hydroxycoumarins	0.739	Organic compounds; Organoheterocyclic compounds; Lactones; Pyrans; Benzopyrans; Coumarins and derivatives; Benzoic acids and derivatives; Phenylpropanoids and polyketides; Organic acids and derivatives; Carboxylic acids and derivatives; Benzoyl derivatives; Organooxygen compounds; Pyranones and derivatives; Carboxylic acid derivatives; Carboxylic acid esters; Benzene and substituted derivatives; Benzenoids; 4-hydroxycoumarins; Hydroxycoumarins; 1-benzopyrans; Vinylogous acids; Organic oxides; Oxacyclic compounds; Heteroaromatic compounds; Hydrocarbon derivatives; Organic oxygen compounds; Chemical entities	307.096	315	5.256	836961211099576440	836961017469523607	836961017469523606	438	
1	C11H19ClN2O3S	[M + Na]+	C11H19ClN2NaO3S+	Alkaloids	0.205	Small peptides	0.021	Simple phenolic acids	0.007	Benzenoids	0.998	Benzene and substituted derivatives	0.996	Benzenesulfonamides	0.964			Benzenesulfonamides	0.964	Organic compounds; Organosulfur compounds; Benzenesulfonamides; Halobenzenes; Benzoic acids and derivatives; Organic acids and derivatives; Carboxylic acids and derivatives; Organohalogen compounds; Organosulfonic acids and derivatives; Organonitrogen compounds; Benzoyl derivatives; Organooxygen compounds; Aryl chlorides; Chlorobenzenes; Sulfonyls; Organochlorides; Organosulfonamides; Benzene and substituted derivatives; Benzenoids; Aryl halides; Halobenzoic acids and derivatives; 4-halobenzoic acids and derivatives; Aminosulfonyl compounds; Organic oxides; Hydrocarbon derivatives; Benzenesulfonyl compounds; Organic sulfonic acids and derivatives; Organopnictogen compounds; Organic oxygen compounds; Organic nitrogen compounds; Chemical entities	317.071	317	5.275	836961234239554336	836961017503078043	836961017503078042	439	
1	C18H35NO3	[M - H2O + H]+	C18H34NO2+	Fatty acids	0.865	Pseudoalkaloids (transamidation)	0.193	Sphingoid bases	0.471	Organic nitrogen compounds	1.000	Organonitrogen compounds	1.000	Amines	0.706	Alkanolamines	0.705	1,2-aminoalcohols	0.679	Organic compounds; Alcohols and polyols; Organonitrogen compounds; Organooxygen compounds; Secondary alcohols; 1,2-aminoalcohols; Amines; Alkanolamines; Hydrocarbon derivatives; Organopnictogen compounds; Organic oxygen compounds; Organic nitrogen compounds; Chemical entities	296.258	317	5.281	836961207547000573	836961017532438175	836961017532438174	440	
1	C18H40N2O3	[M - H2O + H]+	C18H39N2O2+	Fatty acids	0.997	Spingolipids	0.808	Sphingoid bases	0.906	Lipids and lipid-like molecules	0.602	Fatty Acyls	0.613					Fatty Acyls	0.613	Organic compounds; Lipids and lipid-like molecules; Alcohols and polyols; Organonitrogen compounds; Primary alcohols; Organooxygen compounds; Secondary alcohols; 1,2-aminoalcohols; Amines; Alkanolamines; Fatty Acyls; Hydrocarbon derivatives; Organopnictogen compounds; Organic oxygen compounds; Organic nitrogen compounds; Chemical entities	315.301	317	5.284	836961192489447488	836961017565992611	836961017565992610	441	
1	C18H38N2O2	[M - H2O + H]+	C18H37N2O+	Fatty acids	0.875	Fatty amides	0.547	N-acyl ethanolamines (endocannabinoids)	0.196	Lipids and lipid-like molecules	0.727	Fatty Acyls	0.676	Fatty amides	0.701	N-acyl amines	0.543	N-acyl amines	0.543	Organic compounds; Lipids and lipid-like molecules; Organic acids and derivatives; Carboxylic acids and derivatives; Organonitrogen compounds; Organooxygen compounds; Fatty amides; Carboxylic acid amides; Carboxylic acid derivatives; N-acyl amines; Carbonyl compounds; Amines; Fatty Acyls; Organic oxides; Hydrocarbon derivatives; Organopnictogen compounds; Organic oxygen compounds; Organic nitrogen compounds; Chemical entities	297.290	317	5.285	836961192833380453	836961017599547047	836961017599547046	442	
1	C15H33NO2	[M + H]+	C15H34NO2+	Fatty acids	0.597	Pseudoalkaloids (transamidation)	0.353	Phenylalanine-derived alkaloids	0.571	Organic nitrogen compounds	0.999	Organonitrogen compounds	0.998	Amines	0.678			Amines	0.678	Organic compounds; Organonitrogen compounds; Organooxygen compounds; Amines; Hydrocarbon derivatives; Organopnictogen compounds; Organic oxygen compounds; Organic nitrogen compounds; Chemical entities	260.258	317	5.289	836961205881861697	836961017628907179	836961017628907178	443	
1	C18H33NO3	[M + Na]+	C18H33NNaO3+	Fatty acids	0.618	Linear polyketides	0.540	Open-chain polyketides	0.461	Lipids and lipid-like molecules	0.739	Fatty Acyls	0.715	Fatty amides	0.657	N-acyl amines	0.556	N-acyl amines	0.556	Organic compounds; Lipids and lipid-like molecules; Alcohols and polyols; Organic acids and derivatives; Carboxylic acids and derivatives; Organonitrogen compounds; Organooxygen compounds; Fatty amides; Carboxylic acid amides; Carboxylic acid derivatives; N-acyl amines; Secondary carboxylic acid amides; Carbonyl compounds; Fatty Acyls; Organic oxides; Hydrocarbon derivatives; Organopnictogen compounds; Organic oxygen compounds; Organic nitrogen compounds; Chemical entities	334.235	320	5.335	836961204590015841	836961017696016051	836961017696016050	445	
1	C18H28O2	[M + H3N + H]+	C18H32NO2+	Fatty acids	0.703	Fatty Acids and Conjugates	0.425	Unsaturated fatty acids	0.205	Lipids and lipid-like molecules	0.914							Lipids and lipid-like molecules	0.914	Organic compounds; Lipids and lipid-like molecules; Ketones; Organic acids and derivatives; Carboxylic acids and derivatives; Organooxygen compounds; Monocarboxylic acids and derivatives; Carboxylic acids; Carbonyl compounds; Organic oxides; Hydrocarbon derivatives; Organic oxygen compounds; Chemical entities	294.243	320	5.338	836961195781976515	836961017737959095	836961017733764790	446	
1	C6H6ClF	[M + Na]+	C6H6ClFNa+	Fatty acids	0.201	Fatty acyls	0.037	Halogenated fatty acids	0.107	Benzenoids	0.996	Benzene and substituted derivatives	0.991	Halobenzenes	0.983	Chlorobenzenes	0.846	Chlorobenzenes	0.846	Organic compounds; Halobenzenes; Organohalogen compounds; Alkyl chlorides; Aryl chlorides; Aryl fluorides; Chlorobenzenes; Fluorobenzenes; Organochlorides; Organofluorides; Benzene and substituted derivatives; Benzenoids; Aryl halides; Alkyl halides; Hydrocarbon derivatives; Chemical entities	155.003	321	5.356	836961217189706408	836961017771513531	836961017771513530	447	
1	CHN2O3S	[M + Na]+	CHN2NaO3S+	Alkaloids	0.818	Histidine alkaloids	0.576	Imidazole alkaloids	0.574	Organoheterocyclic compounds	0.898	Azoles	0.526					Azoles	0.526	Organic compounds; Organoheterocyclic compounds; Organic acids and derivatives; Organonitrogen compounds; Azoles; Organic oxides; Azacyclic compounds; Heteroaromatic compounds; Hydrocarbon derivatives; Organic oxygen compounds; Organic nitrogen compounds; Chemical entities	143.959	322	5.359	836961216845773470	836961017666655919	836961017662461614	444	
1	C15H25NO3	[M - H2O + H]+	C15H24NO2+	Fatty acids	0.918	Fatty amides	0.558	Primary amides	0.130	Lipids and lipid-like molecules	0.776	Fatty Acyls	0.725	Fatty acids and conjugates	0.531			Fatty acids and conjugates	0.531	Organic compounds; Lipids and lipid-like molecules; Fatty acids and conjugates; Organic acids and derivatives; Carboxylic acids and derivatives; Organonitrogen compounds; Organooxygen compounds; Carboxylic acid amides; Carboxylic acid derivatives; Monocarboxylic acids and derivatives; Carboxylic acids; Secondary carboxylic acid amides; Carbonyl compounds; Fatty Acyls; Organic oxides; Hydrocarbon derivatives; Organopnictogen compounds; Organic oxygen compounds; Organic nitrogen compounds; Chemical entities	250.178	322	5.360	836961188748128163	836961017809262271	836961017809262270	448	
1	C13H22O2	[M + H3N + H]+	C13H26NO2+	Fatty acids	0.970	Fatty Acids and Conjugates	0.682	Unsaturated fatty acids	0.705	Lipids and lipid-like molecules	0.514							Lipids and lipid-like molecules	0.514	Organic compounds; Lipids and lipid-like molecules; Organic acids and derivatives; Carboxylic acids and derivatives; Organooxygen compounds; Monocarboxylic acids and derivatives; Carboxylic acids; Carbonyl compounds; Organic oxides; Hydrocarbon derivatives; Organic oxygen compounds; Chemical entities	228.196	322	5.361	836961208549439374	836961017842816707	836961017842816706	449	
1	C28H49ClFN3O5	[M + Na]+	C28H49ClFN3NaO5+	Amino acids and Peptides	0.577	Oligopeptides	0.899	Microcolins and mirabimids	0.073	Organic acids and derivatives	0.993	Carboxylic acids and derivatives	0.990	Amino acids, peptides, and analogues	0.946	Amino acids and derivatives	0.942	Alpha amino acids and derivatives	0.753	Organic compounds; Organoheterocyclic compounds; Lipids and lipid-like molecules; Amino acids, peptides, and analogues; Halobenzenes; Alpha amino acids and derivatives; Organic acids and derivatives; Carboxylic acids and derivatives; Organohalogen compounds; Organonitrogen compounds; Organooxygen compounds; Amino acids and derivatives; Carboxylic acid amides; Aryl fluorides; Carboxylic acid derivatives; N-acyl amines; Chlorobenzenes; Fluorobenzenes; Monocarboxylic acids and derivatives; Carboxylic acid esters; Organochlorides; Organofluorides; Secondary carboxylic acid amides; Tertiary carboxylic acid amides; Carbonyl compounds; Trialkylamines; Benzene and substituted derivatives; Benzenoids; Amines; Tertiary amines; Aryl halides; Fatty Acyls; Organic oxides; Azacyclic compounds; Hydrocarbon derivatives; Organopnictogen compounds; Organic oxygen compounds; Organic nitrogen compounds; Alpha-haloketones; Chemical entities	584.322	323	5.387	836961249427131356	836961017876371143	836961017876371142	450	
1	C18H33NO2	[M - H2O + H]+	C18H32NO+	Fatty acids	0.482	Pseudoalkaloids (transamidation)	0.608	Phenylalanine-derived alkaloids	0.297	Organic nitrogen compounds	1.000	Organonitrogen compounds	1.000	Amines	0.578			Amines	0.578	Organic compounds; Organonitrogen compounds; Organooxygen compounds; Amines; Hydrocarbon derivatives; Organopnictogen compounds; Organic oxygen compounds; Organic nitrogen compounds; Chemical entities	278.248	324	5.395	836961190773977043	836961017909925579	836961017909925578	451	
1	C18H35NO3	[M + Na]+	C18H35NNaO3+	Fatty acids	0.973	Spingolipids	0.394	Sphingoid bases	0.574	Lipids and lipid-like molecules	0.530	Fatty Acyls	0.520					Fatty Acyls	0.520	Organic compounds; Lipids and lipid-like molecules; Alcohols and polyols; Organonitrogen compounds; Organooxygen compounds; Secondary alcohols; Alkanolamines; Fatty Acyls; Hydrocarbon derivatives; Organopnictogen compounds; Organic oxygen compounds; Organic nitrogen compounds; Chemical entities	336.251	324	5.396	836961194729206032	836961017939285711	836961017939285710	452	
1	C18H30O2	[M + H3N + H]+	C18H34NO2+	Fatty acids	1.000	Fatty Acids and Conjugates	0.951	Unsaturated fatty acids	0.963	Lipids and lipid-like molecules	0.982	Fatty Acyls	0.976	Lineolic acids and derivatives	0.519			Lineolic acids and derivatives	0.519	Organic compounds; Lipids and lipid-like molecules; Fatty acids and conjugates; Organic acids and derivatives; Carboxylic acids and derivatives; Organooxygen compounds; Straight chain fatty acids; Unsaturated fatty acids; Lineolic acids and derivatives; Monocarboxylic acids and derivatives; Carboxylic acids; Carbonyl compounds; Long-chain fatty acids; Fatty Acyls; Organic oxides; Hydrocarbon derivatives; Organic oxygen compounds; Chemical entities	296.258	324	5.398	836961193252810880	836961017977034451	836961017977034450	453	
1	C8H20O4P	[M + Na]+	C8H20NaO4P+	Fatty acids	0.520	Fatty Acids and Conjugates	0.083	Halogenated fatty acids	0.011	Organic acids and derivatives	0.736	Organic phosphonic acids and derivatives	0.535					Organic phosphonic acids and derivatives	0.535	Organic compounds; Organic acids and derivatives; Organooxygen compounds; Organophosphorus compounds; Organic phosphonic acids and derivatives; Organic oxides; Hydrocarbon derivatives; Organopnictogen compounds; Organic oxygen compounds; Chemical entities	234.098	325	5.414	836961197317091980	836961018010588887	836961018010588886	454	
1	C18H28O2	[M + H3N + H]+	C18H32NO2+	Fatty acids	0.998	Fatty Acids and Conjugates	0.872	Unsaturated fatty acids	0.880	Lipids and lipid-like molecules	0.975	Fatty Acyls	0.952	Lineolic acids and derivatives	0.670			Lineolic acids and derivatives	0.670	Organic compounds; Lipids and lipid-like molecules; Fatty acids and conjugates; Organic acids and derivatives; Carboxylic acids and derivatives; Organooxygen compounds; Straight chain fatty acids; Unsaturated fatty acids; Lineolic acids and derivatives; Monocarboxylic acids and derivatives; Carboxylic acids; Carbonyl compounds; Long-chain fatty acids; Fatty Acyls; Organic oxides; Hydrocarbon derivatives; Organic oxygen compounds; Chemical entities	294.243	326	5.434	836961197019296359	836961018081892063	836961018077697758	456	
1	C16H29N7O2	[M - H2O + H]+	C16H28N7O+	Alkaloids	0.851	Pseudoalkaloids (transamidation)	0.140	Purine alkaloids	0.037	Organoheterocyclic compounds	0.866	Heteroaromatic compounds	0.697					Heteroaromatic compounds	0.697	Organic compounds; Organoheterocyclic compounds; Organonitrogen compounds; Organooxygen compounds; Amines; Tertiary amines; Organic oxides; Azacyclic compounds; Heteroaromatic compounds; Hydrocarbon derivatives; Organopnictogen compounds; Organic oxygen compounds; Organic nitrogen compounds; Chemical entities	334.235	326	5.435	836961200454431717	836961018119640803	836961018115446498	457	
1	C20H42N2O4	[M - H2O + H]+	C20H41N2O3+	Fatty acids	0.915	Fatty amides	0.358	N-acyl amines	0.124	Organic acids and derivatives	0.931	Carboxylic acids and derivatives	0.917	Amino acids, peptides, and analogues	0.578	Amino acids and derivatives	0.570	Amino acids and derivatives	0.570	Organic compounds; Lipids and lipid-like molecules; Amino acids, peptides, and analogues; Alcohols and polyols; Organic acids and derivatives; Carboxylic acids and derivatives; Organonitrogen compounds; Organooxygen compounds; Fatty amides; Amino acids and derivatives; Carboxylic acid amides; Carboxylic acid derivatives; N-acyl amines; Secondary alcohols; Secondary carboxylic acid amides; Carbonyl compounds; Amines; Fatty Acyls; Organic oxides; Hydrocarbon derivatives; Organopnictogen compounds; Organic oxygen compounds; Organic nitrogen compounds; Chemical entities	357.311	326	5.436	836961221941853449	836961018044143323	836961018044143322	455	
1	C16H35N4O4	[M - H2O + H]+	C16H34N4O3+	Amino acids and Peptides	0.870	Small peptides	0.761	Dipeptides	0.538	Organic acids and derivatives	0.985	Carboxylic acids and derivatives	0.970	Amino acids, peptides, and analogues	0.715	Amino acids and derivatives	0.704	Alpha amino acids and derivatives	0.567	Organic compounds; Lipids and lipid-like molecules; Amino acids, peptides, and analogues; Alpha amino acids and derivatives; Fatty acids and conjugates; Organic acids and derivatives; Carboxylic acids and derivatives; Organonitrogen compounds; Organooxygen compounds; Fatty amides; Amino acids and derivatives; Carboxylic acid amides; Carboxylic acid derivatives; N-acyl amines; Carboxylic acids; Secondary carboxylic acid amides; Carbonyl compounds; Fatty Acyls; Organic oxides; Hydrocarbon derivatives; Organopnictogen compounds; Organic oxygen compounds; Organic nitrogen compounds; Chemical entities	330.264	326	5.440	836961214324996526	836961018149000935	836961018149000934	458	
1	C12H28B2N2O4S	[M + H3N + H]+	C12H32B2N3O4S+	Terpenoids	0.591	Monoterpenoids	0.813	Pinane monoterpenoids	0.900	Organic acids and derivatives	0.976	Boronic acid derivatives	0.726	Boronic acids	0.737			Boronic acids	0.737	Organic compounds; Organoheterocyclic compounds; Organic acids and derivatives; Organonitrogen compounds; Boronic acids; Organometallic compounds; Boronic acid derivatives; Organometalloid compounds; Organoboron compounds; Organic salts; Organic metalloid salts; Organic metal salts; Oxacyclic compounds; Hydrocarbon derivatives; Organic oxygen compounds; Organic nitrogen compounds; Chemical entities	334.235	327	5.446	836961200953553950	836961018287412983	836961018287412982	462	
1	C18H33NO3	[M - H2O + H]+	C18H32NO2+	Fatty acids	0.952	Fatty amides	0.427	Sphingoid bases	0.125	Lipids and lipid-like molecules	0.691	Fatty Acyls	0.719	Fatty amides	0.705	N-acyl amines	0.588	N-acyl amines	0.588	Organic compounds; Lipids and lipid-like molecules; Alcohols and polyols; Organic acids and derivatives; Carboxylic acids and derivatives; Organonitrogen compounds; Organooxygen compounds; Fatty amides; Carboxylic acid amides; Carboxylic acid derivatives; N-acyl amines; Secondary alcohols; Carbonyl compounds; 1,2-aminoalcohols; Amines; Alkanolamines; Fatty Acyls; Organic oxides; Hydrocarbon derivatives; Organopnictogen compounds; Organic oxygen compounds; Organic nitrogen compounds; Chemical entities	294.243	328	5.461	836961206154491514	836961018220304111	836961018220304110	460	
1	C13H22O4	[M - H2O + H]+	C13H21O3+	Polyketides	0.736	Cyclic polyketides	0.314	Macrolide lactones	0.166	Lipids and lipid-like molecules	0.604	Fatty Acyls	0.591					Fatty Acyls	0.591	Organic compounds; Lipids and lipid-like molecules; Alcohols and polyols; Organic acids and derivatives; Carboxylic acids and derivatives; Organooxygen compounds; Monocarboxylic acids and derivatives; Carbonyl compounds; Fatty Acyls; Organic oxides; Hydrocarbon derivatives; Organic oxygen compounds; Chemical entities	225.149	329	5.483	836961202132153500	836961018186749675	836961018186749674	459	
1	C13H28O4	[M + H]+	C13H29O4+	Fatty acids	0.960	Fatty acyls	0.954	Fatty alcohols	0.977	Lipids and lipid-like molecules	0.575							Lipids and lipid-like molecules	0.575	Organic compounds; Lipids and lipid-like molecules; Alcohols and polyols; Primary alcohols; Organooxygen compounds; Hydrocarbon derivatives; Organic oxygen compounds; Chemical entities	249.206	329	5.490	836961206653613712	836961018320967419	836961018320967418	463	
1	C33H42O8	[M + H3N + H]+	C33H46NO8+	Terpenoids	0.545	Steroids	0.113	Ergostane steroids	0.060	Benzenoids	0.668	Benzene and substituted derivatives	0.333	Benzoyl derivatives	0.505			Benzoyl derivatives	0.505	Organic compounds; Organoheterocyclic compounds; Lipids and lipid-like molecules; Alcohols and polyols; Ethers; Organic acids and derivatives; Carboxylic acids and derivatives; Benzoyl derivatives; Organooxygen compounds; Carboxylic acid derivatives; Carboxylic acid esters; Secondary alcohols; Carbonyl compounds; Benzenoids; Organic oxides; Oxacyclic compounds; Hydrocarbon derivatives; Organic oxygen compounds; Chemical entities	584.322	330	5.494	836961199074505509	836961018258052851	836961018253858546	461	
1	C18H28O	[M + H3N + H]+	C18H32NO+	Terpenoids	0.973	Diterpenoids	0.591	Bisabolane sesquiterpenoids	0.091	Lipids and lipid-like molecules	0.830	Prenol lipids	0.760					Prenol lipids	0.760	Organic compounds; Lipids and lipid-like molecules; Prenol lipids; Organooxygen compounds; Carbonyl compounds; Hydrocarbon derivatives; Organic oxygen compounds; Chemical entities	278.248	331	5.510	836961202140542127	836961018392270595	836961018392270594	465	
1	C18H30O2	[M + H3N + H]+	C18H34NO2+	Fatty acids	0.992	Fatty Acids and Conjugates	0.912	Unsaturated fatty acids	0.867	Lipids and lipid-like molecules	0.958	Fatty Acyls	0.908	Fatty acids and conjugates	0.911	Long-chain fatty acids	0.883	Long-chain fatty acids	0.883	Organic compounds; Lipids and lipid-like molecules; Fatty acids and conjugates; Organic acids and derivatives; Carboxylic acids and derivatives; Organooxygen compounds; Straight chain fatty acids; Unsaturated fatty acids; Monocarboxylic acids and derivatives; Carboxylic acids; Carbonyl compounds; Long-chain fatty acids; Fatty Acyls; Organic oxides; Hydrocarbon derivatives; Organic oxygen compounds; Chemical entities	296.258	331	5.514	836961221937659125	836961018358716159	836961018358716158	464	
1	C18H35NO3	[M - H2O + H]+	C18H34NO2+	Fatty acids	0.959	Spingolipids	0.740	Sphingoid bases	0.852	Organic nitrogen compounds	1.000	Organonitrogen compounds	1.000	Amines	0.830	Alkanolamines	0.760	1,2-aminoalcohols	0.768	Organic compounds; Alcohols and polyols; Organonitrogen compounds; Organooxygen compounds; Monoalkylamines; Secondary alcohols; 1,2-aminoalcohols; Amines; Alkanolamines; Hydrocarbon derivatives; Organopnictogen compounds; Organic oxygen compounds; Organic nitrogen compounds; Chemical entities	296.258	331	5.522	836961198109815521	836961018664900387	836961018664900386	473	
1	C12H26NO2	[M + K]+	C12H26KNO2+	Terpenoids	0.805	Monoterpenoids	0.350	Menthane monoterpenoids	0.091	Organic nitrogen compounds	0.999	Organonitrogen compounds	0.997					Organonitrogen compounds	0.997	Organic compounds; Organonitrogen compounds; Organooxygen compounds; Hydrocarbon derivatives; Organopnictogen compounds; Organic oxygen compounds; Organic nitrogen compounds; Chemical entities	255.159	332	5.526	836961205424682479	836961018421630727	836961018421630726	466	
1	C20H35N3O5S	[M + K]+	C20H35KN3O5S+	Amino acids and Peptides	0.421	Oligopeptides	0.142	Dipeptides	0.138	Organic acids and derivatives	0.994	Carboxylic acids and derivatives	0.952	Amino acids, peptides, and analogues	0.834	Amino acids and derivatives	0.831	Alpha amino acids	0.588	Organic compounds; Organosulfur compounds; Lipids and lipid-like molecules; Amino acids, peptides, and analogues; Alpha amino acids and derivatives; Fatty acids and conjugates; Organic acids and derivatives; Carboxylic acids and derivatives; Organonitrogen compounds; Organooxygen compounds; Fatty amides; Amino acids and derivatives; Monoalkylamines; Carboxylic acid amides; Carboxylic acid derivatives; N-acyl amines; Monocarboxylic acids and derivatives; Thioethers; Carboxylic acids; Secondary carboxylic acid amides; Carbonyl compounds; Alpha amino acids; Amines; Primary amines; Dialkylthioethers; Fatty Acyls; Organic oxides; Hydrocarbon derivatives; Amino acids; Organopnictogen compounds; Organic oxygen compounds; Organic nitrogen compounds; Chemical entities	468.191	332	5.531	836961240023500480	836961018492933903	836961018492933902	468	
1	C22H33ClO5	[M + K]+	C22H33ClKO5+	Polyketides	0.974	Chromanes	0.971	Azaphilones	0.979	Organoheterocyclic compounds	0.587	Azaphilones	0.692					Azaphilones	0.692	Organic compounds; Organoheterocyclic compounds; Lipids and lipid-like molecules; Ketones; Alcohols and polyols; Organic acids and derivatives; Carboxylic acids and derivatives; Organohalogen compounds; Organooxygen compounds; Organochlorides; Carbonyl compounds; Vinyl chlorides; Vinyl halides; Azaphilones; Cyclic ketones; Haloalkenes; Chloroalkenes; Organic oxides; Hydrocarbon derivatives; Cyclohexenones; Organic oxygen compounds; Alpha-haloketones; Alpha-chloroketones; Chemical entities	451.165	332	5.533	836961248105925339	836961018459379467	836961018459379466	467	
1	C11H26ClN2O4	[M - H2O + H]+	C11H25ClN2O3+	Amino acids and Peptides	0.347	Small peptides	0.380	Halogenated fatty acids	0.168	Organic acids and derivatives	0.853	Carboxylic acids and derivatives	0.658	Amino acids, peptides, and analogues	0.501	Amino acids and derivatives	0.501	Amino acids and derivatives	0.501	Organic compounds; Amino acids, peptides, and analogues; Organic acids and derivatives; Carboxylic acids and derivatives; Organohalogen compounds; Organonitrogen compounds; Organooxygen compounds; Amino acids and derivatives; Alkyl chlorides; Organochlorides; Carbonyl compounds; Alkyl halides; Organic oxides; Hydrocarbon derivatives; Organopnictogen compounds; Organic oxygen compounds; Organic nitrogen compounds; Chemical entities	268.154	333	5.544	836961254988779122	836961018526488339	836961018526488338	469	
1	C18H28O2	[M + H3N + H]+	C18H32NO2+	Fatty acids	0.995	Fatty Acids and Conjugates	0.738	Unsaturated fatty acids	0.748	Lipids and lipid-like molecules	0.964	Fatty Acyls	0.933	Lineolic acids and derivatives	0.571			Lineolic acids and derivatives	0.571	Organic compounds; Lipids and lipid-like molecules; Fatty acids and conjugates; Organic acids and derivatives; Carboxylic acids and derivatives; Organooxygen compounds; Straight chain fatty acids; Unsaturated fatty acids; Lineolic acids and derivatives; Monocarboxylic acids and derivatives; Carboxylic acids; Carbonyl compounds; Long-chain fatty acids; Fatty Acyls; Organic oxides; Hydrocarbon derivatives; Organic oxygen compounds; Chemical entities	294.243	333	5.556	836961198927704849	836961018597791515	836961018597791514	471	
1	C17H37NO5S	[M + K]+	C17H37KNO5S+	Amino acids and Peptides	0.411	Linear polyketides	0.213	Open-chain polyketides	0.327	Organic acids and derivatives	0.963	Organic sulfonic acids and derivatives	0.569	Organosulfonic acids and derivatives	0.570			Organosulfonic acids and derivatives	0.570	Organic compounds; Organosulfur compounds; Organic acids and derivatives; Organosulfonic acids and derivatives; Organonitrogen compounds; Organooxygen compounds; Sulfonyls; Organic oxides; Hydrocarbon derivatives; Organic sulfonic acids and derivatives; Organopnictogen compounds; Organic oxygen compounds; Organic nitrogen compounds; Chemical entities	406.203	333	5.558	836961207052072633	836961018631345951	836961018631345950	472	
1	C18H33NO3	[M - H2O + H]+	C18H32NO2+	Fatty acids	0.916	Spingolipids	0.404	Sphingoid bases	0.545	Organic nitrogen compounds	1.000	Organonitrogen compounds	1.000	Amines	0.829	Alkanolamines	0.718	1,2-aminoalcohols	0.702	Organic compounds; Alcohols and polyols; Organonitrogen compounds; Organooxygen compounds; Secondary alcohols; 1,2-aminoalcohols; Amines; Alkanolamines; Hydrocarbon derivatives; Organopnictogen compounds; Organic oxygen compounds; Organic nitrogen compounds; Chemical entities	294.243	334	5.567	836961202350257345	836961018698454823	836961018698454822	474	
1	C15H33N3O6	[M - H2O + H]+	C15H32N3O5+	Amino acids and Peptides	0.818	Small peptides	0.812	Dipeptides	0.506	Organic acids and derivatives	0.989	Carboxylic acids and derivatives	0.983	Amino acids, peptides, and analogues	0.872	Amino acids and derivatives	0.864	N-acyl-alpha amino acids	0.538	Organic compounds; Lipids and lipid-like molecules; Amino acids, peptides, and analogues; Alpha amino acids and derivatives; Fatty acids and conjugates; Organic acids and derivatives; Carboxylic acids and derivatives; Organonitrogen compounds; Organooxygen compounds; Fatty amides; Branched fatty acids; Amino acids and derivatives; Monoalkylamines; Carboxylic acid amides; Carboxylic acid derivatives; N-acyl amines; Monocarboxylic acids and derivatives; N-acyl-alpha amino acids and derivatives; Carboxylic acids; Secondary carboxylic acid amides; Carbonyl compounds; N-acyl-alpha amino acids; Amines; Primary amines; Fatty Acyls; Organic oxides; Hydrocarbon derivatives; Amino acids; Organopnictogen compounds; Organic oxygen compounds; Organic nitrogen compounds; Chemical entities	334.235	336	5.604	836961326338089134	836961018732009259	836961018732009258	475	
1	C19H35NO4	[M + H3N + H]+	C19H39N2O4+	Fatty acids	0.999	Spingolipids	0.583	N-acyl amines	0.489	Organic acids and derivatives	0.997	Carboxylic acids and derivatives	0.993	Amino acids, peptides, and analogues	0.795	Amino acids and derivatives	0.789	N-acyl-alpha amino acids	0.628	Organic compounds; Lipids and lipid-like molecules; Amino acids, peptides, and analogues; Alpha amino acids and derivatives; Alcohols and polyols; Fatty acids and conjugates; Organic acids and derivatives; Carboxylic acids and derivatives; Organonitrogen compounds; Organooxygen compounds; Fatty amides; Hydroxy fatty acids; Amino acids and derivatives; Hydroxy acids and derivatives; Carboxylic acid amides; Amino fatty acids; Carboxylic acid derivatives; N-acyl amines; Monocarboxylic acids and derivatives; N-acyl-alpha amino acids and derivatives; Carboxylic acids; Secondary alcohols; Beta hydroxy acids and derivatives; Carbonyl compounds; N-acyl-alpha amino acids; Fatty Acyls; Organic oxides; Hydrocarbon derivatives; Organopnictogen compounds; Organic oxygen compounds; Organic nitrogen compounds; Chemical entities	359.290	337	5.617	836961201150686264	836961018769757999	836961018769757998	476	
1	C12H14O3	[M - H2O + H]+	C12H13O2+	Terpenoids	0.461	Sesquiterpenoids	0.450	Bisabolane sesquiterpenoids	0.094	Benzenoids	0.808	Benzene and substituted derivatives	0.625					Benzene and substituted derivatives	0.625	Organic compounds; Organic acids and derivatives; Carboxylic acids and derivatives; Organooxygen compounds; Monocarboxylic acids and derivatives; Carboxylic acids; Carbonyl compounds; Benzene and substituted derivatives; Benzenoids; Organic oxides; Hydrocarbon derivatives; Organic oxygen compounds; Chemical entities	189.091	340	5.664	836961200068555722	836961018807506739	836961018807506738	477	
1	C12H12Br3ClFNO4S	[M + Na]+	C12H12Br3ClFNNaO4S+	Alkaloids	0.472	Sesquiterpenoids	0.035	Simple phenolic acids	0.003	Benzenoids	0.999	Benzene and substituted derivatives	0.998	Benzenesulfonamides	0.938			Benzenesulfonamides	0.938	Organic compounds; Organosulfur compounds; Benzenesulfonamides; Halobenzenes; Alkyl aryl ethers; Ethers; Organic acids and derivatives; Organohalogen compounds; Organosulfonic acids and derivatives; Organonitrogen compounds; Organooxygen compounds; Aryl bromides; Aryl chlorides; Aryl fluorides; Bromobenzenes; Chlorobenzenes; Fluorobenzenes; Sulfonyls; Organobromides; Organochlorides; Organofluorides; Organosulfonamides; Benzene and substituted derivatives; Phenol ethers; Benzenoids; Aryl halides; Aminosulfonyl compounds; Organic oxides; Methoxybenzenes; Hydrocarbon derivatives; Benzenesulfonyl compounds; Organic sulfonic acids and derivatives; Organopnictogen compounds; Organic oxygen compounds; Organic nitrogen compounds; Phenoxy compounds; Chemical entities	579.759	341	5.678	836961212638886087	836961018841061175	836961018841061174	478	
1	C16H33N4O3	[M - H2O + H]+	C16H32N4O2+	Amino acids and Peptides	0.779	Small peptides	0.623	Dipeptides	0.252	Organic acids and derivatives	0.946	Carboxylic acids and derivatives	0.912	Amino acids, peptides, and analogues	0.552	Amino acids and derivatives	0.543	Amino acids and derivatives	0.543	Organic compounds; Lipids and lipid-like molecules; Amino acids, peptides, and analogues; Organic acids and derivatives; Carboxylic acids and derivatives; Organonitrogen compounds; Organooxygen compounds; Fatty amides; Amino acids and derivatives; Carboxylic acid amides; Carboxylic acid derivatives; N-acyl amines; Secondary carboxylic acid amides; Carbonyl compounds; Fatty Acyls; Organic oxides; Hydrocarbon derivatives; Organopnictogen compounds; Organic oxygen compounds; Organic nitrogen compounds; Chemical entities	312.253	342	5.697	836961198294364928	836961018874615611	836961018874615610	479	
1	C11H18O2	[M - H2O + H]+	C11H17O+	Fatty acids	0.970	Fatty Acids and Conjugates	0.809	Unsaturated fatty acids	0.744	Lipids and lipid-like molecules	0.884	Fatty Acyls	0.802	Fatty acids and conjugates	0.833	Unsaturated fatty acids	0.783	Unsaturated fatty acids	0.783	Organic compounds; Lipids and lipid-like molecules; Fatty acids and conjugates; Organic acids and derivatives; Carboxylic acids and derivatives; Organooxygen compounds; Unsaturated fatty acids; Monocarboxylic acids and derivatives; Carboxylic acids; Carbonyl compounds; Fatty Acyls; Organic oxides; Hydrocarbon derivatives; Organic oxygen compounds; Chemical entities	165.127	342	5.697	836961204170585394	836961018912364351	836961018912364350	480	
1	C6H6ClF	[M + Na]+	C6H6ClFNa+	Fatty acids	0.130	Fatty acyls	0.038	Halogenated fatty acids	0.072	Benzenoids	0.996	Benzene and substituted derivatives	0.989	Halobenzenes	0.978	Chlorobenzenes	0.835	Chlorobenzenes	0.835	Organic compounds; Halobenzenes; Organohalogen compounds; Alkyl chlorides; Aryl chlorides; Aryl fluorides; Chlorobenzenes; Fluorobenzenes; Organochlorides; Organofluorides; Benzene and substituted derivatives; Benzenoids; Aryl halides; Alkyl halides; Hydrocarbon derivatives; Chemical entities	155.003	343	5.718	836961201951798397	836961018945918787	836961018945918786	481	
1	C9H17ClNO3	[M + H]+	C9H18ClNO3+	Fatty acids	0.540	Small peptides	0.270	Halogenated fatty acids	0.357	Organohalogen compounds	0.996	Aryl halides	0.344	Aryl chlorides	0.537			Aryl chlorides	0.537	Organic compounds; Organic acids and derivatives; Carboxylic acids and derivatives; Organohalogen compounds; Organonitrogen compounds; Organooxygen compounds; Aryl chlorides; Monocarboxylic acids and derivatives; Organochlorides; Carbonyl compounds; Organic oxides; Hydrocarbon derivatives; Organic oxygen compounds; Organic nitrogen compounds; Chemical entities	223.097	344	5.733	836961214576654782	836961019042387791	836961019042387790	484	
1	C9H17ClNO3	[M + Na]+	C9H17ClNNaO3+	Amino acids and Peptides	0.574	Small peptides	0.645	Aminoacids	0.391	Organic acids and derivatives	0.774	Carboxylic acids and derivatives	0.724	Amino acids, peptides, and analogues	0.526	Amino acids and derivatives	0.527	Amino acids and derivatives	0.527	Organic compounds; Amino acids, peptides, and analogues; Halobenzenes; Organic acids and derivatives; Carboxylic acids and derivatives; Organohalogen compounds; Organonitrogen compounds; Organooxygen compounds; Amino acids and derivatives; Aryl chlorides; Chlorobenzenes; Organochlorides; Carbonyl compounds; Aryl halides; Organic oxides; Hydrocarbon derivatives; Organopnictogen compounds; Organic oxygen compounds; Organic nitrogen compounds; Chemical entities	245.078	344	5.733	836961207630886667	836961018979473223	836961018979473222	482	
1	C7H13ClNO3	[M - H2O + H]+	C7H12ClNO2+	Fatty acids	0.826	Fatty amides	0.293	Halogenated fatty acids	0.568	Lipids and lipid-like molecules	0.531							Lipids and lipid-like molecules	0.531	Organic compounds; Lipids and lipid-like molecules; Organic acids and derivatives; Carboxylic acids and derivatives; Organohalogen compounds; Organonitrogen compounds; Organooxygen compounds; Alkyl chlorides; Carboxylic acid derivatives; Monocarboxylic acids and derivatives; Organochlorides; Carbonyl compounds; Alkyl halides; Organic oxides; Hydrocarbon derivatives; Organopnictogen compounds; Organic oxygen compounds; Organic nitrogen compounds; Chemical entities	177.055	344	5.734	836961212005546166	836961019013027659	836961019008833354	483	
1	C31H22O11	[M - H2O + H]+	C31H21O10+	Shikimates and Phenylpropanoids	0.941	Flavonoids	0.601	Flavones	0.726	Phenylpropanoids and polyketides	0.914	Flavonoids	0.877	Biflavonoids and polyflavonoids	0.530			Biflavonoids and polyflavonoids	0.530	Organic compounds; Organoheterocyclic compounds; Pyrans; Benzopyrans; Alkyl aryl ethers; Alcohols and polyols; Phenols; Chromones; Ethers; Phenylpropanoids and polyketides; Organic acids and derivatives; Organooxygen compounds; Flavonoids; Pyranones and derivatives; Biflavonoids and polyflavonoids; Flavones; Carbonyl compounds; Benzene and substituted derivatives; Phenol ethers; Benzenoids; Hydroxyflavonoids; 5-hydroxyflavonoids; 7-hydroxyflavonoids; 1-benzopyrans; Vinylogous acids; Organic oxides; Oxacyclic compounds; Heteroaromatic compounds; Hydrocarbon derivatives; Organic oxygen compounds; 1-hydroxy-2-unsubstituted benzenoids; 1-hydroxy-4-unsubstituted benzenoids; Phenoxy compounds; Chemical entities	553.113	344	5.737	836961205126886851	836961019113690967	836961019113690966	486	
1	C33H42O8	[M + H3N + H]+	C33H46NO8+	Shikimates and Phenylpropanoids	0.543	Flavonoids	0.487	Flavan-3-ols	0.145	Phenylpropanoids and polyketides	0.670	Flavonoids	0.688	Hydroxyflavonoids	0.750	4'-hydroxyflavonoids	0.715	4'-hydroxyflavonoids	0.715	Organic compounds; Organoheterocyclic compounds; Benzopyrans; Alkyl aryl ethers; Alcohols and polyols; Phenols; Ethers; Phenylpropanoids and polyketides; Organic acids and derivatives; Organooxygen compounds; Flavonoids; Flavans; Benzenediols; Secondary alcohols; Benzene and substituted derivatives; Polyols; Benzenoids; 4'-hydroxyflavonoids; Hydroxyflavonoids; 7-hydroxyflavonoids; 1-benzopyrans; Organic oxides; Oxacyclic compounds; Hydrocarbon derivatives; Organic oxygen compounds; 1-hydroxy-2-unsubstituted benzenoids; 1-hydroxy-4-unsubstituted benzenoids; Chemical entities	584.322	344	5.737	836961220343823354	836961019080136531	836961019075942226	485	
1	C14H28O	[M + H3N + H]+	C14H32NO+	Fatty acids	0.968	Fatty acyls	0.915	Fatty alcohols	0.970	Lipids and lipid-like molecules	0.568	Fatty Acyls	0.519	Fatty alcohols	0.720			Fatty alcohols	0.720	Organic compounds; Lipids and lipid-like molecules; Alcohols and polyols; Primary alcohols; Organooxygen compounds; Fatty alcohols; Fatty Acyls; Hydrocarbon derivatives; Organic oxygen compounds; Chemical entities	230.248	345	5.747	836961193038901355	836961019147245403	836961019147245402	487	
1	C17H37NO2	[M + H]+	C17H38NO2+	Fatty acids	0.846	Fatty amides	0.475	Open-chain polyketides	0.538	Organic nitrogen compounds	0.999	Organonitrogen compounds	0.997					Organonitrogen compounds	0.997	Organic compounds; Organonitrogen compounds; Organooxygen compounds; Hydrocarbon derivatives; Organopnictogen compounds; Organic oxygen compounds; Organic nitrogen compounds; Chemical entities	288.290	346	5.769	836961210902444146	836961019214354275	836961019214354274	489	
1	C18H35NO3	[M - H2O + H]+	C18H34NO2+	Fatty acids	0.956	Spingolipids	0.295	Sphingoid bases	0.511	Organic nitrogen compounds	1.000	Organonitrogen compounds	1.000	Amines	0.714	Alkanolamines	0.651	1,2-aminoalcohols	0.587	Organic compounds; Alcohols and polyols; Organonitrogen compounds; Organooxygen compounds; Secondary alcohols; 1,2-aminoalcohols; Amines; Alkanolamines; Hydrocarbon derivatives; Organopnictogen compounds; Organic oxygen compounds; Organic nitrogen compounds; Chemical entities	296.258	346	5.772	836961196130103794	836961019180799839	836961019180799838	488	
1	C16H35NO3	[M + H]+	C16H36NO3+	Fatty acids	0.994	Spingolipids	0.947	Sphingoid bases	0.996	Organic nitrogen compounds	1.000	Organonitrogen compounds	1.000	Amines	0.993	Alkanolamines	0.984	1,2-aminoalcohols	0.982	Organic compounds; Alcohols and polyols; Organonitrogen compounds; Primary alcohols; Organooxygen compounds; 1,2-aminoalcohols; Amines; Alkanolamines; Hydrocarbon derivatives; Organopnictogen compounds; Organic oxygen compounds; Organic nitrogen compounds; Chemical entities	290.269	348	5.795	836961199665902461	836961019252103015	836961019247908710	490	
1	C26H24N2O4	[M + Na]+	C26H24N2NaO4+	Alkaloids	0.399	Anthranilic acid alkaloids	0.144	Acridone alkaloids	0.079	Benzenoids	0.998	Benzene and substituted derivatives	0.957	Anilides	0.634	Aromatic anilides	0.522	Aromatic anilides	0.522	Organic compounds; Organoheterocyclic compounds; Phenols; Benzoic acids and derivatives; Organic acids and derivatives; Carboxylic acids and derivatives; Organonitrogen compounds; Anilides; Benzoyl derivatives; Organooxygen compounds; Carboxylic acid amides; Carboxylic acid derivatives; Secondary carboxylic acid amides; Carbonyl compounds; Benzene and substituted derivatives; Benzenoids; Phenylpropanes; Organic oxides; Azacyclic compounds; Hydrocarbon derivatives; Organopnictogen compounds; Organic oxygen compounds; Organic nitrogen compounds; Aromatic anilides; Chemical entities	451.165	350	5.831	836961210894055514	836961019319211887	836961019319211886	492	
1	C17H37NO2	[M + H]+	C17H38NO2+	Fatty acids	0.851	Fatty acyls	0.349	Sphingoid bases	0.615	Organic nitrogen compounds	0.999	Organonitrogen compounds	0.997	Amines	0.550			Amines	0.550	Organic compounds; Organonitrogen compounds; Organooxygen compounds; Amines; Hydrocarbon derivatives; Organopnictogen compounds; Organic oxygen compounds; Organic nitrogen compounds; Chemical entities	288.290	350	5.834	836961196591477285	836961019386320759	836961019386320758	494	
1	C18H30O3	[M + H3N + H]+	C18H34NO3+	Fatty acids	0.952	Octadecanoids	0.908	Other Octadecanoids	0.903	Lipids and lipid-like molecules	0.975	Fatty Acyls	0.956	Lineolic acids and derivatives	0.772			Lineolic acids and derivatives	0.772	Organic compounds; Lipids and lipid-like molecules; Ketones; Fatty acids and conjugates; Organic acids and derivatives; Carboxylic acids and derivatives; Acryloyl compounds; Organooxygen compounds; Unsaturated fatty acids; Lineolic acids and derivatives; Monocarboxylic acids and derivatives; Carboxylic acids; Enones; Carbonyl compounds; Long-chain fatty acids; Alpha,beta-unsaturated carbonyl compounds; Alpha,beta-unsaturated ketones; Fatty Acyls; Organic oxides; Hydrocarbon derivatives; Organic oxygen compounds; Chemical entities	312.253	350	5.834	836961213259643182	836961019495372675	836961019491178370	497	
1	C18H28O2	[M + H3N + H]+	C18H32NO2+	Fatty acids	0.988	Fatty Acids and Conjugates	0.570	Unsaturated fatty acids	0.550	Lipids and lipid-like molecules	0.960	Fatty Acyls	0.918	Lineolic acids and derivatives	0.601			Lineolic acids and derivatives	0.601	Organic compounds; Lipids and lipid-like molecules; Fatty acids and conjugates; Organic acids and derivatives; Carboxylic acids and derivatives; Organooxygen compounds; Straight chain fatty acids; Unsaturated fatty acids; Lineolic acids and derivatives; Monocarboxylic acids and derivatives; Carboxylic acids; Carbonyl compounds; Long-chain fatty acids; Fatty Acyls; Organic oxides; Hydrocarbon derivatives; Organic oxygen compounds; Chemical entities	294.243	350	5.835	836961214111086988	836961019457623935	836961019457623934	496	
1	C20H37NO3	[M + H3N + H]+	C20H41N2O3+	Fatty acids	0.998	Fatty amides	0.431	Nitro fatty acids	0.188	Lipids and lipid-like molecules	0.866	Fatty Acyls	0.887					Fatty Acyls	0.887	Organic compounds; Lipids and lipid-like molecules; Alcohols and polyols; Organic acids and derivatives; Carboxylic acids and derivatives; Organonitrogen compounds; Organooxygen compounds; Secondary alcohols; Carbonyl compounds; Fatty Acyls; Organic oxides; Hydrocarbon derivatives; Organopnictogen compounds; Organic oxygen compounds; Organic nitrogen compounds; Chemical entities	357.311	350	5.835	836961214287247776	836961019352766323	836961019352766322	493	
1	CHN2O3S	[M + Na]+	CHN2NaO3S+	Alkaloids	0.822	Histidine alkaloids	0.604	Imidazole alkaloids	0.602	Organoheterocyclic compounds	0.875	Azoles	0.513					Azoles	0.513	Organic compounds; Organoheterocyclic compounds; Organic acids and derivatives; Organonitrogen compounds; Azoles; Organic oxides; Azacyclic compounds; Heteroaromatic compounds; Hydrocarbon derivatives; Organic oxygen compounds; Organic nitrogen compounds; Chemical entities	143.959	350	5.840	836961213746182504	836961019524732807	836961019524732806	498	
1	C10H22ClN2O4	[M - H2O + H]+	C10H21ClN2O3+	Amino acids and Peptides	0.806	Small peptides	0.780	Dipeptides	0.533	Organic acids and derivatives	0.874	Carboxylic acids and derivatives	0.805	Amino acids, peptides, and analogues	0.557	Amino acids and derivatives	0.558	Amino acids	0.532	Organic compounds; Amino acids, peptides, and analogues; Organic acids and derivatives; Carboxylic acids and derivatives; Organohalogen compounds; Organonitrogen compounds; Organooxygen compounds; Amino acids and derivatives; Monoalkylamines; Aryl chlorides; Monocarboxylic acids and derivatives; Carboxylic acids; Organochlorides; Carbonyl compounds; Amines; Aryl halides; Organic oxides; Hydrocarbon derivatives; Amino acids; Organopnictogen compounds; Organic oxygen compounds; Organic nitrogen compounds; Chemical entities	252.123	350	5.840	836961218473163563	836961019558287243	836961019558287242	499	
1	C15H34ClN2O2	[M + Na]+	C15H34ClN2NaO2+	Amino acids and Peptides	0.277	Ornithine alkaloids	0.235	Tropane alkaloids	0.049	Organic nitrogen compounds	0.996	Organonitrogen compounds	0.994	Amines	0.737			Amines	0.737	Organic compounds; Organic acids and derivatives; Organohalogen compounds; Organonitrogen compounds; Organooxygen compounds; Organochlorides; Amines; Organic oxides; Hydrocarbon derivatives; Organopnictogen compounds; Organic oxygen compounds; Organic nitrogen compounds; Chemical entities	332.219	351	5.845	836961204652930425	836961019591841679	836961019591841678	500	
1	C18H31NO3	[M - H2O + H]+	C18H30NO2+	Fatty acids	0.500	Pseudoalkaloids (transamidation)	0.359	Sphingoid bases	0.087	Organic nitrogen compounds	1.000	Organonitrogen compounds	0.999	Amines	0.490	Alkanolamines	0.546	1,2-aminoalcohols	0.579	Organic compounds; Alcohols and polyols; Organonitrogen compounds; Organooxygen compounds; Secondary alcohols; 1,2-aminoalcohols; Alkanolamines; Hydrocarbon derivatives; Organopnictogen compounds; Organic oxygen compounds; Organic nitrogen compounds; Chemical entities	292.227	351	5.846	836961225175662249	836961019625396115	836961019625396114	501	
1	C18H28O3	[M + H3N + H]+	C18H32NO3+	Fatty acids	0.609	Octadecanoids	0.689	Phytane diterpenoids	0.544	Lipids and lipid-like molecules	0.932	Fatty Acyls	0.801	Fatty acids and conjugates	0.767	Long-chain fatty acids	0.590	Long-chain fatty acids	0.590	Organic compounds; Lipids and lipid-like molecules; Ketones; Fatty acids and conjugates; Organic acids and derivatives; Carboxylic acids and derivatives; Organooxygen compounds; Monocarboxylic acids and derivatives; Carboxylic acids; Carbonyl compounds; Long-chain fatty acids; Cyclic ketones; Fatty Acyls; Organic oxides; Hydrocarbon derivatives; Organic oxygen compounds; Chemical entities	310.238	351	5.848	836961221174295708	836961019663144855	836961019658950550	502	
1	C20H21N3O6S	[M + H3N + H]+	C20H25N4O6S+	Amino acids and Peptides	0.448	Anthranilic acid alkaloids	0.022	Cyclamides	0.033	Benzenoids	0.982	Benzene and substituted derivatives	0.918	Benzenesulfonamides	0.573			Benzenesulfonamides	0.573	Organic compounds; Organoheterocyclic compounds; Organosulfur compounds; Benzenesulfonamides; Ethers; Organic acids and derivatives; Carboxylic acids and derivatives; Organosulfonic acids and derivatives; Organonitrogen compounds; Organooxygen compounds; Carboxylic acid amides; Carboxylic acid derivatives; Sulfonyls; Carbonyl compounds; Benzene and substituted derivatives; Phenol ethers; Benzenoids; Organic oxides; Azacyclic compounds; Heteroaromatic compounds; Hydrocarbon derivatives; Benzenesulfonyl compounds; Organic sulfonic acids and derivatives; Organopnictogen compounds; Organic oxygen compounds; Organic nitrogen compounds; Phenoxy compounds; Chemical entities	449.149	352	5.868	836961262806962521	836961019692504987	836961019692504986	503	
1	C16H35NO3	[M - H2O + H]+	C16H34NO2+	Fatty acids	0.995	Spingolipids	0.757	Sphingoid bases	0.933	Organic nitrogen compounds	1.000	Organonitrogen compounds	0.999	Amines	0.813	Alkanolamines	0.834	1,2-aminoalcohols	0.546	Organic compounds; Alcohols and polyols; Organonitrogen compounds; Primary alcohols; Organooxygen compounds; 1,2-aminoalcohols; Amines; Alkanolamines; Hydrocarbon derivatives; Organopnictogen compounds; Organic oxygen compounds; Organic nitrogen compounds; Chemical entities	272.258	352	5.874	836961201251349584	836961019730253727	836961019730253726	504	
1	C19H39NO2	[M - H2O + H]+	C19H38NO+	Fatty acids	0.991	Fatty amides	0.930	N-acyl ethanolamines (endocannabinoids)	0.609	Lipids and lipid-like molecules	0.750	Fatty Acyls	0.701	Fatty amides	0.693			Fatty amides	0.693	Organic compounds; Lipids and lipid-like molecules; Alcohols and polyols; Organic acids and derivatives; Carboxylic acids and derivatives; Organonitrogen compounds; Organooxygen compounds; Fatty amides; Carboxylic acid amides; Carboxylic acid derivatives; Carbonyl compounds; Fatty Acyls; Organic oxides; Hydrocarbon derivatives; Organopnictogen compounds; Organic oxygen compounds; Organic nitrogen compounds; Chemical entities	296.295	354	5.894	836961227860017272	836961019763808163	836961019763808162	505	
1	C20H41NO3	[M - H2O + H]+	C20H40NO2+	Fatty acids	0.926	Spingolipids	0.478	Sphingoid bases	0.657	Organic oxygen compounds	1.000	Organooxygen compounds	0.998	Alcohols and polyols	0.850	Secondary alcohols	0.698	Secondary alcohols	0.698	Organic compounds; Alcohols and polyols; Organonitrogen compounds; Organooxygen compounds; Secondary alcohols; Amines; Alkanolamines; Hydrocarbon derivatives; Organopnictogen compounds; Organic oxygen compounds; Organic nitrogen compounds; Chemical entities	326.305	354	5.895	836961211485452461	836961019797362599	836961019797362598	506	
1	C16H30O	[M - H2O + H]+	C16H29+	Fatty acids	0.739	Fatty acyls	0.613	Fatty alcohols	0.613	Lipids and lipid-like molecules	0.833	Fatty Acyls	0.561					Fatty Acyls	0.561	Organic compounds; Lipids and lipid-like molecules; Alcohols and polyols; Organooxygen compounds; Carbonyl compounds; Fatty Acyls; Organic oxides; Hydrocarbon derivatives; Organic oxygen compounds; Chemical entities	221.226	354	5.895	836961214698289641	836961019826722731	836961019826722730	507	
1	C18H35NO3	[M - H2O + H]+	C18H34NO2+	Fatty acids	0.905	Fatty amides	0.229	Sphingoid bases	0.124	Lipids and lipid-like molecules	0.544	Fatty Acyls	0.539					Fatty Acyls	0.539	Organic compounds; Lipids and lipid-like molecules; Alcohols and polyols; Organonitrogen compounds; Organooxygen compounds; Amines; Fatty Acyls; Hydrocarbon derivatives; Organopnictogen compounds; Organic oxygen compounds; Organic nitrogen compounds; Chemical entities	296.258	355	5.909	836961205462431233	836961019898025907	836961019898025906	509	
1	C20H39NO2	[M + H3N + H]+	C20H43N2O2+	Fatty acids	0.992	Fatty amides	0.972	N-acyl ethanolamines (endocannabinoids)	0.528	Lipids and lipid-like molecules	0.692	Fatty Acyls	0.702	Fatty amides	0.673	N-acyl amines	0.625	N-acyl amines	0.625	Organic compounds; Lipids and lipid-like molecules; Alcohols and polyols; Organic acids and derivatives; Carboxylic acids and derivatives; Organonitrogen compounds; Organooxygen compounds; Fatty amides; Carboxylic acid amides; Carboxylic acid derivatives; N-acyl amines; Tertiary carboxylic acid amides; Carbonyl compounds; Fatty Acyls; Organic oxides; Hydrocarbon derivatives; Organopnictogen compounds; Organic oxygen compounds; Organic nitrogen compounds; Chemical entities	343.332	355	5.914	836961205680535061	836961019969329083	836961019969329082	511	
1	C20H42N2O2	[M - H2O + H]+	C20H41N2O+	Fatty acids	0.985	Fatty amides	0.863	N-acyl ethanolamines (endocannabinoids)	0.273	Lipids and lipid-like molecules	0.673	Fatty Acyls	0.645	Fatty amides	0.532			Fatty amides	0.532	Organic compounds; Lipids and lipid-like molecules; Alcohols and polyols; Organic acids and derivatives; Carboxylic acids and derivatives; Organonitrogen compounds; Organooxygen compounds; Fatty amides; Carbonyl compounds; 1,2-aminoalcohols; Trialkylamines; Amines; Tertiary amines; Alkanolamines; Fatty Acyls; Organic oxides; Hydrocarbon derivatives; Organopnictogen compounds; Organic oxygen compounds; Organic nitrogen compounds; Chemical entities	325.321	355	5.916	836961205705700896	836961019935774647	836961019931580342	510	
1	C10H17BFNO2S	[M + H3N + H]+	C10H21BFN2O2S+	Terpenoids	0.232	Monoterpenoids	0.463	Pinane monoterpenoids	0.060	Organohalogen compounds	0.757	Aryl halides	0.622	Aryl fluorides	0.842			Aryl fluorides	0.842	Organic compounds; Organosulfur compounds; Organic acids and derivatives; Organohalogen compounds; Boronic acids; Organometallic compounds; Boronic acid derivatives; Aryl fluorides; Organometalloid compounds; Organofluorides; Benzenoids; Organoboron compounds; Aryl halides; Organic salts; Organic metalloid salts; Organic metal salts; Hydrocarbon derivatives; Alkylboranes; Organic oxygen compounds; Chemical entities	262.144	356	5.926	836961206146102880	836961020002883519	836961020002883518	512	
1	C17H30N6O4S	[M + H]+	C17H31N6O4S+	Alkaloids	0.216	Pseudoalkaloids (transamidation)	0.039	Cyclamides	0.288	Organoheterocyclic compounds	0.987	Triazines	0.261	1,3,5-triazines	0.427	Alkoxy-S-triazines	0.570	Alkoxy-S-triazines	0.570	Organic compounds; Organoheterocyclic compounds; Organosulfur compounds; Tetrazoles; Alkyl aryl ethers; Ethers; Organic acids and derivatives; Organosulfonic acids and derivatives; Organonitrogen compounds; Organooxygen compounds; Azoles; Sulfonyls; Aminosulfonyl compounds; Organic oxides; Azacyclic compounds; Heteroaromatic compounds; Hydrocarbon derivatives; Organic sulfonic acids and derivatives; Organopnictogen compounds; Organic oxygen compounds; Alkoxy-S-triazines; Organic nitrogen compounds; Chemical entities	415.211	357	5.942	836961218125036252	836961020057409475	836961020057409474	513	
1	C33H42O8	[M + H3N + H]+	C33H46NO8+	Terpenoids	0.788	Sesquiterpenoids	0.197	Daucane sesquiterpenoids	0.097	Benzenoids	0.850	Benzene and substituted derivatives	0.820	Benzoic acids and derivatives	0.883	Benzoic acid esters	0.852	p-Hydroxybenzoic acid esters	0.538	Organic compounds; Organoheterocyclic compounds; Lipids and lipid-like molecules; Alcohols and polyols; Phenols; Benzoic acids and derivatives; Ethers; Organic acids and derivatives; Carboxylic acids and derivatives; Benzoyl derivatives; Organooxygen compounds; Carboxylic acid derivatives; Carboxylic acid esters; Cyclic alcohols and derivatives; Benzoic acid esters; Tertiary alcohols; Carbonyl compounds; Benzene and substituted derivatives; Benzenoids; Organic oxides; Oxacyclic compounds; Hydrocarbon derivatives; Organic oxygen compounds; 1-hydroxy-2-unsubstituted benzenoids; p-Hydroxybenzoic acid esters; Chemical entities	584.322	357	5.953	836961218431220500	836961020095158215	836961020090963910	514	
1	C17H37NO2	[M + H]+	C17H38NO2+	Fatty acids	0.989	Spingolipids	0.750	Sphingoid bases	0.958	Organic nitrogen compounds	1.000	Organonitrogen compounds	1.000	Amines	0.974	Alkanolamines	0.920	1,2-aminoalcohols	0.868	Organic compounds; Alcohols and polyols; Organonitrogen compounds; Primary alcohols; Organooxygen compounds; 1,2-aminoalcohols; Amines; Alkanolamines; Hydrocarbon derivatives; Organopnictogen compounds; Organic oxygen compounds; Organic nitrogen compounds; Chemical entities	288.290	358	5.970	836961205789586983	836961020128712651	836961020128712650	515	
1	C15H34ClN2O2	[M + Na]+	C15H34ClN2NaO2+	Amino acids and Peptides	0.283	Small peptides	0.168	Dipeptides	0.036	Organoheterocyclic compounds	0.577	Azacyclic compounds	0.591					Azacyclic compounds	0.591	Organic compounds; Organoheterocyclic compounds; Organic acids and derivatives; Organohalogen compounds; Organonitrogen compounds; Organooxygen compounds; Organochlorides; Amines; Organic oxides; Azacyclic compounds; Hydrocarbon derivatives; Organopnictogen compounds; Organic oxygen compounds; Organic nitrogen compounds; Chemical entities	332.219	359	5.988	836961217323924148	836961020195821523	836961020195821522	517	
1	C11H20O3	[M - H2O + H]+	C11H19O2+	Fatty acids	0.747	Fatty Acids and Conjugates	0.434	Branched fatty acids	0.122	Lipids and lipid-like molecules	0.744	Fatty Acyls	0.592					Fatty Acyls	0.592	Organic compounds; Lipids and lipid-like molecules; Alcohols and polyols; Organic acids and derivatives; Carboxylic acids and derivatives; Organooxygen compounds; Monocarboxylic acids and derivatives; Carboxylic acids; Carbonyl compounds; Fatty Acyls; Organic oxides; Hydrocarbon derivatives; Organic oxygen compounds; Chemical entities	183.138	360	5.993	836961209459603405	836961020229375959	836961020229375958	518	
1	C16H31N4O3	[M - H2O + H]+	C16H30N4O2+	Amino acids and Peptides	0.739	Small peptides	0.551	Dipeptides	0.168	Organic acids and derivatives	0.945	Carboxylic acids and derivatives	0.914	Amino acids, peptides, and analogues	0.543	Amino acids and derivatives	0.535	Amino acids and derivatives	0.535	Organic compounds; Lipids and lipid-like molecules; Amino acids, peptides, and analogues; Organic acids and derivatives; Carboxylic acids and derivatives; Organonitrogen compounds; Organooxygen compounds; Fatty amides; Amino acids and derivatives; Carboxylic acid amides; Carboxylic acid derivatives; N-acyl amines; Secondary carboxylic acid amides; Carbonyl compounds; Fatty Acyls; Organic oxides; Hydrocarbon derivatives; Organopnictogen compounds; Organic oxygen compounds; Organic nitrogen compounds; Chemical entities	310.238	360	6.001	836961215100942868	836961020162267087	836961020162267086	516	
1	C16H35NO4	[M - H2O + H]+	C16H34NO3+	Fatty acids	0.995	Fatty amides	0.662	Sphingoid bases	0.647	Lipids and lipid-like molecules	0.620	Fatty Acyls	0.598					Fatty Acyls	0.598	Organic compounds; Lipids and lipid-like molecules; Alcohols and polyols; Organonitrogen compounds; Primary alcohols; Organooxygen compounds; Secondary alcohols; Fatty Acyls; Hydrocarbon derivatives; Organopnictogen compounds; Organic oxygen compounds; Organic nitrogen compounds; Chemical entities	288.253	361	6.012	836961218305391371	836961020334233571	836961020334233570	521	
1	C18H28O2	[M + H3N + H]+	C18H32NO2+	Fatty acids	0.979	Fatty Acids and Conjugates	0.575	Unsaturated fatty acids	0.459	Lipids and lipid-like molecules	0.901	Fatty Acyls	0.871	Fatty acids and conjugates	0.860	Long-chain fatty acids	0.818	Long-chain fatty acids	0.818	Organic compounds; Lipids and lipid-like molecules; Ketones; Fatty acids and conjugates; Organic acids and derivatives; Carboxylic acids and derivatives; Organooxygen compounds; Unsaturated fatty acids; Monocarboxylic acids and derivatives; Carboxylic acids; Carbonyl compounds; Long-chain fatty acids; Fatty Acyls; Organic oxides; Hydrocarbon derivatives; Organic oxygen compounds; Chemical entities	294.243	361	6.012	836961207299536588	836961020300679135	836961020300679134	520	
1	C18H30O3	[M + H3N + H]+	C18H34NO3+	Fatty acids	0.967	Octadecanoids	0.886	Other Octadecanoids	0.857	Lipids and lipid-like molecules	0.973	Fatty Acyls	0.961	Lineolic acids and derivatives	0.681			Lineolic acids and derivatives	0.681	Organic compounds; Lipids and lipid-like molecules; Ketones; Fatty acids and conjugates; Organic acids and derivatives; Carboxylic acids and derivatives; Acryloyl compounds; Organooxygen compounds; Unsaturated fatty acids; Lineolic acids and derivatives; Monocarboxylic acids and derivatives; Carboxylic acids; Enones; Carbonyl compounds; Long-chain fatty acids; Alpha,beta-unsaturated carbonyl compounds; Alpha,beta-unsaturated ketones; Fatty Acyls; Organic oxides; Hydrocarbon derivatives; Organic oxygen compounds; Chemical entities	312.253	361	6.012	836961212840212711	836961020367788007	836961020367788006	522	
1	C20H37NO3	[M + H3N + H]+	C20H41N2O3+	Fatty acids	0.999	Fatty amides	0.897	N-acyl ethanolamines (endocannabinoids)	0.410	Lipids and lipid-like molecules	0.948	Fatty Acyls	0.940	Fatty amides	0.811	N-acyl amines	0.731	N-acyl amines	0.731	Organic compounds; Lipids and lipid-like molecules; Organic acids and derivatives; Carboxylic acids and derivatives; Organonitrogen compounds; Organooxygen compounds; Fatty amides; Carboxylic acid amides; Carboxylic acid derivatives; N-acyl amines; Monocarboxylic acids and derivatives; Carbonyl compounds; Fatty Acyls; Organic oxides; Hydrocarbon derivatives; Organopnictogen compounds; Organic oxygen compounds; Organic nitrogen compounds; Chemical entities	357.311	361	6.013	836961256247070494	836961020262930395	836961020262930394	519	
1	C16H26O	[M + H3N + H]+	C16H30NO+	Terpenoids	0.975	Sesquiterpenoids	0.726	Farnesane sesquiterpenoids	0.143	Lipids and lipid-like molecules	0.821	Prenol lipids	0.760					Prenol lipids	0.760	Organic compounds; Lipids and lipid-like molecules; Ketones; Prenol lipids; Organooxygen compounds; Carbonyl compounds; Organic oxides; Hydrocarbon derivatives; Organic oxygen compounds; Chemical entities	252.232	361	6.020	836961235275547598	836961020443285487	836961020443285486	524	
1	C16H31NO2	[M + Na]+	C16H31NNaO2+	Fatty acids	0.511	Fatty amides	0.453	Open-chain polyketides	0.316	Lipids and lipid-like molecules	0.632							Lipids and lipid-like molecules	0.632	Organic compounds; Lipids and lipid-like molecules; Organic acids and derivatives; Carboxylic acids and derivatives; Organonitrogen compounds; Organooxygen compounds; Carboxylic acid amides; Carboxylic acid derivatives; Secondary carboxylic acid amides; Carbonyl compounds; Organic oxides; Hydrocarbon derivatives; Organopnictogen compounds; Organic oxygen compounds; Organic nitrogen compounds; Chemical entities	292.226	361	6.023	836961224164834802	836961020476839923	836961020476839922	525	
1	C13H20O2	[M - H2O + H]+	C13H19O+	Terpenoids	0.991	Sesquiterpenoids	0.932	Eremophilane sesquiterpenoids	0.176	Lipids and lipid-like molecules	0.641	Prenol lipids	0.620	Sesquiterpenoids	0.570			Sesquiterpenoids	0.570	Organic compounds; Lipids and lipid-like molecules; Ketones; Alcohols and polyols; Prenol lipids; Organooxygen compounds; Sesquiterpenoids; Carbonyl compounds; Cyclic ketones; Organic oxides; Hydrocarbon derivatives; Organic oxygen compounds; Chemical entities	191.143	362	6.029	836961212836018388	836961020510394359	836961020510394358	526	
1	C11H26B2N2O7S	[M - H2O + H]+	C11H25B2N2O6S+	Amino acids and Peptides	0.840	Small peptides	0.933	Aminoacids	0.398	Organic acids and derivatives	0.992	Carboxylic acids and derivatives	0.626	Amino acids, peptides, and analogues	0.747	Amino acids and derivatives	0.744	Alpha amino acids	0.692	Organic compounds; Organosulfur compounds; Lipids and lipid-like molecules; Amino acids, peptides, and analogues; Alpha amino acids and derivatives; Organic acids and derivatives; Carboxylic acids and derivatives; Organonitrogen compounds; Organooxygen compounds; Amino acids and derivatives; Boronic acids; Organometallic compounds; Monoalkylamines; Boronic acid derivatives; Organometalloid compounds; Secondary carboxylic acid amides; Carbonyl compounds; Alpha amino acids; Primary amines; Organoboron compounds; Organic salts; Fatty Acyls; Organic oxides; Organic metalloid salts; Organic metal salts; Hydrocarbon derivatives; Alkylboranes; Organic oxygen compounds; Organic nitrogen compounds; Chemical entities	333.167	363	6.052	836961258738487183	836961020543948795	836961020543948794	527	
1	C16H31N4O3	[M - H2O + H]+	C16H30N4O2+	Amino acids and Peptides	0.730	Small peptides	0.447	Dipeptides	0.160	Lipids and lipid-like molecules	0.695	Fatty Acyls	0.690	Fatty amides	0.662	N-acyl amines	0.622	N-acyl amines	0.622	Organic compounds; Lipids and lipid-like molecules; Organic acids and derivatives; Carboxylic acids and derivatives; Organonitrogen compounds; Organooxygen compounds; Fatty amides; Carboxylic acid amides; Carboxylic acid derivatives; N-acyl amines; Secondary carboxylic acid amides; Carbonyl compounds; Fatty Acyls; Organic oxides; Hydrocarbon derivatives; Organopnictogen compounds; Organic oxygen compounds; Organic nitrogen compounds; Chemical entities	310.238	363	6.055	836961208662685603	836961020711720975	836961020711720974	532	
1	C14H23NO	[M + H3N + H]+	C14H27N2O+	Alkaloids	0.534	Pseudoalkaloids (transamidation)	0.612	Piperidine alkaloids	0.298	Organic nitrogen compounds	1.000	Organonitrogen compounds	1.000	Amines	0.581			Amines	0.581	Organic compounds; Organonitrogen compounds; Organooxygen compounds; Amines; Hydrocarbon derivatives; Organopnictogen compounds; Organic oxygen compounds; Organic nitrogen compounds; Chemical entities	239.212	364	6.064	836961241390843818	836961020577503231	836961020577503230	528	
1	C15H30N2O2	[M - H2O + H]+	C15H29N2O+	Alkaloids	0.633	Lysine alkaloids	0.451	Quinolizidine alkaloids	0.085	Organic nitrogen compounds	1.000	Organonitrogen compounds	1.000	Amines	0.934	Secondary amines	0.556	Dialkylamines	0.571	Organic compounds; Organoheterocyclic compounds; Organonitrogen compounds; Organooxygen compounds; Dialkylamines; Amines; Secondary amines; Organic oxides; Azacyclic compounds; Hydrocarbon derivatives; Organopnictogen compounds; Organic oxygen compounds; Organic nitrogen compounds; Chemical entities	253.228	364	6.069	836961215189023271	836961020611057667	836961020611057666	529	
1	C16H32N2O2	[M - H2O + H]+	C16H31N2O+	Fatty acids	0.503	Fatty amides	0.492	Polyamines	0.235	Organic acids and derivatives	0.729	Carboxylic acids and derivatives	0.578	Carboxylic acid derivatives	0.487	Carboxylic acid amides	0.537	Carboxylic acid amides	0.537	Organic compounds; Alcohols and polyols; Organic acids and derivatives; Carboxylic acids and derivatives; Organonitrogen compounds; Organooxygen compounds; Carboxylic acid amides; Carbonyl compounds; Amines; Organic oxides; Hydrocarbon derivatives; Organopnictogen compounds; Organic oxygen compounds; Organic nitrogen compounds; Chemical entities	267.243	364	6.070	836961218892594024	836961020644612103	836961020644612102	530	
1	C22H44N2O2	[M - H2O + H]+	C22H43N2O+	Fatty acids	0.980	Fatty amides	0.944	N-acyl ethanolamines (endocannabinoids)	0.340	Lipids and lipid-like molecules	0.794	Fatty Acyls	0.784	Fatty amides	0.769	N-acyl amines	0.691	N-acyl amines	0.691	Organic compounds; Lipids and lipid-like molecules; Organic acids and derivatives; Carboxylic acids and derivatives; Organonitrogen compounds; Organooxygen compounds; Fatty amides; Carboxylic acid amides; Carboxylic acid derivatives; N-acyl amines; Secondary carboxylic acid amides; Carbonyl compounds; Amines; Fatty Acyls; Organic oxides; Hydrocarbon derivatives; Organopnictogen compounds; Organic oxygen compounds; Organic nitrogen compounds; Chemical entities	351.337	364	6.071	836961215323241032	836961020745275411	836961020745275410	533	
1	C18H36N2O2	[M - H2O + H]+	C18H35N2O+	Fatty acids	0.695	Ornithine alkaloids	0.498	Polyamines	0.465	Organic nitrogen compounds	1.000	Organonitrogen compounds	1.000	Amines	0.967	Alkanolamines	0.583	Alkanolamines	0.583	Organic compounds; Alcohols and polyols; Organonitrogen compounds; Organooxygen compounds; Monoalkylamines; Amines; Primary amines; Alkanolamines; Hydrocarbon derivatives; Organopnictogen compounds; Organic oxygen compounds; Organic nitrogen compounds; Chemical entities	295.274	364	6.072	836961205189801426	836961020678166539	836961020678166538	531	
1	C17H34N2O2	[M - H2O + H]+	C17H33N2O+	Fatty acids	0.719	Ornithine alkaloids	0.406	Polyamines	0.366	Organic nitrogen compounds	1.000	Organonitrogen compounds	1.000	Amines	0.956	Secondary amines	0.537	Dialkylamines	0.534	Organic compounds; Alcohols and polyols; Organonitrogen compounds; Organooxygen compounds; Dialkylamines; Amines; Secondary amines; Organic oxides; Hydrocarbon derivatives; Organopnictogen compounds; Organic oxygen compounds; Organic nitrogen compounds; Chemical entities	281.259	364	6.075	836961213880400251	836961020783024151	836961020778829846	534	
1	C22H44N2O2	[M + H]+	C22H45N2O2+	Fatty acids	0.993	Fatty amides	0.936	N-acyl ethanolamines (endocannabinoids)	0.399	Lipids and lipid-like molecules	0.752	Fatty Acyls	0.686	Fatty amides	0.659	N-acyl amines	0.667	N-acyl amines	0.667	Organic compounds; Lipids and lipid-like molecules; Alcohols and polyols; Organic acids and derivatives; Carboxylic acids and derivatives; Organonitrogen compounds; Primary alcohols; Organooxygen compounds; Fatty amides; Carboxylic acid amides; Carboxylic acid derivatives; N-acyl amines; Secondary alcohols; Secondary carboxylic acid amides; Carbonyl compounds; 1,2-aminoalcohols; Amines; Alkanolamines; Fatty Acyls; Organic oxides; Hydrocarbon derivatives; Organopnictogen compounds; Organic oxygen compounds; Organic nitrogen compounds; Chemical entities	369.348	365	6.076	836961206687168152	836961020816578587	836961020816578586	535	
1	C11H20BNO3S	[M - H2O + H]+	C11H19BNO2S+	Amino acids and Peptides	0.467	Monoterpenoids	0.614	Pinane monoterpenoids	0.479	Organic acids and derivatives	0.955	Boronic acid derivatives	0.704					Boronic acid derivatives	0.704	Organic compounds; Organoheterocyclic compounds; Organosulfur compounds; Organic acids and derivatives; Carboxylic acids and derivatives; Organonitrogen compounds; Organooxygen compounds; Organometallic compounds; Boronic acid derivatives; Organometalloid compounds; Carbonyl compounds; Metalloheterocyclic compounds; Organoboron compounds; Organic salts; Organic oxides; Organic metalloid salts; Organic metal salts; Hydrocarbon derivatives; Organic oxygen compounds; Organic nitrogen compounds; Chemical entities	239.125	367	6.122	836961220931025979	836961020850133023	836961020850133022	536	
1	C17H37NO2	[M + H]+	C17H38NO2+	Fatty acids	0.951	Spingolipids	0.765	Sphingoid bases	0.966	Organic nitrogen compounds	1.000	Organonitrogen compounds	1.000	Amines	0.999	Alkanolamines	0.977	1,2-aminoalcohols	0.974	Organic compounds; Alcohols and polyols; Organonitrogen compounds; Primary alcohols; Organooxygen compounds; 1,2-aminoalcohols; Trialkylamines; Amines; Tertiary amines; Alkanolamines; Hydrocarbon derivatives; Organopnictogen compounds; Organic oxygen compounds; Organic nitrogen compounds; Chemical entities	288.290	368	6.133	836961215193217594	836961020887881763	836961020887881762	537	
1	C13H20O2	[M - H2O + H]+	C13H19O+	Terpenoids	0.972	Sesquiterpenoids	0.816	Bisabolane sesquiterpenoids	0.388	Lipids and lipid-like molecules	0.575	Prenol lipids	0.565					Prenol lipids	0.565	Organic compounds; Lipids and lipid-like molecules; Alcohols and polyols; Prenol lipids; Organooxygen compounds; Carbonyl compounds; Organic oxides; Hydrocarbon derivatives; Organic oxygen compounds; Chemical entities	191.143	368	6.141	836961208637519765	836961020921436199	836961020921436198	538	
1	C16H26O	[M + H3N + H]+	C16H30NO+	Terpenoids	0.908	Sesquiterpenoids	0.569	Norlabdane diterpenoids	0.121	Lipids and lipid-like molecules	0.779	Prenol lipids	0.638					Prenol lipids	0.638	Organic compounds; Lipids and lipid-like molecules; Ketones; Prenol lipids; Organooxygen compounds; Carbonyl compounds; Organic oxides; Hydrocarbon derivatives; Organic oxygen compounds; Chemical entities	252.232	369	6.156	836961244515600653	836961020988545071	836961020988545070	540	
1	C12H20O2	[M - H2O + H]+	C12H19O+	Terpenoids	0.672	Fatty acyls	0.251	Fatty alcohols	0.148	Lipids and lipid-like molecules	0.600							Lipids and lipid-like molecules	0.600	Organic compounds; Lipids and lipid-like molecules; Alcohols and polyols; Organooxygen compounds; Carbonyl compounds; Organic oxides; Hydrocarbon derivatives; Organic oxygen compounds; Chemical entities	179.143	369	6.157	836961260256825410	836961021026293811	836961021026293810	541	
1	C26H34O6	[M + H3N + H]+	C26H38NO6+	Shikimates and Phenylpropanoids	0.811	Lignans	0.677	Dibenzylbutane lignans	0.127	Benzenoids	0.942	Phenol ethers	0.585					Phenol ethers	0.585	Organic compounds; Organoheterocyclic compounds; Alkyl aryl ethers; Ethers; Organooxygen compounds; Dialkyl ethers; Benzene and substituted derivatives; Phenol ethers; Benzenoids; Organic oxides; Oxacyclic compounds; Hydrocarbon derivatives; Organic oxygen compounds; Phenoxy compounds; Chemical entities	460.269	370	6.161	836961219165223797	836961021139540031	836961021139540030	544	
1	C24H30O6	[M + H]+	C24H31O6+	Shikimates and Phenylpropanoids	0.430	Lignans	0.736	Neolignans	0.185	Benzenoids	0.918	Phenol ethers	0.515					Phenol ethers	0.515	Organic compounds; Organoheterocyclic compounds; Alkyl aryl ethers; Alcohols and polyols; Ethers; Organooxygen compounds; Dialkyl ethers; Benzene and substituted derivatives; Phenol ethers; Benzenoids; Oxacyclic compounds; Hydrocarbon derivatives; Organic oxygen compounds; Chemical entities	415.212	370	6.161	836961219215555466	836961021101791291	836961021101791290	543	
1	C25H22N6O4	[M - H2O + H]+	C25H21N6O3+	Amino acids and Peptides	0.769	Oligopeptides	0.682	Cyclic peptides	0.201	Organic acids and derivatives	0.980	Carboxylic acids and derivatives	0.952	Amino acids, peptides, and analogues	0.729	Amino acids and derivatives	0.716	Amino acids and derivatives	0.716	Organic compounds; Organoheterocyclic compounds; Amino acids, peptides, and analogues; Organic acids and derivatives; Carboxylic acids and derivatives; Organonitrogen compounds; Organooxygen compounds; Amino acids and derivatives; Carboxylic acid amides; Carboxylic acid derivatives; Organic nitro compounds; Organic oxoazanium compounds; Secondary carboxylic acid amides; Carbonyl compounds; Benzene and substituted derivatives; Benzenoids; Amines; Organic 1,3-dipolar compounds; Allyl-type 1,3-dipolar organic compounds; Propargyl-type 1,3-dipolar organic compounds; Organic oxides; C-nitro compounds; Azacyclic compounds; Heteroaromatic compounds; Hydrocarbon derivatives; Organopnictogen compounds; Organic oxygen compounds; Nitroaromatic compounds; Organic nitrogen compounds; Chemical entities	453.168	370	6.161	836961219962141625	836961021177288771	836961021177288770	545	
1	C22H26N6O5	[M - H2O + H]+	C22H25N6O4+	Amino acids and Peptides	0.804	Oligopeptides	0.583	Dipeptides	0.149	Organic acids and derivatives	0.939	Carboxylic acids and derivatives	0.864	Amino acids, peptides, and analogues	0.583	Amino acids and derivatives	0.573	Alpha amino acids and derivatives	0.531	Organic compounds; Organoheterocyclic compounds; Amino acids, peptides, and analogues; Alpha amino acids and derivatives; Organic acids and derivatives; Carboxylic acids and derivatives; Organonitrogen compounds; Organooxygen compounds; Amino acids and derivatives; Azoles; Carboxylic acid amides; Carboxylic acid derivatives; Secondary carboxylic acid amides; Carbonyl compounds; Benzene and substituted derivatives; Phenol ethers; Benzenoids; Organic oxides; Azacyclic compounds; Heteroaromatic compounds; Hydrocarbon derivatives; Organopnictogen compounds; Organic oxygen compounds; Organic nitrogen compounds; Phenoxy compounds; Chemical entities	437.194	370	6.162	836961213100259576	836961021215037511	836961021215037510	546	
1	C25H32O6	[M + H3N + H]+	C25H36NO6+	Shikimates and Phenylpropanoids	0.401	Lignans	0.113	Linear polyenes	0.050	Benzenoids	0.740							Benzenoids	0.740	Organic compounds; Organoheterocyclic compounds; Alcohols and polyols; Ethers; Organic acids and derivatives; Carboxylic acids and derivatives; Organooxygen compounds; Carbonyl compounds; Benzenoids; Organic oxides; Oxacyclic compounds; Hydrocarbon derivatives; Organic oxygen compounds; Chemical entities	446.254	370	6.162	836961222554221888	836961021064042551	836961021064042550	542	
1	C24H30O6	[M + H3N + H]+	C24H34NO6+	Terpenoids	0.290	Triterpenoids	0.080	Azaphilones	0.058	Benzenoids	0.544							Benzenoids	0.544	Organic compounds; Organoheterocyclic compounds; Ketones; Ethers; Organic acids and derivatives; Carboxylic acids and derivatives; Organooxygen compounds; Carbonyl compounds; Benzenoids; Organic oxides; Oxacyclic compounds; Hydrocarbon derivatives; Organic oxygen compounds; Chemical entities	432.238	370	6.162	836961226169712496	836961021252786251	836961021252786250	547	
1	C13H23ClN2O	[M + Na]+	C13H23ClN2NaO+	Alkaloids	0.358	Ornithine alkaloids	0.089	Tropane alkaloids	0.097	Benzenoids	0.870	Benzene and substituted derivatives	0.875	Halobenzenes	0.823	Chlorobenzenes	0.814	Chlorobenzenes	0.814	Organic compounds; Halobenzenes; Organohalogen compounds; Organonitrogen compounds; Organooxygen compounds; Carboxylic acid amides; Aryl chlorides; Chlorobenzenes; Organochlorides; Benzene and substituted derivatives; Benzenoids; Amines; Aryl halides; Organic oxides; Hydrocarbon derivatives; Organopnictogen compounds; Organic oxygen compounds; Organic nitrogen compounds; Chemical entities	281.138	370	6.163	836961244167473388	836961021286340687	836961021282146382	548	
1	C14H20O4	[M - H2O + H]+	C14H19O3+	Terpenoids	0.736	Sesquiterpenoids	0.833	Bisabolane sesquiterpenoids	0.899	Benzenoids	0.887	Benzene and substituted derivatives	0.726					Benzene and substituted derivatives	0.726	Organic compounds; Alcohols and polyols; Organic acids and derivatives; Carboxylic acids and derivatives; Organooxygen compounds; Monocarboxylic acids and derivatives; Carboxylic acids; Carbonyl compounds; Benzene and substituted derivatives; Benzenoids; Organic oxides; Hydrocarbon derivatives; Organic oxygen compounds; Chemical entities	235.133	372	6.201	836961216145324678	836961021315700819	836961021315700818	549	
1	C16H31NO2	[M + Na]+	C16H31NNaO2+	Fatty acids	0.688	Fatty amides	0.516	Primary amides	0.345	Lipids and lipid-like molecules	0.612							Lipids and lipid-like molecules	0.612	Organic compounds; Lipids and lipid-like molecules; Organic acids and derivatives; Carboxylic acids and derivatives; Organonitrogen compounds; Organooxygen compounds; Carboxylic acid amides; Carboxylic acid derivatives; Carbonyl compounds; Organic oxides; Hydrocarbon derivatives; Organopnictogen compounds; Organic oxygen compounds; Organic nitrogen compounds; Chemical entities	292.225	372	6.208	836961204720039306	836961020954990635	836961020950796330	539	
1	C16H31N4O2	[M + H]+	C16H32N4O2+	Alkaloids	0.418	Small peptides	0.271	Dipeptides	0.058	Organic acids and derivatives	0.651	Carboxylic acids and derivatives	0.596					Carboxylic acids and derivatives	0.596	Organic compounds; Organic acids and derivatives; Carboxylic acids and derivatives; Organonitrogen compounds; Organooxygen compounds; Amines; Organic oxides; Hydrocarbon derivatives; Organopnictogen compounds; Organic oxygen compounds; Organic nitrogen compounds; Chemical entities	312.253	374	6.228	836961247925570214	836961021349255255	836961021349255254	550	
1	C12H26N3OP	[M + H3N + H]+	C12H30N4OP+	Alkaloids	0.570	Pseudoalkaloids (transamidation)	0.129	Polyamines	0.014	Organic nitrogen compounds	0.993	Organonitrogen compounds	0.948					Organonitrogen compounds	0.948	Organic compounds; Organonitrogen compounds; Organophosphorus compounds; Organic oxides; Hydrocarbon derivatives; Organopnictogen compounds; Organic oxygen compounds; Organic nitrogen compounds; Chemical entities	277.216	374	6.229	836961208503302012	836961021487667303	836961021487667302	554	
1	C18H28O2	[M + H3N + H]+	C18H32NO2+	Fatty acids	0.993	Fatty Acids and Conjugates	0.584	Unsaturated fatty acids	0.397	Lipids and lipid-like molecules	0.938	Fatty Acyls	0.919	Fatty acids and conjugates	0.921	Long-chain fatty acids	0.880	Long-chain fatty acids	0.880	Organic compounds; Lipids and lipid-like molecules; Ketones; Fatty acids and conjugates; Organic acids and derivatives; Carboxylic acids and derivatives; Acryloyl compounds; Organooxygen compounds; Unsaturated fatty acids; Monocarboxylic acids and derivatives; Carboxylic acids; Enones; Carbonyl compounds; Long-chain fatty acids; Alpha,beta-unsaturated carbonyl compounds; Alpha,beta-unsaturated ketones; Fatty Acyls; Organic oxides; Hydrocarbon derivatives; Organic oxygen compounds; Chemical entities	294.243	374	6.230	836961251994045654	836961021420558431	836961021420558430	552	
1	C20H37NO3	[M + H3N + H]+	C20H41N2O3+	Fatty acids	0.997	Fatty amides	0.697	N-acyl ethanolamines (endocannabinoids)	0.170	Lipids and lipid-like molecules	0.902	Fatty Acyls	0.899	Fatty amides	0.590			Fatty amides	0.590	Organic compounds; Lipids and lipid-like molecules; Alcohols and polyols; Organic acids and derivatives; Carboxylic acids and derivatives; Organonitrogen compounds; Organooxygen compounds; Fatty amides; Carboxylic acid amides; Carboxylic acid derivatives; Monocarboxylic acids and derivatives; Secondary alcohols; Carbonyl compounds; Fatty Acyls; Organic oxides; Hydrocarbon derivatives; Organopnictogen compounds; Organic oxygen compounds; Organic nitrogen compounds; Chemical entities	357.311	374	6.233	836961209606404055	836961021382809691	836961021382809690	551	
1	C16H26O	[M + H3N + H]+	C16H30NO+	Terpenoids	0.968	Sesquiterpenoids	0.732	Farnesane sesquiterpenoids	0.153	Lipids and lipid-like molecules	0.807	Prenol lipids	0.731					Prenol lipids	0.731	Organic compounds; Lipids and lipid-like molecules; Ketones; Prenol lipids; Organooxygen compounds; Carbonyl compounds; Organic oxides; Hydrocarbon derivatives; Organic oxygen compounds; Chemical entities	252.232	375	6.248	836961260332322897	836961021525416043	836961021525416042	555	
1	C18H26O2	[M + H3N + H]+	C18H30NO2+	Terpenoids	0.825	Diterpenoids	0.233	Fatty alcohols	0.113	Lipids and lipid-like molecules	0.585							Lipids and lipid-like molecules	0.585	Organic compounds; Lipids and lipid-like molecules; Organooxygen compounds; Carbonyl compounds; Hydrocarbon derivatives; Organic oxygen compounds; Chemical entities	292.225	375	6.250	836961230179467606	836961021558970479	836961021558970478	556	
1	C15H34ClN2O2	[M + Na]+	C15H34ClN2NaO2+	Alkaloids	0.366	Oligopeptides	0.208	Tropane alkaloids	0.053	Organic acids and derivatives	0.609	Carboxylic acids and derivatives	0.490	Amino acids, peptides, and analogues	0.510	Amino acids and derivatives	0.505	Amino acids and derivatives	0.505	Organic compounds; Amino acids, peptides, and analogues; Organic acids and derivatives; Organohalogen compounds; Organonitrogen compounds; Organooxygen compounds; Amino acids and derivatives; Carboxylic acid amides; Organochlorides; Amines; Organic oxides; Hydrocarbon derivatives; Organopnictogen compounds; Organic oxygen compounds; Organic nitrogen compounds; Chemical entities	332.220	375	6.254	836961221115575400	836961021764491399	836961021764491398	562	
1	C18H32O2	[M + H3N + H]+	C18H36NO2+	Fatty acids	1.000	Fatty Acids and Conjugates	0.952	Unsaturated fatty acids	0.971	Lipids and lipid-like molecules	0.987	Fatty Acyls	0.983	Lineolic acids and derivatives	0.660			Lineolic acids and derivatives	0.660	Organic compounds; Lipids and lipid-like molecules; Fatty acids and conjugates; Organic acids and derivatives; Carboxylic acids and derivatives; Organooxygen compounds; Straight chain fatty acids; Unsaturated fatty acids; Lineolic acids and derivatives; Monocarboxylic acids and derivatives; Carboxylic acids; Carbonyl compounds; Long-chain fatty acids; Fatty Acyls; Organic oxides; Hydrocarbon derivatives; Organic oxygen compounds; Chemical entities	298.274	375	6.257	836961218519300928	836961021592524915	836961021592524914	557	
1	C18H37NO3	[M + H]+	C18H38NO3+	Fatty acids	0.999	Spingolipids	0.860	Sphingoid bases	0.946	Lipids and lipid-like molecules	0.570	Fatty Acyls	0.505					Fatty Acyls	0.505	Organic compounds; Lipids and lipid-like molecules; Alcohols and polyols; Organonitrogen compounds; Primary alcohols; Organooxygen compounds; Secondary alcohols; 1,2-aminoalcohols; Amines; Alkanolamines; Fatty Acyls; Hydrocarbon derivatives; Organopnictogen compounds; Organic oxygen compounds; Organic nitrogen compounds; Chemical entities	316.285	376	6.259	836961207509251823	836961021626079351	836961021626079350	558	
1	C13H20O2	[M - H2O + H]+	C13H19O+	Terpenoids	0.940	Sesquiterpenoids	0.903	Bisabolane sesquiterpenoids	0.880	Benzenoids	0.767	Benzene and substituted derivatives	0.696					Benzene and substituted derivatives	0.696	Organic compounds; Alcohols and polyols; Organooxygen compounds; Benzene and substituted derivatives; Benzenoids; Hydrocarbon derivatives; Organic oxygen compounds; Chemical entities	191.143	376	6.273	836961215377766997	836961021697382527	836961021697382526	560	
1	C20H18O7	[M - H2O + H]+	C20H17O6+	Shikimates and Phenylpropanoids	0.994	Lignans	0.998	Furofuranoid lignans	0.885	Lignans, neolignans and related compounds	0.948	Lignan lactones	0.507					Lignan lactones	0.507	Organic compounds; Organoheterocyclic compounds; Lactones; Alcohols and polyols; Ethers; Benzodioxoles; Organooxygen compounds; Gamma butyrolactones; Lignans, neolignans and related compounds; Lignan lactones; Acetals; Tertiary alcohols; Furofurans; Furofuran lignans; Benzenoids; Tetrahydrofurans; Furanoid lignans; Oxacyclic compounds; Hydrocarbon derivatives; Organic oxygen compounds; Chemical entities	353.102	376	6.274	836961230376599923	836961021663828091	836961021663828090	559	
1	C18H28O3	[M + H3N + H]+	C18H32NO3+	Fatty acids	0.963	Octadecanoids	0.707	Other Octadecanoids	0.652	Lipids and lipid-like molecules	0.947	Fatty Acyls	0.918	Lineolic acids and derivatives	0.538			Lineolic acids and derivatives	0.538	Organic compounds; Lipids and lipid-like molecules; Ketones; Fatty acids and conjugates; Organic acids and derivatives; Carboxylic acids and derivatives; Acryloyl compounds; Organooxygen compounds; Unsaturated fatty acids; Lineolic acids and derivatives; Monocarboxylic acids and derivatives; Carboxylic acids; Enones; Carbonyl compounds; Long-chain fatty acids; Alpha,beta-unsaturated carbonyl compounds; Alpha,beta-unsaturated ketones; Fatty Acyls; Organic oxides; Hydrocarbon derivatives; Organic oxygen compounds; Chemical entities	310.238	378	6.305	836961227490918497	836961021730936963	836961021730936962	561	
1	C11H18O2	[M - H2O + H]+	C11H17O+	Terpenoids	0.586	Monoterpenoids	0.403	Unsaturated fatty acids	0.205	Lipids and lipid-like molecules	0.722							Lipids and lipid-like molecules	0.722	Organic compounds; Lipids and lipid-like molecules; Organic acids and derivatives; Carboxylic acids and derivatives; Organooxygen compounds; Monocarboxylic acids and derivatives; Carboxylic acids; Carbonyl compounds; Organic oxides; Hydrocarbon derivatives; Organic oxygen compounds; Chemical entities	165.127	379	6.312	836961221161712761	836961021798045835	836961021798045834	563	
1	C16H26O2	[M + H3N + H]+	C16H30NO2+	Fatty acids	0.938	Fatty Acids and Conjugates	0.556	Unsaturated fatty acids	0.494	Lipids and lipid-like molecules	0.707	Fatty Acyls	0.595					Fatty Acyls	0.595	Organic compounds; Lipids and lipid-like molecules; Organic acids and derivatives; Carboxylic acids and derivatives; Organooxygen compounds; Monocarboxylic acids and derivatives; Carboxylic acids; Carbonyl compounds; Fatty Acyls; Organic oxides; Hydrocarbon derivatives; Organic oxygen compounds; Chemical entities	268.227	380	6.337	836961235766281238	836961021869349011	836961021869349010	565	
1	C18H30O2	[M + H3N + H]+	C18H34NO2+	Fatty acids	0.997	Fatty Acids and Conjugates	0.933	Unsaturated fatty acids	0.913	Lipids and lipid-like molecules	0.967	Fatty Acyls	0.943	Fatty acids and conjugates	0.945	Long-chain fatty acids	0.917	Long-chain fatty acids	0.917	Organic compounds; Lipids and lipid-like molecules; Fatty acids and conjugates; Organic acids and derivatives; Carboxylic acids and derivatives; Organooxygen compounds; Straight chain fatty acids; Unsaturated fatty acids; Monocarboxylic acids and derivatives; Carboxylic acids; Carbonyl compounds; Long-chain fatty acids; Fatty Acyls; Organic oxides; Hydrocarbon derivatives; Organic oxygen compounds; Chemical entities	296.258	382	6.363	836961214811535868	836961021974206623	836961021974206622	568	
1	C18H35NO3	[M + H]+	C18H36NO3+	Fatty acids	0.994	Fatty amides	0.515	Sphingoid bases	0.417	Lipids and lipid-like molecules	0.664	Fatty Acyls	0.605					Fatty Acyls	0.605	Organic compounds; Lipids and lipid-like molecules; Alcohols and polyols; Organonitrogen compounds; Primary alcohols; Organooxygen compounds; Secondary alcohols; Amines; Alkanolamines; Fatty Acyls; Hydrocarbon derivatives; Organopnictogen compounds; Organic oxygen compounds; Organic nitrogen compounds; Chemical entities	314.269	382	6.364	836961224299052558	836961021936457883	836961021936457882	567	
1	C17H30N6O4S	[M + Na]+	C17H30N6NaO4S+	Alkaloids	0.556	Phloroglucinols	0.074	Cyclamides	0.490	Organoheterocyclic compounds	0.852	Azoles	0.671					Azoles	0.671	Organic compounds; Organoheterocyclic compounds; Organosulfur compounds; Organic acids and derivatives; Organosulfonic acids and derivatives; Organonitrogen compounds; Organooxygen compounds; Azoles; Sulfonyls; Amines; Organic oxides; Azacyclic compounds; Heteroaromatic compounds; Hydrocarbon derivatives; Organic sulfonic acids and derivatives; Organopnictogen compounds; Organic oxygen compounds; Organic nitrogen compounds; Chemical entities	437.194	382	6.370	836961245639674253	836961022007761059	836961022007761058	569	
1	C17H30N6O4S	[M + H]+	C17H31N6O4S+	Alkaloids	0.588	Pseudoalkaloids (transamidation)	0.056	Cyclamides	0.190	Organoheterocyclic compounds	0.953	Azoles	0.706					Azoles	0.706	Organic compounds; Organoheterocyclic compounds; Organosulfur compounds; Organic acids and derivatives; Organosulfonic acids and derivatives; Organonitrogen compounds; Organooxygen compounds; Azoles; Sulfonyls; Aminosulfonyl compounds; Organic oxides; Azacyclic compounds; Heteroaromatic compounds; Hydrocarbon derivatives; Organic sulfonic acids and derivatives; Organopnictogen compounds; Organic oxygen compounds; Organic nitrogen compounds; Chemical entities	415.212	382	6.372	836961253634018777	836961022037121191	836961022037121190	570	
1	C26H34O6	[M + H3N + H]+	C26H38NO6+	Shikimates and Phenylpropanoids	0.442	Lignans	0.267	Dibenzylbutane lignans	0.067	Benzenoids	0.805	Phenol ethers	0.530					Phenol ethers	0.530	Organic compounds; Organoheterocyclic compounds; Alkyl aryl ethers; Ethers; Organic acids and derivatives; Carboxylic acids and derivatives; Organooxygen compounds; Carboxylic acid derivatives; Carboxylic acid esters; Carbonyl compounds; Phenol ethers; Benzenoids; Organic oxides; Oxacyclic compounds; Hydrocarbon derivatives; Organic oxygen compounds; Chemical entities	460.269	382	6.373	836961227407032391	836961022074869931	836961022074869930	571	
1	C21H44N2O5	[M - H2O + H]+	C21H43N2O4+	Fatty acids	0.976	Fatty amides	0.477	N-acyl amines	0.347	Organic acids and derivatives	0.992	Carboxylic acids and derivatives	0.983	Amino acids, peptides, and analogues	0.625	Amino acids and derivatives	0.612	Amino acids and derivatives	0.612	Organic compounds; Lipids and lipid-like molecules; Amino acids, peptides, and analogues; Alcohols and polyols; Organic acids and derivatives; Carboxylic acids and derivatives; Organonitrogen compounds; Organooxygen compounds; Fatty amides; Amino acids and derivatives; Carboxylic acid amides; Carboxylic acid derivatives; N-acyl amines; Secondary alcohols; Secondary carboxylic acid amides; Carbonyl compounds; Fatty Acyls; Organic oxides; Hydrocarbon derivatives; Organopnictogen compounds; Organic oxygen compounds; Organic nitrogen compounds; Chemical entities	387.322	382	6.375	836961209384105916	836961022108424367	836961022108424366	572	
1	C7H17BN4O6S	[M + H3N + H]+	C7H21BN5O6S+	Amino acids and Peptides	0.886	Small peptides	0.792	Aminoacids	0.601	Organic acids and derivatives	0.901	Carboxylic acids and derivatives	0.255	Amino acids, peptides, and analogues	0.195	Amino acids and derivatives	0.195	Alpha amino acids	0.524	Organic compounds; Organosulfur compounds; Organic acids and derivatives; Organonitrogen compounds; Organooxygen compounds; Organometallic compounds; Sulfonyls; Organometalloid compounds; Carbonyl compounds; Alpha amino acids; Organic salts; Organic oxides; Organic metalloid salts; Organic metal salts; Hydrocarbon derivatives; Organopnictogen compounds; Organic oxygen compounds; Organic nitrogen compounds; Chemical entities	313.133	383	6.391	836961225045638790	836961022171338935	836961022171338934	574	
1	C17H26O4	[M + H]+	C17H27O4+	Fatty acids	0.688	Fatty acyls	0.159	Fatty alcohols	0.392	Benzenoids	0.780	Phenols	0.578	Methoxyphenols	0.642	Gingerols	0.530	Gingerols	0.530	Organic compounds; Lipids and lipid-like molecules; Ketones; Alcohols and polyols; Phenols; Methoxyphenols; Organooxygen compounds; Secondary alcohols; Gingerols; Carbonyl compounds; Benzene and substituted derivatives; Phenol ethers; Benzenoids; Fatty Acyls; Organic oxides; Hydrocarbon derivatives; Organic oxygen compounds; 1-hydroxy-2-unsubstituted benzenoids; Phenoxy compounds; Chemical entities	295.190	383	6.392	836961225498623701	836961022209087675	836961022209087674	575	
1	C18H32O2	[M + H3N + H]+	C18H36NO2+	Fatty acids	1.000	Fatty Acids and Conjugates	0.913	Unsaturated fatty acids	0.948	Lipids and lipid-like molecules	0.986	Fatty Acyls	0.981	Lineolic acids and derivatives	0.670			Lineolic acids and derivatives	0.670	Organic compounds; Lipids and lipid-like molecules; Fatty acids and conjugates; Organic acids and derivatives; Carboxylic acids and derivatives; Organooxygen compounds; Straight chain fatty acids; Unsaturated fatty acids; Lineolic acids and derivatives; Monocarboxylic acids and derivatives; Carboxylic acids; Carbonyl compounds; Long-chain fatty acids; Fatty Acyls; Organic oxides; Hydrocarbon derivatives; Organic oxygen compounds; Chemical entities	298.274	384	6.403	836961220066999267	836961022242642111	836961022242642110	576	
1	C18H34O3	[M + H3N + H]+	C18H38NO3+	Fatty acids	0.998	Octadecanoids	0.850	Other Octadecanoids	0.941	Lipids and lipid-like molecules	0.983	Fatty Acyls	0.984	Fatty acids and conjugates	0.916	Long-chain fatty acids	0.909	Long-chain fatty acids	0.909	Organic compounds; Lipids and lipid-like molecules; Alcohols and polyols; Fatty acids and conjugates; Organic acids and derivatives; Carboxylic acids and derivatives; Organooxygen compounds; Monocarboxylic acids and derivatives; Carboxylic acids; Secondary alcohols; Carbonyl compounds; Long-chain fatty acids; Fatty Acyls; Organic oxides; Hydrocarbon derivatives; Organic oxygen compounds; Chemical entities	316.285	384	6.403	836961225959997234	836961022276196547	836961022276196546	577	
1	C18H26O2	[M + H3N + H]+	C18H30NO2+	Terpenoids	0.908	Diterpenoids	0.390	Estrane steroids	0.105	Lipids and lipid-like molecules	0.815							Lipids and lipid-like molecules	0.815	Organic compounds; Lipids and lipid-like molecules; Ketones; Organooxygen compounds; Carbonyl compounds; Cyclic ketones; Organic oxides; Hydrocarbon derivatives; Organic oxygen compounds; Chemical entities	292.227	385	6.418	836961224601042518	836961022381054159	836961022381054158	580	
1	C20H35NO3	[M + H3N + H]+	C20H39N2O3+	Fatty acids	0.996	Fatty amides	0.868	N-acyl ethanolamines (endocannabinoids)	0.605	Lipids and lipid-like molecules	0.924	Fatty Acyls	0.924	Fatty amides	0.866	N-acyl amines	0.767	N-acyl amines	0.767	Organic compounds; Lipids and lipid-like molecules; Alcohols and polyols; Organic acids and derivatives; Carboxylic acids and derivatives; Organonitrogen compounds; Organooxygen compounds; Fatty amides; Carboxylic acid amides; Carboxylic acid derivatives; N-acyl amines; Secondary carboxylic acid amides; Carbonyl compounds; Fatty Acyls; Organic oxides; Hydrocarbon derivatives; Organopnictogen compounds; Organic oxygen compounds; Organic nitrogen compounds; Chemical entities	355.296	385	6.418	836961236244431958	836961022313945287	836961022313945286	578	
1	C16H31N4O3	[M - H2O + H]+	C16H30N4O2+	Amino acids and Peptides	0.632	Small peptides	0.442	Dipeptides	0.101	Lipids and lipid-like molecules	0.585	Fatty Acyls	0.589	Fatty amides	0.541	N-acyl amines	0.512	N-acyl amines	0.512	Organic compounds; Lipids and lipid-like molecules; Organic acids and derivatives; Carboxylic acids and derivatives; Organonitrogen compounds; Organooxygen compounds; Fatty amides; Carboxylic acid amides; Carboxylic acid derivatives; N-acyl amines; Secondary carboxylic acid amides; Carbonyl compounds; Fatty Acyls; Organic oxides; Hydrocarbon derivatives; Organopnictogen compounds; Organic oxygen compounds; Organic nitrogen compounds; Chemical entities	310.238	385	6.418	836961231299346996	836961022347499723	836961022347499722	579	
1	C17H39BN2O7	[M + K]+	C17H39BKN2O7+	Fatty acids	0.434	Polyols	0.174	N-acyl amines	0.420	Organic oxygen compounds	0.994	Organooxygen compounds	0.981	Carbohydrates and carbohydrate conjugates	0.655	Monosaccharides	0.666	Monosaccharides	0.666	Organic compounds; Carbohydrates and carbohydrate conjugates; Lipids and lipid-like molecules; Alcohols and polyols; Organic acids and derivatives; Organonitrogen compounds; Organooxygen compounds; Organometallic compounds; Monoalkylamines; Organometalloid compounds; Monosaccharides; Secondary alcohols; Amines; Primary amines; Organic salts; Organic metalloid salts; Organic metal salts; Hydrocarbon derivatives; Organopnictogen compounds; Alkylboranes; Organic oxygen compounds; Organic nitrogen compounds; Chemical entities	432.251	385	6.421	836961248185617132	836961022448163031	836961022448163030	582	
1	C21H32O4	[M + K]+	C21H32KO4+	Polyketides	0.713	Cyclic polyketides	0.112	Bisabolane sesquiterpenoids	0.042	Benzenoids	0.886	Benzene and substituted derivatives	0.777	Benzoyl derivatives	0.540			Benzoyl derivatives	0.540	Organic compounds; Lipids and lipid-like molecules; Organic acids and derivatives; Carboxylic acids and derivatives; Benzoyl derivatives; Organooxygen compounds; Monocarboxylic acids and derivatives; Carboxylic acids; Carbonyl compounds; Benzene and substituted derivatives; Benzenoids; Fatty Acyls; Organic oxides; Hydrocarbon derivatives; Organic oxygen compounds; Chemical entities	387.193	385	6.422	836961230712144279	836961022485911771	836961022485911770	583	
1	C14H22O2	[M - H2O + H]+	C14H21O+	Terpenoids	0.977	Sesquiterpenoids	0.919	Caryophyllane sesquiterpenoids	0.289	Lipids and lipid-like molecules	0.649	Prenol lipids	0.574					Prenol lipids	0.574	Organic compounds; Lipids and lipid-like molecules; Alcohols and polyols; Prenol lipids; Organooxygen compounds; Hydrocarbon derivatives; Organic oxygen compounds; Chemical entities	205.159	386	6.435	836961207769298717	836961022141978803	836961022141978802	573	
1	C9H12O4	[M - H2O + H]+	C9H11O3+	Shikimates and Phenylpropanoids	0.493	Phenolic acids (C6-C1)	0.710	Simple phenolic acids	0.882	Benzenoids	0.795	Benzene and substituted derivatives	0.805	Benzoic acids and derivatives	0.724	Benzoic acids	0.518	Benzoic acids	0.518	Organic compounds; Alcohols and polyols; Benzoic acids and derivatives; Organic acids and derivatives; Carboxylic acids and derivatives; Benzoyl derivatives; Organooxygen compounds; Monocarboxylic acids and derivatives; Carboxylic acids; Benzene and substituted derivatives; Benzenoids; Benzoic acids; Organic oxides; Hydrocarbon derivatives; Organic oxygen compounds; Chemical entities	167.070	387	6.442	836961229948780817	836961022523660511	836961022519466206	584	
1	C14H22O2	[M - H2O + H]+	C14H21O+	Terpenoids	0.980	Sesquiterpenoids	0.938	Caryophyllane sesquiterpenoids	0.430	Lipids and lipid-like molecules	0.651	Prenol lipids	0.617					Prenol lipids	0.617	Organic compounds; Lipids and lipid-like molecules; Alcohols and polyols; Prenol lipids; Organooxygen compounds; Hydrocarbon derivatives; Organic oxygen compounds; Chemical entities	205.159	387	6.447	836961245937469878	836961022553020643	836961022553020642	585	
1	C40H49N8O13	[M + H3N + H]+	C40H53N9O13+	Amino acids and Peptides	0.702	Oligopeptides	0.919	Cyclic peptides	0.285	Organic acids and derivatives	0.970	Carboxylic acids and derivatives	0.864	Amino acids, peptides, and analogues	0.704	Amino acids and derivatives	0.686	Alpha amino acids and derivatives	0.582	Organic compounds; Organoheterocyclic compounds; Amino acids, peptides, and analogues; Alpha amino acids and derivatives; Alcohols and polyols; Organic acids and derivatives; Carboxylic acids and derivatives; Organonitrogen compounds; Organooxygen compounds; Amino acids and derivatives; Carboxylic acid amides; Carboxylic acid derivatives; Secondary alcohols; Secondary carboxylic acid amides; Carbonyl compounds; Benzene and substituted derivatives; Benzenoids; Organic oxides; Azacyclic compounds; Hydrocarbon derivatives; Organopnictogen compounds; Organic oxygen compounds; Organic nitrogen compounds; Chemical entities	867.372	388	6.472	836961510426092964	836961023291218227	836961023291218226	605	
1	C15H20O7	[M - H2O + H]+	C15H19O6+	Shikimates and Phenylpropanoids	0.801	Phenylpropanoids (C6-C3)	0.371	Cinnamic acids and derivatives	0.422	Organic oxygen compounds	1.000	Organooxygen compounds	1.000	Carbohydrates and carbohydrate conjugates	0.979	Glycosyl compounds	0.869	Phenolic glycosides	0.543	Organic compounds; Organoheterocyclic compounds; Carbohydrates and carbohydrate conjugates; Alcohols and polyols; Ethers; Primary alcohols; Organooxygen compounds; Monosaccharides; Acetals; Secondary alcohols; Oxanes; Glycosyl compounds; O-glycosyl compounds; Benzene and substituted derivatives; Polyols; Phenol ethers; Benzenoids; Oxacyclic compounds; Hydrocarbon derivatives; Phenolic glycosides; Organic oxygen compounds; Phenoxy compounds; Chemical entities	295.118	388	6.474	836961223279836560	836961022657878255	836961022657878254	588	
1	C6H6ClF	[M + Na]+	C6H6ClFNa+	Fatty acids	0.153	Monoterpenoids	0.036	Halogenated fatty acids	0.089	Benzenoids	0.996	Benzene and substituted derivatives	0.988	Halobenzenes	0.982	Chlorobenzenes	0.855	Chlorobenzenes	0.855	Organic compounds; Halobenzenes; Organohalogen compounds; Alkyl chlorides; Aryl chlorides; Aryl fluorides; Chlorobenzenes; Fluorobenzenes; Organochlorides; Organofluorides; Benzene and substituted derivatives; Benzenoids; Aryl halides; Alkyl halides; Hydrocarbon derivatives; Chemical entities	155.003	388	6.475	836961214773787120	836961022800484607	836961022800484606	592	
1	C25H32O6	[M + H3N + H]+	C25H36NO6+	Shikimates and Phenylpropanoids	0.490	Lignans	0.163	Azaphilones	0.020	Benzenoids	0.844							Benzenoids	0.844	Organic compounds; Organoheterocyclic compounds; Alcohols and polyols; Ethers; Organic acids and derivatives; Organooxygen compounds; Carbonyl compounds; Benzenoids; Organic oxides; Oxacyclic compounds; Hydrocarbon derivatives; Organic oxygen compounds; Chemical entities	446.254	388	6.475	836961217663662790	836961022729181431	836961022729181430	590	
1	C24H30O6	[M - H2O + H]+	C24H29O5+	Terpenoids	0.554	Diterpenoids	0.121	Simple aromatic polyketides	0.034	Benzenoids	0.873	Benzene and substituted derivatives	0.553					Benzene and substituted derivatives	0.553	Organic compounds; Organoheterocyclic compounds; Alcohols and polyols; Ethers; Primary alcohols; Organooxygen compounds; Dialkyl ethers; Acetals; Secondary alcohols; Benzene and substituted derivatives; Benzenoids; Oxacyclic compounds; Hydrocarbon derivatives; Organic oxygen compounds; Chemical entities	397.201	388	6.475	836961226610114493	836961022695626995	836961022695626994	589	
1	C26H32O6	[M + H3N + H]+	C26H36NO6+	Shikimates and Phenylpropanoids	0.674	Lignans	0.218	Limonoids	0.027	Organic oxygen compounds	1.000	Organooxygen compounds	1.000	Ethers	0.769	Alkyl aryl ethers	0.511	Alkyl aryl ethers	0.511	Organic compounds; Organoheterocyclic compounds; Alkyl aryl ethers; Alcohols and polyols; Ethers; Organic acids and derivatives; Organooxygen compounds; Carbonyl compounds; Benzene and substituted derivatives; Benzenoids; Organic oxides; Oxacyclic compounds; Hydrocarbon derivatives; Organic oxygen compounds; Chemical entities	458.254	388	6.475	836961325734109337	836961022766930171	836961022766930170	591	
1	C26H34O7	[M + H3N + H]+	C26H38NO7+	Shikimates and Phenylpropanoids	0.239	Lignans	0.064	Dibenzylbutane lignans	0.019	Organic oxygen compounds	1.000	Organooxygen compounds	1.000	Ethers	0.752	Alkyl aryl ethers	0.564	Alkyl aryl ethers	0.564	Organic compounds; Organoheterocyclic compounds; Alkyl aryl ethers; Ethers; Organic acids and derivatives; Carboxylic acids and derivatives; Organooxygen compounds; Carboxylic acid derivatives; Carboxylic acid esters; Carbonyl compounds; Benzenoids; Organic oxides; Oxacyclic compounds; Hydrocarbon derivatives; Organic oxygen compounds; Chemical entities	476.264	389	6.475	836961237024572626	836961023144417571	836961023144417570	601	
1	C24H30O6	[M + H]+	C24H31O6+	Shikimates and Phenylpropanoids	0.756	Lignans	0.928	Neolignans	0.352	Benzenoids	0.966	Phenol ethers	0.696					Phenol ethers	0.696	Organic compounds; Organoheterocyclic compounds; Alkyl aryl ethers; Alcohols and polyols; Ethers; Organooxygen compounds; Dialkyl ethers; Benzene and substituted derivatives; Phenol ethers; Benzenoids; Oxacyclic compounds; Hydrocarbon derivatives; Organic oxygen compounds; Phenoxy compounds; Chemical entities	415.212	389	6.475	836961210533345342	836961022997616915	836961022997616914	597	
1	C9H12O2	[M - H2O + H]+	C9H11O+	Terpenoids	0.797	Monoterpenoids	0.623	Menthane monoterpenoids	0.214	Organic oxygen compounds	0.999	Organooxygen compounds	0.998	Carbonyl compounds	0.715			Carbonyl compounds	0.715	Organic compounds; Organooxygen compounds; Carbonyl compounds; Organic oxides; Hydrocarbon derivatives; Organic oxygen compounds; Chemical entities	135.080	389	6.475	836961211296708757	836961023182166311	836961023182166310	602	
1	C47H61N5O8	[M + Na]+	C47H61N5NaO8+	Amino acids and Peptides	0.788	Oligopeptides	0.404	Ansa macrolides	0.257	Organic acids and derivatives	0.984	Carboxylic acids and derivatives	0.966	Amino acids, peptides, and analogues	0.563	Amino acids and derivatives	0.539	Amino acids and derivatives	0.539	Organic compounds; Organoheterocyclic compounds; Amino acids, peptides, and analogues; Macrolactams; Alcohols and polyols; Lactams; Ethers; Phenylpropanoids and polyketides; Organic acids and derivatives; Carboxylic acids and derivatives; Organonitrogen compounds; Organooxygen compounds; Amino acids and derivatives; Carboxylic acid amides; Carboxylic acid derivatives; Monocarboxylic acids and derivatives; Dialkyl ethers; Secondary carboxylic acid amides; Carbonyl compounds; Benzenoids; Organic oxides; Azacyclic compounds; Hydrocarbon derivatives; Organopnictogen compounds; Organic oxygen compounds; Organic nitrogen compounds; Chemical entities	846.443	389	6.475	836961221165907081	836961023219915051	836961023219915050	603	
1	C28H36O7	[M + H3N + H]+	C28H40NO7+	Terpenoids	0.981	Diterpenoids	0.948	Tetracyclic diterpenoids	0.427	Lipids and lipid-like molecules	0.939	Prenol lipids	0.941	Diterpenoids	0.906	Tigliane and ingenane diterpenoids	0.844	Tigliane and ingenane diterpenoids	0.844	Organic compounds; Lipids and lipid-like molecules; Ketones; Alcohols and polyols; Phenols; Prenol lipids; Organic acids and derivatives; Carboxylic acids and derivatives; Organooxygen compounds; Fatty acid esters; Dicarboxylic acids and derivatives; Carboxylic acid derivatives; Carboxylic acid esters; Diterpenoids; Tertiary alcohols; Carbonyl compounds; Benzene and substituted derivatives; Benzenoids; Tigliane and ingenane diterpenoids; Fatty Acyls; Organic oxides; Hydrocarbon derivatives; Organic oxygen compounds; Chemical entities	502.280	389	6.475	836961222621330782	836961023110863135	836961023110863134	600	
1	C15H22O6	[M - H2O + H]+	C15H21O5+	Terpenoids	0.805	Monoterpenoids	0.488	Bisabolane sesquiterpenoids	0.272	Organic oxygen compounds	1.000	Organooxygen compounds	0.999	Carbohydrates and carbohydrate conjugates	0.762	Glycosyl compounds	0.490	O-glycosyl compounds	0.536	Organic compounds; Organoheterocyclic compounds; Carbohydrates and carbohydrate conjugates; Lipids and lipid-like molecules; Alcohols and polyols; Ethers; Prenol lipids; Primary alcohols; Organooxygen compounds; Monosaccharides; Acetals; Secondary alcohols; Oxanes; O-glycosyl compounds; Polyols; Oxacyclic compounds; Hydrocarbon derivatives; Organic oxygen compounds; Chemical entities	281.138	389	6.475	836961231110603227	836961022917925131	836961022913730826	595	
1	C48H60O12	[M + Na]+	C48H60NaO12+	Terpenoids	0.608	Triterpenoids	0.297	Limonoids	0.133	Lipids and lipid-like molecules	0.798	Prenol lipids	0.513					Prenol lipids	0.513	Organic compounds; Organoheterocyclic compounds; Lipids and lipid-like molecules; Alcohols and polyols; Ethers; Prenol lipids; Organic acids and derivatives; Carboxylic acids and derivatives; Organooxygen compounds; Carboxylic acid derivatives; Carboxylic acid esters; Secondary alcohols; Carbonyl compounds; Oxanes; Enoate esters; Alpha,beta-unsaturated carboxylic esters; Organic oxides; Oxacyclic compounds; Hydrocarbon derivatives; Organic oxygen compounds; Chemical entities	851.398	389	6.475	836961232918348467	836961023328966967	836961023328966966	606	
1	C22H26N6O5	[M - H2O + H]+	C22H25N6O4+	Amino acids and Peptides	0.651	Oligopeptides	0.400	Cyclic peptides	0.092	Organic acids and derivatives	0.978	Carboxylic acids and derivatives	0.858	Amino acids, peptides, and analogues	0.631	Amino acids and derivatives	0.616	Amino acids and derivatives	0.616	Organic compounds; Organoheterocyclic compounds; Amino acids, peptides, and analogues; Pyrimidines and pyrimidine derivatives; Alcohols and polyols; Lactams; Organic acids and derivatives; Carboxylic acids and derivatives; Organonitrogen compounds; Primary alcohols; Pyrimidones; Organooxygen compounds; Amino acids and derivatives; Carboxylic acid amides; Carboxylic acid derivatives; Diazines; Secondary carboxylic acid amides; Carbonyl compounds; Benzene and substituted derivatives; Benzenoids; Amines; Alkanolamines; Organic oxides; Azacyclic compounds; Heteroaromatic compounds; Hydrocarbon derivatives; Organopnictogen compounds; Organic oxygen compounds; Organic nitrogen compounds; Chemical entities	437.193	389	6.475	836961238765209041	836961022955673871	836961022955673870	596	
1	C26H34O6	[M + H3N + H]+	C26H38NO6+	Shikimates and Phenylpropanoids	0.529	Lignans	0.388	Dibenzylbutane lignans	0.036	Organic oxygen compounds	1.000	Organooxygen compounds	1.000	Ethers	0.858	Alkyl aryl ethers	0.507	Alkyl aryl ethers	0.507	Organic compounds; Organoheterocyclic compounds; Alkyl aryl ethers; Alcohols and polyols; Ethers; Organooxygen compounds; Dialkyl ethers; Benzene and substituted derivatives; Benzenoids; Organic oxides; Oxacyclic compounds; Hydrocarbon derivatives; Organic oxygen compounds; Chemical entities	460.269	389	6.475	836961240161912540	836961023073114395	836961023073114394	599	
1	C22H24N2O6Si3	[M + H3N + H]+	C22H28N3O6Si3+	Alkaloids	0.556	Tryptophan alkaloids	0.442	Pyridine alkaloids	0.440	Benzenoids	0.890	Benzene and substituted derivatives	0.743					Benzene and substituted derivatives	0.743	Organic compounds; Organoheterocyclic compounds; Organic acids and derivatives; Carboxylic acids and derivatives; Organohalogen compounds; Organonitrogen compounds; Organooxygen compounds; Carboxylic acid derivatives; Carboxylic acid esters; Carbonyl compounds; Benzene and substituted derivatives; Benzenoids; Organic oxides; Azacyclic compounds; Heteroaromatic compounds; Hydrocarbon derivatives; Organopnictogen compounds; Organic oxygen compounds; Organic nitrogen compounds; Chemical entities	514.129	389	6.475	836961246147185097	836961022875982087	836961022875982086	594	
1	C26H34O6	[M + H3N + H]+	C26H38NO6+	Shikimates and Phenylpropanoids	0.956	Lignans	0.861	Dibenzocyclooctadienes lignans	0.854	Lignans, neolignans and related compounds	0.629	Dibenzocyclooctadiene lignans	0.661					Dibenzocyclooctadiene lignans	0.661	Organic compounds; Organoheterocyclic compounds; Alkyl aryl ethers; Anisoles; Ethers; Phenylpropanoids and polyketides; Organooxygen compounds; Lignans, neolignans and related compounds; Dibenzocyclooctadiene lignans; Carbonyl compounds; Phenol ethers; Benzenoids; Organic oxides; Oxacyclic compounds; Hydrocarbon derivatives; Organic oxygen compounds; Chemical entities	460.269	389	6.475	836961223128841591	836961023639345499	836961023639345498	615	
1	C27H31NO6	[M + H3N + H]+	C27H35N2O6+	Polyketides	0.249	Linear polyketides	0.159	Isoquinoline alkaloids	0.079	Benzenoids	0.575							Benzenoids	0.575	Organic compounds; Organoheterocyclic compounds; Lipids and lipid-like molecules; Ketones; Ethers; Organic acids and derivatives; Carboxylic acids and derivatives; Organonitrogen compounds; Organooxygen compounds; Carboxylic acid derivatives; Carbonyl compounds; Benzenoids; Cyclic ketones; Organic oxides; Oxacyclic compounds; Heteroaromatic compounds; Hydrocarbon derivatives; Organopnictogen compounds; Organic oxygen compounds; Organic nitrogen compounds; Chemical entities	483.249	389	6.475	836961218582215501	836961023362521403	836961023362521402	607	
1	C24H30O6	[M + H3N + H]+	C24H34NO6+	Shikimates and Phenylpropanoids	0.443	Lignans	0.353	Furanoid lignans	0.055	Benzenoids	0.903	Benzene and substituted derivatives	0.668					Benzene and substituted derivatives	0.668	Organic compounds; Organoheterocyclic compounds; Ethers; Organooxygen compounds; Dialkyl ethers; Benzene and substituted derivatives; Benzenoids; Oxacyclic compounds; Hydrocarbon derivatives; Organic oxygen compounds; Chemical entities	432.238	389	6.475	836961222336118054	836961023257663791	836961023257663790	604	
1	C25H32O7	[M + H3N + H]+	C25H36NO7+	Shikimates and Phenylpropanoids	0.662	Lignans	0.578	Dibenzocyclooctadienes lignans	0.085	Organic oxygen compounds	1.000	Organooxygen compounds	1.000	Ethers	0.856	Alkyl aryl ethers	0.620	Alkyl aryl ethers	0.620	Organic compounds; Organoheterocyclic compounds; Alkyl aryl ethers; Alcohols and polyols; Ethers; Organic acids and derivatives; Organooxygen compounds; Carboxylic acid derivatives; Carbonyl compounds; Benzenoids; Organic oxides; Oxacyclic compounds; Hydrocarbon derivatives; Organic oxygen compounds; Chemical entities	462.248	389	6.476	836961237569832231	836961022838233347	836961022838233346	593	
1	C22H36N4O5	[M + Na]+	C22H36N4NaO5+	Amino acids and Peptides	0.968	Oligopeptides	0.336	Cyclic peptides	0.078	Organic acids and derivatives	0.997	Carboxylic acids and derivatives	0.990	Amino acids, peptides, and analogues	0.821	Amino acids and derivatives	0.806	N-acyl-alpha amino acids and derivatives	0.606	Organic compounds; Lipids and lipid-like molecules; Amino acids, peptides, and analogues; Alpha amino acids and derivatives; Organic acids and derivatives; Carboxylic acids and derivatives; Organonitrogen compounds; Organooxygen compounds; Fatty amides; Amino acids and derivatives; Carboxylic acid amides; Carboxylic acid derivatives; N-acyl amines; N-acyl-alpha amino acids and derivatives; Secondary carboxylic acid amides; Carbonyl compounds; Benzene and substituted derivatives; Benzenoids; Fatty Acyls; Organic oxides; Hydrocarbon derivatives; Organopnictogen compounds; Organic oxygen compounds; Organic nitrogen compounds; Chemical entities	459.258	389	6.478	836961221648252085	836961022620129515	836961022620129514	587	
1	CHN2O3S	[M + Na]+	CHN2NaO3S+	Alkaloids	0.830	Histidine alkaloids	0.853	Imidazole alkaloids	0.851	Organoheterocyclic compounds	0.819	Heteroaromatic compounds	0.552					Heteroaromatic compounds	0.552	Organic compounds; Organoheterocyclic compounds; Organonitrogen compounds; Organic 1,3-dipolar compounds; Allyl-type 1,3-dipolar organic compounds; Organic oxides; Azacyclic compounds; Heteroaromatic compounds; Hydrocarbon derivatives; Organopnictogen compounds; Organic oxygen compounds; Organic nitrogen compounds; Chemical entities	143.959	389	6.481	836961220134108142	836961022586575079	836961022586575078	586	
1	C24H30O6	[M + H3N + H]+	C24H34NO6+	Shikimates and Phenylpropanoids	0.637	Lignans	0.528	Dibenzylbutane lignans	0.089	Benzenoids	0.960	Phenol ethers	0.820	Anisoles	0.756			Anisoles	0.756	Organic compounds; Alkyl aryl ethers; Anisoles; Ethers; Organooxygen compounds; Carbonyl compounds; Benzene and substituted derivatives; Phenol ethers; Benzenoids; Organic oxides; Methoxybenzenes; Hydrocarbon derivatives; Organic oxygen compounds; Phenoxy compounds; Chemical entities	432.238	389	6.483	836961246998628908	836961023605791063	836961023601596758	614	
1	C16H26O2	[M + H3N + H]+	C16H30NO2+	Fatty acids	0.993	Fatty Acids and Conjugates	0.729	Unsaturated fatty acids	0.615	Lipids and lipid-like molecules	0.810	Fatty Acyls	0.782	Fatty acids and conjugates	0.711	Long-chain fatty acids	0.595	Long-chain fatty acids	0.595	Organic compounds; Lipids and lipid-like molecules; Fatty acids and conjugates; Organic acids and derivatives; Carboxylic acids and derivatives; Organooxygen compounds; Unsaturated fatty acids; Monocarboxylic acids and derivatives; Carboxylic acids; Carbonyl compounds; Long-chain fatty acids; Fatty Acyls; Organic oxides; Hydrocarbon derivatives; Organic oxygen compounds; Chemical entities	268.227	389	6.487	836961222218677525	836961023400270143	836961023400270142	608	
1	C10H23ClNO	[M + Na]+	C10H23ClNNaO+	Amino acids and Peptides	0.361	Small peptides	0.132	Phenylalanine-derived alkaloids	0.134	Benzenoids	0.912	Benzene and substituted derivatives	0.904	Halobenzenes	0.867	Chlorobenzenes	0.844	Chlorobenzenes	0.844	Organic compounds; Halobenzenes; Organohalogen compounds; Organonitrogen compounds; Organooxygen compounds; Organometallic compounds; Aryl chlorides; Chlorobenzenes; Organometalloid compounds; Organochlorides; Benzene and substituted derivatives; Benzenoids; Aryl halides; Organic oxides; Hydrocarbon derivatives; Organic oxygen compounds; Organic nitrogen compounds; Chemical entities	231.136	389	6.491	836961221803441356	836961023429630275	836961023429630274	609	
1	C18H39NO2	[M + H]+	C18H40NO2+	Fatty acids	0.945	Spingolipids	0.658	Sphingoid bases	0.948	Organic nitrogen compounds	1.000	Organonitrogen compounds	1.000	Amines	1.000	Alkanolamines	0.991	1,2-aminoalcohols	0.991	Organic compounds; Alcohols and polyols; Organonitrogen compounds; Primary alcohols; Organooxygen compounds; 1,2-aminoalcohols; Trialkylamines; Amines; Tertiary amines; Alkanolamines; Hydrocarbon derivatives; Organopnictogen compounds; Organic oxygen compounds; Organic nitrogen compounds; Chemical entities	302.305	392	6.528	836961215189023282	836961023538682191	836961023534487886	612	
1	C18H28O2	[M + H3N + H]+	C18H32NO2+	Fatty acids	0.996	Fatty Acids and Conjugates	0.654	Unsaturated fatty acids	0.684	Lipids and lipid-like molecules	0.948	Fatty Acyls	0.911	Fatty acids and conjugates	0.912	Long-chain fatty acids	0.848	Long-chain fatty acids	0.848	Organic compounds; Lipids and lipid-like molecules; Fatty acids and conjugates; Organic acids and derivatives; Carboxylic acids and derivatives; Organooxygen compounds; Straight chain fatty acids; Unsaturated fatty acids; Monocarboxylic acids and derivatives; Carboxylic acids; Carbonyl compounds; Long-chain fatty acids; Fatty Acyls; Organic oxides; Hydrocarbon derivatives; Organic oxygen compounds; Chemical entities	294.243	392	6.530	836961219572071330	836961023467379015	836961023467379014	610	
1	C21H30N2O8S	[M - H2O + H]+	C21H29N2O7S+	Amino acids and Peptides	0.756	Linear polyketides	0.315	Open-chain polyketides	0.234	Organic acids and derivatives	0.977	Carboxylic acids and derivatives	0.858	Amino acids, peptides, and analogues	0.540	Amino acids and derivatives	0.536	Amino acids and derivatives	0.536	Organic compounds; Organoheterocyclic compounds; Organosulfur compounds; Amino acids, peptides, and analogues; Alcohols and polyols; Organic acids and derivatives; Carboxylic acids and derivatives; Organonitrogen compounds; Organooxygen compounds; Amino acids and derivatives; Carboxylic acid derivatives; Carboxylic acid esters; Secondary alcohols; Carbonyl compounds; Organic oxides; Hydrocarbon derivatives; Organopnictogen compounds; Organic oxygen compounds; Organic nitrogen compounds; Chemical entities	453.168	392	6.531	836961247640357511	836961023811311983	836961023811311982	620	
1	C16H29N7O2	[M - H2O + H]+	C16H28N7O+	Alkaloids	0.410	Small peptides	0.062	Imidazole alkaloids	0.027	Organoheterocyclic compounds	0.940	Triazines	0.315	1,3,5-triazines	0.541			1,3,5-triazines	0.541	Organic compounds; Organoheterocyclic compounds; Alcohols and polyols; Organonitrogen compounds; Primary alcohols; Organooxygen compounds; Carboxylic acid amides; Amines; Organic oxides; 1,3,5-triazines; Azacyclic compounds; Heteroaromatic compounds; Hydrocarbon derivatives; Organopnictogen compounds; Organic oxygen compounds; Organic nitrogen compounds; Chemical entities	334.235	392	6.531	836961225788030728	836961023500933451	836961023500933450	611	
1	C8H18N2	[M + H3N + H]+	C8H22N3+	Alkaloids	0.969	Ornithine alkaloids	0.960	Polyamines	0.989	Organic nitrogen compounds	1.000	Organonitrogen compounds	1.000	Amines	0.926	Secondary amines	0.577	Dialkylamines	0.586	Organic compounds; Organonitrogen compounds; Monoalkylamines; Dialkylamines; Amines; Primary amines; Secondary amines; Hydrocarbon derivatives; Organopnictogen compounds; Organic nitrogen compounds; Chemical entities	160.181	393	6.546	836961214018812297	836961023706454371	836961023706454370	617	
1	C12H20N3O4	[M - H2O + H]+	C12H19N3O3+	Amino acids and Peptides	0.938	Small peptides	0.647	Dipeptides	0.378	Organic acids and derivatives	0.988	Carboxylic acids and derivatives	0.971	Amino acids, peptides, and analogues	0.558	Amino acids and derivatives	0.552	Amino acids and derivatives	0.552	Organic compounds; Lipids and lipid-like molecules; Amino acids, peptides, and analogues; Organic acids and derivatives; Carboxylic acids and derivatives; Organonitrogen compounds; Organooxygen compounds; Fatty amides; Amino acids and derivatives; Carboxylic acid amides; Carboxylic acid derivatives; Carboxylic acids; Secondary carboxylic acid amides; Carbonyl compounds; Fatty Acyls; Organic oxides; Hydrocarbon derivatives; Organopnictogen compounds; Organic oxygen compounds; Organic nitrogen compounds; Chemical entities	253.141	393	6.549	836961224554905150	836961023672899935	836961023672899934	616	
1	C18H28O3	[M + H3N + H]+	C18H32NO3+	Fatty acids	0.724	Octadecanoids	0.711	Phytane diterpenoids	0.454	Lipids and lipid-like molecules	0.954	Fatty Acyls	0.898	Fatty acids and conjugates	0.898	Long-chain fatty acids	0.699	Long-chain fatty acids	0.699	Organic compounds; Lipids and lipid-like molecules; Ketones; Fatty acids and conjugates; Organic acids and derivatives; Carboxylic acids and derivatives; Organooxygen compounds; Unsaturated fatty acids; Monocarboxylic acids and derivatives; Carboxylic acids; Carbonyl compounds; Long-chain fatty acids; Cyclic ketones; Fatty Acyls; Organic oxides; Hydrocarbon derivatives; Organic oxygen compounds; Chemical entities	310.238	394	6.558	836961230380794244	836961023777757547	836961023777757546	619	
1	C19H45FN5O2	[M + Na]+	C19H45FN5NaO2+	Alkaloids	0.504	Ornithine alkaloids	0.666	Polyamines	0.159	Organic acids and derivatives	0.849	Carboxylic acids and derivatives	0.734	Amino acids, peptides, and analogues	0.604	Amino acids and derivatives	0.600	Amino acids and derivatives	0.600	Organic compounds; Organoheterocyclic compounds; Amino acids, peptides, and analogues; Organic acids and derivatives; Carboxylic acids and derivatives; Organohalogen compounds; Organonitrogen compounds; Organooxygen compounds; Amino acids and derivatives; Azoles; Carboxylic acid amides; Alkyl fluorides; Carboxylic acid derivatives; Organofluorides; Carbonyl compounds; Amines; Tertiary amines; Alkyl halides; Organic oxides; Azacyclic compounds; Heteroaromatic compounds; Hydrocarbon derivatives; Organopnictogen compounds; Organic oxygen compounds; Organic nitrogen compounds; Chemical entities	417.345	396	6.593	836961229382549719	836961023849060723	836961023844866418	621	
1	C22H26N6O5	[M - H2O + H]+	C22H25N6O4+	Amino acids and Peptides	0.781	Oligopeptides	0.447	Cyclic peptides	0.065	Organic acids and derivatives	0.952	Carboxylic acids and derivatives	0.833	Amino acids, peptides, and analogues	0.614	Amino acids and derivatives	0.600	Amino acids and derivatives	0.600	Organic compounds; Organoheterocyclic compounds; Amino acids, peptides, and analogues; Alkyl aryl ethers; Anisoles; Organic acids and derivatives; Carboxylic acids and derivatives; Organonitrogen compounds; Organooxygen compounds; Amino acids and derivatives; Azoles; Carboxylic acid amides; Carboxylic acid derivatives; Secondary carboxylic acid amides; Carbonyl compounds; Benzene and substituted derivatives; Phenol ethers; Benzenoids; Amines; Organic oxides; Methoxybenzenes; Azacyclic compounds; Heteroaromatic compounds; Hydrocarbon derivatives; Organopnictogen compounds; Organic oxygen compounds; Organic nitrogen compounds; Phenoxy compounds; Chemical entities	437.193	396	6.593	836961231945269893	836961023882615159	836961023882615158	622	
1	C24H30O6	[M + H]+	C24H31O6+	Shikimates and Phenylpropanoids	0.781	Lignans	0.930	Neolignans	0.375	Benzenoids	0.968	Phenol ethers	0.692					Phenol ethers	0.692	Organic compounds; Organoheterocyclic compounds; Alkyl aryl ethers; Alcohols and polyols; Ethers; Organooxygen compounds; Dialkyl ethers; Benzene and substituted derivatives; Phenol ethers; Benzenoids; Oxacyclic compounds; Hydrocarbon derivatives; Organic oxygen compounds; Phenoxy compounds; Chemical entities	415.211	396	6.594	836961224353578527	836961023945529723	836961023945529722	623	
1	C18H35NO3	[M + Na]+	C18H35NNaO3+	Fatty acids	0.995	Fatty amides	0.538	Sphingoid bases	0.304	Lipids and lipid-like molecules	0.781	Fatty Acyls	0.774					Fatty Acyls	0.774	Organic compounds; Lipids and lipid-like molecules; Alcohols and polyols; Organic acids and derivatives; Carboxylic acids and derivatives; Organonitrogen compounds; Organooxygen compounds; Secondary alcohols; Carbonyl compounds; Fatty Acyls; Organic oxides; Hydrocarbon derivatives; Organopnictogen compounds; Organic oxygen compounds; Organic nitrogen compounds; Chemical entities	336.251	396	6.608	836961252564471131	836961023979084159	836961023979084158	624	
1	C14H22O2	[M - H2O + H]+	C14H21O+	Terpenoids	0.981	Sesquiterpenoids	0.932	Caryophyllane sesquiterpenoids	0.206	Lipids and lipid-like molecules	0.748	Prenol lipids	0.687	Sesquiterpenoids	0.543			Sesquiterpenoids	0.543	Organic compounds; Lipids and lipid-like molecules; Alcohols and polyols; Prenol lipids; Organooxygen compounds; Sesquiterpenoids; Carbonyl compounds; Organic oxides; Hydrocarbon derivatives; Organic oxygen compounds; Chemical entities	205.159	397	6.612	836961224735260274	836961024012638595	836961024012638594	625	
1	C16H27N4O2	[M - H2O + H]+	C16H26N4O+	Alkaloids	0.413	Small peptides	0.218	Dipeptides	0.061	Organic acids and derivatives	0.775	Carboxylic acids and derivatives	0.715	Carboxylic acid derivatives	0.646	Carboxylic acid amides	0.538	Carboxylic acid amides	0.538	Organic compounds; Organic acids and derivatives; Carboxylic acids and derivatives; Organonitrogen compounds; Organooxygen compounds; Carboxylic acid amides; Carboxylic acid derivatives; Carbonyl compounds; Organic oxides; Hydrocarbon derivatives; Organopnictogen compounds; Organic oxygen compounds; Organic nitrogen compounds; Chemical entities	290.209	398	6.637	836961225905471261	836961024079747467	836961024079747466	627	
1	C14H22O2	[M - H2O + H]+	C14H21O+	Terpenoids	0.982	Sesquiterpenoids	0.944	Caryophyllane sesquiterpenoids	0.414	Lipids and lipid-like molecules	0.667	Prenol lipids	0.626					Prenol lipids	0.626	Organic compounds; Lipids and lipid-like molecules; Alcohols and polyols; Prenol lipids; Organooxygen compounds; Hydrocarbon derivatives; Organic oxygen compounds; Chemical entities	205.159	398	6.638	836961245056665934	836961024251713951	836961024251713950	632	
1	C16H26O2	[M + H3N + H]+	C16H30NO2+	Fatty acids	0.927	Fatty Acids and Conjugates	0.561	Unsaturated fatty acids	0.552	Lipids and lipid-like molecules	0.693	Fatty Acyls	0.531					Fatty Acyls	0.531	Organic compounds; Lipids and lipid-like molecules; Organic acids and derivatives; Carboxylic acids and derivatives; Organooxygen compounds; Monocarboxylic acids and derivatives; Carboxylic acids; Carbonyl compounds; Fatty Acyls; Organic oxides; Hydrocarbon derivatives; Organic oxygen compounds; Chemical entities	268.227	398	6.639	836961227331534904	836961024117496207	836961024117496206	628	
1	C10H21BFNO3S	[M + H3N + H]+	C10H25BFN2O3S+	Amino acids and Peptides	0.670	Small peptides	0.704	Aminoacids	0.589	Organic acids and derivatives	0.971	Carboxylic acids and derivatives	0.814	Amino acids, peptides, and analogues	0.580	Amino acids and derivatives	0.581	Amino acids and derivatives	0.581	Organic compounds; Organosulfur compounds; Amino acids, peptides, and analogues; Organic acids and derivatives; Carboxylic acids and derivatives; Organohalogen compounds; Organonitrogen compounds; Organooxygen compounds; Amino acids and derivatives; Boronic acids; Organometallic compounds; Boronic acid derivatives; Aryl fluorides; Monocarboxylic acids and derivatives; Carboxylic acids; Organometalloid compounds; Organofluorides; Carbonyl compounds; Organoboron compounds; Sulfenyl compounds; Organic salts; Organic oxides; Organic metalloid salts; Organic metal salts; Hydrocarbon derivatives; Alkylboranes; Organic oxygen compounds; Organic nitrogen compounds; Chemical entities	282.170	400	6.661	836961228061343890	836961024151050643	836961024151050642	629	
1	C16H35NO4	[M - H2O + H]+	C16H34NO3+	Fatty acids	0.999	Fatty amides	0.996	N-acyl ethanolamines (endocannabinoids)	0.963	Lipids and lipid-like molecules	0.972	Fatty Acyls	0.983	Fatty amides	0.976	N-acyl amines	0.982	N-acyl amines	0.982	Organic compounds; Lipids and lipid-like molecules; Alcohols and polyols; Organic acids and derivatives; Carboxylic acids and derivatives; Organonitrogen compounds; Primary alcohols; Organooxygen compounds; Fatty amides; Carboxylic acid amides; Carboxylic acid derivatives; N-acyl amines; Tertiary carboxylic acid amides; Carbonyl compounds; Amines; Alkanolamines; Fatty Acyls; Organic oxides; Hydrocarbon derivatives; Organopnictogen compounds; Organic oxygen compounds; Organic nitrogen compounds; Chemical entities	288.253	400	6.665	836961225137913498	836961024184605079	836961024184605078	630	
1	C15H21ClNO4	[M + Na]+	C15H21ClNNaO4+	Polyketides	0.229	Linear polyketides	0.045	Open-chain polyketides	0.041	Benzenoids	0.779	Benzene and substituted derivatives	0.798	Halobenzenes	0.730	Chlorobenzenes	0.700	Chlorobenzenes	0.700	Organic compounds; Halobenzenes; Organic acids and derivatives; Carboxylic acids and derivatives; Organohalogen compounds; Organonitrogen compounds; Organooxygen compounds; Aryl chlorides; Carboxylic acid derivatives; Chlorobenzenes; Monocarboxylic acids and derivatives; Organochlorides; Carbonyl compounds; Benzene and substituted derivatives; Benzenoids; Aryl halides; Organic oxides; Hydrocarbon derivatives; Organopnictogen compounds; Organic oxygen compounds; Organic nitrogen compounds; Chemical entities	337.104	401	6.680	836961236806468777	836961024218159515	836961024218159514	631	
1	C18H28O	[M + H3N + H]+	C18H32NO+	Terpenoids	0.972	Diterpenoids	0.744	Bisabolane sesquiterpenoids	0.077	Lipids and lipid-like molecules	0.837	Prenol lipids	0.757					Prenol lipids	0.757	Organic compounds; Lipids and lipid-like molecules; Prenol lipids; Organooxygen compounds; Carbonyl compounds; Hydrocarbon derivatives; Organic oxygen compounds; Chemical entities	278.248	403	6.714	836961226756915170	836961024046193031	836961024046193030	626	
1	C18H28O	[M + H3N + H]+	C18H32NO+	Terpenoids	0.612	Fatty acyls	0.602	Fatty aldehydes	0.203	Lipids and lipid-like molecules	0.857	Prenol lipids	0.515					Prenol lipids	0.515	Organic compounds; Lipids and lipid-like molecules; Aldehydes; Prenol lipids; Organooxygen compounds; Carbonyl compounds; Organic oxides; Hydrocarbon derivatives; Organic oxygen compounds; Chemical entities	278.248	403	6.723	836961227935514750	836961024285268387	836961024285268386	633	
1	C18H28O3	[M + H3N + H]+	C18H32NO3+	Fatty acids	0.771	Octadecanoids	0.654	Phytane diterpenoids	0.301	Lipids and lipid-like molecules	0.925	Fatty Acyls	0.862	Fatty acids and conjugates	0.832	Long-chain fatty acids	0.626	Long-chain fatty acids	0.626	Organic compounds; Lipids and lipid-like molecules; Ketones; Fatty acids and conjugates; Organic acids and derivatives; Carboxylic acids and derivatives; Organooxygen compounds; Monocarboxylic acids and derivatives; Carboxylic acids; Carbonyl compounds; Long-chain fatty acids; Cyclic ketones; Fatty Acyls; Organic oxides; Hydrocarbon derivatives; Organic oxygen compounds; Chemical entities	310.237	404	6.729	836961234667373381	836961024356571563	836961024356571562	635	
1	C20H35NO3	[M + H3N + H]+	C20H39N2O3+	Fatty acids	0.991	Eicosanoids	0.293	N-acyl ethanolamines (endocannabinoids)	0.098	Lipids and lipid-like molecules	0.891	Fatty Acyls	0.870					Fatty Acyls	0.870	Organic compounds; Lipids and lipid-like molecules; Alcohols and polyols; Organic acids and derivatives; Carboxylic acids and derivatives; Organonitrogen compounds; Organooxygen compounds; Carboxylic acid derivatives; Monocarboxylic acids and derivatives; Secondary alcohols; Carbonyl compounds; Amines; Fatty Acyls; Organic oxides; Hydrocarbon derivatives; Organopnictogen compounds; Organic oxygen compounds; Organic nitrogen compounds; Chemical entities	355.296	404	6.731	836961239121724972	836961024423680435	836961024423680434	637	
1	C18H31NO3	[M - H2O + H]+	C18H30NO2+	Fatty acids	0.581	Linear polyketides	0.291	Open-chain polyketides	0.249	Lipids and lipid-like molecules	0.597	Fatty Acyls	0.503					Fatty Acyls	0.503	Organic compounds; Lipids and lipid-like molecules; Alcohols and polyols; Organic acids and derivatives; Organonitrogen compounds; Organooxygen compounds; Secondary alcohols; Carbonyl compounds; Fatty Acyls; Organic oxides; Hydrocarbon derivatives; Organopnictogen compounds; Organic oxygen compounds; Organic nitrogen compounds; Chemical entities	292.226	405	6.758	836961249540377589	836961024671144399	836961024671144398	644	
1	C19H41NO2	[M + H]+	C19H42NO2+	Fatty acids	0.864	Pseudoalkaloids (transamidation)	0.291	Sphingoid bases	0.501	Organic nitrogen compounds	0.999	Organonitrogen compounds	0.999	Amines	0.573			Amines	0.573	Organic compounds; Organonitrogen compounds; Organooxygen compounds; Amines; Hydrocarbon derivatives; Organopnictogen compounds; Organic oxygen compounds; Organic nitrogen compounds; Chemical entities	316.321	406	6.766	836961231983018646	836961024566286787	836961024566286786	641	
1	C26H34O6	[M + H3N + H]+	C26H38NO6+	Shikimates and Phenylpropanoids	0.615	Lignans	0.328	Dibenzylbutane lignans	0.068	Organic oxygen compounds	1.000	Organooxygen compounds	1.000	Ethers	0.812	Alkyl aryl ethers	0.533	Alkyl aryl ethers	0.533	Organic compounds; Organoheterocyclic compounds; Alkyl aryl ethers; Ethers; Organic acids and derivatives; Organooxygen compounds; Benzene and substituted derivatives; Benzenoids; Organic oxides; Oxacyclic compounds; Hydrocarbon derivatives; Organic oxygen compounds; Chemical entities	460.269	406	6.768	836961223799930291	836961024528538047	836961024528538046	640	
1	C22H26N6O5	[M - H2O + H]+	C22H25N6O4+	Amino acids and Peptides	0.923	Oligopeptides	0.678	Cyclic peptides	0.153	Organic acids and derivatives	0.971	Carboxylic acids and derivatives	0.843	Amino acids, peptides, and analogues	0.793	Amino acids and derivatives	0.769	Alpha amino acids and derivatives	0.748	Organic compounds; Organoheterocyclic compounds; Amino acids, peptides, and analogues; Alpha amino acids and derivatives; Pyrimidines and pyrimidine derivatives; Imidazoles; Alcohols and polyols; Phenethylamines; Amphetamines and derivatives; Organic acids and derivatives; Carboxylic acids and derivatives; Organonitrogen compounds; Primary alcohols; Organooxygen compounds; Amino acids and derivatives; Carboxylic acid amides; Carboxylic acid derivatives; Diazines; Secondary carboxylic acid amides; Carbonyl compounds; Benzene and substituted derivatives; Benzenoids; Amines; Organic oxides; Azacyclic compounds; Heteroaromatic compounds; Hydrocarbon derivatives; Organopnictogen compounds; Organic oxygen compounds; Organic nitrogen compounds; Chemical entities	437.194	406	6.768	836961249771064380	836961024599841223	836961024599841222	642	
1	C24H30O6	[M + H]+	C24H31O6+	Shikimates and Phenylpropanoids	0.702	Lignans	0.882	Neolignans	0.336	Benzenoids	0.977	Phenol ethers	0.741					Phenol ethers	0.741	Organic compounds; Organoheterocyclic compounds; Alkyl aryl ethers; Alcohols and polyols; Ethers; Organooxygen compounds; Dialkyl ethers; Benzene and substituted derivatives; Phenol ethers; Benzenoids; Oxacyclic compounds; Hydrocarbon derivatives; Organic oxygen compounds; Phenoxy compounds; Chemical entities	415.211	406	6.769	836961226576560041	836961024637589963	836961024637589962	643	
1	C22H36ClN3O2	[M + Na]+	C22H36ClN3NaO2+	Amino acids and Peptides	0.234	Ornithine alkaloids	0.151	Polyamines	0.018	Organic acids and derivatives	0.887	Carboxylic acids and derivatives	0.892	Amino acids, peptides, and analogues	0.770	Amino acids and derivatives	0.767	Amino acids and derivatives	0.767	Organic compounds; Amino acids, peptides, and analogues; Halobenzenes; Alkyl aryl ethers; Ethers; Organic acids and derivatives; Carboxylic acids and derivatives; Organohalogen compounds; Organonitrogen compounds; Organooxygen compounds; Amino acids and derivatives; Carboxylic acid amides; Aryl chlorides; Carboxylic acid derivatives; Chlorobenzenes; Organochlorides; Secondary carboxylic acid amides; Benzene and substituted derivatives; Phenol ethers; Benzenoids; Amines; Primary amines; Tertiary amines; Aryl halides; Organic oxides; Hydrocarbon derivatives; Organopnictogen compounds; Organic oxygen compounds; Organic nitrogen compounds; Chemical entities	432.238	406	6.769	836961273825400124	836961024461429175	836961024461429174	638	
1	C21H30N2O8S	[M - H2O + H]+	C21H29N2O7S+	Amino acids and Peptides	0.769	Linear polyketides	0.277	Open-chain polyketides	0.116	Organic acids and derivatives	0.989	Organic sulfonic acids and derivatives	0.535	Organosulfonic acids and derivatives	0.536			Organosulfonic acids and derivatives	0.536	Organic compounds; Organoheterocyclic compounds; Organosulfur compounds; Organic acids and derivatives; Carboxylic acids and derivatives; Organosulfonic acids and derivatives; Organonitrogen compounds; Organooxygen compounds; Carboxylic acid derivatives; Carbonyl compounds; Organic oxides; Hydrocarbon derivatives; Organic sulfonic acids and derivatives; Organopnictogen compounds; Organic oxygen compounds; Organic nitrogen compounds; Chemical entities	453.167	406	6.770	836961281178015456	836961024490789307	836961024490789306	639	
1	C18H28O	[M + H3N + H]+	C18H32NO+	Terpenoids	0.931	Diterpenoids	0.759	Farnesane sesquiterpenoids	0.049	Lipids and lipid-like molecules	0.884	Prenol lipids	0.784	Diterpenoids	0.640			Diterpenoids	0.640	Organic compounds; Lipids and lipid-like molecules; Aldehydes; Prenol lipids; Organooxygen compounds; Diterpenoids; Carbonyl compounds; Organic oxides; Hydrocarbon derivatives; Organic oxygen compounds; Chemical entities	278.248	407	6.789	836961231626502749	836961024809556447	836961024805362142	648	
1	C15H35N3O6	[M - H2O + H]+	C15H34N3O5+	Fatty acids	0.935	Fatty amides	0.411	N-acyl amines	0.699	Lipids and lipid-like molecules	0.787	Fatty Acyls	0.757	Fatty amides	0.447	N-acyl amines	0.627	N-acyl amines	0.627	Organic compounds; Lipids and lipid-like molecules; Alcohols and polyols; Organic acids and derivatives; Carboxylic acids and derivatives; Organonitrogen compounds; Primary alcohols; Organooxygen compounds; Monoalkylamines; N-acyl amines; Carboxylic acids; Secondary alcohols; Amines; Primary amines; Alkanolamines; Fatty Acyls; Organic oxides; Hydrocarbon derivatives; Organopnictogen compounds; Organic oxygen compounds; Organic nitrogen compounds; Chemical entities	336.251	408	6.795	836961225666395885	836961024704698835	836961024704698834	645	
1	C13H27FO3	[M - H2O + H]+	C13H26FO2+	Fatty acids	0.954	Fatty Acids and Conjugates	0.766	Halogenated fatty acids	0.632	Lipids and lipid-like molecules	0.814	Fatty Acyls	0.720					Fatty Acyls	0.720	Organic compounds; Lipids and lipid-like molecules; Alcohols and polyols; Organic acids and derivatives; Carboxylic acids and derivatives; Organohalogen compounds; Organooxygen compounds; Alkyl fluorides; Monocarboxylic acids and derivatives; Organofluorides; Carbonyl compounds; Alkyl halides; Fatty Acyls; Organic oxides; Hydrocarbon derivatives; Organic oxygen compounds; Chemical entities	233.190	408	6.795	836961228149424299	836961024738253271	836961024738253270	646	
1	C18H32O3	[M + H3N + H]+	C18H36NO3+	Fatty acids	0.997	Octadecanoids	0.609	Other Octadecanoids	0.787	Lipids and lipid-like molecules	0.973	Fatty Acyls	0.976	Fatty acids and conjugates	0.868	Long-chain fatty acids	0.824	Long-chain fatty acids	0.824	Organic compounds; Lipids and lipid-like molecules; Alcohols and polyols; Fatty acids and conjugates; Organic acids and derivatives; Carboxylic acids and derivatives; Organooxygen compounds; Hydroxy fatty acids; Monocarboxylic acids and derivatives; Carboxylic acids; Secondary alcohols; Carbonyl compounds; Long-chain fatty acids; Fatty Acyls; Organic oxides; Hydrocarbon derivatives; Organic oxygen compounds; Chemical entities	314.269	408	6.804	836961236714194059	836961024771807707	836961024771807706	647	
1	C18H35NO3	[M - H2O + H]+	C18H34NO2+	Fatty acids	0.947	Spingolipids	0.930	Sphingoid bases	0.974	Organic nitrogen compounds	1.000	Organonitrogen compounds	1.000	Amines	0.959	Alkanolamines	0.893	1,2-aminoalcohols	0.901	Organic compounds; Alcohols and polyols; Organonitrogen compounds; Organooxygen compounds; Monoalkylamines; Secondary alcohols; 1,2-aminoalcohols; Amines; Primary amines; Alkanolamines; Hydrocarbon derivatives; Organopnictogen compounds; Organic oxygen compounds; Organic nitrogen compounds; Chemical entities	296.258	409	6.811	836961225309880009	836961024838916579	836961024838916578	649	
1	C15H35N3O5	[M - H2O + H]+	C15H34N3O4+	Fatty acids	0.864	Fatty amides	0.522	N-acyl amines	0.613	Lipids and lipid-like molecules	0.675	Fatty Acyls	0.672	Fatty amides	0.465	N-acyl amines	0.620	N-acyl amines	0.620	Organic compounds; Lipids and lipid-like molecules; Alcohols and polyols; Organic acids and derivatives; Carboxylic acids and derivatives; Organonitrogen compounds; Organooxygen compounds; Monoalkylamines; N-acyl amines; Amines; Primary amines; Fatty Acyls; Organic oxides; Hydrocarbon derivatives; Organopnictogen compounds; Organic oxygen compounds; Organic nitrogen compounds; Chemical entities	320.256	409	6.814	836961239063004680	836961024872471015	836961024872471014	650	
1	C18H30O	[M + H3N + H]+	C18H34NO+	Fatty acids	0.994	Fatty acyls	0.985	Fatty aldehydes	0.574	Lipids and lipid-like molecules	0.586	Fatty Acyls	0.502	Fatty aldehydes	0.582			Fatty aldehydes	0.582	Organic compounds; Lipids and lipid-like molecules; Ketones; Fatty aldehydes; Organooxygen compounds; Carbonyl compounds; Fatty Acyls; Organic oxides; Hydrocarbon derivatives; Organic oxygen compounds; Chemical entities	280.263	409	6.818	836961231043494350	836961024910219755	836961024910219754	651	
1	C16H28O2	[M + H3N + H]+	C16H32NO2+	Fatty acids	0.993	Fatty Acids and Conjugates	0.693	Unsaturated fatty acids	0.719	Lipids and lipid-like molecules	0.854	Fatty Acyls	0.809	Fatty acids and conjugates	0.481	Long-chain fatty acids	0.576	Long-chain fatty acids	0.576	Organic compounds; Lipids and lipid-like molecules; Organic acids and derivatives; Carboxylic acids and derivatives; Organooxygen compounds; Straight chain fatty acids; Unsaturated fatty acids; Monocarboxylic acids and derivatives; Carbonyl compounds; Long-chain fatty acids; Fatty Acyls; Organic oxides; Hydrocarbon derivatives; Organic oxygen compounds; Chemical entities	270.243	412	6.867	836961248466635569	836961024943774191	836961024943774190	652	
1	C18H30O2	[M + H3N + H]+	C18H34NO2+	Fatty acids	0.991	Fatty Acids and Conjugates	0.931	Unsaturated fatty acids	0.795	Lipids and lipid-like molecules	0.959	Fatty Acyls	0.832	Fatty acids and conjugates	0.798	Long-chain fatty acids	0.770	Long-chain fatty acids	0.770	Organic compounds; Lipids and lipid-like molecules; Fatty acids and conjugates; Organic acids and derivatives; Carboxylic acids and derivatives; Organooxygen compounds; Straight chain fatty acids; Unsaturated fatty acids; Monocarboxylic acids and derivatives; Carboxylic acids; Carbonyl compounds; Long-chain fatty acids; Fatty Acyls; Organic oxides; Hydrocarbon derivatives; Organic oxygen compounds; Chemical entities	296.258	412	6.871	836961229822951681	836961025149295111	836961025149295110	658	
1	C16H31NO2	[M + H]+	C16H32NO2+	Fatty acids	0.566	Fatty amides	0.372	Open-chain polyketides	0.288	Lipids and lipid-like molecules	0.538							Lipids and lipid-like molecules	0.538	Organic compounds; Lipids and lipid-like molecules; Organic acids and derivatives; Carboxylic acids and derivatives; Organonitrogen compounds; Organooxygen compounds; Carboxylic acid derivatives; Carbonyl compounds; Organic oxides; Hydrocarbon derivatives; Organopnictogen compounds; Organic oxygen compounds; Organic nitrogen compounds; Chemical entities	270.243	412	6.871	836961226161323884	836961025279318551	836961025279318550	662	
1	C16H31NO2	[M - H2O + H]+	C16H30NO+	Fatty acids	0.889	Fatty amides	0.813	Primary amides	0.579	Lipids and lipid-like molecules	0.749	Fatty Acyls	0.641	Fatty amides	0.622			Fatty amides	0.622	Organic compounds; Lipids and lipid-like molecules; Organic acids and derivatives; Carboxylic acids and derivatives; Organonitrogen compounds; Organooxygen compounds; Fatty amides; Carboxylic acid amides; Carboxylic acid derivatives; Carbonyl compounds; Fatty Acyls; Organic oxides; Hydrocarbon derivatives; Organopnictogen compounds; Organic oxygen compounds; Organic nitrogen compounds; Chemical entities	252.232	412	6.872	836961224538127927	836961024977328627	836961024977328626	653	
1	C18H28O2	[M + H3N + H]+	C18H32NO2+	Terpenoids	0.918	Steroids	0.954	Estrane steroids	0.757	Lipids and lipid-like molecules	0.944	Steroids and steroid derivatives	0.901	Estrane steroids	0.514	Estrogens and derivatives	0.565	Estrogens and derivatives	0.565	Organic compounds; Lipids and lipid-like molecules; Ketones; Steroids and steroid derivatives; Organooxygen compounds; Oxosteroids; Estrane steroids; Carbonyl compounds; 3-oxosteroids; Cyclic ketones; Estrogens and derivatives; Organic oxides; Hydrocarbon derivatives; Organic oxygen compounds; Chemical entities	294.243	413	6.883	836961236173128770	836961025077991935	836961025077991934	656	
1	C22H33ClN2O2	[M + Na]+	C22H33ClN2NaO2+	Fatty acids	0.472	Oligopeptides	0.203	Open-chain polyketides	0.107	Lipids and lipid-like molecules	0.831	Fatty Acyls	0.858	Fatty amides	0.918	N-acyl amines	0.897	N-acyl amines	0.897	Organic compounds; Lipids and lipid-like molecules; Halobenzenes; Ethers; Organic acids and derivatives; Carboxylic acids and derivatives; Organohalogen compounds; Organonitrogen compounds; Organooxygen compounds; Fatty amides; Carboxylic acid amides; Carboxylic acid derivatives; N-acyl amines; Chlorobenzenes; Organochlorides; Secondary carboxylic acid amides; Carbonyl compounds; Benzene and substituted derivatives; Benzenoids; Amines; Fatty Acyls; Organic oxides; Hydrocarbon derivatives; Organopnictogen compounds; Organic oxygen compounds; Organic nitrogen compounds; Chemical entities	415.211	413	6.883	836961250840611969	836961025182849547	836961025182849546	659	
1	C8H14BClN2O4S	[M + H3N + H]+	C8H18BClN3O4S+	Amino acids and Peptides	0.386	Small peptides	0.482	Aminoacids	0.165	Benzenoids	0.517	Benzene and substituted derivatives	0.581	Benzenesulfonamides	0.786			Benzenesulfonamides	0.786	Organic compounds; Organosulfur compounds; Benzenesulfonamides; Organic acids and derivatives; Organohalogen compounds; Organosulfonic acids and derivatives; Organonitrogen compounds; Organooxygen compounds; Boronic acids; Organometallic compounds; Boronic acid derivatives; Chlorobenzenes; Sulfonyls; Organometalloid compounds; Organochlorides; Carbonyl compounds; Benzene and substituted derivatives; Benzenoids; Organoboron compounds; Aminosulfonyl compounds; Organic salts; Organic oxides; Organic metalloid salts; Organic metal salts; Hydrocarbon derivatives; Benzenesulfonyl compounds; Organic sulfonic acids and derivatives; Organic oxygen compounds; Organic nitrogen compounds; Chemical entities	297.082	413	6.884	836961247829101205	836961025111546371	836961025111546370	657	
1	C15H34ClN2O	[M + Na]+	C15H34ClN2NaO+	Alkaloids	0.390	Ornithine alkaloids	0.220	Tropane alkaloids	0.070	Organic acids and derivatives	0.656	Carboxylic acids and derivatives	0.617	Amino acids, peptides, and analogues	0.516	Amino acids and derivatives	0.513	Amino acids and derivatives	0.513	Organic compounds; Amino acids, peptides, and analogues; Halobenzenes; Organic acids and derivatives; Carboxylic acids and derivatives; Organohalogen compounds; Organonitrogen compounds; Organooxygen compounds; Amino acids and derivatives; Carboxylic acid amides; Aryl chlorides; Carboxylic acid derivatives; Chlorobenzenes; Organochlorides; Secondary carboxylic acid amides; Benzene and substituted derivatives; Benzenoids; Amines; Aryl halides; Halobenzoic acids and derivatives; Organic oxides; Hydrocarbon derivatives; Organopnictogen compounds; Organic oxygen compounds; Organic nitrogen compounds; Chemical entities	316.225	413	6.885	836961230775058855	836961025044437499	836961025044437498	655	
1	C19H41NO2	[M + H]+	C19H42NO2+	Fatty acids	0.896	Spingolipids	0.410	Sphingoid bases	0.725	Organic nitrogen compounds	1.000	Organonitrogen compounds	0.999	Amines	0.629			Amines	0.629	Organic compounds; Organonitrogen compounds; Organooxygen compounds; Amines; Hydrocarbon derivatives; Organopnictogen compounds; Organic oxygen compounds; Organic nitrogen compounds; Chemical entities	316.321	415	6.909	836961233304224480	836961025212209679	836961025212209678	660	
1	C18H26O2	[M + H3N + H]+	C18H30NO2+	Terpenoids	0.709	Meroterpenoids	0.350	Cannabinoids	0.613	Benzenoids	0.759	Phenols	0.624					Phenols	0.624	Organic compounds; Phenols; Organooxygen compounds; Carbonyl compounds; Benzene and substituted derivatives; Benzenoids; Organic oxides; Hydrocarbon derivatives; Organic oxygen compounds; Chemical entities	292.225	415	6.911	836961236110214184	836961025317067291	836961025317067290	663	
1	C18H31NO3	[M + H]+	C18H32NO3+	Fatty acids	0.989	Spingolipids	0.342	Sphingoid bases	0.412	Lipids and lipid-like molecules	0.615	Fatty Acyls	0.625					Fatty Acyls	0.625	Organic compounds; Lipids and lipid-like molecules; Alcohols and polyols; Organonitrogen compounds; Organooxygen compounds; Secondary alcohols; Fatty Acyls; Hydrocarbon derivatives; Organopnictogen compounds; Organic oxygen compounds; Organic nitrogen compounds; Chemical entities	310.237	416	6.937	836961230959608247	836961025245764115	836961025245764114	661	
1	C21H42NO7P	[M + H]+	C21H43NO7P+	Fatty acids	1.000	Glycerophospholipids	1.000	Glycerophosphoethanolamines	0.998	Organic acids and derivatives	0.999	Carboxylic acids and derivatives	0.998	Amino acids, peptides, and analogues	0.984	Amino acids and derivatives	0.984	Amino acids and derivatives	0.984	Organic compounds; Lipids and lipid-like molecules; Amino acids, peptides, and analogues; Alcohols and polyols; Glycerophospholipids; Organic acids and derivatives; Carboxylic acids and derivatives; Organonitrogen compounds; Organooxygen compounds; Fatty acid esters; Amino acids and derivatives; Organic phosphoric acids and derivatives; Phosphate esters; Monoalkylamines; Carboxylic acid derivatives; Monocarboxylic acids and derivatives; Carboxylic acid esters; Phosphoethanolamines; Lysophosphatidylethanolamines; Secondary alcohols; 1-acyl-sn-glycero-3-phosphoethanolamines; Carbonyl compounds; Glycerophosphoethanolamines; Amines; Primary amines; Alkyl phosphates; Dialkyl phosphates; Fatty Acyls; Organic oxides; Hydrocarbon derivatives; Organopnictogen compounds; Organic oxygen compounds; Organic nitrogen compounds; Chemical entities	452.277	417	6.950	836961230326268272	836961025354816031	836961025354816030	664	
1	C9H8O3	[M - H2O + H]+	C9H7O2+	Shikimates and Phenylpropanoids	0.989	Phenylpropanoids (C6-C3)	0.997	Cinnamic acids and derivatives	0.997	Phenylpropanoids and polyketides	0.939	Cinnamic acids and derivatives	0.921	Hydroxycinnamic acids and derivatives	0.911	Coumaric acids and derivatives	0.925	Coumaric acids	0.859	Organic compounds; Styrenes; Coumaric acids and derivatives; Phenols; Phenylpropanoids and polyketides; Organic acids and derivatives; Carboxylic acids and derivatives; Organooxygen compounds; Cinnamic acids and derivatives; Monocarboxylic acids and derivatives; Carboxylic acids; Hydroxycinnamic acids and derivatives; Carbonyl compounds; Benzene and substituted derivatives; Benzenoids; Hydroxycinnamic acids; Cinnamic acids; Coumaric acids; Organic oxides; Hydrocarbon derivatives; Organic oxygen compounds; 1-hydroxy-2-unsubstituted benzenoids; Chemical entities	147.044	417	6.954	836961227016962036	836961025388370467	836961025388370466	665	
1	C13H18O4	[M - H2O + H]+	C13H17O3+	Shikimates and Phenylpropanoids	0.413	Aromatic polyketides	0.334	Bisabolane sesquiterpenoids	0.340	Benzenoids	0.988	Benzene and substituted derivatives	0.906	Benzoic acids and derivatives	0.668	Benzoic acids	0.569	Benzoic acids	0.569	Organic compounds; Alcohols and polyols; Phenols; Benzoic acids and derivatives; Organic acids and derivatives; Carboxylic acids and derivatives; Benzoyl derivatives; Organooxygen compounds; Monocarboxylic acids and derivatives; Carboxylic acids; Benzene and substituted derivatives; Benzenoids; Benzoic acids; Organic oxides; Hydrocarbon derivatives; Organic oxygen compounds; 1-hydroxy-2-unsubstituted benzenoids; 1-hydroxy-4-unsubstituted benzenoids; Chemical entities	221.117	417	6.954	836961247048960576	836961025421924903	836961025421924902	666	
1	C18H30O2	[M + H3N + H]+	C18H34NO2+	Fatty acids	1.000	Fatty Acids and Conjugates	0.913	Unsaturated fatty acids	0.882	Lipids and lipid-like molecules	0.987	Fatty Acyls	0.975	Lineolic acids and derivatives	0.659			Lineolic acids and derivatives	0.659	Organic compounds; Lipids and lipid-like molecules; Fatty acids and conjugates; Organic acids and derivatives; Carboxylic acids and derivatives; Organooxygen compounds; Straight chain fatty acids; Unsaturated fatty acids; Lineolic acids and derivatives; Monocarboxylic acids and derivatives; Carboxylic acids; Carbonyl compounds; Long-chain fatty acids; Fatty Acyls; Organic oxides; Hydrocarbon derivatives; Organic oxygen compounds; Chemical entities	296.258	419	6.976	836961230099775812	836961025493228079	836961025493228078	668	
1	C20H39NO2	[M + H3N + H]+	C20H43N2O2+	Fatty acids	0.999	Fatty amides	0.994	N-acyl ethanolamines (endocannabinoids)	0.699	Lipids and lipid-like molecules	0.890	Fatty Acyls	0.903	Fatty amides	0.893	N-acyl amines	0.816	N-acyl amines	0.816	Organic compounds; Lipids and lipid-like molecules; Alcohols and polyols; Organic acids and derivatives; Carboxylic acids and derivatives; Organonitrogen compounds; Organooxygen compounds; Fatty amides; Carboxylic acid amides; Carboxylic acid derivatives; N-acyl amines; Secondary carboxylic acid amides; Carbonyl compounds; Fatty Acyls; Organic oxides; Hydrocarbon derivatives; Organopnictogen compounds; Organic oxygen compounds; Organic nitrogen compounds; Chemical entities	343.332	419	6.986	836961236781302943	836961025535171123	836961025535171122	669	
1	C18H30O	[M + H]+	C18H31O+	Fatty acids	0.991	Fatty acyls	0.978	Fatty aldehydes	0.482	Lipids and lipid-like molecules	0.602							Lipids and lipid-like molecules	0.602	Organic compounds; Lipids and lipid-like molecules; Organooxygen compounds; Carbonyl compounds; Organic oxides; Hydrocarbon derivatives; Organic oxygen compounds; Chemical entities	263.237	419	6.987	836961226668834768	836961025568725559	836961025568725558	670	
1	C18H30O	[M + H3N + H]+	C18H34NO+	Fatty acids	0.988	Fatty acyls	0.978	Fatty alcohols	0.531	Lipids and lipid-like molecules	0.605							Lipids and lipid-like molecules	0.605	Organic compounds; Lipids and lipid-like molecules; Ketones; Organooxygen compounds; Carbonyl compounds; Organic oxides; Hydrocarbon derivatives; Organic oxygen compounds; Chemical entities	280.264	419	6.987	836961248009456335	836961025606474299	836961025606474298	671	
1	C12H22O2	[M - H2O + H]+	C12H21O+	Fatty acids	1.000	Fatty Acids and Conjugates	0.987	Unsaturated fatty acids	0.978	Lipids and lipid-like molecules	0.926	Fatty Acyls	0.952	Fatty acids and conjugates	0.961	Long-chain fatty acids	0.531	Long-chain fatty acids	0.531	Organic compounds; Lipids and lipid-like molecules; Fatty acids and conjugates; Organic acids and derivatives; Carboxylic acids and derivatives; Organooxygen compounds; Straight chain fatty acids; Unsaturated fatty acids; Monocarboxylic acids and derivatives; Carboxylic acids; Carbonyl compounds; Long-chain fatty acids; Fatty Acyls; Organic oxides; Hydrocarbon derivatives; Organic oxygen compounds; Chemical entities	181.159	419	6.987	836961243907426531	836961025644223039	836961025644223038	672	
1	C12H28BNO3	[M + H]+	C12H29BNO3+	Terpenoids	0.633	Monoterpenoids	0.837	Pinane monoterpenoids	0.714	Organic acids and derivatives	0.818	Borinic acid derivatives	0.519	Borinic acid esters	0.582			Borinic acid esters	0.582	Organic compounds; Organic acids and derivatives; Organooxygen compounds; Organometallic compounds; Organometalloid compounds; Organoboron compounds; Borinic acid derivatives; Borinic acid esters; Organic salts; Organic metalloid salts; Organic metal salts; Hydrocarbon derivatives; Organic oxygen compounds; Chemical entities	245.226	419	6.988	836961233174201044	836961025711331911	836961025711331910	674	
1	C12H22ClN3O2	[M + H3N + H]+	C12H26ClN4O2+	Amino acids and Peptides	0.584	Small peptides	0.497	Dipeptides	0.299	Organohalogen compounds	0.994	Aryl halides	0.664	Aryl chlorides	0.759			Aryl chlorides	0.759	Organic compounds; Organic acids and derivatives; Carboxylic acids and derivatives; Organohalogen compounds; Organonitrogen compounds; Organooxygen compounds; Aryl chlorides; Organochlorides; Carbonyl compounds; Amines; Aryl halides; Organic oxides; Hydrocarbon derivatives; Organopnictogen compounds; Organic oxygen compounds; Organic nitrogen compounds; Chemical entities	293.175	421	7.019	836961239268525654	836961025778440783	836961025778440782	676	
1	C12H28B2N2O4S	[M + H3N + H]+	C12H32B2N3O4S+	Amino acids and Peptides	0.497	Small peptides	0.769	Pinane monoterpenoids	0.851	Organic acids and derivatives	0.986	Boronic acid derivatives	0.710	Boronic acids	0.689			Boronic acids	0.689	Organic compounds; Organoheterocyclic compounds; Organosulfur compounds; Organic acids and derivatives; Organonitrogen compounds; Boronic acids; Organometallic compounds; Boronic acid derivatives; Organometalloid compounds; Organoboron compounds; Organic salts; Organic metalloid salts; Organic metal salts; Oxacyclic compounds; Hydrocarbon derivatives; Alkylboranes; Organic oxygen compounds; Organic nitrogen compounds; Chemical entities	334.235	423	7.048	836961242363922490	836961026021710443	836961026017516138	683	
1	C13H18O2	[M - H2O + H]+	C13H17O+	Terpenoids	0.926	Sesquiterpenoids	0.978	Bisabolane sesquiterpenoids	0.731	Benzenoids	0.994	Indanes	0.676	Indanones	0.556			Indanones	0.556	Organic compounds; Indanes; Alcohols and polyols; Primary alcohols; Organooxygen compounds; Monocarboxylic acids and derivatives; Indanones; Carbonyl compounds; Benzene and substituted derivatives; Benzenoids; Organic oxides; Hydrocarbon derivatives; Organic oxygen compounds; Chemical entities	189.127	423	7.053	836961228258476217	836961025849743959	836961025849743958	678	
1	C18H28O2	[M + H3N + H]+	C18H32NO2+	Fatty acids	0.989	Fatty Acids and Conjugates	0.630	Unsaturated fatty acids	0.615	Lipids and lipid-like molecules	0.963	Fatty Acyls	0.935	Lineolic acids and derivatives	0.624			Lineolic acids and derivatives	0.624	Organic compounds; Lipids and lipid-like molecules; Fatty acids and conjugates; Organic acids and derivatives; Carboxylic acids and derivatives; Organooxygen compounds; Straight chain fatty acids; Unsaturated fatty acids; Lineolic acids and derivatives; Monocarboxylic acids and derivatives; Carboxylic acids; Carbonyl compounds; Long-chain fatty acids; Fatty Acyls; Organic oxides; Hydrocarbon derivatives; Organic oxygen compounds; Chemical entities	294.243	424	7.065	836961255215271560	836961025883298395	836961025883298394	679	
1	C15H31N3O5	[M - H2O + H]+	C15H30N3O4+	Amino acids and Peptides	0.747	Small peptides	0.577	Dipeptides	0.308	Organic acids and derivatives	0.997	Carboxylic acids and derivatives	0.993	Amino acids, peptides, and analogues	0.755	Amino acids and derivatives	0.741	N-acyl-alpha amino acids and derivatives	0.653	Organic compounds; Lipids and lipid-like molecules; Amino acids, peptides, and analogues; Alpha amino acids and derivatives; Fatty acids and conjugates; Organic acids and derivatives; Carboxylic acids and derivatives; Organonitrogen compounds; Organooxygen compounds; Fatty amides; Branched fatty acids; Amino acids and derivatives; Carboxylic acid amides; Carboxylic acid derivatives; N-acyl amines; Monocarboxylic acids and derivatives; N-acyl-alpha amino acids and derivatives; Carboxylic acids; Secondary carboxylic acid amides; Carbonyl compounds; Fatty Acyls; Organic oxides; Hydrocarbon derivatives; Organopnictogen compounds; Organic oxygen compounds; Organic nitrogen compounds; Chemical entities	316.225	424	7.072	836961239356606068	836961025916852831	836961025916852830	680	
1	C18H35NO	[M + H3N + H]+	C18H39N2O+	Fatty acids	0.552	Fatty amides	0.552	Primary amides	0.341	Lipids and lipid-like molecules	0.556							Lipids and lipid-like molecules	0.556	Organic compounds; Lipids and lipid-like molecules; Organic acids and derivatives; Carboxylic acids and derivatives; Organonitrogen compounds; Organooxygen compounds; Carboxylic acid amides; Carboxylic acid derivatives; Carbonyl compounds; Organic oxides; Hydrocarbon derivatives; Organopnictogen compounds; Organic oxygen compounds; Organic nitrogen compounds; Chemical entities	299.306	424	7.073	836961233551688423	836961025950407267	836961025950407266	681	
1	C12H22O	[M + H3N + H]+	C12H26NO+	Fatty acids	0.989	Fatty acyls	0.982	Fatty alcohols	0.895	Lipids and lipid-like molecules	0.312	Fatty Acyls	0.357	Fatty alcohols	0.564			Fatty alcohols	0.564	Organic compounds; Ketones; Organooxygen compounds; Fatty alcohols; Carbonyl compounds; Organic oxides; Hydrocarbon derivatives; Organic oxygen compounds; Chemical entities	200.201	426	7.100	836961231148352032	836961025988156007	836961025988156006	682	
1	C18H30O	[M + H3N + H]+	C18H34NO+	Fatty acids	0.898	Fatty acyls	0.890	Fatty alcohols	0.291	Lipids and lipid-like molecules	0.728							Lipids and lipid-like molecules	0.728	Organic compounds; Lipids and lipid-like molecules; Ketones; Organooxygen compounds; Carbonyl compounds; Organic oxides; Hydrocarbon derivatives; Organic oxygen compounds; Chemical entities	280.264	428	7.132	836961229307052236	836961026126568055	836961026126568054	686	
1	C20H39NO2	[M + H3N + H]+	C20H43N2O2+	Fatty acids	1.000	Fatty amides	0.999	Primary amides	0.946	Lipids and lipid-like molecules	0.893	Fatty Acyls	0.924	Fatty amides	0.876			Fatty amides	0.876	Organic compounds; Lipids and lipid-like molecules; Alcohols and polyols; Organic acids and derivatives; Carboxylic acids and derivatives; Organonitrogen compounds; Organooxygen compounds; Fatty amides; Carboxylic acid amides; Carboxylic acid derivatives; Primary carboxylic acid amides; Carbonyl compounds; Fatty Acyls; Organic oxides; Hydrocarbon derivatives; Organopnictogen compounds; Organic oxygen compounds; Organic nitrogen compounds; Chemical entities	343.332	428	7.140	836961235648840709	836961026088819315	836961026088819314	685	
1	C18H30O	[M + H]+	C18H31O+	Fatty acids	0.995	Fatty acyls	0.985	Fatty aldehydes	0.547	Lipids and lipid-like molecules	0.574							Lipids and lipid-like molecules	0.574	Organic compounds; Lipids and lipid-like molecules; Organooxygen compounds; Carbonyl compounds; Organic oxides; Hydrocarbon derivatives; Organic oxygen compounds; Chemical entities	263.237	429	7.147	836961233031594692	836961026055264879	836961026055264878	684	
1	C20H39NO	[M + H3N + H]+	C20H43N2O+	Fatty acids	1.000	Fatty amides	0.999	Primary amides	0.859	Lipids and lipid-like molecules	0.987	Fatty Acyls	0.986	Fatty amides	0.987	N-acyl amines	0.941	N-acyl amines	0.941	Organic compounds; Lipids and lipid-like molecules; Organic acids and derivatives; Carboxylic acids and derivatives; Organonitrogen compounds; Organooxygen compounds; Fatty amides; Carboxylic acid amides; Carboxylic acid derivatives; N-acyl amines; Secondary carboxylic acid amides; Carbonyl compounds; Fatty Acyls; Organic oxides; Hydrocarbon derivatives; Organopnictogen compounds; Organic oxygen compounds; Organic nitrogen compounds; Chemical entities	327.337	429	7.156	836961231114797554	836961026197871231	836961026197871230	688	
1	C11H23ClNO	[M + Na]+	C11H23ClNNaO+	Amino acids and Peptides	0.228	Monoterpenoids	0.227	Menthane monoterpenoids	0.198	Benzenoids	0.712	Benzene and substituted derivatives	0.715	Halobenzenes	0.649	Chlorobenzenes	0.631	Chlorobenzenes	0.631	Organic compounds; Halobenzenes; Organohalogen compounds; Organonitrogen compounds; Organooxygen compounds; Aryl chlorides; Chlorobenzenes; Organochlorides; Benzene and substituted derivatives; Benzenoids; Aryl halides; Hydrocarbon derivatives; Organic oxygen compounds; Organic nitrogen compounds; Chemical entities	243.136	429	7.157	836961236642890876	836961026231425667	836961026231425666	689	
1	C18H30O2	[M + H3N + H]+	C18H34NO2+	Fatty acids	1.000	Fatty Acids and Conjugates	0.979	Unsaturated fatty acids	0.977	Lipids and lipid-like molecules	0.987	Fatty Acyls	0.983	Lineolic acids and derivatives	0.590			Lineolic acids and derivatives	0.590	Organic compounds; Lipids and lipid-like molecules; Fatty acids and conjugates; Organic acids and derivatives; Carboxylic acids and derivatives; Organooxygen compounds; Straight chain fatty acids; Unsaturated fatty acids; Lineolic acids and derivatives; Monocarboxylic acids and derivatives; Carboxylic acids; Carbonyl compounds; Long-chain fatty acids; Fatty Acyls; Organic oxides; Hydrocarbon derivatives; Organic oxygen compounds; Chemical entities	296.258	431	7.184	836961240287741718	836961026264980103	836961026264980102	690	
1	C21H39NO3	[M + H3N + H]+	C21H43N2O3+	Fatty acids	0.999	Fatty amides	0.994	N-acyl amines	0.781	Organic acids and derivatives	0.999	Carboxylic acids and derivatives	0.997	Amino acids, peptides, and analogues	0.551	Amino acids and derivatives	0.552	N-acyl-alpha amino acids and derivatives	0.573	Organic compounds; Lipids and lipid-like molecules; Amino acids, peptides, and analogues; Alpha amino acids and derivatives; Fatty acids and conjugates; Organic acids and derivatives; Carboxylic acids and derivatives; Organonitrogen compounds; Organooxygen compounds; Fatty amides; Amino acids and derivatives; Carboxylic acid amides; Carboxylic acid derivatives; N-acyl amines; Monocarboxylic acids and derivatives; N-acyl-alpha amino acids and derivatives; Carboxylic acids; Carbonyl compounds; Fatty Acyls; Organic oxides; Hydrocarbon derivatives; Organopnictogen compounds; Organic oxygen compounds; Organic nitrogen compounds; Chemical entities	371.327	431	7.189	836961239037838834	836961026336283279	836961026336283278	692	
1	C15H34ClN2O	[M + Na]+	C15H34ClN2NaO+	Amino acids and Peptides	0.362	Oligopeptides	0.224	Tropane alkaloids	0.081	Benzenoids	0.507	Benzene and substituted derivatives	0.720	Halobenzenes	0.698	Chlorobenzenes	0.677	Chlorobenzenes	0.677	Organic compounds; Halobenzenes; Organic acids and derivatives; Carboxylic acids and derivatives; Organohalogen compounds; Organonitrogen compounds; Organooxygen compounds; Carboxylic acid amides; Aryl chlorides; Carboxylic acid derivatives; Chlorobenzenes; Organochlorides; Benzene and substituted derivatives; Benzenoids; Amines; Aryl halides; Organic oxides; Hydrocarbon derivatives; Organopnictogen compounds; Organic oxygen compounds; Organic nitrogen compounds; Chemical entities	316.225	432	7.193	836961234080170755	836961026369837715	836961026369837714	693	
1	C18H28O2	[M + H3N + H]+	C18H32NO2+	Fatty acids	0.997	Fatty Acids and Conjugates	0.821	Unsaturated fatty acids	0.806	Lipids and lipid-like molecules	0.974	Fatty Acyls	0.943	Lineolic acids and derivatives	0.669			Lineolic acids and derivatives	0.669	Organic compounds; Lipids and lipid-like molecules; Fatty acids and conjugates; Organic acids and derivatives; Carboxylic acids and derivatives; Organooxygen compounds; Straight chain fatty acids; Unsaturated fatty acids; Lineolic acids and derivatives; Monocarboxylic acids and derivatives; Carboxylic acids; Carbonyl compounds; Long-chain fatty acids; Fatty Acyls; Organic oxides; Hydrocarbon derivatives; Organic oxygen compounds; Chemical entities	294.243	432	7.195	836961234805785431	836961026407586455	836961026407586454	694	
1	C20H39NO2	[M + H3N + H]+	C20H43N2O2+	Fatty acids	1.000	Fatty amides	0.999	N-acyl ethanolamines (endocannabinoids)	0.960	Lipids and lipid-like molecules	0.921	Fatty Acyls	0.932	Fatty amides	0.911	N-acyl amines	0.876	N-acyl amines	0.876	Organic compounds; Lipids and lipid-like molecules; Alcohols and polyols; Organic acids and derivatives; Carboxylic acids and derivatives; Organonitrogen compounds; Primary alcohols; Organooxygen compounds; Fatty amides; Carboxylic acid amides; Carboxylic acid derivatives; N-acyl amines; Secondary carboxylic acid amides; Carbonyl compounds; Fatty Acyls; Organic oxides; Hydrocarbon derivatives; Organopnictogen compounds; Organic oxygen compounds; Organic nitrogen compounds; Chemical entities	343.332	433	7.221	836961235128746922	836961026445335195	836961026441140890	695	
1	C18H30O	[M + H3N + H]+	C18H34NO+	Fatty acids	0.968	Fatty acyls	0.950	Fatty alcohols	0.456	Lipids and lipid-like molecules	0.669							Lipids and lipid-like molecules	0.669	Organic compounds; Lipids and lipid-like molecules; Ketones; Organooxygen compounds; Carbonyl compounds; Organic oxides; Hydrocarbon derivatives; Organic oxygen compounds; Chemical entities	280.264	433	7.222	836961242049349596	836961026478889631	836961026478889630	696	
1	C18H30O	[M + H]+	C18H31O+	Fatty acids	0.991	Fatty acyls	0.983	Fatty aldehydes	0.544	Lipids and lipid-like molecules	0.596							Lipids and lipid-like molecules	0.596	Organic compounds; Lipids and lipid-like molecules; Ketones; Organooxygen compounds; Carbonyl compounds; Organic oxides; Hydrocarbon derivatives; Organic oxygen compounds; Chemical entities	263.237	433	7.224	836961238534522273	836961026516638371	836961026516638370	697	
1	C12H26N3O	[M + K]+	C12H26KN3O+	Alkaloids	0.781	Ornithine alkaloids	0.215	Polyamines	0.125	Organic oxygen compounds	0.941	Organooxygen compounds	0.622	Carbonyl compounds	0.532			Carbonyl compounds	0.532	Organic compounds; Organonitrogen compounds; Organooxygen compounds; Carbonyl compounds; Organic oxides; Hydrocarbon derivatives; Organopnictogen compounds; Organic oxygen compounds; Organic nitrogen compounds; Chemical entities	267.172	434	7.240	836961236487701609	836961026550192807	836961026550192806	698	
1	C12H26N3O	[M + K]+	C12H26KN3O+	Alkaloids	0.780	Ornithine alkaloids	0.218	Polyamines	0.129	Organic oxygen compounds	0.942	Organooxygen compounds	0.630	Carbonyl compounds	0.537			Carbonyl compounds	0.537	Organic compounds; Organonitrogen compounds; Organooxygen compounds; Carbonyl compounds; Organic oxides; Hydrocarbon derivatives; Organopnictogen compounds; Organic oxygen compounds; Organic nitrogen compounds; Chemical entities	267.172	436	7.261	836961231844606576	836961026919291603	836961026915097298	709	
1	C20H43NO2	[M + H]+	C20H44NO2+	Fatty acids	0.849	Spingolipids	0.418	Sphingoid bases	0.858	Organic nitrogen compounds	1.000	Organonitrogen compounds	1.000	Amines	1.000	Alkanolamines	0.992	1,2-aminoalcohols	0.992	Organic compounds; Alcohols and polyols; Organonitrogen compounds; Primary alcohols; Organooxygen compounds; 1,2-aminoalcohols; Trialkylamines; Amines; Tertiary amines; Alkanolamines; Hydrocarbon derivatives; Organopnictogen compounds; Organic oxygen compounds; Organic nitrogen compounds; Chemical entities	330.337	436	7.271	836961235724338188	836961026621495983	836961026621495982	700	
1	C7H16N2O3S	[M - H2O + H]+	C7H15N2O2S+	Amino acids and Peptides	0.661	Histidine alkaloids	0.348	Imidazole alkaloids	0.350	Organic oxygen compounds	0.999	Organooxygen compounds	0.698	Carbonyl compounds	0.510			Carbonyl compounds	0.510	Organic compounds; Organosulfur compounds; Organonitrogen compounds; Organooxygen compounds; Carbonyl compounds; Organic oxides; Hydrocarbon derivatives; Organopnictogen compounds; Organic oxygen compounds; Organic nitrogen compounds; Chemical entities	191.086	438	7.295	836961328800145702	836961026785073859	836961026785073858	705	
1	C22H47NO3	[M + H]+	C22H48NO3+	Fatty acids	0.989	Spingolipids	0.374	Sphingoid bases	0.777	Organic nitrogen compounds	0.996	Organonitrogen compounds	0.995	Amines	0.863	Alkanolamines	0.659	1,2-aminoalcohols	0.587	Organic compounds; Alcohols and polyols; Ethers; Organonitrogen compounds; Primary alcohols; Organooxygen compounds; Dialkyl ethers; 1,2-aminoalcohols; Amines; Alkanolamines; Hydrocarbon derivatives; Organopnictogen compounds; Organic oxygen compounds; Organic nitrogen compounds; Chemical entities	374.363	438	7.296	836961248462441258	836961026818628295	836961026818628294	706	
1	C10H24BFO3Si	[M + H3N + H]+	C10H28BFNO3Si+	Terpenoids	0.763	Monoterpenoids	0.887	Pinane monoterpenoids	0.724	Organic salts	0.996	Organic metal salts	0.978	Organic metalloid salts	0.978			Organic metalloid salts	0.978	Organic compounds; Organic acids and derivatives; Organooxygen compounds; Organometallic compounds; Organometalloid compounds; Organoboron compounds; Organic salts; Organic metalloid salts; Organic metal salts; Hydrocarbon derivatives; Alkylboranes; Organic oxygen compounds; Chemical entities	267.195	438	7.304	836961237175567611	836961026852182731	836961026852182730	707	
1	C18H39NO	[M + H]+	C18H40NO+	Alkaloids	0.512	Pseudoalkaloids (transamidation)	0.817	Phenylalanine-derived alkaloids	0.709	Organic nitrogen compounds	1.000	Organonitrogen compounds	1.000	Amines	0.844			Amines	0.844	Organic compounds; Organonitrogen compounds; Organooxygen compounds; Amines; Hydrocarbon derivatives; Organopnictogen compounds; Organic oxygen compounds; Organic nitrogen compounds; Chemical entities	286.310	438	7.308	836961239272719981	836961026881542863	836961026881542862	708	
1	C18H35NO3	[M - H2O + H]+	C18H34NO2+	Fatty acids	0.919	Spingolipids	0.214	Sphingoid bases	0.450	Organic nitrogen compounds	1.000	Organonitrogen compounds	1.000	Amines	0.903	Alkanolamines	0.713	1,2-aminoalcohols	0.704	Organic compounds; Alcohols and polyols; Ethers; Organonitrogen compounds; Organooxygen compounds; Monoalkylamines; Secondary alcohols; 1,2-aminoalcohols; Amines; Primary amines; Alkanolamines; Hydrocarbon derivatives; Organopnictogen compounds; Organic oxygen compounds; Organic nitrogen compounds; Chemical entities	296.258	439	7.313	836961237137818862	836961026688604855	836961026688604854	702	
1	C15H33N3O5	[M - H2O + H]+	C15H32N3O4+	Amino acids and Peptides	0.715	Small peptides	0.729	N-acyl amines	0.448	Organic acids and derivatives	0.993	Carboxylic acids and derivatives	0.988	Amino acids, peptides, and analogues	0.865	Amino acids and derivatives	0.856	N-acyl-alpha amino acids and derivatives	0.682	Organic compounds; Lipids and lipid-like molecules; Amino acids, peptides, and analogues; Alpha amino acids and derivatives; Alcohols and polyols; Fatty acids and conjugates; Organic acids and derivatives; Carboxylic acids and derivatives; Organonitrogen compounds; Organooxygen compounds; Fatty amides; Branched fatty acids; Amino acids and derivatives; Hydroxamic acids; Monoalkylamines; Carboxylic acid amides; Carboxylic acid derivatives; N-acyl amines; Monocarboxylic acids and derivatives; N-acyl-alpha amino acids and derivatives; Carboxylic acids; Secondary carboxylic acid amides; Carbonyl compounds; Alpha amino acid amides; Amines; Primary amines; Fatty Acyls; Organic oxides; Hydrocarbon derivatives; Amino acids; Organopnictogen compounds; Organic oxygen compounds; Organic nitrogen compounds; Chemical entities	318.240	439	7.314	836961247338367579	836961026755713727	836961026751519422	704	
1	C20H37NO2	[M + H3N + H]+	C20H41N2O2+	Fatty acids	0.994	Fatty amides	0.906	N-acyl ethanolamines (endocannabinoids)	0.729	Lipids and lipid-like molecules	0.766	Fatty Acyls	0.786	Fatty amides	0.686	N-acyl amines	0.539	N-acyl amines	0.539	Organic compounds; Lipids and lipid-like molecules; Organic acids and derivatives; Carboxylic acids and derivatives; Organonitrogen compounds; Organooxygen compounds; Fatty amides; Carboxylic acid amides; Carboxylic acid derivatives; N-acyl amines; Carbonyl compounds; Fatty Acyls; Organic oxides; Hydrocarbon derivatives; Organopnictogen compounds; Organic oxygen compounds; Organic nitrogen compounds; Chemical entities	341.316	440	7.329	836961329643200883	836961026722159291	836961026722159290	703	
1	C18H30O2	[M + H]+	C18H31O2+	Fatty acids	0.999	Fatty Acids and Conjugates	0.889	Unsaturated fatty acids	0.913	Lipids and lipid-like molecules	0.983	Fatty Acyls	0.972	Lineolic acids and derivatives	0.621			Lineolic acids and derivatives	0.621	Organic compounds; Lipids and lipid-like molecules; Fatty acids and conjugates; Organic acids and derivatives; Carboxylic acids and derivatives; Organooxygen compounds; Straight chain fatty acids; Unsaturated fatty acids; Lineolic acids and derivatives; Monocarboxylic acids and derivatives; Carboxylic acids; Carbonyl compounds; Long-chain fatty acids; Fatty Acyls; Organic oxides; Hydrocarbon derivatives; Organic oxygen compounds; Chemical entities	279.232	440	7.338	836961234445075250	836961026952846039	836961026952846038	710	
1	C20H37NO2	[M + H3N + H]+	C20H41N2O2+	Fatty acids	1.000	Fatty amides	0.998	N-acyl ethanolamines (endocannabinoids)	0.937	Lipids and lipid-like molecules	0.968	Fatty Acyls	0.968	Fatty amides	0.963	N-acyl amines	0.968	N-acyl amines	0.968	Organic compounds; Lipids and lipid-like molecules; Organic acids and derivatives; Carboxylic acids and derivatives; Organonitrogen compounds; Organooxygen compounds; Fatty amides; Carboxylic acid amides; Carboxylic acid derivatives; N-acyl amines; Tertiary carboxylic acid amides; Carbonyl compounds; Fatty Acyls; Organic oxides; Hydrocarbon derivatives; Organopnictogen compounds; Organic oxygen compounds; Organic nitrogen compounds; Chemical entities	341.316	440	7.339	836961240262575880	836961027066092259	836961027061897954	713	
1	C18H30O2	[M + H3N + H]+	C18H34NO2+	Fatty acids	0.999	Fatty Acids and Conjugates	0.859	Unsaturated fatty acids	0.874	Lipids and lipid-like molecules	0.975	Fatty Acyls	0.967	Lineolic acids and derivatives	0.539			Lineolic acids and derivatives	0.539	Organic compounds; Lipids and lipid-like molecules; Fatty acids and conjugates; Organic acids and derivatives; Carboxylic acids and derivatives; Organooxygen compounds; Straight chain fatty acids; Unsaturated fatty acids; Lineolic acids and derivatives; Monocarboxylic acids and derivatives; Carboxylic acids; Carbonyl compounds; Long-chain fatty acids; Fatty Acyls; Organic oxides; Hydrocarbon derivatives; Organic oxygen compounds; Chemical entities	296.258	440	7.339	836961259233415146	836961026990594779	836961026990594778	711	
1	C15H33ClFN2O	[M + Na]+	C15H33ClFN2NaO+	Amino acids and Peptides	0.445	Ornithine alkaloids	0.134	Tropane alkaloids	0.062	Benzenoids	0.990	Benzene and substituted derivatives	0.994	Halobenzenes	0.990	Chlorobenzenes	0.965	Chlorobenzenes	0.965	Organic compounds; Halobenzenes; Organic acids and derivatives; Organohalogen compounds; Organonitrogen compounds; Organooxygen compounds; Carboxylic acid amides; Aryl chlorides; Aryl fluorides; Carboxylic acid derivatives; Chlorobenzenes; Fluorobenzenes; Organochlorides; Organofluorides; Secondary carboxylic acid amides; Dialkylamines; Benzene and substituted derivatives; Benzenoids; Amines; Secondary amines; Aryl halides; Hydrocarbon derivatives; Organopnictogen compounds; Organic oxygen compounds; Organic nitrogen compounds; Chemical entities	334.214	441	7.342	836961239675373211	836961027095452391	836961027095452390	714	
1	C18H30O	[M + H3N + H]+	C18H34NO+	Fatty acids	0.861	Fatty acyls	0.854	Fatty alcohols	0.170	Lipids and lipid-like molecules	0.767							Lipids and lipid-like molecules	0.767	Organic compounds; Lipids and lipid-like molecules; Ketones; Organooxygen compounds; Carbonyl compounds; Organic oxides; Hydrocarbon derivatives; Organic oxygen compounds; Chemical entities	280.264	442	7.367	836961263050232194	836961027133201131	836961027129006826	715	
1	C12H24BNO4Si	[M - H2O + H]+	C12H23BNO3Si+	Terpenoids	0.784	Monoterpenoids	0.847	Pinane monoterpenoids	0.735	Organic acids and derivatives	0.928	Boronic acid derivatives	0.751	Boronic acids	0.505			Boronic acids	0.505	Organic compounds; Organoheterocyclic compounds; Organic acids and derivatives; Organooxygen compounds; Boronic acids; Organometallic compounds; Boronic acid derivatives; Organometalloid compounds; Organoboron compounds; Organic salts; Organic metalloid salts; Organic metal salts; Oxacyclic compounds; Hydrocarbon derivatives; Alkylboranes; Organic oxygen compounds; Chemical entities	267.157	445	7.415	836961238647768501	836961027196115699	836961027196115698	717	
1	C13H26O5	[M - H2O + H]+	C13H25O4+	Fatty acids	0.794	Fatty Acids and Conjugates	0.397	Dicarboxylic acids	0.410	Lipids and lipid-like molecules	0.855	Fatty Acyls	0.804					Fatty Acyls	0.804	Organic compounds; Lipids and lipid-like molecules; Alcohols and polyols; Organic acids and derivatives; Carboxylic acids and derivatives; Organooxygen compounds; Carboxylic acid derivatives; Carboxylic acid esters; Secondary alcohols; Carbonyl compounds; Fatty Acyls; Organic oxides; Hydrocarbon derivatives; Organic oxygen compounds; Chemical entities	245.175	445	7.416	836961241281791902	836961027162561263	836961027162561262	716	
1	C14H20O2	[M - H2O + H]+	C14H19O+	Terpenoids	0.991	Sesquiterpenoids	0.985	Bisabolane sesquiterpenoids	0.747	Benzenoids	0.769							Benzenoids	0.769	Organic compounds; Lipids and lipid-like molecules; Ketones; Alcohols and polyols; Prenol lipids; Organooxygen compounds; Carbonyl compounds; Benzenoids; Organic oxides; Hydrocarbon derivatives; Organic oxygen compounds; Chemical entities	203.143	445	7.417	836961234952586115	836961027229670135	836961027229670134	718	
1	C14H24O	[M + H3N + H]+	C14H28NO+	Fatty acids	0.979	Fatty acyls	0.972	Fatty aldehydes	0.790	Organic oxygen compounds	0.990	Organooxygen compounds	0.984	Carbonyl compounds	0.834			Carbonyl compounds	0.834	Organic compounds; Organooxygen compounds; Carbonyl compounds; Organic oxides; Hydrocarbon derivatives; Organic oxygen compounds; Chemical entities	226.217	446	7.436	836961239474046602	836961027267418875	836961027267418874	719	
1	C22H44NO7P	[M + H]+	C22H45NO7P+	Fatty acids	1.000	Glycerophospholipids	1.000	Glycerophosphoethanolamines	0.999	Organic acids and derivatives	0.999	Carboxylic acids and derivatives	0.997	Amino acids, peptides, and analogues	0.986	Amino acids and derivatives	0.986	Amino acids and derivatives	0.986	Organic compounds; Lipids and lipid-like molecules; Amino acids, peptides, and analogues; Alcohols and polyols; Glycerophospholipids; Organic acids and derivatives; Carboxylic acids and derivatives; Organonitrogen compounds; Organooxygen compounds; Fatty acid esters; Amino acids and derivatives; Organic phosphoric acids and derivatives; Phosphate esters; Monoalkylamines; Carboxylic acid derivatives; Monocarboxylic acids and derivatives; Carboxylic acid esters; Phosphoethanolamines; Lysophosphatidylethanolamines; Secondary alcohols; 1-acyl-sn-glycero-3-phosphoethanolamines; Carbonyl compounds; Glycerophosphoethanolamines; Amines; Primary amines; Alkyl phosphates; Dialkyl phosphates; Fatty Acyls; Organic oxides; Hydrocarbon derivatives; Organopnictogen compounds; Organic oxygen compounds; Organic nitrogen compounds; Chemical entities	466.293	446	7.437	836961236886160566	836961027300973311	836961027300973310	720	
1	C16H24O2	[M + H3N + H]+	C16H28NO2+	Terpenoids	0.981	Sesquiterpenoids	0.952	Bisabolane sesquiterpenoids	0.575	Lipids and lipid-like molecules	0.585	Prenol lipids	0.564					Prenol lipids	0.564	Organic compounds; Lipids and lipid-like molecules; Prenol lipids; Organooxygen compounds; Carbonyl compounds; Organic oxides; Hydrocarbon derivatives; Organic oxygen compounds; Chemical entities	266.211	447	7.450	836961238224143722	836961027368082183	836961027368082182	722	
1	C13H22O2	[M + H]+	C13H23O2+	Fatty acids	0.871	Fatty acyls	0.786	Oxygenated hydrocarbons	0.192	Lipids and lipid-like molecules	0.532							Lipids and lipid-like molecules	0.532	Organic compounds; Lipids and lipid-like molecules; Ketones; Organooxygen compounds; Carbonyl compounds; Organic oxides; Hydrocarbon derivatives; Organic oxygen compounds; Chemical entities	211.169	449	7.484	836961256867827514	836961027439385359	836961027439385358	724	
1	C17H34N3O3	[M - H2O + H]+	C17H33N3O2+	Amino acids and Peptides	0.621	Small peptides	0.270	Dipeptides	0.140	Lipids and lipid-like molecules	0.795	Fatty Acyls	0.811	Fatty amides	0.692	N-acyl amines	0.703	N-acyl amines	0.703	Organic compounds; Lipids and lipid-like molecules; Organic acids and derivatives; Carboxylic acids and derivatives; Organonitrogen compounds; Organooxygen compounds; Fatty amides; Carboxylic acid amides; Carboxylic acid derivatives; N-acyl amines; Secondary carboxylic acid amides; Carbonyl compounds; Fatty Acyls; Organic oxides; Hydrocarbon derivatives; Organopnictogen compounds; Organic oxygen compounds; Organic nitrogen compounds; Chemical entities	311.258	449	7.488	836961239977363126	836961027472939795	836961027472939794	725	
1	C18H30O2	[M + H3N + H]+	C18H34NO2+	Fatty acids	0.985	Fatty acyls	0.498	Fatty alcohols	0.329	Lipids and lipid-like molecules	0.902	Fatty Acyls	0.870	Fatty acids and conjugates	0.387	Long-chain fatty acids	0.576	Long-chain fatty acids	0.576	Organic compounds; Lipids and lipid-like molecules; Alcohols and polyols; Organooxygen compounds; Unsaturated fatty acids; Carbonyl compounds; Long-chain fatty acids; Fatty Acyls; Organic oxides; Hydrocarbon derivatives; Organic oxygen compounds; Chemical entities	296.258	450	7.499	836961234168251155	836961027401636619	836961027401636618	723	
1	C18H30O2	[M + H3N + H]+	C18H34NO2+	Fatty acids	1.000	Fatty Acids and Conjugates	0.954	Unsaturated fatty acids	0.970	Lipids and lipid-like molecules	0.979	Fatty Acyls	0.976	Fatty acids and conjugates	0.968	Long-chain fatty acids	0.945	Long-chain fatty acids	0.945	Organic compounds; Lipids and lipid-like molecules; Fatty acids and conjugates; Organic acids and derivatives; Carboxylic acids and derivatives; Organooxygen compounds; Straight chain fatty acids; Unsaturated fatty acids; Monocarboxylic acids and derivatives; Carboxylic acids; Carbonyl compounds; Long-chain fatty acids; Fatty Acyls; Organic oxides; Hydrocarbon derivatives; Organic oxygen compounds; Chemical entities	296.258	450	7.502	836961238119286105	836961027514882839	836961027514882838	726	
1	C20H37NO2	[M + H3N + H]+	C20H41N2O2+	Fatty acids	1.000	Fatty amides	0.995	N-acyl ethanolamines (endocannabinoids)	0.795	Lipids and lipid-like molecules	0.939	Fatty Acyls	0.954	Fatty amides	0.908	N-acyl amines	0.879	N-acyl amines	0.879	Organic compounds; Lipids and lipid-like molecules; Organic acids and derivatives; Carboxylic acids and derivatives; Organonitrogen compounds; Organooxygen compounds; Fatty amides; Carboxylic acid amides; Carboxylic acid derivatives; N-acyl amines; Carbonyl compounds; Fatty Acyls; Organic oxides; Hydrocarbon derivatives; Organopnictogen compounds; Organic oxygen compounds; Organic nitrogen compounds; Chemical entities	341.316	450	7.502	836961240119969489	836961027590380319	836961027590380318	728	
1	C18H30O2	[M + H]+	C18H31O2+	Fatty acids	1.000	Fatty Acids and Conjugates	0.961	Unsaturated fatty acids	0.982	Lipids and lipid-like molecules	0.991	Fatty Acyls	0.988	Lineolic acids and derivatives	0.750			Lineolic acids and derivatives	0.750	Organic compounds; Lipids and lipid-like molecules; Fatty acids and conjugates; Organic acids and derivatives; Carboxylic acids and derivatives; Organooxygen compounds; Straight chain fatty acids; Unsaturated fatty acids; Lineolic acids and derivatives; Monocarboxylic acids and derivatives; Carboxylic acids; Carbonyl compounds; Long-chain fatty acids; Fatty Acyls; Organic oxides; Hydrocarbon derivatives; Organic oxygen compounds; Chemical entities	279.232	450	7.503	836961240258381555	836961027661683495	836961027661683494	730	
1	C18H29N3O4	[M - H2O + H]+	C18H28N3O3+	Amino acids and Peptides	0.851	Small peptides	0.801	Dipeptides	0.266	Organic acids and derivatives	0.995	Carboxylic acids and derivatives	0.984	Amino acids, peptides, and analogues	0.864	Amino acids and derivatives	0.853	N-acyl-alpha amino acids and derivatives	0.623	Organic compounds; Lipids and lipid-like molecules; Amino acids, peptides, and analogues; Alpha amino acids and derivatives; Organic acids and derivatives; Carboxylic acids and derivatives; Organonitrogen compounds; Organooxygen compounds; Fatty amides; Amino acids and derivatives; Hydroxamic acids; Carboxylic acid amides; Carboxylic acid derivatives; N-acyl amines; N-acyl-alpha amino acids and derivatives; Primary carboxylic acid amides; Secondary carboxylic acid amides; Carbonyl compounds; Alpha amino acid amides; Fatty Acyls; Organic oxides; Hydrocarbon derivatives; Organopnictogen compounds; Organic oxygen compounds; Organic nitrogen compounds; Chemical entities	334.214	450	7.504	836961237368505616	836961027628129059	836961027623934754	729	
1	C13H24O2	[M - H2O + H]+	C13H23O+	Fatty acids	0.735	Fatty Acids and Conjugates	0.474	Fatty alcohols	0.283	Lipids and lipid-like molecules	0.809	Fatty Acyls	0.589					Fatty Acyls	0.589	Organic compounds; Lipids and lipid-like molecules; Alcohols and polyols; Organooxygen compounds; Carbonyl compounds; Fatty Acyls; Organic oxides; Hydrocarbon derivatives; Organic oxygen compounds; Chemical entities	195.174	452	7.528	836961254883921512	836961027695237931	836961027695237930	731	
1	C18H37NO2	[M - H2O + H]+	C18H36NO+	Fatty acids	0.997	Fatty amides	0.923	Primary amides	0.789	Lipids and lipid-like molecules	0.742	Fatty Acyls	0.763	Fatty amides	0.672			Fatty amides	0.672	Organic compounds; Lipids and lipid-like molecules; Organic acids and derivatives; Carboxylic acids and derivatives; Organonitrogen compounds; Organooxygen compounds; Fatty amides; Carboxylic acid amides; Carboxylic acid derivatives; Carbonyl compounds; Fatty Acyls; Organic oxides; Hydrocarbon derivatives; Organopnictogen compounds; Organic oxygen compounds; Organic nitrogen compounds; Chemical entities	282.279	455	7.579	836961253881482754	836961027728792367	836961027728792366	732	
1	C22H44N2O4P	[M + Na]+	C22H44N2NaO4P+	Amino acids and Peptides	0.162	Small peptides	0.106	Aminoacids	0.024	Organic acids and derivatives	0.983	Carboxylic acids and derivatives	0.737	Amino acids, peptides, and analogues	0.507	Amino acids and derivatives	0.508	Amino acids and derivatives	0.508	Organic compounds; Amino acids, peptides, and analogues; Organic acids and derivatives; Carboxylic acids and derivatives; Organonitrogen compounds; Organooxygen compounds; Amino acids and derivatives; Organophosphorus compounds; Organic phosphonic acids and derivatives; Carboxylic acid amides; Carboxylic acid derivatives; Phosphonic acid esters; Carbonyl compounds; Benzene and substituted derivatives; Benzenoids; Amines; Primary amines; Phosphonic acid diesters; Organic oxides; Hydrocarbon derivatives; Organopnictogen compounds; Organic oxygen compounds; Organic nitrogen compounds; Chemical entities	454.293	455	7.591	836961248495995719	836961027783318323	836961027783318322	733	
1	C13H22O	[M + H]+	C13H23O+	Fatty acids	0.897	Fatty acyls	0.865	Fatty aldehydes	0.463	Organic oxygen compounds	0.991	Organooxygen compounds	0.974	Carbonyl compounds	0.928	Ketones	0.843	Cyclic ketones	0.659	Organic compounds; Ketones; Organooxygen compounds; Carbonyl compounds; Cyclic ketones; Organic oxides; Hydrocarbon derivatives; Organic oxygen compounds; Chemical entities	195.174	456	7.600	836961240895915890	836961027821067063	836961027821067062	734	
1	C12H27ClNO	[M + Na]+	C12H27ClNNaO+	Terpenoids	0.279	Tyrosine alkaloids	0.091	Open-chain polyketides	0.088	Benzenoids	0.826	Benzene and substituted derivatives	0.766	Halobenzenes	0.755	Chlorobenzenes	0.759	Chlorobenzenes	0.759	Organic compounds; Halobenzenes; Organohalogen compounds; Organonitrogen compounds; Organooxygen compounds; Aryl chlorides; Chlorobenzenes; Organochlorides; Benzene and substituted derivatives; Benzenoids; Aryl halides; Hydrocarbon derivatives; Organopnictogen compounds; Organic oxygen compounds; Organic nitrogen compounds; Chemical entities	259.167	459	7.642	836961247564860015	836961027854621499	836961027854621498	735	
1	C18H30O2	[M + H]+	C18H31O2+	Fatty acids	1.000	Fatty Acids and Conjugates	0.969	Unsaturated fatty acids	0.975	Lipids and lipid-like molecules	0.989	Fatty Acyls	0.985	Lineolic acids and derivatives	0.701			Lineolic acids and derivatives	0.701	Organic compounds; Lipids and lipid-like molecules; Fatty acids and conjugates; Organic acids and derivatives; Carboxylic acids and derivatives; Organooxygen compounds; Straight chain fatty acids; Unsaturated fatty acids; Lineolic acids and derivatives; Monocarboxylic acids and derivatives; Carboxylic acids; Carbonyl compounds; Long-chain fatty acids; Fatty Acyls; Organic oxides; Hydrocarbon derivatives; Organic oxygen compounds; Chemical entities	279.232	459	7.650	836961245648062877	836961027997227851	836961027997227850	739	
1	C20H37NO2	[M + H3N + H]+	C20H41N2O2+	Fatty acids	1.000	Fatty amides	0.998	N-acyl ethanolamines (endocannabinoids)	0.948	Lipids and lipid-like molecules	0.938	Fatty Acyls	0.951	Fatty amides	0.911	N-acyl amines	0.900	N-acyl amines	0.900	Organic compounds; Lipids and lipid-like molecules; Organic acids and derivatives; Carboxylic acids and derivatives; Organonitrogen compounds; Organooxygen compounds; Fatty amides; Carboxylic acid amides; Carboxylic acid derivatives; N-acyl amines; Secondary carboxylic acid amides; Carbonyl compounds; Fatty Acyls; Organic oxides; Hydrocarbon derivatives; Organopnictogen compounds; Organic oxygen compounds; Organic nitrogen compounds; Chemical entities	341.316	459	7.651	836961242552666228	836961027925924675	836961027925924674	737	
1	C18H30O2	[M + H3N + H]+	C18H34NO2+	Fatty acids	1.000	Fatty Acids and Conjugates	0.967	Unsaturated fatty acids	0.970	Lipids and lipid-like molecules	0.983	Fatty Acyls	0.978	Lineolic acids and derivatives	0.571			Lineolic acids and derivatives	0.571	Organic compounds; Lipids and lipid-like molecules; Fatty acids and conjugates; Organic acids and derivatives; Carboxylic acids and derivatives; Organooxygen compounds; Straight chain fatty acids; Unsaturated fatty acids; Lineolic acids and derivatives; Monocarboxylic acids and derivatives; Carboxylic acids; Carbonyl compounds; Long-chain fatty acids; Fatty Acyls; Organic oxides; Hydrocarbon derivatives; Organic oxygen compounds; Chemical entities	296.258	459	7.651	836961241457952690	836961027963673415	836961027963673414	738	
1	C15H21NO4	[M - H2O + H]+	C15H20NO3+	Alkaloids	0.373	Ornithine alkaloids	0.152	Piperidine alkaloids	0.057	Benzenoids	0.589							Benzenoids	0.589	Organic compounds; Organic acids and derivatives; Carboxylic acids and derivatives; Organonitrogen compounds; Organooxygen compounds; Carboxylic acid derivatives; Monocarboxylic acids and derivatives; Carboxylic acids; Carbonyl compounds; Benzenoids; Organic oxides; Hydrocarbon derivatives; Organopnictogen compounds; Organic oxygen compounds; Organic nitrogen compounds; Chemical entities	262.144	460	7.667	836961248370166548	836961028068531027	836961028068531026	741	
1	C13H24O2	[M - H2O + H]+	C13H23O+	Fatty acids	0.751	Fatty Acids and Conjugates	0.418	Fatty alcohols	0.201	Lipids and lipid-like molecules	0.636							Lipids and lipid-like molecules	0.636	Organic compounds; Lipids and lipid-like molecules; Alcohols and polyols; Organooxygen compounds; Carbonyl compounds; Organic oxides; Hydrocarbon derivatives; Organic oxygen compounds; Chemical entities	195.174	461	7.686	836961249007700893	836961028102085463	836961028102085462	742	
1	C18H37NO2	[M - H2O + H]+	C18H36NO+	Fatty acids	0.997	Fatty amides	0.913	Primary amides	0.770	Lipids and lipid-like molecules	0.733	Fatty Acyls	0.757	Fatty amides	0.659			Fatty amides	0.659	Organic compounds; Lipids and lipid-like molecules; Organic acids and derivatives; Carboxylic acids and derivatives; Organonitrogen compounds; Organooxygen compounds; Fatty amides; Carboxylic acid amides; Carboxylic acid derivatives; Carbonyl compounds; Fatty Acyls; Organic oxides; Hydrocarbon derivatives; Organopnictogen compounds; Organic oxygen compounds; Organic nitrogen compounds; Chemical entities	282.279	462	7.699	836961233765597949	836961028135639899	836961028135639898	743	
1	C16H35NO5	[M - H2O + H]+	C16H34NO4+	Fatty acids	0.991	Fatty amides	0.866	N-acyl amines	0.815	Lipids and lipid-like molecules	0.602	Fatty Acyls	0.686	Fatty amides	0.495	N-acyl amines	0.541	N-acyl amines	0.541	Organic compounds; Lipids and lipid-like molecules; Alcohols and polyols; Organic acids and derivatives; Carboxylic acids and derivatives; Organonitrogen compounds; Primary alcohols; Organooxygen compounds; Carboxylic acid amides; N-acyl amines; Secondary alcohols; Fatty Acyls; Organic oxides; Hydrocarbon derivatives; Organopnictogen compounds; Organic oxygen compounds; Organic nitrogen compounds; Chemical entities	304.248	463	7.724	836961242359728164	836961028240497511	836961028240497510	746	
1	C18H32O2	[M + H3N + H]+	C18H36NO2+	Fatty acids	1.000	Fatty Acids and Conjugates	0.955	Unsaturated fatty acids	0.962	Lipids and lipid-like molecules	0.984	Fatty Acyls	0.981	Fatty acids and conjugates	0.970	Long-chain fatty acids	0.949	Long-chain fatty acids	0.949	Organic compounds; Lipids and lipid-like molecules; Fatty acids and conjugates; Organic acids and derivatives; Carboxylic acids and derivatives; Organooxygen compounds; Straight chain fatty acids; Unsaturated fatty acids; Monocarboxylic acids and derivatives; Carboxylic acids; Carbonyl compounds; Long-chain fatty acids; Fatty Acyls; Organic oxides; Hydrocarbon derivatives; Organic oxygen compounds; Chemical entities	298.274	464	7.737	836961238228338046	836961028173388639	836961028173388638	744	
1	C18H37ClN4O2	[M + Na]+	C18H37ClN4NaO2+	Alkaloids	0.167	Oligopeptides	0.181	Open-chain polyketides	0.097	Benzenoids	0.660	Benzene and substituted derivatives	0.747					Benzene and substituted derivatives	0.747	Organic compounds; Organoheterocyclic compounds; Organohalogen compounds; Organonitrogen compounds; Organooxygen compounds; Azoles; Organochlorides; Benzene and substituted derivatives; Benzenoids; Azacyclic compounds; Heteroaromatic compounds; Hydrocarbon derivatives; Organopnictogen compounds; Organic oxygen compounds; Organic nitrogen compounds; Chemical entities	399.251	465	7.745	836961258394554206	836961028307606383	836961028307606382	748	
1	C21H44NO7P	[M + H]+	C21H45NO7P+	Fatty acids	1.000	Glycerophospholipids	1.000	Glycerophosphoethanolamines	1.000	Organic acids and derivatives	1.000	Carboxylic acids and derivatives	0.997	Amino acids, peptides, and analogues	0.989	Amino acids and derivatives	0.988	Amino acids and derivatives	0.988	Organic compounds; Lipids and lipid-like molecules; Amino acids, peptides, and analogues; Alcohols and polyols; Glycerophospholipids; Organic acids and derivatives; Carboxylic acids and derivatives; Organonitrogen compounds; Organooxygen compounds; Fatty acid esters; Amino acids and derivatives; Organic phosphoric acids and derivatives; Phosphate esters; Monoalkylamines; Carboxylic acid derivatives; Monocarboxylic acids and derivatives; Carboxylic acid esters; Phosphoethanolamines; Lysophosphatidylethanolamines; Secondary alcohols; 1-acyl-sn-glycero-3-phosphoethanolamines; Carbonyl compounds; Glycerophosphoethanolamines; Amines; Primary amines; Alkyl phosphates; Dialkyl phosphates; Fatty Acyls; Organic oxides; Hydrocarbon derivatives; Organopnictogen compounds; Organic oxygen compounds; Organic nitrogen compounds; Chemical entities	454.293	466	7.773	836961237733410109	836961028345355123	836961028345355122	749	
1	C13H29FN3O	[M + H3N + H]+	C13H33FN4O+	Alkaloids	0.357	Small peptides	0.317	Polyamines	0.078	Organic acids and derivatives	0.674	Carboxylic acids and derivatives	0.577	Amino acids, peptides, and analogues	0.525	Amino acids and derivatives	0.524	Amino acids and derivatives	0.524	Organic compounds; Amino acids, peptides, and analogues; Organic acids and derivatives; Carboxylic acids and derivatives; Organohalogen compounds; Organonitrogen compounds; Organooxygen compounds; Amino acids and derivatives; Carboxylic acid amides; Carboxylic acid derivatives; Organofluorides; Carbonyl compounds; Amines; Organic oxides; Hydrocarbon derivatives; Organopnictogen compounds; Organic oxygen compounds; Organic nitrogen compounds; Chemical entities	280.264	467	7.777	836961240958830462	836961028274051947	836961028274051946	747	
1	C23H46NO7P	[M + H]+	C23H47NO7P+	Fatty acids	1.000	Glycerophospholipids	1.000	Glycerophosphoethanolamines	0.998	Organic acids and derivatives	0.999	Carboxylic acids and derivatives	0.997	Amino acids, peptides, and analogues	0.984	Amino acids and derivatives	0.984	Amino acids and derivatives	0.984	Organic compounds; Lipids and lipid-like molecules; Amino acids, peptides, and analogues; Alcohols and polyols; Glycerophospholipids; Organic acids and derivatives; Carboxylic acids and derivatives; Organonitrogen compounds; Organooxygen compounds; Fatty acid esters; Amino acids and derivatives; Organic phosphoric acids and derivatives; Phosphate esters; Monoalkylamines; Carboxylic acid derivatives; Monocarboxylic acids and derivatives; Carboxylic acid esters; Phosphoethanolamines; Lysophosphatidylethanolamines; Secondary alcohols; 1-acyl-sn-glycero-3-phosphoethanolamines; Carbonyl compounds; Glycerophosphoethanolamines; Amines; Primary amines; Alkyl phosphates; Dialkyl phosphates; Fatty Acyls; Organic oxides; Hydrocarbon derivatives; Organopnictogen compounds; Organic oxygen compounds; Organic nitrogen compounds; Chemical entities	480.309	467	7.780	836961255731170972	836961028378909559	836961028378909558	750	
1	C17H42N6O4S	[M + H3N + H]+	C17H46N7O4S+	Alkaloids	0.388	Oligopeptides	0.349	Tricyclic guanidine alkaloids	0.255	Organoheterocyclic compounds	0.744	Biotin and derivatives	0.743					Biotin and derivatives	0.743	Organic compounds; Organoheterocyclic compounds; Organosulfur compounds; Alcohols and polyols; Thiolanes; Biotin and derivatives; Imidazolidines; Organic acids and derivatives; Organonitrogen compounds; Organooxygen compounds; Organic carbonic acids and derivatives; Azoles; Ureas; Imidazolidinones; Thioethers; Thienoimidazolidines; Amines; Primary amines; Dialkylthioethers; Organic oxides; Azacyclic compounds; Hydrocarbon derivatives; Organopnictogen compounds; Organic oxygen compounds; Organic nitrogen compounds; Chemical entities	444.332	468	7.796	836961249095781293	836961028546681739	836961028546681738	755	
1	C18H32O2	[M + H3N + H]+	C18H36NO2+	Fatty acids	1.000	Fatty Acids and Conjugates	0.944	Unsaturated fatty acids	0.963	Lipids and lipid-like molecules	0.984	Fatty Acyls	0.980	Lineolic acids and derivatives	0.594			Lineolic acids and derivatives	0.594	Organic compounds; Lipids and lipid-like molecules; Fatty acids and conjugates; Organic acids and derivatives; Carboxylic acids and derivatives; Organooxygen compounds; Straight chain fatty acids; Unsaturated fatty acids; Lineolic acids and derivatives; Monocarboxylic acids and derivatives; Carboxylic acids; Carbonyl compounds; Long-chain fatty acids; Fatty Acyls; Organic oxides; Hydrocarbon derivatives; Organic oxygen compounds; Chemical entities	298.274	468	7.800	836961240535205696	836961028513127303	836961028513127302	754	
1	C19H46N6O5S	[M + H3N + H]+	C19H50N7O5S+	Fatty acids	0.257	Oligopeptides	0.769	Lipopeptides	0.343	Organoheterocyclic compounds	0.769	Biotin and derivatives	0.913					Biotin and derivatives	0.913	Organic compounds; Organoheterocyclic compounds; Organosulfur compounds; Lipids and lipid-like molecules; Alcohols and polyols; Thiolanes; Biotin and derivatives; Imidazolidines; Organic acids and derivatives; Organonitrogen compounds; Organooxygen compounds; Organic carbonic acids and derivatives; Azoles; Monoalkylamines; Ureas; N-acyl amines; Imidazolidinones; Thioethers; Thienoimidazolidines; Carbonyl compounds; Amines; Primary amines; Azolidines; Dialkylthioethers; Fatty Acyls; Organic oxides; Azacyclic compounds; Hydrocarbon derivatives; Organopnictogen compounds; Organic oxygen compounds; Organic nitrogen compounds; Chemical entities	488.358	468	7.804	836961253801790954	836961028580236175	836961028576041870	756	
1	C26H52NO7P	[M + H]+	C26H53NO7P+	Fatty acids	1.000	Glycerophospholipids	1.000	Glycerophosphocholines	0.999	Lipids and lipid-like molecules	0.985	Glycerophospholipids	0.999	Glycerophosphocholines	0.999	Lysophosphatidylcholines	0.987	1-acyl-sn-glycero-3-phosphocholines	0.978	Organic compounds; Lipids and lipid-like molecules; Alcohols and polyols; Glycerophospholipids; Organic acids and derivatives; Carboxylic acids and derivatives; Organonitrogen compounds; Organooxygen compounds; Fatty acid esters; Organic phosphoric acids and derivatives; Phosphate esters; Quaternary ammonium salts; Cholines; Carboxylic acid derivatives; Monocarboxylic acids and derivatives; Carboxylic acid esters; Phosphocholines; Lysophosphatidylcholines; 1-acyl-sn-glycero-3-phosphocholines; Secondary alcohols; Carbonyl compounds; Glycerophosphocholines; Amines; Alkyl phosphates; Dialkyl phosphates; Organic cations; Organic salts; Fatty Acyls; Organic oxides; Hydrocarbon derivatives; Tetraalkylammonium salts; Organopnictogen compounds; Organic oxygen compounds; Organic nitrogen compounds; Chemical entities	522.356	469	7.811	836961235833390116	836961028613790611	836961028613790610	757	
1	C20H37NO2	[M + H3N + H]+	C20H41N2O2+	Fatty acids	0.999	Fatty amides	0.983	N-acyl ethanolamines (endocannabinoids)	0.589	Lipids and lipid-like molecules	0.895	Fatty Acyls	0.899	Fatty amides	0.778	N-acyl amines	0.707	N-acyl amines	0.707	Organic compounds; Lipids and lipid-like molecules; Organic acids and derivatives; Carboxylic acids and derivatives; Organonitrogen compounds; Organooxygen compounds; Fatty amides; Carboxylic acid amides; Carboxylic acid derivatives; N-acyl amines; Monocarboxylic acids and derivatives; Secondary carboxylic acid amides; Carbonyl compounds; Fatty Acyls; Organic oxides; Hydrocarbon derivatives; Organopnictogen compounds; Organic oxygen compounds; Organic nitrogen compounds; Chemical entities	341.316	470	7.832	836961246453369316	836961028651539351	836961028651539350	758	
1	C18H30O2	[M + H3N + H]+	C18H34NO2+	Fatty acids	1.000	Fatty Acids and Conjugates	0.957	Unsaturated fatty acids	0.954	Lipids and lipid-like molecules	0.970	Fatty Acyls	0.960	Fatty acids and conjugates	0.955	Long-chain fatty acids	0.920	Long-chain fatty acids	0.920	Organic compounds; Lipids and lipid-like molecules; Fatty acids and conjugates; Organic acids and derivatives; Carboxylic acids and derivatives; Organooxygen compounds; Straight chain fatty acids; Unsaturated fatty acids; Monocarboxylic acids and derivatives; Carboxylic acids; Carbonyl compounds; Long-chain fatty acids; Fatty Acyls; Organic oxides; Hydrocarbon derivatives; Organic oxygen compounds; Chemical entities	296.258	470	7.832	836961238777791969	836961028722842527	836961028722842526	760	
1	C15H33N3O5	[M - H2O + H]+	C15H32N3O4+	Amino acids and Peptides	0.779	Small peptides	0.854	N-acyl amines	0.628	Organic acids and derivatives	0.993	Carboxylic acids and derivatives	0.989	Amino acids, peptides, and analogues	0.896	Peptides	0.547	Peptides	0.547	Organic compounds; Lipids and lipid-like molecules; Amino acids, peptides, and analogues; Alpha amino acids and derivatives; Alcohols and polyols; Fatty acids and conjugates; Organic acids and derivatives; Carboxylic acids and derivatives; Organonitrogen compounds; Organooxygen compounds; Fatty amides; Amino acids and derivatives; Peptides; Hydroxamic acids; Monoalkylamines; Hydroxy acids and derivatives; Carboxylic acid amides; Carboxylic acid derivatives; N-acyl amines; Monocarboxylic acids and derivatives; N-acyl-alpha amino acids and derivatives; Carboxylic acids; Secondary carboxylic acid amides; Carbonyl compounds; Alpha amino acid amides; N-acyl-alpha amino acids; Amines; Primary amines; Fatty Acyls; Organic oxides; Hydrocarbon derivatives; Amino acids; Organopnictogen compounds; Organic oxygen compounds; Organic nitrogen compounds; Chemical entities	318.240	470	7.832	836961239243359806	836961028685093787	836961028685093786	759	
1	C18H30O	[M + H3N + H]+	C18H34NO+	Terpenoids	0.962	Diterpenoids	0.707	Norlabdane diterpenoids	0.094	Lipids and lipid-like molecules	0.867	Prenol lipids	0.677					Prenol lipids	0.677	Organic compounds; Lipids and lipid-like molecules; Prenol lipids; Organooxygen compounds; Carbonyl compounds; Organic oxides; Hydrocarbon derivatives; Organic oxygen compounds; Chemical entities	280.264	470	7.838	836961243072759961	836961028412463995	836961028412463994	751	
1	C15H35N3O5	[M - H2O + H]+	C15H34N3O4+	Fatty acids	0.705	Fatty amides	0.416	N-acyl amines	0.572	Organic acids and derivatives	0.950	Carboxylic acids and derivatives	0.899	Amino acids, peptides, and analogues	0.670	Amino acids and derivatives	0.653	Alpha amino acid amides	0.514	Organic compounds; Lipids and lipid-like molecules; Amino acids, peptides, and analogues; Alpha amino acids and derivatives; Organic acids and derivatives; Carboxylic acids and derivatives; Organonitrogen compounds; Organooxygen compounds; Fatty amides; Amino acids and derivatives; Monoalkylamines; Carboxylic acid amides; Carboxylic acid derivatives; N-acyl amines; Carboxylic acids; Secondary carboxylic acid amides; Carbonyl compounds; Alpha amino acid amides; Amines; Primary amines; Fatty Acyls; Organic oxides; Hydrocarbon derivatives; Organopnictogen compounds; Organic oxygen compounds; Organic nitrogen compounds; Chemical entities	320.256	471	7.851	836961258876899235	836961028479572867	836961028479572866	753	
1	C20H39NO2	[M + H3N + H]+	C20H43N2O2+	Fatty acids	0.999	Fatty amides	0.995	N-acyl ethanolamines (endocannabinoids)	0.979	Lipids and lipid-like molecules	0.915	Fatty Acyls	0.925	Fatty amides	0.904	N-acyl amines	0.826	N-acyl amines	0.826	Organic compounds; Lipids and lipid-like molecules; Alcohols and polyols; Organic acids and derivatives; Carboxylic acids and derivatives; Organonitrogen compounds; Primary alcohols; Organooxygen compounds; Fatty amides; Carboxylic acid amides; Carboxylic acid derivatives; N-acyl amines; Secondary carboxylic acid amides; Carbonyl compounds; Fatty Acyls; Organic oxides; Hydrocarbon derivatives; Organopnictogen compounds; Organic oxygen compounds; Organic nitrogen compounds; Chemical entities	343.332	471	7.855	836961243613825229	836961028446018431	836961028446018430	752	
1	C24H48NO7P	[M + H]+	C24H49NO7P+	Fatty acids	1.000	Glycerophospholipids	1.000	Glycerophosphoethanolamines	0.997	Organic acids and derivatives	0.999	Carboxylic acids and derivatives	0.995	Amino acids, peptides, and analogues	0.957	Amino acids and derivatives	0.956	Amino acids and derivatives	0.956	Organic compounds; Lipids and lipid-like molecules; Amino acids, peptides, and analogues; Alcohols and polyols; Glycerophospholipids; Organic acids and derivatives; Carboxylic acids and derivatives; Organonitrogen compounds; Organooxygen compounds; Fatty acid esters; Amino acids and derivatives; Organic phosphoric acids and derivatives; Phosphate esters; Monoalkylamines; Carboxylic acid derivatives; Monocarboxylic acids and derivatives; Carboxylic acid esters; Phosphoethanolamines; Lysophosphatidylethanolamines; Secondary alcohols; 1-acyl-sn-glycero-3-phosphoethanolamines; Carbonyl compounds; Glycerophosphoethanolamines; Amines; Primary amines; Alkyl phosphates; Dialkyl phosphates; Fatty Acyls; Organic oxides; Hydrocarbon derivatives; Organopnictogen compounds; Organic oxygen compounds; Organic nitrogen compounds; Chemical entities	494.324	473	7.880	836961237783741759	836961028789951399	836961028785757094	762	
1	C18H31NO5	[M - H2O + H]+	C18H30NO4+	Fatty acids	0.958	Fatty amides	0.270	Nitro fatty acids	0.107	Lipids and lipid-like molecules	0.805	Fatty Acyls	0.818					Fatty Acyls	0.818	Organic compounds; Lipids and lipid-like molecules; Alcohols and polyols; Organic acids and derivatives; Carboxylic acids and derivatives; Organonitrogen compounds; Organooxygen compounds; Carboxylic acid derivatives; Secondary alcohols; Carbonyl compounds; Fatty Acyls; Organic oxides; Hydrocarbon derivatives; Organopnictogen compounds; Organic oxygen compounds; Organic nitrogen compounds; Chemical entities	324.217	473	7.881	836961248890260355	836961029142272975	836961029142272974	772	
1	C13H25ClNO3	[M + Na]+	C13H25ClNNaO3+	Amino acids and Peptides	0.430	Small peptides	0.242	Open-chain polyketides	0.214	Benzenoids	0.407	Benzene and substituted derivatives	0.587	Halobenzenes	0.566	Chlorobenzenes	0.566	Chlorobenzenes	0.566	Organic compounds; Halobenzenes; Organic acids and derivatives; Carboxylic acids and derivatives; Organohalogen compounds; Organonitrogen compounds; Organooxygen compounds; Chlorobenzenes; Organochlorides; Carbonyl compounds; Benzene and substituted derivatives; Organic oxides; Hydrocarbon derivatives; Organopnictogen compounds; Organic oxygen compounds; Organic nitrogen compounds; Chemical entities	301.141	473	7.881	836961252124069100	836961028752202659	836961028752202658	761	
1	C18H31NO5	[M - H2O + H]+	C18H30NO4+	Fatty acids	0.958	Fatty amides	0.270	Nitro fatty acids	0.107	Lipids and lipid-like molecules	0.805	Fatty Acyls	0.818					Fatty Acyls	0.818	Organic compounds; Lipids and lipid-like molecules; Alcohols and polyols; Organic acids and derivatives; Carboxylic acids and derivatives; Organonitrogen compounds; Organooxygen compounds; Carboxylic acid derivatives; Secondary alcohols; Carbonyl compounds; Fatty Acyls; Organic oxides; Hydrocarbon derivatives; Organopnictogen compounds; Organic oxygen compounds; Organic nitrogen compounds; Chemical entities	324.217	473	7.886	836961260864999546	836961029280685023	836961029280685022	776	
1	C18H30O	[M + H]+	C18H31O+	Fatty acids	0.994	Fatty acyls	0.986	Fatty aldehydes	0.600	Lipids and lipid-like molecules	0.565	Fatty Acyls	0.432	Fatty aldehydes	0.517			Fatty aldehydes	0.517	Organic compounds; Lipids and lipid-like molecules; Ketones; Fatty aldehydes; Organooxygen compounds; Carbonyl compounds; Organic oxides; Hydrocarbon derivatives; Organic oxygen compounds; Chemical entities	263.237	473	7.887	836961251171962002	836961028857060271	836961028857060270	764	
1	C9H14O2	[M + H3N + H]+	C9H18NO2+	Fatty acids	0.990	Fatty Acids and Conjugates	0.860	Unsaturated fatty acids	0.865	Lipids and lipid-like molecules	0.534							Lipids and lipid-like molecules	0.534	Organic compounds; Lipids and lipid-like molecules; Organic acids and derivatives; Carboxylic acids and derivatives; Organooxygen compounds; Monocarboxylic acids and derivatives; Carboxylic acids; Carbonyl compounds; Organic oxides; Hydrocarbon derivatives; Organic oxygen compounds; Chemical entities	172.133	473	7.887	836961261368316089	836961029075164103	836961029075164102	770	
1	C20H35NO2	[M + H3N + H]+	C20H39N2O2+	Fatty acids	0.999	Fatty amides	0.854	Primary amides	0.470	Lipids and lipid-like molecules	0.817	Fatty Acyls	0.749	Fatty amides	0.605			Fatty amides	0.605	Organic compounds; Lipids and lipid-like molecules; Organic acids and derivatives; Carboxylic acids and derivatives; Organonitrogen compounds; Organooxygen compounds; Fatty amides; Carboxylic acid amides; Carboxylic acid derivatives; Secondary carboxylic acid amides; Carbonyl compounds; Fatty Acyls; Acetamides; Organic oxides; Hydrocarbon derivatives; Organopnictogen compounds; Organic oxygen compounds; Organic nitrogen compounds; Chemical entities	339.301	473	7.887	836961262521749828	836961028894809011	836961028894809010	765	
1	C18H32O2	[M + H3N + H]+	C18H36NO2+	Fatty acids	1.000	Fatty Acids and Conjugates	0.889	Unsaturated fatty acids	0.947	Lipids and lipid-like molecules	0.985	Fatty Acyls	0.981	Lineolic acids and derivatives	0.725			Lineolic acids and derivatives	0.725	Organic compounds; Lipids and lipid-like molecules; Fatty acids and conjugates; Organic acids and derivatives; Carboxylic acids and derivatives; Organooxygen compounds; Straight chain fatty acids; Unsaturated fatty acids; Lineolic acids and derivatives; Monocarboxylic acids and derivatives; Carboxylic acids; Carbonyl compounds; Long-chain fatty acids; Fatty Acyls; Organic oxides; Hydrocarbon derivatives; Organic oxygen compounds; Chemical entities	298.274	473	7.889	836961239528572561	836961028932557751	836961028932557750	766	
1	C18H30O	[M + H3N + H]+	C18H34NO+	Fatty acids	0.971	Fatty acyls	0.960	Fatty alcohols	0.423	Lipids and lipid-like molecules	0.662							Lipids and lipid-like molecules	0.662	Organic compounds; Lipids and lipid-like molecules; Ketones; Organooxygen compounds; Carbonyl compounds; Organic oxides; Hydrocarbon derivatives; Organic oxygen compounds; Chemical entities	280.264	473	7.889	836961245207660905	836961028966112187	836961028966112186	767	
1	C20H39NO2	[M + H3N + H]+	C20H43N2O2+	Fatty acids	1.000	Fatty amides	0.994	N-acyl ethanolamines (endocannabinoids)	0.812	Lipids and lipid-like molecules	0.878	Fatty Acyls	0.899	Fatty amides	0.819	N-acyl amines	0.727	N-acyl amines	0.727	Organic compounds; Lipids and lipid-like molecules; Alcohols and polyols; Organic acids and derivatives; Carboxylic acids and derivatives; Organonitrogen compounds; Organooxygen compounds; Fatty amides; Carboxylic acid amides; Carboxylic acid derivatives; N-acyl amines; Secondary carboxylic acid amides; Carbonyl compounds; Fatty Acyls; Organic oxides; Hydrocarbon derivatives; Organopnictogen compounds; Organic oxygen compounds; Organic nitrogen compounds; Chemical entities	343.332	473	7.890	836961258956591033	836961029041609667	836961029041609666	769	
1	C9H14O	[M + H3N + H]+	C9H18NO+	Terpenoids	0.882	Monoterpenoids	0.755	Monocyclic monoterpenoids	0.205	Organic oxygen compounds	0.992	Organooxygen compounds	0.987	Carbonyl compounds	0.735			Carbonyl compounds	0.735	Organic compounds; Organooxygen compounds; Carbonyl compounds; Organic oxides; Hydrocarbon derivatives; Organic oxygen compounds; Chemical entities	156.138	473	7.890	836961246809885210	836961029108718539	836961029108718538	771	
1	C20H35NO2	[M + H3N + H]+	C20H39N2O2+	Fatty acids	0.998	Fatty amides	0.965	Primary amides	0.978	Lipids and lipid-like molecules	0.873	Fatty Acyls	0.869	Fatty amides	0.808			Fatty amides	0.808	Organic compounds; Lipids and lipid-like molecules; Organic acids and derivatives; Carboxylic acids and derivatives; Organonitrogen compounds; Organooxygen compounds; Fatty amides; Carboxylic acid amides; Carboxylic acid derivatives; Primary carboxylic acid amides; Carbonyl compounds; Fatty Acyls; Organic oxides; Hydrocarbon derivatives; Organopnictogen compounds; Organic oxygen compounds; Organic nitrogen compounds; Chemical entities	339.301	473	7.891	836961241176934286	836961029553314815	836961029553314814	784	
1	C18H35NO2	[M + K]+	C18H35KNO2+	Fatty acids	1.000	Fatty amides	0.993	Primary amides	0.986	Lipids and lipid-like molecules	0.867	Fatty Acyls	0.893	Fatty amides	0.793			Fatty amides	0.793	Organic compounds; Lipids and lipid-like molecules; Organic acids and derivatives; Carboxylic acids and derivatives; Organonitrogen compounds; Organooxygen compounds; Fatty amides; Carboxylic acid amides; Carboxylic acid derivatives; Primary carboxylic acid amides; Carbonyl compounds; Fatty Acyls; Organic oxides; Hydrocarbon derivatives; Organopnictogen compounds; Organic oxygen compounds; Organic nitrogen compounds; Chemical entities	336.230	474	7.892	836961243211172022	836961029519760379	836961029519760378	783	
1	C16H22O4	[M + Na]+	C16H22NaO4+	Shikimates and Phenylpropanoids	0.323	Phenylpropanoids (C6-C3)	0.203	Cinnamic acids and derivatives	0.242	Benzenoids	0.963	Phenol ethers	0.588					Phenol ethers	0.588	Organic compounds; Alkyl aryl ethers; Ethers; Organic acids and derivatives; Carboxylic acids and derivatives; Organooxygen compounds; Carboxylic acid derivatives; Monocarboxylic acids and derivatives; Carboxylic acid esters; Carbonyl compounds; Benzene and substituted derivatives; Phenol ethers; Benzenoids; Organic oxides; Hydrocarbon derivatives; Organic oxygen compounds; Phenoxy compounds; Chemical entities	301.141	474	7.908	836961250320518252	836961029180021715	836961029175827410	773	
1	C18H30O	[M + H]+	C18H31O+	Fatty acids	0.998	Fatty acyls	0.993	Fatty aldehydes	0.534	Lipids and lipid-like molecules	0.542							Lipids and lipid-like molecules	0.542	Organic compounds; Lipids and lipid-like molecules; Ketones; Organooxygen compounds; Carbonyl compounds; Organic oxides; Hydrocarbon derivatives; Organic oxygen compounds; Chemical entities	263.237	475	7.917	836961243710294228	836961029628812295	836961029628812294	786	
1	C20H30O2	[M - H2O + H]+	C20H29O+	Terpenoids	0.974	Diterpenoids	0.984	Abietane diterpenoids	0.842	Lipids and lipid-like molecules	0.684	Prenol lipids	0.490	Diterpenoids	0.767			Diterpenoids	0.767	Organic compounds; Lipids and lipid-like molecules; Phenanthrenes and derivatives; Tetralins; Phenols; Hydrophenanthrenes; Organooxygen compounds; Diterpenoids; Benzenoids; Hydrocarbon derivatives; Organic oxygen compounds; 1-hydroxy-2-unsubstituted benzenoids; 1-hydroxy-4-unsubstituted benzenoids; Chemical entities	285.221	476	7.926	836961261368316095	836961029247130587	836961029247130586	775	
1	C22H47NO2	[M + H]+	C22H48NO2+	Fatty acids	0.974	Spingolipids	0.706	Sphingoid bases	0.966	Organic nitrogen compounds	1.000	Organonitrogen compounds	1.000	Amines	0.999	Alkanolamines	0.987	1,2-aminoalcohols	0.988	Organic compounds; Alcohols and polyols; Organonitrogen compounds; Primary alcohols; Organooxygen compounds; 1,2-aminoalcohols; Dialkylamines; Amines; Secondary amines; Alkanolamines; Hydrocarbon derivatives; Organopnictogen compounds; Organic oxygen compounds; Organic nitrogen compounds; Chemical entities	358.368	476	7.927	836961249657818127	836961029213576151	836961029213576150	774	
1	C16H27N4O6S	[M - H2O + H]+	C16H26N4O5S+	Amino acids and Peptides	0.724	Small peptides	0.206	Dipeptides	0.138	Organic acids and derivatives	0.993	Carboxylic acids and derivatives	0.924	Amino acids, peptides, and analogues	0.705	Amino acids and derivatives	0.698	N-acyl-alpha amino acids and derivatives	0.543	Organic compounds; Organosulfur compounds; Lipids and lipid-like molecules; Amino acids, peptides, and analogues; Alpha amino acids and derivatives; Fatty acids and conjugates; Organic acids and derivatives; Carboxylic acids and derivatives; Organonitrogen compounds; Organooxygen compounds; Fatty amides; Amino acids and derivatives; Carboxylic acid amides; Carboxylic acid derivatives; N-acyl amines; Monocarboxylic acids and derivatives; N-acyl-alpha amino acids and derivatives; Carboxylic acids; Secondary carboxylic acid amides; Carbonyl compounds; Amines; Primary amines; Fatty Acyls; Organic oxides; Hydrocarbon derivatives; Amino acids; Organopnictogen compounds; Organic oxygen compounds; Organic nitrogen compounds; Chemical entities	386.161	476	7.939	836961282302089020	836961029314239459	836961029314239458	777	
1	C17H36O7Si	[M - H2O + H]+	C17H35O6Si+	Fatty acids	0.992	Fatty esters	0.792	Wax monoesters	0.466	Lipids and lipid-like molecules	0.867	Fatty Acyls	0.782	Fatty acid esters	0.684			Fatty acid esters	0.684	Organic compounds; Lipids and lipid-like molecules; Organic acids and derivatives; Carboxylic acids and derivatives; Organooxygen compounds; Fatty acid esters; Dicarboxylic acids and derivatives; Carboxylic acid derivatives; Carboxylic acids; Carboxylic acid esters; Carbonyl compounds; Fatty Acyls; Organic oxides; Hydrocarbon derivatives; Organic oxygen compounds; Chemical entities	363.220	477	7.949	836961265701032713	836961029351988199	836961029347793894	778	
1	C16H21ClN2O7	[M + Na]+	C16H21ClN2NaO7+	Amino acids and Peptides	0.336	Ornithine alkaloids	0.108	Dipeptides	0.071	Benzenoids	0.945	Benzene and substituted derivatives	0.931	Nitrobenzenes	0.850			Nitrobenzenes	0.850	Organic compounds; Halobenzenes; Nitrobenzenes; Organic acids and derivatives; Carboxylic acids and derivatives; Organohalogen compounds; Organonitrogen compounds; Organooxygen compounds; Aryl chlorides; Carboxylic acid derivatives; Chlorobenzenes; Organic nitro compounds; Organic oxoazanium compounds; Organochlorides; Secondary carboxylic acid amides; Carbonyl compounds; Benzene and substituted derivatives; Benzenoids; Aryl halides; Organic zwitterions; Organic 1,3-dipolar compounds; Allyl-type 1,3-dipolar organic compounds; Propargyl-type 1,3-dipolar organic compounds; Organic oxides; C-nitro compounds; Hydrocarbon derivatives; Organopnictogen compounds; Organic oxygen compounds; Nitroaromatic compounds; Organic nitrogen compounds; Chemical entities	411.094	478	7.959	836961336207287035	836961029385542635	836961029381348330	779	
1	C12H24N4O5Si3	[M - H2O + H]+	C12H23N4O4Si3+	Amino acids and Peptides	0.303	Small peptides	0.497	Imidazole alkaloids	0.202	Organic acids and derivatives	0.737	Carboxylic acids and derivatives	0.441	Amino acids, peptides, and analogues	0.546	Amino acids and derivatives	0.545	Amino acids and derivatives	0.545	Organic compounds; Amino acids, peptides, and analogues; Organic acids and derivatives; Organonitrogen compounds; Organooxygen compounds; Amino acids and derivatives; Carbonyl compounds; Organic salts; Organic oxides; Hydrocarbon derivatives; Organopnictogen compounds; Organic oxygen compounds; Organic nitrogen compounds; Chemical entities	371.101	478	7.962	836961273296917773	836961029419097071	836961029419097070	780	
1	C17H21ClN3O4	[M + Na]+	C17H21ClN3NaO4+	Alkaloids	0.438	Small peptides	0.218	Dipeptides	0.060	Organic acids and derivatives	0.883	Carboxylic acids and derivatives	0.820	Amino acids, peptides, and analogues	0.635	Amino acids and derivatives	0.635	Amino acids and derivatives	0.635	Organic compounds; Organoheterocyclic compounds; Amino acids, peptides, and analogues; Halobenzenes; Benzoic acids and derivatives; Benzamides; Ethers; Organic acids and derivatives; Carboxylic acids and derivatives; Organohalogen compounds; Organonitrogen compounds; Aniline and substituted anilines; Benzoyl derivatives; Organooxygen compounds; Amino acids and derivatives; Carboxylic acid amides; Aryl chlorides; Carboxylic acid derivatives; Chlorobenzenes; Organochlorides; Benzene and substituted derivatives; Benzenoids; Amines; Tertiary amines; Aryl halides; Halobenzoic acids and derivatives; Organic oxides; Azacyclic compounds; Hydrocarbon derivatives; Organopnictogen compounds; Organic oxygen compounds; Organic nitrogen compounds; Chemical entities	389.112	478	7.962	836961312438164766	836961029452651507	836961029452651506	781	
1	C8H24O4Si4	[M + H]+	C8H25O4Si4+	Fatty acids	0.867	Fatty acyls	0.501	Halogenated fatty acids	0.622	Organometallic compounds	0.838	Organometalloid compounds	0.838					Organometalloid compounds	0.838	Organic compounds; Organometallic compounds; Organometalloid compounds; Hydrocarbon derivatives; Organic oxygen compounds; Chemical entities	297.083	478	7.962	836961253009067406	836961029486205943	836961029486205942	782	
1	C20H39NO2	[M + H3N + H]+	C20H43N2O2+	Fatty acids	1.000	Fatty amides	0.998	N-acyl ethanolamines (endocannabinoids)	0.875	Lipids and lipid-like molecules	0.889	Fatty Acyls	0.918	Fatty amides	0.849	N-acyl amines	0.610	N-acyl amines	0.610	Organic compounds; Lipids and lipid-like molecules; Alcohols and polyols; Organic acids and derivatives; Carboxylic acids and derivatives; Organonitrogen compounds; Primary alcohols; Organooxygen compounds; Fatty amides; Carboxylic acid amides; Carboxylic acid derivatives; N-acyl amines; Secondary carboxylic acid amides; Carbonyl compounds; Fatty Acyls; Organic oxides; Hydrocarbon derivatives; Organopnictogen compounds; Organic oxygen compounds; Organic nitrogen compounds; Chemical entities	343.332	478	7.966	836961249024478114	836961029737864211	836961029737864210	789	
1	C15H35N3O5	[M - H2O + H]+	C15H34N3O4+	Fatty acids	0.976	Fatty amides	0.830	N-acyl amines	0.832	Lipids and lipid-like molecules	0.661	Fatty Acyls	0.647	Fatty amides	0.541	N-acyl amines	0.667	N-acyl amines	0.667	Organic compounds; Lipids and lipid-like molecules; Alcohols and polyols; Organic acids and derivatives; Carboxylic acids and derivatives; Organonitrogen compounds; Primary alcohols; Organooxygen compounds; Fatty amides; Carboxylic acid amides; Carboxylic acid derivatives; N-acyl amines; Secondary carboxylic acid amides; Fatty Acyls; Organic oxides; Hydrocarbon derivatives; Organopnictogen compounds; Organic oxygen compounds; Organic nitrogen compounds; Chemical entities	320.256	478	7.968	836961252463807790	836961029591063555	836961029591063554	785	
1	C18H32O2	[M + H3N + H]+	C18H36NO2+	Fatty acids	1.000	Fatty Acids and Conjugates	0.915	Unsaturated fatty acids	0.955	Lipids and lipid-like molecules	0.984	Fatty Acyls	0.980	Lineolic acids and derivatives	0.675			Lineolic acids and derivatives	0.675	Organic compounds; Lipids and lipid-like molecules; Fatty acids and conjugates; Organic acids and derivatives; Carboxylic acids and derivatives; Organooxygen compounds; Straight chain fatty acids; Unsaturated fatty acids; Lineolic acids and derivatives; Monocarboxylic acids and derivatives; Carboxylic acids; Carbonyl compounds; Long-chain fatty acids; Fatty Acyls; Organic oxides; Hydrocarbon derivatives; Organic oxygen compounds; Chemical entities	298.274	478	7.969	836961240644257636	836961029666561035	836961029666561034	787	
1	C18H30O	[M + H3N + H]+	C18H34NO+	Fatty acids	0.989	Fatty acyls	0.977	Fatty alcohols	0.504	Lipids and lipid-like molecules	0.614							Lipids and lipid-like molecules	0.614	Organic compounds; Lipids and lipid-like molecules; Ketones; Organooxygen compounds; Carbonyl compounds; Organic oxides; Hydrocarbon derivatives; Organic oxygen compounds; Chemical entities	280.264	478	7.969	836961245207660917	836961029700115471	836961029700115470	788	
1	C36H66N2O3	[M + H3N + H]+	C36H70N3O3+	Fatty acids	0.998	Fatty Acids and Conjugates	0.352	Ceramides	0.218	Lipids and lipid-like molecules	0.956	Fatty Acyls	0.917	Fatty amides	0.781	N-acyl amines	0.799	N-acyl amines	0.799	Organic compounds; Lipids and lipid-like molecules; Alcohols and polyols; Organic acids and derivatives; Carboxylic acids and derivatives; Organonitrogen compounds; Organooxygen compounds; Fatty amides; Carboxylic acid amides; Carboxylic acid derivatives; N-acyl amines; Monocarboxylic acids and derivatives; Carboxylic acids; Secondary carboxylic acid amides; Carbonyl compounds; Amines; Fatty Acyls; Organic oxides; Hydrocarbon derivatives; Organopnictogen compounds; Organic oxygen compounds; Organic nitrogen compounds; Chemical entities	592.542	484	8.072	836961283174504314	836961029771418647	836961029771418646	790	
1	C22H37NO4	[M - H2O + H]+	C22H36NO3+	Fatty acids	0.922	Fatty amides	0.371	Sphingoid bases	0.204	Lipids and lipid-like molecules	0.542							Lipids and lipid-like molecules	0.542	Organic compounds; Lipids and lipid-like molecules; Alcohols and polyols; Organic acids and derivatives; Carboxylic acids and derivatives; Organonitrogen compounds; Organooxygen compounds; Carboxylic acid amides; Carboxylic acid derivatives; Secondary alcohols; Carbonyl compounds; Organic oxides; Hydrocarbon derivatives; Organopnictogen compounds; Organic oxygen compounds; Organic nitrogen compounds; Chemical entities	362.269	486	8.108	836961242217121785	836961029804973083	836961029804973082	791	
1	C20H30O3	[M - H2O + H]+	C20H29O2+	Terpenoids	0.984	Diterpenoids	0.933	Abietane diterpenoids	0.528	Lipids and lipid-like molecules	0.596	Prenol lipids	0.553	Diterpenoids	0.501			Diterpenoids	0.501	Organic compounds; Lipids and lipid-like molecules; Tetralins; Phenols; Prenol lipids; Organic acids and derivatives; Carboxylic acids and derivatives; Organooxygen compounds; Carboxylic acid derivatives; Monocarboxylic acids and derivatives; Carboxylic acid esters; Diterpenoids; Carbonyl compounds; Benzene and substituted derivatives; Benzenoids; Organic oxides; Hydrocarbon derivatives; Organic oxygen compounds; 1-hydroxy-2-unsubstituted benzenoids; 1-hydroxy-4-unsubstituted benzenoids; Chemical entities	301.216	487	8.112	836961243118897313	836961029876276259	836961029876276258	793	
1	C17H28N2O6	[M - H2O + H]+	C17H27N2O5+	Fatty acids	0.382	Small peptides	0.309	Dipeptides	0.100	Organic acids and derivatives	0.997	Carboxylic acids and derivatives	0.994	Amino acids, peptides, and analogues	0.651	Amino acids and derivatives	0.637	Alpha amino acids and derivatives	0.581	Organic compounds; Lipids and lipid-like molecules; Amino acids, peptides, and analogues; Alpha amino acids and derivatives; Alcohols and polyols; Fatty acids and conjugates; Organic acids and derivatives; Carboxylic acids and derivatives; Organonitrogen compounds; Primary alcohols; Organooxygen compounds; Fatty amides; Hydroxy fatty acids; Amino acids and derivatives; Carboxylic acid amides; Carboxylic acid derivatives; N-acyl amines; Monocarboxylic acids and derivatives; Carboxylic acids; Secondary alcohols; Secondary carboxylic acid amides; Carbonyl compounds; Fatty Acyls; Organic oxides; Hydrocarbon derivatives; Organopnictogen compounds; Organic oxygen compounds; Organic nitrogen compounds; Chemical entities	339.193	487	8.112	836961261536088291	836961029842721823	836961029842721822	792	
1	C18H28O	[M + H]+	C18H29O+	Terpenoids	0.911	Diterpenoids	0.665	Farnesane sesquiterpenoids	0.142	Lipids and lipid-like molecules	0.804	Prenol lipids	0.711					Prenol lipids	0.711	Organic compounds; Lipids and lipid-like molecules; Prenol lipids; Organooxygen compounds; Carbonyl compounds; Organic oxides; Hydrocarbon derivatives; Organic oxygen compounds; Chemical entities	261.221	489	8.143	836961248298863359	836961029909830695	836961029909830694	794	
1	C18H28O	[M + H3N + H]+	C18H32NO+	Terpenoids	0.867	Diterpenoids	0.680	Fatty aldehydes	0.068	Lipids and lipid-like molecules	0.874	Prenol lipids	0.737					Prenol lipids	0.737	Organic compounds; Lipids and lipid-like molecules; Aldehydes; Prenol lipids; Organooxygen compounds; Carbonyl compounds; Organic oxides; Hydrocarbon derivatives; Organic oxygen compounds; Chemical entities	278.248	489	8.145	836961252354755865	836961029947579435	836961029947579434	795	
1	C12H24O2	[M - H2O + H]+	C12H23O+	Fatty acids	0.938	Fatty acyls	0.789	Fatty alcohols	0.653	Lipids and lipid-like molecules	0.668	Fatty Acyls	0.590					Fatty Acyls	0.590	Organic compounds; Lipids and lipid-like molecules; Alcohols and polyols; Organooxygen compounds; Carbonyl compounds; Fatty Acyls; Organic oxides; Hydrocarbon derivatives; Organic oxygen compounds; Chemical entities	183.174	490	8.162	836961242468780137	836961029981133871	836961029976939566	796	
1	C15H26O	[M + H]+	C15H27O+	Fatty acids	0.971	Fatty acyls	0.973	Fatty aldehydes	0.734	Lipids and lipid-like molecules	0.512							Lipids and lipid-like molecules	0.512	Organic compounds; Lipids and lipid-like molecules; Aldehydes; Organooxygen compounds; Carbonyl compounds; Organic oxides; Hydrocarbon derivatives; Organic oxygen compounds; Chemical entities	223.206	492	8.204	836961239117530654	836961030035659827	836961030035659826	797	
1	C20H39NO3	[M - H2O + H]+	C20H38NO2+	Fatty acids	0.976	Fatty amides	0.819	N-acyl ethanolamines (endocannabinoids)	0.465	Lipids and lipid-like molecules	0.791	Fatty Acyls	0.753	Fatty amides	0.733	N-acyl amines	0.597	N-acyl amines	0.597	Organic compounds; Lipids and lipid-like molecules; Alcohols and polyols; Organic acids and derivatives; Carboxylic acids and derivatives; Organonitrogen compounds; Organooxygen compounds; Fatty amides; Carboxylic acid amides; Carboxylic acid derivatives; N-acyl amines; Secondary carboxylic acid amides; Carbonyl compounds; Fatty Acyls; Organic oxides; Hydrocarbon derivatives; Organopnictogen compounds; Organic oxygen compounds; Organic nitrogen compounds; Chemical entities	324.290	493	8.212	836961250236632154	836961030069214263	836961030069214262	798	
1	C13H24N6O3	[M - H2O + H]+	C13H23N6O2+	Amino acids and Peptides	0.911	Small peptides	0.899	Tripeptides	0.484	Organic acids and derivatives	0.895	Carboxylic acids and derivatives	0.844	Amino acids, peptides, and analogues	0.553	Amino acids and derivatives	0.543	Amino acids and derivatives	0.543	Organic compounds; Amino acids, peptides, and analogues; Organic acids and derivatives; Carboxylic acids and derivatives; Organonitrogen compounds; Organooxygen compounds; Amino acids and derivatives; Guanidines; Carboxylic acid amides; Carboxylic acid derivatives; Carbonyl compounds; Carboximidamides; Organic 1,3-dipolar compounds; Propargyl-type 1,3-dipolar organic compounds; Organic oxides; Azacyclic compounds; Hydrocarbon derivatives; Organopnictogen compounds; Organic oxygen compounds; Organic nitrogen compounds; Chemical entities	295.188	493	8.224	836961246717610497	836961030102768699	836961030102768698	799	
1	C18H28O	[M + H3N + H]+	C18H32NO+	Terpenoids	0.758	Diterpenoids	0.478	Fatty aldehydes	0.110	Lipids and lipid-like molecules	0.888	Prenol lipids	0.653					Prenol lipids	0.653	Organic compounds; Lipids and lipid-like molecules; Aldehydes; Prenol lipids; Organooxygen compounds; Carbonyl compounds; Organic oxides; Hydrocarbon derivatives; Organic oxygen compounds; Chemical entities	278.248	495	8.250	836961245090220374	836961030169877571	836961030169877570	801	
1	C12H24O2	[M - H2O + H]+	C12H23O+	Fatty acids	0.951	Fatty acyls	0.669	Fatty alcohols	0.488	Lipids and lipid-like molecules	0.769	Fatty Acyls	0.708					Fatty Acyls	0.708	Organic compounds; Lipids and lipid-like molecules; Alcohols and polyols; Organooxygen compounds; Carbonyl compounds; Fatty Acyls; Organic oxides; Hydrocarbon derivatives; Organic oxygen compounds; Chemical entities	183.174	496	8.262	836961241042716551	836961030203432007	836961030203432006	802	
1	C18H33NO2	[M - H2O + H]+	C18H32NO+	Fatty acids	0.800	Fatty amides	0.422	Primary amides	0.233	Organic nitrogen compounds	1.000	Organonitrogen compounds	1.000					Organonitrogen compounds	1.000	Organic compounds; Organonitrogen compounds; Organooxygen compounds; Hydrocarbon derivatives; Organopnictogen compounds; Organic oxygen compounds; Organic nitrogen compounds; Chemical entities	278.248	497	8.277	836961267500389284	836961030308289619	836961030308289618	805	
1	C18H33NO3	[M - H2O + H]+	C18H32NO2+	Fatty acids	0.960	Fatty amides	0.236	Sphingoid bases	0.287	Lipids and lipid-like molecules	0.683	Fatty Acyls	0.658					Fatty Acyls	0.658	Organic compounds; Lipids and lipid-like molecules; Alcohols and polyols; Organonitrogen compounds; Organooxygen compounds; Monoalkylamines; Secondary alcohols; Carbonyl compounds; 1,2-aminoalcohols; Amines; Alkanolamines; Fatty Acyls; Hydrocarbon derivatives; Organopnictogen compounds; Organic oxygen compounds; Organic nitrogen compounds; Chemical entities	294.243	498	8.304	836961266204349273	836961030136323135	836961030136323134	800	
1	C18H28O2	[M + H3N + H]+	C18H32NO2+	Fatty acids	0.920	Fatty Acids and Conjugates	0.254	Unsaturated fatty acids	0.193	Lipids and lipid-like molecules	0.841	Fatty Acyls	0.765	Fatty acids and conjugates	0.594	Long-chain fatty acids	0.596	Long-chain fatty acids	0.596	Organic compounds; Lipids and lipid-like molecules; Ketones; Fatty acids and conjugates; Organic acids and derivatives; Carboxylic acids and derivatives; Organooxygen compounds; Unsaturated fatty acids; Monocarboxylic acids and derivatives; Carboxylic acids; Carbonyl compounds; Long-chain fatty acids; Fatty Acyls; Organic oxides; Hydrocarbon derivatives; Organic oxygen compounds; Chemical entities	294.243	499	8.315	836961251671084221	836961030241180747	836961030236986442	803	
1	C15H22O2	[M - H2O + H]+	C15H21O+	Fatty acids	0.938	Fatty Acids and Conjugates	0.834	Carbocyclic fatty acids	0.985	Benzenoids	0.999	Benzene and substituted derivatives	0.977					Benzene and substituted derivatives	0.977	Organic compounds; Lipids and lipid-like molecules; Fatty acids and conjugates; Organic acids and derivatives; Carboxylic acids and derivatives; Organooxygen compounds; Monocarboxylic acids and derivatives; Carboxylic acids; Carbonyl compounds; Benzene and substituted derivatives; Benzenoids; Fatty Acyls; Organic oxides; Hydrocarbon derivatives; Organic oxygen compounds; Chemical entities	217.159	500	8.333	836961254800035405	836961030274735183	836961030274735182	804	
1	C16H28O	[M + H3N + H]+	C16H32NO+	Fatty acids	0.992	Fatty acyls	0.978	Fatty aldehydes	0.762	Lipids and lipid-like molecules	0.488	Fatty Acyls	0.424	Fatty aldehydes	0.594			Fatty aldehydes	0.594	Organic compounds; Aldehydes; Fatty aldehydes; Organooxygen compounds; Carbonyl compounds; Organic oxides; Hydrocarbon derivatives; Organic oxygen compounds; Chemical entities	254.248	505	8.413	836961248324029197	836961030446701667	836961030442507362	809	
1	C16H28O	[M + H]+	C16H29O+	Fatty acids	0.985	Fatty acyls	0.965	Fatty aldehydes	0.713	Lipids and lipid-like molecules	0.531	Fatty Acyls	0.448	Fatty aldehydes	0.575			Fatty aldehydes	0.575	Organic compounds; Lipids and lipid-like molecules; Aldehydes; Fatty aldehydes; Organooxygen compounds; Carbonyl compounds; Organic oxides; Hydrocarbon derivatives; Organic oxygen compounds; Chemical entities	237.221	505	8.413	836961263159284122	836961030408952927	836961030408952926	808	
1	C16H28O	[M - H2O + H]+	C16H27+	Fatty acids	0.825	Fatty acyls	0.713	Fatty alcohols	0.454	Lipids and lipid-like molecules	0.701							Lipids and lipid-like molecules	0.701	Organic compounds; Lipids and lipid-like molecules; Organooxygen compounds; Carbonyl compounds; Hydrocarbon derivatives; Organic oxygen compounds; Chemical entities	219.211	505	8.413	836961254133141025	836961030480256103	836961030480256102	810	
1	C15H28O2	[M - H2O + H]+	C15H27O+	Fatty acids	0.613	Sesquiterpenoids	0.689	Fatty alcohols	0.183	Lipids and lipid-like molecules	0.831	Fatty Acyls	0.576					Fatty Acyls	0.576	Organic compounds; Lipids and lipid-like molecules; Alcohols and polyols; Organooxygen compounds; Fatty Acyls; Hydrocarbon derivatives; Organic oxygen compounds; Chemical entities	223.206	506	8.427	836961260118413365	836961030341844055	836961030337649750	806	
1	C16H28O	[M + H3N + H]+	C16H32NO+	Terpenoids	0.978	Sesquiterpenoids	0.898	Caryophyllane sesquiterpenoids	0.312	Lipids and lipid-like molecules	0.794	Prenol lipids	0.729					Prenol lipids	0.729	Organic compounds; Lipids and lipid-like molecules; Alcohols and polyols; Prenol lipids; Organooxygen compounds; Hydrocarbon derivatives; Organic oxygen compounds; Chemical entities	254.248	506	8.428	836961254296718888	836961030652222587	836961030652222586	815	
1	C20H30O3	[M - H2O + H]+	C20H29O2+	Terpenoids	0.985	Diterpenoids	0.884	Abietane diterpenoids	0.340	Lipids and lipid-like molecules	0.642	Prenol lipids	0.607	Diterpenoids	0.581			Diterpenoids	0.581	Organic compounds; Lipids and lipid-like molecules; Tetralins; Phenols; Prenol lipids; Organic acids and derivatives; Carboxylic acids and derivatives; Organooxygen compounds; Carboxylic acid derivatives; Monocarboxylic acids and derivatives; Carboxylic acid esters; Diterpenoids; Carbonyl compounds; Benzenoids; Organic oxides; Hydrocarbon derivatives; Organic oxygen compounds; 1-hydroxy-4-unsubstituted benzenoids; Chemical entities	301.216	506	8.441	836961254686789164	836961030547364975	836961030547364974	812	
1	C15H26O	[M + H]+	C15H27O+	Fatty acids	0.988	Fatty acyls	0.986	Fatty aldehydes	0.767	Organic oxygen compounds	0.976	Organooxygen compounds	0.958	Carbonyl compounds	0.878			Carbonyl compounds	0.878	Organic compounds; Organooxygen compounds; Carbonyl compounds; Organic oxides; Hydrocarbon derivatives; Organic oxygen compounds; Chemical entities	223.206	507	8.447	836961245585148288	836961030618668151	836961030618668150	814	
1	C42H82ClF2NO5	[M + Na]+	C42H82ClF2NNaO5+	Fatty acids	0.302	Pseudoalkaloids (transamidation)	0.091	N-acyl amines	0.052	Organic acids and derivatives	0.968	Carboxylic acids and derivatives	0.986	Amino acids, peptides, and analogues	0.828	Amino acids and derivatives	0.824	Amino acids and derivatives	0.824	Organic compounds; Lipids and lipid-like molecules; Amino acids, peptides, and analogues; Halobenzenes; Alcohols and polyols; Ethers; Organic acids and derivatives; Carboxylic acids and derivatives; Organohalogen compounds; Organonitrogen compounds; Organooxygen compounds; Fatty acid esters; Fatty amides; Amino acids and derivatives; Carboxylic acid amides; Alkyl chlorides; Alkyl fluorides; Carboxylic acid derivatives; N-acyl amines; Monocarboxylic acids and derivatives; Carboxylic acid esters; Organochlorides; Organofluorides; Secondary alcohols; Tertiary carboxylic acid amides; Carbonyl compounds; Trialkylamines; Benzene and substituted derivatives; Benzenoids; Amines; Tertiary amines; Alkyl halides; Fatty Acyls; Organic oxides; Hydrocarbon derivatives; Organopnictogen compounds; Organic oxygen compounds; Organic nitrogen compounds; Chemical entities	776.573	507	8.448	836961271371732148	836961030580919411	836961030580919410	813	
1	CHN2O3S	[M + Na]+	CHN2NaO3S+	Alkaloids	0.818	Histidine alkaloids	0.618	Imidazole alkaloids	0.616	Organoheterocyclic compounds	0.771	Heteroaromatic compounds	0.618					Heteroaromatic compounds	0.618	Organic compounds; Organoheterocyclic compounds; Organic acids and derivatives; Organonitrogen compounds; Organic oxides; Azacyclic compounds; Heteroaromatic compounds; Hydrocarbon derivatives; Organic oxygen compounds; Organic nitrogen compounds; Chemical entities	143.959	508	8.475	836961249531988970	836961030509616235	836961030509616234	811	
1	C15H28O	[M + H3N + H]+	C15H32NO+	Fatty acids	0.969	Fatty acyls	0.975	Fatty alcohols	0.966	Lipids and lipid-like molecules	0.670	Fatty Acyls	0.602	Fatty alcohols	0.674	Long-chain fatty alcohols	0.598	Long-chain fatty alcohols	0.598	Organic compounds; Lipids and lipid-like molecules; Alcohols and polyols; Organooxygen compounds; Fatty alcohols; Carbonyl compounds; Long-chain fatty alcohols; Fatty Acyls; Organic oxides; Hydrocarbon derivatives; Organic oxygen compounds; Chemical entities	242.248	511	8.513	836961308839451824	836961030685777023	836961030685777022	816	
1	C18H42N3O5P	[M + H3N + H]+	C18H46N4O5P+	Fatty acids	0.805	Fatty amides	0.096	Sphingoid bases	0.235	Lipids and lipid-like molecules	0.557							Lipids and lipid-like molecules	0.557	Organic compounds; Lipids and lipid-like molecules; Organic acids and derivatives; Organonitrogen compounds; Organooxygen compounds; Organophosphorus compounds; Organic phosphonic acids and derivatives; Monoalkylamines; Primary amines; Organic oxides; Hydrocarbon derivatives; Organopnictogen compounds; Organic oxygen compounds; Organic nitrogen compounds; Chemical entities	429.319	512	8.525	836961283275167637	836961030719331459	836961030719331458	817	
1	C43H76O12S	[M + Na]+	C43H76NaO12S+	Fatty acids	1.000	Glycerolipids	1.000	Glycosyldiacylglycerols	0.982	Lipids and lipid-like molecules	0.998	Glycerolipids	0.984	Glycosylglycerols	0.999	Glycosyldiradylglycerols	0.987	Sulfoquinovosyldiacylglycerols	0.878	Organic compounds; Organoheterocyclic compounds; Carbohydrates and carbohydrate conjugates; Lipids and lipid-like molecules; Alcohols and polyols; Glycerolipids; Ethers; Organic acids and derivatives; Carboxylic acids and derivatives; Organooxygen compounds; Fatty acid esters; Dicarboxylic acids and derivatives; Glycosylglycerols; Carboxylic acid derivatives; Organosulfonic acids; Carboxylic acid esters; Hexoses; Monosaccharides; Acetals; Secondary alcohols; Fatty acyl glycosides; Carbonyl compounds; Oxanes; Glycosyl compounds; O-glycosyl compounds; Sulfoquinovosyldiacylglycerols; Polyols; Glycosyldiacylglycerols; Alkanesulfonic acids and derivatives; Alkanesulfonic acids; Glycosyldiradylglycerols; Fatty acyl glycosides of mono- and disaccharides; Fatty Acyls; Organic oxides; Oxacyclic compounds; Hydrocarbon derivatives; Organic oxygen compounds; Chemical entities	839.497	512	8.535	836961379635111259	836961030790634635	836961030790634634	819	
1	C15H26O2	[M + H]+	C15H27O2+	Terpenoids	0.578	Sesquiterpenoids	0.715	Farnesane sesquiterpenoids	0.142	Lipids and lipid-like molecules	0.689							Lipids and lipid-like molecules	0.689	Organic compounds; Lipids and lipid-like molecules; Carboxylic acids and derivatives; Organooxygen compounds; Monocarboxylic acids and derivatives; Carbonyl compounds; Organic oxides; Hydrocarbon derivatives; Organic oxygen compounds; Chemical entities	239.201	513	8.552	836961244444297469	836961030828383375	836961030828383374	820	
1	C21H35N3O	[M + H3N + H]+	C21H39N4O+	Alkaloids	0.769	Pseudoalkaloids (transamidation)	0.384	Terpenoid alkaloids	0.249	Lipids and lipid-like molecules	0.578							Lipids and lipid-like molecules	0.578	Organic compounds; Lipids and lipid-like molecules; Organonitrogen compounds; Organooxygen compounds; Amines; Hydrocarbon derivatives; Organopnictogen compounds; Organic oxygen compounds; Organic nitrogen compounds; Chemical entities	363.310	513	8.552	836961244754676015	836961030752885895	836961030752885894	818	
1	C45H74O12S	[M + H3N + H]+	C45H78NO12S+	Fatty acids	1.000	Glycerolipids	1.000	Glycosyldiacylglycerols	0.976	Lipids and lipid-like molecules	0.998	Glycerolipids	0.994	Glycosylglycerols	0.999	Glycosyldiradylglycerols	0.981	Sulfoquinovosyldiacylglycerols	0.771	Organic compounds; Organoheterocyclic compounds; Carbohydrates and carbohydrate conjugates; Lipids and lipid-like molecules; Alcohols and polyols; Glycerolipids; Ethers; Organic acids and derivatives; Carboxylic acids and derivatives; Organosulfonic acids and derivatives; Primary alcohols; Organooxygen compounds; Fatty acid esters; Dicarboxylic acids and derivatives; Lineolic acids and derivatives; Glycosylglycerols; Carboxylic acid derivatives; Sulfonyls; Organosulfonic acids; Carboxylic acid esters; Hexoses; Monosaccharides; Acetals; Secondary alcohols; Fatty acyl glycosides; Carbonyl compounds; Oxanes; Glycosyl compounds; O-glycosyl compounds; Sulfoquinovosyldiacylglycerols; Polyols; Glycosyldiacylglycerols; Alkanesulfonic acids and derivatives; Alkanesulfonic acids; Glycosyldiradylglycerols; Fatty acyl glycosides of mono- and disaccharides; Fatty Acyls; Organic oxides; Oxacyclic compounds; Hydrocarbon derivatives; Organic sulfonic acids and derivatives; Organic oxygen compounds; Chemical entities	856.524	515	8.581	836961252803546508	836961030861937811	836961030861937810	821	
1	C15H26O	[M + H]+	C15H27O+	Fatty acids	0.996	Fatty acyls	0.992	Fatty aldehydes	0.841	Organic oxygen compounds	0.986	Organooxygen compounds	0.973	Carbonyl compounds	0.894	Ketones	0.506	Ketones	0.506	Organic compounds; Ketones; Organooxygen compounds; Carbonyl compounds; Organic oxides; Hydrocarbon derivatives; Organic oxygen compounds; Chemical entities	223.206	516	8.595	836961249687178269	836961030899686551	836961030899686550	822	
1	C43H74Cl2N6O7	[M - H2O + H]+	C43H73Cl2N6O6+	Amino acids and Peptides	0.989	Oligopeptides	1.000	Linear peptides	0.329	Organic acids and derivatives	0.997	Carboxylic acids and derivatives	0.994	Amino acids, peptides, and analogues	0.982	Peptides	0.748	Peptides	0.748	Organic compounds; Organoheterocyclic compounds; Lipids and lipid-like molecules; Amino acids, peptides, and analogues; Alpha amino acids and derivatives; Phenethylamines; Amphetamines and derivatives; Pyrrolidines; Organic acids and derivatives; Carboxylic acids and derivatives; Organohalogen compounds; Organonitrogen compounds; Organooxygen compounds; Fatty amides; Amino acids and derivatives; Peptides; Carboxylic acid amides; Alkyl chlorides; Carboxylic acid derivatives; N-acyl amines; Monocarboxylic acids and derivatives; N-acyl-alpha amino acids and derivatives; Organochlorides; Secondary carboxylic acid amides; Tertiary carboxylic acid amides; Carbonyl compounds; Benzene and substituted derivatives; Alpha amino acid amides; Benzenoids; Alkyl halides; N-acylpyrrolidines; Fatty Acyls; Organic oxides; Azacyclic compounds; Hydrocarbon derivatives; Organopnictogen compounds; Organic oxygen compounds; Organic nitrogen compounds; Chemical entities	839.497	519	8.647	836961341072679885	836961031067458731	836961031067458730	827	
1	C19H40N2O3	[M - H2O + H]+	C19H39N2O2+	Fatty acids	0.766	Fatty amides	0.332	N-acyl ethanolamines (endocannabinoids)	0.138	Organic acids and derivatives	0.889	Carboxylic acids and derivatives	0.856	Amino acids, peptides, and analogues	0.534	Amino acids and derivatives	0.530	Amino acids and derivatives	0.530	Organic compounds; Lipids and lipid-like molecules; Amino acids, peptides, and analogues; Alcohols and polyols; Organic acids and derivatives; Carboxylic acids and derivatives; Organonitrogen compounds; Organooxygen compounds; Fatty amides; Amino acids and derivatives; Carboxylic acid amides; Carboxylic acid derivatives; N-acyl amines; Carbonyl compounds; Amines; Fatty Acyls; Organic oxides; Hydrocarbon derivatives; Organopnictogen compounds; Organic oxygen compounds; Organic nitrogen compounds; Chemical entities	327.300	519	8.653	836961263922647496	836961030966795423	836961030966795422	824	
1	C15H28O2	[M - H2O + H]+	C15H27O+	Terpenoids	0.823	Sesquiterpenoids	0.856	Eudesmane sesquiterpenoids	0.188	Lipids and lipid-like molecules	0.848	Prenol lipids	0.505					Prenol lipids	0.505	Organic compounds; Lipids and lipid-like molecules; Alcohols and polyols; Prenol lipids; Organooxygen compounds; Hydrocarbon derivatives; Organic oxygen compounds; Chemical entities	223.206	520	8.659	836961253877288440	836961031340088523	836961031340088522	835	
1	C15H28O	[M + H3N + H]+	C15H32NO+	Fatty acids	0.975	Fatty acyls	0.965	Fatty alcohols	0.942	Lipids and lipid-like molecules	0.661	Fatty Acyls	0.635	Fatty alcohols	0.655	Long-chain fatty alcohols	0.541	Long-chain fatty alcohols	0.541	Organic compounds; Lipids and lipid-like molecules; Alcohols and polyols; Organooxygen compounds; Fatty alcohols; Carbonyl compounds; Long-chain fatty alcohols; Fatty Acyls; Organic oxides; Hydrocarbon derivatives; Organic oxygen compounds; Chemical entities	242.248	520	8.675	836961283518437301	836961031033904295	836961031033904294	826	
1	C4H4ClNO4Se	[M + Na]+	C4H4ClNNaO4Se+	Amino acids and Peptides	0.514	Small peptides	0.335	Aminoacids	0.220	Organic acids and derivatives	0.806	Carboxylic acids and derivatives	0.735	Carboxylic acids	0.690			Carboxylic acids	0.690	Organic compounds; Organic acids and derivatives; Carboxylic acids and derivatives; Organohalogen compounds; Organonitrogen compounds; Organooxygen compounds; Organometallic compounds; Monocarboxylic acids and derivatives; Carboxylic acids; Organometalloid compounds; Organochlorides; Organoselenium compounds; Organic oxides; Hydrocarbon derivatives; Organopnictogen compounds; Organic oxygen compounds; Organic nitrogen compounds; Chemical entities	261.895	521	8.689	836961256947519313	836961030933240987	836961030933240986	823	
1	C13H31N2O3	[M + H]+	C13H32N2O3+	Fatty acids	0.639	Small peptides	0.433	Dipeptides	0.333	Organic acids and derivatives	0.992	Carboxylic acids and derivatives	0.982	Amino acids, peptides, and analogues	0.599	Amino acids and derivatives	0.594	Amino acids and derivatives	0.594	Organic compounds; Lipids and lipid-like molecules; Amino acids, peptides, and analogues; Fatty acids and conjugates; Organic acids and derivatives; Carboxylic acids and derivatives; Organonitrogen compounds; Organooxygen compounds; Fatty amides; Amino acids and derivatives; Carboxylic acid amides; Carboxylic acid derivatives; N-acyl amines; Monocarboxylic acids and derivatives; Carboxylic acids; Secondary carboxylic acid amides; Carbonyl compounds; Fatty Acyls; Organic oxides; Hydrocarbon derivatives; Organopnictogen compounds; Organic oxygen compounds; Organic nitrogen compounds; Chemical entities	264.240	522	8.693	836961248848317283	836961031130373299	836961031130373298	829	
1	C18H33NO	[M + Na]+	C18H33NNaO+	Fatty acids	1.000	Fatty amides	0.997	Primary amides	0.997	Lipids and lipid-like molecules	0.898	Fatty Acyls	0.909	Fatty amides	0.901			Fatty amides	0.901	Organic compounds; Lipids and lipid-like molecules; Organic acids and derivatives; Carboxylic acids and derivatives; Organonitrogen compounds; Organooxygen compounds; Fatty amides; Carboxylic acid amides; Carboxylic acid derivatives; Primary carboxylic acid amides; Carbonyl compounds; Fatty Acyls; Organic oxides; Hydrocarbon derivatives; Organopnictogen compounds; Organic oxygen compounds; Organic nitrogen compounds; Chemical entities	302.245	522	8.694	836961283682015163	836961031096818863	836961031096818862	828	
1	C20H37NO	[M + H3N + H]+	C20H41N2O+	Fatty acids	1.000	Fatty amides	0.998	Primary amides	0.761	Lipids and lipid-like molecules	0.904	Fatty Acyls	0.921	Fatty amides	0.922	N-acyl amines	0.846	N-acyl amines	0.846	Organic compounds; Lipids and lipid-like molecules; Organic acids and derivatives; Carboxylic acids and derivatives; Organonitrogen compounds; Organooxygen compounds; Fatty amides; Carboxylic acid amides; Carboxylic acid derivatives; N-acyl amines; Carbonyl compounds; Fatty Acyls; Organic oxides; Hydrocarbon derivatives; Organopnictogen compounds; Organic oxygen compounds; Organic nitrogen compounds; Chemical entities	325.321	522	8.694	836961244758870341	836961031163927735	836961031163927734	830	
1	C18H30O	[M - H2O + H]+	C18H29+	Fatty acids	0.820	Fatty acyls	0.725	Fatty alcohols	0.414	Lipids and lipid-like molecules	0.899	Fatty Acyls	0.523					Fatty Acyls	0.523	Organic compounds; Lipids and lipid-like molecules; Organooxygen compounds; Carbonyl compounds; Fatty Acyls; Organic oxides; Hydrocarbon derivatives; Organic oxygen compounds; Chemical entities	245.226	522	8.694	836961245950052797	836961031272979651	836961031272979650	833	
1	C18H30O	[M + H3N + H]+	C18H34NO+	Fatty acids	0.938	Fatty acyls	0.918	Fatty alcohols	0.273	Lipids and lipid-like molecules	0.701							Lipids and lipid-like molecules	0.701	Organic compounds; Lipids and lipid-like molecules; Ketones; Organooxygen compounds; Carbonyl compounds; Organic oxides; Hydrocarbon derivatives; Organic oxygen compounds; Chemical entities	280.264	522	8.695	836961249229999038	836961031235230911	836961031235230910	832	
1	C18H30O	[M + H]+	C18H31O+	Fatty acids	0.990	Fatty acyls	0.975	Fatty aldehydes	0.544	Lipids and lipid-like molecules	0.647	Fatty Acyls	0.485	Fatty aldehydes	0.540			Fatty aldehydes	0.540	Organic compounds; Lipids and lipid-like molecules; Fatty aldehydes; Organooxygen compounds; Carbonyl compounds; Organic oxides; Hydrocarbon derivatives; Organic oxygen compounds; Chemical entities	263.237	522	8.695	836961255815057098	836961031201676475	836961031201676474	831	
1	C18H38O4	[M + H]+	C18H39O4+	Fatty acids	1.000	Fatty acyls	0.688	Fatty alcohols	0.865	Lipids and lipid-like molecules	0.970	Fatty Acyls	0.975					Fatty Acyls	0.975	Organic compounds; Lipids and lipid-like molecules; Alcohols and polyols; Organic acids and derivatives; Carboxylic acids and derivatives; Organooxygen compounds; Monocarboxylic acids and derivatives; Carboxylic acids; Secondary alcohols; Carbonyl compounds; Fatty Acyls; Organic oxides; Hydrocarbon derivatives; Organic oxygen compounds; Chemical entities	319.284	522	8.699	836961246902159902	836961031306534087	836961031306534086	834	
1	C3H3ClFO3	[M + Na]+	C3H3ClFNaO3+	Fatty acids	0.983	Fatty Acids and Conjugates	0.990	Halogenated fatty acids	0.993	Lipids and lipid-like molecules	0.494	Fatty Acyls	0.552	Fatty acids and conjugates	0.522	Halogenated fatty acids	0.672	Halogenated fatty acids	0.672	Organic compounds; Fatty acids and conjugates; Organic acids and derivatives; Carboxylic acids and derivatives; Organohalogen compounds; Organooxygen compounds; Halogenated fatty acids; Alkyl chlorides; Alkyl fluorides; Monocarboxylic acids and derivatives; Carboxylic acids; Organochlorides; Organofluorides; Alpha-halocarboxylic acids and derivatives; Carbonyl compounds; Alkyl halides; Alpha-halocarboxylic acids; Fatty Acyls; Organic oxides; Hydrocarbon derivatives; Organic oxygen compounds; Chemical entities	163.965	522	8.708	836961253529161162	836961031000349859	836961030996155554	825	
1	C21H35N3O	[M + H3N + H]+	C21H39N4O+	Alkaloids	0.891	Pseudoalkaloids (transamidation)	0.526	Terpenoid alkaloids	0.139	Organoheterocyclic compounds	0.751	Azoles	0.533					Azoles	0.533	Organic compounds; Organoheterocyclic compounds; Organonitrogen compounds; Organooxygen compounds; Azoles; Monoalkylamines; Amines; Primary amines; Azacyclic compounds; Heteroaromatic compounds; Hydrocarbon derivatives; Organopnictogen compounds; Organic oxygen compounds; Organic nitrogen compounds; Chemical entities	363.310	523	8.709	836961255810862775	836961031369448655	836961031369448654	836	
1	C16H30BNO5	[M + H3N + H]+	C16H34BN2O5+	Fatty acids	0.768	Small peptides	0.204	Aminoacids	0.101	Organic acids and derivatives	0.983	Carboxylic acids and derivatives	0.888	Amino acids, peptides, and analogues	0.521	Amino acids and derivatives	0.519	Amino acids and derivatives	0.519	Organic compounds; Lipids and lipid-like molecules; Amino acids, peptides, and analogues; Fatty acids and conjugates; Organic acids and derivatives; Carboxylic acids and derivatives; Organonitrogen compounds; Organooxygen compounds; Amino acids and derivatives; Organometallic compounds; Carboxylic acid amides; Boronic acid derivatives; Carboxylic acid derivatives; Carboxylic acids; Organometalloid compounds; Secondary carboxylic acid amides; Carbonyl compounds; Organoboron compounds; Organic salts; Fatty Acyls; Organic oxides; Organic metalloid salts; Organic metal salts; Hydrocarbon derivatives; Alkylboranes; Monoalkylboranes; Organic oxygen compounds; Organic nitrogen compounds; Chemical entities	344.258	524	8.732	836961262886654308	836961031440751831	836961031440751830	838	
1	C17H26N2O5	[M - H2O + H]+	C17H25N2O4+	Amino acids and Peptides	0.660	Small peptides	0.203	Dipeptides	0.238	Organic acids and derivatives	0.991	Carboxylic acids and derivatives	0.978	Amino acids, peptides, and analogues	0.613	Amino acids and derivatives	0.608	Alpha amino acids and derivatives	0.578	Organic compounds; Lipids and lipid-like molecules; Amino acids, peptides, and analogues; Alpha amino acids and derivatives; Organic acids and derivatives; Carboxylic acids and derivatives; Organonitrogen compounds; Organooxygen compounds; Fatty amides; Amino acids and derivatives; Carboxylic acid amides; Carboxylic acid derivatives; N-acyl amines; Monocarboxylic acids and derivatives; Secondary carboxylic acid amides; Carbonyl compounds; Fatty Acyls; Organic oxides; Hydrocarbon derivatives; Organopnictogen compounds; Organic oxygen compounds; Organic nitrogen compounds; Chemical entities	321.182	525	8.743	836961261754192151	836961031574969575	836961031574969574	842	
1	C18H30O	[M + H3N + H]+	C18H34NO+	Fatty acids	0.990	Fatty acyls	0.977	Fatty alcohols	0.413	Lipids and lipid-like molecules	0.615							Lipids and lipid-like molecules	0.615	Organic compounds; Lipids and lipid-like molecules; Ketones; Organooxygen compounds; Carbonyl compounds; Organic oxides; Hydrocarbon derivatives; Organic oxygen compounds; Chemical entities	280.264	528	8.807	836961286060185743	836961031474306267	836961031474306266	839	
1	C12H27BO4	[M + H3N + H]+	C12H31BNO4+	Fatty acids	0.625	Monoterpenoids	0.568	Pinane monoterpenoids	0.367	Lipids and lipid-like molecules	0.546							Lipids and lipid-like molecules	0.546	Organic compounds; Lipids and lipid-like molecules; Organic acids and derivatives; Organooxygen compounds; Organometallic compounds; Organometalloid compounds; Organoboron compounds; Organic salts; Organic metalloid salts; Organic metal salts; Hydrocarbon derivatives; Alkylboranes; Dialkylboranes; Organic oxygen compounds; Chemical entities	263.237	529	8.812	836961246390454743	836961031507860703	836961031507860702	840	
1	C20H28O3	[M - H2O + H]+	C20H27O2+	Terpenoids	0.923	Sesquiterpenoids	0.415	Cannabinoids	0.329	Benzenoids	0.933	Phenols	0.624					Phenols	0.624	Organic compounds; Phenols; Organic acids and derivatives; Carboxylic acids and derivatives; Organooxygen compounds; Monocarboxylic acids and derivatives; Benzene and substituted derivatives; Benzenoids; Organic oxides; Hydrocarbon derivatives; Organic oxygen compounds; Chemical entities	299.201	529	8.813	836961261645140215	836961031545609443	836961031541415138	841	
1	C16H37FN3O3	[M + H]+	C16H38FN3O3+	Amino acids and Peptides	0.368	Small peptides	0.464	Tripeptides	0.291	Organic acids and derivatives	0.695	Carboxylic acids and derivatives	0.652	Amino acids, peptides, and analogues	0.657	Amino acids and derivatives	0.654	Amino acids and derivatives	0.654	Organic compounds; Amino acids, peptides, and analogues; Organic acids and derivatives; Carboxylic acids and derivatives; Organohalogen compounds; Organonitrogen compounds; Organooxygen compounds; Amino acids and derivatives; Alkyl fluorides; Organofluorides; Carbonyl compounds; Amines; Alkyl halides; Organic oxides; Hydrocarbon derivatives; Organopnictogen compounds; Organic oxygen compounds; Organic nitrogen compounds; Chemical entities	339.289	530	8.836	836961253206199715	836961031704993011	836961031704993010	845	
1	C16H28O2	[M - H2O + H]+	C16H27O+	Terpenoids	0.939	Sesquiterpenoids	0.886	Caryophyllane sesquiterpenoids	0.289	Lipids and lipid-like molecules	0.759	Prenol lipids	0.567					Prenol lipids	0.567	Organic compounds; Lipids and lipid-like molecules; Alcohols and polyols; Prenol lipids; Organooxygen compounds; Carbonyl compounds; Organic oxides; Hydrocarbon derivatives; Organic oxygen compounds; Chemical entities	235.206	530	8.839	836961246570809842	836961031671438575	836961031671438574	844	
1	C4H4ClNO4Se	[M + Na]+	C4H4ClNNaO4Se+	Amino acids and Peptides	0.554	Small peptides	0.353	Aminoacids	0.231	Organic acids and derivatives	0.808	Carboxylic acids and derivatives	0.735	Carboxylic acids	0.698			Carboxylic acids	0.698	Organic compounds; Organic acids and derivatives; Carboxylic acids and derivatives; Organohalogen compounds; Organonitrogen compounds; Organooxygen compounds; Organometallic compounds; Monocarboxylic acids and derivatives; Carboxylic acids; Organometalloid compounds; Organochlorides; Organoselenium compounds; Organic oxides; Hydrocarbon derivatives; Organopnictogen compounds; Organic oxygen compounds; Organic nitrogen compounds; Chemical entities	261.895	531	8.842	836961259069837274	836961031637884139	836961031637884138	843	
1	C17H30O	[M + H3N + H]+	C17H34NO+	Fatty acids	0.989	Fatty acyls	0.987	Fatty alcohols	0.791	Lipids and lipid-like molecules	0.562	Fatty Acyls	0.489	Fatty alcohols	0.376	Long-chain fatty alcohols	0.515	Long-chain fatty alcohols	0.515	Organic compounds; Lipids and lipid-like molecules; Ketones; Organooxygen compounds; Carbonyl compounds; Long-chain fatty alcohols; Organic oxides; Hydrocarbon derivatives; Organic oxygen compounds; Chemical entities	268.263	533	8.875	836961249657818136	836961031805656319	836961031805656318	848	
1	C19H41F2N5O3	[M + H]+	C19H42F2N5O3+	Alkaloids	0.191	Small peptides	0.351	Tripeptides	0.195	Organic acids and derivatives	0.945	Carboxylic acids and derivatives	0.913	Amino acids, peptides, and analogues	0.772	Amino acids and derivatives	0.768	Amino acids and derivatives	0.768	Organic compounds; Organoheterocyclic compounds; Lipids and lipid-like molecules; Amino acids, peptides, and analogues; Organic acids and derivatives; Carboxylic acids and derivatives; Organohalogen compounds; Organonitrogen compounds; Organooxygen compounds; Fatty amides; Amino acids and derivatives; Azoles; Carboxylic acid amides; Alkyl fluorides; Carboxylic acid derivatives; Organofluorides; Secondary carboxylic acid amides; Carbonyl compounds; Amines; Alkyl halides; Fatty Acyls; Organic oxides; Azacyclic compounds; Heteroaromatic compounds; Hydrocarbon derivatives; Organopnictogen compounds; Organic oxygen compounds; Organic nitrogen compounds; Chemical entities	426.324	533	8.887	836961316070432316	836961031738547447	836961031738547446	846	
1	C8H24O4Si4	[M + H]+	C8H25O4Si4+	Fatty acids	0.829	Fatty acyls	0.406	Halogenated fatty acids	0.524	Organometallic compounds	0.856	Organometalloid compounds	0.856					Organometalloid compounds	0.856	Organic compounds; Organometallic compounds; Organometalloid compounds; Hydrocarbon derivatives; Organic oxygen compounds; Chemical entities	297.082	534	8.896	836961264321106430	836961032061508891	836961032061508890	855	
1	C14H30N4O6Si4	[M + H3N + H]+	C14H34N5O6Si4+	Amino acids and Peptides	0.581	Small peptides	0.788	Tripeptides	0.257	Organic acids and derivatives	0.836	Carboxylic acids and derivatives	0.669	Amino acids, peptides, and analogues	0.615	Amino acids and derivatives	0.613	Alpha amino acids and derivatives	0.567	Organic compounds; Lipids and lipid-like molecules; Amino acids, peptides, and analogues; Alpha amino acids and derivatives; Organic acids and derivatives; Carboxylic acids and derivatives; Organonitrogen compounds; Organooxygen compounds; Amino acids and derivatives; Organometallic compounds; Organometalloid compounds; Carbonyl compounds; Amines; Organic salts; Fatty Acyls; Organic oxides; Hydrocarbon derivatives; Organopnictogen compounds; Organic oxygen compounds; Organic nitrogen compounds; Chemical entities	480.157	534	8.896	836961255966052062	836961031843405059	836961031843405058	849	
1	C16H39N5O7Si4	[M - H2O + H]+	C16H38N5O6Si4+	Carbohydrates	0.854	Aminosugars and aminoglycosides	0.628	Aminoglycosides	0.575	Organic oxygen compounds	0.998	Organooxygen compounds	0.973	Carbohydrates and carbohydrate conjugates	0.540			Carbohydrates and carbohydrate conjugates	0.540	Organic compounds; Carbohydrates and carbohydrate conjugates; Lipids and lipid-like molecules; Alcohols and polyols; Organic acids and derivatives; Organonitrogen compounds; Organooxygen compounds; Guanidines; Monoalkylamines; Carboxylic acids; Secondary alcohols; Carbonyl compounds; Amines; Primary amines; Fatty Acyls; Organic oxides; Hydrocarbon derivatives; Organopnictogen compounds; Organic oxygen compounds; Organic nitrogen compounds; Chemical entities	508.189	534	8.896	836961248491801401	836961031918902539	836961031918902538	851	
1	C14H30N4O6Si4	[M - H2O + H]+	C14H29N4O5Si4+	Carbohydrates	0.576	Small peptides	0.575	Tripeptides	0.309	Organic oxygen compounds	0.998	Organooxygen compounds	0.856	Carbonyl compounds	0.619			Carbonyl compounds	0.619	Organic compounds; Organic acids and derivatives; Organonitrogen compounds; Organooxygen compounds; Organometallic compounds; Organometalloid compounds; Carbonyl compounds; Organic salts; Organic oxides; Hydrocarbon derivatives; Organopnictogen compounds; Organic oxygen compounds; Organic nitrogen compounds; Chemical entities	445.120	534	8.897	836961285795944572	836961031990205715	836961031990205714	853	
1	C14H30N4O6Si4	[M + H]+	C14H31N4O6Si4+	Carbohydrates	0.788	Nucleosides	0.523	Pyrimidine nucleosides	0.280	Organic acids and derivatives	0.796	Carboxylic acids and derivatives	0.579	Amino acids, peptides, and analogues	0.662	Amino acids and derivatives	0.662	Alpha amino acids and derivatives	0.523	Organic compounds; Organoheterocyclic compounds; Amino acids, peptides, and analogues; Alpha amino acids and derivatives; Organic acids and derivatives; Carboxylic acids and derivatives; Organonitrogen compounds; Organooxygen compounds; Amino acids and derivatives; Organometallic compounds; Organometalloid compounds; Carbonyl compounds; Amines; Organic 1,3-dipolar compounds; Organic salts; Organic oxides; Oxacyclic compounds; Hydrocarbon derivatives; Organopnictogen compounds; Organic oxygen compounds; Organic nitrogen compounds; Chemical entities	463.131	534	8.897	836961328590430482	836961031952456975	836961031952456974	852	
1	C12H22N4O4Si3	[M + H]+	C12H23N4O4Si3+	Alkaloids	0.394	Histidine alkaloids	0.265	Imidazole alkaloids	0.260	Organic acids and derivatives	0.678	Organic carbonic acids and derivatives	0.512					Organic carbonic acids and derivatives	0.512	Organic compounds; Organic acids and derivatives; Organonitrogen compounds; Organooxygen compounds; Organic carbonic acids and derivatives; Carbonyl compounds; Organic oxides; Hydrocarbon derivatives; Organopnictogen compounds; Organic oxygen compounds; Organic nitrogen compounds; Chemical entities	371.101	534	8.897	836961267055793016	836961032023760151	836961032023760150	854	
1	C3H3ClFO3	[M + Na]+	C3H3ClFNaO3+	Fatty acids	0.988	Fatty Acids and Conjugates	0.991	Halogenated fatty acids	0.996	Lipids and lipid-like molecules	0.524	Fatty Acyls	0.568	Fatty acids and conjugates	0.554	Halogenated fatty acids	0.729	Halogenated fatty acids	0.729	Organic compounds; Lipids and lipid-like molecules; Fatty acids and conjugates; Organic acids and derivatives; Carboxylic acids and derivatives; Organohalogen compounds; Organooxygen compounds; Halogenated fatty acids; Alkyl chlorides; Alkyl fluorides; Monocarboxylic acids and derivatives; Carboxylic acids; Organochlorides; Organofluorides; Alpha-halocarboxylic acids and derivatives; Carbonyl compounds; Alkyl halides; Alpha-halocarboxylic acids; Fatty Acyls; Organic oxides; Hydrocarbon derivatives; Organic oxygen compounds; Chemical entities	163.965	535	8.920	836961265227076297	836961032090869023	836961032090869022	856	
1	C4H4ClNO4Se	[M + Na]+	C4H4ClNNaO4Se+	Amino acids and Peptides	0.575	Small peptides	0.358	Aminoacids	0.241	Organic acids and derivatives	0.818	Carboxylic acids and derivatives	0.745	Carboxylic acids	0.707			Carboxylic acids	0.707	Organic compounds; Organic acids and derivatives; Carboxylic acids and derivatives; Organohalogen compounds; Organonitrogen compounds; Organooxygen compounds; Organometallic compounds; Monocarboxylic acids and derivatives; Carboxylic acids; Organometalloid compounds; Organochlorides; Organoselenium compounds; Organic oxides; Hydrocarbon derivatives; Organopnictogen compounds; Organic oxygen compounds; Organic nitrogen compounds; Chemical entities	261.895	537	8.943	836961256943324999	836961032162172199	836961032162172198	858	
1	C16H28O	[M + H]+	C16H29O+	Fatty acids	0.986	Fatty acyls	0.966	Fatty aldehydes	0.601	Lipids and lipid-like molecules	0.525	Fatty Acyls	0.447	Fatty aldehydes	0.589			Fatty aldehydes	0.589	Organic compounds; Lipids and lipid-like molecules; Aldehydes; Fatty aldehydes; Organooxygen compounds; Carbonyl compounds; Organic oxides; Hydrocarbon derivatives; Organic oxygen compounds; Chemical entities	237.221	537	8.955	836961251301985452	836961032128617763	836961032128617762	857	
1	C17H34N3O3	[M - H2O + H]+	C17H33N3O2+	Amino acids and Peptides	0.624	Small peptides	0.341	Dipeptides	0.133	Organic acids and derivatives	0.988	Carboxylic acids and derivatives	0.978	Amino acids, peptides, and analogues	0.611	Amino acids and derivatives	0.598	Amino acids and derivatives	0.598	Organic compounds; Lipids and lipid-like molecules; Amino acids, peptides, and analogues; Organic acids and derivatives; Carboxylic acids and derivatives; Organonitrogen compounds; Organooxygen compounds; Fatty amides; Amino acids and derivatives; Carboxylic acid amides; Carboxylic acid derivatives; N-acyl amines; Secondary carboxylic acid amides; Carbonyl compounds; Fatty Acyls; Organic oxides; Hydrocarbon derivatives; Organopnictogen compounds; Organic oxygen compounds; Organic nitrogen compounds; Chemical entities	311.255	538	8.974	836961265856222001	836961032195726635	836961032195726634	859	
1	C21H44O4	[M + H3N + H]+	C21H48NO4+	Fatty acids	0.998	Glycerolipids	0.971	Monoacylglycerols	0.561	Organic oxygen compounds	1.000	Organooxygen compounds	1.000	Ethers	0.997	Dialkyl ethers	0.997	Polyethylene glycols	0.538	Organic compounds; Lipids and lipid-like molecules; Alcohols and polyols; Glycerolipids; Ethers; Primary alcohols; Organooxygen compounds; Dialkyl ethers; Glycerol ethers; Polyethylene glycols; Hydrocarbon derivatives; Organic oxygen compounds; Chemical entities	378.358	539	8.987	836961249414548428	836961032267029811	836961032267029810	861	
1	C23H48O5	[M + H3N + H]+	C23H52NO5+	Fatty acids	0.990	Glycerolipids	0.930	Monoacylglycerols	0.360	Organic oxygen compounds	1.000	Organooxygen compounds	1.000	Ethers	0.996	Dialkyl ethers	0.996	Polyethylene glycols	0.786	Organic compounds; Alcohols and polyols; Ethers; Primary alcohols; Organooxygen compounds; Dialkyl ethers; Polyethylene glycols; Hydrocarbon derivatives; Organic oxygen compounds; Chemical entities	422.384	540	8.995	836961252652551537	836961032304778551	836961032304778550	862	
1	C21H44O5	[M + H]+	C21H45O5+	Fatty acids	0.993	Glycerolipids	0.886	Fatty alcohols	0.455	Organic oxygen compounds	1.000	Organooxygen compounds	1.000	Ethers	0.996	Dialkyl ethers	0.996	Polyethylene glycols	0.833	Organic compounds; Alcohols and polyols; Ethers; Primary alcohols; Organooxygen compounds; Dialkyl ethers; Polyethylene glycols; Hydrocarbon derivatives; Organic oxygen compounds; Chemical entities	377.326	540	8.996	836961254061837833	836961032342527291	836961032342527290	863	
1	C4H4Br3F3O	[M + K]+	C4H4Br3F3KO+	Fatty acids	0.941	Fatty acyls	0.682	Halogenated fatty acids	0.942	Organohalogen compounds	0.979	Alkyl halides	0.940	Alkyl fluorides	0.806			Alkyl fluorides	0.806	Organic compounds; Organohalogen compounds; Alkyl fluorides; Organofluorides; Alkyl halides; Hydrocarbon derivatives; Organic oxygen compounds; Chemical entities	400.740	541	9.010	836961251989851344	836961032376081727	836961032371887422	864	
1	C25H52O6	[M + H3N + H]+	C25H56NO6+	Fatty acids	0.996	Glycerolipids	0.983	Fatty alcohols	0.851	Lipids and lipid-like molecules	0.833	Glycerolipids	0.788	Monoradylglycerols	0.503			Monoradylglycerols	0.503	Organic compounds; Lipids and lipid-like molecules; Alcohols and polyols; Glycerolipids; Ethers; Primary alcohols; Organooxygen compounds; Dialkyl ethers; Secondary alcohols; Glycerol ethers; Monoradylglycerols; Fatty Acyls; Hydrocarbon derivatives; Organic oxygen compounds; Chemical entities	466.410	542	9.030	836961249762675759	836961032405441859	836961032405441858	865	
1	C17H40N3O4	[M - H2O + H]+	C17H39N3O3+	Fatty acids	0.928	Fatty Acids and Conjugates	0.308	N-acyl amines	0.160	Organic acids and derivatives	0.978	Carboxylic acids and derivatives	0.963	Amino acids, peptides, and analogues	0.667	Amino acids and derivatives	0.656	Alpha amino acids and derivatives	0.605	Organic compounds; Lipids and lipid-like molecules; Amino acids, peptides, and analogues; Alpha amino acids and derivatives; Alcohols and polyols; Fatty acids and conjugates; Organic acids and derivatives; Carboxylic acids and derivatives; Organonitrogen compounds; Organooxygen compounds; Fatty amides; Amino acids and derivatives; Monoalkylamines; Carboxylic acid amides; Carboxylic acid derivatives; N-acyl amines; Monocarboxylic acids and derivatives; Carboxylic acids; Secondary carboxylic acid amides; Carbonyl compounds; Amines; Primary amines; Fatty Acyls; Organic oxides; Hydrocarbon derivatives; Organopnictogen compounds; Organic oxygen compounds; Organic nitrogen compounds; Chemical entities	333.300	542	9.039	836961265159967421	836961032443190599	836961032443190598	866	
1	C32H55N3O9	[M - H2O + H]+	C32H54N3O8+	Amino acids and Peptides	0.928	Oligopeptides	0.931	Lipopeptides	0.653	Organic acids and derivatives	0.995	Peptidomimetics	0.605	Depsipeptides	0.520	Cyclic depsipeptides	0.575	Cyclic depsipeptides	0.575	Organic compounds; Organoheterocyclic compounds; Lipids and lipid-like molecules; Amino acids, peptides, and analogues; Lactones; Alpha amino acids and derivatives; Macrolactams; Alcohols and polyols; Macrolides and analogues; Lactams; Phenylpropanoids and polyketides; Organic acids and derivatives; Carboxylic acids and derivatives; Organonitrogen compounds; Organooxygen compounds; Fatty amides; Amino acids and derivatives; Carboxylic acid amides; Carboxylic acid derivatives; N-acyl amines; Monocarboxylic acids and derivatives; Carboxylic acid esters; Secondary alcohols; Secondary carboxylic acid amides; Peptidomimetics; Carbonyl compounds; Macrolide lactams; Depsipeptides; Cyclic depsipeptides; Fatty Acyls; Organic oxides; Azacyclic compounds; Oxacyclic compounds; Hydrocarbon derivatives; Organopnictogen compounds; Organic oxygen compounds; Organic nitrogen compounds; Chemical entities	608.393	543	9.057	836961264983806601	836961032476745035	836961032476745034	867	
1	C4H4ClNO4Se	[M + Na]+	C4H4ClNNaO4Se+	Amino acids and Peptides	0.576	Small peptides	0.362	Aminoacids	0.238	Organic acids and derivatives	0.823	Carboxylic acids and derivatives	0.756	Carboxylic acids	0.722			Carboxylic acids	0.722	Organic compounds; Organic acids and derivatives; Carboxylic acids and derivatives; Organohalogen compounds; Organonitrogen compounds; Organooxygen compounds; Organometallic compounds; Monocarboxylic acids and derivatives; Carboxylic acids; Organometalloid compounds; Organochlorides; Organoselenium compounds; Organic oxides; Hydrocarbon derivatives; Organopnictogen compounds; Organic oxygen compounds; Organic nitrogen compounds; Chemical entities	261.895	545	9.090	836961260101636138	836961032510299471	836961032510299470	868	
1	C17H24O3	[M - H2O + H]+	C17H23O2+	Terpenoids	0.489	Diterpenoids	0.126	Estrane steroids	0.244	Benzenoids	0.995	Phenols	0.953	Methoxyphenols	0.832			Methoxyphenols	0.832	Organic compounds; Lipids and lipid-like molecules; Ketones; Alkyl aryl ethers; Alcohols and polyols; Phenols; Anisoles; Methoxyphenols; Ethers; Organooxygen compounds; Fatty alcohols; Secondary alcohols; Carbonyl compounds; Benzene and substituted derivatives; Phenol ethers; Benzenoids; Organic oxides; Methoxybenzenes; Hydrocarbon derivatives; Organic oxygen compounds; 1-hydroxy-2-unsubstituted benzenoids; Phenoxy compounds; Chemical entities	259.169	546	9.092	836961271082325152	836961032652905823	836961032648711518	872	
1	C22H37NO3	[M - H2O + H]+	C22H36NO2+	Fatty acids	0.936	Spingolipids	0.227	Sphingoid bases	0.248	Lipids and lipid-like molecules	0.553							Lipids and lipid-like molecules	0.553	Organic compounds; Lipids and lipid-like molecules; Alcohols and polyols; Organonitrogen compounds; Organooxygen compounds; Secondary alcohols; Trialkylamines; Amines; Tertiary amines; Alkanolamines; Hydrocarbon derivatives; Organopnictogen compounds; Organic oxygen compounds; Organic nitrogen compounds; Chemical entities	346.274	546	9.094	836961259015311300	836961032581602647	836961032581602646	870	
1	C20H28O2	[M + H]+	C20H29O2+	Terpenoids	0.995	Diterpenoids	0.957	Abietane diterpenoids	0.531	Lipids and lipid-like molecules	0.811	Prenol lipids	0.808	Diterpenoids	0.812			Diterpenoids	0.812	Organic compounds; Lipids and lipid-like molecules; Phenanthrenes and derivatives; Tetralins; Phenols; Hydrophenanthrenes; Prenol lipids; Organooxygen compounds; Diterpenoids; Carbonyl compounds; Benzenoids; Organic oxides; Hydrocarbon derivatives; Organic oxygen compounds; 1-hydroxy-2-unsubstituted benzenoids; Chemical entities	301.216	546	9.094	836961259904503829	836961032615157083	836961032615157082	871	
1	C22H37NO3	[M - H2O + H]+	C22H36NO2+	Fatty acids	0.994	Eicosanoids	0.626	Leukotrienes	0.193	Lipids and lipid-like molecules	0.908	Fatty Acyls	0.873	Fatty amides	0.736	N-acyl amines	0.729	N-acyl amines	0.729	Organic compounds; Lipids and lipid-like molecules; Alcohols and polyols; Organic acids and derivatives; Carboxylic acids and derivatives; Organonitrogen compounds; Organooxygen compounds; Fatty amides; Carboxylic acid amides; Carboxylic acid derivatives; N-acyl amines; Secondary alcohols; Carbonyl compounds; Amines; Fatty Acyls; Organic oxides; Hydrocarbon derivatives; Organopnictogen compounds; Organic oxygen compounds; Organic nitrogen compounds; Chemical entities	346.274	546	9.097	836961258566520694	836961032954895747	836961032954895746	881	
1	C3H4ClO4	[M + Na]+	C3H4ClNaO4+	Fatty acids	0.956	Fatty Acids and Conjugates	0.968	Halogenated fatty acids	0.955	Lipids and lipid-like molecules	0.349	Fatty Acyls	0.455	Fatty acids and conjugates	0.486	Halogenated fatty acids	0.584	Halogenated fatty acids	0.584	Organic compounds; Organic acids and derivatives; Carboxylic acids and derivatives; Organohalogen compounds; Organooxygen compounds; Dicarboxylic acids and derivatives; Halogenated fatty acids; Carboxylic acids; Organochlorides; Alpha-halocarboxylic acids and derivatives; Carbonyl compounds; Alpha-halocarboxylic acids; Organic oxides; Hydrocarbon derivatives; Organic oxygen compounds; Chemical entities	161.970	546	9.108	836961263838761402	836961032682265955	836961032682265954	873	
1	C22H45NO2	[M - H2O + H]+	C22H44NO+	Fatty acids	0.998	Fatty amides	0.886	N-acyl ethanolamines (endocannabinoids)	0.590	Lipids and lipid-like molecules	0.579	Fatty Acyls	0.535					Fatty Acyls	0.535	Organic compounds; Lipids and lipid-like molecules; Alcohols and polyols; Organonitrogen compounds; Organooxygen compounds; Alkanolamines; Fatty Acyls; Hydrocarbon derivatives; Organopnictogen compounds; Organic oxygen compounds; Organic nitrogen compounds; Chemical entities	338.342	548	9.127	836961250060471379	836961032720014695	836961032715820390	874	
1	CHN2O3S	[M + Na]+	CHN2NaO3S+	Alkaloids	0.696	Histidine alkaloids	0.550	Imidazole alkaloids	0.548	Organoheterocyclic compounds	0.776	Heteroaromatic compounds	0.593					Heteroaromatic compounds	0.593	Organic compounds; Organoheterocyclic compounds; Organonitrogen compounds; Organic oxides; Azacyclic compounds; Heteroaromatic compounds; Hydrocarbon derivatives; Organic oxygen compounds; Organic nitrogen compounds; Chemical entities	143.959	549	9.144	836961290933967227	836961032753569131	836961032753569130	875	
1	C17H30O2	[M - H2O + H]+	C17H29O+	Terpenoids	0.912	Sesquiterpenoids	0.808	Eudesmane sesquiterpenoids	0.135	Lipids and lipid-like molecules	0.795	Prenol lipids	0.536					Prenol lipids	0.536	Organic compounds; Lipids and lipid-like molecules; Alcohols and polyols; Prenol lipids; Primary alcohols; Organooxygen compounds; Hydrocarbon derivatives; Organic oxygen compounds; Chemical entities	249.221	549	9.151	836961268796429308	836961032921341311	836961032921341310	880	
1	C16H28O	[M + H]+	C16H29O+	Fatty acids	0.985	Fatty acyls	0.980	Fatty aldehydes	0.700	Organic oxygen compounds	0.979	Organooxygen compounds	0.964	Carbonyl compounds	0.844			Carbonyl compounds	0.844	Organic compounds; Organooxygen compounds; Carbonyl compounds; Organic oxides; Hydrocarbon derivatives; Organic oxygen compounds; Chemical entities	237.221	550	9.160	836961251260042402	836961032787123567	836961032787123566	876	
1	C18H24O2	[M + H]+	C18H25O2+	Terpenoids	0.884	Sesquiterpenoids	0.301	Bisabolane sesquiterpenoids	0.259	Benzenoids	0.780	Benzene and substituted derivatives	0.545					Benzene and substituted derivatives	0.545	Organic compounds; Lipids and lipid-like molecules; Organooxygen compounds; Carbonyl compounds; Benzene and substituted derivatives; Benzenoids; Organic oxides; Hydrocarbon derivatives; Organic oxygen compounds; Chemical entities	273.185	550	9.167	836961264379826725	836961032992644487	836961032992644486	882	
1	C6H4Cl3FO4	[M + Na]+	C6H4Cl3FNaO4+	Fatty acids	0.829	Fatty Acids and Conjugates	0.899	Halogenated fatty acids	0.922	Organic acids and derivatives	0.973	Carboxylic acids and derivatives	0.973	Alpha-halocarboxylic acids and derivatives	0.775	Alpha-halocarboxylic acids	0.678	Alpha-halocarboxylic acids	0.678	Organic compounds; Organic acids and derivatives; Carboxylic acids and derivatives; Organohalogen compounds; Organooxygen compounds; Alkyl chlorides; Alkyl fluorides; Monocarboxylic acids and derivatives; Carboxylic acids; Organochlorides; Organofluorides; Alpha-halocarboxylic acids and derivatives; Carbonyl compounds; Alkyl halides; Alpha-halocarboxylic acids; Organic oxides; Hydrocarbon derivatives; Organic oxygen compounds; Chemical entities	286.906	550	9.171	836961276631389654	836961033026198923	836961033022004618	883	
1	C16H28O	[M + H]+	C16H29O+	Fatty acids	0.992	Fatty acyls	0.987	Fatty aldehydes	0.726	Lipids and lipid-like molecules	0.411	Fatty Acyls	0.373	Fatty aldehydes	0.503			Fatty aldehydes	0.503	Organic compounds; Fatty aldehydes; Organooxygen compounds; Carbonyl compounds; Organic oxides; Hydrocarbon derivatives; Organic oxygen compounds; Chemical entities	237.221	552	9.195	836961261477368020	836961033063947663	836961033063947662	884	
1	C14H28O2	[M - H2O + H]+	C14H27O+	Fatty acids	0.931	Fatty acyls	0.764	Fatty alcohols	0.817	Lipids and lipid-like molecules	0.814	Fatty Acyls	0.776	Fatty alcohols	0.645			Fatty alcohols	0.645	Organic compounds; Lipids and lipid-like molecules; Alcohols and polyols; Primary alcohols; Organooxygen compounds; Fatty alcohols; Carbonyl compounds; Fatty Acyls; Organic oxides; Hydrocarbon derivatives; Organic oxygen compounds; Chemical entities	211.206	552	9.196	836961329752252795	836961033097502099	836961033097502098	885	
1	C28H65N7O4S	[M + H3N + H]+	C28H69N8O4S+	Fatty acids	0.288	Oligopeptides	0.885	Lipopeptides	0.504	Lipids and lipid-like molecules	0.764	Fatty Acyls	0.698	Fatty amides	0.723	N-acyl amines	0.781	N-acyl amines	0.781	Organic compounds; Organoheterocyclic compounds; Organosulfur compounds; Lipids and lipid-like molecules; Organonitrogen compounds; Organooxygen compounds; Fatty amides; Azoles; Monoalkylamines; Carboxylic acid amides; N-acyl amines; Thienoimidazolidines; Carbonyl compounds; Amines; Primary amines; Dialkylthioethers; Fatty Acyls; Organic oxides; Azacyclic compounds; Hydrocarbon derivatives; Organopnictogen compounds; Organic oxygen compounds; Organic nitrogen compounds; Chemical entities	613.515	552	9.198	836961264916697718	836961033168805275	836961033164610970	887	
1	C26H52O2	[M + H3N + H]+	C26H56NO2+	Terpenoids	0.872	Steroids	0.989	Cholestane steroids	0.925	Lipids and lipid-like molecules	0.995	Steroids and steroid derivatives	0.978	Cholestane steroids	0.666	Cholesterols and derivatives	0.636	Cholesterols and derivatives	0.636	Organic compounds; Lipids and lipid-like molecules; Alcohols and polyols; Steroids and steroid derivatives; Organooxygen compounds; Cyclic alcohols and derivatives; Hydroxysteroids; Cholesterols and derivatives; Secondary alcohols; 3-hydroxysteroids; Cholestane steroids; Hydrocarbon derivatives; Organic oxygen compounds; Chemical entities	414.431	553	9.211	836961261934547245	836961033202359711	836961033198165406	888	
1	C12H26FN2O	[M + H3N + H]+	C12H30FN3O+	Fatty acids	0.457	Small peptides	0.304	Halogenated fatty acids	0.233	Organic acids and derivatives	0.680	Carboxylic acids and derivatives	0.584					Carboxylic acids and derivatives	0.584	Organic compounds; Organic acids and derivatives; Carboxylic acids and derivatives; Organohalogen compounds; Organonitrogen compounds; Organooxygen compounds; Alkyl fluorides; Organofluorides; Carbonyl compounds; Alkyl halides; Organic oxides; Hydrocarbon derivatives; Organopnictogen compounds; Organic oxygen compounds; Organic nitrogen compounds; Chemical entities	251.237	553	9.213	836961277776434754	836961033235914147	836961033235914146	889	
1	C35H60O3	[M + H3N + H]+	C35H64NO3+	Terpenoids	0.846	Fatty esters	0.432	Wax monoesters	0.143	Lipids and lipid-like molecules	0.945	Fatty Acyls	0.687					Fatty Acyls	0.687	Organic compounds; Lipids and lipid-like molecules; Organic acids and derivatives; Carboxylic acids and derivatives; Organooxygen compounds; Carboxylic acid derivatives; Monocarboxylic acids and derivatives; Carboxylic acid esters; Carbonyl compounds; Fatty Acyls; Organic oxides; Hydrocarbon derivatives; Organic oxygen compounds; Chemical entities	546.488	553	9.216	836961264572764751	836961033265274279	836961033265274278	890	
1	C17H30O	[M + H3N + H]+	C17H34NO+	Fatty acids	0.991	Fatty acyls	0.987	Fatty alcohols	0.945	Lipids and lipid-like molecules	0.596	Fatty Acyls	0.578	Fatty alcohols	0.655	Long-chain fatty alcohols	0.748	Long-chain fatty alcohols	0.748	Organic compounds; Lipids and lipid-like molecules; Ketones; Alcohols and polyols; Organooxygen compounds; Fatty alcohols; Carbonyl compounds; Long-chain fatty alcohols; Fatty Acyls; Organic oxides; Hydrocarbon derivatives; Organic oxygen compounds; Chemical entities	268.263	554	9.227	836961264799257193	836961033303023019	836961033303023018	891	
1	C26H61N7O3S	[M + H3N + H]+	C26H65N8O3S+	Fatty acids	0.355	Oligopeptides	0.534	Aminoglycosides	0.140	Organoheterocyclic compounds	0.736	Thienoimidazolidines	0.521					Thienoimidazolidines	0.521	Organic compounds; Organoheterocyclic compounds; Organosulfur compounds; Organonitrogen compounds; Organooxygen compounds; Thioethers; Thienoimidazolidines; Amines; Primary amines; Tertiary amines; Dialkylthioethers; 1,3,5-triazines; Azacyclic compounds; Heteroaromatic compounds; Hydrocarbon derivatives; Organopnictogen compounds; Organic oxygen compounds; Organic nitrogen compounds; Chemical entities	569.489	555	9.251	836961271455618244	836961033365937587	836961033365937586	893	
1	C24H48O8	[M - H2O + H]+	C24H47O7+	Fatty acids	0.919	Fatty esters	0.534	Wax monoesters	0.331	Lipids and lipid-like molecules	0.875	Fatty Acyls	0.858	Fatty acid esters	0.835			Fatty acid esters	0.835	Organic compounds; Lipids and lipid-like molecules; Ethers; Organic acids and derivatives; Carboxylic acids and derivatives; Organooxygen compounds; Fatty acid esters; Dicarboxylic acids and derivatives; Carboxylic acid derivatives; Dialkyl ethers; Carboxylic acid esters; Carbonyl compounds; Fatty Acyls; Organic oxides; Hydrocarbon derivatives; Organic oxygen compounds; Chemical entities	447.332	555	9.258	836961264325300756	836961033403686327	836961033403686326	894	
1	C25H33N5O4	[M + H3N + H]+	C25H37N6O4+	Amino acids and Peptides	0.818	Small peptides	0.406	Tripeptides	0.121	Organic acids and derivatives	0.756	Carboxylic acids and derivatives	0.667	Amino acids, peptides, and analogues	0.594	Amino acids and derivatives	0.589	Amino acids and derivatives	0.589	Organic compounds; Organoheterocyclic compounds; Lipids and lipid-like molecules; Amino acids, peptides, and analogues; Tetrazoles; Organic acids and derivatives; Carboxylic acids and derivatives; Organonitrogen compounds; Organooxygen compounds; Amino acids and derivatives; Azoles; Carboxylic acid amides; Carboxylic acid derivatives; Carbonyl compounds; Benzene and substituted derivatives; Benzenoids; Amines; Organic oxides; Azacyclic compounds; Heteroaromatic compounds; Hydrocarbon derivatives; Organopnictogen compounds; Organic oxygen compounds; Organic nitrogen compounds; Chemical entities	485.288	556	9.259	836961301474253695	836961033433046459	836961033433046458	895	
1	C23H44N4O7	[M - H2O + H]+	C23H43N4O6+	Fatty acids	0.721	Fatty amides	0.627	N-acyl amines	0.483	Organic acids and derivatives	0.986	Carboxylic acids and derivatives	0.970	Amino acids, peptides, and analogues	0.751	Amino acids and derivatives	0.730	Amino acids and derivatives	0.730	Organic compounds; Lipids and lipid-like molecules; Amino acids, peptides, and analogues; Alcohols and polyols; Fatty acids and conjugates; Organic acids and derivatives; Carboxylic acids and derivatives; Organonitrogen compounds; Organooxygen compounds; Fatty amides; Amino acids and derivatives; Hydroxamic acids; Monoalkylamines; Carboxylic acid amides; Carboxylic acid derivatives; N-acyl amines; Carboxylic acids; Secondary alcohols; Primary carboxylic acid amides; Secondary carboxylic acid amides; Carbonyl compounds; Amines; Primary amines; Fatty Acyls; Organic oxides; Hydrocarbon derivatives; Organopnictogen compounds; Organic oxygen compounds; Organic nitrogen compounds; Chemical entities	471.319	556	9.260	836961270973273223	836961033500155331	836961033500155330	897	
1	C14H26O	[M + H]+	C14H27O+	Fatty acids	0.990	Fatty acyls	0.987	Fatty alcohols	0.741	Organic oxygen compounds	0.996	Organooxygen compounds	0.989	Carbonyl compounds	0.840	Ketones	0.503	Ketones	0.503	Organic compounds; Ketones; Organooxygen compounds; Carbonyl compounds; Organic oxides; Hydrocarbon derivatives; Organic oxygen compounds; Chemical entities	211.206	556	9.263	836961256528088884	836961033466600895	836961033466600894	896	
1	C39H79BN4O11	[M - H2O + H]+	C39H78BN4O10+	Polyketides	0.914	Macrolides	0.770	Ansa macrolides	0.794	Organic acids and derivatives	0.980	Carboxylic acids and derivatives	0.840	Carboxylic acid derivatives	0.860	Carboxylic acid amides	0.595	Secondary carboxylic acid amides	0.564	Organic compounds; Organoheterocyclic compounds; Alcohols and polyols; Ethers; Organic acids and derivatives; Carboxylic acids and derivatives; Organonitrogen compounds; Organooxygen compounds; Organometallic compounds; Carboxylic acid amides; Carboxylic acid derivatives; Dialkyl ethers; Carboxylic acid esters; Organometalloid compounds; Secondary alcohols; Secondary carboxylic acid amides; Carbonyl compounds; Organoboron compounds; Organic salts; Organic oxides; Organic metalloid salts; Organic metal salts; Azacyclic compounds; Oxacyclic compounds; Heteroaromatic compounds; Hydrocarbon derivatives; Organopnictogen compounds; Alkylboranes; Organic oxygen compounds; Organic nitrogen compounds; Chemical entities	772.585	556	9.270	836961320000495430	836961033638567379	836961033638567378	901	
1	C35H42O6	[M + H3N + H]+	C35H46NO6+	Shikimates and Phenylpropanoids	0.623	Carotenoids (C40)	0.296	Linear diarylheptanoids	0.091	Benzenoids	0.938	Benzene and substituted derivatives	0.777	Phenoxy compounds	0.571			Phenoxy compounds	0.571	Organic compounds; Lipids and lipid-like molecules; Alkyl aryl ethers; Ethers; Phenylpropanoids and polyketides; Organic acids and derivatives; Carboxylic acids and derivatives; Organooxygen compounds; Carbonyl compounds; Benzene and substituted derivatives; Benzenoids; Organic oxides; Hydrocarbon derivatives; Organic oxygen compounds; Phenoxy compounds; Chemical entities	576.332	556	9.271	836961342851064821	836961033571458507	836961033571458506	899	
1	C33H38O6	[M + H]+	C33H39O6+	Terpenoids	0.820	Triterpenoids	0.521	Oleanane triterpenoids	0.056	Benzenoids	0.886	Phenols	0.569					Phenols	0.569	Organic compounds; Lipids and lipid-like molecules; Alcohols and polyols; Phenols; Prenol lipids; Organic acids and derivatives; Carboxylic acids and derivatives; Organooxygen compounds; Carboxylic acid derivatives; Carboxylic acid esters; Carbonyl compounds; Benzene and substituted derivatives; Benzenoids; Organic oxides; Hydrocarbon derivatives; Organic oxygen compounds; Chemical entities	531.274	556	9.271	836961260420403293	836961033537904071	836961033537904070	898	
1	C17H32O	[M + H3N + H]+	C17H36NO+	Terpenoids	0.819	Diterpenoids	0.418	Fatty alcohols	0.317	Lipids and lipid-like molecules	0.875	Prenol lipids	0.611					Prenol lipids	0.611	Organic compounds; Lipids and lipid-like molecules; Alcohols and polyols; Prenol lipids; Organooxygen compounds; Hydrocarbon derivatives; Organic oxygen compounds; Chemical entities	270.279	557	9.289	836961252119874794	836961033605012943	836961033605012942	900	
1	C43H76O12S	[M + H3N + H]+	C43H80NO12S+	Fatty acids	1.000	Glycerolipids	1.000	Glycosyldiacylglycerols	0.998	Lipids and lipid-like molecules	0.999	Glycerolipids	0.996	Glycosylglycerols	1.000	Glycosyldiradylglycerols	0.999	Sulfoquinovosyldiacylglycerols	0.989	Organic compounds; Organoheterocyclic compounds; Organosulfur compounds; Carbohydrates and carbohydrate conjugates; Lipids and lipid-like molecules; Alcohols and polyols; Glycerolipids; Ethers; Organic acids and derivatives; Carboxylic acids and derivatives; Organosulfonic acids and derivatives; Organooxygen compounds; Fatty acid esters; Dicarboxylic acids and derivatives; Glycosylglycerols; Carboxylic acid derivatives; Sulfonyls; Organosulfonic acids; Carboxylic acid esters; Hexoses; Monosaccharides; Acetals; Secondary alcohols; Fatty acyl glycosides; Carbonyl compounds; Oxanes; Glycosyl compounds; O-glycosyl compounds; Sulfoquinovosyldiacylglycerols; Polyols; Glycosyldiacylglycerols; Alkanesulfonic acids and derivatives; Alkanesulfonic acids; Glycosyldiradylglycerols; Fatty acyl glycosides of mono- and disaccharides; Fatty Acyls; Organic oxides; Oxacyclic compounds; Hydrocarbon derivatives; Organic sulfonic acids and derivatives; Organic oxygen compounds; Chemical entities	834.540	558	9.294	836961283262584724	836961033848282603	836961033848282602	907	
1	C46H70N2O7	[M + H3N + H]+	C46H74N3O7+	Fatty acids	0.998	Spingolipids	0.998	Neutral glycosphingolipids	0.969	Lipids and lipid-like molecules	0.972	Sphingolipids	0.963	Glycosphingolipids	0.923	Neutral glycosphingolipids	0.922	Glycosyl-N-acylsphingosines	0.922	Organic compounds; Organoheterocyclic compounds; Carbohydrates and carbohydrate conjugates; Lipids and lipid-like molecules; Alcohols and polyols; Ethers; Sphingolipids; Organic acids and derivatives; Carboxylic acids and derivatives; Organonitrogen compounds; Primary alcohols; Organooxygen compounds; Fatty amides; Carboxylic acid amides; Carboxylic acid derivatives; N-acyl amines; Neutral glycosphingolipids; Simple glycosylceramides; Monosaccharides; Acetals; Secondary alcohols; Secondary carboxylic acid amides; Fatty acyl glycosides; Carbonyl compounds; Oxanes; Glycosyl compounds; Alkyl glycosides; O-glycosyl compounds; Glycosphingolipids; Fatty Acyls; Organic oxides; Oxacyclic compounds; Hydrocarbon derivatives; Glycosyl-N-acylsphingosines; Organopnictogen compounds; Organic oxygen compounds; Organic nitrogen compounds; Chemical entities	780.552	559	9.308	836961265646506731	836961033336577455	836961033332383150	892	
1	CHN2O3S	[M + Na]+	CHN2NaO3S+	Alkaloids	0.755	Histidine alkaloids	0.387	Imidazole alkaloids	0.385	Organosulfur compounds	0.377	Sulfonyls	0.328	Sulfonyl azides	0.575			Sulfonyl azides	0.575	Organic compounds; Organoheterocyclic compounds; Organic azides; Organic acids and derivatives; Organonitrogen compounds; Sulfonyl azides; Organic oxides; Hydrocarbon derivatives; Organic oxygen compounds; Organic nitrogen compounds; Chemical entities	143.959	559	9.309	836961292183869864	836961033886031343	836961033886031342	908	
1	C35H65NO6	[M + H3N + H]+	C35H69N2O6+	Fatty acids	1.000	Spingolipids	1.000	Neutral glycosphingolipids	0.956	Lipids and lipid-like molecules	0.990	Sphingolipids	0.951	Glycosphingolipids	0.691	Neutral glycosphingolipids	0.574	Glycosyl-N-acylsphingosines	0.566	Organic compounds; Carbohydrates and carbohydrate conjugates; Lipids and lipid-like molecules; Alcohols and polyols; Ethers; Sphingolipids; Organic acids and derivatives; Carboxylic acids and derivatives; Organonitrogen compounds; Primary alcohols; Organooxygen compounds; Fatty amides; Carboxylic acid amides; Carboxylic acid derivatives; N-acyl amines; Ceramides; Neutral glycosphingolipids; Simple glycosylceramides; Monosaccharides; Secondary alcohols; Secondary carboxylic acid amides; Fatty acyl glycosides; Carbonyl compounds; Alkyl glycosides; O-glycosyl compounds; Glycosphingolipids; Fatty Acyls; Organic oxides; Oxacyclic compounds; Hydrocarbon derivatives; Glycosyl-N-acylsphingosines; Organopnictogen compounds; Organic oxygen compounds; Organic nitrogen compounds; Chemical entities	613.516	559	9.315	836961262463029557	836961033672121815	836961033672121814	902	
1	CH3N2O2S	[M + K]+	CH3KN2O2S+	Alkaloids	0.429	Histidine alkaloids	0.532	Imidazole alkaloids	0.533	Organoheterocyclic compounds	0.714							Organoheterocyclic compounds	0.714	Organic compounds; Organoheterocyclic compounds; Organosulfur compounds; Organonitrogen compounds; Organooxygen compounds; Organic oxides; Hydrocarbon derivatives; Organic oxygen compounds; Organic nitrogen compounds; Chemical entities	145.954	559	9.315	836961275213714840	836961033810533863	836961033810533862	906	
1	C17H10FNO	[M + H3N + H]+	C17H14FN2O+	Alkaloids	0.805	Tryptophan alkaloids	0.448	Acridone alkaloids	0.176	Benzenoids	1.000	Benzene and substituted derivatives	0.938	Halobenzenes	0.903	Fluorobenzenes	0.938	Fluorobenzenes	0.938	Organic compounds; Organoheterocyclic compounds; Halobenzenes; Organohalogen compounds; Organonitrogen compounds; Organooxygen compounds; Aryl fluorides; Fluorobenzenes; Organofluorides; Benzene and substituted derivatives; Benzenoids; Aryl halides; Azacyclic compounds; Heteroaromatic compounds; Hydrocarbon derivatives; Organopnictogen compounds; Organic oxygen compounds; Organic nitrogen compounds; Chemical entities	281.107	559	9.316	836961268817400840	836961033776979427	836961033776979426	905	
1	C18H25ClN2O	[M + H3N + H]+	C18H29ClN3O+	Alkaloids	0.718	Tryptophan alkaloids	0.382	Carboline alkaloids	0.093	Organohalogen compounds	1.000	Aryl halides	0.983	Aryl chlorides	0.987			Aryl chlorides	0.987	Organic compounds; Organoheterocyclic compounds; Organic acids and derivatives; Carboxylic acids and derivatives; Organohalogen compounds; Organonitrogen compounds; Organooxygen compounds; Carboxylic acid amides; Aryl chlorides; Carboxylic acid derivatives; Organochlorides; Benzenoids; Aryl halides; Organic oxides; Azacyclic compounds; Heteroaromatic compounds; Hydrocarbon derivatives; Organopnictogen compounds; Organic oxygen compounds; Organic nitrogen compounds; Chemical entities	338.198	559	9.316	836961261255069858	836961034028637695	836961034028637694	912	
1	C16H30O7S	[M + H3N + H]+	C16H34NO7S+	Fatty acids	0.963	Fatty esters	0.852	Wax monoesters	0.615	Lipids and lipid-like molecules	0.733	Fatty Acyls	0.762	Fatty acid esters	0.765			Fatty acid esters	0.765	Organic compounds; Organosulfur compounds; Lipids and lipid-like molecules; Organic acids and derivatives; Carboxylic acids and derivatives; Organosulfonic acids and derivatives; Organooxygen compounds; Fatty acid esters; Dicarboxylic acids and derivatives; Carboxylic acid derivatives; Sulfonyls; Organosulfonic acids; Carboxylic acid esters; Carbonyl compounds; Alkanesulfonic acids and derivatives; Alkanesulfonic acids; Fatty Acyls; Organic oxides; Hydrocarbon derivatives; Organic sulfonic acids and derivatives; Organic oxygen compounds; Chemical entities	384.204	559	9.317	836961273481467171	836961033995083259	836961033990888954	911	
1	C13H22O	[M + H3N + H]+	C13H26NO+	Terpenoids	0.692	Fatty acyls	0.630	Fatty aldehydes	0.359	Lipids and lipid-like molecules	0.591							Lipids and lipid-like molecules	0.591	Organic compounds; Lipids and lipid-like molecules; Organooxygen compounds; Carbonyl compounds; Organic oxides; Hydrocarbon derivatives; Organic oxygen compounds; Chemical entities	212.201	559	9.317	836961261523505375	836961034099940871	836961034099940870	914	
1	C15H26O	[M + H3N + H]+	C15H30NO+	Terpenoids	0.971	Sesquiterpenoids	0.867	Caryophyllane sesquiterpenoids	0.099	Lipids and lipid-like molecules	0.753	Prenol lipids	0.688					Prenol lipids	0.688	Organic compounds; Lipids and lipid-like molecules; Prenol lipids; Organooxygen compounds; Carbonyl compounds; Organic oxides; Hydrocarbon derivatives; Organic oxygen compounds; Chemical entities	240.232	559	9.317	836961261821301030	836961034238352919	836961034238352918	918	
1	C18H32O	[M + H3N + H]+	C18H36NO+	Fatty acids	0.999	Fatty acyls	0.986	Fatty aldehydes	0.609	Lipids and lipid-like molecules	0.634	Fatty Acyls	0.639	Fatty aldehydes	0.576			Fatty aldehydes	0.576	Organic compounds; Lipids and lipid-like molecules; Fatty aldehydes; Organooxygen compounds; Carbonyl compounds; Fatty Acyls; Organic oxides; Hydrocarbon derivatives; Organic oxygen compounds; Chemical entities	282.279	559	9.317	836961278271362707	836961033957334519	836961033957334518	910	
1	C18H31ClFN3O	[M + Na]+	C18H31ClFN3NaO+	Alkaloids	0.691	Anthranilic acid alkaloids	0.078	Benzodiazepine alkaloids	0.168	Benzenoids	0.771	Benzene and substituted derivatives	0.647	Halobenzenes	0.666	Fluorobenzenes	0.644	Fluorobenzenes	0.644	Organic compounds; Organoheterocyclic compounds; Halobenzenes; Pyrimidines and pyrimidine derivatives; Organohalogen compounds; Organonitrogen compounds; Aryl chlorides; Aryl fluorides; Fluorobenzenes; Diazines; Organochlorides; Organofluorides; Halopyrimidines; Trialkylamines; Benzene and substituted derivatives; Benzenoids; Amines; Tertiary amines; Aryl halides; Azacyclic compounds; Heteroaromatic compounds; Hydrocarbon derivatives; Organopnictogen compounds; Organic nitrogen compounds; Chemical entities	382.204	559	9.317	836961284902557748	836961034171244047	836961034171244046	916	
1	C36H67NO2	[M + H3N + H]+	C36H71N2O2+	Fatty acids	1.000	Fatty amides	0.980	N-acyl ethanolamines (endocannabinoids)	0.410	Lipids and lipid-like molecules	0.906	Fatty Acyls	0.896	Fatty amides	0.842	N-acyl amines	0.712	N-acyl amines	0.712	Organic compounds; Lipids and lipid-like molecules; Organic acids and derivatives; Carboxylic acids and derivatives; Organonitrogen compounds; Organooxygen compounds; Fatty amides; Carboxylic acid amides; Carboxylic acid derivatives; N-acyl amines; Secondary carboxylic acid amides; Carbonyl compounds; Fatty Acyls; Organic oxides; Hydrocarbon derivatives; Organopnictogen compounds; Organic oxygen compounds; Organic nitrogen compounds; Chemical entities	563.552	559	9.318	836961259367632890	836961034066386435	836961034066386434	913	
1	C14H24O	[M + H3N + H]+	C14H28NO+	Fatty acids	0.962	Fatty acyls	0.957	Fatty alcohols	0.677	Organic oxygen compounds	0.988	Organooxygen compounds	0.980	Carbonyl compounds	0.790	Ketones	0.565	Ketones	0.565	Organic compounds; Ketones; Organooxygen compounds; Carbonyl compounds; Organic oxides; Hydrocarbon derivatives; Organic oxygen compounds; Chemical entities	226.217	559	9.318	836961265273213657	836961034309656095	836961034309656094	920	
1	C15H31N4	[M + H3N + H]+	C15H35N5+	Alkaloids	0.833	Pseudoalkaloids (transamidation)	0.106	Purine alkaloids	0.029	Organoheterocyclic compounds	0.963	Azoles	0.739					Azoles	0.739	Organic compounds; Organoheterocyclic compounds; Organonitrogen compounds; Azoles; Amines; Azacyclic compounds; Heteroaromatic compounds; Hydrocarbon derivatives; Organopnictogen compounds; Organic nitrogen compounds; Chemical entities	285.288	559	9.318	836961301713329045	836961034271907355	836961034271907354	919	
1	C18H32O	[M - H2O + H]+	C18H31+	Fatty acids	0.985	Fatty acyls	0.868	Fatty alcohols	0.673	Lipids and lipid-like molecules	0.825	Fatty Acyls	0.712	Fatty alcohols	0.388	Long-chain fatty alcohols	0.578	Long-chain fatty alcohols	0.578	Organic compounds; Lipids and lipid-like molecules; Alcohols and polyols; Organooxygen compounds; Carbonyl compounds; Long-chain fatty alcohols; Fatty Acyls; Organic oxides; Hydrocarbon derivatives; Organic oxygen compounds; Chemical entities	247.242	559	9.318	836961254762286662	836961034204798483	836961034204798482	917	
1	C9H29N8O	[M + H3N + H]+	C9H33N9O+	Alkaloids	0.445	Guanidine alkaloids	0.471	Primary amides	0.050	Organoheterocyclic compounds	0.928	Azoles	0.858	Tetrazoles	0.667			Tetrazoles	0.667	Organic compounds; Organoheterocyclic compounds; Tetrazoles; Organic acids and derivatives; Carboxylic acids and derivatives; Organonitrogen compounds; Organooxygen compounds; Azoles; Carboxylic acid derivatives; Carbonyl compounds; Organic oxides; Azacyclic compounds; Heteroaromatic compounds; Hydrocarbon derivatives; Organopnictogen compounds; Organic oxygen compounds; Organic nitrogen compounds; Chemical entities	283.281	559	9.319	836961262001656111	836961034137689611	836961034137689610	915	
1	C13H18N2O6	[M - H2O + H]+	C13H17N2O5+	Alkaloids	0.575	Tyrosine alkaloids	0.291	Phenylethylamines	0.115	Organic acids and derivatives	0.965	Carboxylic acids and derivatives	0.928	Amino acids, peptides, and analogues	0.577	Amino acids and derivatives	0.579	Amino acids and derivatives	0.579	Organic compounds; Amino acids, peptides, and analogues; Organic acids and derivatives; Carboxylic acids and derivatives; Organonitrogen compounds; Organooxygen compounds; Amino acids and derivatives; Carboxylic acids; Carbonyl compounds; Benzene and substituted derivatives; Organic oxides; Hydrocarbon derivatives; Organopnictogen compounds; Organic oxygen compounds; Organic nitrogen compounds; Chemical entities	281.115	560	9.325	836961267844322239	836961034339016227	836961034339016226	921	
1	C30H46N4O12	[M - H2O + H]+	C30H45N4O11+	Amino acids and Peptides	0.568	Nucleosides	0.266	Pyridine alkaloids	0.158	Organic acids and derivatives	0.970	Carboxylic acids and derivatives	0.861	Amino acids, peptides, and analogues	0.545	Amino acids and derivatives	0.538	Amino acids and derivatives	0.538	Organic compounds; Organoheterocyclic compounds; Amino acids, peptides, and analogues; Alcohols and polyols; Organic acids and derivatives; Carboxylic acids and derivatives; Organonitrogen compounds; Organooxygen compounds; Amino acids and derivatives; Carboxylic acid derivatives; Secondary alcohols; Carbonyl compounds; Benzene and substituted derivatives; Benzenoids; Organic oxides; Azacyclic compounds; Heteroaromatic compounds; Hydrocarbon derivatives; Organopnictogen compounds; Organic oxygen compounds; Organic nitrogen compounds; Chemical entities	637.306	561	9.345	836961268997755938	836961034443873839	836961034443873838	924	
1	C29H48O15	[M + H3N + H]+	C29H52NO15+	Terpenoids	0.608	Monoterpenoids	0.844	Secoiridoid monoterpenoids	0.844	Organic oxygen compounds	1.000	Organooxygen compounds	1.000	Carbohydrates and carbohydrate conjugates	0.975	Glycosyl compounds	0.811	O-glycosyl compounds	0.866	Organic compounds; Organoheterocyclic compounds; Carbohydrates and carbohydrate conjugates; Lipids and lipid-like molecules; Alcohols and polyols; Ethers; Organic acids and derivatives; Carboxylic acids and derivatives; Primary alcohols; Organooxygen compounds; Fatty acid esters; Carboxylic acid derivatives; Carboxylic acid esters; Acetals; Secondary alcohols; Carbonyl compounds; Oxanes; Glycosyl compounds; O-glycosyl compounds; Polyols; Enoate esters; Alpha,beta-unsaturated carboxylic esters; Fatty Acyls; Organic oxides; Oxacyclic compounds; Hydrocarbon derivatives; Organic oxygen compounds; Chemical entities	654.332	561	9.345	836961284294383600	836961034481622579	836961034477428274	925	
1	C30H53N5O11	[M + Na]+	C30H53N5NaO11+	Amino acids and Peptides	0.891	Oligopeptides	0.811	Cyclic peptides	0.439	Organic acids and derivatives	0.990	Carboxylic acids and derivatives	0.966	Amino acids, peptides, and analogues	0.856	Peptides	0.548	Peptides	0.548	Organic compounds; Lipids and lipid-like molecules; Amino acids, peptides, and analogues; Alpha amino acids and derivatives; Alcohols and polyols; Organic acids and derivatives; Carboxylic acids and derivatives; Organonitrogen compounds; Organooxygen compounds; Fatty amides; Amino acids and derivatives; Peptides; Hydroxamic acids; Carboxylic acid amides; Carboxylic acid derivatives; N-acyl amines; N-acyl-alpha amino acids and derivatives; Primary carboxylic acid amides; Secondary carboxylic acid amides; Carbonyl compounds; Fatty Acyls; Organic oxides; Hydrocarbon derivatives; Organopnictogen compounds; Organic oxygen compounds; Organic nitrogen compounds; Chemical entities	682.364	561	9.347	836961285040969797	836961034515177015	836961034515177014	926	
1	C3H3ClFO3	[M + Na]+	C3H3ClFNaO3+	Fatty acids	0.989	Fatty Acids and Conjugates	0.992	Halogenated fatty acids	0.997	Lipids and lipid-like molecules	0.506	Fatty Acyls	0.530	Fatty acids and conjugates	0.528	Halogenated fatty acids	0.710	Halogenated fatty acids	0.710	Organic compounds; Lipids and lipid-like molecules; Fatty acids and conjugates; Organic acids and derivatives; Carboxylic acids and derivatives; Organohalogen compounds; Organooxygen compounds; Halogenated fatty acids; Alkyl chlorides; Alkyl fluorides; Monocarboxylic acids and derivatives; Carboxylic acids; Organochlorides; Organofluorides; Alpha-halocarboxylic acids and derivatives; Carbonyl compounds; Alkyl halides; Alpha-halocarboxylic acids; Fatty Acyls; Organic oxides; Hydrocarbon derivatives; Organic oxygen compounds; Chemical entities	163.965	563	9.376	836961263960396239	836961034586480191	836961034586480190	928	
1	C6H4ClFO3	[M + Na]+	C6H4ClFNaO3+	Fatty acids	0.709	Fatty Acids and Conjugates	0.669	Halogenated fatty acids	0.834	Organohalogen compounds	1.000	Aryl halides	0.918	Aryl chlorides	0.677			Aryl chlorides	0.677	Organic compounds; Organic acids and derivatives; Carboxylic acids and derivatives; Organohalogen compounds; Organooxygen compounds; Aryl chlorides; Aryl fluorides; Monocarboxylic acids and derivatives; Carboxylic acids; Organochlorides; Organofluorides; Carbonyl compounds; Aryl halides; Vinyl halides; Vinylogous halides; Organic oxides; Hydrocarbon derivatives; Organic oxygen compounds; Chemical entities	200.972	563	9.379	836961274785895793	836961034691337803	836961034691337802	931	
1	C4H4ClNO4Se	[M + Na]+	C4H4ClNNaO4Se+	Amino acids and Peptides	0.509	Small peptides	0.219	Halogenated fatty acids	0.139	Organic acids and derivatives	0.746	Carboxylic acids and derivatives	0.683	Carboxylic acids	0.675			Carboxylic acids	0.675	Organic compounds; Organic acids and derivatives; Carboxylic acids and derivatives; Organohalogen compounds; Organonitrogen compounds; Organooxygen compounds; Organometallic compounds; Monocarboxylic acids and derivatives; Carboxylic acids; Organometalloid compounds; Organochlorides; Organoselenium compounds; Organic oxides; Hydrocarbon derivatives; Organopnictogen compounds; Organic oxygen compounds; Organic nitrogen compounds; Chemical entities	261.895	564	9.400	836961268276335600	836961034657783367	836961034657783366	930	
1	C18H32O	[M + H3N + H]+	C18H36NO+	Fatty acids	0.999	Fatty acyls	0.989	Fatty aldehydes	0.647	Lipids and lipid-like molecules	0.574	Fatty Acyls	0.580	Fatty aldehydes	0.628			Fatty aldehydes	0.628	Organic compounds; Lipids and lipid-like molecules; Ketones; Aldehydes; Fatty aldehydes; Organooxygen compounds; Carbonyl compounds; Fatty Acyls; Organic oxides; Hydrocarbon derivatives; Organic oxygen compounds; Chemical entities	282.279	564	9.401	836961262467223870	836961034729086543	836961034729086542	932	
1	C17H30O	[M + H]+	C17H31O+	Fatty acids	0.984	Fatty acyls	0.983	Fatty alcohols	0.883	Lipids and lipid-like molecules	0.577	Fatty Acyls	0.529	Fatty alcohols	0.529	Long-chain fatty alcohols	0.574	Long-chain fatty alcohols	0.574	Organic compounds; Lipids and lipid-like molecules; Ketones; Organooxygen compounds; Fatty alcohols; Carbonyl compounds; Long-chain fatty alcohols; Fatty Acyls; Organic oxides; Hydrocarbon derivatives; Organic oxygen compounds; Chemical entities	251.237	565	9.413	836961261703860490	836961034766835283	836961034766835282	933	
1	C6H4Cl3FO4	[M + Na]+	C6H4Cl3FNaO4+	Fatty acids	0.750	Fatty Acids and Conjugates	0.857	Halogenated fatty acids	0.881	Organic acids and derivatives	0.943	Carboxylic acids and derivatives	0.947	Alpha-halocarboxylic acids and derivatives	0.707	Alpha-halocarboxylic acids	0.600	Alpha-halocarboxylic acids	0.600	Organic compounds; Organic acids and derivatives; Carboxylic acids and derivatives; Organohalogen compounds; Organooxygen compounds; Alkyl chlorides; Alkyl fluorides; Monocarboxylic acids and derivatives; Carboxylic acids; Organochlorides; Organofluorides; Alpha-halocarboxylic acids and derivatives; Carbonyl compounds; Alkyl halides; Alpha-halocarboxylic acids; Organic oxides; Hydrocarbon derivatives; Organic oxygen compounds; Chemical entities	286.906	567	9.442	836961284063696841	836961034980744811	836961034980744810	939	
1	C17H32O	[M + H3N + H]+	C17H36NO+	Fatty acids	0.990	Fatty acyls	0.974	Fatty alcohols	0.970	Lipids and lipid-like molecules	0.716	Fatty Acyls	0.737	Fatty alcohols	0.753	Long-chain fatty alcohols	0.803	Long-chain fatty alcohols	0.803	Organic compounds; Lipids and lipid-like molecules; Alcohols and polyols; Organooxygen compounds; Fatty alcohols; Carbonyl compounds; Long-chain fatty alcohols; Fatty Acyls; Organic oxides; Hydrocarbon derivatives; Organic oxygen compounds; Chemical entities	270.279	567	9.446	836961301763660696	836961034804584023	836961034804584022	934	
1	C22H46O4	[M + H3N + H]+	C22H50NO4+	Fatty acids	0.986	Glycerolipids	0.494	Wax diesters	0.356	Organic acids and derivatives	0.584	Carboxylic acids and derivatives	0.525	Carboxylic acid derivatives	0.678	Carboxylic acid esters	0.749	Carboxylic acid esters	0.749	Organic compounds; Ethers; Organic acids and derivatives; Carboxylic acids and derivatives; Organooxygen compounds; Carboxylic acid derivatives; Dialkyl ethers; Carboxylic acid esters; Organic oxides; Hydrocarbon derivatives; Organic oxygen compounds; Chemical entities	392.373	567	9.450	836961269660456004	836961034875887199	836961034875887198	936	
1	C35H42O11	[M - H2O + H]+	C35H41O10+	Terpenoids	0.693	Triterpenoids	0.864	Limonoids	0.893	Lipids and lipid-like molecules	0.783	Prenol lipids	0.569	Triterpenoids	0.651	Limonoids	0.798	Limonoids	0.798	Organic compounds; Organoheterocyclic compounds; Lipids and lipid-like molecules; Naphthalenes; Lactones; Furans; Pyrans; Ketones; Alcohols and polyols; Ethers; Prenol lipids; Organic acids and derivatives; Carboxylic acids and derivatives; Organooxygen compounds; Carboxylic acid derivatives; Dialkyl ethers; Carboxylic acid esters; Delta valerolactones; Cyclic alcohols and derivatives; Triterpenoids; Naphthopyrans; Carbonyl compounds; Oxanes; Limonoids; Benzenoids; Methyl esters; Organic oxides; Oxacyclic compounds; Heteroaromatic compounds; Hydrocarbon derivatives; Organic oxygen compounds; Chemical entities	621.271	567	9.455	836961349033469135	836961034913635939	836961034913635938	937	
1	C22H46N6O5	[M - H2O + H]+	C22H45N6O4+	Amino acids and Peptides	0.520	Oligopeptides	0.461	Tripeptides	0.268	Organic nitrogen compounds	1.000	Organonitrogen compounds	0.999	Guanidines	0.514			Guanidines	0.514	Organic compounds; Alcohols and polyols; Organonitrogen compounds; Primary alcohols; Organooxygen compounds; Guanidines; Monoalkylamines; Amines; Primary amines; Hydrocarbon derivatives; Organopnictogen compounds; Organic oxygen compounds; Organic nitrogen compounds; Chemical entities	457.350	567	9.456	836961265029943980	836961035047853683	836961035047853682	941	
1	C4H4ClNO4Se	[M + Na]+	C4H4ClNNaO4Se+	Amino acids and Peptides	0.509	Small peptides	0.219	Halogenated fatty acids	0.139	Organic acids and derivatives	0.746	Carboxylic acids and derivatives	0.683	Carboxylic acids	0.675			Carboxylic acids	0.675	Organic compounds; Organic acids and derivatives; Carboxylic acids and derivatives; Organohalogen compounds; Organonitrogen compounds; Organooxygen compounds; Organometallic compounds; Monocarboxylic acids and derivatives; Carboxylic acids; Organometalloid compounds; Organochlorides; Organoselenium compounds; Organic oxides; Hydrocarbon derivatives; Organopnictogen compounds; Organic oxygen compounds; Organic nitrogen compounds; Chemical entities	261.895	568	9.460	836961277763851831	836961035148516991	836961035148516990	944	
1	C24H50O5	[M + H3N + H]+	C24H54NO5+	Fatty acids	0.967	Glycerolipids	0.782	Monoacylglycerols	0.122	Organic oxygen compounds	1.000	Organooxygen compounds	1.000	Ethers	0.999	Dialkyl ethers	0.999	Polyethylene glycols	0.796	Organic compounds; Ethers; Organooxygen compounds; Dialkyl ethers; Polyethylene glycols; Hydrocarbon derivatives; Organic oxygen compounds; Chemical entities	436.400	568	9.462	836961275352126885	836961034947190375	836961034947190374	938	
1	C18H46N7O3	[M + H]+	C18H47N7O3+	Amino acids and Peptides	0.510	Oligopeptides	0.397	Tripeptides	0.497	Organoheterocyclic compounds	0.722	Azoles	0.556					Azoles	0.556	Organic compounds; Organoheterocyclic compounds; Organonitrogen compounds; Organooxygen compounds; Guanidines; Azoles; Amines; Organic oxides; Azacyclic compounds; Heteroaromatic compounds; Hydrocarbon derivatives; Organopnictogen compounds; Organic oxygen compounds; Organic nitrogen compounds; Chemical entities	409.372	568	9.462	836961265575203551	836961035114962555	836961035114962554	943	
1	C20H34O	[M + H3N + H]+	C20H38NO+	Fatty acids	0.623	Diterpenoids	0.425	Unsaturated fatty acids	0.149	Lipids and lipid-like molecules	0.924	Prenol lipids	0.615					Prenol lipids	0.615	Organic compounds; Lipids and lipid-like molecules; Prenol lipids; Organooxygen compounds; Fatty Acyls; Hydrocarbon derivatives; Organic oxygen compounds; Chemical entities	308.295	569	9.480	836961261007605907	836961035081408119	836961035081408118	942	
1	C3H3ClFO3	[M + Na]+	C3H3ClFNaO3+	Fatty acids	0.989	Fatty Acids and Conjugates	0.992	Halogenated fatty acids	0.997	Lipids and lipid-like molecules	0.507	Fatty Acyls	0.530	Fatty acids and conjugates	0.527	Halogenated fatty acids	0.709	Halogenated fatty acids	0.709	Organic compounds; Lipids and lipid-like molecules; Fatty acids and conjugates; Organic acids and derivatives; Carboxylic acids and derivatives; Organohalogen compounds; Organooxygen compounds; Halogenated fatty acids; Alkyl chlorides; Alkyl fluorides; Monocarboxylic acids and derivatives; Carboxylic acids; Organochlorides; Organofluorides; Alpha-halocarboxylic acids and derivatives; Carbonyl compounds; Alkyl halides; Alpha-halocarboxylic acids; Fatty Acyls; Organic oxides; Hydrocarbon derivatives; Organic oxygen compounds; Chemical entities	163.965	569	9.484	836961304221522939	836961035182071427	836961035182071426	945	
1	C20H46N3O5	[M - H2O + H]+	C20H45N3O4+	Fatty acids	0.801	Fatty amides	0.382	Tripeptides	0.202	Organic acids and derivatives	0.979	Carboxylic acids and derivatives	0.964	Amino acids, peptides, and analogues	0.798	Amino acids and derivatives	0.779	N-acyl-alpha amino acids and derivatives	0.521	Organic compounds; Lipids and lipid-like molecules; Amino acids, peptides, and analogues; Alpha amino acids and derivatives; Alcohols and polyols; Organic acids and derivatives; Carboxylic acids and derivatives; Organonitrogen compounds; Organooxygen compounds; Fatty amides; Amino acids and derivatives; Carboxylic acid amides; Carboxylic acid derivatives; N-acyl amines; N-acyl-alpha amino acids and derivatives; Secondary carboxylic acid amides; Carbonyl compounds; Alpha amino acid amides; Fatty Acyls; Organic oxides; Hydrocarbon derivatives; Organopnictogen compounds; Organic oxygen compounds; Organic nitrogen compounds; Chemical entities	391.342	570	9.497	836961269828228187	836961035014299247	836961035014299246	940	
1	C6H4ClFO3	[M + Na]+	C6H4ClFNaO3+	Fatty acids	0.677	Fatty Acids and Conjugates	0.593	Halogenated fatty acids	0.763	Benzenoids	0.137	Benzene and substituted derivatives	0.243	Halobenzenes	0.558			Halobenzenes	0.558	Organic compounds; Halobenzenes; Organic acids and derivatives; Carboxylic acids and derivatives; Organohalogen compounds; Organooxygen compounds; Aryl chlorides; Aryl fluorides; Monocarboxylic acids and derivatives; Carboxylic acids; Organochlorides; Organofluorides; Carbonyl compounds; Aryl halides; Vinyl halides; Vinylogous halides; Organic oxides; Hydrocarbon derivatives; Organic oxygen compounds; Chemical entities	200.972	572	9.525	836961276832716258	836961035215625863	836961035215625862	946	
1	CHN2O3S	[M + Na]+	CHN2NaO3S+	Alkaloids	0.671	Histidine alkaloids	0.395	Imidazole alkaloids	0.393	Organosulfur compounds	0.369	Sulfonyls	0.306	Sulfonyl azides	0.510			Sulfonyl azides	0.510	Organic compounds; Organoheterocyclic compounds; Organic acids and derivatives; Organonitrogen compounds; Sulfonyl azides; Organic oxides; Azacyclic compounds; Heteroaromatic compounds; Hydrocarbon derivatives; Organic oxygen compounds; Organic nitrogen compounds; Chemical entities	143.959	572	9.536	836961315265125852	836961035421146779	836961035421146778	951	
1	C4H4ClNO4Se	[M + Na]+	C4H4ClNNaO4Se+	Amino acids and Peptides	0.568	Small peptides	0.248	Aminoacids	0.138	Organic acids and derivatives	0.716	Carboxylic acids and derivatives	0.640	Carboxylic acids	0.649			Carboxylic acids	0.649	Organic compounds; Organic acids and derivatives; Carboxylic acids and derivatives; Organohalogen compounds; Organonitrogen compounds; Organooxygen compounds; Organometallic compounds; Monocarboxylic acids and derivatives; Carboxylic acids; Organometalloid compounds; Organochlorides; Organoselenium compounds; Organic oxides; Hydrocarbon derivatives; Organopnictogen compounds; Organic oxygen compounds; Organic nitrogen compounds; Chemical entities	261.895	573	9.545	836961282935428954	836961035249180299	836961035249180298	947	
1	C28H56O2	[M + H3N + H]+	C28H60NO2+	Terpenoids	0.987	Steroids	0.982	Cholestane steroids	0.845	Lipids and lipid-like molecules	0.994	Steroids and steroid derivatives	0.981	Cholestane steroids	0.701	Cholesterols and derivatives	0.688	Cholesterols and derivatives	0.688	Organic compounds; Lipids and lipid-like molecules; Alcohols and polyols; Steroids and steroid derivatives; Organooxygen compounds; Cyclic alcohols and derivatives; Hydroxysteroids; Cholesterols and derivatives; Secondary alcohols; 3-hydroxy delta-5-steroids; 3-hydroxysteroids; Cholestane steroids; Hydrocarbon derivatives; Organic oxygen compounds; Chemical entities	442.462	574	9.561	836961333162222141	836961035286929039	836961035286929038	948	
1	C33H74N6O2S	[M + Na]+	C33H74N6NaO2S+	Alkaloids	0.649	Pseudoalkaloids (transamidation)	0.395	Tropane alkaloids	0.174	Organic nitrogen compounds	0.988	Organonitrogen compounds	0.993	Amines	0.978	Tertiary amines	0.931	Dialkylarylamines	0.704	Organic compounds; Organoheterocyclic compounds; Organosulfur compounds; Pyrimidines and pyrimidine derivatives; Ethers; Organonitrogen compounds; Organooxygen compounds; Dialkyl ethers; Aminopyrimidines and derivatives; Aminotriazines; Trialkylamines; Amines; Tertiary amines; Tertiary alkylarylamines; Imidolactams; Dialkylarylamines; 1,3,5-triazines; Azacyclic compounds; Heteroaromatic compounds; Hydrocarbon derivatives; Organopnictogen compounds; Organic oxygen compounds; Organic nitrogen compounds; Chemical entities	641.547	574	9.566	836961277604468241	836961035383398039	836961035383398038	950	
1	C37H72NO10P	[M - H2O + H]+	C37H71NO9P+	Fatty acids	1.000	Glycerophospholipids	1.000	Oxidized glycerophospholipids	0.976	Lipids and lipid-like molecules	0.992	Glycerophospholipids	0.999	Glycerophosphocholines	0.999	Phosphatidylcholines	0.987	Phosphatidylcholines	0.987	Organic compounds; Lipids and lipid-like molecules; Alcohols and polyols; Glycerophospholipids; Organic acids and derivatives; Carboxylic acids and derivatives; Organonitrogen compounds; Organooxygen compounds; Fatty acid esters; Dicarboxylic acids and derivatives; Organic phosphoric acids and derivatives; Phosphate esters; Quaternary ammonium salts; Cholines; Carboxylic acid derivatives; Carboxylic acids; Carboxylic acid esters; Phosphocholines; Phosphatidylcholines; Carbonyl compounds; Glycerophosphocholines; Amines; Alkyl phosphates; Dialkyl phosphates; Organic cations; Organic salts; Fatty Acyls; Organic oxides; Hydrocarbon derivatives; Tetraalkylammonium salts; Organopnictogen compounds; Organic oxygen compounds; Organic nitrogen compounds; Chemical entities	704.487	574	9.568	836961274651678032	836961035349843603	836961035349843602	949	
1	CH3N2O2S	[M + K]+	CH3KN2O2S+	Alkaloids	0.513	Histidine alkaloids	0.540	Imidazole alkaloids	0.543	Organoheterocyclic compounds	0.503							Organoheterocyclic compounds	0.503	Organic compounds; Organoheterocyclic compounds; Organosulfur compounds; Organonitrogen compounds; Organic oxides; Hydrocarbon derivatives; Organic oxygen compounds; Organic nitrogen compounds; Chemical entities	145.954	574	9.575	836961285129050207	836961035521810087	836961035521810086	954	
1	C17H32O	[M + H3N + H]+	C17H36NO+	Fatty acids	0.987	Fatty acyls	0.983	Fatty alcohols	0.973	Lipids and lipid-like molecules	0.671	Fatty Acyls	0.678	Fatty alcohols	0.768	Long-chain fatty alcohols	0.750	Long-chain fatty alcohols	0.750	Organic compounds; Lipids and lipid-like molecules; Ketones; Alcohols and polyols; Organooxygen compounds; Fatty alcohols; Carbonyl compounds; Long-chain fatty alcohols; Fatty Acyls; Organic oxides; Hydrocarbon derivatives; Organic oxygen compounds; Chemical entities	270.279	575	9.589	836961277189232119	836961035488255651	836961035488255650	953	
1	C34H61O9P	[M + H3N + H]+	C34H65NO9P+	Fatty acids	1.000	Glycerophospholipids	1.000	Glycerophosphoglycerols	0.958	Lipids and lipid-like molecules	0.993	Glycerophospholipids	1.000	Glycerophosphoglycerols	0.927	Phosphatidylglycerols	0.913	Phosphatidylglycerols	0.913	Organic compounds; Lipids and lipid-like molecules; Alcohols and polyols; Glycerophospholipids; Organic acids and derivatives; Carboxylic acids and derivatives; Primary alcohols; Organooxygen compounds; Fatty acid esters; Dicarboxylic acids and derivatives; Organic phosphoric acids and derivatives; Phosphate esters; Carboxylic acid derivatives; Carboxylic acid esters; 1,2-diacylglycerol-3-phosphates; Phosphatidylglycerols; Diacylglycerophosphates; Secondary alcohols; Carbonyl compounds; Glycerophosphates; Glycerophosphoglycerols; Polyols; 1,2-diols; Alkyl phosphates; Dialkyl phosphates; Fatty Acyls; Organic oxides; Hydrocarbon derivatives; Organic oxygen compounds; Chemical entities	662.440	575	9.591	836961299440016133	836961035454701215	836961035454701214	952	
1	C34H59N5O7S	[M + H3N + H]+	C34H63N6O7S+	Amino acids and Peptides	0.913	Oligopeptides	0.996	Linear peptides	0.593	Organic acids and derivatives	0.999	Carboxylic acids and derivatives	0.995	Amino acids, peptides, and analogues	0.989	Peptides	0.751	Peptides	0.751	Organic compounds; Organoheterocyclic compounds; Organosulfur compounds; Lipids and lipid-like molecules; Amino acids, peptides, and analogues; Alpha amino acids and derivatives; Organic acids and derivatives; Carboxylic acids and derivatives; Organonitrogen compounds; Organooxygen compounds; Fatty amides; Amino acids and derivatives; Peptides; Monoalkylamines; Carboxylic acid amides; Carboxylic acid derivatives; N-acyl amines; Monocarboxylic acids and derivatives; N-acyl-alpha amino acids and derivatives; Carboxylic acids; Secondary carboxylic acid amides; Tertiary carboxylic acid amides; Carbonyl compounds; Alpha amino acid amides; Primary amines; Fatty Acyls; Organic oxides; Azacyclic compounds; Hydrocarbon derivatives; Organopnictogen compounds; Organic oxygen compounds; Organic nitrogen compounds; Chemical entities	699.445	576	9.602	836961277285701118	836961035622473395	836961035622473394	957	
1	C35H65NO5	[M + H3N + H]+	C35H69N2O5+	Fatty acids	0.999	Spingolipids	0.625	N-acyl amines	0.310	Organic acids and derivatives	0.999	Carboxylic acids and derivatives	0.997	Amino acids, peptides, and analogues	0.742	Amino acids and derivatives	0.740	Alpha amino acids and derivatives	0.784	Organic compounds; Lipids and lipid-like molecules; Amino acids, peptides, and analogues; Alpha amino acids and derivatives; Alcohols and polyols; Organic acids and derivatives; Carboxylic acids and derivatives; Organonitrogen compounds; Organooxygen compounds; Fatty acid esters; Fatty amides; Amino acids and derivatives; Carboxylic acid amides; Carboxylic acid derivatives; N-acyl amines; Monocarboxylic acids and derivatives; Carboxylic acids; Carboxylic acid esters; Secondary alcohols; Secondary carboxylic acid amides; Carbonyl compounds; Fatty Acyls; Organic oxides; Hydrocarbon derivatives; Organopnictogen compounds; Organic oxygen compounds; Organic nitrogen compounds; Chemical entities	597.520	577	9.609	836961263155089807	836961035693776571	836961035693776570	959	
1	C37H67NO5	[M + H3N + H]+	C37H71N2O5+	Fatty acids	1.000	Spingolipids	0.986	Sphingoid bases	0.444	Organic acids and derivatives	0.998	Carboxylic acids and derivatives	0.995	Amino acids, peptides, and analogues	0.816	Amino acids and derivatives	0.811	Alpha amino acids and derivatives	0.811	Organic compounds; Lipids and lipid-like molecules; Amino acids, peptides, and analogues; Alpha amino acids and derivatives; Alcohols and polyols; Organic acids and derivatives; Carboxylic acids and derivatives; Organonitrogen compounds; Organooxygen compounds; Fatty amides; Amino acids and derivatives; Carboxylic acid amides; Carboxylic acid derivatives; N-acyl amines; Monocarboxylic acids and derivatives; Carboxylic acids; Carboxylic acid esters; Secondary alcohols; Secondary carboxylic acid amides; Carbonyl compounds; Fatty Acyls; Organic oxides; Hydrocarbon derivatives; Organopnictogen compounds; Organic oxygen compounds; Organic nitrogen compounds; Chemical entities	623.536	578	9.627	836961264241414640	836961035731525311	836961035727331006	960	
1	C34H42O10	[M - H2O + H]+	C34H41O9+	Terpenoids	0.640	Triterpenoids	0.848	Limonoids	0.652	Lipids and lipid-like molecules	0.787	Prenol lipids	0.645	Triterpenoids	0.613	Limonoids	0.653	Limonoids	0.653	Organic compounds; Organoheterocyclic compounds; Lipids and lipid-like molecules; Furans; Ketones; Alcohols and polyols; Ethers; Prenol lipids; Organic acids and derivatives; Carboxylic acids and derivatives; Organooxygen compounds; Carboxylic acid derivatives; Carboxylic acid esters; Triterpenoids; Carbonyl compounds; Limonoids; Benzenoids; Methyl esters; Organic oxides; Oxacyclic compounds; Heteroaromatic compounds; Hydrocarbon derivatives; Organic oxygen compounds; Chemical entities	593.276	578	9.627	836961315701333513	836961035765079747	836961035765079746	961	
1	C20H30O3	[M - H2O + H]+	C20H29O2+	Terpenoids	0.998	Diterpenoids	0.995	Abietane diterpenoids	0.926	Lipids and lipid-like molecules	0.853	Prenol lipids	0.810	Diterpenoids	0.925			Diterpenoids	0.925	Organic compounds; Lipids and lipid-like molecules; Phenanthrenes and derivatives; Tetralins; Phenols; Hydrophenanthrenes; Prenol lipids; Organic acids and derivatives; Carboxylic acids and derivatives; Organooxygen compounds; Cumenes; Monocarboxylic acids and derivatives; Diterpenoids; Carbonyl compounds; Benzenoids; Organic oxides; Hydrocarbon derivatives; Organic oxygen compounds; 1-hydroxy-2-unsubstituted benzenoids; 1-hydroxy-4-unsubstituted benzenoids; Chemical entities	301.216	578	9.629	836961272634217714	836961035802828487	836961035798634182	962	
1	C28H59NO3	[M - H2O + H]+	C28H58NO2+	Fatty acids	1.000	Spingolipids	1.000	Ceramides	1.000	Lipids and lipid-like molecules	0.996	Sphingolipids	0.997	Ceramides	1.000	Long-chain ceramides	0.832	Long-chain ceramides	0.832	Organic compounds; Lipids and lipid-like molecules; Alcohols and polyols; Sphingolipids; Organic acids and derivatives; Carboxylic acids and derivatives; Organonitrogen compounds; Primary alcohols; Organooxygen compounds; Fatty amides; Carboxylic acid amides; Carboxylic acid derivatives; N-acyl amines; Ceramides; Secondary alcohols; Secondary carboxylic acid amides; Long-chain ceramides; Carbonyl compounds; Fatty Acyls; Organic oxides; Hydrocarbon derivatives; Organopnictogen compounds; Organic oxygen compounds; Organic nitrogen compounds; Chemical entities	440.446	578	9.636	836961263356416432	836961035836382923	836961035836382922	963	
1	C10H30O5Si5	[M + H]+	C10H31O5Si5+	Fatty acids	0.366	Monoterpenoids	0.141	Halogenated fatty acids	0.074	Organic salts	0.679	Organic metal salts	0.618	Organic metalloid salts	0.618			Organic metalloid salts	0.618	Organic compounds; Organometallic compounds; Organometalloid compounds; Organic salts; Organic oxides; Organic metalloid salts; Organic metal salts; Hydrocarbon derivatives; Organic oxygen compounds; Chemical entities	371.101	582	9.696	836961284546041872	836961035945434839	836961035945434838	966	
1	C18H43N5O7Si5	[M + H]+	C18H44N5O7Si5+	Carbohydrates	0.981	Nucleosides	0.897	Purine nucleosides	0.572	Organic oxygen compounds	0.997	Organooxygen compounds	0.956	Carbohydrates and carbohydrate conjugates	0.574	Glycosyl compounds	0.709	Glycosylamines	0.777	Organic compounds; Organoheterocyclic compounds; Carbohydrates and carbohydrate conjugates; Pyrimidines and pyrimidine derivatives; Imidazoles; Alcohols and polyols; Purines and purine derivatives; Organic acids and derivatives; Organonitrogen compounds; Nucleosides, nucleotides, and analogues; Organooxygen compounds; Azoles; Diazines; Glycosyl compounds; Glycosylamines; Substituted imidazoles; N-substituted imidazoles; Amines; Primary amines; 6-aminopurines; Organic oxides; Azacyclic compounds; Oxacyclic compounds; Heteroaromatic compounds; Hydrocarbon derivatives; Organopnictogen compounds; Organic oxygen compounds; Organic nitrogen compounds; Chemical entities	582.208	582	9.696	836961297196063405	836961035874131663	836961035874131662	964	
1	C16H36N4O7Si5	[M + H3N + H]+	C16H40N5O7Si5+	Carbohydrates	0.808	Small peptides	0.446	Tripeptides	0.208	Organic oxygen compounds	0.999	Organooxygen compounds	0.951	Carbonyl compounds	0.681			Carbonyl compounds	0.681	Organic compounds; Organic acids and derivatives; Organonitrogen compounds; Organooxygen compounds; Organometallic compounds; Organometalloid compounds; Carbonyl compounds; Organic salts; Organic oxides; Hydrocarbon derivatives; Organopnictogen compounds; Organic oxygen compounds; Organic nitrogen compounds; Chemical entities	554.176	582	9.696	836961283367442348	836961035983183579	836961035983183578	967	
1	C29H58O2	[M + H3N + H]+	C29H62NO2+	Terpenoids	0.956	Steroids	0.931	Cholestane steroids	0.632	Lipids and lipid-like molecules	0.985	Steroids and steroid derivatives	0.914	Hydroxysteroids	0.679	3-hydroxysteroids	0.593	3-hydroxysteroids	0.593	Organic compounds; Lipids and lipid-like molecules; Alcohols and polyols; Steroids and steroid derivatives; Organooxygen compounds; Cyclic alcohols and derivatives; Hydroxysteroids; Secondary alcohols; 3-hydroxysteroids; Hydrocarbon derivatives; Organic oxygen compounds; Chemical entities	456.478	583	9.715	836961266158211925	836961036016738015	836961036016738014	968	
1	C19H34O	[M + H3N + H]+	C19H38NO+	Fatty acids	0.989	Fatty acyls	0.977	Fatty alcohols	0.813	Lipids and lipid-like molecules	0.699	Fatty Acyls	0.639	Fatty alcohols	0.542	Long-chain fatty alcohols	0.648	Long-chain fatty alcohols	0.648	Organic compounds; Lipids and lipid-like molecules; Organooxygen compounds; Fatty alcohols; Carbonyl compounds; Long-chain fatty alcohols; Fatty Acyls; Organic oxides; Hydrocarbon derivatives; Organic oxygen compounds; Chemical entities	296.295	584	9.728	836961275092080018	836961036054486755	836961036054486754	969	
1	C4H4ClNO4Se	[M + Na]+	C4H4ClNNaO4Se+	Amino acids and Peptides	0.585	Small peptides	0.259	Aminoacids	0.148	Organic acids and derivatives	0.719	Carboxylic acids and derivatives	0.645	Carboxylic acids	0.653			Carboxylic acids	0.653	Organic compounds; Organic acids and derivatives; Carboxylic acids and derivatives; Organohalogen compounds; Organonitrogen compounds; Organooxygen compounds; Organometallic compounds; Monocarboxylic acids and derivatives; Carboxylic acids; Organometalloid compounds; Organochlorides; Organoselenium compounds; Organic oxides; Hydrocarbon derivatives; Organopnictogen compounds; Organic oxygen compounds; Organic nitrogen compounds; Chemical entities	261.895	584	9.732	836961284382464003	836961036083846887	836961036083846886	970	
1	C19H39NO2	[M - H2O + H]+	C19H38NO+	Fatty acids	0.988	Fatty amides	0.832	Primary amides	0.649	Lipids and lipid-like molecules	0.703	Fatty Acyls	0.688	Fatty amides	0.625			Fatty amides	0.625	Organic compounds; Lipids and lipid-like molecules; Organic acids and derivatives; Carboxylic acids and derivatives; Organonitrogen compounds; Organooxygen compounds; Fatty amides; Carboxylic acid amides; Carboxylic acid derivatives; Carbonyl compounds; Fatty Acyls; Organic oxides; Hydrocarbon derivatives; Organopnictogen compounds; Organic oxygen compounds; Organic nitrogen compounds; Chemical entities	296.295	584	9.734	836961263717126581	836961036155150063	836961036155150062	972	
1	C36H67NO5	[M + H3N + H]+	C36H71N2O5+	Fatty acids	1.000	Spingolipids	0.909	Ceramides	0.370	Lipids and lipid-like molecules	0.986	Fatty Acyls	0.982	Fatty amides	0.724	N-acyl amines	0.722	N-acyl amines	0.722	Organic compounds; Lipids and lipid-like molecules; Alcohols and polyols; Organic acids and derivatives; Carboxylic acids and derivatives; Organonitrogen compounds; Organooxygen compounds; Fatty acid esters; Fatty amides; Carboxylic acid amides; Carboxylic acid derivatives; N-acyl amines; Carboxylic acids; Carboxylic acid esters; Secondary alcohols; Secondary carboxylic acid amides; Carbonyl compounds; Fatty Acyls; Organic oxides; Hydrocarbon derivatives; Organopnictogen compounds; Organic oxygen compounds; Organic nitrogen compounds; Chemical entities	611.536	586	9.770	836961282264340266	836961036121595627	836961036121595626	971	
1	C23H42O3	[M + H3N + H]+	C23H46NO3+	Fatty acids	0.992	Fatty Acids and Conjugates	0.720	Unsaturated fatty acids	0.457	Lipids and lipid-like molecules	0.863	Fatty Acyls	0.869	Fatty acids and conjugates	0.574	Long-chain fatty acids	0.555	Long-chain fatty acids	0.555	Organic compounds; Lipids and lipid-like molecules; Fatty acids and conjugates; Organic acids and derivatives; Carboxylic acids and derivatives; Organooxygen compounds; Unsaturated fatty acids; Monocarboxylic acids and derivatives; Carboxylic acids; Carbonyl compounds; Long-chain fatty acids; Fatty Acyls; Organic oxides; Hydrocarbon derivatives; Organic oxygen compounds; Chemical entities	384.347	591	9.847	836961300119493406	836961036192898803	836961036192898802	973	
1	C22H40O	[M + H3N + H]+	C22H44NO+	Fatty acids	0.993	Fatty acyls	0.935	Fatty aldehydes	0.201	Lipids and lipid-like molecules	0.727	Fatty Acyls	0.707	Fatty aldehydes	0.504			Fatty aldehydes	0.504	Organic compounds; Lipids and lipid-like molecules; Fatty aldehydes; Organooxygen compounds; Carbonyl compounds; Fatty Acyls; Organic oxides; Hydrocarbon derivatives; Organic oxygen compounds; Chemical entities	338.342	591	9.855	836961264832811631	836961036230647543	836961036230647542	974	
1	C25H49NO3	[M + H3N + H]+	C25H53N2O3+	Fatty acids	0.999	Fatty amides	0.995	N-acyl amines	0.857	Organic acids and derivatives	0.999	Carboxylic acids and derivatives	0.996	Amino acids, peptides, and analogues	0.875	Amino acids and derivatives	0.872	N-acyl-alpha amino acids	0.689	Organic compounds; Lipids and lipid-like molecules; Amino acids, peptides, and analogues; Alpha amino acids and derivatives; Organic acids and derivatives; Carboxylic acids and derivatives; Organonitrogen compounds; Organooxygen compounds; Fatty amides; Amino acids and derivatives; Carboxylic acid amides; Carboxylic acid derivatives; N-acyl amines; Monocarboxylic acids and derivatives; N-acyl-alpha amino acids and derivatives; Carboxylic acids; Secondary carboxylic acid amides; Carbonyl compounds; N-acyl-alpha amino acids; Fatty Acyls; Organic oxides; Hydrocarbon derivatives; Organopnictogen compounds; Organic oxygen compounds; Organic nitrogen compounds; Chemical entities	429.405	591	9.857	836961262987317627	836961036268396283	836961036268396282	975	
1	C30H60O2	[M + H3N + H]+	C30H64NO2+	Terpenoids	0.978	Steroids	0.702	Cholestane steroids	0.222	Lipids and lipid-like molecules	0.958	Steroids and steroid derivatives	0.666					Steroids and steroid derivatives	0.666	Organic compounds; Lipids and lipid-like molecules; Alcohols and polyols; Steroids and steroid derivatives; Prenol lipids; Organooxygen compounds; Cyclic alcohols and derivatives; Secondary alcohols; Hydrocarbon derivatives; Organic oxygen compounds; Chemical entities	470.493	592	9.862	836961266493756278	836961036339699459	836961036339699458	977	
1	C20H32N2O7	[M - H2O + H]+	C20H31N2O6+	Amino acids and Peptides	0.703	Oligopeptides	0.172	Open-chain polyketides	0.062	Lipids and lipid-like molecules	0.768	Fatty Acyls	0.780	Fatty amides	0.636	N-acyl amines	0.503	N-acyl amines	0.503	Organic compounds; Lipids and lipid-like molecules; Alcohols and polyols; Organic acids and derivatives; Carboxylic acids and derivatives; Organonitrogen compounds; Organooxygen compounds; Fatty amides; Carboxylic acid amides; Carboxylic acid derivatives; N-acyl amines; Secondary alcohols; Secondary carboxylic acid amides; Carbonyl compounds; Fatty Acyls; Organic oxides; Hydrocarbon derivatives; Organopnictogen compounds; Organic oxygen compounds; Organic nitrogen compounds; Chemical entities	395.220	594	9.901	836961278158116480	836961036377448199	836961036377448198	978	
1	C32H51NO2	[M + K]+	C32H51KNO2+	Terpenoids	0.328	Pseudoalkaloids (transamidation)	0.268	Open-chain polyketides	0.152	Benzenoids	0.766	Benzene and substituted derivatives	0.745					Benzene and substituted derivatives	0.745	Organic compounds; Organonitrogen compounds; Organooxygen compounds; Benzene and substituted derivatives; Benzenoids; Amines; Hydrocarbon derivatives; Organopnictogen compounds; Organic oxygen compounds; Organic nitrogen compounds; Chemical entities	520.355	594	9.901	836961281765218035	836961036411002635	836961036411002634	979	
1	C40H82NO10S	[M + H3N + H]+	C40H86N2O10S+	Polyketides	0.791	Macrolides	0.996	Polyene macrolides	0.445	Phenylpropanoids and polyketides	0.913	Macrolides and analogues	0.950					Macrolides and analogues	0.950	Organic compounds; Organoheterocyclic compounds; Organosulfur compounds; Lactones; Ketones; Alcohols and polyols; Macrolides and analogues; Ethers; Phenylpropanoids and polyketides; Organic acids and derivatives; Carboxylic acids and derivatives; Organonitrogen compounds; Organooxygen compounds; Carboxylic acid amides; Carboxylic acid derivatives; Monocarboxylic acids and derivatives; Carboxylic acid esters; Secondary alcohols; Carbonyl compounds; Cyclic ketones; Organic oxides; Oxacyclic compounds; Hydrocarbon derivatives; Organopnictogen compounds; Organic oxygen compounds; Organic nitrogen compounds; Chemical entities	786.601	594	9.903	836961353202607350	836961036549414683	836961036549414682	983	
1	C36H38N4O7	[M - H2O + H]+	C36H37N4O6+	Alkaloids	0.673	Tryptophan alkaloids	0.426	Carboline alkaloids	0.063	Organoheterocyclic compounds	0.995	Tetrapyrroles and derivatives	0.958					Tetrapyrroles and derivatives	0.958	Organic compounds; Organoheterocyclic compounds; Amino acids, peptides, and analogues; Alpha amino acids and derivatives; Pyrroles; Alcohols and polyols; Organic acids and derivatives; Carboxylic acids and derivatives; Organonitrogen compounds; Organooxygen compounds; Dicarboxylic acids and derivatives; Amino acids and derivatives; Carboxylic acid amides; Carboxylic acid derivatives; Carboxylic acids; Carboxylic acid esters; Tetrapyrroles and derivatives; Secondary carboxylic acid amides; Carbonyl compounds; Substituted pyrroles; Methyl esters; Organic oxides; Azacyclic compounds; Heteroaromatic compounds; Hydrocarbon derivatives; Organopnictogen compounds; Organic oxygen compounds; Organic nitrogen compounds; Chemical entities	621.271	594	9.904	836961314057166242	836961036444557071	836961036444557070	980	
1	C44H80NO8P	[M + H]+	C44H81NO8P+	Fatty acids	0.999	Glycerophospholipids	1.000	Glycerophosphocholines	0.996	Lipids and lipid-like molecules	0.989	Glycerophospholipids	0.999	Glycerophosphocholines	0.994	Phosphatidylcholines	0.987	Phosphatidylcholines	0.987	Organic compounds; Lipids and lipid-like molecules; Glycerophospholipids; Organic acids and derivatives; Carboxylic acids and derivatives; Organonitrogen compounds; Organooxygen compounds; Fatty acid esters; Dicarboxylic acids and derivatives; Organic phosphoric acids and derivatives; Phosphate esters; Quaternary ammonium salts; Cholines; Carboxylic acid derivatives; Carboxylic acid esters; Phosphocholines; Phosphatidylcholines; Carbonyl compounds; Glycerophosphocholines; Amines; Alkyl phosphates; Dialkyl phosphates; Organic cations; Organic salts; Fatty Acyls; Organic oxides; Hydrocarbon derivatives; Tetraalkylammonium salts; Organopnictogen compounds; Organic oxygen compounds; Organic nitrogen compounds; Chemical entities	782.570	594	9.906	836961282964789093	836961036515860247	836961036515860246	982	
1	C42H78NO8P	[M + H]+	C42H79NO8P+	Fatty acids	0.998	Glycerophospholipids	1.000	Glycerophosphocholines	0.995	Lipids and lipid-like molecules	0.987	Glycerophospholipids	0.999	Glycerophosphocholines	0.993	Phosphatidylcholines	0.986	Phosphatidylcholines	0.986	Organic compounds; Lipids and lipid-like molecules; Glycerophospholipids; Organic acids and derivatives; Carboxylic acids and derivatives; Organonitrogen compounds; Organooxygen compounds; Fatty acid esters; Dicarboxylic acids and derivatives; Organic phosphoric acids and derivatives; Phosphate esters; Quaternary ammonium salts; Cholines; Carboxylic acid derivatives; Carboxylic acid esters; Phosphocholines; Phosphatidylcholines; Carbonyl compounds; Glycerophosphocholines; Amines; Alkyl phosphates; Dialkyl phosphates; Organic cations; Organic salts; Fatty Acyls; Organic oxides; Hydrocarbon derivatives; Tetraalkylammonium salts; Organopnictogen compounds; Organic oxygen compounds; Organic nitrogen compounds; Chemical entities	756.554	594	9.906	836961285850470541	836961036482305811	836961036482305810	981	
1	C37H72N2O5	[M + Na]+	C37H72N2NaO5+	Fatty acids	1.000	Fatty amides	0.958	N-acyl amines	0.917	Organic acids and derivatives	1.000	Carboxylic acids and derivatives	1.000	Amino acids, peptides, and analogues	0.645	Amino acids and derivatives	0.646	Amino acids and derivatives	0.646	Organic compounds; Lipids and lipid-like molecules; Amino acids, peptides, and analogues; Organic acids and derivatives; Carboxylic acids and derivatives; Organonitrogen compounds; Organooxygen compounds; Fatty acid esters; Fatty amides; Dicarboxylic acids and derivatives; Amino acids and derivatives; Carboxylic acid amides; Carboxylic acid derivatives; N-acyl amines; Carboxylic acids; Carboxylic acid esters; Secondary carboxylic acid amides; Carbonyl compounds; Fatty Acyls; Organic oxides; Hydrocarbon derivatives; Organopnictogen compounds; Organic oxygen compounds; Organic nitrogen compounds; Chemical entities	647.534	595	9.923	836961263314473383	836961036582969119	836961036582969118	984	
1	C37H69NO5	[M + H3N + H]+	C37H73N2O5+	Fatty acids	1.000	Spingolipids	0.749	N-acyl amines	0.293	Organic acids and derivatives	0.998	Carboxylic acids and derivatives	0.994	Amino acids, peptides, and analogues	0.575	Amino acids and derivatives	0.575	Alpha amino acids and derivatives	0.592	Organic compounds; Lipids and lipid-like molecules; Amino acids, peptides, and analogues; Alpha amino acids and derivatives; Alcohols and polyols; Organic acids and derivatives; Carboxylic acids and derivatives; Organonitrogen compounds; Organooxygen compounds; Fatty amides; Amino acids and derivatives; Carboxylic acid amides; Carboxylic acid derivatives; N-acyl amines; Monocarboxylic acids and derivatives; Carboxylic acids; Carboxylic acid esters; Secondary carboxylic acid amides; Carbonyl compounds; Fatty Acyls; Organic oxides; Hydrocarbon derivatives; Organopnictogen compounds; Organic oxygen compounds; Organic nitrogen compounds; Chemical entities	625.552	595	9.924	836961281853298435	836961036616523555	836961036616523554	985	
1	C30H63NO3	[M - H2O + H]+	C30H62NO2+	Fatty acids	1.000	Spingolipids	1.000	Ceramides	1.000	Lipids and lipid-like molecules	0.994	Sphingolipids	0.996	Ceramides	0.999	Long-chain ceramides	0.819	Long-chain ceramides	0.819	Organic compounds; Lipids and lipid-like molecules; Alcohols and polyols; Sphingolipids; Organic acids and derivatives; Carboxylic acids and derivatives; Organonitrogen compounds; Primary alcohols; Organooxygen compounds; Fatty amides; Carboxylic acid amides; Carboxylic acid derivatives; N-acyl amines; Ceramides; Secondary alcohols; Secondary carboxylic acid amides; Long-chain ceramides; Carbonyl compounds; Fatty Acyls; Organic oxides; Hydrocarbon derivatives; Organopnictogen compounds; Organic oxygen compounds; Organic nitrogen compounds; Chemical entities	468.478	596	9.930	836961314799558107	836961036683632427	836961036683632426	987	
1	C44H64O5	[M + H3N + H]+	C44H68NO5+	Terpenoids	0.996	Carotenoids (C40)	0.991	Carotenoids (C40, β-β)	0.513	Lipids and lipid-like molecules	0.975	Prenol lipids	0.930	Tetraterpenoids	0.781	Carotenoids	0.762	Xanthophylls	0.813	Organic compounds; Lipids and lipid-like molecules; Ketones; Alcohols and polyols; Prenol lipids; Organooxygen compounds; Carotenoids; Xanthophylls; Tetraterpenoids; Secondary alcohols; Carbonyl compounds; Organic oxides; Hydrocarbon derivatives; Organic oxygen compounds; Chemical entities	690.507	596	9.937	836961325004300417	836961036650077991	836961036650077990	986	
1	C39H71NO5	[M + H3N + H]+	C39H75N2O5+	Fatty acids	0.999	Spingolipids	0.670	Ceramides	0.218	Organic acids and derivatives	0.998	Carboxylic acids and derivatives	0.996	Amino acids, peptides, and analogues	0.669	Amino acids and derivatives	0.665	Alpha amino acids and derivatives	0.593	Organic compounds; Lipids and lipid-like molecules; Amino acids, peptides, and analogues; Alpha amino acids and derivatives; Alcohols and polyols; Organic acids and derivatives; Carboxylic acids and derivatives; Organonitrogen compounds; Organooxygen compounds; Fatty amides; Amino acids and derivatives; Carboxylic acid amides; Carboxylic acid derivatives; N-acyl amines; Monocarboxylic acids and derivatives; Carboxylic acid esters; Secondary alcohols; Secondary carboxylic acid amides; Carbonyl compounds; Fatty Acyls; Organic oxides; Hydrocarbon derivatives; Organopnictogen compounds; Organic oxygen compounds; Organic nitrogen compounds; Chemical entities	651.567	596	9.939	836961265025749661	836961036721381167	836961036721381166	988	
1	C25H52ClN5O3	[M - H2O + H]+	C25H51ClN5O2+	Amino acids and Peptides	0.391	Oligopeptides	0.789	Tripeptides	0.048	Organic acids and derivatives	0.676	Carboxylic acids and derivatives	0.611	Amino acids, peptides, and analogues	0.548	Amino acids and derivatives	0.536	Amino acids and derivatives	0.536	Organic compounds; Organoheterocyclic compounds; Amino acids, peptides, and analogues; Pyrimidines and pyrimidine derivatives; Alcohols and polyols; Organic acids and derivatives; Carboxylic acids and derivatives; Organohalogen compounds; Organonitrogen compounds; Organooxygen compounds; Amino acids and derivatives; Carboxylic acid amides; Alkyl chlorides; Carboxylic acid derivatives; Aminopyrimidines and derivatives; Diazines; Organochlorides; Secondary carboxylic acid amides; Carbonyl compounds; Amines; Imidolactams; Organic oxides; Azacyclic compounds; Heteroaromatic compounds; Hydrocarbon derivatives; Organopnictogen compounds; Organic oxygen compounds; Organic nitrogen compounds; Chemical entities	488.374	597	9.953	836961278455912093	836961036817850171	836961036817850170	991	
1	C26H41N3O3	[M - H2O + H]+	C26H40N3O2+	Amino acids and Peptides	0.639	Linear polyketides	0.095	Open-chain polyketides	0.024	Organic acids and derivatives	0.946	Carboxylic acids and derivatives	0.939	Amino acids, peptides, and analogues	0.832	Amino acids and derivatives	0.824	Amino acids and derivatives	0.824	Organic compounds; Lipids and lipid-like molecules; Amino acids, peptides, and analogues; Organic acids and derivatives; Carboxylic acids and derivatives; Organonitrogen compounds; Organooxygen compounds; Fatty amides; Amino acids and derivatives; Carboxylic acid amides; Carboxylic acid derivatives; N-acyl amines; Secondary carboxylic acid amides; Carbonyl compounds; Dialkylamines; Benzene and substituted derivatives; Benzenoids; Amines; Fatty Acyls; Organic oxides; Hydrocarbon derivatives; Organopnictogen compounds; Organic oxygen compounds; Organic nitrogen compounds; Chemical entities	426.313	597	9.955	836961295447038467	836961036788490039	836961036788490038	990	
1	C18H35BFNO4Si	[M - H2O + H]+	C18H34BFNO3Si+	Terpenoids	0.411	Monoterpenoids	0.635	Tropane alkaloids	0.084	Organic acids and derivatives	0.988	Carboxylic acids and derivatives	0.897	Amino acids, peptides, and analogues	0.883	Amino acids and derivatives	0.883	Carbamate esters	0.848	Organic compounds; Amino acids, peptides, and analogues; Organic acids and derivatives; Carboxylic acids and derivatives; Organohalogen compounds; Organonitrogen compounds; Carbamic acids and derivatives; Organooxygen compounds; Amino acids and derivatives; Organometallic compounds; Boronic acid derivatives; Aryl fluorides; Fluorobenzenes; Carbamate esters; Organometalloid compounds; Organofluorides; Carbonyl compounds; Benzene and substituted derivatives; Benzenoids; Organoboron compounds; Organic salts; Organic oxides; Organic metalloid salts; Organic metal salts; Hydrocarbon derivatives; Alkylboranes; Organic oxygen compounds; Organic nitrogen compounds; Chemical entities	369.242	597	9.955	836961302778682287	836961036754935603	836961036754935602	989	
1	C39H78N2O5	[M + Na]+	C39H78N2NaO5+	Fatty acids	1.000	Fatty amides	0.997	N-acyl amines	0.996	Organic acids and derivatives	1.000	Carboxylic acids and derivatives	1.000	Amino acids, peptides, and analogues	0.999	Amino acids and derivatives	0.999	N-acyl-alpha amino acids	0.991	Organic compounds; Lipids and lipid-like molecules; Amino acids, peptides, and analogues; Alpha amino acids and derivatives; Organic acids and derivatives; Carboxylic acids and derivatives; Organonitrogen compounds; Organooxygen compounds; Fatty amides; Amino acids and derivatives; Monoalkylamines; Carboxylic acid amides; Carboxylic acid derivatives; N-acyl amines; Monocarboxylic acids and derivatives; N-acyl-alpha amino acids and derivatives; Carboxylic acids; N-acyl-alpha amino acids; Amines; Primary amines; Fatty Acyls; Organic oxides; Hydrocarbon derivatives; Organopnictogen compounds; Organic oxygen compounds; Organic nitrogen compounds; Chemical entities	677.583	598	9.961	836961268121146333	836961036855598911	836961036855598910	992	
1	C39H67N7O3	[M + H3N + H]+	C39H71N8O3+	Amino acids and Peptides	0.860	Oligopeptides	0.373	Cyclic peptides	0.144	Organic acids and derivatives	0.996	Carboxylic acids and derivatives	0.988	Amino acids, peptides, and analogues	0.977	Amino acids and derivatives	0.973	Alpha amino acid amides	0.687	Organic compounds; Organoheterocyclic compounds; Lipids and lipid-like molecules; Amino acids, peptides, and analogues; Alpha amino acids and derivatives; Pyrrolidines; Organic acids and derivatives; Carboxylic acids and derivatives; Organonitrogen compounds; Organooxygen compounds; Fatty amides; Amino acids and derivatives; Carboxylic acid amides; Carboxylic acid derivatives; Secondary carboxylic acid amides; Tertiary carboxylic acid amides; Carbonyl compounds; Alpha amino acid amides; Amines; N-acylpyrrolidines; Fatty Acyls; Organic oxides; Azacyclic compounds; Heteroaromatic compounds; Hydrocarbon derivatives; Organopnictogen compounds; Organic oxygen compounds; Organic nitrogen compounds; Chemical entities	699.565	598	9.967	836961264555987518	836961036893347651	836961036893347650	993	
1	C18H40Si	[M + H]+	C18H41Si+	Fatty acids	0.992	Fatty acyls	0.999	Hydrocarbons	0.961	Hydrocarbons	0.256	Saturated hydrocarbons	0.879	Alkanes	0.897	Branched alkanes	0.863	Branched alkanes	0.863	Organic compounds; Alkanes; Hydrocarbon derivatives; Saturated hydrocarbons; Branched alkanes; Chemical entities	285.298	600	10.000	836961265956885328	836961036960456523	836961036960456522	995	
1	C40H73NO5	[M + H3N + H]+	C40H77N2O5+	Fatty acids	0.998	Spingolipids	0.369	N-acyl amines	0.240	Organic acids and derivatives	1.000	Carboxylic acids and derivatives	1.000	Amino acids, peptides, and analogues	0.953	Amino acids and derivatives	0.952	N-acyl-alpha amino acids	0.556	Organic compounds; Lipids and lipid-like molecules; Amino acids, peptides, and analogues; Alpha amino acids and derivatives; Organic acids and derivatives; Carboxylic acids and derivatives; Organonitrogen compounds; Organooxygen compounds; Fatty acid esters; Fatty amides; Amino acids and derivatives; Carboxylic acid amides; Carboxylic acid derivatives; Monocarboxylic acids and derivatives; N-acyl-alpha amino acids and derivatives; Carboxylic acids; Carboxylic acid esters; Carbonyl compounds; N-acyl-alpha amino acids; Fatty Acyls; Organic oxides; Hydrocarbon derivatives; Organopnictogen compounds; Organic oxygen compounds; Organic nitrogen compounds; Chemical entities	665.583	604	10.071	836961265650701049	836961037027565395	836961037027565394	997	
1	C20H36O	[M + H3N + H]+	C20H40NO+	Fatty acids	0.993	Fatty acyls	0.971	Fatty alcohols	0.866	Lipids and lipid-like molecules	0.674	Fatty Acyls	0.685	Fatty alcohols	0.504	Long-chain fatty alcohols	0.619	Long-chain fatty alcohols	0.619	Organic compounds; Lipids and lipid-like molecules; Ketones; Organooxygen compounds; Fatty alcohols; Carbonyl compounds; Long-chain fatty alcohols; Fatty Acyls; Organic oxides; Hydrocarbon derivatives; Organic oxygen compounds; Chemical entities	310.310	604	10.072	836961266313401199	836961037065314135	836961037065314134	998	
1	C44H64O5	[M + H3N + H]+	C44H68NO5+	Terpenoids	0.996	Carotenoids (C40)	0.994	Carotenoids (C40, β-β)	0.655	Lipids and lipid-like molecules	0.975	Prenol lipids	0.930	Tetraterpenoids	0.873	Carotenoids	0.847	Xanthophylls	0.874	Organic compounds; Lipids and lipid-like molecules; Alcohols and polyols; Prenol lipids; Organooxygen compounds; Carotenoids; Xanthophylls; Tetraterpenoids; Secondary alcohols; Carbonyl compounds; Organic oxides; Hydrocarbon derivatives; Organic oxygen compounds; Chemical entities	690.507	606	10.104	836961275767362998	836961037098868571	836961037098868570	999	
1	C18H45NO3Si3	[M + H3N + H]+	C18H49N2O3Si3+	Fatty acids	0.998	Fatty amides	0.718	Sphingoid bases	0.450	Lipids and lipid-like molecules	0.823	Fatty Acyls	0.835	Fatty amides	0.655	N-acyl amines	0.676	N-acyl amines	0.676	Organic compounds; Lipids and lipid-like molecules; Alcohols and polyols; Organic acids and derivatives; Carboxylic acids and derivatives; Organonitrogen compounds; Primary alcohols; Organooxygen compounds; Fatty amides; Carboxylic acid amides; N-acyl amines; Secondary alcohols; Fatty Acyls; Organic oxides; Hydrocarbon derivatives; Organopnictogen compounds; Organic oxygen compounds; Organic nitrogen compounds; Chemical entities	425.305	607	10.114	836961278091007589	836961037296000883	836961037296000882	1005	
1	CH3N2O2S	[M + K]+	CH3KN2O2S+	Alkaloids	0.452	Histidine alkaloids	0.376	Imidazole alkaloids	0.379	Organic nitrogen compounds	0.979	Organonitrogen compounds	0.829					Organonitrogen compounds	0.829	Organic compounds; Organonitrogen compounds; Organic oxides; Hydrocarbon derivatives; Organic oxygen compounds; Organic nitrogen compounds; Chemical entities	145.954	607	10.123	836961279198303921	836961037165977443	836961037165977442	1001	
1	C3H3ClFO3	[M + Na]+	C3H3ClFNaO3+	Fatty acids	0.987	Fatty Acids and Conjugates	0.991	Halogenated fatty acids	0.995	Lipids and lipid-like molecules	0.580	Fatty Acyls	0.610	Fatty acids and conjugates	0.563	Halogenated fatty acids	0.741	Halogenated fatty acids	0.741	Organic compounds; Lipids and lipid-like molecules; Fatty acids and conjugates; Organic acids and derivatives; Carboxylic acids and derivatives; Organohalogen compounds; Organooxygen compounds; Halogenated fatty acids; Alkyl chlorides; Alkyl fluorides; Monocarboxylic acids and derivatives; Carboxylic acids; Organochlorides; Organofluorides; Alpha-halocarboxylic acids and derivatives; Carbonyl compounds; Alkyl halides; Alpha-halocarboxylic acids; Fatty Acyls; Organic oxides; Hydrocarbon derivatives; Organic oxygen compounds; Chemical entities	163.965	608	10.133	836961269450740789	836961037199531879	836961037199531878	1002	
1	C32H64O2	[M + H3N + H]+	C32H68NO2+	Terpenoids	0.983	Steroids	0.684	Cholestane steroids	0.232	Lipids and lipid-like molecules	0.983	Steroids and steroid derivatives	0.808	Hydroxysteroids	0.648	3-hydroxysteroids	0.559	3-hydroxysteroids	0.559	Organic compounds; Lipids and lipid-like molecules; Alcohols and polyols; Steroids and steroid derivatives; Prenol lipids; Organooxygen compounds; Cyclic alcohols and derivatives; Hydroxysteroids; Secondary alcohols; 3-hydroxysteroids; Hydrocarbon derivatives; Organic oxygen compounds; Chemical entities	498.525	608	10.133	836961279399630535	836961037333749623	836961037329555318	1006	
1	C3H2ClO3	[M + Na]+	C3H2ClNaO3+	Fatty acids	0.516	Fatty Acids and Conjugates	0.532	Halogenated fatty acids	0.831	Organohalogen compounds	0.999	Vinyl halides	0.828	Vinylogous halides	0.613			Vinylogous halides	0.613	Organic compounds; Organic acids and derivatives; Carboxylic acids and derivatives; Organohalogen compounds; Organooxygen compounds; Organochlorides; Carbonyl compounds; Vinyl chlorides; Vinyl halides; Vinylogous halides; Haloalkenes; Chloroalkenes; Organic oxides; Hydrocarbon derivatives; Organic oxygen compounds; Chemical entities	143.959	608	10.136	836961333787173473	836961037497327495	836961037497327494	1010	
1	CH3N2O2S	[M + K]+	CH3KN2O2S+	Alkaloids	0.456	Histidine alkaloids	0.387	Imidazole alkaloids	0.389	Organic nitrogen compounds	0.979	Organonitrogen compounds	0.829					Organonitrogen compounds	0.829	Organic compounds; Organonitrogen compounds; Organic oxides; Hydrocarbon derivatives; Organic oxygen compounds; Organic nitrogen compounds; Chemical entities	145.954	608	10.140	836961327319556319	836961037606379411	836961037606379410	1013	
1	C42H75NO5	[M + H3N + H]+	C42H79N2O5+	Fatty acids	1.000	Spingolipids	0.985	Ceramides	0.607	Lipids and lipid-like molecules	0.992	Sphingolipids	0.531					Sphingolipids	0.531	Organic compounds; Lipids and lipid-like molecules; Amino acids, peptides, and analogues; Alpha amino acids and derivatives; Alcohols and polyols; Sphingolipids; Organic acids and derivatives; Carboxylic acids and derivatives; Organonitrogen compounds; Organooxygen compounds; Fatty amides; Amino acids and derivatives; Carboxylic acid amides; Carboxylic acid derivatives; N-acyl amines; Monocarboxylic acids and derivatives; Carboxylic acids; Carboxylic acid esters; Secondary alcohols; Secondary carboxylic acid amides; Carbonyl compounds; Fatty Acyls; Organic oxides; Hydrocarbon derivatives; Organopnictogen compounds; Organic oxygen compounds; Organic nitrogen compounds; Chemical entities	691.599	608	10.141	836961282734102350	836961037421830015	836961037417635710	1008	
1	C3H2ClO3	[M + Na]+	C3H2ClNaO3+	Polyketides	0.511	Fatty Acids and Conjugates	0.433	Halogenated fatty acids	0.776	Organohalogen compounds	0.998	Vinyl halides	0.813	Vinylogous halides	0.605			Vinylogous halides	0.605	Organic compounds; Organic acids and derivatives; Carboxylic acids and derivatives; Organohalogen compounds; Organooxygen compounds; Organochlorides; Carbonyl compounds; Vinyl chlorides; Vinyl halides; Vinylogous halides; Haloalkenes; Chloroalkenes; Organic oxides; Hydrocarbon derivatives; Organic oxygen compounds; Chemical entities	143.959	609	10.142	836961279403824840	836961037233086315	836961037233086314	1003	
1	C39H77BN6O5	[M + K]+	C39H77BKN6O5+	Amino acids and Peptides	0.931	Oligopeptides	0.983	Tripeptides	0.117	Organic acids and derivatives	0.999	Carboxylic acids and derivatives	0.992	Amino acids, peptides, and analogues	0.991	Amino acids and derivatives	0.988	N-acyl-alpha amino acids and derivatives	0.812	Organic compounds; Organoheterocyclic compounds; Lipids and lipid-like molecules; Amino acids, peptides, and analogues; Alpha amino acids and derivatives; Pyrrolidines; Organic acids and derivatives; Carboxylic acids and derivatives; Organonitrogen compounds; Organooxygen compounds; Fatty amides; Amino acids and derivatives; Organometallic compounds; Carboxylic acid amides; Boronic acid derivatives; Carboxylic acid derivatives; N-acyl amines; N-acyl-alpha amino acids and derivatives; Organometalloid compounds; Secondary carboxylic acid amides; Tertiary carboxylic acid amides; Carbonyl compounds; Pyrrolidine carboxylic acids and derivatives; Pyrrolidinecarboxamides; Alpha amino acid amides; Organoboron compounds; N-acylpyrrolidines; Organic salts; Fatty Acyls; Organic oxides; Organic metalloid salts; Organic metal salts; Azacyclic compounds; Hydrocarbon derivatives; Valine and derivatives; Proline and derivatives; Organopnictogen compounds; Alkylboranes; Monoalkylboranes; Organic oxygen compounds; Organic nitrogen compounds; Chemical entities	758.570	610	10.159	836961312517856555	836961037379886971	836961037379886970	1007	
1	C3H6ClFO4	[M - H2O + H]+	C3H5ClFO3+	Fatty acids	0.957	Fatty Acids and Conjugates	0.876	Halogenated fatty acids	0.921	Organohalogen compounds	0.999	Halohydrins	0.653					Halohydrins	0.653	Organic compounds; Alcohols and polyols; Organic acids and derivatives; Carboxylic acids and derivatives; Organohalogen compounds; Organooxygen compounds; Alkyl chlorides; Alkyl fluorides; Organochlorides; Organofluorides; Carbonyl compounds; Halohydrins; Alkyl halides; Organic oxides; Hydrocarbon derivatives; Organic oxygen compounds; Chemical entities	142.991	610	10.160	836961272051209443	836961037681876891	836961037681876890	1015	
1	C3HNO5S	[M + H]+	C3H2NO5S+	Alkaloids	0.495	Tropolones	0.399	Pyridine alkaloids	0.072	Organic acids and derivatives	0.995	Organic sulfonic acids and derivatives	0.922	Organosulfonic acids and derivatives	0.921	Arylsulfonic acids and derivatives	0.642	Arylsulfonic acids and derivatives	0.642	Organic compounds; Organoheterocyclic compounds; Organosulfur compounds; Organic acids and derivatives; Organosulfonic acids and derivatives; Organonitrogen compounds; Organooxygen compounds; Sulfonyls; Organosulfonic acids; Arylsulfonic acids and derivatives; Organic oxides; Heteroaromatic compounds; Hydrocarbon derivatives; Organic sulfonic acids and derivatives; Organic oxygen compounds; Organic nitrogen compounds; Chemical entities	163.965	610	10.168	836961287511415000	836961037535076235	836961037535076234	1011	
1	C46H68O5	[M + H3N + H]+	C46H72NO5+	Terpenoids	0.903	Carotenoids (C40)	0.825	Carotenoids (C40, β-β)	0.273	Lipids and lipid-like molecules	0.933	Prenol lipids	0.599					Prenol lipids	0.599	Organic compounds; Lipids and lipid-like molecules; Alcohols and polyols; Prenol lipids; Organic acids and derivatives; Organooxygen compounds; Carboxylic acid esters; Secondary alcohols; Carbonyl compounds; Fatty Acyls; Organic oxides; Hydrocarbon derivatives; Organic oxygen compounds; Chemical entities	718.538	611	10.176	836961276220347832	836961037639933847	836961037639933846	1014	
1	C39H77BN6O5	[M + K]+	C39H77BKN6O5+	Amino acids and Peptides	0.931	Oligopeptides	0.983	Tripeptides	0.117	Organic acids and derivatives	0.999	Carboxylic acids and derivatives	0.992	Amino acids, peptides, and analogues	0.991	Amino acids and derivatives	0.988	N-acyl-alpha amino acids and derivatives	0.812	Organic compounds; Organoheterocyclic compounds; Lipids and lipid-like molecules; Amino acids, peptides, and analogues; Alpha amino acids and derivatives; Pyrrolidines; Organic acids and derivatives; Carboxylic acids and derivatives; Organonitrogen compounds; Organooxygen compounds; Fatty amides; Amino acids and derivatives; Organometallic compounds; Carboxylic acid amides; Boronic acid derivatives; Carboxylic acid derivatives; N-acyl amines; N-acyl-alpha amino acids and derivatives; Organometalloid compounds; Secondary carboxylic acid amides; Tertiary carboxylic acid amides; Carbonyl compounds; Pyrrolidine carboxylic acids and derivatives; Pyrrolidinecarboxamides; Alpha amino acid amides; Organoboron compounds; N-acylpyrrolidines; Organic salts; Fatty Acyls; Organic oxides; Organic metalloid salts; Organic metal salts; Azacyclic compounds; Hydrocarbon derivatives; Valine and derivatives; Proline and derivatives; Organopnictogen compounds; Alkylboranes; Monoalkylboranes; Organic oxygen compounds; Organic nitrogen compounds; Chemical entities	758.570	611	10.181	836961322940702694	836961037778345895	836961037778345894	1018	
1	C41H75NO5	[M + H3N + H]+	C41H79N2O5+	Fatty acids	1.000	Spingolipids	0.981	Ceramides	0.725	Lipids and lipid-like molecules	0.993	Sphingolipids	0.624	Ceramides	0.657			Ceramides	0.657	Organic compounds; Lipids and lipid-like molecules; Amino acids, peptides, and analogues; Alpha amino acids and derivatives; Alcohols and polyols; Sphingolipids; Organic acids and derivatives; Carboxylic acids and derivatives; Organonitrogen compounds; Primary alcohols; Organooxygen compounds; Fatty amides; Amino acids and derivatives; Carboxylic acid amides; Carboxylic acid derivatives; N-acyl amines; Monocarboxylic acids and derivatives; N-acyl-alpha amino acids and derivatives; Carboxylic acids; Ceramides; Secondary alcohols; Secondary carboxylic acid amides; Carbonyl compounds; Fatty Acyls; Organic oxides; Hydrocarbon derivatives; Organopnictogen compounds; Organic oxygen compounds; Organic nitrogen compounds; Chemical entities	679.599	612	10.205	836961284831254566	836961037849649071	836961037849649070	1020	
1	C30H44O4	[M - H2O + H]+	C30H43O3+	Terpenoids	0.892	Triterpenoids	0.218	Abeolupane triterpenoids	0.077	Lipids and lipid-like molecules	0.880	Prenol lipids	0.598					Prenol lipids	0.598	Organic compounds; Lipids and lipid-like molecules; Prenol lipids; Organic acids and derivatives; Carboxylic acids and derivatives; Organooxygen compounds; Monocarboxylic acids and derivatives; Carboxylic acids; Carbonyl compounds; Organic oxides; Hydrocarbon derivatives; Organic oxygen compounds; Chemical entities	451.321	614	10.231	836961277856126541	836961037920952247	836961037920952246	1022	
1	C28H42O4	[M - H2O + H]+	C28H41O3+	Terpenoids	0.890	Sesquiterpenoids	0.319	Cannabinoids	0.091	Benzenoids	0.811	Benzene and substituted derivatives	0.644	Phenylpropanes	0.595			Phenylpropanes	0.595	Organic compounds; Lipids and lipid-like molecules; Organic acids and derivatives; Carboxylic acids and derivatives; Organooxygen compounds; Carboxylic acid derivatives; Carboxylic acid esters; Carbonyl compounds; Benzene and substituted derivatives; Benzenoids; Phenylpropanes; Organic oxides; Hydrocarbon derivatives; Organic oxygen compounds; Chemical entities	425.305	614	10.240	836961288564185351	836961037958700987	836961037958700986	1023	
1	C30H47NO3	[M + H]+	C30H48NO3+	Alkaloids	0.371	Pseudoalkaloids (transamidation)	0.562	Open-chain polyketides	0.226	Lipids and lipid-like molecules	0.599							Lipids and lipid-like molecules	0.599	Organic compounds; Organoheterocyclic compounds; Lipids and lipid-like molecules; Alcohols and polyols; Organonitrogen compounds; Organooxygen compounds; Amines; Organic oxides; Hydrocarbon derivatives; Organopnictogen compounds; Organic oxygen compounds; Organic nitrogen compounds; Chemical entities	470.363	614	10.241	836961276232930745	836961037992255423	836961037992255422	1024	
1	C16H26B9N3O4S	[M + H]+	C16H27B9N3O4S+	Terpenoids	0.995	Monoterpenoids	0.998	Pinane monoterpenoids	1.000	Organoheterocyclic compounds	1.000	Isoindoles and derivatives	0.622	Isoindoles	0.993			Isoindoles	0.993	Organic compounds; Organoheterocyclic compounds; Pyrazines; Isoindoles; Pyrrolidines; Organic acids and derivatives; Organonitrogen compounds; Azoles; Organometallic compounds; Boronic acid derivatives; Organometalloid compounds; Isoindoles and derivatives; Pyrazinecarboxamides; Pyrazine carboxylic acids and derivatives; Organoboron compounds; Organoboroxines; Organic salts; Organic metalloid salts; Organic metal salts; Azacyclic compounds; Oxacyclic compounds; Hydrocarbon derivatives; Organic oxygen compounds; Organic nitrogen compounds; Chemical entities	447.287	614	10.241	836961296915045015	836961038025809859	836961038025809858	1025	
1	C39H80NO8P	[M + Na]+	C39H80NNaO8P+	Fatty acids	1.000	Glycerophospholipids	1.000	Glycerophosphoethanolamines	0.999	Lipids and lipid-like molecules	0.991	Glycerophospholipids	1.000	Glycerophosphoethanolamines	0.996	Phosphatidylethanolamines	0.989	Phosphatidylethanolamines	0.989	Organic compounds; Lipids and lipid-like molecules; Amino acids, peptides, and analogues; Glycerophospholipids; Organic acids and derivatives; Carboxylic acids and derivatives; Organonitrogen compounds; Organooxygen compounds; Fatty acid esters; Dicarboxylic acids and derivatives; Amino acids and derivatives; Organic phosphoric acids and derivatives; Phosphate esters; Monoalkylamines; Carboxylic acid derivatives; Carboxylic acid esters; Phosphoethanolamines; Phosphatidylethanolamines; Carbonyl compounds; Glycerophosphoethanolamines; Amines; Primary amines; Alkyl phosphates; Dialkyl phosphates; Fatty Acyls; Organic oxides; Hydrocarbon derivatives; Organopnictogen compounds; Organic oxygen compounds; Organic nitrogen compounds; Chemical entities	744.554	615	10.256	836961327378276580	836961037887397811	836961037887397810	1021	
1	C38H79N5O10S	[M - H2O + H]+	C38H78N5O9S+	Polyketides	0.691	Oligopeptides	0.998	Depsipeptides	0.572	Organic acids and derivatives	0.998	Peptidomimetics	0.688	Depsipeptides	0.659	Cyclic depsipeptides	0.745	Cyclic depsipeptides	0.745	Organic compounds; Organoheterocyclic compounds; Amino acids, peptides, and analogues; Lactones; Alpha amino acids and derivatives; Macrolactams; Alcohols and polyols; Macrolides and analogues; Lactams; Phenylpropanoids and polyketides; Organic acids and derivatives; Carboxylic acids and derivatives; Organonitrogen compounds; Organooxygen compounds; Amino acids and derivatives; Alpha amino acid esters; Carboxylic acid amides; Carboxylic acid derivatives; Monocarboxylic acids and derivatives; Carboxylic acid esters; Secondary alcohols; Secondary carboxylic acid amides; Tertiary carboxylic acid amides; Peptidomimetics; Carbonyl compounds; Macrolide lactams; Depsipeptides; Cyclic depsipeptides; Organic oxides; Azacyclic compounds; Oxacyclic compounds; Hydrocarbon derivatives; Organopnictogen compounds; Organic oxygen compounds; Organic nitrogen compounds; Chemical entities	780.552	616	10.260	836961380331365740	836961037816094635	836961037816094634	1019	
1	C44H83N3O9Si	[M - H2O + H]+	C44H82N3O8Si+	Polyketides	0.867	Oligopeptides	0.986	Lipopeptides	0.596	Organic acids and derivatives	0.993	Peptidomimetics	0.635	Depsipeptides	0.581	Cyclic depsipeptides	0.632	Cyclic depsipeptides	0.632	Organic compounds; Organoheterocyclic compounds; Amino acids, peptides, and analogues; Lactones; Alpha amino acids and derivatives; Macrolactams; Alcohols and polyols; Macrolides and analogues; Lactams; Phenylpropanoids and polyketides; Organic acids and derivatives; Carboxylic acids and derivatives; Organohalogen compounds; Organonitrogen compounds; Organooxygen compounds; Amino acids and derivatives; Alpha amino acid esters; Carboxylic acid amides; Carboxylic acid derivatives; Carboxylic acid esters; Secondary alcohols; Secondary carboxylic acid amides; Tertiary carboxylic acid amides; Peptidomimetics; Carbonyl compounds; Macrolide lactams; Depsipeptides; Cyclic depsipeptides; Organic oxides; Azacyclic compounds; Oxacyclic compounds; Hydrocarbon derivatives; Organopnictogen compounds; Organic oxygen compounds; Organic nitrogen compounds; Chemical entities	808.583	616	10.264	836961349943633119	836961037711237023	836961037711237022	1016	
1	C43H77FN2O8	[M + H3N + H]+	C43H81FN3O8+	Polyketides	0.913	Macrolides	0.926	Erythromycins	0.603	Organic acids and derivatives	0.957	Carboxylic acids and derivatives	0.943	Amino acids, peptides, and analogues	0.768	Amino acids and derivatives	0.762	Amino acids and derivatives	0.762	Organic compounds; Organoheterocyclic compounds; Amino acids, peptides, and analogues; Lactones; Alcohols and polyols; Macrolides and analogues; Ethers; Phenylpropanoids and polyketides; Organic acids and derivatives; Carboxylic acids and derivatives; Organohalogen compounds; Organonitrogen compounds; Organooxygen compounds; Amino acids and derivatives; Carboxylic acid amides; Carboxylic acid derivatives; Carboxylic acid esters; Organofluorides; Secondary alcohols; Carbonyl compounds; Trialkylamines; Amines; Tertiary amines; Organic oxides; Azacyclic compounds; Oxacyclic compounds; Hydrocarbon derivatives; Organopnictogen compounds; Organic oxygen compounds; Organic nitrogen compounds; Chemical entities	786.601	616	10.267	836961332721820149	836961038059364295	836961038059364294	1026	
1	C25H51NO3	[M - H2O + H]+	C25H50NO2+	Fatty acids	1.000	Fatty amides	0.998	N-acyl amines	0.953	Lipids and lipid-like molecules	0.995	Fatty Acyls	0.993	Fatty amides	0.995	N-acyl amines	0.989	N-acyl amines	0.989	Organic compounds; Lipids and lipid-like molecules; Alcohols and polyols; Organic acids and derivatives; Carboxylic acids and derivatives; Organonitrogen compounds; Primary alcohols; Organooxygen compounds; Fatty amides; Carboxylic acid amides; Carboxylic acid derivatives; N-acyl amines; Secondary carboxylic acid amides; Carbonyl compounds; Fatty Acyls; Organic oxides; Hydrocarbon derivatives; Organopnictogen compounds; Organic oxygen compounds; Organic nitrogen compounds; Chemical entities	396.383	616	10.273	836961298420800248	836961038092918731	836961038092918730	1027	
1	C40H57O3	[M - H2O + H]+	C40H56O2+	Terpenoids	1.000	Carotenoids (C40)	0.992	Carotenoids (C40, β-β)	0.727	Lipids and lipid-like molecules	0.985	Prenol lipids	0.986	Tetraterpenoids	0.887	Carotenoids	0.868	Xanthophylls	0.894	Organic compounds; Lipids and lipid-like molecules; Alcohols and polyols; Prenol lipids; Organooxygen compounds; Carotenoids; Xanthophylls; Tetraterpenoids; Secondary alcohols; Carbonyl compounds; Organic oxides; Hydrocarbon derivatives; Organic oxygen compounds; Chemical entities	568.427	616	10.275	836961282092373778	836961038126473167	836961038126473166	1028	
1	C37H77N5O10S	[M - H2O + H]+	C37H76N5O9S+	Polyketides	0.672	Oligopeptides	1.000	Depsipeptides	0.858	Organic acids and derivatives	0.999	Peptidomimetics	0.778	Depsipeptides	0.759	Cyclic depsipeptides	0.799	Cyclic depsipeptides	0.799	Organic compounds; Organoheterocyclic compounds; Amino acids, peptides, and analogues; Lactones; Alpha amino acids and derivatives; Macrolactams; Thiazoles; Alcohols and polyols; Lactams; Thiazolines; Phenylpropanoids and polyketides; Organic acids and derivatives; Carboxylic acids and derivatives; Organonitrogen compounds; Organooxygen compounds; Amino acids and derivatives; Peptides; Alpha amino acid esters; Carboxylic acid amides; Carboxylic acid derivatives; Monocarboxylic acids and derivatives; Carboxylic acid esters; Secondary alcohols; Secondary carboxylic acid amides; Tertiary carboxylic acid amides; Peptidomimetics; Carbonyl compounds; Macrolide lactams; Depsipeptides; Cyclic depsipeptides; Imidothiolactones; Organic oxides; Azacyclic compounds; Oxacyclic compounds; Hydrocarbon derivatives; Organopnictogen compounds; Organic oxygen compounds; Organic nitrogen compounds; Chemical entities	766.536	617	10.291	836961348723090615	836961038164221907	836961038164221906	1029	
1	C39H80NO8P	[M + Na]+	C39H80NNaO8P+	Fatty acids	1.000	Glycerophospholipids	1.000	Glycerophosphoethanolamines	0.999	Lipids and lipid-like molecules	0.991	Glycerophospholipids	1.000	Glycerophosphoethanolamines	0.997	Phosphatidylethanolamines	0.990	Phosphatidylethanolamines	0.990	Organic compounds; Lipids and lipid-like molecules; Amino acids, peptides, and analogues; Glycerophospholipids; Organic acids and derivatives; Carboxylic acids and derivatives; Organonitrogen compounds; Organooxygen compounds; Fatty acid esters; Dicarboxylic acids and derivatives; Amino acids and derivatives; Organic phosphoric acids and derivatives; Phosphate esters; Monoalkylamines; Carboxylic acid derivatives; Carboxylic acid esters; Phosphoethanolamines; Phosphatidylethanolamines; Carbonyl compounds; Glycerophosphoethanolamines; Amines; Primary amines; Alkyl phosphates; Dialkyl phosphates; Fatty Acyls; Organic oxides; Hydrocarbon derivatives; Organopnictogen compounds; Organic oxygen compounds; Organic nitrogen compounds; Chemical entities	744.554	618	10.299	836961333577458244	836961038407491567	836961038407491566	1036	
1	C46H68O5	[M + H3N + H]+	C46H72NO5+	Terpenoids	0.904	Carotenoids (C40)	0.810	Carotenoids (C40, β-β)	0.255	Lipids and lipid-like molecules	0.935	Prenol lipids	0.600					Prenol lipids	0.600	Organic compounds; Lipids and lipid-like molecules; Alcohols and polyols; Prenol lipids; Organic acids and derivatives; Organooxygen compounds; Carboxylic acid esters; Carbonyl compounds; Fatty Acyls; Organic oxides; Hydrocarbon derivatives; Organic oxygen compounds; Chemical entities	718.538	618	10.304	836961269362660403	836961038306828259	836961038306828258	1033	
1	C38H79N5O10S	[M - H2O + H]+	C38H78N5O9S+	Polyketides	0.691	Oligopeptides	0.998	Depsipeptides	0.572	Organic acids and derivatives	0.998	Peptidomimetics	0.688	Depsipeptides	0.660	Cyclic depsipeptides	0.745	Cyclic depsipeptides	0.745	Organic compounds; Organoheterocyclic compounds; Amino acids, peptides, and analogues; Lactones; Alpha amino acids and derivatives; Macrolactams; Alcohols and polyols; Macrolides and analogues; Lactams; Phenylpropanoids and polyketides; Organic acids and derivatives; Carboxylic acids and derivatives; Organonitrogen compounds; Organooxygen compounds; Amino acids and derivatives; Alpha amino acid esters; Carboxylic acid amides; Carboxylic acid derivatives; Monocarboxylic acids and derivatives; Carboxylic acid esters; Secondary alcohols; Secondary carboxylic acid amides; Tertiary carboxylic acid amides; Peptidomimetics; Carbonyl compounds; Macrolide lactams; Depsipeptides; Cyclic depsipeptides; Organic oxides; Azacyclic compounds; Oxacyclic compounds; Hydrocarbon derivatives; Organopnictogen compounds; Organic oxygen compounds; Organic nitrogen compounds; Chemical entities	780.552	618	10.307	836961377563125058	836961038508154875	836961038508154874	1039	
1	C39H77BN6O5	[M + K]+	C39H77BKN6O5+	Amino acids and Peptides	0.969	Oligopeptides	0.993	Microginins	0.074	Organic acids and derivatives	1.000	Carboxylic acids and derivatives	0.997	Amino acids, peptides, and analogues	0.994	Amino acids and derivatives	0.991	N-acyl-alpha amino acids and derivatives	0.832	Organic compounds; Organoheterocyclic compounds; Lipids and lipid-like molecules; Amino acids, peptides, and analogues; Alpha amino acids and derivatives; Phenethylamines; Amphetamines and derivatives; Pyrrolidines; Organic acids and derivatives; Carboxylic acids and derivatives; Organonitrogen compounds; Organooxygen compounds; Fatty amides; Amino acids and derivatives; Organometallic compounds; Carboxylic acid amides; Boronic acid derivatives; Carboxylic acid derivatives; N-acyl amines; N-acyl-alpha amino acids and derivatives; Organometalloid compounds; Secondary carboxylic acid amides; Tertiary carboxylic acid amides; Carbonyl compounds; Pyrrolidine carboxylic acids and derivatives; Pyrrolidinecarboxamides; Alpha amino acid amides; Organoboron compounds; N-acylpyrrolidines; Organic salts; Fatty Acyls; Organic oxides; Organic metalloid salts; Organic metal salts; Azacyclic compounds; Hydrocarbon derivatives; Valine and derivatives; Proline and derivatives; Organopnictogen compounds; Alkylboranes; Monoalkylboranes; Organic oxygen compounds; Organic nitrogen compounds; Chemical entities	758.570	619	10.310	836961347947144317	836961038273273823	836961038273273822	1032	
1	C28H46N6O6Si3	[M - H2O + H]+	C28H45N6O5Si3+	Amino acids and Peptides	0.949	Oligopeptides	0.932	Cyclic peptides	0.542	Organic acids and derivatives	0.995	Carboxylic acids and derivatives	0.970	Amino acids, peptides, and analogues	0.884	Amino acids and derivatives	0.866	N-acyl-alpha amino acids and derivatives	0.670	Organic compounds; Organoheterocyclic compounds; Lipids and lipid-like molecules; Amino acids, peptides, and analogues; Alpha amino acids and derivatives; Organic acids and derivatives; Carboxylic acids and derivatives; Organonitrogen compounds; Organooxygen compounds; Fatty amides; Amino acids and derivatives; Carboxylic acid amides; Carboxylic acid derivatives; N-acyl amines; N-acyl-alpha amino acids and derivatives; Primary carboxylic acid amides; Secondary carboxylic acid amides; Carbonyl compounds; Alpha amino acid amides; Fatty Acyls; Organic oxides; Azacyclic compounds; Hydrocarbon derivatives; Organopnictogen compounds; Organic oxygen compounds; Organic nitrogen compounds; Chemical entities	629.274	619	10.313	836961353710118155	836961038201970647	836961038201970646	1030	
1	C36H40N4O6	[M - H2O + H]+	C36H39N4O5+	Alkaloids	0.962	Tryptophan alkaloids	0.116	Pyrrole alkaloids	0.010	Organoheterocyclic compounds	0.999	Tetrapyrroles and derivatives	1.000	Chlorins	0.530			Chlorins	0.530	Organic compounds; Organoheterocyclic compounds; Lipids and lipid-like molecules; Pyrroles; Organic acids and derivatives; Carboxylic acids and derivatives; Organonitrogen compounds; Organooxygen compounds; Fatty acid esters; Dicarboxylic acids and derivatives; Chlorins; Carboxylic acid derivatives; Carboxylic acids; Carboxylic acid esters; Tetrapyrroles and derivatives; Carbonyl compounds; Substituted pyrroles; Methyl esters; Organic oxides; Azacyclic compounds; Heteroaromatic compounds; Hydrocarbon derivatives; Organopnictogen compounds; Organic oxygen compounds; Organic nitrogen compounds; Chemical entities	607.291	619	10.315	836961305630809165	836961038239719387	836961038239719386	1031	
1	C35H52O3	[M - H2O + H]+	C35H51O2+	Terpenoids	0.996	Carotenoids (C40)	0.730	Carotenoids (C40, β-β)	0.119	Benzenoids	0.943							Benzenoids	0.943	Organic compounds; Lipids and lipid-like molecules; Alcohols and polyols; Prenol lipids; Organooxygen compounds; Benzenoids; Organic oxides; Hydrocarbon derivatives; Organic oxygen compounds; Chemical entities	503.389	620	10.334	836961335829799634	836961038373937131	836961038373937130	1035	
1	C45H76O12S	[M + H3N + H]+	C45H80NO12S+	Fatty acids	1.000	Glycerolipids	1.000	Glycosyldiacylglycerols	0.987	Lipids and lipid-like molecules	0.998	Glycerolipids	0.997	Glycosylglycerols	1.000	Glycosyldiradylglycerols	0.994	Sulfoquinovosyldiacylglycerols	0.956	Organic compounds; Organoheterocyclic compounds; Organosulfur compounds; Carbohydrates and carbohydrate conjugates; Lipids and lipid-like molecules; Alcohols and polyols; Glycerolipids; Ethers; Organic acids and derivatives; Carboxylic acids and derivatives; Organosulfonic acids and derivatives; Organooxygen compounds; Fatty acid esters; Dicarboxylic acids and derivatives; Glycosylglycerols; Carboxylic acid derivatives; Sulfonyls; Organosulfonic acids; Carboxylic acid esters; Hexoses; Monosaccharides; Acetals; Secondary alcohols; Fatty acyl glycosides; Carbonyl compounds; Oxanes; Glycosyl compounds; O-glycosyl compounds; Sulfoquinovosyldiacylglycerols; Polyols; Glycosyldiacylglycerols; Alkanesulfonic acids and derivatives; Alkanesulfonic acids; Glycosyldiradylglycerols; Fatty acyl glycosides of mono- and disaccharides; Fatty Acyls; Organic oxides; Oxacyclic compounds; Hydrocarbon derivatives; Organic sulfonic acids and derivatives; Organic oxygen compounds; Chemical entities	858.540	621	10.349	836961277029848564	836961038441046003	836961038441046002	1037	
1	C28H33F2N7O8	[M + Na]+	C28H33F2N7NaO8+	Carbohydrates	0.498	Nucleosides	0.550	Purine nucleosides	0.206	Organic acids and derivatives	0.965	Carboxylic acids and derivatives	0.913	Amino acids, peptides, and analogues	0.744	Amino acids and derivatives	0.741	Amino acids and derivatives	0.741	Organic compounds; Organoheterocyclic compounds; Amino acids, peptides, and analogues; Halobenzenes; Alkyl aryl ethers; Organic acids and derivatives; Carboxylic acids and derivatives; Organohalogen compounds; Organonitrogen compounds; Organooxygen compounds; Amino acids and derivatives; Carboxylic acid amides; Aryl fluorides; Carboxylic acid derivatives; Fluorobenzenes; Diazines; Organofluorides; Secondary carboxylic acid amides; Carbonyl compounds; Benzene and substituted derivatives; Phenol ethers; Benzenoids; Amines; Aryl halides; Organic oxides; Azacyclic compounds; Oxacyclic compounds; Heteroaromatic compounds; Hydrocarbon derivatives; Organopnictogen compounds; Organic oxygen compounds; Organic nitrogen compounds; Phenoxy compounds; Chemical entities	656.226	621	10.358	836961333871059561	836961038545903615	836961038545903614	1040	
1	C18H42N4O8Si6	[M + H3N + H]+	C18H46N5O8Si6+	Carbohydrates	0.824	Aminosugars and aminoglycosides	0.489	Halogenated fatty acids	0.178	Organic oxygen compounds	0.999	Organooxygen compounds	0.952	Carbonyl compounds	0.510			Carbonyl compounds	0.510	Organic compounds; Organic acids and derivatives; Organonitrogen compounds; Organooxygen compounds; Organometallic compounds; Organometalloid compounds; Carbonyl compounds; Organic oxides; Hydrocarbon derivatives; Organopnictogen compounds; Organic oxygen compounds; Organic nitrogen compounds; Chemical entities	628.195	621	10.358	836961359699584292	836961038617206791	836961038617206790	1042	
1	C45H86NO8P	[M + H]+	C45H87NO8P+	Fatty acids	0.999	Glycerophospholipids	1.000	Glycerophosphocholines	0.998	Lipids and lipid-like molecules	0.990	Glycerophospholipids	0.999	Glycerophosphocholines	0.994	Phosphatidylcholines	0.985	Phosphatidylcholines	0.985	Organic compounds; Lipids and lipid-like molecules; Glycerophospholipids; Organic acids and derivatives; Carboxylic acids and derivatives; Organonitrogen compounds; Organooxygen compounds; Fatty acid esters; Dicarboxylic acids and derivatives; Organic phosphoric acids and derivatives; Phosphate esters; Quaternary ammonium salts; Cholines; Carboxylic acid derivatives; Carboxylic acid esters; Phosphocholines; Phosphatidylcholines; Carbonyl compounds; Glycerophosphocholines; Amines; Alkyl phosphates; Dialkyl phosphates; Organic cations; Organic salts; Fatty Acyls; Organic oxides; Hydrocarbon derivatives; Tetraalkylammonium salts; Organopnictogen compounds; Organic oxygen compounds; Organic nitrogen compounds; Chemical entities	800.617	622	10.368	836961284223080426	836961038474600439	836961038474600438	1038	
1	CHN2O3S	[M + Na]+	CHN2NaO3S+	Alkaloids	0.717	Histidine alkaloids	0.414	Imidazole alkaloids	0.413	Organic nitrogen compounds	0.994	Organonitrogen compounds	0.913					Organonitrogen compounds	0.913	Organic compounds; Organonitrogen compounds; Organic oxides; Hydrocarbon derivatives; Organic oxygen compounds; Organic nitrogen compounds; Chemical entities	143.959	623	10.380	836961285607200875	836961038751424535	836961038751424534	1046	
1	C37H72NO8P	[M + Na]+	C37H72NNaO8P+	Fatty acids	0.999	Glycerophospholipids	1.000	Glycerophosphoethanolamines	0.998	Lipids and lipid-like molecules	0.989	Glycerophospholipids	0.999	Glycerophosphoethanolamines	0.995	Phosphatidylethanolamines	0.975	Phosphatidylethanolamines	0.975	Organic compounds; Lipids and lipid-like molecules; Amino acids, peptides, and analogues; Glycerophospholipids; Organic acids and derivatives; Carboxylic acids and derivatives; Organonitrogen compounds; Organooxygen compounds; Fatty acid esters; Dicarboxylic acids and derivatives; Amino acids and derivatives; Organic phosphoric acids and derivatives; Phosphate esters; Monoalkylamines; Carboxylic acid derivatives; Carboxylic acid esters; Phosphoethanolamines; Phosphatidylethanolamines; Carbonyl compounds; Glycerophosphoethanolamines; Amines; Primary amines; Alkyl phosphates; Dialkyl phosphates; Fatty Acyls; Organic oxides; Hydrocarbon derivatives; Organopnictogen compounds; Organic oxygen compounds; Organic nitrogen compounds; Chemical entities	712.489	624	10.406	836961286907435175	836961038684315663	836961038684315662	1044	
1	C46H68O5	[M + H3N + H]+	C46H72NO5+	Terpenoids	0.996	Carotenoids (C40)	0.993	Carotenoids (C40, β-β)	0.700	Lipids and lipid-like molecules	0.968	Prenol lipids	0.920	Tetraterpenoids	0.883	Carotenoids	0.897	Xanthophylls	0.908	Organic compounds; Lipids and lipid-like molecules; Alcohols and polyols; Ethers; Prenol lipids; Organooxygen compounds; Carotenoids; Xanthophylls; Tetraterpenoids; Secondary alcohols; Carbonyl compounds; Organic oxides; Hydrocarbon derivatives; Organic oxygen compounds; Chemical entities	718.538	624	10.408	836961306348035203	836961038784978971	836961038784978970	1047	
1	C28H52F3N3O4Si	[M - H2O + H]+	C28H51F3N3O3Si+	Alkaloids	0.445	Ornithine alkaloids	0.197	Tropane alkaloids	0.048	Organic acids and derivatives	0.917	Carboxylic acids and derivatives	0.917	Amino acids, peptides, and analogues	0.825	Amino acids and derivatives	0.818	Amino acids and derivatives	0.818	Organic compounds; Lipids and lipid-like molecules; Amino acids, peptides, and analogues; Alcohols and polyols; Organic acids and derivatives; Carboxylic acids and derivatives; Organohalogen compounds; Organonitrogen compounds; Organooxygen compounds; Fatty amides; Amino acids and derivatives; Carboxylic acid amides; Alkyl fluorides; Carboxylic acid derivatives; N-acyl amines; Organofluorides; Secondary alcohols; Secondary carboxylic acid amides; Carbonyl compounds; Benzene and substituted derivatives; Benzenoids; Amines; Alkyl halides; Fatty Acyls; Organic oxides; Hydrocarbon derivatives; Trifluoromethylbenzenes; Organopnictogen compounds; Organic oxygen compounds; Organic nitrogen compounds; Chemical entities	562.366	625	10.412	836961329550926171	836961038650761227	836961038650761226	1043	
1	C30H44O4	[M - H2O + H]+	C30H43O3+	Terpenoids	0.988	Triterpenoids	0.877	Abeolupane triterpenoids	0.117	Lipids and lipid-like molecules	0.962	Prenol lipids	0.888	Triterpenoids	0.531			Triterpenoids	0.531	Organic compounds; Lipids and lipid-like molecules; Alcohols and polyols; Steroids and steroid derivatives; Prenol lipids; Organic acids and derivatives; Carboxylic acids and derivatives; Organooxygen compounds; Monocarboxylic acids and derivatives; Carboxylic acids; Triterpenoids; Carbonyl compounds; Organic oxides; Hydrocarbon derivatives; Organic oxygen compounds; Chemical entities	451.321	626	10.439	836961306264149097	836961038717870099	836961038717870098	1045	
1	C32H69N2O5P	[M - H2O + H]+	C32H68N2O4P+	Fatty acids	1.000	Spingolipids	1.000	Phosphosphingolipids	0.994	Lipids and lipid-like molecules	0.972	Sphingolipids	0.950	Phosphosphingolipids	0.968			Phosphosphingolipids	0.968	Organic compounds; Lipids and lipid-like molecules; Alcohols and polyols; Sphingolipids; Organic acids and derivatives; Carboxylic acids and derivatives; Organonitrogen compounds; Organooxygen compounds; Fatty amides; Organic phosphoric acids and derivatives; Phosphate esters; Carboxylic acid amides; Quaternary ammonium salts; Cholines; Carboxylic acid derivatives; N-acyl amines; Phosphocholines; Phosphoethanolamines; Secondary alcohols; Secondary carboxylic acid amides; Carbonyl compounds; Amines; Phosphosphingolipids; Alkyl phosphates; Dialkyl phosphates; Fatty Acyls; Organic oxides; Hydrocarbon derivatives; Tetraalkylammonium salts; Organopnictogen compounds; Organic oxygen compounds; Organic nitrogen compounds; Chemical entities	575.491	630	10.492	836961279340910265	836961038818533407	836961038818533406	1048	
1	C31H55NO14	[M + H]+	C31H56NO14+	Carbohydrates	0.372	Macrolides	0.221	Aminoglycosides	0.132	Organic acids and derivatives	0.893	Carboxylic acids and derivatives	0.786	Amino acids, peptides, and analogues	0.617	Amino acids and derivatives	0.618	Amino acids and derivatives	0.618	Organic compounds; Organoheterocyclic compounds; Carbohydrates and carbohydrate conjugates; Lipids and lipid-like molecules; Amino acids, peptides, and analogues; Alcohols and polyols; Ethers; Organic acids and derivatives; Carboxylic acids and derivatives; Organonitrogen compounds; Organooxygen compounds; Fatty acid esters; Amino acids and derivatives; Carboxylic acid derivatives; Carboxylic acid esters; Monosaccharides; Acetals; Secondary alcohols; Carbonyl compounds; Oxanes; Glycosyl compounds; O-glycosyl compounds; Trialkylamines; Polyols; Benzenoids; Amines; Tertiary amines; Aminosaccharides; Fatty Acyls; Organic oxides; Oxacyclic compounds; Hydrocarbon derivatives; Organopnictogen compounds; Organic oxygen compounds; Organic nitrogen compounds; Chemical entities	666.369	631	10.520	836961322647101383	836961038852087843	836961038852087842	1049	
1	C5H5Cl4FO5	[M + Na]+	C5H5Cl4FNaO5+	Fatty acids	0.733	Fatty Acids and Conjugates	0.912	Halogenated fatty acids	0.931	Organic acids and derivatives	0.952	Carboxylic acids and derivatives	0.950	Alpha-halocarboxylic acids and derivatives	0.718	Alpha-halocarboxylic acids	0.597	Alpha-halocarboxylic acids	0.597	Organic compounds; Organic acids and derivatives; Carboxylic acids and derivatives; Organohalogen compounds; Organooxygen compounds; Alkyl chlorides; Alkyl fluorides; Monocarboxylic acids and derivatives; Carboxylic acids; Organochlorides; Organofluorides; Alpha-halocarboxylic acids and derivatives; Carbonyl compounds; Halohydrins; Alkyl halides; Alpha-halocarboxylic acids; Organic oxides; Hydrocarbon derivatives; Organic oxygen compounds; Chemical entities	326.877	634	10.559	836961310986935553	836961038885642279	836961038881447974	1050	
1	C44H81N3O8Si	[M + H]+	C44H82N3O8Si+	Polyketides	0.661	Oligopeptides	0.999	Depsipeptides	0.671	Organic acids and derivatives	0.998	Peptidomimetics	0.919	Depsipeptides	0.819	Cyclic depsipeptides	0.806	Cyclic depsipeptides	0.806	Organic compounds; Organoheterocyclic compounds; Amino acids, peptides, and analogues; Lactones; Alpha amino acids and derivatives; Macrolactams; Alcohols and polyols; Macrolides and analogues; Lactams; Phenylpropanoids and polyketides; Organic acids and derivatives; Carboxylic acids and derivatives; Organohalogen compounds; Organonitrogen compounds; Organooxygen compounds; Amino acids and derivatives; Alpha amino acid esters; Carboxylic acid amides; Carboxylic acid derivatives; Monocarboxylic acids and derivatives; Carboxylic acid esters; Secondary carboxylic acid amides; Tertiary carboxylic acid amides; Peptidomimetics; Carbonyl compounds; Macrolide lactams; Depsipeptides; Cyclic depsipeptides; Organic oxides; Azacyclic compounds; Oxacyclic compounds; Hydrocarbon derivatives; Organopnictogen compounds; Organic oxygen compounds; Organic nitrogen compounds; Chemical entities	808.583	636	10.596	836961610468632031	836961038982111279	836961038982111278	1052	
1	CHN2O3S	[M + Na]+	CHN2NaO3S+	Alkaloids	0.715	Histidine alkaloids	0.443	Imidazole alkaloids	0.442	Organic nitrogen compounds	0.993	Organonitrogen compounds	0.902					Organonitrogen compounds	0.902	Organic compounds; Organonitrogen compounds; Organic oxides; Hydrocarbon derivatives; Organic oxygen compounds; Organic nitrogen compounds; Chemical entities	143.959	638	10.629	836961316179484252	836961039154077763	836961039154077762	1057	
1	C20H43NO2	[M - H2O + H]+	C20H42NO+	Fatty acids	0.983	Spingolipids	0.540	Sphingoid bases	0.871	Organic nitrogen compounds	1.000	Organonitrogen compounds	1.000	Amines	0.990	Alkanolamines	0.944	1,2-aminoalcohols	0.909	Organic compounds; Alcohols and polyols; Organonitrogen compounds; Primary alcohols; Organooxygen compounds; 1,2-aminoalcohols; Amines; Alkanolamines; Hydrocarbon derivatives; Organopnictogen compounds; Organic oxygen compounds; Organic nitrogen compounds; Chemical entities	312.326	642	10.701	836961306394172550	836961039019860019	836961039015665714	1053	
1	C32H42N2O2	[M + H3N + H]+	C32H46N3O2+	Shikimates and Phenylpropanoids	0.277	Flavonoids	0.194	Chalcones	0.321	Benzenoids	0.996	Benzene and substituted derivatives	0.912	Phenylpropanes	0.877			Phenylpropanes	0.877	Organic compounds; Organonitrogen compounds; Organooxygen compounds; Benzene and substituted derivatives; Benzenoids; Phenylpropanes; Organic oxides; Hydrocarbon derivatives; Organopnictogen compounds; Organic oxygen compounds; Organic nitrogen compounds; Chemical entities	504.360	642	10.706	836961289809893702	836961039086968891	836961039086968890	1055	
1	C19H38N8O5	[M + H]+	C19H39N8O5+	Amino acids and Peptides	0.623	Small peptides	0.454	Tripeptides	0.448	Organic acids and derivatives	0.750	Carboxylic acids and derivatives	0.534	Amino acids, peptides, and analogues	0.615	Amino acids and derivatives	0.596	Amino acids and derivatives	0.596	Organic compounds; Lipids and lipid-like molecules; Amino acids, peptides, and analogues; Organic acids and derivatives; Carboxylic acids and derivatives; Organonitrogen compounds; Organooxygen compounds; Fatty amides; Amino acids and derivatives; Guanidines; Monoalkylamines; Carboxylic acid derivatives; N-acyl amines; Carbonyl compounds; Amines; Primary amines; Carboximidamides; Fatty Acyls; Organic oxides; Hydrocarbon derivatives; Organopnictogen compounds; Organic oxygen compounds; Organic nitrogen compounds; Chemical entities	459.302	642	10.707	836961296638220883	836961039049220151	836961039049220150	1054	
1	C30H38N2O2	[M + H3N + H]+	C30H42N3O2+	Alkaloids	0.590	Tryptophan alkaloids	0.843	Open-chain polyketides	0.340	Organoheterocyclic compounds	0.571	Indoles and derivatives	0.545					Indoles and derivatives	0.545	Organic compounds; Organoheterocyclic compounds; Indoles and derivatives; Organic acids and derivatives; Carboxylic acids and derivatives; Organonitrogen compounds; Organooxygen compounds; Carboxylic acid amides; Carboxylic acid derivatives; Carbonyl compounds; Benzene and substituted derivatives; Benzenoids; Amines; Organic oxides; Azacyclic compounds; Hydrocarbon derivatives; Organopnictogen compounds; Organic oxygen compounds; Organic nitrogen compounds; Chemical entities	476.329	642	10.707	836961295233128937	836961039120523327	836961039120523326	1056	
1	C22H40O	[M + H3N + H]+	C22H44NO+	Fatty acids	0.990	Fatty acyls	0.947	Fatty alcohols	0.477	Lipids and lipid-like molecules	0.738	Fatty Acyls	0.709					Fatty Acyls	0.709	Organic compounds; Lipids and lipid-like molecules; Organooxygen compounds; Carbonyl compounds; Fatty Acyls; Organic oxides; Hydrocarbon derivatives; Organic oxygen compounds; Chemical entities	338.342	643	10.720	836961312790486339	836961039187632199	836961039187632198	1058	
1	C28H43O3	[M - H2O + H]+	C28H42O2+	Terpenoids	0.911	Meroterpenoids	0.323	Cannabinoids	0.479	Benzenoids	0.946	Benzene and substituted derivatives	0.815	Phenylpropanes	0.542			Phenylpropanes	0.542	Organic compounds; Lipids and lipid-like molecules; Phenols; Prenol lipids; Organooxygen compounds; Benzene and substituted derivatives; Benzenoids; Phenylpropanes; Organic oxides; Hydrocarbon derivatives; Organic oxygen compounds; Chemical entities	410.318	644	10.729	836961337306194755	836961039254741071	836961039254741070	1060	
1	C5H5Cl4FO5	[M + Na]+	C5H5Cl4FNaO5+	Fatty acids	0.829	Fatty Acids and Conjugates	0.916	Halogenated fatty acids	0.945	Organic acids and derivatives	0.962	Carboxylic acids and derivatives	0.962	Dicarboxylic acids and derivatives	0.502			Dicarboxylic acids and derivatives	0.502	Organic compounds; Organic acids and derivatives; Carboxylic acids and derivatives; Organohalogen compounds; Organooxygen compounds; Dicarboxylic acids and derivatives; Alkyl chlorides; Alkyl fluorides; Carboxylic acids; Organochlorides; Organofluorides; Alpha-halocarboxylic acids and derivatives; Carbonyl compounds; Alkyl halides; Alpha-halocarboxylic acids; Organic oxides; Hydrocarbon derivatives; Organic oxygen compounds; Chemical entities	326.877	645	10.749	836961322240253883	836961039221186635	836961039221186634	1059	
1	C5H5Cl4FO5	[M + Na]+	C5H5Cl4FNaO5+	Fatty acids	0.818	Fatty Acids and Conjugates	0.915	Halogenated fatty acids	0.943	Organic acids and derivatives	0.963	Carboxylic acids and derivatives	0.962	Alpha-halocarboxylic acids and derivatives	0.733	Alpha-halocarboxylic acids	0.584	Alpha-halocarboxylic acids	0.584	Organic compounds; Organic acids and derivatives; Carboxylic acids and derivatives; Organohalogen compounds; Organooxygen compounds; Alkyl chlorides; Alkyl fluorides; Carboxylic acids; Organochlorides; Organofluorides; Alpha-halocarboxylic acids and derivatives; Carbonyl compounds; Halohydrins; Alkyl halides; Alpha-halocarboxylic acids; Organic oxides; Hydrocarbon derivatives; Organic oxygen compounds; Chemical entities	326.877	646	10.769	836961306238983260	836961039388958815	836961039388958814	1064	
1	C47H85N7O14	[M - H2O + H]+	C47H84N7O13+	Amino acids and Peptides	0.602	Oligopeptides	0.941	Lipopeptides	0.829	Organic acids and derivatives	0.983	Carboxylic acids and derivatives	0.963	Amino acids, peptides, and analogues	0.838	Amino acids and derivatives	0.812	N-acyl-alpha amino acids and derivatives	0.549	Organic compounds; Organoheterocyclic compounds; Lipids and lipid-like molecules; Amino acids, peptides, and analogues; Alpha amino acids and derivatives; Macrolactams; Alcohols and polyols; Phenylpropanoids and polyketides; Organic acids and derivatives; Carboxylic acids and derivatives; Organonitrogen compounds; Organooxygen compounds; Fatty amides; Amino acids and derivatives; Carboxylic acid amides; Carboxylic acid derivatives; N-acyl amines; Monocarboxylic acids and derivatives; N-acyl-alpha amino acids and derivatives; Secondary alcohols; Secondary carboxylic acid amides; Carbonyl compounds; Polyols; Fatty Acyls; Organic oxides; Azacyclic compounds; Hydrocarbon derivatives; Organopnictogen compounds; Organic oxygen compounds; Organic nitrogen compounds; Chemical entities	954.615	649	10.817	836961315760053790	836961039321849943	836961039321849942	1062	
1	C30H34ClF3N4O7S	[M + Na]+	C30H34ClF3N4NaO7S+	Amino acids and Peptides	0.266	Oligopeptides	0.079	Dipeptides	0.014	Organic acids and derivatives	0.997	Carboxylic acids and derivatives	0.957	Amino acids, peptides, and analogues	0.640	Amino acids and derivatives	0.638	Amino acids and derivatives	0.638	Organic compounds; Organoheterocyclic compounds; Organosulfur compounds; Amino acids, peptides, and analogues; Benzenesulfonamides; Halobenzenes; Benzoic acids and derivatives; Ethers; Organic acids and derivatives; Carboxylic acids and derivatives; Organohalogen compounds; Organosulfonic acids and derivatives; Organonitrogen compounds; Benzoyl derivatives; Organooxygen compounds; Amino acids and derivatives; Carboxylic acid amides; Alkyl fluorides; Aryl chlorides; Carboxylic acid derivatives; Chlorobenzenes; Sulfonyls; Organochlorides; Organofluorides; Secondary carboxylic acid amides; Carbonyl compounds; Benzene and substituted derivatives; Benzenoids; Amines; Aryl halides; Alkyl halides; Aminosulfonyl compounds; Organic oxides; Azacyclic compounds; Heteroaromatic compounds; Hydrocarbon derivatives; Benzenesulfonyl compounds; Organic sulfonic acids and derivatives; Organopnictogen compounds; Organic oxygen compounds; Organic nitrogen compounds; Chemical entities	709.168	652	10.870	836961563484038605	836961039460261991	836961039460261990	1066	
1	C33H40IN3O4	[M + K]+	C33H40IKN3O4+	Alkaloids	0.463	Proline alkaloids	0.270	Pyrrole alkaloids	0.267	Benzenoids	0.979	Benzene and substituted derivatives	0.893	Halobenzenes	0.540	Iodobenzenes	0.746	Iodobenzenes	0.746	Organic compounds; Halobenzenes; Organic acids and derivatives; Carboxylic acids and derivatives; Organohalogen compounds; Organonitrogen compounds; Organooxygen compounds; Aryl iodides; Iodobenzenes; Organoiodides; Carbonyl compounds; Benzene and substituted derivatives; Benzenoids; Aryl halides; Organic oxides; Hydrocarbon derivatives; Organopnictogen compounds; Organic oxygen compounds; Organic nitrogen compounds; Chemical entities	708.170	652	10.872	836961343903835149	836961039569313907	836961039569313906	1069	
1	C29H47N3O6Si6	[M + H]+	C29H48N3O6Si6+	Polyketides	0.357	Oligopeptides	0.530	Depsipeptides	0.465	Organic acids and derivatives	0.980	Carboxylic acids and derivatives	0.962	Amino acids, peptides, and analogues	0.611	Amino acids and derivatives	0.604	Amino acids and derivatives	0.604	Organic compounds; Organoheterocyclic compounds; Amino acids, peptides, and analogues; Organic acids and derivatives; Carboxylic acids and derivatives; Organohalogen compounds; Organonitrogen compounds; Organooxygen compounds; Amino acids and derivatives; Carboxylic acid derivatives; Carboxylic acid esters; Carbonyl compounds; Organic oxides; Azacyclic compounds; Hydrocarbon derivatives; Organopnictogen compounds; Organic oxygen compounds; Organic nitrogen compounds; Chemical entities	702.214	652	10.872	836961339491427243	836961039493816427	836961039493816426	1067	
1	C30H35N9O13	[M + H]+	C30H36N9O13+	Amino acids and Peptides	0.860	Oligopeptides	0.967	Cyclic peptides	0.434	Organic acids and derivatives	0.996	Carboxylic acids and derivatives	0.976	Amino acids, peptides, and analogues	0.911	Amino acids and derivatives	0.901	N-acyl-alpha amino acids and derivatives	0.793	Organic compounds; Organoheterocyclic compounds; Amino acids, peptides, and analogues; Alpha amino acids and derivatives; Alcohols and polyols; Benzamides; Phenylpropanoids and polyketides; Organic acids and derivatives; Carboxylic acids and derivatives; Organonitrogen compounds; Organooxygen compounds; Amino acids and derivatives; Carboxylic acid amides; Carboxylic acid derivatives; N-acyl-alpha amino acids and derivatives; Carboxylic acids; Secondary carboxylic acid amides; Carbonyl compounds; Benzene and substituted derivatives; Benzenoids; Amines; Primary amines; Salicylamides; Organic oxides; Azacyclic compounds; Heteroaromatic compounds; Hydrocarbon derivatives; Organopnictogen compounds; Organic oxygen compounds; Organic nitrogen compounds; Chemical entities	730.245	652	10.873	836961348140082325	836961039531565167	836961039531565166	1068	
1	C35H54O4	[M - H2O + H]+	C35H53O3+	Terpenoids	0.987	Steroids	0.603	Ergostane steroids	0.178	Lipids and lipid-like molecules	0.979	Steroids and steroid derivatives	0.794	Hydroxysteroids	0.547			Hydroxysteroids	0.547	Organic compounds; Lipids and lipid-like molecules; Alcohols and polyols; Steroids and steroid derivatives; Prenol lipids; Organooxygen compounds; Cyclic alcohols and derivatives; Hydroxysteroids; Secondary alcohols; Carbonyl compounds; Organic oxides; Hydrocarbon derivatives; Organic oxygen compounds; Chemical entities	521.399	654	10.900	836961316968013412	836961039602868343	836961039602868342	1070	
1	C8H13N3O	[M - H2O + H]+	C8H12N3+	Alkaloids	0.901	Histidine alkaloids	0.266	Imidazole alkaloids	0.261	Organoheterocyclic compounds	0.996	Azoles	0.765					Azoles	0.765	Organic compounds; Organoheterocyclic compounds; Alcohols and polyols; Organonitrogen compounds; Primary alcohols; Organooxygen compounds; Azoles; Amines; Alkanolamines; Azacyclic compounds; Heteroaromatic compounds; Hydrocarbon derivatives; Organopnictogen compounds; Organic oxygen compounds; Organic nitrogen compounds; Chemical entities	150.103	659	10.984	836961332373692909	836961039665782911	836961039665782910	1072	
1	C32H60O	[M + H3N + H]+	C32H64NO+	Fatty acids	0.790	Fatty esters	0.422	Wax monoesters	0.331	Lipids and lipid-like molecules	0.877	Prenol lipids	0.511					Prenol lipids	0.511	Organic compounds; Lipids and lipid-like molecules; Prenol lipids; Organooxygen compounds; Fatty Acyls; Hydrocarbon derivatives; Organic oxygen compounds; Chemical entities	478.498	659	10.984	836961287175870660	836961039737086087	836961039737086086	1074	
1	C30H58O	[M + H3N + H]+	C30H62NO+	Terpenoids	0.986	Steroids	0.455	Ergostane steroids	0.094	Lipids and lipid-like molecules	0.977	Prenol lipids	0.702					Prenol lipids	0.702	Organic compounds; Lipids and lipid-like molecules; Alcohols and polyols; Prenol lipids; Organooxygen compounds; Secondary alcohols; Carbonyl compounds; Organic oxides; Hydrocarbon derivatives; Organic oxygen compounds; Chemical entities	452.483	660	10.993	836961332537270770	836961039766446219	836961039766446218	1075	
1	C45H86NO8P	[M + H]+	C45H87NO8P+	Fatty acids	1.000	Glycerophospholipids	1.000	Glycerophosphocholines	0.999	Lipids and lipid-like molecules	0.990	Glycerophospholipids	0.999	Glycerophosphocholines	0.996	Phosphatidylcholines	0.990	Phosphatidylcholines	0.990	Organic compounds; Lipids and lipid-like molecules; Glycerophospholipids; Organic acids and derivatives; Carboxylic acids and derivatives; Organonitrogen compounds; Organooxygen compounds; Fatty acid esters; Dicarboxylic acids and derivatives; Organic phosphoric acids and derivatives; Phosphate esters; Quaternary ammonium salts; Cholines; Carboxylic acid derivatives; Carboxylic acid esters; Phosphocholines; Phosphatidylcholines; Carbonyl compounds; Glycerophosphocholines; Amines; Alkyl phosphates; Dialkyl phosphates; Organic cations; Organic salts; Fatty Acyls; Organic oxides; Hydrocarbon derivatives; Tetraalkylammonium salts; Organopnictogen compounds; Organic oxygen compounds; Organic nitrogen compounds; Chemical entities	800.617	661	11.009	836961318268247747	836961039703531651	836961039703531650	1073	
1	C8H13N3O	[M - H2O + H]+	C8H12N3+	Alkaloids	0.891	Histidine alkaloids	0.208	Imidazole alkaloids	0.203	Organoheterocyclic compounds	0.995	Azoles	0.741					Azoles	0.741	Organic compounds; Organoheterocyclic compounds; Alcohols and polyols; Organonitrogen compounds; Primary alcohols; Organooxygen compounds; Azoles; Amines; Alkanolamines; Azacyclic compounds; Heteroaromatic compounds; Hydrocarbon derivatives; Organopnictogen compounds; Organic oxygen compounds; Organic nitrogen compounds; Chemical entities	150.103	662	11.042	836961308558433451	836961039800000655	836961039800000654	1076	
1	C24H49N7O2Si	[M - H2O + H]+	C24H48N7OSi+	Alkaloids	0.269	Ornithine alkaloids	0.196	Tripeptides	0.088	Organic acids and derivatives	0.575	Carboxylic acids and derivatives	0.439	Amino acids, peptides, and analogues	0.521	Amino acids and derivatives	0.511	Amino acids and derivatives	0.511	Organic compounds; Organoheterocyclic compounds; Amino acids, peptides, and analogues; Pyrimidines and pyrimidine derivatives; Organic acids and derivatives; Organonitrogen compounds; Organooxygen compounds; Amino acids and derivatives; Aminopyrimidines and derivatives; Diazines; Carbonyl compounds; Amines; Tertiary amines; Imidolactams; Organic oxides; Azacyclic compounds; Heteroaromatic compounds; Hydrocarbon derivatives; Organopnictogen compounds; Organic oxygen compounds; Organic nitrogen compounds; Chemical entities	478.368	668	11.138	836961288870369561	836961039867109527	836961039867109526	1078	
1	C36H69NO	[M + H3N + H]+	C36H73N2O+	Fatty acids	0.969	Fatty amides	0.894	N-acyl amines	0.196	Lipids and lipid-like molecules	0.967	Fatty Acyls	0.775	Fatty amides	0.895	N-acyl amines	0.776	N-acyl amines	0.776	Organic compounds; Lipids and lipid-like molecules; Organic acids and derivatives; Carboxylic acids and derivatives; Organonitrogen compounds; Organooxygen compounds; Fatty amides; Carboxylic acid amides; Carboxylic acid derivatives; N-acyl amines; Secondary carboxylic acid amides; Carbonyl compounds; Amines; Fatty Acyls; Organic oxides; Hydrocarbon derivatives; Organopnictogen compounds; Organic oxygen compounds; Organic nitrogen compounds; Chemical entities	549.572	668	11.140	836961285066135643	836961039938412703	836961039938412702	1080	
1	C30H42O3	[M - H2O + H]+	C30H41O2+	Terpenoids	0.948	Meroterpenoids	0.231	Cannabinoids	0.237	Benzenoids	0.993	Tetralins	0.660					Tetralins	0.660	Organic compounds; Lipids and lipid-like molecules; Tetralins; Alcohols and polyols; Prenol lipids; Organic acids and derivatives; Carboxylic acids and derivatives; Organooxygen compounds; Carboxylic acids; Benzene and substituted derivatives; Benzenoids; Benzoic acids; Organic oxides; Hydrocarbon derivatives; Organic oxygen compounds; Chemical entities	433.310	668	11.140	836961287683381484	836961039837749395	836961039837749394	1077	
1	C34H62O	[M + H3N + H]+	C34H66NO+	Terpenoids	0.831	Diterpenoids	0.130	Prenyl quinone meroterpenoids	0.419	Lipids and lipid-like molecules	0.823	Prenol lipids	0.615					Prenol lipids	0.615	Organic compounds; Lipids and lipid-like molecules; Ethers; Prenol lipids; Organooxygen compounds; Hydrocarbon derivatives; Organic oxygen compounds; Chemical entities	504.514	668	11.141	836961313897782682	836961039904858267	836961039904858266	1079	
1	C43H79NO10	[M + Na]+	C43H79NNaO10+	Fatty acids	1.000	Spingolipids	0.999	Neutral glycosphingolipids	0.985	Lipids and lipid-like molecules	0.995	Sphingolipids	0.969	Glycosphingolipids	0.976	Neutral glycosphingolipids	0.952	Glycosyl-N-acylsphingosines	0.950	Organic compounds; Carbohydrates and carbohydrate conjugates; Lipids and lipid-like molecules; Alcohols and polyols; Sphingolipids; Organic acids and derivatives; Carboxylic acids and derivatives; Organonitrogen compounds; Primary alcohols; Organooxygen compounds; Fatty acid esters; Fatty amides; Carboxylic acid amides; Carboxylic acid derivatives; N-acyl amines; Neutral glycosphingolipids; Simple glycosylceramides; Hexoses; Monosaccharides; Acetals; Secondary alcohols; Secondary carboxylic acid amides; Fatty acyl glycosides; Carbonyl compounds; Oxanes; Glycosyl compounds; Alkyl glycosides; O-glycosyl compounds; Polyols; Glycosphingolipids; Fatty acyl glycosides of mono- and disaccharides; Fatty Acyls; Organic oxides; Oxacyclic compounds; Hydrocarbon derivatives; Glycosyl-N-acylsphingosines; Organopnictogen compounds; Organic oxygen compounds; Organic nitrogen compounds; Chemical entities	792.562	672	11.194	836961296713718381	836961040001327271	836961040001327270	1082	
1	C8H13N3O	[M - H2O + H]+	C8H12N3+	Alkaloids	0.910	Histidine alkaloids	0.163	Imidazole alkaloids	0.160	Organoheterocyclic compounds	0.996	Diazines	0.538					Diazines	0.538	Organic compounds; Organoheterocyclic compounds; Alcohols and polyols; Organonitrogen compounds; Primary alcohols; Organooxygen compounds; Azoles; Diazines; Amines; Azacyclic compounds; Heteroaromatic compounds; Hydrocarbon derivatives; Organopnictogen compounds; Organic oxygen compounds; Organic nitrogen compounds; Chemical entities	150.103	674	11.235	836961287633049831	836961039967772835	836961039967772834	1081	
1	C32H46O2	[M + H3N + H]+	C32H50NO2+	Terpenoids	0.996	Carotenoids (C40)	0.784	Carotenoids (C40, β-β)	0.290	Lipids and lipid-like molecules	0.945	Prenol lipids	0.894	Tetraterpenoids	0.447	Carotenoids	0.418	Xanthophylls	0.517	Organic compounds; Lipids and lipid-like molecules; Prenol lipids; Organooxygen compounds; Xanthophylls; Organic oxides; Hydrocarbon derivatives; Organic oxygen compounds; Chemical entities	480.384	674	11.240	836961317257420447	836961040101990579	836961040097796274	1085	
1	C8H13N3O	[M - H2O + H]+	C8H12N3+	Alkaloids	0.928	Histidine alkaloids	0.370	Imidazole alkaloids	0.364	Organoheterocyclic compounds	0.997	Azoles	0.843	Imidazoles	0.537			Imidazoles	0.537	Organic compounds; Organoheterocyclic compounds; Imidazoles; Alcohols and polyols; Organonitrogen compounds; Primary alcohols; Organooxygen compounds; Azoles; Amines; Azacyclic compounds; Heteroaromatic compounds; Hydrocarbon derivatives; Organopnictogen compounds; Organic oxygen compounds; Organic nitrogen compounds; Chemical entities	150.103	676	11.272	836961318364716742	836961040135545015	836961040135545014	1086	
1	C42H69NO8	[M - H2O + H]+	C42H68NO7+	Terpenoids	0.389	Pseudoalkaloids (transamidation)	0.572	Open-chain polyketides	0.126	Lipids and lipid-like molecules	0.857	Fatty Acyls	0.501					Fatty Acyls	0.501	Organic compounds; Organoheterocyclic compounds; Lipids and lipid-like molecules; Alcohols and polyols; Ethers; Organic acids and derivatives; Organonitrogen compounds; Organooxygen compounds; Cyclic alcohols and derivatives; Secondary alcohols; Polyols; Fatty Acyls; Organic oxides; Oxacyclic compounds; Hydrocarbon derivatives; Organopnictogen compounds; Organic oxygen compounds; Organic nitrogen compounds; Chemical entities	698.499	677	11.288	836961298005564115	836961040173293755	836961040173293754	1087	
1	C34H34N2O14	[M + H3N + H]+	C34H38N3O14+	Alkaloids	0.394	Tyrosine alkaloids	0.271	Depsides and depsidones	0.127	Benzenoids	0.994	Benzene and substituted derivatives	0.913	Benzoic acids and derivatives	0.850	Benzamides	0.666	Benzamides	0.666	Organic compounds; Organoheterocyclic compounds; Alkyl aryl ethers; Alcohols and polyols; Phenols; Anisoles; Benzoic acids and derivatives; Benzamides; Ethers; Organic acids and derivatives; Carboxylic acids and derivatives; Organonitrogen compounds; Benzoyl derivatives; Organooxygen compounds; Carboxylic acid amides; Carboxylic acid derivatives; Secondary carboxylic acid amides; Carbonyl compounds; Benzene and substituted derivatives; Phenol ethers; Benzenoids; Organic oxides; Methoxybenzenes; Hydrocarbon derivatives; Organopnictogen compounds; Organic oxygen compounds; 1-hydroxy-2-unsubstituted benzenoids; 1-hydroxy-4-unsubstituted benzenoids; Organic nitrogen compounds; Phenoxy compounds; Chemical entities	712.235	678	11.293	836961329974550909	836961040206848191	836961040206848190	1088	
1	C24H41F3N2O7Si5	[M + H3N + H]+	C24H45F3N3O7Si5+	Terpenoids	0.355	Monoterpenoids	0.135	Pyrimidine nucleosides	0.201	Lipids and lipid-like molecules	0.592							Lipids and lipid-like molecules	0.592	Organic compounds; Organoheterocyclic compounds; Lipids and lipid-like molecules; Alcohols and polyols; Organic acids and derivatives; Carboxylic acids and derivatives; Organohalogen compounds; Organonitrogen compounds; Organooxygen compounds; Alkyl fluorides; Carboxylic acid derivatives; Carboxylic acid esters; Organofluorides; Secondary alcohols; Carbonyl compounds; Alkyl halides; Organic oxides; Azacyclic compounds; Oxacyclic compounds; Hydrocarbon derivatives; Organopnictogen compounds; Organic oxygen compounds; Organic nitrogen compounds; Chemical entities	684.203	678	11.298	836961347406079070	836961040244596931	836961040244596930	1089	
1	C35H52O4	[M - H2O + H]+	C35H51O3+	Terpenoids	0.991	Triterpenoids	0.932	Abeolupane triterpenoids	0.139	Lipids and lipid-like molecules	0.981	Prenol lipids	0.891	Triterpenoids	0.621			Triterpenoids	0.621	Organic compounds; Lipids and lipid-like molecules; Alcohols and polyols; Steroids and steroid derivatives; Prenol lipids; Organic acids and derivatives; Carboxylic acids and derivatives; Organooxygen compounds; Monocarboxylic acids and derivatives; Carboxylic acids; Cyclic alcohols and derivatives; Hydroxysteroids; Triterpenoids; Secondary alcohols; Carbonyl compounds; Steroid acids; Organic oxides; Hydrocarbon derivatives; Organic oxygen compounds; Chemical entities	519.384	679	11.309	836961284135000022	836961040282345671	836961040282345670	1090	
1	C28H48BrN11O7S2	[M - H2O + H]+	C28H47BrN11O6S2+	Amino acids and Peptides	0.977	Oligopeptides	1.000	Cyclic peptides	0.518	Organic acids and derivatives	0.999	Carboxylic acids and derivatives	0.991	Amino acids, peptides, and analogues	0.991	Peptides	0.786	Peptides	0.786	Organic compounds; Organoheterocyclic compounds; Organosulfur compounds; Lipids and lipid-like molecules; Amino acids, peptides, and analogues; Alpha amino acids and derivatives; Macrolactams; Thiazoles; Phenylpropanoids and polyketides; Organic acids and derivatives; Carboxylic acids and derivatives; Organohalogen compounds; Organonitrogen compounds; Organooxygen compounds; Fatty amides; Amino acids and derivatives; Peptides; Azoles; Carboxylic acid amides; Carboxylic acid derivatives; N-acyl amines; N-acyl-alpha amino acids and derivatives; Secondary carboxylic acid amides; Tertiary carboxylic acid amides; Carbonyl compounds; Thiazolecarboxylic acids and derivatives; Alpha amino acid amides; Fatty Acyls; Organic oxides; Azacyclic compounds; Heteroaromatic compounds; Hydrocarbon derivatives; Organopnictogen compounds; Organic oxygen compounds; Organic nitrogen compounds; Chemical entities	776.233	679	11.325	836961533595428276	836961040315900107	836961040315900106	1091	
1	C34H62O	[M + H3N + H]+	C34H66NO+	Terpenoids	0.786	Steroids	0.138	Farnesane sesquiterpenoids	0.213	Lipids and lipid-like molecules	0.921	Prenol lipids	0.671					Prenol lipids	0.671	Organic compounds; Lipids and lipid-like molecules; Prenol lipids; Organooxygen compounds; Hydrocarbon derivatives; Organic oxygen compounds; Chemical entities	504.514	680	11.333	836961311108570380	836961040424952023	836961040424952022	1094	
1	C36H69NO	[M + H3N + H]+	C36H73N2O+	Fatty acids	0.998	Fatty amides	0.980	N-acyl amines	0.363	Lipids and lipid-like molecules	0.968	Fatty Acyls	0.926	Fatty amides	0.964	N-acyl amines	0.891	N-acyl amines	0.891	Organic compounds; Lipids and lipid-like molecules; Organic acids and derivatives; Carboxylic acids and derivatives; Organonitrogen compounds; Organooxygen compounds; Fatty amides; Carboxylic acid amides; Carboxylic acid derivatives; N-acyl amines; Secondary carboxylic acid amides; Carbonyl compounds; Fatty Acyls; Organic oxides; Hydrocarbon derivatives; Organopnictogen compounds; Organic oxygen compounds; Organic nitrogen compounds; Chemical entities	549.572	681	11.347	836961285502343270	836961040458506459	836961040458506458	1095	
1	C8H13N3O	[M - H2O + H]+	C8H12N3+	Alkaloids	0.908	Histidine alkaloids	0.145	Imidazole alkaloids	0.142	Organoheterocyclic compounds	0.996	Diazines	0.566					Diazines	0.566	Organic compounds; Organoheterocyclic compounds; Alcohols and polyols; Organonitrogen compounds; Primary alcohols; Organooxygen compounds; Azoles; Diazines; Amines; Azacyclic compounds; Heteroaromatic compounds; Hydrocarbon derivatives; Organopnictogen compounds; Organic oxygen compounds; Organic nitrogen compounds; Chemical entities	150.103	684	11.406	836961292297116108	836961040521421027	836961040521421026	1097	
1	C8H13N3O	[M - H2O + H]+	C8H12N3+	Alkaloids	0.888	Histidine alkaloids	0.175	Imidazole alkaloids	0.171	Organoheterocyclic compounds	0.996	Diazines	0.568	Pyrimidines and pyrimidine derivatives	0.506			Pyrimidines and pyrimidine derivatives	0.506	Organic compounds; Organoheterocyclic compounds; Pyrimidines and pyrimidine derivatives; Alcohols and polyols; Organonitrogen compounds; Primary alcohols; Organooxygen compounds; Azoles; Diazines; Amines; Azacyclic compounds; Heteroaromatic compounds; Hydrocarbon derivatives; Organopnictogen compounds; Organic oxygen compounds; Organic nitrogen compounds; Chemical entities	150.103	687	11.449	836961319333601069	836961040554975463	836961040550781158	1098	
1	C35H52O4	[M - H2O + H]+	C35H51O3+	Terpenoids	0.997	Triterpenoids	0.988	Lanostane, Tirucallane and Euphane triterpenoids	0.413	Lipids and lipid-like molecules	0.993	Prenol lipids	0.912	Triterpenoids	0.784			Triterpenoids	0.784	Organic compounds; Lipids and lipid-like molecules; Alcohols and polyols; Steroids and steroid derivatives; Prenol lipids; Organic acids and derivatives; Carboxylic acids and derivatives; Organooxygen compounds; Unsaturated fatty acids; Monocarboxylic acids and derivatives; Oxosteroids; Carboxylic acids; Cyclic alcohols and derivatives; Hydroxysteroids; Triterpenoids; Secondary alcohols; Carbonyl compounds; Steroid acids; Organic oxides; Hydrocarbon derivatives; Organic oxygen compounds; Chemical entities	519.384	687	11.451	836961291156265355	836961040588529899	836961040588529898	1099	
1	C30H44O3	[M - H2O + H]+	C30H43O2+	Terpenoids	0.993	Carotenoids (C40)	0.505	Apocarotenoids (β-)	0.584	Lipids and lipid-like molecules	0.955	Prenol lipids	0.926					Prenol lipids	0.926	Organic compounds; Lipids and lipid-like molecules; Alcohols and polyols; Prenol lipids; Organooxygen compounds; Organic oxides; Hydrocarbon derivatives; Organic oxygen compounds; Chemical entities	435.326	690	11.507	836961292230007218	836961040622084335	836961040622084334	1100	
1	C8H13N3O	[M - H2O + H]+	C8H12N3+	Alkaloids	0.890	Histidine alkaloids	0.213	Imidazole alkaloids	0.208	Organoheterocyclic compounds	0.995	Azoles	0.742					Azoles	0.742	Organic compounds; Organoheterocyclic compounds; Alcohols and polyols; Organonitrogen compounds; Primary alcohols; Organooxygen compounds; Azoles; Amines; Alkanolamines; Azacyclic compounds; Heteroaromatic compounds; Hydrocarbon derivatives; Organopnictogen compounds; Organic oxygen compounds; Organic nitrogen compounds; Chemical entities	150.103	692	11.527	836961301834963871	836961040651444467	836961040651444466	1101	
1	C35H59FN4O2	[M + H3N + H]+	C35H63FN5O2+	Alkaloids	0.979	Ornithine alkaloids	0.594	Tropane alkaloids	0.952	Organic acids and derivatives	0.950	Carboxylic acids and derivatives	0.944	Amino acids, peptides, and analogues	0.797	Amino acids and derivatives	0.799	Amino acids and derivatives	0.799	Organic compounds; Organoheterocyclic compounds; Amino acids, peptides, and analogues; Imidazoles; Pyrrolidines; Organic acids and derivatives; Carboxylic acids and derivatives; Organohalogen compounds; Organonitrogen compounds; Organooxygen compounds; Amino acids and derivatives; Azoles; Tropane alkaloids; Alkyl fluorides; Aryl fluorides; Carboxylic acid derivatives; Organofluorides; Carbonyl compounds; Trialkylamines; Benzenoids; Amines; Tertiary amines; Alkyl halides; N-alkylpyrrolidines; Aralkylamines; Organic oxides; Azacyclic compounds; Heteroaromatic compounds; Hydrocarbon derivatives; Cyclohexyl halides; Organopnictogen compounds; Organic oxygen compounds; Organic nitrogen compounds; Chemical entities	604.497	695	11.589	836961292326476240	836961040932462867	836961040932462866	1109	
1	C61H110O15	[M + H]+	C61H111O15+	Terpenoids	0.516	Triterpenoids	0.850	Open-chain polyketides	0.178	Lipids and lipid-like molecules	0.943	Prenol lipids	0.846	Triterpenoids	0.663			Triterpenoids	0.663	Organic compounds; Organoheterocyclic compounds; Carbohydrates and carbohydrate conjugates; Lipids and lipid-like molecules; Alcohols and polyols; Ethers; Prenol lipids; Organic acids and derivatives; Carboxylic acids and derivatives; Organooxygen compounds; Triterpenoids; Acetals; Secondary alcohols; Carbonyl compounds; Oxanes; Polyols; Organic oxides; Oxacyclic compounds; Hydrocarbon derivatives; Organic oxygen compounds; Chemical entities	1083.791	695	11.590	836961331429974461	836961040865353995	836961040865353994	1107	
1	C35H54O6	[M - H2O + H]+	C35H53O5+	Terpenoids	0.906	Diterpenoids	0.269	Prenyl quinone meroterpenoids	0.041	Lipids and lipid-like molecules	0.931	Prenol lipids	0.747	Diterpenoids	0.569			Diterpenoids	0.569	Organic compounds; Lipids and lipid-like molecules; Alcohols and polyols; Prenol lipids; Organic acids and derivatives; Carboxylic acids and derivatives; Organooxygen compounds; Carboxylic acid derivatives; Carboxylic acid esters; Cyclic alcohols and derivatives; Diterpenoids; Tertiary alcohols; Carbonyl compounds; Fatty Acyls; Organic oxides; Hydrocarbon derivatives; Organic oxygen compounds; Chemical entities	553.390	695	11.590	836961317152562825	836961040794050819	836961040794050818	1105	
1	C31H62O6Si	[M + H3N + H]+	C31H66NO6Si+	Shikimates and Phenylpropanoids	0.226	Fatty esters	0.285	Wax monoesters	0.086	Benzenoids	0.789	Benzene and substituted derivatives	0.851	Benzoic acids and derivatives	0.561			Benzoic acids and derivatives	0.561	Organic compounds; Benzoic acids and derivatives; Organic acids and derivatives; Carboxylic acids and derivatives; Organooxygen compounds; Dicarboxylic acids and derivatives; Carboxylic acid derivatives; Carboxylic acid esters; Carbonyl compounds; Benzene and substituted derivatives; Benzenoids; Organic oxides; Hydrocarbon derivatives; Organic oxygen compounds; Chemical entities	576.466	695	11.590	836961320973574015	836961040756302079	836961040756302078	1104	
1	C29H60O7Si	[M - H2O + H]+	C29H59O6Si+	Fatty acids	0.965	Fatty esters	0.774	Wax monoesters	0.386	Lipids and lipid-like molecules	0.786	Fatty Acyls	0.753	Fatty acid esters	0.593			Fatty acid esters	0.593	Organic compounds; Lipids and lipid-like molecules; Organic acids and derivatives; Carboxylic acids and derivatives; Organooxygen compounds; Fatty acid esters; Dicarboxylic acids and derivatives; Carboxylic acid derivatives; Carboxylic acids; Carboxylic acid esters; Carbonyl compounds; Fatty Acyls; Organic oxides; Hydrocarbon derivatives; Organic oxygen compounds; Chemical entities	531.408	695	11.590	836961304997469225	836961040831799559	836961040831799558	1106	
1	C8H12N4O	[M - H2O + H]+	C8H11N4+	Alkaloids	0.762	Histidine alkaloids	0.213	Imidazole alkaloids	0.210	Organoheterocyclic compounds	0.978	Diazines	0.581	Pyrimidines and pyrimidine derivatives	0.550			Pyrimidines and pyrimidine derivatives	0.550	Organic compounds; Organoheterocyclic compounds; Pyrimidines and pyrimidine derivatives; Organonitrogen compounds; Organooxygen compounds; Azoles; Diazines; Azacyclic compounds; Heteroaromatic compounds; Hydrocarbon derivatives; Organopnictogen compounds; Organic oxygen compounds; Organic nitrogen compounds; Chemical entities	163.098	696	11.608	836961292599106009	836961040966017303	836961040966017302	1110	
1	C8H13N3O	[M - H2O + H]+	C8H12N3+	Alkaloids	0.914	Histidine alkaloids	0.174	Imidazole alkaloids	0.170	Organoheterocyclic compounds	0.997	Diazines	0.549					Diazines	0.549	Organic compounds; Organoheterocyclic compounds; Alcohols and polyols; Organonitrogen compounds; Primary alcohols; Organooxygen compounds; Azoles; Diazines; Amines; Azacyclic compounds; Heteroaromatic compounds; Hydrocarbon derivatives; Organopnictogen compounds; Organic oxygen compounds; Organic nitrogen compounds; Chemical entities	150.103	698	11.628	836961287171676351	836961040718553339	836961040718553338	1103	
1	C8H13N3O	[M - H2O + H]+	C8H12N3+	Alkaloids	0.902	Histidine alkaloids	0.180	Imidazole alkaloids	0.177	Organoheterocyclic compounds	0.997	Diazines	0.529					Diazines	0.529	Organic compounds; Organoheterocyclic compounds; Alcohols and polyols; Organonitrogen compounds; Primary alcohols; Organooxygen compounds; Azoles; Diazines; Amines; Azacyclic compounds; Heteroaromatic compounds; Hydrocarbon derivatives; Organopnictogen compounds; Organic oxygen compounds; Organic nitrogen compounds; Chemical entities	150.103	699	11.646	836961285615589492	836961040995377435	836961040995377434	1111	
1	C8H13N3O	[M - H2O + H]+	C8H12N3+	Alkaloids	0.886	Histidine alkaloids	0.182	Imidazole alkaloids	0.178	Organoheterocyclic compounds	0.995	Azoles	0.726					Azoles	0.726	Organic compounds; Organoheterocyclic compounds; Alcohols and polyols; Organonitrogen compounds; Primary alcohols; Organooxygen compounds; Azoles; Amines; Alkanolamines; Azacyclic compounds; Heteroaromatic compounds; Hydrocarbon derivatives; Organopnictogen compounds; Organic oxygen compounds; Organic nitrogen compounds; Chemical entities	150.103	704	11.739	836961287259756744	836961041062486307	836961041062486306	1113	
1	C8H13N3O	[M - H2O + H]+	C8H12N3+	Alkaloids	0.753	Histidine alkaloids	0.196	Imidazole alkaloids	0.194	Organoheterocyclic compounds	0.992	Diazines	0.799	Pyrimidines and pyrimidine derivatives	0.772			Pyrimidines and pyrimidine derivatives	0.772	Organic compounds; Organoheterocyclic compounds; Pyrimidines and pyrimidine derivatives; Alcohols and polyols; Organonitrogen compounds; Organooxygen compounds; Azoles; Diazines; Amines; Azacyclic compounds; Heteroaromatic compounds; Hydrocarbon derivatives; Organopnictogen compounds; Organic oxygen compounds; Organic nitrogen compounds; Chemical entities	150.103	709	11.810	836961296059406898	836961041096040743	836961041096040742	1114	
1	C8H12N4O	[M - H2O + H]+	C8H11N4+	Alkaloids	0.824	Histidine alkaloids	0.335	Imidazole alkaloids	0.331	Organoheterocyclic compounds	0.992	Diazines	0.682	Pyrimidines and pyrimidine derivatives	0.642			Pyrimidines and pyrimidine derivatives	0.642	Organic compounds; Organoheterocyclic compounds; Pyrimidines and pyrimidine derivatives; Organonitrogen compounds; Organooxygen compounds; Diazines; Amines; Azacyclic compounds; Heteroaromatic compounds; Hydrocarbon derivatives; Organopnictogen compounds; Organic oxygen compounds; Organic nitrogen compounds; Chemical entities	163.098	710	11.827	836961313033756038	836961041129595179	836961041129595178	1115	
1	C34H57N3O12Si6	[M - H2O + H]+	C34H56N3O11Si6+	Polyketides	0.437	Oligopeptides	0.960	Lipopeptides	0.660	Organic acids and derivatives	0.996	Peptidomimetics	0.466	Depsipeptides	0.681	Cyclic depsipeptides	0.668	Cyclic depsipeptides	0.668	Organic compounds; Organoheterocyclic compounds; Lipids and lipid-like molecules; Amino acids, peptides, and analogues; Lactones; Alpha amino acids and derivatives; Macrolactams; Alcohols and polyols; Lactams; Organic acids and derivatives; Carboxylic acids and derivatives; Organohalogen compounds; Organonitrogen compounds; Organooxygen compounds; Amino acids and derivatives; Alpha amino acid esters; Carboxylic acid amides; Carboxylic acid derivatives; Monocarboxylic acids and derivatives; Carboxylic acid esters; Secondary alcohols; Secondary carboxylic acid amides; Carbonyl compounds; Macrolide lactams; Depsipeptides; Cyclic depsipeptides; Benzene and substituted derivatives; Benzenoids; Fatty Acyls; Organic oxides; Azacyclic compounds; Oxacyclic compounds; Hydrocarbon derivatives; Organopnictogen compounds; Organic oxygen compounds; Organic nitrogen compounds; Chemical entities	850.252	710	11.829	836961344172270621	836961041234452791	836961041234452790	1118	
1	C33H59N5O9	[M + H]+	C33H60N5O9+	Amino acids and Peptides	0.908	Oligopeptides	0.896	Linear peptides	0.281	Organic acids and derivatives	0.995	Carboxylic acids and derivatives	0.982	Amino acids, peptides, and analogues	0.948	Peptides	0.727	Peptides	0.727	Organic compounds; Lipids and lipid-like molecules; Amino acids, peptides, and analogues; Alpha amino acids and derivatives; Organic acids and derivatives; Carboxylic acids and derivatives; Organonitrogen compounds; Organooxygen compounds; Fatty amides; Amino acids and derivatives; Peptides; Carboxylic acid amides; Carboxylic acid derivatives; N-acyl amines; N-acyl-alpha amino acids and derivatives; Secondary carboxylic acid amides; Carbonyl compounds; Benzene and substituted derivatives; Alpha amino acid amides; Benzenoids; Fatty Acyls; Organic oxides; Hydrocarbon derivatives; Organopnictogen compounds; Organic oxygen compounds; Organic nitrogen compounds; Chemical entities	670.440	713	11.886	836961330402369930	836961041268007227	836961041268007226	1119	
1	C33H56N4O9	[M + H3N + H]+	C33H60N5O9+	Amino acids and Peptides	0.789	Oligopeptides	0.833	Erythromycins	0.226	Organic acids and derivatives	0.995	Carboxylic acids and derivatives	0.987	Amino acids, peptides, and analogues	0.894	Amino acids and derivatives	0.881	Alpha amino acids and derivatives	0.506	Organic compounds; Organoheterocyclic compounds; Lipids and lipid-like molecules; Amino acids, peptides, and analogues; Alpha amino acids and derivatives; Alcohols and polyols; Organic acids and derivatives; Carboxylic acids and derivatives; Organonitrogen compounds; Organooxygen compounds; Amino acids and derivatives; Carboxylic acid amides; Carboxylic acid derivatives; Carboxylic acid esters; Secondary alcohols; Secondary carboxylic acid amides; Carbonyl compounds; Trialkylamines; Amines; Tertiary amines; Fatty Acyls; Organic oxides; Azacyclic compounds; Hydrocarbon derivatives; Organopnictogen compounds; Organic oxygen compounds; Organic nitrogen compounds; Chemical entities	670.440	714	11.901	836961332868620816	836961041481916759	836961041477722454	1126	
1	C14H42O7Si7	[M + H3N + H]+	C14H46NO7Si7+	Fatty acids	0.437	Monoterpenoids	0.186	Halogenated fatty acids	0.113	Organic salts	0.711	Organic metal salts	0.575	Organic metalloid salts	0.575			Organic metalloid salts	0.575	Organic compounds; Organometallic compounds; Organometalloid compounds; Organic salts; Organic oxides; Organic metalloid salts; Organic metal salts; Hydrocarbon derivatives; Organic oxygen compounds; Chemical entities	536.166	715	11.919	836961318146612920	836961041372864839	836961041372864838	1122	
1	C23H26O16	[M - H2O + H]+	C23H25O15+	Shikimates and Phenylpropanoids	0.984	Flavonoids	0.801	Flavones	0.481	Phenylpropanoids and polyketides	0.949	Flavonoids	0.587	Flavonoid glycosides	0.553			Flavonoid glycosides	0.553	Organic compounds; Organoheterocyclic compounds; Carbohydrates and carbohydrate conjugates; Pyrans; Benzopyrans; Alcohols and polyols; Phenols; Chromones; Ethers; Phenylpropanoids and polyketides; Organic acids and derivatives; Carboxylic acids and derivatives; Organooxygen compounds; Flavonoids; Pyranones and derivatives; Carboxylic acid derivatives; Flavonoid glycosides; Carboxylic acid esters; Monosaccharides; Flavones; Acetals; Secondary alcohols; Oxanes; Glycosyl compounds; O-glycosyl compounds; Benzene and substituted derivatives; Polyols; Benzenoids; Hydroxyflavonoids; 1-benzopyrans; Organic oxides; Oxacyclic compounds; Heteroaromatic compounds; Hydrocarbon derivatives; Organic oxygen compounds; 1-hydroxy-2-unsubstituted benzenoids; 1-hydroxy-4-unsubstituted benzenoids; Chemical entities	541.120	715	11.921	836961309938359506	836961041477722451	836961041477722450	1125	
1	C8H12N4O	[M - H2O + H]+	C8H11N4+	Alkaloids	0.735	Histidine alkaloids	0.096	Purine alkaloids	0.116	Organoheterocyclic compounds	0.994	Diazines	0.894	Pyrimidines and pyrimidine derivatives	0.881	Aminopyrimidines and derivatives	0.707	Aminopyrimidines and derivatives	0.707	Organic compounds; Organoheterocyclic compounds; Pyrimidines and pyrimidine derivatives; Alcohols and polyols; Organonitrogen compounds; Primary alcohols; Organooxygen compounds; Aminopyrimidines and derivatives; Diazines; Amines; Imidolactams; Azacyclic compounds; Heteroaromatic compounds; Hydrocarbon derivatives; Organopnictogen compounds; Organic oxygen compounds; Organic nitrogen compounds; Chemical entities	163.098	715	11.922	836961296281705021	836961041305755967	836961041305755966	1120	
1	C8H13N3O	[M - H2O + H]+	C8H12N3+	Alkaloids	0.863	Pseudoalkaloids (transamidation)	0.086	Purine alkaloids	0.073	Organoheterocyclic compounds	0.995	Diazines	0.750	Pyrimidines and pyrimidine derivatives	0.692			Pyrimidines and pyrimidine derivatives	0.692	Organic compounds; Organoheterocyclic compounds; Pyrimidines and pyrimidine derivatives; Alcohols and polyols; Organonitrogen compounds; Primary alcohols; Organooxygen compounds; Azoles; Diazines; Amines; Azacyclic compounds; Heteroaromatic compounds; Hydrocarbon derivatives; Organopnictogen compounds; Organic oxygen compounds; Organic nitrogen compounds; Chemical entities	150.103	717	11.942	836961287297505486	836961041444168015	836961041439973710	1124	
1	C8H13N3O	[M - H2O + H]+	C8H12N3+	Alkaloids	0.813	Pseudoalkaloids (transamidation)	0.051	Purine alkaloids	0.022	Organoheterocyclic compounds	0.994	Diazines	0.814	Pyrimidines and pyrimidine derivatives	0.762	Aminopyrimidines and derivatives	0.579	Aminopyrimidines and derivatives	0.579	Organic compounds; Organoheterocyclic compounds; Pyrimidines and pyrimidine derivatives; Alcohols and polyols; Organonitrogen compounds; Primary alcohols; Organooxygen compounds; Aminopyrimidines and derivatives; Diazines; Amines; Imidolactams; Azacyclic compounds; Heteroaromatic compounds; Hydrocarbon derivatives; Organopnictogen compounds; Organic oxygen compounds; Organic nitrogen compounds; Chemical entities	150.103	717	11.946	836961287419140308	836961041481916763	836961041481916762	1127	
