"canopus_formulaRank"	"canopus_molecularFormula"	"canopus_adduct"	"canopus_precursorFormula"	"canopus_NPC#pathway"	"canopus_NPC#pathway Probability"	"canopus_NPC#superclass"	"canopus_NPC#superclass Probability"	"canopus_NPC#class"	"canopus_NPC#class Probability"	"canopus_ClassyFire#superclass"	"canopus_ClassyFire#superclass probability"	"canopus_ClassyFire#class"	"canopus_ClassyFire#class Probability"	"canopus_ClassyFire#subclass"	"canopus_ClassyFire#subclass Probability"	"canopus_ClassyFire#level 5"	"canopus_ClassyFire#level 5 Probability"	"canopus_ClassyFire#most specific class"	"canopus_ClassyFire#most specific class Probability"	"canopus_ClassyFire#all classifications"	"canopus_ionMass"	"canopus_retentionTimeInSeconds"	"canopus_retentionTimeInMinutes"	"canopus_formulaId"	"canopus_alignedFeatureId"	"canopus_compoundId"	"canopus_mappingFeatureId"	"canopus_overallFeatureQuality"	"feature_id"
1	"C6H14F3N3"	"[M + K]+"	"C6H14F3KN3+"	"Alkaloids"	0.714	"Nicotinic acid alkaloids"	0.077	"Polyamines"	0.086	"Organohalogen compounds"	0.985	"Alkyl halides"	0.986	"Alkyl fluorides"	0.983	NA	NA	"Alkyl fluorides"	0.983	"Organic compounds; Organohalogen compounds; Organonitrogen compounds; Alkyl fluorides; Organofluorides; Alkyl halides; Hydrocarbon derivatives; Organopnictogen compounds; Organic nitrogen compounds; Chemical entities"	224.076	24	0.407	836961146066887424	836960998989418496	836960998981029888	2	NA	2
1	"C8H18N2"	"[M + H3N + H]+"	"C8H22N3+"	"Alkaloids"	0.781	"Pseudoalkaloids (transamidation)"	0.406	"Acetate-derived alkaloids"	0.802	"Organic nitrogen compounds"	1	"Organonitrogen compounds"	1	"Amines"	0.777	NA	NA	"Amines"	0.777	"Organic compounds; Organonitrogen compounds; Amines; Hydrocarbon derivatives; Organopnictogen compounds; Organic nitrogen compounds; Chemical entities"	160.181	28	0.469	836961139104342656	836960999241076736	836960999236882432	4	NA	4
1	"C6H9O4P"	"[M + Na]+"	"C6H9NaO4P+"	"Fatty acids"	0.585	"Monoterpenoids"	0.047	"Halogenated fatty acids"	0.009	"Organic acids and derivatives"	0.812	"Organic phosphonic acids and derivatives"	0.626	NA	NA	NA	NA	"Organic phosphonic acids and derivatives"	0.626	"Organic compounds; Organic acids and derivatives; Organooxygen compounds; Organophosphorus compounds; Organic phosphonic acids and derivatives; Organic oxides; Hydrocarbon derivatives; Organic oxygen compounds; Chemical entities"	199.013	28	0.47	836961147417453312	836960999421431808	836960999417237504	5	NA	5
1	"C3H6O5S"	"[M + H]+"	"C3H7O5S+"	"Fatty acids"	0.841	"Fatty Acids and Conjugates"	0.753	"Dicarboxylic acids"	0.145	"Organosulfur compounds"	0.872	"Sulfonyls"	0.513	NA	NA	NA	NA	"Sulfonyls"	0.513	"Organic compounds; Organosulfur compounds; Organic acids and derivatives; Carboxylic acids and derivatives; Organooxygen compounds; Sulfonyls; Carbonyl compounds; Organic oxides; Hydrocarbon derivatives; Organic oxygen compounds; Chemical entities"	155.003	28	0.472	836961146847027968	836960999744393216	836960999744393216	9	NA	9
1	"C5H12O6S4"	"[M + Na]+"	"C5H12NaO6S4+"	"Fatty acids"	0.974	"Fatty acyls"	0.656	"Fatty alcohols"	0.511	"Organic oxygen compounds"	0.999	"Organooxygen compounds"	0.763	NA	NA	NA	NA	"Organooxygen compounds"	0.763	"Organic compounds; Organosulfur compounds; Organic acids and derivatives; Organooxygen compounds; Organic oxides; Hydrocarbon derivatives; Organic oxygen compounds; Chemical entities"	318.944	29	0.476	836961162554697344	836960999882805248	836960999878610944	11	NA	11
1	"C3H2O3S"	"[M + Na]+"	"C3H2NaO3S+"	"Fatty acids"	0.755	"Tropolones"	0.706	"Oxygenated hydrocarbons"	0.42	"Organic acids and derivatives"	0.568	"Carboxylic acids and derivatives"	0.54	NA	NA	NA	NA	"Carboxylic acids and derivatives"	0.54	"Organic compounds; Organoheterocyclic compounds; Organic acids and derivatives; Carboxylic acids and derivatives; Organooxygen compounds; Carbonyl compounds; Organic oxides; Oxacyclic compounds; Hydrocarbon derivatives; Organic oxygen compounds; Chemical entities"	140.962	29	0.485	836961171396290944	836961000222543872	836961000218349568	16	NA	16
1	"CHN2O3P"	"[M + Na]+"	"CHN2NaO3P+"	"Alkaloids"	0.942	"Pseudoalkaloids (transamidation)"	0.451	"Purine alkaloids"	0.517	"Organoheterocyclic compounds"	0.842	"Heteroaromatic compounds"	0.757	NA	NA	NA	NA	"Heteroaromatic compounds"	0.757	"Organic compounds; Organoheterocyclic compounds; Organonitrogen compounds; Organooxygen compounds; Organic oxides; Azacyclic compounds; Heteroaromatic compounds; Hydrocarbon derivatives; Organopnictogen compounds; Organic oxygen compounds; Organic nitrogen compounds; Chemical entities"	142.962	29	0.486	836961145706177280	836961000419676160	836961000415481856	19	NA	19
2	"C3H4OS2"	"[M + Na]+"	"C3H4NaOS2+"	"Fatty acids"	0.844	"Fatty acyls"	0.803	"Oxygenated hydrocarbons"	0.935	"Organoheterocyclic compounds"	0.9	NA	NA	NA	NA	NA	NA	"Organoheterocyclic compounds"	0.9	"Organic compounds; Organoheterocyclic compounds; Organosulfur compounds; Organooxygen compounds; Carbonyl compounds; Organic oxides; Hydrocarbon derivatives; Organic oxygen compounds; Chemical entities"	142.959	29	0.489	836961149141312384	836961000478396416	836961000474202112	20	NA	20
1	"C4H3NO2S2"	"[M - H2O + H]+"	"C4H2NOS2+"	"Amino acids and Peptides"	0.796	"β-lactams"	0.186	"Cephalosporins"	0.074	"Organoheterocyclic compounds"	0.973	"Azoles"	0.596	"Thiazoles"	0.588	NA	NA	"Thiazoles"	0.588	"Organic compounds; Organoheterocyclic compounds; Organosulfur compounds; Thiazoles; Organic acids and derivatives; Carboxylic acids and derivatives; Organonitrogen compounds; Organooxygen compounds; Azoles; Monocarboxylic acids and derivatives; Carboxylic acids; Organic oxides; Azacyclic compounds; Heteroaromatic compounds; Hydrocarbon derivatives; Organopnictogen compounds; Organic oxygen compounds; Organic nitrogen compounds; Chemical entities"	143.958	29	0.489	836961163196425856	836961000285458432	836961000285458432	17	NA	17
2	"C4H3NO2S2"	"[M - H2O + H]+"	"C4H2NOS2+"	"Amino acids and Peptides"	0.922	"β-lactams"	0.048	"Aminoacids"	0.044	"Organoheterocyclic compounds"	0.995	"Azoles"	0.932	"Thiazoles"	0.882	"Thiazolecarboxylic acids and derivatives"	0.662	"Thiazolecarboxylic acids and derivatives"	0.662	"Organic compounds; Organoheterocyclic compounds; Thiazoles; Organic acids and derivatives; Carboxylic acids and derivatives; Organonitrogen compounds; Organooxygen compounds; Azoles; Monocarboxylic acids and derivatives; Carboxylic acids; Carbonyl compounds; Thiazolecarboxylic acids and derivatives; Organic oxides; Azacyclic compounds; Heteroaromatic compounds; Hydrocarbon derivatives; Organopnictogen compounds; Organic oxygen compounds; Organic nitrogen compounds; Chemical entities"	143.957	29	0.49	836961150433158016	836961000348372992	836961000348372992	18	NA	18
1	"C5H5BrO3S"	"[M + K]+"	"C5H5BrKO3S+"	"Fatty acids"	0.87	"Fatty Acids and Conjugates"	0.776	"Halogenated fatty acids"	0.876	"Organic acids and derivatives"	0.797	"Carboxylic acids and derivatives"	0.808	NA	NA	NA	NA	"Carboxylic acids and derivatives"	0.808	"Organic compounds; Organoheterocyclic compounds; Organic acids and derivatives; Carboxylic acids and derivatives; Organohalogen compounds; Organooxygen compounds; Organobromides; Carbonyl compounds; Vinyl bromides; Vinyl halides; Bromoalkenes; Organic oxides; Hydrocarbon derivatives; Organic oxygen compounds; Chemical entities"	262.878	30	0.492	836961161590007296	836961001082376192	836961001078181888	30	NA	30
1	"C3O2S4"	"[M + Na]+"	"C3NaO2S4+"	"Shikimates and Phenylpropanoids"	0.364	"Tropolones"	0.938	"Tropolones and derivatives (Shikimate)"	0.735	"Organoheterocyclic compounds"	0.949	"Dithioles"	0.807	"1,2-dithioles"	0.748	"1,2-dithiole-3-ones"	0.735	"1,2-dithiole-3-ones"	0.735	"Organic compounds; Organoheterocyclic compounds; Organooxygen compounds; Dithioles; 1,2-dithiole-3-ones; 1,2-dithioles; Organic oxides; Oxacyclic compounds; Heteroaromatic compounds; Hydrocarbon derivatives; Organic oxygen compounds; Chemical entities"	218.868	30	0.494	836961186256711424	836961001501806720	836961001501806720	38	NA	38
1	"C3H5NO6S3"	"[M + K]+"	"C3H5KNO6S3+"	"Fatty acids"	0.61	"Fatty Acids and Conjugates"	0.726	"Halogenated fatty acids"	0.16	"Organic acids and derivatives"	0.997	"Carboxylic acids and derivatives"	0.889	"Carboxylic acids"	0.839	NA	NA	"Carboxylic acids"	0.839	"Organic compounds; Organosulfur compounds; Organic acids and derivatives; Carboxylic acids and derivatives; Organooxygen compounds; Monocarboxylic acids and derivatives; Carboxylic acids; Carbonyl compounds; Organic oxides; Hydrocarbon derivatives; Organic oxygen compounds; Organic nitrogen compounds; Chemical entities"	285.894	30	0.494	836961319610425088	836961001606664320	836961001606664320	40	NA	40
1	"C8H18N2"	"[M + H]+"	"C8H19N2+"	"Alkaloids"	0.964	"Ornithine alkaloids"	0.942	"Polyamines"	0.956	"Organic nitrogen compounds"	1	"Organonitrogen compounds"	1	"Amines"	0.936	"Tertiary amines"	0.475	"Trialkylamines"	0.532	"Organic compounds; Organoheterocyclic compounds; Organonitrogen compounds; Trialkylamines; Amines; Azacyclic compounds; Hydrocarbon derivatives; Organopnictogen compounds; Organic nitrogen compounds; Chemical entities"	143.154	30	0.497	836961139473441408	836961001912848512	836961001912848512	46	NA	46
1	"CH4O4S4"	"[M + Na]+"	"CH4NaO4S4+"	"Fatty acids"	0.709	"Fatty acyls"	0.425	"Fatty alcohols"	0.038	"Organosulfur compounds"	0.858	NA	NA	NA	NA	NA	NA	"Organosulfur compounds"	0.858	"Organic compounds; Organosulfur compounds; Organic acids and derivatives; Organic oxides; Hydrocarbon derivatives; Organic oxygen compounds; Chemical entities"	230.89	30	0.497	836961174072257280	836961001816379520	836961001816379520	44	NA	44
1	"C8H11ClFNO"	"[M + Na]+"	"C8H11ClFNNaO+"	"Alkaloids"	0.489	"Small peptides"	0.124	"Halogenated fatty acids"	0.435	"Benzenoids"	0.15	"Benzene and substituted derivatives"	0.329	"Halobenzenes"	0.605	NA	NA	"Halobenzenes"	0.605	"Organic compounds; Halobenzenes; Organohalogen compounds; Organonitrogen compounds; Organooxygen compounds; Aryl chlorides; Aryl fluorides; Organochlorides; Organofluorides; Aryl halides; Alkyl halides; Organic oxides; Hydrocarbon derivatives; Organopnictogen compounds; Organic oxygen compounds; Organic nitrogen compounds; Chemical entities"	214.04	30	0.5	836961144988951168	836960999807307776	836960999807307776	10	NA	10
1	"C7H13N"	"[M + H3N + H]+"	"C7H17N2+"	"Alkaloids"	0.952	"Ornithine alkaloids"	0.451	"Acetate-derived alkaloids"	0.607	"Organic nitrogen compounds"	1	"Organonitrogen compounds"	1	"Amines"	0.949	"Tertiary amines"	0.54	"Trialkylamines"	0.594	"Organic compounds; Organoheterocyclic compounds; Organonitrogen compounds; Trialkylamines; Amines; Tertiary amines; Azacyclic compounds; Hydrocarbon derivatives; Organopnictogen compounds; Organic nitrogen compounds; Chemical entities"	129.139	30	0.501	836961337335554944	836961002109980800	836961002109980800	50	NA	50
1	"C6H11NO2"	"[M + H3N + H]+"	"C6H15N2O2+"	"Amino acids and Peptides"	0.993	"Small peptides"	0.997	"Aminoacids"	0.998	"Organic acids and derivatives"	0.999	"Carboxylic acids and derivatives"	0.999	"Amino acids, peptides, and analogues"	0.987	"Amino acids and derivatives"	0.986	"Alpha amino acids"	0.597	"Organic compounds; Organoheterocyclic compounds; Amino acids, peptides, and analogues; Alpha amino acids and derivatives; Pyrrolidines; Organic acids and derivatives; Carboxylic acids and derivatives; Organonitrogen compounds; Organooxygen compounds; Amino acids and derivatives; Monocarboxylic acids and derivatives; Carboxylic acids; Carbonyl compounds; Pyrrolidine carboxylic acids and derivatives; Alpha amino acids; Pyrrolidine carboxylic acids; Amines; Organic oxides; Azacyclic compounds; Hydrocarbon derivatives; Amino acids; Organopnictogen compounds; Organic oxygen compounds; Organic nitrogen compounds; Chemical entities"	147.113	30	0.504	836961156011582720	836961002156118144	836961002156118144	51	NA	51
1	"C8H12"	"[M + H3N + H]+"	"C8H16N+"	"Fatty acids"	0.703	"Fatty acyls"	0.724	"Hydrocarbons"	0.165	"Hydrocarbons"	0.98	"Unsaturated hydrocarbons"	0.855	"Unsaturated aliphatic hydrocarbons"	0.881	NA	NA	"Unsaturated aliphatic hydrocarbons"	0.881	"Organic compounds; Hydrocarbons; Unsaturated hydrocarbons; Unsaturated aliphatic hydrocarbons; Chemical entities"	126.128	31	0.51	836961301004491648	836961002248392832	836961002248392832	53	NA	53
1	"C7H16N2"	"[M + H3N + H]+"	"C7H20N3+"	"Alkaloids"	0.999	"Ornithine alkaloids"	1	"Polyamines"	1	"Organic nitrogen compounds"	1	"Organonitrogen compounds"	1	"Amines"	0.997	"Secondary amines"	0.833	"Dialkylamines"	0.838	"Organic compounds; Organonitrogen compounds; Monoalkylamines; Dialkylamines; Amines; Primary amines; Secondary amines; Hydrocarbon derivatives; Organopnictogen compounds; Organic nitrogen compounds; Chemical entities"	146.165	31	0.519	836961332784734720	836961002403582080	836961002403582080	56	NA	56
5	"C19H13F5O4"	"[M + Na]+"	"C19H13F5NaO4+"	"Shikimates and Phenylpropanoids"	0.531	"Sesquiterpenoids"	0.043	"Chalcones"	0.034	"Benzenoids"	0.951	"Phenol ethers"	0.658	NA	NA	NA	NA	"Phenol ethers"	0.658	"Organic compounds; Ethers; Organic acids and derivatives; Carboxylic acids and derivatives; Organohalogen compounds; Organooxygen compounds; Alkyl fluorides; Carboxylic acid derivatives; Monocarboxylic acids and derivatives; Carboxylic acid esters; Organofluorides; Carbonyl compounds; Benzene and substituted derivatives; Phenol ethers; Benzenoids; Alkyl halides; Organic oxides; Hydrocarbon derivatives; Organic oxygen compounds; Phenoxy compounds; Chemical entities"	423.063	31	0.522	836961156510704896	836961002571354240	836961002567159936	59	NA	59
1	"C8H18N2"	"[M + H3N + H]+"	"C8H22N3+"	"Alkaloids"	0.998	"Ornithine alkaloids"	0.999	"Polyamines"	1	"Organic nitrogen compounds"	1	"Organonitrogen compounds"	1	"Amines"	0.989	"Secondary amines"	0.651	"Dialkylamines"	0.641	"Organic compounds; Organonitrogen compounds; Monoalkylamines; Dialkylamines; Amines; Primary amines; Secondary amines; Hydrocarbon derivatives; Organopnictogen compounds; Organic nitrogen compounds; Chemical entities"	160.181	32	0.526	836961332851843584	836961002772680832	836961002768486528	63	NA	63
2	"C8H19N3O"	"[M + H]+"	"C8H20N3O+"	"Alkaloids"	1	"Ornithine alkaloids"	1	"Polyamines"	1	"Organic acids and derivatives"	0.991	"Carboxylic acids and derivatives"	0.979	"Amino acids, peptides, and analogues"	0.984	"Amino acids and derivatives"	0.984	"Amino acids and derivatives"	0.984	"Organic compounds; Amino acids, peptides, and analogues; Organic acids and derivatives; Carboxylic acids and derivatives; Organonitrogen compounds; Organooxygen compounds; Amino acids and derivatives; Monoalkylamines; Carboxylic acid amides; Carboxylic acid derivatives; Secondary carboxylic acid amides; Carbonyl compounds; Dialkylamines; Amines; Primary amines; Secondary amines; Acetamides; Organic oxides; Hydrocarbon derivatives; Organopnictogen compounds; Organic oxygen compounds; Organic nitrogen compounds; Chemical entities"	174.16	32	0.533	836961140270359168	836961002999173376	836961002999173376	68	NA	68
2	"C21H12Cl6N6O4"	"[M + K]+"	"C21H12Cl6KN6O4+"	"Alkaloids"	0.519	"Proline alkaloids"	0.313	"Pyrrole alkaloids"	0.312	"Benzenoids"	0.968	"Benzene and substituted derivatives"	0.785	"Halobenzenes"	0.645	"Chlorobenzenes"	0.614	"Dichlorobenzenes"	0.737	"Organic compounds; Organoheterocyclic compounds; Halobenzenes; Lactams; Organic acids and derivatives; Carboxylic acids and derivatives; Organohalogen compounds; Organonitrogen compounds; Organooxygen compounds; Carboxylic acid amides; Aryl chlorides; Carboxylic acid derivatives; Chlorobenzenes; Diazines; Organochlorides; Benzene and substituted derivatives; Benzenoids; Amines; Dichlorobenzenes; Aryl halides; Imidolactams; Organic oxides; Azacyclic compounds; Heteroaromatic compounds; Hydrocarbon derivatives; Organopnictogen compounds; Organic oxygen compounds; Organic nitrogen compounds; Chemical entities"	660.869	33	0.542	836961172537141760	836961003179528448	836961003179528448	72	NA	72
4	"C15H13ClF6O3"	"[M + Na]+"	"C15H13ClF6NaO3+"	"Terpenoids"	0.494	"Sesquiterpenoids"	0.305	"Halogenated fatty acids"	0.056	"Benzenoids"	0.863	"Benzene and substituted derivatives"	0.857	"Halobenzenes"	0.781	"Fluorobenzenes"	0.749	"Fluorobenzenes"	0.749	"Organic compounds; Halobenzenes; Organic acids and derivatives; Carboxylic acids and derivatives; Organohalogen compounds; Organooxygen compounds; Alkyl fluorides; Aryl fluorides; Carboxylic acid derivatives; Fluorobenzenes; Monocarboxylic acids and derivatives; Carboxylic acid esters; Organochlorides; Organofluorides; Carbonyl compounds; Benzene and substituted derivatives; Benzenoids; Cyclopropanecarboxylic acids and derivatives; Aryl halides; Alkyl halides; Organic oxides; Hydrocarbon derivatives; Organic oxygen compounds; Chemical entities"	413.034	33	0.543	836961328477184256	836961003133391104	836961003133391104	71	NA	71
1	"C9H18N2O"	"[M + H3N + H]+"	"C9H22N3O+"	"Alkaloids"	0.901	"Ornithine alkaloids"	0.935	"Polyamines"	0.886	"Organic acids and derivatives"	0.991	"Carboxylic acids and derivatives"	0.983	"Amino acids, peptides, and analogues"	0.959	"Amino acids and derivatives"	0.957	"Alpha amino acid amides"	0.545	"Organic compounds; Organoheterocyclic compounds; Amino acids, peptides, and analogues; Pyrrolidines; Organic acids and derivatives; Carboxylic acids and derivatives; Organonitrogen compounds; Organooxygen compounds; Amino acids and derivatives; Monoalkylamines; Carboxylic acid amides; Carboxylic acid derivatives; Tertiary carboxylic acid amides; Carbonyl compounds; Alpha amino acid amides; Amines; Primary amines; N-acylpyrrolidines; Organic oxides; Azacyclic compounds; Hydrocarbon derivatives; Organopnictogen compounds; Organic oxygen compounds; Organic nitrogen compounds; Chemical entities"	188.176	33	0.553	836961322164756352	836961003267608832	836961003267608832	74	NA	74
1	"C5H11NO2"	"[M + K]+"	"C5H11KNO2+"	"Amino acids and Peptides"	0.997	"Small peptides"	0.997	"Aminoacids"	0.998	"Organic acids and derivatives"	0.998	"Carboxylic acids and derivatives"	0.996	"Amino acids, peptides, and analogues"	0.974	"Amino acids and derivatives"	0.974	"Alpha amino acids"	0.734	"Organic compounds; Amino acids, peptides, and analogues; Alpha amino acids and derivatives; Organic acids and derivatives; Carboxylic acids and derivatives; Organonitrogen compounds; Organooxygen compounds; Amino acids and derivatives; Monocarboxylic acids and derivatives; Carboxylic acids; Carbonyl compounds; Alpha amino acids; Amines; Organic oxides; Hydrocarbon derivatives; Amino acids; Organopnictogen compounds; Organic oxygen compounds; Organic nitrogen compounds; Chemical entities"	156.042	34	0.559	836961317089648256	836961003313746176	836961003309551872	75	NA	75
1	"C6H11N3O2"	"[M + H3N + H]+"	"C6H15N4O2+"	"Amino acids and Peptides"	1	"Small peptides"	1	"Aminoacids"	1	"Organic acids and derivatives"	1	"Carboxylic acids and derivatives"	1	"Amino acids, peptides, and analogues"	0.999	"Amino acids and derivatives"	0.999	"Alpha amino acids"	0.934	"Organic compounds; Lipids and lipid-like molecules; Amino acids, peptides, and analogues; Alpha amino acids and derivatives; Fatty acids and conjugates; Organic acids and derivatives; Carboxylic acids and derivatives; Organonitrogen compounds; Organooxygen compounds; Amino acids and derivatives; Guanidines; Monoalkylamines; Monocarboxylic acids and derivatives; Carboxylic acids; Carbonyl compounds; Alpha amino acids; Amines; Primary amines; Carboximidamides; Organic 1,3-dipolar compounds; Propargyl-type 1,3-dipolar organic compounds; Fatty Acyls; Organic oxides; Hydrocarbon derivatives; Amino acids; Organopnictogen compounds; Organic oxygen compounds; Organic nitrogen compounds; Chemical entities"	175.119	34	0.563	836961174642682624	836961003674456320	836961003670262016	82	NA	82
1	"C5H11NO2"	"[M + Na]+"	"C5H11NNaO2+"	"Amino acids and Peptides"	0.902	"Small peptides"	0.949	"Aminoacids"	0.934	"Organic acids and derivatives"	0.982	"Carboxylic acids and derivatives"	0.975	"Amino acids, peptides, and analogues"	0.793	"Amino acids and derivatives"	0.791	"Alpha amino acids and derivatives"	0.606	"Organic compounds; Amino acids, peptides, and analogues; Alpha amino acids and derivatives; Organic acids and derivatives; Carboxylic acids and derivatives; Organonitrogen compounds; Organooxygen compounds; Amino acids and derivatives; Quaternary ammonium salts; Monocarboxylic acids and derivatives; Carboxylic acids; Carbonyl compounds; Amines; Organic cations; Organic salts; Organic oxides; Hydrocarbon derivatives; Tetraalkylammonium salts; Organopnictogen compounds; Organic oxygen compounds; Organic nitrogen compounds; Chemical entities"	140.068	34	0.565	836961156187743488	836961003716399360	836961003716399360	83	NA	83
1	"C8H10O9S"	"[M + H]+"	"C8H11O9S+"	"Carbohydrates"	0.851	"Saccharides"	0.534	"Monosaccharides"	0.321	"Organic oxygen compounds"	1	"Organooxygen compounds"	0.999	"Carbohydrates and carbohydrate conjugates"	0.834	"Monosaccharides"	0.697	"Monosaccharides"	0.697	"Organic compounds; Organoheterocyclic compounds; Organosulfur compounds; Carbohydrates and carbohydrate conjugates; Alcohols and polyols; Organic acids and derivatives; Carboxylic acids and derivatives; Organooxygen compounds; Organic sulfuric acids and derivatives; Monosaccharides; Secondary alcohols; Carbonyl compounds; Oxanes; Polyols; Sulfenyl compounds; Organic oxides; Oxacyclic compounds; Hydrocarbon derivatives; Organic oxygen compounds; Chemical entities"	283.011	35	0.579	836961175028558720	836961003758342400	836961003758342400	84	NA	84
3	"C4H8N6O4"	"[M + H]+"	"C4H9N6O4+"	"Alkaloids"	0.7	"Pseudoalkaloids (transamidation)"	0.513	"Purine alkaloids"	0.732	"Organic 1,3-dipolar compounds"	0.626	"Allyl-type 1,3-dipolar organic compounds"	0.558	"Organic nitro compounds"	0.568	NA	NA	"Organic nitro compounds"	0.568	"Organic compounds; Organoheterocyclic compounds; Organic acids and derivatives; Organonitrogen compounds; Organooxygen compounds; Organic nitro compounds; Organic 1,3-dipolar compounds; Allyl-type 1,3-dipolar organic compounds; Organic oxides; Azacyclic compounds; Hydrocarbon derivatives; Organopnictogen compounds; Organic oxygen compounds; Organic nitrogen compounds; Chemical entities"	205.068	35	0.586	836961170423212288	836961003938697472	836961003938697472	88	NA	88
1	"C4H4NO3PS"	"[M + H3N + H]+"	"C4H8N2O3PS+"	"Alkaloids"	0.392	"Nicotinic acid alkaloids"	0.466	"Pyridine alkaloids"	0.468	"Organoheterocyclic compounds"	0.705	NA	NA	NA	NA	NA	NA	"Organoheterocyclic compounds"	0.705	"Organic compounds; Organoheterocyclic compounds; Organonitrogen compounds; Organic oxides; Hydrocarbon derivatives; Organic oxygen compounds; Organic nitrogen compounds; Chemical entities"	194.998	36	0.596	836961163460667008	836961004068720896	836961004068720896	91	NA	91
2	"C2H4Cl4O3P2"	"[M + Na]+"	"C2H4Cl4NaO3P2+"	"Fatty acids"	0.556	"Fatty Acids and Conjugates"	0.013	"Halogenated fatty acids"	0.176	"Organic acids and derivatives"	0.977	"Organic phosphonic acids and derivatives"	0.879	"Organic phosphonic acids"	0.693	NA	NA	"Organic phosphonic acids"	0.693	"Organic compounds; Organic acids and derivatives; Organohalogen compounds; Organophosphorus compounds; Organic phosphonic acids and derivatives; Alkyl chlorides; Organic phosphonic acids; Organochlorides; Alkyl halides; Organic oxides; Hydrocarbon derivatives; Organopnictogen compounds; Organic oxygen compounds; Chemical entities"	300.826	36	0.603	836961197325480576	836961004341350784	836961004341350784	97	NA	97
1	"C6H7NO3"	"[M + H3N + H]+"	"C6H11N2O3+"	"Amino acids and Peptides"	0.648	"Nicotinic acid alkaloids"	0.148	"Primary amides"	0.148	"Organoheterocyclic compounds"	0.918	"Lactams"	0.595	NA	NA	NA	NA	"Lactams"	0.595	"Organic compounds; Organoheterocyclic compounds; Lactams; Organic acids and derivatives; Carboxylic acids and derivatives; Organonitrogen compounds; Organooxygen compounds; Carbonyl compounds; Organic oxides; Azacyclic compounds; Hydrocarbon derivatives; Organopnictogen compounds; Organic oxygen compounds; Organic nitrogen compounds; Chemical entities"	159.077	36	0.606	836961150961640320	836961004588814720	836961004588814720	103	NA	103
1	"C6H10N2O3"	"[M + H3N + H]+"	"C6H14N3O3+"	"Amino acids and Peptides"	0.998	"Small peptides"	0.999	"Aminoacids"	0.999	"Organic acids and derivatives"	1	"Carboxylic acids and derivatives"	0.999	"Amino acids, peptides, and analogues"	0.982	"Amino acids and derivatives"	0.982	"Alpha amino acids"	0.592	"Organic compounds; Organoheterocyclic compounds; Amino acids, peptides, and analogues; Alpha amino acids and derivatives; Organic acids and derivatives; Carboxylic acids and derivatives; Organonitrogen compounds; Organooxygen compounds; Amino acids and derivatives; Organic carbonic acids and derivatives; Ureas; Monocarboxylic acids and derivatives; Carboxylic acids; Carbonyl compounds; Alpha amino acids; Organic oxides; Azacyclic compounds; Hydrocarbon derivatives; Amino acids; Organopnictogen compounds; Organic oxygen compounds; Organic nitrogen compounds; Chemical entities"	176.103	36	0.607	836961145962029824	836961004551065984	836961004551065984	102	NA	102
3	"C7H15NO2"	"[M + H]+"	"C7H16NO2+"	"Fatty acids"	0.522	"Small peptides"	0.461	"Aminoacids"	0.498	"Organic acids and derivatives"	0.996	"Carboxylic acids and derivatives"	0.992	"Amino acids, peptides, and analogues"	0.799	"Amino acids and derivatives"	0.799	"Amino acids and derivatives"	0.799	"Organic compounds; Lipids and lipid-like molecules; Amino acids, peptides, and analogues; Organic acids and derivatives; Carboxylic acids and derivatives; Organonitrogen compounds; Organooxygen compounds; Straight chain fatty acids; Amino acids and derivatives; Quaternary ammonium salts; Monocarboxylic acids and derivatives; Carboxylic acids; Carbonyl compounds; Amines; Organic salts; Fatty Acyls; Organic oxides; Hydrocarbon derivatives; Tetraalkylammonium salts; Organopnictogen compounds; Organic oxygen compounds; Organic nitrogen compounds; Chemical entities"	146.118	36	0.607	836961333183193600	836961004672700800	836961004668506496	105	NA	105
2	"C2H4Cl4O2P2"	"[M + Na]+"	"C2H4Cl4NaO2P2+"	"Fatty acids"	0.55	"Fatty Acids and Conjugates"	0.009	"Halogenated fatty acids"	0.146	"Organic acids and derivatives"	0.909	"Organic phosphonic acids and derivatives"	0.512	NA	NA	NA	NA	"Organic phosphonic acids and derivatives"	0.512	"Organic compounds; Organic acids and derivatives; Organohalogen compounds; Organooxygen compounds; Organophosphorus compounds; Organic phosphonic acids and derivatives; Alkyl chlorides; Organochlorides; Alkyl halides; Organic oxides; Hydrocarbon derivatives; Organic oxygen compounds; Chemical entities"	284.834	37	0.609	836961164769289984	836961004630757760	836961004630757760	104	NA	104
3	"C11H14N2O5"	"[M + H]+"	"C11H15N2O5+"	"Carbohydrates"	0.934	"Nucleosides"	0.924	"Pyridine alkaloids"	0.868	"Organic oxygen compounds"	1	"Organooxygen compounds"	1	"Carbohydrates and carbohydrate conjugates"	0.999	"Glycosyl compounds"	0.995	"Glycosylamines"	0.994	"Organic compounds; Organoheterocyclic compounds; Carbohydrates and carbohydrate conjugates; Pyridines and derivatives; Alcohols and polyols; Organic acids and derivatives; Carboxylic acids and derivatives; Organonitrogen compounds; Primary alcohols; Nucleosides, nucleotides, and analogues; Organooxygen compounds; Carboxylic acid amides; Carboxylic acid derivatives; Pyridinecarboxylic acids and derivatives; Pyridinecarboxamides; Pentoses; Monosaccharides; Secondary alcohols; Primary carboxylic acid amides; Pyridinium derivatives; Glycosyl compounds; Glycosylamines; Nicotinamides; Tetrahydrofurans; Vinylogous amides; Organic oxides; Azacyclic compounds; Oxacyclic compounds; Heteroaromatic compounds; Hydrocarbon derivatives; Organopnictogen compounds; Organic oxygen compounds; Organic nitrogen compounds; Chemical entities"	255.098	37	0.609	836961157320205568	836961004513317248	836961004509122944	101	NA	101
1	"C6H15NO5S"	"[M - H2O + H]+"	"C6H14NO4S+"	"Fatty acids"	0.874	"Fatty acyls"	0.222	"Fatty alcohols"	0.352	"Organic acids and derivatives"	0.984	"Organic sulfonic acids and derivatives"	0.849	"Organosulfonic acids and derivatives"	0.849	"Alkanesulfonic acids and derivatives"	0.767	"Alkanesulfonic acids"	0.721	"Organic compounds; Organosulfur compounds; Organic acids and derivatives; Organosulfonic acids and derivatives; Organooxygen compounds; Sulfonyls; Organosulfonic acids; Alkanesulfonic acids and derivatives; Alkanesulfonic acids; Organic oxides; Hydrocarbon derivatives; Organic sulfonic acids and derivatives; Organic oxygen compounds; Chemical entities"	196.064	37	0.612	836961173048846976	836961004941136256	836961004941136256	112	NA	112
1	"C6H13Cl2O4P"	"[M + Na]+"	"C6H13Cl2NaO4P+"	"Fatty acids"	0.445	"Fatty acyls"	0.029	"Fatty alcohols"	0.083	"Organohalogen compounds"	0.992	"Halohydrins"	0.517	NA	NA	NA	NA	"Halohydrins"	0.517	"Organic compounds; Alcohols and polyols; Organohalogen compounds; Organooxygen compounds; Alkyl chlorides; Organochlorides; Halohydrins; Alkyl halides; Organic oxides; Hydrocarbon derivatives; Organic oxygen compounds; Chemical entities"	272.982	37	0.614	836961242263259136	836961004710449536	836961004710449536	106	NA	106
1	"C7H10O2"	"[M + H3N + H]+"	"C7H14NO2+"	"Fatty acids"	0.932	"Fatty esters"	0.545	"Wax monoesters"	0.45	"Lipids and lipid-like molecules"	0.61	"Fatty Acyls"	0.531	NA	NA	NA	NA	"Fatty Acyls"	0.531	"Organic compounds; Lipids and lipid-like molecules; Organic acids and derivatives; Carboxylic acids and derivatives; Organooxygen compounds; Carboxylic acid derivatives; Monocarboxylic acids and derivatives; Carboxylic acid esters; Carbonyl compounds; Fatty Acyls; Organic oxides; Hydrocarbon derivatives; Organic oxygen compounds; Chemical entities"	144.102	37	0.615	836961289608567040	836961004865638784	836961004865638784	110	NA	110
1	"C7H11NO3"	"[M + H3N + H]+"	"C7H15N2O3+"	"Amino acids and Peptides"	0.955	"Small peptides"	0.981	"Aminoacids"	0.945	"Organic acids and derivatives"	1	"Carboxylic acids and derivatives"	1	"Amino acids, peptides, and analogues"	0.929	"Amino acids and derivatives"	0.928	"N-acyl-alpha amino acids"	0.859	"Organic compounds; Organoheterocyclic compounds; Amino acids, peptides, and analogues; Alpha amino acids and derivatives; Pyrrolidines; Organic acids and derivatives; Carboxylic acids and derivatives; Organonitrogen compounds; Organooxygen compounds; Amino acids and derivatives; Carboxylic acid amides; Carboxylic acid derivatives; Monocarboxylic acids and derivatives; N-acyl-alpha amino acids and derivatives; Carboxylic acids; Tertiary carboxylic acid amides; Carbonyl compounds; Pyrrolidine carboxylic acids and derivatives; N-acyl-alpha amino acids; Pyrrolidine carboxylic acids; N-acylpyrrolidines; Acetamides; Organic oxides; Azacyclic compounds; Hydrocarbon derivatives; Proline and derivatives; Organopnictogen compounds; Organic oxygen compounds; Organic nitrogen compounds; Chemical entities"	175.108	37	0.617	836961161933940224	836961004748198272	836961004748198272	107	NA	107
1	"C27H35N3O8S"	"[M + Na]+"	"C27H35N3NaO8S+"	"Carbohydrates"	0.843	"Aminosugars and aminoglycosides"	0.431	"Simple coumarins"	0.185	"Organic oxygen compounds"	1	"Organooxygen compounds"	0.999	"Carbohydrates and carbohydrate conjugates"	0.801	"Glycosyl compounds"	0.669	"Glycosyl compounds"	0.669	"Organic compounds; Organoheterocyclic compounds; Organosulfur compounds; Carbohydrates and carbohydrate conjugates; Alcohols and polyols; Ethers; Organic acids and derivatives; Carboxylic acids and derivatives; Organonitrogen compounds; Primary alcohols; Organooxygen compounds; Carboxylic acid amides; Carboxylic acid derivatives; Monosaccharides; Secondary alcohols; Secondary carboxylic acid amides; Carbonyl compounds; Oxanes; Glycosyl compounds; Benzene and substituted derivatives; Benzenoids; Acetamides; Organic oxides; Azacyclic compounds; Oxacyclic compounds; Heteroaromatic compounds; Hydrocarbon derivatives; Organopnictogen compounds; Organic oxygen compounds; Organic nitrogen compounds; Chemical entities"	584.205	38	0.625	836961348408517760	836961004903387520	836961004903387520	111	NA	111
1	"C6H3NO"	"[M + H3N + H]+"	"C6H7N2O+"	"Alkaloids"	0.892	"Nicotinic acid alkaloids"	0.65	"Pyridine alkaloids"	0.65	"Benzenoids"	0.819	NA	NA	NA	NA	NA	NA	"Benzenoids"	0.819	"Organic compounds; Organonitrogen compounds; Organooxygen compounds; Nitriles; Benzenoids; Hydrocarbon derivatives; Organic cyanides; Organopnictogen compounds; Organic oxygen compounds; Organic nitrogen compounds; Chemical entities"	123.055	38	0.628	836961174189697792	836961004785947008	836961004785947008	108	NA	108
1	"C30H31N3O8"	"[M + K]+"	"C30H31KN3O8+"	"Carbohydrates"	0.824	"Coumarins"	0.768	"Simple coumarins"	0.874	"Phenylpropanoids and polyketides"	0.664	"Coumarins and derivatives"	0.749	"Coumarin glycosides"	0.519	NA	NA	"Coumarin glycosides"	0.519	"Organic compounds; Organoheterocyclic compounds; Carbohydrates and carbohydrate conjugates; Lactones; Pyrans; Benzopyrans; Alcohols and polyols; Coumarins and derivatives; Ethers; Phenylpropanoids and polyketides; Organic acids and derivatives; Carboxylic acids and derivatives; Organonitrogen compounds; Primary alcohols; Organooxygen compounds; Carboxylic acid amides; Pyranones and derivatives; Carboxylic acid derivatives; Hexoses; Monosaccharides; Acetals; Secondary alcohols; Secondary carboxylic acid amides; Coumarin glycosides; Carbonyl compounds; Oxanes; Glycosyl compounds; O-glycosyl compounds; N-acyl-alpha-hexosamines; Benzene and substituted derivatives; Benzenoids; Aminosaccharides; 1-benzopyrans; Acetamides; Organic oxides; Oxacyclic compounds; Heteroaromatic compounds; Hydrocarbon derivatives; Organopnictogen compounds; Organic oxygen compounds; Organic nitrogen compounds; Chemical entities"	600.174	38	0.628	836961443556304256	836961004987273600	836961004983079296	113	NA	113
1	"C6H12O2"	"[M + H3N + H]+"	"C6H16NO2+"	"Fatty acids"	0.926	"Fatty acyls"	0.702	"Fatty alcohols"	0.547	"Organic oxygen compounds"	0.999	"Organooxygen compounds"	0.998	"Alcohols and polyols"	0.663	NA	NA	"Alcohols and polyols"	0.663	"Organic compounds; Alcohols and polyols; Organooxygen compounds; Hydrocarbon derivatives; Organic oxygen compounds; Chemical entities"	134.118	38	0.63	836961320726110080	836961005025022336	836961005025022336	114	NA	114
1	"C8H16N2O"	"[M + H3N + H]+"	"C8H20N3O+"	"Alkaloids"	0.498	"Pseudoalkaloids (transamidation)"	0.418	"Acetate-derived alkaloids"	0.517	"Organoheterocyclic compounds"	0.486	"Azacyclic compounds"	0.505	NA	NA	NA	NA	"Azacyclic compounds"	0.505	"Organic compounds; Organonitrogen compounds; Organic oxides; Azacyclic compounds; Hydrocarbon derivatives; Organopnictogen compounds; Organic oxygen compounds; Organic nitrogen compounds; Chemical entities"	174.16	38	0.63	836961171710863744	836961005637390848	836961005633196544	128	NA	128
1	"C9H18N2O"	"[M + H3N + H]+"	"C9H22N3O+"	"Amino acids and Peptides"	0.313	"Fatty amides"	0.316	"Dipeptides"	0.2	"Organic acids and derivatives"	0.8	"Carboxylic acids and derivatives"	0.791	"Carboxylic acid derivatives"	0.594	"Carboxylic acid amides"	0.668	"Carboxylic acid amides"	0.668	"Organic compounds; Organic acids and derivatives; Carboxylic acids and derivatives; Organonitrogen compounds; Organooxygen compounds; Carboxylic acid amides; Carboxylic acid derivatives; Carbonyl compounds; Organic oxides; Hydrocarbon derivatives; Organopnictogen compounds; Organic oxygen compounds; Organic nitrogen compounds; Chemical entities"	188.176	38	0.633	836961319170023168	836961005826134528	836961005821940224	132	NA	132
1	"C6H6ClF"	"[M + Na]+"	"C6H6ClFNa+"	"Fatty acids"	0.159	"Fatty acyls"	0.03	"Halogenated fatty acids"	0.079	"Benzenoids"	0.998	"Benzene and substituted derivatives"	0.994	"Halobenzenes"	0.987	"Chlorobenzenes"	0.853	"Chlorobenzenes"	0.853	"Organic compounds; Halobenzenes; Organohalogen compounds; Alkyl chlorides; Aryl chlorides; Aryl fluorides; Chlorobenzenes; Fluorobenzenes; Organochlorides; Organofluorides; Benzene and substituted derivatives; Benzenoids; Aryl halides; Alkyl halides; Hydrocarbon derivatives; Chemical entities"	155.003	38	0.635	836961309099498624	836961005763219968	836961005763219968	131	NA	131
1	"C6H8O2"	"[M + H3N + H]+"	"C6H12NO2+"	"Fatty acids"	0.995	"Fatty Acids and Conjugates"	0.915	"Unsaturated fatty acids"	0.932	"Lipids and lipid-like molecules"	0.485	"Fatty Acyls"	0.508	NA	NA	NA	NA	"Fatty Acyls"	0.508	"Organic compounds; Organic acids and derivatives; Carboxylic acids and derivatives; Organooxygen compounds; Monocarboxylic acids and derivatives; Carboxylic acids; Carbonyl compounds; Fatty Acyls; Organic oxides; Hydrocarbon derivatives; Organic oxygen compounds; Chemical entities"	130.086	38	0.641	836961166962911232	836961005540921728	836961005540921728	126	NA	126
2	"C5H2N4"	"[M + H3N + H]+"	"C5H6N5+"	"Alkaloids"	0.986	"Histidine alkaloids"	0.232	"Imidazole alkaloids"	0.233	"Organoheterocyclic compounds"	1	"Imidazopyrimidines"	0.866	"Purines and purine derivatives"	0.871	NA	NA	"Purines and purine derivatives"	0.871	"Organic compounds; Organoheterocyclic compounds; Pyrimidines and pyrimidine derivatives; Imidazoles; Purines and purine derivatives; Organonitrogen compounds; Azoles; Diazines; Imidazopyrimidines; Azacyclic compounds; Heteroaromatic compounds; Hydrocarbon derivatives; Organopnictogen compounds; Organic nitrogen compounds; Chemical entities"	136.062	39	0.643	836961296558529152	836961005146657152	836961005146657152	117	NA	117
2	"C10H13N5O5"	"[M + H]+"	"C10H14N5O5+"	"Carbohydrates"	1	"Nucleosides"	0.999	"Purine nucleosides"	0.998	"Nucleosides, nucleotides, and analogues"	0.939	"Purine nucleosides"	0.87	NA	NA	NA	NA	"Purine nucleosides"	0.87	"Organic compounds; Organoheterocyclic compounds; Carbohydrates and carbohydrate conjugates; Pyrimidines and pyrimidine derivatives; Imidazoles; Alcohols and polyols; Purines and purine derivatives; Organonitrogen compounds; Primary alcohols; Nucleosides, nucleotides, and analogues; Organooxygen compounds; Azoles; Purine nucleosides; Aminopyrimidines and derivatives; Diazines; Monosaccharides; Secondary alcohols; Imidazopyrimidines; Glycosyl compounds; Glycosylamines; Substituted imidazoles; N-substituted imidazoles; Amines; Primary amines; Tetrahydrofurans; 6-aminopurines; Imidolactams; Azacyclic compounds; Oxacyclic compounds; Heteroaromatic compounds; Hydrocarbon derivatives; Organopnictogen compounds; Organic oxygen compounds; Organic nitrogen compounds; Chemical entities"	284.099	39	0.644	836961307656658048	836961005184405888	836961005184405888	118	NA	118
2	"C21H38N2O17"	"[M - H2O + H]+"	"C21H37N2O16+"	"Carbohydrates"	1	"Aminosugars and aminoglycosides"	0.966	"Aminosugars"	0.974	"Organic oxygen compounds"	1	"Organooxygen compounds"	1	"Carbohydrates and carbohydrate conjugates"	0.995	"Aminosaccharides"	0.97	"Acylaminosugars"	0.66	"Organic compounds; Organoheterocyclic compounds; Carbohydrates and carbohydrate conjugates; Lipids and lipid-like molecules; Pyrans; Alcohols and polyols; Acylaminosugars; Sugar acids and derivatives; Ethers; Organic acids and derivatives; Carboxylic acids and derivatives; Organonitrogen compounds; Primary alcohols; Organooxygen compounds; Carboxylic acid amides; Hemiacetals; Carboxylic acid derivatives; Monocarboxylic acids and derivatives; Amino sugars; Carboxylic acids; Acetals; Secondary alcohols; Secondary carboxylic acid amides; Carbonyl compounds; Oxanes; Glycosyl compounds; O-glycosyl compounds; N-acyl-alpha-hexosamines; Polyols; Aminosaccharides; Fatty Acyls; Acetamides; Organic oxides; Oxacyclic compounds; Hydrocarbon derivatives; Organopnictogen compounds; Organic oxygen compounds; Organic nitrogen compounds; Chemical entities"	573.215	39	0.646	836961346240062592	836961005226348928	836961005226348928	119	NA	119
1	"C10H14N2O6"	"[M + H3N + H]+"	"C10H18N3O6+"	"Amino acids and Peptides"	0.996	"Small peptides"	0.999	"Dipeptides"	0.982	"Organic acids and derivatives"	1	"Carboxylic acids and derivatives"	1	"Amino acids, peptides, and analogues"	0.998	"Peptides"	0.794	"Gamma-glutamyl amino acids"	0.956	"Organic compounds; Lipids and lipid-like molecules; Amino acids, peptides, and analogues; Alpha amino acids and derivatives; Fatty acids and conjugates; Organic acids and derivatives; Carboxylic acids and derivatives; Organonitrogen compounds; Organooxygen compounds; Fatty amides; Dicarboxylic acids and derivatives; Amino acids and derivatives; Peptides; Monoalkylamines; Carboxylic acid amides; Carboxylic acid derivatives; N-acyl amines; N-acyl-alpha amino acids and derivatives; Carboxylic acids; Secondary carboxylic acid amides; Carbonyl compounds; N-acyl-alpha amino acids; Alpha amino acids; Amines; Primary amines; Gamma-glutamyl amino acids; Fatty Acyls; Organic oxides; Hydrocarbon derivatives; Amino acids; Glutamine and derivatives; Organopnictogen compounds; Organic oxygen compounds; Organic nitrogen compounds; Dipeptides; Chemical entities"	276.119	39	0.647	836961337239085824	836961005268291968	836961005268291968	120	NA	120
4	"CH3O4PS"	"[M + H]+"	"CH4O4PS+"	"Fatty acids"	0.142	"Fatty acyls"	0.026	"Halogenated fatty acids"	0.014	"Organic acids and derivatives"	0.963	"Organic phosphonic acids and derivatives"	0.64	"Organic phosphonic acids"	0.727	NA	NA	"Organic phosphonic acids"	0.727	"Organic compounds; Organic acids and derivatives; Organooxygen compounds; Organophosphorus compounds; Organic phosphonic acids and derivatives; Organic phosphonic acids; Organic oxides; Hydrocarbon derivatives; Organic oxygen compounds; Chemical entities"	142.956	39	0.648	836961318150807168	836961006224593408	836961006224593408	140	NA	140
1	"C4H6O5"	"[M + H3N + H]+"	"C4H10NO5+"	"Fatty acids"	0.883	"Fatty Acids and Conjugates"	0.915	"Dicarboxylic acids"	0.764	"Organic acids and derivatives"	0.977	"Hydroxy acids and derivatives"	0.702	NA	NA	NA	NA	"Hydroxy acids and derivatives"	0.702	"Organic compounds; Lipids and lipid-like molecules; Alcohols and polyols; Fatty acids and conjugates; Organic acids and derivatives; Carboxylic acids and derivatives; Organooxygen compounds; Hydroxy acids and derivatives; Monocarboxylic acids and derivatives; Carboxylic acids; Secondary alcohols; Carbonyl compounds; Fatty Acyls; Organic oxides; Hydrocarbon derivatives; Organic oxygen compounds; Chemical entities"	152.057	39	0.649	836961314107497856	836961005343789440	836961005343789440	122	NA	122
1	"C9H8N4O4"	"[M + H3N + H]+"	"C9H12N5O4+"	"Alkaloids"	0.864	"Pseudoalkaloids (transamidation)"	0.432	"Purine alkaloids"	0.605	"Organoheterocyclic compounds"	0.999	"Pteridines and derivatives"	0.944	"Pterins and derivatives"	0.901	"Biopterins and derivatives"	0.698	"Biopterins and derivatives"	0.698	"Organic compounds; Organoheterocyclic compounds; Pyrazines; Pyrimidines and pyrimidine derivatives; Pteridines and derivatives; Pterins and derivatives; Alcohols and polyols; Lactams; Organic acids and derivatives; Organonitrogen compounds; Primary alcohols; Pyrimidones; Organooxygen compounds; Diazines; Biopterins and derivatives; Secondary alcohols; Polyols; Vinylogous amides; Organic oxides; Azacyclic compounds; Heteroaromatic compounds; Hydrocarbon derivatives; Organopnictogen compounds; Organic oxygen compounds; Organic nitrogen compounds; Chemical entities"	254.088	39	0.65	836961176261684096	836961005385732480	836961005381538176	123	NA	123
2	"C7H16N2"	"[M + H]+"	"C7H17N2+"	"Alkaloids"	0.989	"Ornithine alkaloids"	0.991	"Polyamines"	0.997	"Organic nitrogen compounds"	1	"Organonitrogen compounds"	1	"Amines"	0.99	"Secondary amines"	0.535	"Dialkylamines"	0.531	"Organic compounds; Organonitrogen compounds; Monoalkylamines; Dialkylamines; Amines; Primary amines; Secondary amines; Hydrocarbon derivatives; Organopnictogen compounds; Organic nitrogen compounds; Chemical entities"	129.139	39	0.657	836961167965350016	836961006291702272	836961006287507968	141	NA	141
1	"C7H16N2"	"[M + H3N + H]+"	"C7H20N3+"	"Alkaloids"	0.989	"Ornithine alkaloids"	0.994	"Polyamines"	0.998	"Organic nitrogen compounds"	1	"Organonitrogen compounds"	1	"Amines"	0.987	"Secondary amines"	0.731	"Dialkylamines"	0.737	"Organic compounds; Organonitrogen compounds; Monoalkylamines; Dialkylamines; Amines; Primary amines; Secondary amines; Hydrocarbon derivatives; Organopnictogen compounds; Organic nitrogen compounds; Chemical entities"	146.165	40	0.66	836961332860232192	836961006358811136	836961006358811136	142	NA	142
3	"C7H6N4O2"	"[M + H3N + H]+"	"C7H10N5O2+"	"Alkaloids"	0.96	"Pseudoalkaloids (transamidation)"	0.953	"Purine alkaloids"	0.983	"Organoheterocyclic compounds"	0.999	"Imidazopyrimidines"	0.626	"Purines and purine derivatives"	0.61	"Purinones"	0.517	"Purinones"	0.517	"Organic compounds; Organoheterocyclic compounds; Pyrimidines and pyrimidine derivatives; Imidazoles; Purines and purine derivatives; Organic acids and derivatives; Organonitrogen compounds; Pyrimidones; Organooxygen compounds; Azoles; Purinones; Diazines; Imidazopyrimidines; Vinylogous amides; Organic oxides; Azacyclic compounds; Heteroaromatic compounds; Hydrocarbon derivatives; Organopnictogen compounds; Organic oxygen compounds; Organic nitrogen compounds; Chemical entities"	196.083	40	0.66	836961303248444416	836961005423481216	836961005423481216	124	NA	124
1	"C7H9ClO3"	"[M + Na]+"	"C7H9ClNaO3+"	"Polyketides"	0.738	"Phenolic acids (C6-C1)"	0.214	"Simple phenolic acids"	0.182	"Organohalogen compounds"	0.999	"Aryl halides"	0.835	"Aryl chlorides"	0.85	NA	NA	"Aryl chlorides"	0.85	"Organic compounds; Organohalogen compounds; Organooxygen compounds; Aryl chlorides; Organochlorides; Carbonyl compounds; Aryl halides; Organic oxides; Hydrocarbon derivatives; Organic oxygen compounds; Chemical entities"	199.013	40	0.663	836961156154189056	836961006081987072	836961006081987072	138	NA	138
1	"C13H25N3O6"	"[M - H2O + H]+"	"C13H24N3O5+"	"Amino acids and Peptides"	0.617	"Small peptides"	0.597	"Dipeptides"	0.165	"Organic acids and derivatives"	0.999	"Carboxylic acids and derivatives"	0.998	"Amino acids, peptides, and analogues"	0.912	"Amino acids and derivatives"	0.906	"N-acyl-alpha amino acids and derivatives"	0.615	"Organic compounds; Lipids and lipid-like molecules; Amino acids, peptides, and analogues; Alpha amino acids and derivatives; Alcohols and polyols; Fatty acids and conjugates; Organic acids and derivatives; Carboxylic acids and derivatives; Organonitrogen compounds; Organooxygen compounds; Fatty amides; Amino acids and derivatives; Carboxylic acid amides; Carboxylic acid derivatives; N-acyl amines; Monocarboxylic acids and derivatives; N-acyl-alpha amino acids and derivatives; Carboxylic acids; Secondary alcohols; Secondary carboxylic acid amides; Carbonyl compounds; Alpha amino acid amides; Amines; Fatty Acyls; Acetamides; Organic oxides; Hydrocarbon derivatives; Amino acids; Organopnictogen compounds; Organic oxygen compounds; Organic nitrogen compounds; Chemical entities"	302.171	40	0.665	836961335045464704	836961005482201472	836961005482201472	125	NA	125
5	"C3H3Cl2NO3S"	"[M + K]+"	"C3H3Cl2KNO3S+"	"Fatty acids"	0.355	"Fatty Acids and Conjugates"	0.197	"Halogenated fatty acids"	0.79	"Organohalogen compounds"	0.995	"Alkyl halides"	0.882	"Alkyl chlorides"	0.86	NA	NA	"Alkyl chlorides"	0.86	"Organic compounds; Organic acids and derivatives; Organohalogen compounds; Organonitrogen compounds; Organooxygen compounds; Alkyl chlorides; Organochlorides; Alkyl halides; Organic oxides; Hydrocarbon derivatives; Organic oxygen compounds; Organic nitrogen compounds; Chemical entities"	241.884	40	0.669	836961315659390464	836961005066965376	836961005066965376	115	NA	115
1	"C6H3NO"	"[M + H3N + H]+"	"C6H7N2O+"	"Alkaloids"	0.917	"Nicotinic acid alkaloids"	0.916	"Pyridine alkaloids"	0.915	"Organoheterocyclic compounds"	0.594	"Pyridines and derivatives"	0.61	NA	NA	NA	NA	"Pyridines and derivatives"	0.61	"Organic compounds; Organoheterocyclic compounds; Pyridines and derivatives; Organonitrogen compounds; Organooxygen compounds; Nitriles; Organic oxides; Azacyclic compounds; Heteroaromatic compounds; Hydrocarbon derivatives; Organic cyanides; Organopnictogen compounds; Organic oxygen compounds; Organic nitrogen compounds; Chemical entities"	123.055	40	0.67	836961221895716096	836961005683528192	836961005679333888	129	NA	129
2	"C11H15N5O3S"	"[M + H]+"	"C11H16N5O3S+"	"Carbohydrates"	1	"Nucleosides"	1	"Purine nucleosides"	0.999	"Nucleosides, nucleotides, and analogues"	0.977	"5'-deoxyribonucleosides"	0.997	"5'-deoxy-5'-thionucleosides"	0.996	NA	NA	"5'-deoxy-5'-thionucleosides"	0.996	"Organic compounds; Organoheterocyclic compounds; Organosulfur compounds; Carbohydrates and carbohydrate conjugates; Pyrimidines and pyrimidine derivatives; Imidazoles; Alcohols and polyols; Purines and purine derivatives; Organonitrogen compounds; Nucleosides, nucleotides, and analogues; Organooxygen compounds; Azoles; Thioethers; Aminopyrimidines and derivatives; Diazines; Pentoses; Monosaccharides; Secondary alcohols; Imidazopyrimidines; Glycosyl compounds; Glycosylamines; Polyols; Substituted imidazoles; N-substituted imidazoles; Amines; Primary amines; 1,2-diols; Tetrahydrofurans; 6-aminopurines; Sulfenyl compounds; Dialkylthioethers; Imidolactams; Azacyclic compounds; Oxacyclic compounds; Heteroaromatic compounds; Hydrocarbon derivatives; 5'-deoxyribonucleosides; 5'-deoxy-5'-thionucleosides; Organopnictogen compounds; Organic oxygen compounds; Organic nitrogen compounds; Chemical entities"	298.097	41	0.676	836961337272640256	836961005591253376	836961005591253376	127	NA	127
1	"C9H16O2"	"[M + H3N + H]+"	"C9H20NO2+"	"Fatty acids"	0.721	"Fatty acyls"	0.441	"Oxygenated hydrocarbons"	0.186	"Lipids and lipid-like molecules"	0.53	NA	NA	NA	NA	NA	NA	"Lipids and lipid-like molecules"	0.53	"Organic compounds; Lipids and lipid-like molecules; Alcohols and polyols; Organooxygen compounds; Carbonyl compounds; Organic oxides; Hydrocarbon derivatives; Organic oxygen compounds; Chemical entities"	174.149	41	0.684	836961316179484288	836961005863883264	836961005863883264	133	NA	133
1	"C9H18O3"	"[M + H3N + H]+"	"C9H22NO3+"	"Fatty acids"	0.914	"Fatty acyls"	0.518	"Fatty alcohols"	0.656	"Lipids and lipid-like molecules"	0.583	"Fatty Acyls"	0.536	NA	NA	NA	NA	"Fatty Acyls"	0.536	"Organic compounds; Lipids and lipid-like molecules; Alcohols and polyols; Primary alcohols; Organooxygen compounds; Secondary alcohols; Fatty Acyls; Hydrocarbon derivatives; Organic oxygen compounds; Chemical entities"	192.16	41	0.685	836961317479718528	836961005905826304	836961005905826304	134	NA	134
6	"C9H21NO3"	"[M + Na]+"	"C9H21NNaO3+"	"Fatty acids"	0.908	"Fatty amides"	0.719	"N-acyl amines"	0.664	"Organic nitrogen compounds"	0.999	"Organonitrogen compounds"	0.997	"Amines"	0.832	"Alkanolamines"	0.512	"Alkanolamines"	0.512	"Organic compounds; Alcohols and polyols; Organonitrogen compounds; Organooxygen compounds; Amines; Alkanolamines; Hydrocarbon derivatives; Organopnictogen compounds; Organic oxygen compounds; Organic nitrogen compounds; Chemical entities"	214.141	41	0.686	836961303667874816	836961005947769344	836961005947769344	135	NA	135
1	"C8H11ClFNO"	"[M + Na]+"	"C8H11ClFNNaO+"	"Amino acids and Peptides"	0.327	"Small peptides"	0.197	"Halogenated fatty acids"	0.132	"Benzenoids"	0.986	"Benzene and substituted derivatives"	0.982	"Halobenzenes"	0.988	"Chlorobenzenes"	0.936	"Chlorobenzenes"	0.936	"Organic compounds; Halobenzenes; Organohalogen compounds; Organonitrogen compounds; Organooxygen compounds; Aryl chlorides; Aryl fluorides; Chlorobenzenes; Fluorobenzenes; Organochlorides; Organofluorides; Benzene and substituted derivatives; Benzenoids; Aryl halides; Hydrocarbon derivatives; Organopnictogen compounds; Organic oxygen compounds; Organic nitrogen compounds; Chemical entities"	214.04	41	0.688	836961334957384320	836961007017316864	836961007017316864	152	NA	152
2	"C5H4N4O"	"[M + H]+"	"C5H5N4O+"	"Alkaloids"	0.978	"Pseudoalkaloids (transamidation)"	0.934	"Purine alkaloids"	0.978	"Organoheterocyclic compounds"	0.999	"Imidazopyrimidines"	0.871	"Purines and purine derivatives"	0.835	"Purinones"	0.794	"6-oxopurines"	0.669	"Organic compounds; Organoheterocyclic compounds; Pyrimidines and pyrimidine derivatives; Imidazoles; Purines and purine derivatives; Hypoxanthines; Organic acids and derivatives; Organonitrogen compounds; Pyrimidones; Organooxygen compounds; Azoles; Purinones; Diazines; 6-oxopurines; Imidazopyrimidines; Vinylogous amides; Organic oxides; Azacyclic compounds; Heteroaromatic compounds; Hydrocarbon derivatives; Organopnictogen compounds; Organic oxygen compounds; Organic nitrogen compounds; Chemical entities"	137.046	42	0.694	836961325193044096	836961006023266816	836961006023266816	137	NA	137
1	"C8H18N2"	"[M + H]+"	"C8H19N2+"	"Alkaloids"	0.836	"Pseudoalkaloids (transamidation)"	0.412	"Acetate-derived alkaloids"	0.779	"Organic nitrogen compounds"	1	"Organonitrogen compounds"	1	"Amines"	0.79	NA	NA	"Amines"	0.79	"Organic compounds; Organonitrogen compounds; Amines; Hydrocarbon derivatives; Organopnictogen compounds; Organic nitrogen compounds; Chemical entities"	143.154	42	0.695	836961320407342976	836961006430114304	836961006425920000	143	NA	143
1	"C10H14N2O6S"	"[M + H3N + H]+"	"C10H18N3O6S+"	"Amino acids and Peptides"	0.994	"Small peptides"	0.999	"Tripeptides"	0.998	"Organic acids and derivatives"	1	"Carboxylic acids and derivatives"	1	"Amino acids, peptides, and analogues"	1	"Peptides"	0.999	"Gamma-glutamyl peptides"	0.997	"Organic compounds; Organosulfur compounds; Lipids and lipid-like molecules; Amino acids, peptides, and analogues; Alpha amino acids and derivatives; Fatty acids and conjugates; Organic acids and derivatives; Carboxylic acids and derivatives; Organonitrogen compounds; Organooxygen compounds; Fatty amides; Dicarboxylic acids and derivatives; Amino acids and derivatives; Peptides; Monoalkylamines; Carboxylic acid amides; Carboxylic acid derivatives; N-acyl amines; N-acyl-alpha amino acids and derivatives; Carboxylic acids; Alkylthiols; Secondary carboxylic acid amides; Carbonyl compounds; Alpha amino acid amides; N-acyl-alpha amino acids; Alpha amino acids; Amines; Primary amines; Thiols; Gamma-glutamyl peptides; Fatty Acyls; Organic oxides; Hydrocarbon derivatives; Amino acids; Cysteine and derivatives; Glutamine and derivatives; Organopnictogen compounds; Organic oxygen compounds; Organic nitrogen compounds; Oligopeptides; Chemical entities"	308.091	42	0.699	836961164555380480	836961006153290240	836961006149095936	139	NA	139
1	"C8H12"	"[M + H3N + H]+"	"C8H16N+"	"Fatty acids"	0.765	"Fatty acyls"	0.789	"Hydrocarbons"	0.215	"Hydrocarbons"	0.985	"Unsaturated hydrocarbons"	0.876	"Unsaturated aliphatic hydrocarbons"	0.891	NA	NA	"Unsaturated aliphatic hydrocarbons"	0.891	"Organic compounds; Hydrocarbons; Unsaturated hydrocarbons; Unsaturated aliphatic hydrocarbons; Chemical entities"	126.128	42	0.706	836961174726568704	836961006505611776	836961006501417472	144	NA	144
1	"C8H18N2"	"[M + H3N + H]+"	"C8H22N3+"	"Alkaloids"	0.998	"Ornithine alkaloids"	0.999	"Polyamines"	1	"Organic nitrogen compounds"	1	"Organonitrogen compounds"	1	"Amines"	0.989	"Secondary amines"	0.65	"Dialkylamines"	0.64	"Organic compounds; Organonitrogen compounds; Monoalkylamines; Dialkylamines; Amines; Primary amines; Secondary amines; Hydrocarbon derivatives; Organopnictogen compounds; Organic nitrogen compounds; Chemical entities"	160.181	43	0.711	836961332990255616	836961006639829504	836961006639829504	146	NA	146
1	"C9H19O"	"[M + H3N + H]+"	"C9H23NO+"	"Terpenoids"	0.666	"Monoterpenoids"	0.279	"Menthane monoterpenoids"	0.415	"Benzenoids"	0.789	"Benzene and substituted derivatives"	0.709	"Phenylpropanes"	0.529	NA	NA	"Phenylpropanes"	0.529	"Organic compounds; Organooxygen compounds; Benzene and substituted derivatives; Benzenoids; Phenylpropanes; Hydrocarbon derivatives; Organic oxygen compounds; Chemical entities"	161.178	43	0.713	836961158083569024	836961006706938368	836961006706938368	147	NA	147
2	"C5H8O2S"	"[M + H]+"	"C5H9O2S+"	"Fatty acids"	0.992	"Fatty Acids and Conjugates"	0.915	"Thia fatty acids"	0.883	"Organic acids and derivatives"	0.813	"Carboxylic acids and derivatives"	0.802	"Carboxylic acids"	0.695	NA	NA	"Carboxylic acids"	0.695	"Organic compounds; Organosulfur compounds; Organic acids and derivatives; Carboxylic acids and derivatives; Organooxygen compounds; Monocarboxylic acids and derivatives; Carboxylic acids; Carbonyl compounds; Organic oxides; Hydrocarbon derivatives; Organic oxygen compounds; Chemical entities"	133.032	43	0.717	836961174256806656	836961006958596608	836961006954402304	151	NA	151
1	"C4H8O3Si"	"[M + H3N + H]+"	"C4H12NO3Si+"	"Fatty acids"	0.968	"Fatty Acids and Conjugates"	0.933	"Halogenated fatty acids"	0.905	"Organic acids and derivatives"	0.924	"Carboxylic acids and derivatives"	0.9	"Carboxylic acids"	0.653	NA	NA	"Carboxylic acids"	0.653	"Organic compounds; Organic acids and derivatives; Carboxylic acids and derivatives; Organohalogen compounds; Organooxygen compounds; Monocarboxylic acids and derivatives; Carboxylic acids; Carbonyl compounds; Organic oxides; Hydrocarbon derivatives; Organic oxygen compounds; Chemical entities"	150.058	43	0.718	836961305379150848	836961006895682048	836961006895682048	150	NA	150
1	"C6H16BN2O"	"[M + H3N + H]+"	"C6H20BN3O+"	"Amino acids and Peptides"	0.403	"Small peptides"	0.507	"Aminoacids"	0.308	"Organic salts"	0.987	"Organic metal salts"	0.98	"Organic metalloid salts"	0.98	NA	NA	"Organic metalloid salts"	0.98	"Organic compounds; Organic acids and derivatives; Organonitrogen compounds; Organometallic compounds; Monoalkylamines; Organometalloid compounds; Amines; Primary amines; Organoboron compounds; Organic salts; Organic metalloid salts; Organic metal salts; Hydrocarbon derivatives; Alkylboranes; Organic oxygen compounds; Organic nitrogen compounds; Chemical entities"	160.173	44	0.728	836961153729881216	836961007268975104	836961007268975104	156	NA	156
2	"C5H6N4O3"	"[M - H2O + H]+"	"C5H5N4O2+"	"Alkaloids"	0.995	"Pseudoalkaloids (transamidation)"	0.999	"Purine alkaloids"	1	"Organoheterocyclic compounds"	0.998	"Imidazopyrimidines"	0.985	"Purines and purine derivatives"	0.982	"Xanthines"	0.985	"Xanthines"	0.985	"Organic compounds; Organoheterocyclic compounds; Pyrimidines and pyrimidine derivatives; Imidazoles; Lactams; Purines and purine derivatives; Xanthines; Organic acids and derivatives; Organonitrogen compounds; Alkaloids and derivatives; Pyrimidones; Organooxygen compounds; Organic carbonic acids and derivatives; Azoles; Ureas; Purinones; Diazines; 6-oxopurines; Imidazopyrimidines; Substituted imidazoles; Vinylogous amides; Organic oxides; Azacyclic compounds; Heteroaromatic compounds; Hydrocarbon derivatives; Organopnictogen compounds; Organic oxygen compounds; Organic nitrogen compounds; Chemical entities"	153.041	44	0.73	836961172499393024	836961007206060544	836961007206060544	155	NA	155
1	"C9H20N2"	"[M + H3N + H]+"	"C9H24N3+"	"Alkaloids"	0.598	"Pseudoalkaloids (transamidation)"	0.601	"Acetate-derived alkaloids"	0.817	"Organic nitrogen compounds"	0.999	"Organonitrogen compounds"	0.999	"Amines"	0.509	NA	NA	"Amines"	0.509	"Organic compounds; Organonitrogen compounds; Amines; Hydrocarbon derivatives; Organopnictogen compounds; Organic nitrogen compounds; Chemical entities"	174.197	44	0.733	836961172671359488	836961007398998528	836961007398998528	158	NA	158
3	"C5H12BNO4S"	"[M + H]+"	"C5H13BNO4S+"	"Amino acids and Peptides"	0.998	"Small peptides"	0.999	"Aminoacids"	0.999	"Organic acids and derivatives"	0.999	"Carboxylic acids and derivatives"	0.989	"Amino acids, peptides, and analogues"	0.99	"Amino acids and derivatives"	0.99	"L-alpha-amino acids"	0.51	"Organic compounds; Organosulfur compounds; Amino acids, peptides, and analogues; Alpha amino acids and derivatives; Organic acids and derivatives; Carboxylic acids and derivatives; Organonitrogen compounds; Organooxygen compounds; Amino acids and derivatives; Boronic acids; Organometallic compounds; Monoalkylamines; Boronic acid derivatives; Monocarboxylic acids and derivatives; Carboxylic acids; Organometalloid compounds; Carbonyl compounds; Alpha amino acids; Amines; Primary amines; Organoboron compounds; Sulfenyl compounds; Organic salts; Organic oxides; Organic metalloid salts; Organic metal salts; L-alpha-amino acids; Hydrocarbon derivatives; Amino acids; Cysteine and derivatives; L-cysteine-S-conjugates; Organopnictogen compounds; Alkylboranes; Organic oxygen compounds; Organic nitrogen compounds; Chemical entities"	193.068	45	0.754	836961304414460928	836961007080231424	836961007076037120	153	NA	153
2	"C5H14BNO5S"	"[M - H2O + H]+"	"C5H13BNO4S+"	"Amino acids and Peptides"	0.986	"Small peptides"	0.987	"Aminoacids"	0.994	"Organic acids and derivatives"	0.969	"Carboxylic acids and derivatives"	0.57	"Amino acids, peptides, and analogues"	0.721	"Amino acids and derivatives"	0.722	"L-cysteine-S-conjugates"	0.518	"Organic compounds; Organosulfur compounds; Amino acids, peptides, and analogues; Alpha amino acids and derivatives; Organic acids and derivatives; Carboxylic acids and derivatives; Organonitrogen compounds; Organooxygen compounds; Amino acids and derivatives; Organometallic compounds; Monoalkylamines; Monocarboxylic acids and derivatives; Carboxylic acids; Organometalloid compounds; Alpha amino acids; Amines; Primary amines; Organoboron compounds; Sulfenyl compounds; Organic salts; Organic oxides; Organic metalloid salts; Organic metal salts; Hydrocarbon derivatives; Amino acids; L-cysteine-S-conjugates; Organopnictogen compounds; Organic oxygen compounds; Organic nitrogen compounds; Chemical entities"	193.068	52	0.868	836961322001178496	836961007524827776	836961007520633472	160	NA	160
1	"C9H8O3"	"[M + H3N + H]+"	"C9H12NO3+"	"Shikimates and Phenylpropanoids"	0.98	"Phenylpropanoids (C6-C3)"	0.994	"Cinnamic acids and derivatives"	0.996	"Phenylpropanoids and polyketides"	0.918	"Cinnamic acids and derivatives"	0.882	"Hydroxycinnamic acids and derivatives"	0.882	"Coumaric acids and derivatives"	0.89	"Coumaric acids"	0.863	"Organic compounds; Styrenes; Coumaric acids and derivatives; Phenols; Phenylpropanoids and polyketides; Organic acids and derivatives; Carboxylic acids and derivatives; Organooxygen compounds; Cinnamic acids and derivatives; Monocarboxylic acids and derivatives; Carboxylic acids; Hydroxycinnamic acids and derivatives; Carbonyl compounds; Benzene and substituted derivatives; Benzenoids; Hydroxycinnamic acids; Cinnamic acids; Coumaric acids; Organic oxides; Hydrocarbon derivatives; Organic oxygen compounds; 1-hydroxy-2-unsubstituted benzenoids; Chemical entities"	182.081	53	0.883	836961295841303040	836961007591936640	836961007587742336	161	NA	161
2	"C12H18N2O4"	"[M + H3N + H]+"	"C12H22N3O4+"	"Amino acids and Peptides"	0.291	"Small peptides"	0.195	"Pyridine alkaloids"	0.051	"Organic acids and derivatives"	0.906	"Carboxylic acids and derivatives"	0.761	"Carboxylic acid derivatives"	0.729	"Carboxylic acid amides"	0.685	"Carboxylic acid amides"	0.685	"Organic compounds; Organoheterocyclic compounds; Ethers; Organic acids and derivatives; Carboxylic acids and derivatives; Organonitrogen compounds; Organooxygen compounds; Carboxylic acid amides; Carboxylic acid derivatives; Carbonyl compounds; Organic oxides; Hydrocarbon derivatives; Organopnictogen compounds; Organic oxygen compounds; Organic nitrogen compounds; Chemical entities"	272.16	58	0.967	836961153721492480	836961007776486016	836961007776486016	164	NA	164
1	"C7H9ClO3"	"[M + Na]+"	"C7H9ClNaO3+"	"Polyketides"	0.88	"Cyclic polyketides"	0.277	"2-pyrone derivatives"	0.146	"Organohalogen compounds"	0.999	"Aryl halides"	0.68	"Aryl chlorides"	0.684	NA	NA	"Aryl chlorides"	0.684	"Organic compounds; Organohalogen compounds; Organooxygen compounds; Aryl chlorides; Organochlorides; Carbonyl compounds; Aryl halides; Organic oxides; Hydrocarbon derivatives; Organic oxygen compounds; Chemical entities"	199.013	59	0.977	836961323909586944	836961007835206272	836961007835206272	165	NA	165
1	"C14H28O6"	"[M + H3N + H]+"	"C14H32NO6+"	"Fatty acids"	0.872	"Fatty Acids and Conjugates"	0.517	"Dicarboxylic acids"	0.421	"Lipids and lipid-like molecules"	0.827	"Fatty Acyls"	0.746	NA	NA	NA	NA	"Fatty Acyls"	0.746	"Organic compounds; Lipids and lipid-like molecules; Alcohols and polyols; Primary alcohols; Organooxygen compounds; Secondary alcohols; Fatty Acyls; Hydrocarbon derivatives; Organic oxygen compounds; Chemical entities"	310.222	59	0.979	836961300882856832	836961007877149312	836961007877149312	166	NA	166
1	"C5H7N5O"	"[M - H2O + H]+"	"C5H6N5+"	"Alkaloids"	0.919	"Pseudoalkaloids (transamidation)"	0.884	"Purine alkaloids"	0.925	"Organoheterocyclic compounds"	0.999	"Imidazopyrimidines"	0.937	"Purines and purine derivatives"	0.912	"6-aminopurines"	0.864	"6-aminopurines"	0.864	"Organic compounds; Organoheterocyclic compounds; Pyrimidines and pyrimidine derivatives; Imidazoles; Purines and purine derivatives; Organonitrogen compounds; Organooxygen compounds; Azoles; Aminopyrimidines and derivatives; Diazines; Imidazopyrimidines; Amines; Primary amines; 6-aminopurines; Imidolactams; Azacyclic compounds; Heteroaromatic compounds; Hydrocarbon derivatives; Organopnictogen compounds; Organic oxygen compounds; Organic nitrogen compounds; Chemical entities"	136.062	59	0.99	836961310055800064	836961007910703744	836961007910703744	167	NA	167
2	"C10H13N5O4"	"[M + H]+"	"C10H14N5O4+"	"Carbohydrates"	1	"Nucleosides"	1	"Purine nucleosides"	0.999	"Nucleosides, nucleotides, and analogues"	0.995	"Purine nucleosides"	0.98	NA	NA	NA	NA	"Purine nucleosides"	0.98	"Organic compounds; Organoheterocyclic compounds; Carbohydrates and carbohydrate conjugates; Pyrimidines and pyrimidine derivatives; Imidazoles; Alcohols and polyols; Purines and purine derivatives; Organonitrogen compounds; Primary alcohols; Nucleosides, nucleotides, and analogues; Organooxygen compounds; Azoles; Purine nucleosides; Aminopyrimidines and derivatives; Diazines; Pentoses; Monosaccharides; Secondary alcohols; Imidazopyrimidines; Glycosyl compounds; Glycosylamines; Substituted imidazoles; N-substituted imidazoles; Amines; Primary amines; Tetrahydrofurans; 6-aminopurines; Imidolactams; Azacyclic compounds; Oxacyclic compounds; Heteroaromatic compounds; Hydrocarbon derivatives; Organopnictogen compounds; Organic oxygen compounds; Organic nitrogen compounds; Chemical entities"	268.104	60	1.006	836961216099187328	836961007948452480	836961007948452480	168	NA	168
3	"C5H4N6O"	"[M + H3N + H]+"	"C5H8N7O+"	"Alkaloids"	0.965	"Pseudoalkaloids (transamidation)"	0.941	"Purine alkaloids"	0.983	"Organoheterocyclic compounds"	1	"Imidazopyrimidines"	0.773	"Purines and purine derivatives"	0.747	"Purinones"	0.657	"Hypoxanthines"	0.709	"Organic compounds; Organoheterocyclic compounds; Pyrimidines and pyrimidine derivatives; Imidazoles; Purines and purine derivatives; Hypoxanthines; Organic acids and derivatives; Organonitrogen compounds; Pyrimidones; Organooxygen compounds; Azoles; Purinones; Diazines; Imidazopyrimidines; Vinylogous amides; Organic oxides; Azacyclic compounds; Heteroaromatic compounds; Hydrocarbon derivatives; Organopnictogen compounds; Organic oxygen compounds; Organic nitrogen compounds; Chemical entities"	182.079	62	1.035	836961315319651840	836961008023949952	836961008019755648	170	NA	170
2	"C7H13NO3"	"[M - H2O + H]+"	"C7H12NO2+"	"Amino acids and Peptides"	0.996	"Small peptides"	0.996	"Aminoacids"	0.995	"Organic acids and derivatives"	0.999	"Carboxylic acids and derivatives"	0.999	"Amino acids, peptides, and analogues"	0.956	"Amino acids and derivatives"	0.955	"Alpha amino acids and derivatives"	0.526	"Organic compounds; Lipids and lipid-like molecules; Amino acids, peptides, and analogues; Alpha amino acids and derivatives; Fatty acids and conjugates; Organic acids and derivatives; Carboxylic acids and derivatives; Organonitrogen compounds; Organooxygen compounds; Branched fatty acids; Amino acids and derivatives; Monoalkylamines; Amino fatty acids; Monocarboxylic acids and derivatives; Carboxylic acids; Carbonyl compounds; Amines; Primary amines; Methyl-branched fatty acids; Fatty Acyls; Organic oxides; Hydrocarbon derivatives; Amino acids; Organopnictogen compounds; Organic oxygen compounds; Organic nitrogen compounds; Chemical entities"	142.086	63	1.047	836961322827456512	836961007986201216	836961007986201216	169	NA	169
1	"C7H16S"	"[M + H]+"	"C7H17S+"	"Fatty acids"	0.978	"Fatty acyls"	0.969	"Thia fatty acids"	0.223	"Organosulfur compounds"	0.994	"Thioethers"	0.74	"Dialkylthioethers"	0.761	NA	NA	"Dialkylthioethers"	0.761	"Organic compounds; Organosulfur compounds; Thioethers; Sulfenyl compounds; Dialkylthioethers; Hydrocarbon derivatives; Chemical entities"	133.105	64	1.069	836961171245296000	836961008133001856	836961008133001856	173	NA	173
1	"C9H19O"	"[M + H3N + H]+"	"C9H23NO+"	"Terpenoids"	0.623	"Monoterpenoids"	0.579	"Menthane monoterpenoids"	0.363	"Organic oxygen compounds"	0.983	"Organooxygen compounds"	0.968	"Carbonyl compounds"	0.584	NA	NA	"Carbonyl compounds"	0.584	"Organic compounds; Organooxygen compounds; Carbonyl compounds; Organic oxides; Hydrocarbon derivatives; Organic oxygen compounds; Chemical entities"	161.178	67	1.119	836961290640365952	836961008275608192	836961008275608192	177	NA	177
1	"C5H2N4O"	"[M + H3N + H]+"	"C5H6N5O+"	"Alkaloids"	0.989	"Pseudoalkaloids (transamidation)"	0.946	"Purine alkaloids"	0.982	"Organoheterocyclic compounds"	0.999	"Imidazopyrimidines"	0.8	"Purines and purine derivatives"	0.686	"Purinones"	0.503	"Purinones"	0.503	"Organic compounds; Organoheterocyclic compounds; Pyrimidines and pyrimidine derivatives; Imidazoles; Purines and purine derivatives; Organic acids and derivatives; Organonitrogen compounds; Pyrimidones; Organooxygen compounds; Azoles; Purinones; Diazines; Imidazopyrimidines; Organic oxides; Azacyclic compounds; Heteroaromatic compounds; Hydrocarbon derivatives; Organopnictogen compounds; Organic oxygen compounds; Organic nitrogen compounds; Chemical entities"	152.057	71	1.18	836961176957938688	836961008242053760	836961008242053760	176	NA	176
1	"C9H19ClN4O"	"[M + Na]+"	"C9H19ClN4NaO+"	"Alkaloids"	0.47	"Small peptides"	0.307	"Polyamines"	0.119	"Organic oxygen compounds"	0.932	"Organooxygen compounds"	0.531	"Carbonyl compounds"	0.579	NA	NA	"Carbonyl compounds"	0.579	"Organic compounds; Organohalogen compounds; Organonitrogen compounds; Organooxygen compounds; Organochlorides; Carbonyl compounds; Organic oxides; Hydrocarbon derivatives; Organopnictogen compounds; Organic oxygen compounds; Organic nitrogen compounds; Chemical entities"	257.113	73	1.219	836961186248322816	836961008313356928	836961008313356928	178	NA	178
9	"C14H21N5O4"	"[M + H3N + H]+"	"C14H25N6O4+"	"Carbohydrates"	0.943	"Nucleosides"	0.951	"Purine nucleosides"	0.883	"Organic oxygen compounds"	1	"Organooxygen compounds"	0.991	"Carbohydrates and carbohydrate conjugates"	0.449	"Glycosyl compounds"	0.564	"Glycosylamines"	0.677	"Organic compounds; Organoheterocyclic compounds; Pyrimidines and pyrimidine derivatives; Imidazoles; Alcohols and polyols; Purines and purine derivatives; Organic acids and derivatives; Organonitrogen compounds; Nucleosides, nucleotides, and analogues; Organooxygen compounds; Azoles; Purinones; Diazines; 6-oxopurines; Secondary alcohols; Imidazopyrimidines; Glycosyl compounds; Glycosylamines; Substituted imidazoles; N-substituted imidazoles; Amines; Primary amines; Vinylogous amides; Organic oxides; Azacyclic compounds; Oxacyclic compounds; Heteroaromatic compounds; Hydrocarbon derivatives; Organopnictogen compounds; Organic oxygen compounds; Organic nitrogen compounds; Chemical entities"	341.193	74	1.227	836961326757519616	836961008346911360	836961008346911360	179	NA	179
2	"C5H4N4O"	"[M + H]+"	"C5H5N4O+"	"Alkaloids"	0.98	"Pseudoalkaloids (transamidation)"	0.933	"Purine alkaloids"	0.977	"Organoheterocyclic compounds"	0.999	"Imidazopyrimidines"	0.841	"Purines and purine derivatives"	0.8	"Purinones"	0.762	"6-oxopurines"	0.633	"Organic compounds; Organoheterocyclic compounds; Pyrimidines and pyrimidine derivatives; Imidazoles; Purines and purine derivatives; Hypoxanthines; Organic acids and derivatives; Organonitrogen compounds; Pyrimidones; Organooxygen compounds; Azoles; Purinones; Diazines; 6-oxopurines; Imidazopyrimidines; Vinylogous amides; Organic oxides; Azacyclic compounds; Heteroaromatic compounds; Hydrocarbon derivatives; Organopnictogen compounds; Organic oxygen compounds; Organic nitrogen compounds; Chemical entities"	137.046	74	1.235	836961152320594944	836961008388854400	836961008388854400	180	NA	180
1	"C8H10O3"	"[M + H3N + H]+"	"C8H14NO3+"	"Terpenoids"	0.508	"Monoterpenoids"	0.519	"Iridoids monoterpenoids"	0.147	"Organic acids and derivatives"	0.652	"Carboxylic acids and derivatives"	0.634	"Monocarboxylic acids and derivatives"	0.566	NA	NA	"Monocarboxylic acids and derivatives"	0.566	"Organic compounds; Organic acids and derivatives; Carboxylic acids and derivatives; Organooxygen compounds; Monocarboxylic acids and derivatives; Carbonyl compounds; Organic oxides; Hydrocarbon derivatives; Organic oxygen compounds; Chemical entities"	172.097	77	1.287	836961167394924672	836961008426603136	836961008426603136	181	NA	181
1	"C7H13NO3"	"[M + Na]+"	"C7H13NNaO3+"	"Amino acids and Peptides"	0.784	"Small peptides"	0.548	"Aminoacids"	0.562	"Organic acids and derivatives"	0.911	"Carboxylic acids and derivatives"	0.902	"Amino acids, peptides, and analogues"	0.556	"Amino acids and derivatives"	0.556	"Amino acids"	0.505	"Organic compounds; Amino acids, peptides, and analogues; Alcohols and polyols; Organic acids and derivatives; Carboxylic acids and derivatives; Organonitrogen compounds; Organooxygen compounds; Amino acids and derivatives; Monocarboxylic acids and derivatives; Carboxylic acids; Carbonyl compounds; Amines; Organic oxides; Hydrocarbon derivatives; Amino acids; Organopnictogen compounds; Organic oxygen compounds; Organic nitrogen compounds; Chemical entities"	182.079	78	1.294	836961149107757824	836961008502100608	836961008502100608	183	NA	183
1	"C7H8O2"	"[M + H3N + H]+"	"C7H12NO2+"	"Fatty acids"	0.864	"Fatty Acids and Conjugates"	0.369	"Unsaturated fatty acids"	0.447	"Organic oxygen compounds"	0.997	"Organooxygen compounds"	0.992	"Carbonyl compounds"	0.726	NA	NA	"Carbonyl compounds"	0.726	"Organic compounds; Organooxygen compounds; Carbonyl compounds; Organic oxides; Hydrocarbon derivatives; Organic oxygen compounds; Chemical entities"	142.086	78	1.294	836961166170187648	836961008464351872	836961008464351872	182	NA	182
1	"C6H14O4"	"[M + H]+"	"C6H15O4+"	"Fatty acids"	0.783	"Fatty acyls"	0.575	"Fatty alcohols"	0.522	"Organic oxygen compounds"	1	"Organooxygen compounds"	1	"Ethers"	0.986	"Dialkyl ethers"	0.988	"Polyethylene glycols"	0.964	"Organic compounds; Alcohols and polyols; Ethers; Primary alcohols; Organooxygen compounds; Dialkyl ethers; Polyethylene glycols; Hydrocarbon derivatives; Organic oxygen compounds; Chemical entities"	151.097	79	1.32	836961167042603008	836961008577598080	836961008573403776	185	NA	185
4	"C8H15NO3"	"[M + Na]+"	"C8H15NNaO3+"	"Amino acids and Peptides"	0.397	"Small peptides"	0.512	"Aminoacids"	0.539	"Organic acids and derivatives"	0.755	"Carboxylic acids and derivatives"	0.761	"Amino acids, peptides, and analogues"	0.519	"Amino acids and derivatives"	0.52	"Amino acids"	0.583	"Organic compounds; Organoheterocyclic compounds; Amino acids, peptides, and analogues; Alcohols and polyols; Piperidines; Organic acids and derivatives; Carboxylic acids and derivatives; Organonitrogen compounds; Organooxygen compounds; Amino acids and derivatives; Monocarboxylic acids and derivatives; Carboxylic acids; Secondary alcohols; Carbonyl compounds; 1,2-aminoalcohols; Trialkylamines; Amines; Tertiary amines; Alkanolamines; Organic oxides; Azacyclic compounds; Hydrocarbon derivatives; Amino acids; Organopnictogen compounds; Organic oxygen compounds; Organic nitrogen compounds; Chemical entities"	196.095	84	1.397	836961176022608768	836961008615346816	836961008615346816	186	NA	186
1	"C8H10O2"	"[M + H3N + H]+"	"C8H14NO2+"	"Fatty acids"	0.899	"Fatty acyls"	0.545	"Fatty aldehydes"	0.583	"Organic oxygen compounds"	1	"Organooxygen compounds"	1	"Carbonyl compounds"	0.986	"Ketones"	0.934	"Cyclic ketones"	0.793	"Organic compounds; Ketones; Organooxygen compounds; Carbonyl compounds; Cyclic ketones; Organic oxides; Hydrocarbon derivatives; Organic oxygen compounds; Chemical entities"	156.102	84	1.398	836961290493565312	836961008690844288	836961008690844288	188	NA	188
2	"C10H22N2O3"	"[M + H]+"	"C10H23N2O3+"	"Amino acids and Peptides"	0.69	"Small peptides"	0.872	"Dipeptides"	0.374	"Organic acids and derivatives"	0.996	"Carboxylic acids and derivatives"	0.993	"Amino acids, peptides, and analogues"	0.869	"Amino acids and derivatives"	0.863	"Alpha amino acids and derivatives"	0.747	"Organic compounds; Lipids and lipid-like molecules; Amino acids, peptides, and analogues; Alpha amino acids and derivatives; Alcohols and polyols; Fatty acids and conjugates; Organic acids and derivatives; Carboxylic acids and derivatives; Organonitrogen compounds; Organooxygen compounds; Branched fatty acids; Amino acids and derivatives; Carboxylic acid amides; Amino fatty acids; Carboxylic acid derivatives; N-acyl amines; Monocarboxylic acids and derivatives; Carboxylic acids; Secondary carboxylic acid amides; Carbonyl compounds; Amines; Fatty Acyls; Organic oxides; Hydrocarbon derivatives; Organopnictogen compounds; Organic oxygen compounds; Organic nitrogen compounds; Chemical entities"	219.17	84	1.403	836961158771434880	836961008653095552	836961008653095552	187	NA	187
1	"C14H31NO6"	"[M - H2O + H]+"	"C14H30NO5+"	"Fatty acids"	0.843	"Fatty amides"	0.377	"N-acyl amines"	0.69	"Lipids and lipid-like molecules"	0.711	"Fatty Acyls"	0.735	NA	NA	NA	NA	"Fatty Acyls"	0.735	"Organic compounds; Lipids and lipid-like molecules; Alcohols and polyols; Organic acids and derivatives; Carboxylic acids and derivatives; Organonitrogen compounds; Primary alcohols; Organooxygen compounds; Carboxylic acid amides; Carboxylic acid derivatives; Secondary alcohols; Carbonyl compounds; Fatty Acyls; Organic oxides; Hydrocarbon derivatives; Organopnictogen compounds; Organic oxygen compounds; Organic nitrogen compounds; Chemical entities"	292.212	84	1.407	836961173669603968	836961008724398720	836961008724398720	189	NA	189
2	"C10H13N5O4"	"[M - H2O + H]+"	"C10H12N5O3+"	"Carbohydrates"	1	"Nucleosides"	1	"Purine nucleosides"	0.999	"Nucleosides, nucleotides, and analogues"	0.983	"Purine nucleosides"	0.962	NA	NA	NA	NA	"Purine nucleosides"	0.962	"Organic compounds; Organoheterocyclic compounds; Carbohydrates and carbohydrate conjugates; Pyrimidines and pyrimidine derivatives; Imidazoles; Alcohols and polyols; Purines and purine derivatives; Organonitrogen compounds; Primary alcohols; Nucleosides, nucleotides, and analogues; Organooxygen compounds; Azoles; Purine nucleosides; Aminopyrimidines and derivatives; Diazines; Pentoses; Monosaccharides; Secondary alcohols; Imidazopyrimidines; Glycosyl compounds; Glycosylamines; Substituted imidazoles; N-substituted imidazoles; Amines; Primary amines; Tetrahydrofurans; 6-aminopurines; Imidolactams; Azacyclic compounds; Oxacyclic compounds; Heteroaromatic compounds; Hydrocarbon derivatives; Organopnictogen compounds; Organic oxygen compounds; Organic nitrogen compounds; Chemical entities"	250.093	90	1.5	836961165629122432	836961008766341760	836961008766341760	190	NA	190
1	"C5H3NO2"	"[M + H3N + H]+"	"C5H7N2O2+"	"Alkaloids"	0.979	"Nicotinic acid alkaloids"	0.966	"Pyridine alkaloids"	0.966	"Organoheterocyclic compounds"	0.988	"Pyridines and derivatives"	0.863	"Hydropyridines"	0.668	"Pyridinones"	0.617	"Pyridinones"	0.617	"Organic compounds; Organoheterocyclic compounds; Pyridines and derivatives; Lactams; Organonitrogen compounds; Organooxygen compounds; Dihydropyridines; Pyridinones; Hydropyridines; Organic oxides; Azacyclic compounds; Heteroaromatic compounds; Hydrocarbon derivatives; Organopnictogen compounds; Organic oxygen compounds; Organic nitrogen compounds; Chemical entities"	127.05	91	1.514	836961199456187264	836961008799896192	836961008799896192	191	NA	191
3	"C13H21NO7"	"[M + H3N + H]+"	"C13H25N2O7+"	"Amino acids and Peptides"	0.713	"Amino acid glycosides"	0.385	"Cyanogenic glycosides"	0.551	"Benzenoids"	0.565	"Benzene and substituted derivatives"	0.622	NA	NA	NA	NA	"Benzene and substituted derivatives"	0.622	"Organic compounds; Alcohols and polyols; Ethers; Organic acids and derivatives; Carboxylic acids and derivatives; Organonitrogen compounds; Organooxygen compounds; Carboxylic acid derivatives; Secondary alcohols; Carbonyl compounds; Benzene and substituted derivatives; Polyols; Benzenoids; Organic oxides; Oxacyclic compounds; Hydrocarbon derivatives; Organopnictogen compounds; Organic oxygen compounds; Organic nitrogen compounds; Chemical entities"	321.165	92	1.525	836961184184724992	836961008980251392	836961008980251392	196	NA	196
2	"C11H12BNO5S"	"[M + H3N + H]+"	"C11H16BN2O5S+"	"Amino acids and Peptides"	0.409	"Small peptides"	0.196	"Pinane monoterpenoids"	0.172	"Organic acids and derivatives"	0.921	"Boronic acid derivatives"	0.781	"Boronic acids"	0.717	NA	NA	"Boronic acids"	0.717	"Organic compounds; Organoheterocyclic compounds; Organosulfur compounds; Organic acids and derivatives; Organonitrogen compounds; Organooxygen compounds; Boronic acids; Organometallic compounds; Boronic acid derivatives; Carboxylic acids; Organometalloid compounds; Organoboron compounds; Organic salts; Organic oxides; Organic metalloid salts; Organic metal salts; Hydrocarbon derivatives; Organic oxygen compounds; Organic nitrogen compounds; Chemical entities"	298.09	92	1.53	836961197539390080	836961008946696960	836961008946696960	195	NA	195
3	"C9H11NO2"	"[M + H]+"	"C9H12NO2+"	"Amino acids and Peptides"	1	"Small peptides"	1	"Aminoacids"	1	"Organic acids and derivatives"	1	"Carboxylic acids and derivatives"	0.999	"Amino acids, peptides, and analogues"	0.995	"Amino acids and derivatives"	0.995	"Phenylalanine and derivatives"	0.894	"Organic compounds; Amino acids, peptides, and analogues; Alpha amino acids and derivatives; Phenethylamines; Amphetamines and derivatives; Phenylpropanoids and polyketides; Organic acids and derivatives; Carboxylic acids and derivatives; Organonitrogen compounds; Organooxygen compounds; Amino acids and derivatives; Monoalkylamines; Monocarboxylic acids and derivatives; Carboxylic acids; Carbonyl compounds; Benzene and substituted derivatives; Alpha amino acids; Benzenoids; Amines; Primary amines; Phenylpropanoic acids; Aralkylamines; Organic oxides; Hydrocarbon derivatives; Amino acids; Phenylalanine and derivatives; Organopnictogen compounds; Organic oxygen compounds; Organic nitrogen compounds; Chemical entities"	166.086	92	1.53	836961334382764672	836961008837645056	836961008837645056	192	NA	192
2	"C8H6"	"[M + H3N + H]+"	"C8H10N+"	"Shikimates and Phenylpropanoids"	0.426	"Phenylpropanoids (C6-C3)"	0.586	"Cinnamic acids and derivatives"	0.519	"Benzenoids"	0.957	"Benzene and substituted derivatives"	0.691	NA	NA	NA	NA	"Benzene and substituted derivatives"	0.691	"Organic compounds; Allenes; Benzene and substituted derivatives; Benzenoids; Hydrocarbons; Olefins; Unsaturated hydrocarbons; Aromatic hydrocarbons; Chemical entities"	120.081	92	1.53	836961310429093120	836961008875393792	836961008875393792	193	NA	193
1	"C11H14O7"	"[M + H3N + H]+"	"C11H18NO7+"	"Carbohydrates"	0.596	"Phloroglucinols"	0.337	"Acyl phloroglucinols"	0.543	"Organic oxygen compounds"	1	"Organooxygen compounds"	1	"Carbohydrates and carbohydrate conjugates"	0.96	"Monosaccharides"	0.931	"Hexoses"	0.717	"Organic compounds; Organoheterocyclic compounds; Carbohydrates and carbohydrate conjugates; Alcohols and polyols; Ethers; Organic acids and derivatives; Primary alcohols; Organooxygen compounds; Hexoses; Monosaccharides; Acetals; Secondary alcohols; Carbonyl compounds; Oxanes; Glycosyl compounds; O-glycosyl compounds; Polyols; Organic oxides; Oxacyclic compounds; Hydrocarbon derivatives; Organic oxygen compounds; Chemical entities"	276.108	92	1.531	836961155818644736	836961008913142528	836961008913142528	194	NA	194
1	"C8H10O2"	"[M + H3N + H]+"	"C8H14NO2+"	"Terpenoids"	0.537	"Cyclic polyketides"	0.306	"Fatty aldehydes"	0.135	"Organic oxygen compounds"	0.999	"Organooxygen compounds"	0.999	"Carbonyl compounds"	0.853	"Ketones"	0.52	"Ketones"	0.52	"Organic compounds; Ketones; Organooxygen compounds; Carbonyl compounds; Organic oxides; Hydrocarbon derivatives; Organic oxygen compounds; Chemical entities"	156.102	92	1.536	836961151024554880	8.36961009018e+17	8.36961009018e+17	197	NA	197
1	"C12H18N2O4S"	"[M + H3N + H]+"	"C12H22N3O4S+"	"Amino acids and Peptides"	0.876	"Small peptides"	0.504	"Aminoacids"	0.399	"Organic acids and derivatives"	0.92	"Carboxylic acids and derivatives"	0.653	"Amino acids, peptides, and analogues"	0.501	"Amino acids and derivatives"	0.498	"Amino acids"	0.538	"Organic compounds; Organosulfur compounds; Amino acids, peptides, and analogues; Fatty acids and conjugates; Organic acids and derivatives; Carboxylic acids and derivatives; Organonitrogen compounds; Organooxygen compounds; Monocarboxylic acids and derivatives; Carboxylic acids; Carbonyl compounds; Organic oxides; Hydrocarbon derivatives; Amino acids; Organopnictogen compounds; Organic oxygen compounds; Organic nitrogen compounds; Chemical entities"	304.132	92	1.539	836961162793772672	836961009051554560	836961009051554560	198	NA	198
1	"C13H24O4"	"[M + H3N + H]+"	"C13H28NO4+"	"Fatty acids"	0.493	"Sesquiterpenoids"	0.123	"Macrolide lactones"	0.142	"Lipids and lipid-like molecules"	0.581	"Fatty Acyls"	0.501	NA	NA	NA	NA	"Fatty Acyls"	0.501	"Organic compounds; Lipids and lipid-like molecules; Alcohols and polyols; Organic acids and derivatives; Carboxylic acids and derivatives; Organooxygen compounds; Carboxylic acid derivatives; Monocarboxylic acids and derivatives; Carboxylic acid esters; Secondary alcohols; Carbonyl compounds; Fatty Acyls; Organic oxides; Hydrocarbon derivatives; Organic oxygen compounds; Chemical entities"	262.201	93	1.547	836961336052097792	836961009085108992	836961009085108992	199	NA	199
1	"C14H24N2O6"	"[M - H2O + H]+"	"C14H23N2O5+"	"Amino acids and Peptides"	0.951	"Small peptides"	0.941	"Dipeptides"	0.825	"Organic acids and derivatives"	0.999	"Carboxylic acids and derivatives"	0.999	"Amino acids, peptides, and analogues"	0.984	"Peptides"	0.793	"Peptides"	0.793	"Organic compounds; Lipids and lipid-like molecules; Amino acids, peptides, and analogues; Alpha amino acids and derivatives; Alcohols and polyols; Fatty acids and conjugates; Organic acids and derivatives; Carboxylic acids and derivatives; Organonitrogen compounds; Organooxygen compounds; Fatty amides; Dicarboxylic acids and derivatives; Amino acids and derivatives; Peptides; Monoalkylamines; Hydroxy acids and derivatives; Carboxylic acid amides; Carboxylic acid derivatives; N-acyl amines; N-acyl-alpha amino acids and derivatives; Carboxylic acids; Secondary carboxylic acid amides; Carbonyl compounds; Alpha amino acid amides; N-acyl-alpha amino acids; Alpha amino acids; Amines; Primary amines; Fatty Acyls; Organic oxides; Hydrocarbon derivatives; Amino acids; Organopnictogen compounds; Organic oxygen compounds; Organic nitrogen compounds; Chemical entities"	299.16	94	1.559	836961160788895232	836961009118663424	836961009118663424	200	NA	200
1	"C13H20N2O4"	"[M + H3N + H]+"	"C13H24N3O4+"	"Amino acids and Peptides"	0.62	"Small peptides"	0.398	"Dipeptides"	0.425	"Lipids and lipid-like molecules"	0.568	"Fatty Acyls"	0.575	NA	NA	NA	NA	"Fatty Acyls"	0.575	"Organic compounds; Lipids and lipid-like molecules; Organic acids and derivatives; Carboxylic acids and derivatives; Organonitrogen compounds; Organooxygen compounds; Carboxylic acid amides; Carboxylic acid derivatives; Monocarboxylic acids and derivatives; Carboxylic acids; Secondary carboxylic acid amides; Carbonyl compounds; Fatty Acyls; Organic oxides; Hydrocarbon derivatives; Organopnictogen compounds; Organic oxygen compounds; Organic nitrogen compounds; Chemical entities"	286.176	97	1.612	836961223388888448	836961009194160896	836961009189966592	202	NA	202
2	"C19H32N2O13"	"[M - H2O + H]+"	"C19H31N2O12+"	"Carbohydrates"	1	"Aminosugars and aminoglycosides"	0.861	"Aminosugars"	0.836	"Organic oxygen compounds"	1	"Organooxygen compounds"	1	"Carbohydrates and carbohydrate conjugates"	0.999	"Aminosaccharides"	0.998	"Acylaminosugars"	0.631	"Organic compounds; Organoheterocyclic compounds; Carbohydrates and carbohydrate conjugates; Alcohols and polyols; Acylaminosugars; Ethers; Organic acids and derivatives; Carboxylic acids and derivatives; Organonitrogen compounds; Primary alcohols; Organooxygen compounds; Carboxylic acid amides; Hemiacetals; Carboxylic acid derivatives; Amino sugars; Acetals; Secondary alcohols; Secondary carboxylic acid amides; Carbonyl compounds; Oxanes; Glycosyl compounds; O-glycosyl compounds; N-acyl-alpha-hexosamines; Polyols; Aminosaccharides; Acetamides; Organic oxides; Oxacyclic compounds; Hydrocarbon derivatives; Organopnictogen compounds; Organic oxygen compounds; Organic nitrogen compounds; Chemical entities"	479.187	97	1.616	836961193550606464	836961009156412160	836961009156412160	201	NA	201
1	"C10H12O3"	"[M + H3N + H]+"	"C10H16NO3+"	"Fatty acids"	0.899	"Fatty Acids and Conjugates"	0.433	"Unsaturated fatty acids"	0.181	"Organic acids and derivatives"	0.856	"Carboxylic acids and derivatives"	0.855	"Carboxylic acids"	0.76	NA	NA	"Carboxylic acids"	0.76	"Organic compounds; Organic acids and derivatives; Carboxylic acids and derivatives; Organooxygen compounds; Monocarboxylic acids and derivatives; Carboxylic acids; Carbonyl compounds; Organic oxides; Hydrocarbon derivatives; Organic oxygen compounds; Chemical entities"	198.113	97	1.619	836961341617939456	836961009227715328	836961009227715328	203	NA	203
1	"C9H11NO"	"[M + H3N + H]+"	"C9H15N2O+"	"Alkaloids"	0.976	"Nicotinic acid alkaloids"	0.867	"Pyridine alkaloids"	0.867	"Organoheterocyclic compounds"	0.799	"Pyridines and derivatives"	0.577	NA	NA	NA	NA	"Pyridines and derivatives"	0.577	"Organic compounds; Organoheterocyclic compounds; Pyridines and derivatives; Organonitrogen compounds; Organooxygen compounds; Azacyclic compounds; Hydrocarbon derivatives; Organopnictogen compounds; Organic oxygen compounds; Organic nitrogen compounds; Chemical entities"	167.118	97	1.624	836961145190277760	836961009265464064	836961009265464064	204	NA	204
1	"C13H24O4"	"[M + H3N + H]+"	"C13H28NO4+"	"Fatty acids"	0.61	"Fatty esters"	0.171	"Iridoids monoterpenoids"	0.123	"Lipids and lipid-like molecules"	0.655	"Fatty Acyls"	0.594	NA	NA	NA	NA	"Fatty Acyls"	0.594	"Organic compounds; Lipids and lipid-like molecules; Alcohols and polyols; Organic acids and derivatives; Carboxylic acids and derivatives; Organooxygen compounds; Carboxylic acid derivatives; Monocarboxylic acids and derivatives; Carboxylic acid esters; Carbonyl compounds; Fatty Acyls; Organic oxides; Hydrocarbon derivatives; Organic oxygen compounds; Chemical entities"	262.201	100	1.661	8.3696116513e+17	836961009299018496	836961009299018496	205	NA	205
1	"C10H19NO3"	"[M + H3N + H]+"	"C10H23N2O3+"	"Amino acids and Peptides"	0.48	"Small peptides"	0.315	"Aminoacids"	0.178	"Organic acids and derivatives"	0.919	"Carboxylic acids and derivatives"	0.902	"Amino acids, peptides, and analogues"	0.512	"Amino acids and derivatives"	0.513	"Amino acids and derivatives"	0.513	"Organic compounds; Amino acids, peptides, and analogues; Organic acids and derivatives; Carboxylic acids and derivatives; Organonitrogen compounds; Organooxygen compounds; Amino acids and derivatives; Carboxylic acid derivatives; Monocarboxylic acids and derivatives; Carboxylic acid esters; Carbonyl compounds; Organic oxides; Hydrocarbon derivatives; Organopnictogen compounds; Organic oxygen compounds; Organic nitrogen compounds; Chemical entities"	219.17	100	1.671	836961196616643072	836961009521316608	836961009521316608	211	NA	211
1	"C14H19NO5"	"[M + H3N + H]+"	"C14H23N2O5+"	"Alkaloids"	0.616	"Ornithine alkaloids"	0.521	"Pyrrolidine alkaloids"	0.213	"Organic acids and derivatives"	0.955	"Carboxylic acids and derivatives"	0.917	"Carboxylic acid derivatives"	0.741	NA	NA	"Carboxylic acid derivatives"	0.741	"Organic compounds; Organoheterocyclic compounds; Alcohols and polyols; Organic acids and derivatives; Carboxylic acids and derivatives; Organonitrogen compounds; Organooxygen compounds; Carboxylic acid derivatives; Monocarboxylic acids and derivatives; Carbonyl compounds; Organic oxides; Azacyclic compounds; Oxacyclic compounds; Hydrocarbon derivatives; Organopnictogen compounds; Organic oxygen compounds; Organic nitrogen compounds; Chemical entities"	299.16	101	1.675	836961335007715968	836961009487762176	836961009483567872	210	NA	210
3	"C8H15NO3"	"[M + Na]+"	"C8H15NNaO3+"	"Amino acids and Peptides"	0.781	"Small peptides"	0.724	"Aminoacids"	0.357	"Lipids and lipid-like molecules"	0.737	"Fatty Acyls"	0.741	"Fatty acids and conjugates"	0.789	"Branched fatty acids"	0.525	"Branched fatty acids"	0.525	"Organic compounds; Lipids and lipid-like molecules; Fatty acids and conjugates; Organic acids and derivatives; Carboxylic acids and derivatives; Organonitrogen compounds; Organooxygen compounds; Branched fatty acids; Carboxylic acid amides; Carboxylic acid derivatives; Monocarboxylic acids and derivatives; Carboxylic acids; Secondary carboxylic acid amides; Carbonyl compounds; Fatty Acyls; Acetamides; Organic oxides; Hydrocarbon derivatives; Organopnictogen compounds; Organic oxygen compounds; Organic nitrogen compounds; Chemical entities"	196.095	101	1.676	836961166237296512	836961009412264704	836961009412264704	208	NA	208
1	"C8H10O2"	"[M + H3N + H]+"	"C8H14NO2+"	"Fatty acids"	0.734	"Fatty Acids and Conjugates"	0.232	"Unsaturated fatty acids"	0.368	"Organic acids and derivatives"	0.479	"Carboxylic acids and derivatives"	0.497	"Monocarboxylic acids and derivatives"	0.526	NA	NA	"Monocarboxylic acids and derivatives"	0.526	"Organic compounds; Organooxygen compounds; Monocarboxylic acids and derivatives; Carbonyl compounds; Organic oxides; Hydrocarbon derivatives; Organic oxygen compounds; Chemical entities"	156.102	101	1.677	836961154006705280	836961009450013440	836961009450013440	209	NA	209
1	"C8H10O2"	"[M + H]+"	"C8H11O2+"	"Fatty acids"	0.773	"Fatty Acids and Conjugates"	0.317	"Unsaturated fatty acids"	0.59	"Organic acids and derivatives"	0.57	"Carboxylic acids and derivatives"	0.561	"Monocarboxylic acids and derivatives"	0.618	NA	NA	"Monocarboxylic acids and derivatives"	0.618	"Organic compounds; Organoheterocyclic compounds; Organic acids and derivatives; Carboxylic acids and derivatives; Organooxygen compounds; Monocarboxylic acids and derivatives; Carbonyl compounds; Organic oxides; Oxacyclic compounds; Hydrocarbon derivatives; Organic oxygen compounds; Chemical entities"	139.075	101	1.677	836961143722271360	836961009336767232	836961009336767232	206	NA	206
1	"C8H8O"	"[M + H3N + H]+"	"C8H12NO+"	"Shikimates and Phenylpropanoids"	0.882	"Phenylpropanoids (C6-C3)"	0.97	"Cinnamic acids and derivatives"	0.964	"Benzenoids"	0.951	"Benzene and substituted derivatives"	0.83	NA	NA	NA	NA	"Benzene and substituted derivatives"	0.83	"Organic compounds; Organooxygen compounds; Carbonyl compounds; Benzene and substituted derivatives; Benzenoids; Organic oxides; Hydrocarbon derivatives; Organic oxygen compounds; Chemical entities"	138.091	101	1.681	836961149661406080	836961009374515968	836961009374515968	207	NA	207
1	"C9H12O3"	"[M + H3N + H]+"	"C9H16NO3+"	"Fatty acids"	0.464	"Monoterpenoids"	0.234	"2-pyrone derivatives"	0.2	"Organic acids and derivatives"	0.889	"Carboxylic acids and derivatives"	0.849	"Monocarboxylic acids and derivatives"	0.671	NA	NA	"Monocarboxylic acids and derivatives"	0.671	"Organic compounds; Organic acids and derivatives; Carboxylic acids and derivatives; Organooxygen compounds; Monocarboxylic acids and derivatives; Carbonyl compounds; Organic oxides; Hydrocarbon derivatives; Organic oxygen compounds; Chemical entities"	186.112	102	1.7	836961145223832192	836961009592619776	836961009592619776	213	NA	213
3	"C12H9FN2"	"[M + H3N + H]+"	"C12H13FN3+"	"Alkaloids"	0.91	"Tryptophan alkaloids"	0.833	"Carboline alkaloids"	0.904	"Benzenoids"	0.986	"Benzene and substituted derivatives"	0.589	"Halobenzenes"	0.569	"Fluorobenzenes"	0.68	"Fluorobenzenes"	0.68	"Organic compounds; Organoheterocyclic compounds; Halobenzenes; Organohalogen compounds; Organonitrogen compounds; Aryl fluorides; Fluorobenzenes; Organofluorides; Benzene and substituted derivatives; Benzenoids; Aryl halides; Azacyclic compounds; Heteroaromatic compounds; Hydrocarbon derivatives; Organopnictogen compounds; Organic nitrogen compounds; Chemical entities"	218.108	103	1.712	836961149200032640	836961009554871040	836961009554871040	212	NA	212
4	"C7H12F2N2O"	"[M + H3N + H]+"	"C7H16F2N3O+"	"Alkaloids"	0.287	"Small peptides"	0.35	"Halogenated fatty acids"	0.435	"Organohalogen compounds"	0.988	"Aryl halides"	0.506	"Aryl fluorides"	0.724	NA	NA	"Aryl fluorides"	0.724	"Organic compounds; Organohalogen compounds; Organonitrogen compounds; Organooxygen compounds; Aryl fluorides; Organofluorides; Aryl halides; Organic oxides; Hydrocarbon derivatives; Organopnictogen compounds; Organic oxygen compounds; Organic nitrogen compounds; Chemical entities"	196.126	103	1.713	836961320084381568	836961009663922944	836961009663922944	215	NA	215
1	"C6H6ClF"	"[M + Na]+"	"C6H6ClFNa+"	"Fatty acids"	0.16	"Fatty acyls"	0.036	"Halogenated fatty acids"	0.071	"Benzenoids"	0.996	"Benzene and substituted derivatives"	0.989	"Halobenzenes"	0.981	"Chlorobenzenes"	0.803	"Chlorobenzenes"	0.803	"Organic compounds; Halobenzenes; Organohalogen compounds; Alkyl chlorides; Aryl chlorides; Aryl fluorides; Chlorobenzenes; Fluorobenzenes; Organochlorides; Organofluorides; Benzene and substituted derivatives; Benzenoids; Aryl halides; Alkyl halides; Hydrocarbon derivatives; Chemical entities"	155.003	103	1.716	836961172621027840	836961009630368512	836961009626174208	214	NA	214
1	"C9H12O2"	"[M + H3N + H]+"	"C9H16NO2+"	"Fatty acids"	0.679	"Monoterpenoids"	0.53	"Unsaturated fatty acids"	0.414	"Organic acids and derivatives"	0.588	"Carboxylic acids and derivatives"	0.629	"Monocarboxylic acids and derivatives"	0.579	NA	NA	"Monocarboxylic acids and derivatives"	0.579	"Organic compounds; Organic acids and derivatives; Carboxylic acids and derivatives; Organooxygen compounds; Monocarboxylic acids and derivatives; Carbonyl compounds; Organic oxides; Hydrocarbon derivatives; Organic oxygen compounds; Chemical entities"	170.118	105	1.757	836961147253875456	836961009869443840	836961009869443840	221	NA	221
1	"C9H17NO2"	"[M + H3N + H]+"	"C9H21N2O2+"	"Amino acids and Peptides"	0.729	"Small peptides"	0.789	"Aminoacids"	0.735	"Organic acids and derivatives"	0.961	"Carboxylic acids and derivatives"	0.955	"Amino acids, peptides, and analogues"	0.777	"Amino acids and derivatives"	0.777	"Amino acids"	0.731	"Organic compounds; Lipids and lipid-like molecules; Amino acids, peptides, and analogues; Fatty acids and conjugates; Organic acids and derivatives; Carboxylic acids and derivatives; Organonitrogen compounds; Organooxygen compounds; Amino acids and derivatives; Monoalkylamines; Amino fatty acids; Monocarboxylic acids and derivatives; Carboxylic acids; Carbonyl compounds; Amines; Primary amines; Fatty Acyls; Organic oxides; Hydrocarbon derivatives; Amino acids; Organopnictogen compounds; Organic oxygen compounds; Organic nitrogen compounds; Chemical entities"	189.16	106	1.761	836961152408675328	836961009697477376	836961009697477376	216	NA	216
1	"C7H10O2"	"[M + H3N + H]+"	"C7H14NO2+"	"Fatty acids"	0.896	"Fatty Acids and Conjugates"	0.779	"Unsaturated fatty acids"	0.792	"Lipids and lipid-like molecules"	0.504	NA	NA	NA	NA	NA	NA	"Lipids and lipid-like molecules"	0.504	"Organic compounds; Lipids and lipid-like molecules; Organic acids and derivatives; Carboxylic acids and derivatives; Organooxygen compounds; Monocarboxylic acids and derivatives; Carboxylic acids; Carbonyl compounds; Organic oxides; Hydrocarbon derivatives; Organic oxygen compounds; Chemical entities"	144.102	106	1.761	836961168242174080	836961009731031808	836961009731031808	217	NA	217
1	"C9H17NO3"	"[M + Na]+"	"C9H17NNaO3+"	"Alkaloids"	0.602	"Ornithine alkaloids"	0.663	"Tropane alkaloids"	0.249	"Organic acids and derivatives"	0.985	"Carboxylic acids and derivatives"	0.983	"Amino acids, peptides, and analogues"	0.685	"Amino acids and derivatives"	0.685	"Amino acids and derivatives"	0.685	"Organic compounds; Organoheterocyclic compounds; Amino acids, peptides, and analogues; Piperidines; Organic acids and derivatives; Carboxylic acids and derivatives; Organonitrogen compounds; Organooxygen compounds; Amino acids and derivatives; Carboxylic acid derivatives; Monocarboxylic acids and derivatives; Carboxylic acid esters; Carbonyl compounds; Amines; Organic oxides; Azacyclic compounds; Hydrocarbon derivatives; Organopnictogen compounds; Organic oxygen compounds; Organic nitrogen compounds; Chemical entities"	210.11	106	1.771	836961338912613248	836961009835889408	836961009835889408	220	NA	220
1	"C11H21NO3"	"[M + H3N + H]+"	"C11H25N2O3+"	"Fatty acids"	0.53	"Small peptides"	0.353	"Aminoacids"	0.352	"Organic acids and derivatives"	0.949	"Carboxylic acids and derivatives"	0.946	"Amino acids, peptides, and analogues"	0.599	"Amino acids and derivatives"	0.6	"Amino acids and derivatives"	0.6	"Organic compounds; Lipids and lipid-like molecules; Amino acids, peptides, and analogues; Organic acids and derivatives; Carboxylic acids and derivatives; Organonitrogen compounds; Organooxygen compounds; Amino acids and derivatives; Carboxylic acid derivatives; Monocarboxylic acids and derivatives; Carbonyl compounds; Amines; Fatty Acyls; Organic oxides; Hydrocarbon derivatives; Organopnictogen compounds; Organic oxygen compounds; Organic nitrogen compounds; Chemical entities"	233.186	106	1.772	836961156733003008	836961009764586240	836961009764586240	218	NA	218
1	"C9H14O3"	"[M + H3N + H]+"	"C9H18NO3+"	"Fatty acids"	0.971	"Fatty Acids and Conjugates"	0.478	"Lactones"	0.485	"Organic acids and derivatives"	0.895	"Carboxylic acids and derivatives"	0.882	"Carboxylic acids"	0.569	NA	NA	"Carboxylic acids"	0.569	"Organic compounds; Organic acids and derivatives; Carboxylic acids and derivatives; Organooxygen compounds; Monocarboxylic acids and derivatives; Carboxylic acids; Carbonyl compounds; Organic oxides; Hydrocarbon derivatives; Organic oxygen compounds; Chemical entities"	188.128	109	1.819	836961304183774208	836961009940747008	836961009940747008	223	NA	223
1	"C7H12O2"	"[M + H3N + H]+"	"C7H16NO2+"	"Fatty acids"	0.993	"Fatty Acids and Conjugates"	0.908	"Unsaturated fatty acids"	0.847	"Lipids and lipid-like molecules"	0.533	"Fatty Acyls"	0.498	"Fatty acids and conjugates"	0.534	NA	NA	"Fatty acids and conjugates"	0.534	"Organic compounds; Lipids and lipid-like molecules; Fatty acids and conjugates; Organic acids and derivatives; Carboxylic acids and derivatives; Organooxygen compounds; Monocarboxylic acids and derivatives; Carboxylic acids; Carbonyl compounds; Organic oxides; Hydrocarbon derivatives; Organic oxygen compounds; Chemical entities"	146.118	110	1.828	836961149367804800	836961009978495872	836961009974301568	224	NA	224
1	"C8H14O2"	"[M + H]+"	"C8H15O2+"	"Fatty acids"	0.911	"Fatty acyls"	0.541	"Fatty aldehydes"	0.245	"Organic oxygen compounds"	0.999	"Organooxygen compounds"	0.999	"Carbonyl compounds"	0.73	NA	NA	"Carbonyl compounds"	0.73	"Organic compounds; Organooxygen compounds; Carbonyl compounds; Organic oxides; Hydrocarbon derivatives; Organic oxygen compounds; Chemical entities"	143.107	111	1.858	836961333074141696	836961010012050304	836961010007856000	225	NA	225
1	"C13H25BN2O3Si"	"[M + Na]+"	"C13H25BN2NaO3Si+"	"Amino acids and Peptides"	0.514	"Monoterpenoids"	0.637	"Pinane monoterpenoids"	0.669	"Organic acids and derivatives"	0.978	"Boronic acid derivatives"	0.776	"Boronic acids"	0.538	NA	NA	"Boronic acids"	0.538	"Organic compounds; Organoheterocyclic compounds; Organic acids and derivatives; Carboxylic acids and derivatives; Organonitrogen compounds; Organooxygen compounds; Boronic acids; Organometallic compounds; Carboxylic acid amides; Boronic acid derivatives; Carboxylic acid derivatives; Organometalloid compounds; Carbonyl compounds; Organoboron compounds; Organic salts; Organic oxides; Organic metalloid salts; Organic metal salts; Hydrocarbon derivatives; Alkylboranes; Organic oxygen compounds; Organic nitrogen compounds; Chemical entities"	318.166	113	1.878	836961171132049792	836961010045604736	836961010041410432	226	NA	226
1	"C13H25BN2O3Si"	"[M + Na]+"	"C13H25BN2NaO3Si+"	"Amino acids and Peptides"	0.486	"Monoterpenoids"	0.636	"Pinane monoterpenoids"	0.678	"Organic acids and derivatives"	0.971	"Boronic acid derivatives"	0.765	"Boronic acids"	0.565	NA	NA	"Boronic acids"	0.565	"Organic compounds; Organoheterocyclic compounds; Organic acids and derivatives; Carboxylic acids and derivatives; Organonitrogen compounds; Organooxygen compounds; Boronic acids; Organometallic compounds; Boronic acid derivatives; Organometalloid compounds; Carbonyl compounds; Organoboron compounds; Organic salts; Organic oxides; Organic metalloid salts; Organic metal salts; Azacyclic compounds; Hydrocarbon derivatives; Alkylboranes; Organic oxygen compounds; Organic nitrogen compounds; Chemical entities"	318.166	113	1.879	836961220394155008	836961009907192576	836961009902998272	222	NA	222
3	"C11H17NO3"	"[M + H3N + H]+"	"C11H21N2O3+"	"Amino acids and Peptides"	0.574	"Fatty amides"	0.174	"Primary amides"	0.26	"Lipids and lipid-like molecules"	0.505	"Fatty Acyls"	0.511	NA	NA	NA	NA	"Fatty Acyls"	0.511	"Organic compounds; Lipids and lipid-like molecules; Organic acids and derivatives; Carboxylic acids and derivatives; Organonitrogen compounds; Organooxygen compounds; Carboxylic acid amides; Carboxylic acid derivatives; Monocarboxylic acids and derivatives; Carboxylic acids; Carbonyl compounds; Fatty Acyls; Organic oxides; Hydrocarbon derivatives; Organopnictogen compounds; Organic oxygen compounds; Organic nitrogen compounds; Chemical entities"	229.155	116	1.939	836961300614421248	836961010112713600	836961010112713600	228	NA	228
2	"C5H7N5O2"	"[M - H2O + H]+"	"C5H6N5O+"	"Alkaloids"	0.948	"Pseudoalkaloids (transamidation)"	0.88	"Purine alkaloids"	0.927	"Organoheterocyclic compounds"	0.999	"Imidazopyrimidines"	0.719	NA	NA	NA	NA	"Imidazopyrimidines"	0.719	"Organic compounds; Organoheterocyclic compounds; Pyrimidines and pyrimidine derivatives; Imidazoles; Organic acids and derivatives; Organonitrogen compounds; Organooxygen compounds; Azoles; Aminopyrimidines and derivatives; Diazines; Imidazopyrimidines; Amines; Primary amines; Organic oxides; Azacyclic compounds; Heteroaromatic compounds; Hydrocarbon derivatives; Organopnictogen compounds; Organic oxygen compounds; Organic nitrogen compounds; Chemical entities"	152.057	118	1.963	836961320357011328	836961010146268032	836961010146268032	229	NA	229
2	"C11H15N5O3S"	"[M + H]+"	"C11H16N5O3S+"	"Carbohydrates"	1	"Nucleosides"	1	"Purine nucleosides"	0.999	"Nucleosides, nucleotides, and analogues"	0.977	"5'-deoxyribonucleosides"	0.996	"5'-deoxy-5'-thionucleosides"	0.996	NA	NA	"5'-deoxy-5'-thionucleosides"	0.996	"Organic compounds; Organoheterocyclic compounds; Organosulfur compounds; Carbohydrates and carbohydrate conjugates; Pyrimidines and pyrimidine derivatives; Imidazoles; Alcohols and polyols; Purines and purine derivatives; Organonitrogen compounds; Nucleosides, nucleotides, and analogues; Organooxygen compounds; Azoles; Thioethers; Aminopyrimidines and derivatives; Diazines; Pentoses; Monosaccharides; Secondary alcohols; Imidazopyrimidines; Glycosyl compounds; Glycosylamines; Polyols; Substituted imidazoles; N-substituted imidazoles; Amines; Primary amines; 1,2-diols; Tetrahydrofurans; 6-aminopurines; Sulfenyl compounds; Dialkylthioethers; Imidolactams; Azacyclic compounds; Oxacyclic compounds; Heteroaromatic compounds; Hydrocarbon derivatives; 5'-deoxyribonucleosides; 5'-deoxy-5'-thionucleosides; Organopnictogen compounds; Organic oxygen compounds; Organic nitrogen compounds; Chemical entities"	298.097	118	1.969	836961312975035776	836961010184016768	836961010179822464	230	NA	230
2	"C9H7NO"	"[M + H]+"	"C9H8NO+"	"Alkaloids"	0.998	"Anthranilic acid alkaloids"	0.622	"Acridone alkaloids"	0.304	"Benzenoids"	0.942	NA	NA	NA	NA	NA	NA	"Benzenoids"	0.942	"Organic compounds; Organoheterocyclic compounds; Pyridines and derivatives; Organonitrogen compounds; Organooxygen compounds; Benzenoids; Organic oxides; Azacyclic compounds; Heteroaromatic compounds; Hydrocarbon derivatives; Organopnictogen compounds; Organic oxygen compounds; Organic nitrogen compounds; Chemical entities"	146.06	119	1.978	836961302002736000	836961010217571200	836961010217571200	231	NA	231
2	"C11H9NO2"	"[M + H]+"	"C11H10NO2+"	"Alkaloids"	0.995	"Tryptophan alkaloids"	0.988	"Simple indole alkaloids"	0.916	"Organoheterocyclic compounds"	0.998	"Indoles and derivatives"	0.949	"Indoles"	0.963	"3-alkylindoles"	0.682	"3-alkylindoles"	0.682	"Organic compounds; Organoheterocyclic compounds; Pyrroles; Indoles and derivatives; Organic acids and derivatives; Carboxylic acids and derivatives; Organonitrogen compounds; Organooxygen compounds; Monocarboxylic acids and derivatives; Carboxylic acids; Carbonyl compounds; Substituted pyrroles; Benzenoids; Indoles; Organic oxides; Azacyclic compounds; Heteroaromatic compounds; Hydrocarbon derivatives; 3-alkylindoles; Organopnictogen compounds; Organic oxygen compounds; Organic nitrogen compounds; Chemical entities"	188.071	119	1.981	836961220008279040	836961010288874368	836961010288874368	233	NA	233
1	"C11H9NO2"	"[M + H3N + H]+"	"C11H13N2O2+"	"Alkaloids"	0.997	"Tryptophan alkaloids"	0.992	"Simple indole alkaloids"	0.969	"Organoheterocyclic compounds"	0.999	"Indoles and derivatives"	0.973	"Indolyl carboxylic acids and derivatives"	0.724	NA	NA	"Indolyl carboxylic acids and derivatives"	0.724	"Organic compounds; Organoheterocyclic compounds; Pyrroles; Indoles and derivatives; Organic acids and derivatives; Carboxylic acids and derivatives; Organonitrogen compounds; Organooxygen compounds; Monocarboxylic acids and derivatives; Carboxylic acids; Indolyl carboxylic acids and derivatives; Carbonyl compounds; Substituted pyrroles; Benzenoids; Indoles; Organic oxides; Azacyclic compounds; Heteroaromatic compounds; Hydrocarbon derivatives; 3-alkylindoles; Organopnictogen compounds; Organic oxygen compounds; Organic nitrogen compounds; Chemical entities"	205.097	119	1.981	836961324593258624	836961010326623104	836961010326623104	234	NA	234
1	"C10H22O6"	"[M + H3N + H]+"	"C10H26NO6+"	"Fatty acids"	0.793	"Fatty acyls"	0.517	"Fatty alcohols"	0.425	"Organic oxygen compounds"	1	"Organooxygen compounds"	1	"Ethers"	0.991	"Dialkyl ethers"	0.992	"Polyethylene glycols"	0.985	"Organic compounds; Alcohols and polyols; Ethers; Primary alcohols; Organooxygen compounds; Dialkyl ethers; Polyethylene glycols; Hydrocarbon derivatives; Organic oxygen compounds; Chemical entities"	256.175	121	2.011	836961324245131264	836961010360177536	836961010360177536	235	NA	235
1	"C12H26O6"	"[M + H3N + H]+"	"C12H30NO6+"	"Fatty acids"	0.923	"Fatty acyls"	0.544	"Fatty alcohols"	0.147	"Organic oxygen compounds"	1	"Organooxygen compounds"	0.999	"Ethers"	0.994	"Dialkyl ethers"	0.993	"Polyethylene glycols"	0.624	"Organic compounds; Ethers; Organooxygen compounds; Dialkyl ethers; Polyethylene glycols; Hydrocarbon derivatives; Organic oxygen compounds; Chemical entities"	284.207	121	2.012	836961154178671744	836961010397926272	836961010397926272	236	NA	236
1	"C11H19NO3"	"[M + H3N + H]+"	"C11H23N2O3+"	"Alkaloids"	0.82	"Ornithine alkaloids"	0.24	"Pyrrolidine alkaloids"	0.239	"Organic acids and derivatives"	0.921	"Carboxylic acids and derivatives"	0.905	"Carboxylic acid derivatives"	0.535	NA	NA	"Carboxylic acid derivatives"	0.535	"Organic compounds; Organoheterocyclic compounds; Organic acids and derivatives; Carboxylic acids and derivatives; Organonitrogen compounds; Organooxygen compounds; Carboxylic acid derivatives; Monocarboxylic acids and derivatives; Carbonyl compounds; Organic oxides; Hydrocarbon derivatives; Organopnictogen compounds; Organic oxygen compounds; Organic nitrogen compounds; Chemical entities"	231.17	124	2.074	836961157861270912	836961010431480704	836961010431480704	237	NA	237
1	"C9H12O2"	"[M + H3N + H]+"	"C9H16NO2+"	"Fatty acids"	0.978	"Fatty Acids and Conjugates"	0.792	"Unsaturated fatty acids"	0.898	"Organic acids and derivatives"	0.769	"Carboxylic acids and derivatives"	0.79	"Carboxylic acids"	0.634	NA	NA	"Carboxylic acids"	0.634	"Organic compounds; Organic acids and derivatives; Carboxylic acids and derivatives; Organooxygen compounds; Monocarboxylic acids and derivatives; Carboxylic acids; Carbonyl compounds; Organic oxides; Hydrocarbon derivatives; Organic oxygen compounds; Chemical entities"	170.118	125	2.082	836961153620829184	836961010502783872	836961010502783872	239	NA	239
1	"C9H12O3"	"[M + H3N + H]+"	"C9H16NO3+"	"Shikimates and Phenylpropanoids"	0.538	"Phenylpropanoids (C6-C3)"	0.144	"Simple phenolic acids"	0.137	"Benzenoids"	0.914	"Benzene and substituted derivatives"	0.789	NA	NA	NA	NA	"Benzene and substituted derivatives"	0.789	"Organic compounds; Organic acids and derivatives; Carboxylic acids and derivatives; Organooxygen compounds; Monocarboxylic acids and derivatives; Carboxylic acids; Carbonyl compounds; Benzene and substituted derivatives; Benzenoids; Organic oxides; Hydrocarbon derivatives; Organic oxygen compounds; Chemical entities"	186.112	125	2.086	836961156737197312	836961010540532608	836961010540532608	240	NA	240
2	"C9H17NO3"	"[M + Na]+"	"C9H17NNaO3+"	"Amino acids and Peptides"	0.964	"Small peptides"	0.964	"Aminoacids"	0.955	"Organic acids and derivatives"	0.994	"Carboxylic acids and derivatives"	0.994	"Amino acids, peptides, and analogues"	0.958	"Amino acids and derivatives"	0.958	"Amino acids"	0.924	"Organic compounds; Lipids and lipid-like molecules; Amino acids, peptides, and analogues; Fatty acids and conjugates; Organic acids and derivatives; Carboxylic acids and derivatives; Organonitrogen compounds; Organooxygen compounds; Amino acids and derivatives; Monoalkylamines; Amino fatty acids; Monocarboxylic acids and derivatives; Carboxylic acids; Carbonyl compounds; Amines; Primary amines; Organic oxides; Hydrocarbon derivatives; Amino acids; Organopnictogen compounds; Organic oxygen compounds; Organic nitrogen compounds; Chemical entities"	210.11	125	2.088	836961174130977536	836961010465035136	836961010465035136	238	NA	238
1	"C10H14O2"	"[M + H3N + H]+"	"C10H18NO2+"	"Terpenoids"	0.513	"Monoterpenoids"	0.368	"Irregular monoterpenoids"	0.377	"Organic oxygen compounds"	0.997	"Organooxygen compounds"	0.994	"Carbonyl compounds"	0.74	NA	NA	"Carbonyl compounds"	0.74	"Organic compounds; Organooxygen compounds; Carbonyl compounds; Organic oxides; Hydrocarbon derivatives; Organic oxygen compounds; Chemical entities"	184.133	130	2.163	836961179357080832	836961010678944640	836961010678944640	244	NA	244
1	"C9H15NO2"	"[M + H3N + H]+"	"C9H19N2O2+"	"Amino acids and Peptides"	0.788	"Small peptides"	0.674	"Aminoacids"	0.75	"Organic acids and derivatives"	0.998	"Carboxylic acids and derivatives"	0.994	"Amino acids, peptides, and analogues"	0.483	"Amino acids and derivatives"	0.483	"Amino acids"	0.509	"Organic compounds; Lipids and lipid-like molecules; Organic acids and derivatives; Carboxylic acids and derivatives; Organonitrogen compounds; Organooxygen compounds; Carboxylic acid amides; Carboxylic acid derivatives; Monocarboxylic acids and derivatives; Carboxylic acids; Primary carboxylic acid amides; Carbonyl compounds; Amines; Fatty Acyls; Organic oxides; Hydrocarbon derivatives; Amino acids; Organopnictogen compounds; Organic oxygen compounds; Organic nitrogen compounds; Chemical entities"	187.144	130	2.17	836961150043087744	836961010645390208	836961010641195904	243	NA	243
1	"C10H19NO3"	"[M + Na]+"	"C10H19NNaO3+"	"Amino acids and Peptides"	0.4	"Small peptides"	0.293	"Aminoacids"	0.246	"Organic acids and derivatives"	0.973	"Carboxylic acids and derivatives"	0.961	"Amino acids, peptides, and analogues"	0.705	"Amino acids and derivatives"	0.704	"Amino acids and derivatives"	0.704	"Organic compounds; Amino acids, peptides, and analogues; Organic acids and derivatives; Carboxylic acids and derivatives; Organonitrogen compounds; Organooxygen compounds; Amino acids and derivatives; Carboxylic acid derivatives; Monocarboxylic acids and derivatives; Carbonyl compounds; Amines; Organic oxides; Hydrocarbon derivatives; Organopnictogen compounds; Organic oxygen compounds; Organic nitrogen compounds; Chemical entities"	224.126	130	2.171	836961166786750464	836961010712499072	836961010712499072	245	NA	245
1	"C9H20O5"	"[M + H]+"	"C9H21O5+"	"Fatty acids"	0.989	"Fatty acyls"	0.968	"Fatty alcohols"	0.976	"Organic oxygen compounds"	0.999	"Organooxygen compounds"	0.992	"Alcohols and polyols"	0.774	"Primary alcohols"	0.541	"Primary alcohols"	0.541	"Organic compounds; Alcohols and polyols; Primary alcohols; Organooxygen compounds; Hydrocarbon derivatives; Organic oxygen compounds; Chemical entities"	209.138	134	2.229	836961174730763008	836961010779607936	836961010779607936	247	NA	247
1	"C14H30O7"	"[M + H3N + H]+"	"C14H34NO7+"	"Fatty acids"	0.948	"Fatty acyls"	0.562	"Fatty alcohols"	0.13	"Organic oxygen compounds"	1	"Organooxygen compounds"	0.999	"Ethers"	0.995	"Dialkyl ethers"	0.994	"Polyethylene glycols"	0.583	"Organic compounds; Ethers; Organooxygen compounds; Dialkyl ethers; Polyethylene glycols; Hydrocarbon derivatives; Organic oxygen compounds; Chemical entities"	328.233	135	2.251	836961178212035712	836961010855105408	836961010850911104	249	NA	249
1	"C10H14O3"	"[M + H3N + H]+"	"C10H18NO3+"	"Fatty acids"	0.474	"Monoterpenoids"	0.33	"Irregular monoterpenoids"	0.205	"Organic acids and derivatives"	0.524	"Carboxylic acids and derivatives"	0.544	NA	NA	NA	NA	"Carboxylic acids and derivatives"	0.544	"Organic compounds; Organic acids and derivatives; Carboxylic acids and derivatives; Organooxygen compounds; Carbonyl compounds; Organic oxides; Hydrocarbon derivatives; Organic oxygen compounds; Chemical entities"	200.128	137	2.282	836961162303039104	836961010993517440	836961010993517440	253	NA	253
3	"C12H26N2O4"	"[M + H]+"	"C12H27N2O4+"	"Amino acids and Peptides"	0.362	"Ornithine alkaloids"	0.152	"Dipeptides"	0.124	"Organic acids and derivatives"	0.975	"Carboxylic acids and derivatives"	0.96	"Amino acids, peptides, and analogues"	0.537	"Amino acids and derivatives"	0.533	"Amino acids and derivatives"	0.533	"Organic compounds; Lipids and lipid-like molecules; Amino acids, peptides, and analogues; Alcohols and polyols; Organic acids and derivatives; Carboxylic acids and derivatives; Organonitrogen compounds; Organooxygen compounds; Fatty amides; Amino acids and derivatives; Carboxylic acid amides; Carboxylic acid derivatives; Secondary carboxylic acid amides; Carbonyl compounds; Fatty Acyls; Organic oxides; Hydrocarbon derivatives; Organopnictogen compounds; Organic oxygen compounds; Organic nitrogen compounds; Chemical entities"	263.197	137	2.285	836961162038797824	836961010922214272	836961010922214272	251	NA	251
1	"C10H17NO3"	"[M + Na]+"	"C10H17NNaO3+"	"Amino acids and Peptides"	0.911	"Small peptides"	0.78	"Aminoacids"	0.6	"Organic acids and derivatives"	0.937	"Carboxylic acids and derivatives"	0.906	"Amino acids, peptides, and analogues"	0.708	"Amino acids and derivatives"	0.707	"Amino acids and derivatives"	0.707	"Organic compounds; Amino acids, peptides, and analogues; Phenethylamines; Organic acids and derivatives; Carboxylic acids and derivatives; Organonitrogen compounds; Organooxygen compounds; Amino acids and derivatives; Monoalkylamines; Monocarboxylic acids and derivatives; Carboxylic acids; Carbonyl compounds; Benzene and substituted derivatives; Benzenoids; Amines; Primary amines; Organic oxides; Hydrocarbon derivatives; Organopnictogen compounds; Organic oxygen compounds; Organic nitrogen compounds; Chemical entities"	222.11	138	2.292	836961185006808704	836961010959963008	836961010959963008	252	NA	252
1	"C8H10O2"	"[M + H3N + H]+"	"C8H14NO2+"	"Fatty acids"	0.82	"Fatty acyls"	0.344	"Fatty aldehydes"	0.633	"Organic oxygen compounds"	0.999	"Organooxygen compounds"	0.998	"Carbonyl compounds"	0.926	"Ketones"	0.521	"Ketones"	0.521	"Organic compounds; Ketones; Organooxygen compounds; Carbonyl compounds; Organic oxides; Hydrocarbon derivatives; Organic oxygen compounds; Chemical entities"	156.102	138	2.296	836961153864098944	836961011073209216	836961011073209216	255	NA	255
1	"C8H12O3"	"[M + H3N + H]+"	"C8H16NO3+"	"Fatty acids"	0.442	"Cyclic polyketides"	0.228	"2-pyrone derivatives"	0.268	"Organic acids and derivatives"	0.734	"Carboxylic acids and derivatives"	0.69	"Monocarboxylic acids and derivatives"	0.595	NA	NA	"Monocarboxylic acids and derivatives"	0.595	"Organic compounds; Organic acids and derivatives; Carboxylic acids and derivatives; Organooxygen compounds; Monocarboxylic acids and derivatives; Carbonyl compounds; Organic oxides; Hydrocarbon derivatives; Organic oxygen compounds; Chemical entities"	174.113	138	2.299	836961164161115904	836961011110958080	836961011110958080	256	NA	256
2	"C8H10O2"	"[M + H]+"	"C8H11O2+"	"Fatty acids"	0.76	"Fatty Acids and Conjugates"	0.322	"Unsaturated fatty acids"	0.549	"Organic oxygen compounds"	0.999	"Organooxygen compounds"	0.997	"Carbonyl compounds"	0.85	NA	NA	"Carbonyl compounds"	0.85	"Organic compounds; Organooxygen compounds; Carbonyl compounds; Organic oxides; Hydrocarbon derivatives; Organic oxygen compounds; Chemical entities"	139.075	138	2.299	836961167705303168	836961011144512512	836961011144512512	257	NA	257
1	"C8H15NO3"	"[M + Na]+"	"C8H15NNaO3+"	"Amino acids and Peptides"	0.846	"Small peptides"	0.843	"Aminoacids"	0.816	"Organic acids and derivatives"	0.93	"Carboxylic acids and derivatives"	0.931	"Amino acids, peptides, and analogues"	0.587	"Amino acids and derivatives"	0.586	"Amino acids"	0.553	"Organic compounds; Lipids and lipid-like molecules; Amino acids, peptides, and analogues; Alcohols and polyols; Fatty acids and conjugates; Organic acids and derivatives; Carboxylic acids and derivatives; Organonitrogen compounds; Organooxygen compounds; Amino acids and derivatives; Monocarboxylic acids and derivatives; Carboxylic acids; Carbonyl compounds; Amines; Fatty Acyls; Organic oxides; Hydrocarbon derivatives; Amino acids; Organopnictogen compounds; Organic oxygen compounds; Organic nitrogen compounds; Chemical entities"	196.095	138	2.3	836961185342353024	836961011031266176	836961011031266176	254	NA	254
1	"C10H16O3"	"[M + H3N + H]+"	"C10H20NO3+"	"Fatty acids"	0.715	"Monoterpenoids"	0.319	"Lactones"	0.157	"Organic acids and derivatives"	0.497	"Carboxylic acids and derivatives"	0.509	NA	NA	NA	NA	"Carboxylic acids and derivatives"	0.509	"Organic compounds; Carboxylic acids and derivatives; Organooxygen compounds; Carbonyl compounds; Organic oxides; Hydrocarbon derivatives; Organic oxygen compounds; Chemical entities"	202.144	140	2.341	836961158872098176	836961011178066944	836961011178066944	258	NA	258
1	"C17H21N4O9P"	"[M - H2O + H]+"	"C17H20N4O8P+"	"Alkaloids"	0.993	"Anthranilic acid alkaloids"	0.999	"Phenazine alkaloids"	0.169	"Nucleosides, nucleotides, and analogues"	0.475	"Flavin nucleotides"	0.995	NA	NA	NA	NA	"Flavin nucleotides"	0.995	"Organic compounds; Organoheterocyclic compounds; Pyrazines; Pyrimidines and pyrimidine derivatives; Pteridines and derivatives; Alcohols and polyols; Lactams; Organic acids and derivatives; Organonitrogen compounds; Pyrimidones; Organooxygen compounds; Alloxazines and isoalloxazines; Organic phosphoric acids and derivatives; Phosphate esters; Quinoxalines; Flavins; Flavin nucleotides; Diazines; Secondary alcohols; Polyols; Benzenoids; Alkyl phosphates; Monoalkyl phosphates; Vinylogous amides; Organic oxides; Azacyclic compounds; Heteroaromatic compounds; Hydrocarbon derivatives; Organopnictogen compounds; Organic oxygen compounds; Organic nitrogen compounds; Diazanaphthalenes; Benzodiazines; Chemical entities"	439.101	141	2.353	836961192166486016	836961011220009984	836961011215815680	259	NA	259
1	"C8H14O2"	"[M + H3N + H]+"	"C8H18NO2+"	"Fatty acids"	0.97	"Fatty esters"	0.607	"Lactones"	0.577	"Organic acids and derivatives"	0.763	"Carboxylic acids and derivatives"	0.775	"Monocarboxylic acids and derivatives"	0.762	NA	NA	"Monocarboxylic acids and derivatives"	0.762	"Organic compounds; Organic acids and derivatives; Carboxylic acids and derivatives; Organooxygen compounds; Monocarboxylic acids and derivatives; Carbonyl compounds; Organic oxides; Hydrocarbon derivatives; Organic oxygen compounds; Chemical entities"	160.133	142	2.362	836961162370147968	836961011257758720	836961011253564416	260	NA	260
1	"C8H12O2"	"[M + H3N + H]+"	"C8H16NO2+"	"Fatty acids"	0.98	"Fatty Acids and Conjugates"	0.682	"Unsaturated fatty acids"	0.823	"Organic acids and derivatives"	0.79	"Carboxylic acids and derivatives"	0.823	"Carboxylic acids"	0.655	NA	NA	"Carboxylic acids"	0.655	"Organic compounds; Organic acids and derivatives; Carboxylic acids and derivatives; Organooxygen compounds; Monocarboxylic acids and derivatives; Carboxylic acids; Carbonyl compounds; Organic oxides; Hydrocarbon derivatives; Organic oxygen compounds; Chemical entities"	158.118	142	2.37	836961167088740352	836961011291313152	836961011291313152	261	NA	261
1	"C10H19NO2"	"[M + H3N + H]+"	"C10H23N2O2+"	"Amino acids and Peptides"	0.927	"Small peptides"	0.958	"Aminoacids"	0.95	"Organic acids and derivatives"	1	"Carboxylic acids and derivatives"	1	"Amino acids, peptides, and analogues"	0.991	"Amino acids and derivatives"	0.991	"Alpha amino acid esters"	0.737	"Organic compounds; Lipids and lipid-like molecules; Amino acids, peptides, and analogues; Alpha amino acids and derivatives; Organic acids and derivatives; Carboxylic acids and derivatives; Organonitrogen compounds; Organooxygen compounds; Fatty acid esters; Amino acids and derivatives; Alpha amino acid esters; Monoalkylamines; Carboxylic acid derivatives; Monocarboxylic acids and derivatives; Carboxylic acid esters; Carbonyl compounds; Amines; Primary amines; Fatty Acyls; Organic oxides; Hydrocarbon derivatives; Organopnictogen compounds; Organic oxygen compounds; Organic nitrogen compounds; Chemical entities"	203.175	142	2.372	836961160684037504	836961011400365056	836961011396170752	264	NA	264
2	"C8H14O3"	"[M - H2O + H]+"	"C8H13O2+"	"Fatty acids"	0.971	"Fatty Acids and Conjugates"	0.836	"Oxo fatty acids"	0.788	"Organic acids and derivatives"	0.924	"Carboxylic acids and derivatives"	0.921	"Carboxylic acids"	0.885	NA	NA	"Carboxylic acids"	0.885	"Organic compounds; Alcohols and polyols; Organic acids and derivatives; Carboxylic acids and derivatives; Organooxygen compounds; Monocarboxylic acids and derivatives; Carboxylic acids; Carbonyl compounds; Organic oxides; Hydrocarbon derivatives; Organic oxygen compounds; Chemical entities"	141.091	142	2.375	836961164903507712	836961011362616320	836961011362616320	263	NA	263
3	"C16H30N4O5"	"[M + H]+"	"C16H31N4O5+"	"Amino acids and Peptides"	0.665	"Small peptides"	0.26	"Dipeptides"	0.181	"Organic acids and derivatives"	0.965	"Carboxylic acids and derivatives"	0.931	"Amino acids, peptides, and analogues"	0.672	"Amino acids and derivatives"	0.663	"Amino acids and derivatives"	0.663	"Organic compounds; Lipids and lipid-like molecules; Amino acids, peptides, and analogues; Organic acids and derivatives; Carboxylic acids and derivatives; Organonitrogen compounds; Organooxygen compounds; Amino acids and derivatives; Carboxylic acid amides; Carboxylic acid derivatives; Carbonyl compounds; Fatty Acyls; Organic oxides; Hydrocarbon derivatives; Organopnictogen compounds; Organic oxygen compounds; Organic nitrogen compounds; Chemical entities"	359.229	146	2.441	836961184897756800	836961011429725184	836961011429725184	265	NA	265
1	"C12H23NO4"	"[M + H3N + H]+"	"C12H27N2O4+"	"Alkaloids"	0.342	"Ornithine alkaloids"	0.289	"Pyrrolidine alkaloids"	0.185	"Organic acids and derivatives"	0.958	"Carboxylic acids and derivatives"	0.936	"Amino acids, peptides, and analogues"	0.568	"Amino acids and derivatives"	0.569	"Amino acids and derivatives"	0.569	"Organic compounds; Lipids and lipid-like molecules; Amino acids, peptides, and analogues; Organic acids and derivatives; Carboxylic acids and derivatives; Organonitrogen compounds; Organooxygen compounds; Amino acids and derivatives; Carboxylic acid derivatives; Monocarboxylic acids and derivatives; Carbonyl compounds; Organic oxides; Hydrocarbon derivatives; Organopnictogen compounds; Organic oxygen compounds; Organic nitrogen compounds; Chemical entities"	263.197	147	2.448	836961170117028096	836961011496834048	836961011496834048	267	NA	267
1	"C15H23N3O4"	"[M + H3N + H]+"	"C15H27N4O4+"	"Amino acids and Peptides"	0.902	"Small peptides"	0.494	"Dipeptides"	0.346	"Organic acids and derivatives"	0.962	"Carboxylic acids and derivatives"	0.911	"Amino acids, peptides, and analogues"	0.617	"Amino acids and derivatives"	0.613	"Alpha amino acids and derivatives"	0.526	"Organic compounds; Organoheterocyclic compounds; Lipids and lipid-like molecules; Amino acids, peptides, and analogues; Alpha amino acids and derivatives; Organic acids and derivatives; Carboxylic acids and derivatives; Organonitrogen compounds; Organooxygen compounds; Amino acids and derivatives; Carboxylic acid amides; Carboxylic acid derivatives; Monocarboxylic acids and derivatives; Carbonyl compounds; Organic oxides; Hydrocarbon derivatives; Organopnictogen compounds; Organic oxygen compounds; Organic nitrogen compounds; Chemical entities"	327.201	147	2.452	836961176655948800	836961011463279616	836961011463279616	266	NA	266
1	"C10H14O3"	"[M + H3N + H]+"	"C10H18NO3+"	"Fatty acids"	0.976	"Octadecanoids"	0.607	"Jasmonic acids"	0.872	"Organic acids and derivatives"	0.928	"Carboxylic acids and derivatives"	0.906	"Carboxylic acids"	0.658	NA	NA	"Carboxylic acids"	0.658	"Organic compounds; Organic acids and derivatives; Carboxylic acids and derivatives; Organooxygen compounds; Monocarboxylic acids and derivatives; Carboxylic acids; Carbonyl compounds; Organic oxides; Hydrocarbon derivatives; Organic oxygen compounds; Chemical entities"	200.128	147	2.453	836961167298455680	836961011530388480	836961011530388480	268	NA	268
2	"C10H14O2"	"[M + H3N + H]+"	"C10H18NO2+"	"Terpenoids"	0.784	"Monoterpenoids"	0.429	"Menthane monoterpenoids"	0.342	"Organic oxygen compounds"	0.996	"Organooxygen compounds"	0.987	"Carbonyl compounds"	0.665	NA	NA	"Carbonyl compounds"	0.665	"Organic compounds; Organooxygen compounds; Carbonyl compounds; Organic oxides; Hydrocarbon derivatives; Organic oxygen compounds; Chemical entities"	184.133	152	2.536	836961154015093888	836961011597497344	836961011597497344	270	NA	270
1	"C10H16O4"	"[M + H3N + H]+"	"C10H20NO4+"	"Fatty acids"	0.8	"Fatty Acids and Conjugates"	0.698	"Dicarboxylic acids"	0.754	"Organic acids and derivatives"	0.998	"Carboxylic acids and derivatives"	0.996	"Dicarboxylic acids and derivatives"	0.852	NA	NA	"Dicarboxylic acids and derivatives"	0.852	"Organic compounds; Lipids and lipid-like molecules; Organic acids and derivatives; Carboxylic acids and derivatives; Organooxygen compounds; Dicarboxylic acids and derivatives; Carboxylic acids; Carbonyl compounds; Organic oxides; Hydrocarbon derivatives; Organic oxygen compounds; Chemical entities"	218.139	153	2.544	836961339092968320	836961011664606208	836961011664606208	272	NA	272
1	"C10H19NO3"	"[M + Na]+"	"C10H19NNaO3+"	"Amino acids and Peptides"	0.819	"Small peptides"	0.583	"Aminoacids"	0.442	"Organic acids and derivatives"	0.951	"Carboxylic acids and derivatives"	0.947	"Amino acids, peptides, and analogues"	0.761	"Amino acids and derivatives"	0.762	"Amino acids and derivatives"	0.762	"Organic compounds; Lipids and lipid-like molecules; Amino acids, peptides, and analogues; Organic acids and derivatives; Carboxylic acids and derivatives; Organonitrogen compounds; Organooxygen compounds; Amino acids and derivatives; Carboxylic acid derivatives; Monocarboxylic acids and derivatives; Carboxylic acid esters; Carbonyl compounds; Amines; Methyl esters; Organic oxides; Hydrocarbon derivatives; Organopnictogen compounds; Organic oxygen compounds; Organic nitrogen compounds; Chemical entities"	224.126	156	2.601	836961165922723712	836961011631051776	836961011626857472	271	NA	271
1	"C10H16O3"	"[M + H3N + H]+"	"C10H20NO3+"	"Terpenoids"	0.573	"Monoterpenoids"	0.427	"Iridoids monoterpenoids"	0.235	"Lipids and lipid-like molecules"	0.574	NA	NA	NA	NA	NA	NA	"Lipids and lipid-like molecules"	0.574	"Organic compounds; Lipids and lipid-like molecules; Organic acids and derivatives; Carboxylic acids and derivatives; Organooxygen compounds; Monocarboxylic acids and derivatives; Carboxylic acids; Carbonyl compounds; Organic oxides; Hydrocarbon derivatives; Organic oxygen compounds; Chemical entities"	202.144	156	2.603	836961155298550912	836961011731715072	836961011731715072	274	NA	274
1	"C10H14O4"	"[M + H3N + H]+"	"C10H18NO4+"	"Fatty acids"	0.979	"Fatty Acids and Conjugates"	0.902	"Dicarboxylic acids"	0.943	"Lipids and lipid-like molecules"	0.809	"Fatty Acyls"	0.779	"Fatty acids and conjugates"	0.796	"Medium-chain fatty acids"	0.538	"Medium-chain fatty acids"	0.538	"Organic compounds; Lipids and lipid-like molecules; Fatty acids and conjugates; Organic acids and derivatives; Carboxylic acids and derivatives; Organooxygen compounds; Unsaturated fatty acids; Dicarboxylic acids and derivatives; Carboxylic acids; Carbonyl compounds; Medium-chain fatty acids; Fatty Acyls; Organic oxides; Hydrocarbon derivatives; Organic oxygen compounds; Chemical entities"	216.123	156	2.603	836961173506026112	836961011698160640	836961011698160640	273	NA	273
1	"C11H24O4"	"[M + H3N + H]+"	"C11H28NO4+"	"Fatty acids"	0.984	"Fatty acyls"	0.975	"Fatty alcohols"	0.981	"Lipids and lipid-like molecules"	0.523	NA	NA	NA	NA	NA	NA	"Lipids and lipid-like molecules"	0.523	"Organic compounds; Lipids and lipid-like molecules; Alcohols and polyols; Primary alcohols; Organooxygen compounds; Hydrocarbon derivatives; Organic oxygen compounds; Chemical entities"	238.201	157	2.61	836961171366930816	836961011765269504	836961011765269504	275	NA	275
1	"C9H20O4"	"[M + H]+"	"C9H21O4+"	"Fatty acids"	0.992	"Fatty acyls"	0.974	"Fatty alcohols"	0.99	"Organic oxygen compounds"	1	"Organooxygen compounds"	0.999	"Alcohols and polyols"	0.907	"Primary alcohols"	0.729	"Primary alcohols"	0.729	"Organic compounds; Alcohols and polyols; Primary alcohols; Organooxygen compounds; Hydrocarbon derivatives; Organic oxygen compounds; Chemical entities"	193.144	157	2.611	836961157672527232	836961011798823936	836961011798823936	276	NA	276
1	"C11H14O3"	"[M + H3N + H]+"	"C11H18NO3+"	"Terpenoids"	0.511	"Phenylpropanoids (C6-C3)"	0.242	"Cinnamic acids and derivatives"	0.227	"Benzenoids"	0.623	"Benzene and substituted derivatives"	0.514	NA	NA	NA	NA	"Benzene and substituted derivatives"	0.514	"Organic compounds; Organooxygen compounds; Carbonyl compounds; Benzene and substituted derivatives; Benzenoids; Organic oxides; Hydrocarbon derivatives; Organic oxygen compounds; Chemical entities"	212.128	158	2.634	836961161787139584	836961011828184064	836961011828184064	277	NA	277
1	"C18H33BN4O2S"	"[M + Na]+"	"C18H33BN4NaO2S+"	"Amino acids and Peptides"	0.297	"Monoterpenoids"	0.449	"Pinane monoterpenoids"	0.349	"Organoheterocyclic compounds"	0.854	"Azoles"	0.629	NA	NA	NA	NA	"Azoles"	0.629	"Organic compounds; Organoheterocyclic compounds; Organic acids and derivatives; Organonitrogen compounds; Organooxygen compounds; Boronic acids; Azoles; Organometallic compounds; Boronic acid derivatives; Organometalloid compounds; Organoboron compounds; Organic salts; Organic metalloid salts; Organic metal salts; Azacyclic compounds; Heteroaromatic compounds; Hydrocarbon derivatives; Alkylboranes; Organic oxygen compounds; Organic nitrogen compounds; Chemical entities"	402.234	161	2.678	836961182167264640	836961011895292928	836961011895292928	279	NA	279
1	"C11H19NO3"	"[M + Na]+"	"C11H19NNaO3+"	"Alkaloids"	0.709	"Pseudoalkaloids (transamidation)"	0.554	"Phenylalanine-derived alkaloids"	0.693	"Benzenoids"	0.841	"Benzene and substituted derivatives"	0.784	"Phenylpropanes"	0.51	NA	NA	"Phenylpropanes"	0.51	"Organic compounds; Organonitrogen compounds; Organooxygen compounds; Monoalkylamines; Benzene and substituted derivatives; Benzenoids; Amines; Primary amines; Phenylpropanes; Aralkylamines; Hydrocarbon derivatives; Organopnictogen compounds; Organic oxygen compounds; Organic nitrogen compounds; Chemical entities"	236.126	161	2.684	836961182553140608	836961011928847360	836961011928847360	280	NA	280
1	"C17H22N2O5"	"[M + H3N + H]+"	"C17H26N3O5+"	"Amino acids and Peptides"	0.973	"Small peptides"	0.963	"Dipeptides"	0.788	"Organic acids and derivatives"	1	"Carboxylic acids and derivatives"	1	"Amino acids, peptides, and analogues"	1	"Peptides"	0.903	"Dipeptides"	0.543	"Organic compounds; Lipids and lipid-like molecules; Amino acids, peptides, and analogues; Alpha amino acids and derivatives; Phenethylamines; Amphetamines and derivatives; Phenylpropanoids and polyketides; Organic acids and derivatives; Carboxylic acids and derivatives; Organonitrogen compounds; Organooxygen compounds; Fatty amides; Amino acids and derivatives; Peptides; Carboxylic acid amides; Carboxylic acid derivatives; N-acyl amines; Monocarboxylic acids and derivatives; N-acyl-alpha amino acids and derivatives; Carboxylic acids; Secondary carboxylic acid amides; Carbonyl compounds; Benzene and substituted derivatives; Alpha amino acid amides; N-acyl-alpha amino acids; Benzenoids; Phenylpropanoic acids; Fatty Acyls; Organic oxides; Hydrocarbon derivatives; Valine and derivatives; Phenylalanine and derivatives; Organopnictogen compounds; Organic oxygen compounds; Organic nitrogen compounds; Dipeptides; Chemical entities"	352.187	163	2.712	836961177457060992	836961011966596096	836961011962401792	281	NA	281
2	"C11H16O3"	"[M + H3N + H]+"	"C11H20NO3+"	"Terpenoids"	0.55	"Sesquiterpenoids"	0.356	"Bisabolane sesquiterpenoids"	0.415	"Organic acids and derivatives"	0.778	"Carboxylic acids and derivatives"	0.765	"Carboxylic acids"	0.545	NA	NA	"Carboxylic acids"	0.545	"Organic compounds; Organic acids and derivatives; Carboxylic acids and derivatives; Organooxygen compounds; Monocarboxylic acids and derivatives; Carboxylic acids; Carbonyl compounds; Organic oxides; Hydrocarbon derivatives; Organic oxygen compounds; Chemical entities"	214.144	168	2.806	836961329139884416	836961012016927744	836961012016927744	282	NA	282
2	"C8H13N"	"[M + H]+"	"C8H14N+"	"Alkaloids"	0.718	"Lysine alkaloids"	0.379	"Acetate-derived alkaloids"	0.393	"Organic nitrogen compounds"	0.999	"Organonitrogen compounds"	0.999	"Amines"	0.862	"Secondary amines"	0.747	"Dialkylamines"	0.747	"Organic compounds; Organonitrogen compounds; Dialkylamines; Amines; Secondary amines; Hydrocarbon derivatives; Acetylides; Organopnictogen compounds; Organic nitrogen compounds; Chemical entities"	124.112	170	2.832	836961296952793728	836961012193088512	836961012193088512	287	NA	287
1	"C8H12O"	"[M + H3N + H]+"	"C8H16NO+"	"Fatty acids"	0.898	"Fatty acyls"	0.868	"Fatty aldehydes"	0.764	"Organic oxygen compounds"	0.983	"Organooxygen compounds"	0.973	"Carbonyl compounds"	0.633	NA	NA	"Carbonyl compounds"	0.633	"Organic compounds; Organooxygen compounds; Carbonyl compounds; Organic oxides; Hydrocarbon derivatives; Organic oxygen compounds; Chemical entities"	142.123	170	2.832	836961167483005056	836961012230837376	836961012226643072	288	NA	288
1	"C9H14O3"	"[M + H3N + H]+"	"C9H18NO3+"	"Fatty acids"	0.963	"Fatty Acids and Conjugates"	0.796	"Oxo fatty acids"	0.828	"Lipids and lipid-like molecules"	0.741	"Fatty Acyls"	0.682	"Fatty acids and conjugates"	0.601	NA	NA	"Fatty acids and conjugates"	0.601	"Organic compounds; Lipids and lipid-like molecules; Ketones; Fatty acids and conjugates; Organic acids and derivatives; Carboxylic acids and derivatives; Organooxygen compounds; Monocarboxylic acids and derivatives; Carboxylic acids; Carbonyl compounds; Fatty Acyls; Organic oxides; Hydrocarbon derivatives; Organic oxygen compounds; Chemical entities"	188.128	170	2.832	836961157458617728	836961012054676480	836961012050482176	283	NA	283
1	"C9H12O2"	"[M + H3N + H]+"	"C9H16NO2+"	"Fatty acids"	0.98	"Fatty Acids and Conjugates"	0.553	"Unsaturated fatty acids"	0.77	"Organic acids and derivatives"	0.534	"Carboxylic acids and derivatives"	0.552	"Monocarboxylic acids and derivatives"	0.703	NA	NA	"Monocarboxylic acids and derivatives"	0.703	"Organic compounds; Organic acids and derivatives; Carboxylic acids and derivatives; Organooxygen compounds; Monocarboxylic acids and derivatives; Carbonyl compounds; Organic oxides; Hydrocarbon derivatives; Organic oxygen compounds; Chemical entities"	170.118	170	2.832	836961162449839744	836961012088230912	836961012088230912	284	NA	284
1	"C11H21NO3"	"[M + H3N + H]+"	"C11H25N2O3+"	"Amino acids and Peptides"	0.439	"Small peptides"	0.711	"Aminoacids"	0.33	"Organic acids and derivatives"	0.995	"Carboxylic acids and derivatives"	0.993	"Amino acids, peptides, and analogues"	0.655	"Amino acids and derivatives"	0.655	"Amino acids and derivatives"	0.655	"Organic compounds; Lipids and lipid-like molecules; Amino acids, peptides, and analogues; Organic acids and derivatives; Carboxylic acids and derivatives; Organonitrogen compounds; Organooxygen compounds; Fatty acid esters; Amino acids and derivatives; Carboxylic acid derivatives; Monocarboxylic acids and derivatives; Carboxylic acid esters; Carbonyl compounds; Amines; Fatty Acyls; Organic oxides; Hydrocarbon derivatives; Organopnictogen compounds; Organic oxygen compounds; Organic nitrogen compounds; Chemical entities"	233.186	170	2.832	836961173208230528	836961012125979648	836961012125979648	285	NA	285
1	"C9H17NO3"	"[M + Na]+"	"C9H17NNaO3+"	"Amino acids and Peptides"	0.762	"Small peptides"	0.481	"Aminoacids"	0.36	"Organic acids and derivatives"	0.92	"Carboxylic acids and derivatives"	0.906	"Amino acids, peptides, and analogues"	0.532	"Amino acids and derivatives"	0.531	"Amino acids and derivatives"	0.531	"Organic compounds; Amino acids, peptides, and analogues; Organic acids and derivatives; Carboxylic acids and derivatives; Organonitrogen compounds; Organooxygen compounds; Amino acids and derivatives; Carboxylic acid derivatives; Monocarboxylic acids and derivatives; Carboxylic acids; Carbonyl compounds; Amines; Organic oxides; Hydrocarbon derivatives; Organopnictogen compounds; Organic oxygen compounds; Organic nitrogen compounds; Chemical entities"	210.11	170	2.832	836961194980864384	836961012159534080	836961012159534080	286	NA	286
3	"C8H14N2O5"	"[M + H3N + H]+"	"C8H18N3O5+"	"Amino acids and Peptides"	0.968	"Small peptides"	0.98	"Dipeptides"	0.647	"Organic acids and derivatives"	0.997	"Carboxylic acids and derivatives"	0.99	"Amino acids, peptides, and analogues"	0.918	"Amino acids and derivatives"	0.915	"Alpha amino acids and derivatives"	0.873	"Organic compounds; Lipids and lipid-like molecules; Amino acids, peptides, and analogues; Alpha amino acids and derivatives; Fatty acids and conjugates; Organic acids and derivatives; Carboxylic acids and derivatives; Organonitrogen compounds; Organooxygen compounds; Amino acids and derivatives; Monoalkylamines; Carboxylic acid amides; Carboxylic acid derivatives; Monocarboxylic acids and derivatives; Carboxylic acids; Secondary carboxylic acid amides; Carbonyl compounds; Amines; Primary amines; Fatty Acyls; Organic oxides; Hydrocarbon derivatives; Amino acids; Organopnictogen compounds; Organic oxygen compounds; Organic nitrogen compounds; Chemical entities"	236.126	170	2.836	836961196721500672	836961012264391808	836961012264391808	289	NA	289
1	"C21H38N4O7"	"[M + H3N + H]+"	"C21H42N5O7+"	"Carbohydrates"	0.987	"Aminosugars and aminoglycosides"	0.933	"Aminoglycosides"	0.968	"Organic oxygen compounds"	1	"Organooxygen compounds"	0.998	"Carbohydrates and carbohydrate conjugates"	0.935	"Aminosaccharides"	0.969	"4,6-disubstituted 2-deoxystreptamines"	0.846	"Organic compounds; Organoheterocyclic compounds; Carbohydrates and carbohydrate conjugates; Alcohols and polyols; Ethers; Organic acids and derivatives; Organonitrogen compounds; Aminoglycosides; Organooxygen compounds; Monoalkylamines; Cyclic alcohols and derivatives; Monosaccharides; Acetals; Secondary alcohols; Aminocyclitol glycosides; 1,2-aminoalcohols; Oxanes; Glycosyl compounds; O-glycosyl compounds; Amines; Primary amines; Alkanolamines; Cyclitols and derivatives; Aminocyclitols and derivatives; Cyclohexanols; Cyclohexylamines; Aminosaccharides; 4,6-disubstituted 2-deoxystreptamines; 2-deoxystreptamine aminoglycosides; Oxacyclic compounds; Hydrocarbon derivatives; Organopnictogen compounds; Organic oxygen compounds; Organic nitrogen compounds; Chemical entities"	476.307	175	2.91	836961204459992448	836961012297946240	836961012297946240	290	NA	290
1	"C12H18O4"	"[M + H3N + H]+"	"C12H22NO4+"	"Terpenoids"	0.742	"Sesquiterpenoids"	0.309	"Bisabolane sesquiterpenoids"	0.651	"Benzenoids"	0.515	NA	NA	NA	NA	NA	NA	"Benzenoids"	0.515	"Organic compounds; Alcohols and polyols; Ethers; Primary alcohols; Organooxygen compounds; Secondary alcohols; Benzenoids; Hydrocarbon derivatives; Organic oxygen compounds; Chemical entities"	244.154	177	2.957	836961166547675136	836961012331500672	836961012331500672	291	NA	291
1	"C27H35F3N2O4S2"	"[M + K]+"	"C27H35F3KN2O4S2+"	"Terpenoids"	0.321	"Small peptides"	0.047	"Phenylalanine-derived alkaloids"	0.038	"Benzenoids"	0.978	"Benzene and substituted derivatives"	0.945	"Trifluoromethylbenzenes"	0.652	NA	NA	"Trifluoromethylbenzenes"	0.652	"Organic compounds; Organosulfur compounds; Organic acids and derivatives; Carboxylic acids and derivatives; Organohalogen compounds; Organosulfonic acids and derivatives; Organonitrogen compounds; Organooxygen compounds; Carboxylic acid amides; Alkyl fluorides; Carboxylic acid derivatives; Sulfonyls; Organofluorides; Organosulfonamides; Carbonyl compounds; Benzene and substituted derivatives; Benzenoids; Alkyl halides; Aminosulfonyl compounds; Organic oxides; Hydrocarbon derivatives; Benzenesulfonyl compounds; Organic sulfonic acids and derivatives; Trifluoromethylbenzenes; Organopnictogen compounds; Organic oxygen compounds; Organic nitrogen compounds; Chemical entities"	611.161	178	2.974	836961270725809280	836961012365055104	836961012365055104	292	NA	292
1	"C11H14O3"	"[M + H3N + H]+"	"C11H18NO3+"	"Terpenoids"	0.478	"Monoterpenoids"	0.19	"Bisabolane sesquiterpenoids"	0.091	"Organic oxygen compounds"	1	"Organooxygen compounds"	0.999	"Carbonyl compounds"	0.686	NA	NA	"Carbonyl compounds"	0.686	"Organic compounds; Organic acids and derivatives; Organooxygen compounds; Carbonyl compounds; Organic oxides; Hydrocarbon derivatives; Organic oxygen compounds; Chemical entities"	212.126	179	2.991	836961184604155392	836961012436358272	836961012436358272	294	NA	294
1	"C9H14O2"	"[M + H]+"	"C9H15O2+"	"Fatty acids"	0.834	"Monoterpenoids"	0.342	"Fatty aldehydes"	0.385	"Organic oxygen compounds"	0.999	"Organooxygen compounds"	0.997	"Carbonyl compounds"	0.803	NA	NA	"Carbonyl compounds"	0.803	"Organic compounds; Organooxygen compounds; Carbonyl compounds; Organic oxides; Hydrocarbon derivatives; Organic oxygen compounds; Chemical entities"	155.107	181	3.012	836961169664043136	836961012545410176	836961012545410176	297	NA	297
1	"C11H21NO2"	"[M + H3N + H]+"	"C11H25N2O2+"	"Fatty acids"	0.463	"Fatty amides"	0.222	"Pyrrolidine alkaloids"	0.17	"Lipids and lipid-like molecules"	0.581	"Fatty Acyls"	0.542	NA	NA	NA	NA	"Fatty Acyls"	0.542	"Organic compounds; Lipids and lipid-like molecules; Organic acids and derivatives; Carboxylic acids and derivatives; Organonitrogen compounds; Organooxygen compounds; Carboxylic acid amides; Carboxylic acid derivatives; Monocarboxylic acids and derivatives; Carboxylic acids; Carbonyl compounds; Fatty Acyls; Organic oxides; Hydrocarbon derivatives; Organopnictogen compounds; Organic oxygen compounds; Organic nitrogen compounds; Chemical entities"	217.191	181	3.015	836961174550407936	836961012474107008	836961012474107008	295	NA	295
1	"C9H14O2"	"[M + H3N + H]+"	"C9H18NO2+"	"Fatty acids"	0.955	"Fatty Acids and Conjugates"	0.623	"Unsaturated fatty acids"	0.724	"Lipids and lipid-like molecules"	0.579	NA	NA	NA	NA	NA	NA	"Lipids and lipid-like molecules"	0.579	"Organic compounds; Lipids and lipid-like molecules; Organic acids and derivatives; Carboxylic acids and derivatives; Organooxygen compounds; Monocarboxylic acids and derivatives; Carboxylic acids; Carbonyl compounds; Organic oxides; Hydrocarbon derivatives; Organic oxygen compounds; Chemical entities"	172.133	181	3.015	836961161975883264	836961012511855744	836961012511855744	296	NA	296
1	"C9H17NO2"	"[M + K]+"	"C9H17KNO2+"	"Amino acids and Peptides"	0.848	"Small peptides"	0.858	"Aminoacids"	0.797	"Organic acids and derivatives"	0.952	"Carboxylic acids and derivatives"	0.952	"Amino acids, peptides, and analogues"	0.851	"Amino acids and derivatives"	0.851	"Amino acids"	0.824	"Organic compounds; Lipids and lipid-like molecules; Amino acids, peptides, and analogues; Fatty acids and conjugates; Organic acids and derivatives; Carboxylic acids and derivatives; Organonitrogen compounds; Organooxygen compounds; Amino acids and derivatives; Monoalkylamines; Monocarboxylic acids and derivatives; Carboxylic acids; Carbonyl compounds; Amines; Primary amines; Fatty Acyls; Organic oxides; Hydrocarbon derivatives; Amino acids; Organopnictogen compounds; Organic oxygen compounds; Organic nitrogen compounds; Chemical entities"	210.089	181	3.021	836961164781872896	836961012578964608	836961012578964608	298	NA	298
1	"C23H42N4O8"	"[M + H3N + H]+"	"C23H46N5O8+"	"Amino acids and Peptides"	0.486	"Oligopeptides"	0.478	"Aminoacids"	0.131	"Organic oxygen compounds"	1	"Organooxygen compounds"	0.999	"Ethers"	0.957	"Dialkyl ethers"	0.972	"Dialkyl ethers"	0.972	"Organic compounds; Organoheterocyclic compounds; Alcohols and polyols; Ethers; Organonitrogen compounds; Primary alcohols; Organooxygen compounds; Dialkyl ethers; Amines; Azacyclic compounds; Hydrocarbon derivatives; Organopnictogen compounds; Organic oxygen compounds; Organic nitrogen compounds; Chemical entities"	520.333	182	3.036	836961187808604032	836961012616713344	836961012616713344	299	NA	299
1	"C13H20O4"	"[M + H3N + H]+"	"C13H24NO4+"	"Terpenoids"	0.418	"Sesquiterpenoids"	0.408	"Bisabolane sesquiterpenoids"	0.514	"Lipids and lipid-like molecules"	0.544	NA	NA	NA	NA	NA	NA	"Lipids and lipid-like molecules"	0.544	"Organic compounds; Lipids and lipid-like molecules; Alcohols and polyols; Organic acids and derivatives; Carboxylic acids and derivatives; Organooxygen compounds; Carbonyl compounds; Organic oxides; Hydrocarbon derivatives; Organic oxygen compounds; Chemical entities"	258.17	188	3.128	836961179487104256	836961012654462080	836961012654462080	300	NA	300
1	"C11H16O4"	"[M + H3N + H]+"	"C11H20NO4+"	"Fatty acids"	0.96	"Fatty Acids and Conjugates"	0.765	"Dicarboxylic acids"	0.45	"Lipids and lipid-like molecules"	0.658	"Fatty Acyls"	0.652	"Fatty acids and conjugates"	0.57	NA	NA	"Fatty acids and conjugates"	0.57	"Organic compounds; Lipids and lipid-like molecules; Fatty acids and conjugates; Organic acids and derivatives; Carboxylic acids and derivatives; Organooxygen compounds; Monocarboxylic acids and derivatives; Carboxylic acids; Carbonyl compounds; Fatty Acyls; Organic oxides; Hydrocarbon derivatives; Organic oxygen compounds; Chemical entities"	230.139	188	3.137	836961172960766464	836961012692210816	836961012688016512	301	NA	301
1	"C28H52O6P2"	"[M + H3N + H]+"	"C28H56NO6P2+"	"Terpenoids"	0.956	"Glycerophospholipids"	0.522	"Glycerophosphates"	0.796	"Organic acids and derivatives"	0.99	"Organic phosphoric acids and derivatives"	0.462	"Phosphate esters"	0.494	"Alkyl phosphates"	0.257	"Monoalkyl phosphates"	0.583	"Organic compounds; Lipids and lipid-like molecules; Prenol lipids; Organic acids and derivatives; Organooxygen compounds; Organophosphorus compounds; Organic phosphonic acids and derivatives; Phosphonic acid esters; Organic phosphonic acids; Monoalkyl phosphates; Organic oxides; Hydrocarbon derivatives; Organic oxygen compounds; Chemical entities"	564.359	189	3.149	836961194326552832	836961012792874112	836961012792874112	304	NA	304
1	"C12H16O2"	"[M + H3N + H]+"	"C12H20NO2+"	"Terpenoids"	0.914	"Sesquiterpenoids"	0.424	"Bisabolane sesquiterpenoids"	0.589	"Organic oxygen compounds"	0.999	"Organooxygen compounds"	0.998	NA	NA	NA	NA	"Organooxygen compounds"	0.998	"Organic compounds; Organooxygen compounds; Hydrocarbon derivatives; Organic oxygen compounds; Chemical entities"	210.149	191	3.175	836961168867125376	836961012893537408	836961012893537408	307	NA	307
1	"C14H25NO3"	"[M + H3N + H]+"	"C14H29N2O3+"	"Alkaloids"	0.393	"Pseudoalkaloids (transamidation)"	0.16	"Open-chain polyketides"	0.063	"Lipids and lipid-like molecules"	0.663	"Fatty Acyls"	0.627	NA	NA	NA	NA	"Fatty Acyls"	0.627	"Organic compounds; Lipids and lipid-like molecules; Organic acids and derivatives; Carboxylic acids and derivatives; Organonitrogen compounds; Organooxygen compounds; Carboxylic acid derivatives; Monocarboxylic acids and derivatives; Carbonyl compounds; Amines; Fatty Acyls; Organic oxides; Hydrocarbon derivatives; Organopnictogen compounds; Organic oxygen compounds; Organic nitrogen compounds; Chemical entities"	273.217	191	3.176	836961170540652800	836961012826428544	836961012826428544	305	NA	305
1	"C12H21NO3"	"[M + Na]+"	"C12H21NNaO3+"	"Alkaloids"	0.476	"Tyrosine alkaloids"	0.222	"Phenylethylamines"	0.302	"Benzenoids"	0.418	"Benzene and substituted derivatives"	0.546	NA	NA	NA	NA	"Benzene and substituted derivatives"	0.546	"Organic compounds; Organic acids and derivatives; Carboxylic acids and derivatives; Organonitrogen compounds; Organooxygen compounds; Monoalkylamines; Carbonyl compounds; Benzene and substituted derivatives; Amines; Primary amines; Organic oxides; Hydrocarbon derivatives; Organopnictogen compounds; Organic oxygen compounds; Organic nitrogen compounds; Chemical entities"	250.141	191	3.177	836961227264425984	836961012859982976	836961012859982976	306	NA	306
1	"C22H38N4O6"	"[M + H3N + H]+"	"C22H42N5O6+"	"Amino acids and Peptides"	0.996	"Small peptides"	0.907	"Tripeptides"	0.798	"Organic acids and derivatives"	1	"Carboxylic acids and derivatives"	1	"Amino acids, peptides, and analogues"	0.995	"Peptides"	0.976	"Oligopeptides"	0.866	"Organic compounds; Lipids and lipid-like molecules; Amino acids, peptides, and analogues; Alpha amino acids and derivatives; Fatty acids and conjugates; Organic acids and derivatives; Carboxylic acids and derivatives; Organonitrogen compounds; Organooxygen compounds; Fatty amides; Branched fatty acids; Dicarboxylic acids and derivatives; Amino acids and derivatives; Peptides; Carboxylic acid amides; Carboxylic acid derivatives; N-acyl amines; N-acyl-alpha amino acids and derivatives; Carboxylic acids; Secondary carboxylic acid amides; Carbonyl compounds; Alpha amino acid amides; N-acyl-alpha amino acids; Methyl-branched fatty acids; Fatty Acyls; Organic oxides; Hydrocarbon derivatives; Valine and derivatives; Leucine and derivatives; Organopnictogen compounds; Organic oxygen compounds; Organic nitrogen compounds; Oligopeptides; Chemical entities"	472.313	191	3.183	836961169403996288	836961012931286144	836961012931286144	308	NA	308
2	"C18H29NO4"	"[M + H]+"	"C18H30NO4+"	"Polyketides"	0.432	"Linear polyketides"	0.25	"Open-chain polyketides"	0.256	"Benzenoids"	0.857	"Benzene and substituted derivatives"	0.805	NA	NA	NA	NA	"Benzene and substituted derivatives"	0.805	"Organic compounds; Ethers; Organic acids and derivatives; Carboxylic acids and derivatives; Organonitrogen compounds; Organooxygen compounds; Carboxylic acid derivatives; Dialkyl ethers; Carbonyl compounds; Benzene and substituted derivatives; Benzenoids; Amines; Organic oxides; Hydrocarbon derivatives; Organopnictogen compounds; Organic oxygen compounds; Organic nitrogen compounds; Chemical entities"	324.217	194	3.239	836961201679168640	836961012964840576	836961012964840576	309	NA	309
1	"C31H55N5O6S"	"[M - H2O + H]+"	"C31H54N5O5S+"	"Amino acids and Peptides"	0.791	"Oligopeptides"	0.988	"Linear peptides"	0.397	"Organic acids and derivatives"	0.997	"Carboxylic acids and derivatives"	0.985	"Amino acids, peptides, and analogues"	0.886	"Peptides"	0.547	"Peptides"	0.547	"Organic compounds; Organoheterocyclic compounds; Organosulfur compounds; Lipids and lipid-like molecules; Amino acids, peptides, and analogues; Alpha amino acids and derivatives; Alcohols and polyols; Organic acids and derivatives; Carboxylic acids and derivatives; Organonitrogen compounds; Organooxygen compounds; Fatty amides; Amino acids and derivatives; Peptides; Carboxylic acid amides; Carboxylic acid derivatives; N-acyl amines; Monocarboxylic acids and derivatives; N-acyl-alpha amino acids and derivatives; Secondary carboxylic acid amides; Carbonyl compounds; Alpha amino acid amides; Fatty Acyls; Organic oxides; Azacyclic compounds; Hydrocarbon derivatives; Organopnictogen compounds; Organic oxygen compounds; Organic nitrogen compounds; Chemical entities"	608.386	195	3.249	836961229416104192	836961012998395008	836961012998395008	310	NA	310
3	"C12H19N2O4"	"[M + H3N + H]+"	"C12H23N3O4+"	"Amino acids and Peptides"	0.772	"Small peptides"	0.404	"Dipeptides"	0.286	"Lipids and lipid-like molecules"	0.736	"Fatty Acyls"	0.719	"Fatty acids and conjugates"	0.519	NA	NA	"Fatty acids and conjugates"	0.519	"Organic compounds; Lipids and lipid-like molecules; Fatty acids and conjugates; Organic acids and derivatives; Carboxylic acids and derivatives; Organonitrogen compounds; Organooxygen compounds; Fatty amides; Carboxylic acid amides; Carboxylic acid derivatives; Secondary carboxylic acid amides; Carbonyl compounds; Fatty Acyls; Organic oxides; Hydrocarbon derivatives; Organopnictogen compounds; Organic oxygen compounds; Organic nitrogen compounds; Chemical entities"	273.167	199	3.321	836961172377758080	836961013069698176	836961013069698176	312	NA	312
1	"C12H26O5"	"[M + H]+"	"C12H27O5+"	"Fatty acids"	0.985	"Fatty acyls"	0.919	"Fatty alcohols"	0.855	"Organic oxygen compounds"	1	"Organooxygen compounds"	1	"Alcohols and polyols"	0.979	"Secondary alcohols"	0.731	"Secondary alcohols"	0.731	"Organic compounds; Alcohols and polyols; Ethers; Primary alcohols; Organooxygen compounds; Dialkyl ethers; Secondary alcohols; Hydrocarbon derivatives; Organic oxygen compounds; Chemical entities"	251.185	199	3.322	836961186705501952	836961013036143744	836961013036143744	311	NA	311
1	"C12H16O4"	"[M + H3N + H]+"	"C12H20NO4+"	"Polyketides"	0.902	"Macrolides"	0.873	"Macrolide lactones"	0.973	"Organic acids and derivatives"	0.933	"Carboxylic acids and derivatives"	0.904	"Carboxylic acid derivatives"	0.623	"Carboxylic acid esters"	0.634	"Enoate esters"	0.616	"Organic compounds; Organoheterocyclic compounds; Lactones; Alcohols and polyols; Organic acids and derivatives; Carboxylic acids and derivatives; Organooxygen compounds; Carboxylic acid derivatives; Monocarboxylic acids and derivatives; Carboxylic acid esters; Secondary alcohols; Carbonyl compounds; Enoate esters; Alpha,beta-unsaturated carboxylic esters; Organic oxides; Oxacyclic compounds; Hydrocarbon derivatives; Organic oxygen compounds; Chemical entities"	242.139	201	3.344	836961184771927680	836961013107446912	836961013107446912	313	NA	313
1	"C10H14O2"	"[M + H]+"	"C10H15O2+"	"Terpenoids"	0.799	"Monoterpenoids"	0.643	"Menthane monoterpenoids"	0.314	"Organic acids and derivatives"	0.463	"Carboxylic acids and derivatives"	0.511	"Monocarboxylic acids and derivatives"	0.569	NA	NA	"Monocarboxylic acids and derivatives"	0.569	"Organic compounds; Carboxylic acids and derivatives; Organooxygen compounds; Monocarboxylic acids and derivatives; Carbonyl compounds; Organic oxides; Hydrocarbon derivatives; Organic oxygen compounds; Chemical entities"	167.107	201	3.345	836961175519292288	836961013250053248	836961013250053248	317	NA	317
1	"C10H14O2"	"[M + H3N + H]+"	"C10H18NO2+"	"Fatty acids"	0.848	"Fatty acyls"	0.531	"Fatty aldehydes"	0.671	"Organic oxygen compounds"	0.998	"Organooxygen compounds"	0.996	"Carbonyl compounds"	0.832	NA	NA	"Carbonyl compounds"	0.832	"Organic compounds; Organooxygen compounds; Carbonyl compounds; Organic oxides; Hydrocarbon derivatives; Organic oxygen compounds; Chemical entities"	184.133	201	3.346	836961173405362816	836961013145195648	836961013141001344	314	NA	314
1	"C12H21NO2"	"[M + H3N + H]+"	"C12H25N2O2+"	"Alkaloids"	0.471	"Small peptides"	0.286	"Phenylethylamines"	0.21	"Organic acids and derivatives"	0.893	"Carboxylic acids and derivatives"	0.901	"Amino acids, peptides, and analogues"	0.768	"Amino acids and derivatives"	0.769	"Amino acids and derivatives"	0.769	"Organic compounds; Amino acids, peptides, and analogues; Organic acids and derivatives; Carboxylic acids and derivatives; Organonitrogen compounds; Organooxygen compounds; Amino acids and derivatives; Carboxylic acid derivatives; Monocarboxylic acids and derivatives; Carboxylic acid esters; Carbonyl compounds; Dialkylamines; Amines; Organic oxides; Hydrocarbon derivatives; Organopnictogen compounds; Organic oxygen compounds; Organic nitrogen compounds; Chemical entities"	229.191	201	3.346	836961177209597056	836961013216498816	836961013216498816	316	NA	316
1	"C10H19NO3"	"[M + Na]+"	"C10H19NNaO3+"	"Amino acids and Peptides"	0.494	"Small peptides"	0.54	"Aminoacids"	0.422	"Organic acids and derivatives"	0.988	"Carboxylic acids and derivatives"	0.979	"Amino acids, peptides, and analogues"	0.752	"Amino acids and derivatives"	0.75	"Alpha amino acids and derivatives"	0.633	"Organic compounds; Lipids and lipid-like molecules; Amino acids, peptides, and analogues; Alpha amino acids and derivatives; Organic acids and derivatives; Carboxylic acids and derivatives; Organonitrogen compounds; Organooxygen compounds; Amino acids and derivatives; Carboxylic acid derivatives; Monocarboxylic acids and derivatives; Carboxylic acids; Carbonyl compounds; Organic oxides; Hydrocarbon derivatives; Organopnictogen compounds; Organic oxygen compounds; Organic nitrogen compounds; Chemical entities"	224.126	202	3.367	836961174810454912	836961013283607680	836961013283607680	318	NA	318
1	"C17H26O6"	"[M + H3N + H]+"	"C17H30NO6+"	"Terpenoids"	0.794	"Sesquiterpenoids"	0.586	"Bisabolane sesquiterpenoids"	0.151	"Lipids and lipid-like molecules"	0.736	NA	NA	NA	NA	NA	NA	"Lipids and lipid-like molecules"	0.736	"Organic compounds; Lipids and lipid-like molecules; Alcohols and polyols; Organic acids and derivatives; Carboxylic acids and derivatives; Primary alcohols; Organooxygen compounds; Carboxylic acid derivatives; Carboxylic acid esters; Secondary alcohols; Carbonyl compounds; Organic oxides; Hydrocarbon derivatives; Organic oxygen compounds; Chemical entities"	344.207	208	3.465	836961185975692928	836961013321356416	836961013321356416	319	NA	319
1	"C13H25ClN2O2"	"[M + Na]+"	"C13H25ClN2NaO2+"	"Alkaloids"	0.529	"Ornithine alkaloids"	0.326	"Phenylethylamines"	0.083	"Benzenoids"	0.952	"Benzene and substituted derivatives"	0.936	"Halobenzenes"	0.845	"Chlorobenzenes"	0.842	"Chlorobenzenes"	0.842	"Organic compounds; Halobenzenes; Organohalogen compounds; Organonitrogen compounds; Organooxygen compounds; Aryl chlorides; Chlorobenzenes; Organochlorides; Dialkylamines; Trialkylamines; Benzene and substituted derivatives; Benzenoids; Amines; Tertiary amines; Aryl halides; Aralkylamines; Organic oxides; Hydrocarbon derivatives; Organopnictogen compounds; Organic oxygen compounds; Organic nitrogen compounds; Chemical entities"	299.149	209	3.489	836961193336696960	836961013388465408	836961013388465408	321	NA	321
1	"C6H14O6"	"[M - H2O + H]+"	"C6H13O5+"	"Fatty acids"	0.979	"Fatty acyls"	0.991	"Fatty alcohols"	0.996	"Organic oxygen compounds"	1	"Organooxygen compounds"	0.999	"Carbohydrates and carbohydrate conjugates"	0.917	"Monosaccharides"	0.895	"Monosaccharides"	0.895	"Organic compounds; Carbohydrates and carbohydrate conjugates; Alcohols and polyols; Primary alcohols; Organooxygen compounds; Monosaccharides; Secondary alcohols; Sugar alcohols; Polyols; Hydrocarbon derivatives; Organic oxygen compounds; Chemical entities"	165.076	210	3.498	836961197753299712	836961013493323008	836961013493323008	324	NA	324
1	"C9H12O2"	"[M - H2O + H]+"	"C9H11O+"	"Terpenoids"	0.58	"Monoterpenoids"	0.235	"Bisabolane sesquiterpenoids"	0.192	"Benzenoids"	0.787	"Benzene and substituted derivatives"	0.671	NA	NA	NA	NA	"Benzene and substituted derivatives"	0.671	"Organic compounds; Alcohols and polyols; Primary alcohols; Organooxygen compounds; Benzene and substituted derivatives; Benzenoids; Hydrocarbon derivatives; Organic oxygen compounds; Chemical entities"	135.081	210	3.499	836961171400485248	836961013531071744	836961013526877440	325	NA	325
2	"C17H14Cl2N2O4"	"[M + H3N + H]+"	"C17H18Cl2N3O4+"	"Alkaloids"	0.688	"Proline alkaloids"	0.31	"Pyrrole alkaloids"	0.309	"Benzenoids"	0.994	"Phenol ethers"	0.78	"Anisoles"	0.627	NA	NA	"Anisoles"	0.627	"Organic compounds; Organoheterocyclic compounds; Halobenzenes; Alkyl aryl ethers; Anisoles; Ethers; Organic acids and derivatives; Organohalogen compounds; Organonitrogen compounds; Organooxygen compounds; Aryl chlorides; Chlorobenzenes; Organic oxoazanium compounds; Organochlorides; Benzene and substituted derivatives; Phenol ethers; Benzenoids; Dichlorobenzenes; Aryl halides; Organic oxides; Methoxybenzenes; C-nitro compounds; Azacyclic compounds; Heteroaromatic compounds; Hydrocarbon derivatives; Organopnictogen compounds; Organic oxygen compounds; Organic nitrogen compounds; Phenoxy compounds; Chemical entities"	398.066	210	3.501	836961242150012928	836961013459768576	836961013459768576	323	NA	323
1	"C6H10O4"	"[M - H2O + H]+"	"C6H9O3+"	"Fatty acids"	0.961	"Fatty Acids and Conjugates"	0.891	"Dicarboxylic acids"	0.758	"Lipids and lipid-like molecules"	0.614	"Fatty Acyls"	0.611	NA	NA	NA	NA	"Fatty Acyls"	0.611	"Organic compounds; Lipids and lipid-like molecules; Alcohols and polyols; Organic acids and derivatives; Carboxylic acids and derivatives; Organooxygen compounds; Monocarboxylic acids and derivatives; Carboxylic acids; Carbonyl compounds; Fatty Acyls; Organic oxides; Hydrocarbon derivatives; Organic oxygen compounds; Chemical entities"	129.055	210	3.507	836961174248418048	836961013635929344	836961013635929344	328	NA	328
1	"C6H12O5"	"[M - H2O + H]+"	"C6H11O4+"	"Carbohydrates"	0.974	"Saccharides"	0.922	"Monosaccharides"	0.845	"Organic oxygen compounds"	1	"Organooxygen compounds"	1	"Carbohydrates and carbohydrate conjugates"	0.887	"Monosaccharides"	0.869	"Monosaccharides"	0.869	"Organic compounds; Carbohydrates and carbohydrate conjugates; Alcohols and polyols; Primary alcohols; Organooxygen compounds; Monosaccharides; Secondary alcohols; Short-chain aldehydes; Polyols; Hydrocarbon derivatives; Organic oxygen compounds; Chemical entities"	147.065	210	3.507	836961188035096448	836961013673678080	836961013673678080	329	NA	329
3	"C17H19ClN2O6"	"[M + H]+"	"C17H20ClN2O6+"	"Alkaloids"	0.167	"Chromanes"	0.329	"Azaphilones"	0.308	"Organic oxygen compounds"	0.999	"Organooxygen compounds"	0.998	"Carbohydrates and carbohydrate conjugates"	0.861	"Glycosyl compounds"	0.639	"Glycosylamines"	0.681	"Organic compounds; Organoheterocyclic compounds; Carbohydrates and carbohydrate conjugates; Alcohols and polyols; Organic acids and derivatives; Carboxylic acids and derivatives; Organohalogen compounds; Organonitrogen compounds; Organooxygen compounds; Aryl chlorides; Carboxylic acid derivatives; Monocarboxylic acids and derivatives; Carboxylic acid esters; Organochlorides; Monosaccharides; Secondary alcohols; Carbonyl compounds; Glycosyl compounds; Glycosylamines; Polyols; Benzenoids; 1,2-diols; Aryl halides; Organic oxides; Azacyclic compounds; Oxacyclic compounds; Heteroaromatic compounds; Hydrocarbon derivatives; Organopnictogen compounds; Organic oxygen compounds; Organic nitrogen compounds; Chemical entities"	383.101	211	3.509	836961264090419712	836961013786924288	836961013786924288	332	NA	332
2	"C6H14O6"	"[M - H2O + H]+"	"C6H13O5+"	"Fatty acids"	0.977	"Fatty acyls"	0.992	"Fatty alcohols"	0.997	"Organic oxygen compounds"	1	"Organooxygen compounds"	0.999	"Carbohydrates and carbohydrate conjugates"	0.933	"Monosaccharides"	0.906	"Monosaccharides"	0.906	"Organic compounds; Carbohydrates and carbohydrate conjugates; Alcohols and polyols; Primary alcohols; Organooxygen compounds; Monosaccharides; Secondary alcohols; Sugar alcohols; Polyols; Hydrocarbon derivatives; Organic oxygen compounds; Chemical entities"	165.076	211	3.51	836961170532264192	836961013749175552	836961013749175552	331	NA	331
1	"C9H12O2"	"[M - H2O + H]+"	"C9H11O+"	"Terpenoids"	0.851	"Monoterpenoids"	0.565	"Menthane monoterpenoids"	0.236	"Organic oxygen compounds"	0.999	"Organooxygen compounds"	0.997	"Carbonyl compounds"	0.7	NA	NA	"Carbonyl compounds"	0.7	"Organic compounds; Organooxygen compounds; Carbonyl compounds; Organic oxides; Hydrocarbon derivatives; Organic oxygen compounds; Chemical entities"	135.081	211	3.51	836961173501831808	836961013711426816	836961013711426816	330	NA	330
3	"C13H13N5O4"	"[M + H3N + H]+"	"C13H17N6O4+"	"Alkaloids"	0.686	"Pseudoalkaloids (transamidation)"	0.248	"Purine alkaloids"	0.426	"Benzenoids"	0.431	"Benzene and substituted derivatives"	0.51	NA	NA	NA	NA	"Benzene and substituted derivatives"	0.51	"Organic compounds; Organoheterocyclic compounds; Organic acids and derivatives; Carboxylic acids and derivatives; Organonitrogen compounds; Organooxygen compounds; Azoles; Benzene and substituted derivatives; Organic oxides; Azacyclic compounds; Heteroaromatic compounds; Hydrocarbon derivatives; Organopnictogen compounds; Organic oxygen compounds; Organic nitrogen compounds; Chemical entities"	321.131	211	3.51	836961172696525312	836961013828867328	836961013824673024	333	NA	333
2	"C15H24O7"	"[M - H2O + H]+"	"C15H23O6+"	"Terpenoids"	0.695	"Monoterpenoids"	0.503	"Fatty acyl glycosides of mono- and disaccharides"	0.295	"Organic oxygen compounds"	1	"Organooxygen compounds"	1	"Carbohydrates and carbohydrate conjugates"	0.853	"Glycosyl compounds"	0.686	"O-glycosyl compounds"	0.735	"Organic compounds; Organoheterocyclic compounds; Carbohydrates and carbohydrate conjugates; Lipids and lipid-like molecules; Alcohols and polyols; Ethers; Primary alcohols; Organooxygen compounds; Monosaccharides; Acetals; Secondary alcohols; Oxanes; Glycosyl compounds; O-glycosyl compounds; Polyols; Fatty Acyls; Oxacyclic compounds; Hydrocarbon derivatives; Organic oxygen compounds; Chemical entities"	299.149	211	3.51	836961194582405376	836961013866616064	836961013866616064	334	NA	334
1	"C15H22O6"	"[M + H3N + H]+"	"C15H26NO6+"	"Terpenoids"	0.402	"Fatty acyl glycosides"	0.306	"Macrolide lactones"	0.242	"Organic oxygen compounds"	1	"Organooxygen compounds"	1	"Carbohydrates and carbohydrate conjugates"	0.874	"Monosaccharides"	0.873	"Hexoses"	0.635	"Organic compounds; Organoheterocyclic compounds; Carbohydrates and carbohydrate conjugates; Lipids and lipid-like molecules; Alcohols and polyols; Ethers; Organooxygen compounds; Hexoses; Monosaccharides; Acetals; Secondary alcohols; Carbonyl compounds; Oxanes; Glycosyl compounds; O-glycosyl compounds; Polyols; Fatty Acyls; Oxacyclic compounds; Hydrocarbon derivatives; Organic oxygen compounds; Chemical entities"	316.176	211	3.51	836961214656346624	836961013942113536	836961013937919232	336	NA	336
1	"C30H44O12"	"[M + Na]+"	"C30H44NaO12+"	"Terpenoids"	0.64	"Macrolides"	0.313	"Spirotetronate macrolides"	0.118	"Organic oxygen compounds"	1	"Organooxygen compounds"	1	"Carbohydrates and carbohydrate conjugates"	0.872	"Glycosyl compounds"	0.666	"O-glycosyl compounds"	0.677	"Organic compounds; Organoheterocyclic compounds; Carbohydrates and carbohydrate conjugates; Lipids and lipid-like molecules; Alcohols and polyols; Ethers; Prenol lipids; Organic acids and derivatives; Carboxylic acids and derivatives; Organooxygen compounds; Carboxylic acid derivatives; Carboxylic acid esters; Cyclic alcohols and derivatives; Monosaccharides; Acetals; Secondary alcohols; Carbonyl compounds; Oxanes; Glycosyl compounds; O-glycosyl compounds; Polyols; Enoate esters; Alpha,beta-unsaturated carboxylic esters; Organic oxides; Oxacyclic compounds; Hydrocarbon derivatives; Organic oxygen compounds; Chemical entities"	619.273	211	3.51	836961252220538112	836961013564626176	836961013564626176	326	NA	326
1	"C17H26O6"	"[M + H3N + H]+"	"C17H30NO6+"	"Terpenoids"	0.817	"Sesquiterpenoids"	0.505	"Bisabolane sesquiterpenoids"	0.16	"Lipids and lipid-like molecules"	0.606	NA	NA	NA	NA	NA	NA	"Lipids and lipid-like molecules"	0.606	"Organic compounds; Organoheterocyclic compounds; Lipids and lipid-like molecules; Alcohols and polyols; Ethers; Organooxygen compounds; Secondary alcohols; Carbonyl compounds; Organic oxides; Oxacyclic compounds; Hydrocarbon derivatives; Organic oxygen compounds; Chemical entities"	344.207	211	3.511	836961203742766336	836961013904364800	836961013904364800	335	NA	335
2	"C12H16O3"	"[M + H3N + H]+"	"C12H20NO3+"	"Terpenoids"	0.616	"Sesquiterpenoids"	0.462	"Bisabolane sesquiterpenoids"	0.544	"Benzenoids"	0.889	"Benzene and substituted derivatives"	0.727	NA	NA	NA	NA	"Benzene and substituted derivatives"	0.727	"Organic compounds; Alcohols and polyols; Ethers; Organooxygen compounds; Benzene and substituted derivatives; Benzenoids; Hydrocarbon derivatives; Organic oxygen compounds; Chemical entities"	226.144	211	3.518	836961182465060224	836961014046971136	836961014046971136	339	NA	339
1	"C15H22Cl2N4O2"	"[M + Na]+"	"C15H22Cl2N4NaO2+"	"Alkaloids"	0.502	"Proline alkaloids"	0.238	"Pyrrole alkaloids"	0.237	"Benzenoids"	0.83	"Phenol ethers"	0.539	NA	NA	NA	NA	"Phenol ethers"	0.539	"Organic compounds; Organoheterocyclic compounds; Halobenzenes; Alkyl aryl ethers; Organohalogen compounds; Organonitrogen compounds; Organooxygen compounds; Azoles; Aryl chlorides; Chlorobenzenes; Organochlorides; Benzene and substituted derivatives; Phenol ethers; Benzenoids; Aryl halides; Azacyclic compounds; Heteroaromatic compounds; Hydrocarbon derivatives; Organopnictogen compounds; Organic oxygen compounds; Organic nitrogen compounds; Phenoxy compounds; Chemical entities"	383.101	216	3.608	836961309997079808	836961014114080000	836961014114080000	341	NA	341
3	"C9H6NS"	"[M + H3N + H]+"	"C9H10N2S+"	"Alkaloids"	0.34	"Nicotinic acid alkaloids"	0.166	"Pyridine alkaloids"	0.167	"Benzenoids"	0.933	"Benzene and substituted derivatives"	0.54	NA	NA	NA	NA	"Benzene and substituted derivatives"	0.54	"Organic compounds; Organoheterocyclic compounds; Thiazoles; Organonitrogen compounds; Azoles; Benzene and substituted derivatives; Benzenoids; Azacyclic compounds; Heteroaromatic compounds; Hydrocarbon derivatives; Organopnictogen compounds; Organic nitrogen compounds; Chemical entities"	178.057	217	3.616	836961177075379328	836961014151828736	836961014151828736	342	NA	342
1	"C6H12O5"	"[M - H2O + H]+"	"C6H11O4+"	"Carbohydrates"	0.929	"Saccharides"	0.868	"Monosaccharides"	0.856	"Organic oxygen compounds"	1	"Organooxygen compounds"	1	"Carbohydrates and carbohydrate conjugates"	0.837	"Monosaccharides"	0.826	"Monosaccharides"	0.826	"Organic compounds; Carbohydrates and carbohydrate conjugates; Alcohols and polyols; Primary alcohols; Organooxygen compounds; Monosaccharides; Secondary alcohols; Carbonyl compounds; Short-chain aldehydes; Polyols; Organic oxides; Hydrocarbon derivatives; Organic oxygen compounds; Chemical entities"	147.065	217	3.617	836961201654002816	836961014294435072	836961014294435072	346	NA	346
1	"C15H21NO7S"	"[M + K]+"	"C15H21KNO7S+"	"Amino acids and Peptides"	0.957	"Amino acid glycosides"	0.905	"Glucosinolates"	0.092	"Benzenoids"	0.764	"Benzene and substituted derivatives"	0.772	NA	NA	NA	NA	"Benzene and substituted derivatives"	0.772	"Organic compounds; Organoheterocyclic compounds; Organosulfur compounds; Alcohols and polyols; Organic acids and derivatives; Organonitrogen compounds; Organooxygen compounds; Thioacetals; Monosaccharides; Secondary alcohols; Oxanes; Monothioacetals; Benzene and substituted derivatives; Benzenoids; Organic oxides; Oxacyclic compounds; Hydrocarbon derivatives; Organopnictogen compounds; Organic oxygen compounds; Organic nitrogen compounds; Chemical entities"	398.066	217	3.618	836961202060850304	836961014189577472	836961014189577472	343	NA	343
1	"C9H12O2"	"[M - H2O + H]+"	"C9H11O+"	"Terpenoids"	0.812	"Monoterpenoids"	0.553	"Menthane monoterpenoids"	0.188	"Organic oxygen compounds"	0.999	"Organooxygen compounds"	0.997	"Carbonyl compounds"	0.617	NA	NA	"Carbonyl compounds"	0.617	"Organic compounds; Organooxygen compounds; Carbonyl compounds; Organic oxides; Hydrocarbon derivatives; Organic oxygen compounds; Chemical entities"	135.081	217	3.619	836961171463399808	836961014260880640	836961014260880640	345	NA	345
2	"C6H14O6"	"[M - H2O + H]+"	"C6H13O5+"	"Fatty acids"	0.978	"Fatty acyls"	0.992	"Fatty alcohols"	0.997	"Organic oxygen compounds"	1	"Organooxygen compounds"	0.999	"Carbohydrates and carbohydrate conjugates"	0.934	"Monosaccharides"	0.905	"Monosaccharides"	0.905	"Organic compounds; Carbohydrates and carbohydrate conjugates; Alcohols and polyols; Primary alcohols; Organooxygen compounds; Monosaccharides; Secondary alcohols; Sugar alcohols; Polyols; Hydrocarbon derivatives; Organic oxygen compounds; Chemical entities"	165.076	217	3.619	836961188433555328	836961014332183808	836961014332183808	347	NA	347
1	"C6H10O4"	"[M - H2O + H]+"	"C6H9O3+"	"Fatty acids"	0.912	"Fatty Acids and Conjugates"	0.708	"Dicarboxylic acids"	0.494	"Organic acids and derivatives"	0.537	"Carboxylic acids and derivatives"	0.578	NA	NA	NA	NA	"Carboxylic acids and derivatives"	0.578	"Organic compounds; Alcohols and polyols; Organic acids and derivatives; Carboxylic acids and derivatives; Organooxygen compounds; Carbonyl compounds; Organic oxides; Hydrocarbon derivatives; Organic oxygen compounds; Chemical entities"	129.055	217	3.62	836961178748906752	836961014223131904	836961014223131904	344	NA	344
2	"C15H24O7"	"[M - H2O + H]+"	"C15H23O6+"	"Terpenoids"	0.661	"Monoterpenoids"	0.493	"Fatty acyl glycosides of mono- and disaccharides"	0.33	"Organic oxygen compounds"	1	"Organooxygen compounds"	1	"Carbohydrates and carbohydrate conjugates"	0.923	"Glycosyl compounds"	0.824	"O-glycosyl compounds"	0.846	"Organic compounds; Organoheterocyclic compounds; Carbohydrates and carbohydrate conjugates; Lipids and lipid-like molecules; Alcohols and polyols; Ethers; Primary alcohols; Organooxygen compounds; Monosaccharides; Acetals; Secondary alcohols; Oxanes; Glycosyl compounds; O-glycosyl compounds; Polyols; Fatty Acyls; Oxacyclic compounds; Hydrocarbon derivatives; Organic oxygen compounds; Chemical entities"	299.149	217	3.62	836961198197895936	836961014369932544	836961014369932544	348	NA	348
1	"C13H18N6O5"	"[M - H2O + H]+"	"C13H17N6O4+"	"Carbohydrates"	0.45	"Pseudoalkaloids (transamidation)"	0.678	"Purine alkaloids"	0.812	"Organoheterocyclic compounds"	0.979	"Imidazopyrimidines"	0.916	"Purines and purine derivatives"	0.927	"Xanthines"	0.725	"Xanthines"	0.725	"Organic compounds; Organoheterocyclic compounds; Pyrimidines and pyrimidine derivatives; Imidazoles; Alcohols and polyols; Lactams; Purines and purine derivatives; Xanthines; Organic acids and derivatives; Organonitrogen compounds; Primary alcohols; Pyrimidones; Organooxygen compounds; Organic carbonic acids and derivatives; Azoles; Ureas; Purinones; Aminopyrimidines and derivatives; Diazines; 6-oxopurines; Imidazopyrimidines; Substituted imidazoles; N-substituted imidazoles; Amines; Primary amines; Vinylogous amides; Organic oxides; Azacyclic compounds; Heteroaromatic compounds; Hydrocarbon derivatives; Organopnictogen compounds; Organic oxygen compounds; Organic nitrogen compounds; Chemical entities"	321.131	217	3.623	836961176051968896	836961014411875584	836961014407681280	349	NA	349
1	"C17H26O6"	"[M + H3N + H]+"	"C17H30NO6+"	"Terpenoids"	0.777	"Sesquiterpenoids"	0.509	"Bisabolane sesquiterpenoids"	0.097	"Lipids and lipid-like molecules"	0.692	NA	NA	NA	NA	NA	NA	"Lipids and lipid-like molecules"	0.692	"Organic compounds; Lipids and lipid-like molecules; Alcohols and polyols; Ethers; Carboxylic acids and derivatives; Organooxygen compounds; Secondary alcohols; Carbonyl compounds; Polyols; Organic oxides; Hydrocarbon derivatives; Organic oxygen compounds; Chemical entities"	344.207	218	3.626	836961209837090816	836961014483178752	836961014483178752	351	NA	351
1	"C13H19ClN4O3"	"[M + Na]+"	"C13H19ClN4NaO3+"	"Amino acids and Peptides"	0.272	"Guanidine alkaloids"	0.199	"Open-chain polyketides"	0.15	"Benzenoids"	0.664	"Benzene and substituted derivatives"	0.763	"Halobenzenes"	0.779	"Chlorobenzenes"	0.835	"Chlorobenzenes"	0.835	"Organic compounds; Halobenzenes; Organic acids and derivatives; Organohalogen compounds; Organonitrogen compounds; Organooxygen compounds; Aryl chlorides; Chlorobenzenes; Carboxylic acid hydrazides; Organochlorides; Carbonyl compounds; Benzene and substituted derivatives; Benzenoids; Aryl halides; Organic oxides; Hydrocarbon derivatives; Organopnictogen compounds; Organic oxygen compounds; Organic nitrogen compounds; Chemical entities"	337.105	218	3.629	836961210445264896	836961014445430016	836961014445430016	350	NA	350
1	"C10H19NO2"	"[M + Na]+"	"C10H19NNaO2+"	"Fatty acids"	0.34	"Monoterpenoids"	0.362	"Menthane monoterpenoids"	0.192	"Organic acids and derivatives"	0.465	"Carboxylic acids and derivatives"	0.517	NA	NA	NA	NA	"Carboxylic acids and derivatives"	0.517	"Organic compounds; Carboxylic acids and derivatives; Organonitrogen compounds; Organooxygen compounds; Carbonyl compounds; Organic oxides; Hydrocarbon derivatives; Organopnictogen compounds; Organic oxygen compounds; Organic nitrogen compounds; Chemical entities"	208.131	219	3.646	836961179940089088	836961014516733312	836961014516733312	352	NA	352
1	"C22H41ClN2O2"	"[M + Na]+"	"C22H41ClN2NaO2+"	"Amino acids and Peptides"	0.485	"Oligopeptides"	0.376	"Open-chain polyketides"	0.043	"Organic acids and derivatives"	0.781	"Carboxylic acids and derivatives"	0.805	"Amino acids, peptides, and analogues"	0.726	"Amino acids and derivatives"	0.721	"Amino acids and derivatives"	0.721	"Organic compounds; Lipids and lipid-like molecules; Amino acids, peptides, and analogues; Halobenzenes; Ethers; Organic acids and derivatives; Carboxylic acids and derivatives; Organohalogen compounds; Organonitrogen compounds; Organooxygen compounds; Fatty amides; Amino acids and derivatives; Carboxylic acid amides; Aryl chlorides; Carboxylic acid derivatives; N-acyl amines; Chlorobenzenes; Organochlorides; Secondary carboxylic acid amides; Carbonyl compounds; Trialkylamines; Benzene and substituted derivatives; Benzenoids; Amines; Tertiary amines; Aryl halides; Organic oxides; Hydrocarbon derivatives; Organopnictogen compounds; Organic oxygen compounds; Organic nitrogen compounds; Chemical entities"	423.275	219	3.653	836961196440482304	836961014550287744	836961014550287744	353	NA	353
1	"C13H25ClN2O3"	"[M + Na]+"	"C13H25ClN2NaO3+"	"Amino acids and Peptides"	0.65	"Small peptides"	0.493	"Dipeptides"	0.337	"Organic acids and derivatives"	0.934	"Carboxylic acids and derivatives"	0.889	"Amino acids, peptides, and analogues"	0.537	"Amino acids and derivatives"	0.535	"Amino acids and derivatives"	0.535	"Organic compounds; Lipids and lipid-like molecules; Amino acids, peptides, and analogues; Organic acids and derivatives; Carboxylic acids and derivatives; Organohalogen compounds; Organonitrogen compounds; Organooxygen compounds; Amino acids and derivatives; Carboxylic acid amides; Alkyl chlorides; Carboxylic acid derivatives; Organochlorides; Secondary carboxylic acid amides; Carbonyl compounds; Alkyl halides; Fatty Acyls; Organic oxides; Hydrocarbon derivatives; Organopnictogen compounds; Organic oxygen compounds; Organic nitrogen compounds; Chemical entities"	315.144	220	3.675	836961205814752768	836961014583842176	836961014583842176	354	NA	354
3	"C9H19NO2Si"	"[M + H]+"	"C9H20NO2Si+"	"Terpenoids"	0.701	"Monoterpenoids"	0.786	"Pinane monoterpenoids"	0.36	"Organic oxygen compounds"	0.995	"Organooxygen compounds"	0.949	NA	NA	NA	NA	"Organooxygen compounds"	0.949	"Organic compounds; Organooxygen compounds; Organic oxides; Hydrocarbon derivatives; Organic oxygen compounds; Organic nitrogen compounds; Chemical entities"	202.126	223	3.714	836961210432681984	836961014650951040	836961014650951040	356	NA	356
1	"C8H16O2"	"[M + K]+"	"C8H16KO2+"	"Fatty acids"	0.97	"Fatty Acids and Conjugates"	0.622	"Branched fatty acids"	0.372	"Lipids and lipid-like molecules"	0.521	NA	NA	NA	NA	NA	NA	"Lipids and lipid-like molecules"	0.521	"Organic compounds; Lipids and lipid-like molecules; Organic acids and derivatives; Carboxylic acids and derivatives; Organooxygen compounds; Monocarboxylic acids and derivatives; Carbonyl compounds; Organic oxides; Hydrocarbon derivatives; Organic oxygen compounds; Chemical entities"	183.078	224	3.738	836961178266561664	836961014718059904	836961014718059904	358	NA	358
1	"C9H12O2"	"[M - H2O + H]+"	"C9H11O+"	"Terpenoids"	0.799	"Monoterpenoids"	0.694	"Menthane monoterpenoids"	0.316	"Organic oxygen compounds"	0.999	"Organooxygen compounds"	0.998	"Carbonyl compounds"	0.57	NA	NA	"Carbonyl compounds"	0.57	"Organic compounds; Organooxygen compounds; Carbonyl compounds; Hydrocarbon derivatives; Organic oxygen compounds; Chemical entities"	135.081	227	3.783	836961194930532608	836961014827111808	836961014827111808	361	NA	361
1	"C6H12O5"	"[M + H]+"	"C6H13O5+"	"Carbohydrates"	0.987	"Saccharides"	0.965	"Monosaccharides"	0.912	"Organic oxygen compounds"	1	"Organooxygen compounds"	1	"Carbohydrates and carbohydrate conjugates"	0.897	"Monosaccharides"	0.87	"Monosaccharides"	0.87	"Organic compounds; Carbohydrates and carbohydrate conjugates; Alcohols and polyols; Primary alcohols; Organooxygen compounds; Monosaccharides; Secondary alcohols; Polyols; Oxacyclic compounds; Hydrocarbon derivatives; Organic oxygen compounds; Chemical entities"	165.076	227	3.783	836961199217111936	836961014898414976	836961014894220672	363	NA	363
2	"C15H24O7"	"[M - H2O + H]+"	"C15H23O6+"	"Terpenoids"	0.71	"Monoterpenoids"	0.46	"Fatty acyl glycosides of mono- and disaccharides"	0.27	"Organic oxygen compounds"	1	"Organooxygen compounds"	1	"Carbohydrates and carbohydrate conjugates"	0.916	"Monosaccharides"	0.82	"Hexoses"	0.574	"Organic compounds; Organoheterocyclic compounds; Carbohydrates and carbohydrate conjugates; Lipids and lipid-like molecules; Alcohols and polyols; Ethers; Primary alcohols; Organooxygen compounds; Hexoses; Monosaccharides; Acetals; Secondary alcohols; Oxanes; Glycosyl compounds; O-glycosyl compounds; Polyols; Fatty Acyls; Oxacyclic compounds; Hydrocarbon derivatives; Organic oxygen compounds; Chemical entities"	299.149	227	3.783	836961208134203136	836961014793557376	836961014793557376	360	NA	360
1	"C10H20O"	"[M + H3N + H]+"	"C10H24NO+"	"Terpenoids"	0.829	"Monoterpenoids"	0.442	"Menthane monoterpenoids"	0.442	"Organic oxygen compounds"	0.983	"Organooxygen compounds"	0.966	"Carbonyl compounds"	0.567	NA	NA	"Carbonyl compounds"	0.567	"Organic compounds; Organooxygen compounds; Carbonyl compounds; Organic oxides; Hydrocarbon derivatives; Organic oxygen compounds; Chemical entities"	174.185	227	3.788	836961174487493376	836961014994883968	836961014994883968	366	NA	366
1	"C6H6ClF"	"[M + Na]+"	"C6H6ClFNa+"	"Fatty acids"	0.117	"Fatty acyls"	0.028	"Halogenated fatty acids"	0.067	"Benzenoids"	0.998	"Benzene and substituted derivatives"	0.992	"Halobenzenes"	0.985	"Chlorobenzenes"	0.85	"Chlorobenzenes"	0.85	"Organic compounds; Halobenzenes; Organohalogen compounds; Alkyl chlorides; Aryl chlorides; Aryl fluorides; Chlorobenzenes; Fluorobenzenes; Organochlorides; Organofluorides; Benzene and substituted derivatives; Benzenoids; Aryl halides; Alkyl halides; Hydrocarbon derivatives; Chemical entities"	155.003	227	3.79	836961182716718464	836961014965523840	836961014961329536	365	NA	365
3	"C13H18O4"	"[M + H3N + H]+"	"C13H22NO4+"	"Terpenoids"	0.417	"Octadecanoids"	0.156	"Iridoids monoterpenoids"	0.248	"Lipids and lipid-like molecules"	0.526	NA	NA	NA	NA	NA	NA	"Lipids and lipid-like molecules"	0.526	"Organic compounds; Lipids and lipid-like molecules; Alcohols and polyols; Organic acids and derivatives; Carboxylic acids and derivatives; Organooxygen compounds; Monocarboxylic acids and derivatives; Secondary alcohols; Carbonyl compounds; Organic oxides; Hydrocarbon derivatives; Organic oxygen compounds; Chemical entities"	256.154	233	3.88	836961197308703360	836961015171044736	836961015171044736	371	NA	371
1	"C9H10O3"	"[M - H2O + H]+"	"C9H9O2+"	"Shikimates and Phenylpropanoids"	0.815	"Phenolic acids (C6-C1)"	0.821	"Simple phenolic acids"	0.912	"Benzenoids"	0.998	"Benzene and substituted derivatives"	0.998	"Benzoic acids and derivatives"	0.997	"Benzoic acid esters"	0.985	"Benzoic acid esters"	0.985	"Organic compounds; Alcohols and polyols; Benzoic acids and derivatives; Organic acids and derivatives; Carboxylic acids and derivatives; Primary alcohols; Benzoyl derivatives; Organooxygen compounds; Carboxylic acid derivatives; Monocarboxylic acids and derivatives; Carboxylic acid esters; Benzoic acid esters; Benzene and substituted derivatives; Benzenoids; Organic oxides; Hydrocarbon derivatives; Organic oxygen compounds; Chemical entities"	149.06	233	3.88	836961204724233600	836961015103935872	836961015099741568	369	NA	369
1	"C6H13FO5S"	"[M + H3N + H]+"	"C6H17FNO5S+"	"Fatty acids"	0.846	"Fatty Acids and Conjugates"	0.309	"Halogenated fatty acids"	0.413	"Organic acids and derivatives"	0.943	"Organic sulfonic acids and derivatives"	0.75	"Organosulfonic acids and derivatives"	0.752	NA	NA	"Organosulfonic acids and derivatives"	0.752	"Organic compounds; Organosulfur compounds; Organic acids and derivatives; Organohalogen compounds; Organosulfonic acids and derivatives; Organooxygen compounds; Alkyl fluorides; Sulfonyls; Organofluorides; Alkyl halides; Organic oxides; Hydrocarbon derivatives; Organic sulfonic acids and derivatives; Organic oxygen compounds; Chemical entities"	234.082	233	3.881	836961187976376192	836961015200404864	836961015200404864	372	NA	372
2	"C16H28N4O2"	"[M + H]+"	"C16H29N4O2+"	"Alkaloids"	0.526	"Linear polyketides"	0.247	"Open-chain polyketides"	0.228	"Organic nitrogen compounds"	1	"Organonitrogen compounds"	0.999	"Guanidines"	0.617	NA	NA	"Guanidines"	0.617	"Organic compounds; Organic acids and derivatives; Carboxylic acids and derivatives; Organonitrogen compounds; Organooxygen compounds; Guanidines; Carbonyl compounds; Organic oxides; Hydrocarbon derivatives; Organopnictogen compounds; Organic oxygen compounds; Organic nitrogen compounds; Chemical entities"	309.227	234	3.893	836961189373079424	836961015233959296	836961015233959296	373	NA	373
2	"C12H25NO2"	"[M + H]+"	"C12H26NO2+"	"Alkaloids"	0.601	"Pseudoalkaloids (transamidation)"	0.448	"Phenylalanine-derived alkaloids"	0.385	"Organic acids and derivatives"	0.504	"Carboxylic acids and derivatives"	0.576	NA	NA	NA	NA	"Carboxylic acids and derivatives"	0.576	"Organic compounds; Organic acids and derivatives; Carboxylic acids and derivatives; Organonitrogen compounds; Organooxygen compounds; Carbonyl compounds; Amines; Organic oxides; Hydrocarbon derivatives; Organopnictogen compounds; Organic oxygen compounds; Organic nitrogen compounds; Chemical entities"	216.196	234	3.908	836961210172635136	836961015267513728	836961015267513728	374	NA	374
1	"C14H31NO3"	"[M + H]+"	"C14H32NO3+"	"Fatty acids"	0.626	"Spingolipids"	0.124	"Sphingoid bases"	0.567	"Organic nitrogen compounds"	1	"Organonitrogen compounds"	1	"Amines"	1	"Alkanolamines"	0.956	"1,2-aminoalcohols"	0.95	"Organic compounds; Alcohols and polyols; Organonitrogen compounds; Primary alcohols; Organooxygen compounds; 1,2-aminoalcohols; Trialkylamines; Amines; Tertiary amines; Alkanolamines; Hydrocarbon derivatives; Organopnictogen compounds; Organic oxygen compounds; Organic nitrogen compounds; Chemical entities"	262.238	235	3.915	836961176442039296	836961015305262464	836961015305262464	375	NA	375
1	"C12H27NO3"	"[M + H]+"	"C12H28NO3+"	"Fatty acids"	0.988	"Spingolipids"	0.461	"Sphingoid bases"	0.943	"Organic nitrogen compounds"	1	"Organonitrogen compounds"	1	"Amines"	0.998	"Alkanolamines"	0.984	"1,2-aminoalcohols"	0.975	"Organic compounds; Alcohols and polyols; Organonitrogen compounds; Primary alcohols; Organooxygen compounds; 1,2-aminoalcohols; Dialkylamines; Amines; Secondary amines; Alkanolamines; Hydrocarbon derivatives; Organopnictogen compounds; Organic oxygen compounds; Organic nitrogen compounds; Chemical entities"	234.206	236	3.928	836961176928578560	836961015343011200	836961015343011200	376	NA	376
1	"C11H16O2"	"[M + H3N + H]+"	"C11H20NO2+"	"Fatty acids"	0.662	"Fatty Acids and Conjugates"	0.393	"Unsaturated fatty acids"	0.32	"Lipids and lipid-like molecules"	0.607	NA	NA	NA	NA	NA	NA	"Lipids and lipid-like molecules"	0.607	"Organic compounds; Lipids and lipid-like molecules; Organic acids and derivatives; Carboxylic acids and derivatives; Organooxygen compounds; Monocarboxylic acids and derivatives; Carboxylic acids; Carbonyl compounds; Organic oxides; Hydrocarbon derivatives; Organic oxygen compounds; Chemical entities"	198.149	236	3.928	836961175427017600	836961015066187136	836961015066187136	368	NA	368
3	"C11H13BO3"	"[M + H3N + H]+"	"C11H17BNO3+"	"Terpenoids"	0.413	"Monoterpenoids"	0.425	"Pinane monoterpenoids"	0.455	"Benzenoids"	0.753	NA	NA	NA	NA	NA	NA	"Benzenoids"	0.753	"Organic compounds; Organoheterocyclic compounds; Organic acids and derivatives; Organooxygen compounds; Boronic acids; Organometallic compounds; Boronic acid derivatives; Organometalloid compounds; Benzenoids; Organoboron compounds; Organic salts; Organic metalloid salts; Organic metal salts; Oxacyclic compounds; Hydrocarbon derivatives; Organic oxygen compounds; Chemical entities"	221.134	236	3.933	836961176920189952	836961015523366272	836961015523366272	381	NA	381
1	"C10H16O"	"[M - H2O + H]+"	"C10H15+"	"Terpenoids"	0.966	"Monoterpenoids"	0.812	"Pinane monoterpenoids"	0.54	"Organic oxygen compounds"	0.997	"Organooxygen compounds"	0.994	"Alcohols and polyols"	0.785	NA	NA	"Alcohols and polyols"	0.785	"Organic compounds; Alcohols and polyols; Organooxygen compounds; Hydrocarbon derivatives; Organic oxygen compounds; Chemical entities"	135.117	236	3.934	836961180644732288	836961015485617536	836961015485617536	380	NA	380
1	"C11H16O2"	"[M + H]+"	"C11H17O2+"	"Fatty acids"	0.973	"Fatty Acids and Conjugates"	0.716	"Unsaturated fatty acids"	0.784	"Organic acids and derivatives"	0.636	"Carboxylic acids and derivatives"	0.621	"Carboxylic acids"	0.522	NA	NA	"Carboxylic acids"	0.522	"Organic compounds; Organic acids and derivatives; Carboxylic acids and derivatives; Organooxygen compounds; Monocarboxylic acids and derivatives; Carboxylic acids; Carbonyl compounds; Organic oxides; Hydrocarbon derivatives; Organic oxygen compounds; Chemical entities"	181.122	236	3.935	836961187716329216	836961015561115008	836961015561115008	382	NA	382
1	"C13H23NO2"	"[M + H3N + H]+"	"C13H27N2O2+"	"Alkaloids"	0.365	"Small peptides"	0.209	"Aminoacids"	0.191	"Organic acids and derivatives"	0.993	"Carboxylic acids and derivatives"	0.992	"Amino acids, peptides, and analogues"	0.873	"Amino acids and derivatives"	0.873	"Amino acids and derivatives"	0.873	"Organic compounds; Amino acids, peptides, and analogues; Organic acids and derivatives; Carboxylic acids and derivatives; Organonitrogen compounds; Organooxygen compounds; Amino acids and derivatives; Carboxylic acid derivatives; Monocarboxylic acids and derivatives; Carboxylic acid esters; Carbonyl compounds; Dialkylamines; Amines; Secondary amines; Organic oxides; Hydrocarbon derivatives; Organopnictogen compounds; Organic oxygen compounds; Organic nitrogen compounds; Chemical entities"	243.207	236	3.935	836961176190380928	836961015452063104	836961015447868800	379	NA	379
1	"C11H16O2"	"[M + H3N + H]+"	"C11H20NO2+"	"Fatty acids"	0.989	"Fatty Acids and Conjugates"	0.818	"Unsaturated fatty acids"	0.914	"Lipids and lipid-like molecules"	0.419	"Fatty Acyls"	0.412	"Fatty acids and conjugates"	0.34	"Unsaturated fatty acids"	0.521	"Unsaturated fatty acids"	0.521	"Organic compounds; Organic acids and derivatives; Carboxylic acids and derivatives; Organooxygen compounds; Unsaturated fatty acids; Monocarboxylic acids and derivatives; Carboxylic acids; Carbonyl compounds; Organic oxides; Hydrocarbon derivatives; Organic oxygen compounds; Chemical entities"	198.149	236	3.935	836961177977154688	836961015376565632	836961015376565632	377	NA	377
1	"C28H50N2O4S"	"[M + Na]+"	"C28H50N2NaO4S+"	"Polyketides"	0.451	"Linear polyketides"	0.495	"Open-chain polyketides"	0.651	"Organic acids and derivatives"	0.924	"Carboxylic acids and derivatives"	0.87	"Amino acids, peptides, and analogues"	0.678	"Amino acids and derivatives"	0.671	"Amino acids and derivatives"	0.671	"Organic compounds; Organoheterocyclic compounds; Organosulfur compounds; Lipids and lipid-like molecules; Amino acids, peptides, and analogues; Ketones; Alcohols and polyols; Organic acids and derivatives; Carboxylic acids and derivatives; Organonitrogen compounds; Organooxygen compounds; Amino acids and derivatives; Carboxylic acid derivatives; Monocarboxylic acids and derivatives; Carboxylic acid esters; Secondary alcohols; Carbonyl compounds; Amines; Organic oxides; Hydrocarbon derivatives; Organopnictogen compounds; Organic oxygen compounds; Organic nitrogen compounds; Chemical entities"	533.341	236	3.94	836961200743838720	836961015594669440	836961015594669440	383	NA	383
1	"C26H52N4O5S"	"[M + Na]+"	"C26H52N4NaO5S+"	"Amino acids and Peptides"	0.963	"Oligopeptides"	0.911	"Linear peptides"	0.147	"Organic acids and derivatives"	0.996	"Carboxylic acids and derivatives"	0.985	"Amino acids, peptides, and analogues"	0.881	"Amino acids and derivatives"	0.865	"N-acyl-alpha amino acids and derivatives"	0.731	"Organic compounds; Organoheterocyclic compounds; Lipids and lipid-like molecules; Amino acids, peptides, and analogues; Alpha amino acids and derivatives; Organic acids and derivatives; Carboxylic acids and derivatives; Organonitrogen compounds; Organooxygen compounds; Fatty amides; Amino acids and derivatives; Carboxylic acid amides; Carboxylic acid derivatives; N-acyl amines; N-acyl-alpha amino acids and derivatives; Secondary carboxylic acid amides; Carbonyl compounds; Alpha amino acid amides; Fatty Acyls; Organic oxides; Hydrocarbon derivatives; Organopnictogen compounds; Organic oxygen compounds; Organic nitrogen compounds; Chemical entities"	555.354	239	3.989	836961194829869312	836961015670167040	836961015665972736	385	NA	385
3	"C12H21N3O6S"	"[M + H]+"	"C12H22N3O6S+"	"Amino acids and Peptides"	0.455	"Small peptides"	0.265	"Dipeptides"	0.085	"Benzenoids"	0.549	"Benzene and substituted derivatives"	0.662	"Benzenesulfonamides"	0.541	NA	NA	"Benzenesulfonamides"	0.541	"Organic compounds; Organosulfur compounds; Benzenesulfonamides; Nitrobenzenes; Organic acids and derivatives; Organosulfonic acids and derivatives; Organonitrogen compounds; Organooxygen compounds; Organic nitro compounds; Sulfonyls; Organic oxoazanium compounds; Benzene and substituted derivatives; Benzenoids; Aminosulfonyl compounds; Organic 1,3-dipolar compounds; Allyl-type 1,3-dipolar organic compounds; Propargyl-type 1,3-dipolar organic compounds; Organic oxides; C-nitro compounds; Hydrocarbon derivatives; Benzenesulfonyl compounds; Organic sulfonic acids and derivatives; Organopnictogen compounds; Organic oxygen compounds; Nitroaromatic compounds; Organic nitrogen compounds; Chemical entities"	336.123	239	3.992	836961208322946944	836961015632418304	836961015632418304	384	NA	384
1	"C18H26O3"	"[M + H3N + H]+"	"C18H30NO3+"	"Terpenoids"	0.997	"Steroids"	0.983	"Androstane steroids"	0.897	"Lipids and lipid-like molecules"	0.979	"Steroids and steroid derivatives"	0.977	"Androstane steroids"	0.725	"Androgens and derivatives"	0.667	"Androgens and derivatives"	0.667	"Organic compounds; Lipids and lipid-like molecules; Ketones; Alcohols and polyols; Steroids and steroid derivatives; Organooxygen compounds; Oxosteroids; Cyclic alcohols and derivatives; Hydroxysteroids; Androgens and derivatives; Secondary alcohols; Carbonyl compounds; 3-oxosteroids; Cyclic ketones; 17-oxosteroids; Androstane steroids; Organic oxides; Hydrocarbon derivatives; Organic oxygen compounds; Chemical entities"	308.222	247	4.122	836961191356985344	836961015837939200	836961015837939200	391	NA	391
1	"C18H28O3"	"[M + H3N + H]+"	"C18H32NO3+"	"Fatty acids"	0.822	"Octadecanoids"	0.843	"Other Octadecanoids"	0.661	"Lipids and lipid-like molecules"	0.944	"Fatty Acyls"	0.878	"Fatty acids and conjugates"	0.844	"Long-chain fatty acids"	0.746	"Long-chain fatty acids"	0.746	"Organic compounds; Lipids and lipid-like molecules; Ketones; Fatty acids and conjugates; Organic acids and derivatives; Carboxylic acids and derivatives; Organooxygen compounds; Unsaturated fatty acids; Monocarboxylic acids and derivatives; Carboxylic acids; Carbonyl compounds; Long-chain fatty acids; Fatty Acyls; Organic oxides; Hydrocarbon derivatives; Organic oxygen compounds; Chemical entities"	310.238	254	4.231	836961192053239808	836961015976351232	836961015972156928	395	NA	395
1	"C11H18O2"	"[M + H3N + H]+"	"C11H22NO2+"	"Fatty acids"	0.849	"Fatty acyls"	0.401	"Unsaturated fatty acids"	0.184	"Lipids and lipid-like molecules"	0.55	NA	NA	NA	NA	NA	NA	"Lipids and lipid-like molecules"	0.55	"Organic compounds; Lipids and lipid-like molecules; Organooxygen compounds; Carbonyl compounds; Organic oxides; Hydrocarbon derivatives; Organic oxygen compounds; Chemical entities"	200.165	255	4.257	836961210847918208	836961016009905664	836961016009905664	396	NA	396
1	"C11H21NO2"	"[M + Na]+"	"C11H21NNaO2+"	"Terpenoids"	0.354	"Monoterpenoids"	0.536	"Menthane monoterpenoids"	0.327	"Organic acids and derivatives"	0.572	"Carboxylic acids and derivatives"	0.57	"Monocarboxylic acids and derivatives"	0.516	NA	NA	"Monocarboxylic acids and derivatives"	0.516	"Organic compounds; Organic acids and derivatives; Carboxylic acids and derivatives; Organonitrogen compounds; Organooxygen compounds; Monocarboxylic acids and derivatives; Carbonyl compounds; Organic oxides; Hydrocarbon derivatives; Organic oxygen compounds; Organic nitrogen compounds; Chemical entities"	222.146	256	4.265	836961184713207296	836961016043460096	836961016043460096	397	NA	397
1	"C20H35NO4"	"[M + H3N + H]+"	"C20H39N2O4+"	"Fatty acids"	0.69	"Linear polyketides"	0.211	"Open-chain polyketides"	0.107	"Lipids and lipid-like molecules"	0.776	"Fatty Acyls"	0.773	"Fatty acid esters"	0.542	NA	NA	"Fatty acid esters"	0.542	"Organic compounds; Lipids and lipid-like molecules; Organic acids and derivatives; Carboxylic acids and derivatives; Organonitrogen compounds; Organooxygen compounds; Fatty acid esters; Carboxylic acid derivatives; Monocarboxylic acids and derivatives; Carboxylic acid esters; Carbonyl compounds; Amines; Fatty Acyls; Organic oxides; Hydrocarbon derivatives; Organopnictogen compounds; Organic oxygen compounds; Organic nitrogen compounds; Chemical entities"	371.29	256	4.268	836961195098304896	836961016177677824	836961016173483520	400	NA	400
1	"C18H26O3"	"[M + H3N + H]+"	"C18H30NO3+"	"Fatty acids"	0.626	"Octadecanoids"	0.695	"Phytoprostanes"	0.4	"Lipids and lipid-like molecules"	0.781	"Fatty Acyls"	0.574	NA	NA	NA	NA	"Fatty Acyls"	0.574	"Organic compounds; Lipids and lipid-like molecules; Ketones; Organic acids and derivatives; Carboxylic acids and derivatives; Organooxygen compounds; Monocarboxylic acids and derivatives; Carboxylic acids; Carbonyl compounds; Cyclic ketones; Fatty Acyls; Organic oxides; Hydrocarbon derivatives; Organic oxygen compounds; Chemical entities"	308.222	256	4.268	836961319027416832	836961016077014528	836961016077014528	398	NA	398
1	"C13H29NO2"	"[M + H]+"	"C13H30NO2+"	"Fatty acids"	0.289	"Pseudoalkaloids (transamidation)"	0.514	"Phenylalanine-derived alkaloids"	0.809	"Organic nitrogen compounds"	1	"Organonitrogen compounds"	0.998	"Amines"	0.717	NA	NA	"Amines"	0.717	"Organic compounds; Organonitrogen compounds; Organooxygen compounds; Amines; Hydrocarbon derivatives; Organopnictogen compounds; Organic oxygen compounds; Organic nitrogen compounds; Chemical entities"	232.227	260	4.329	836961202308314240	836961016207037952	836961016207037952	401	NA	401
1	"C18H28O3"	"[M + H3N + H]+"	"C18H32NO3+"	"Terpenoids"	0.556	"Octadecanoids"	0.69	"Phytane diterpenoids"	0.525	"Lipids and lipid-like molecules"	0.901	"Fatty Acyls"	0.761	"Fatty acids and conjugates"	0.73	"Long-chain fatty acids"	0.516	"Long-chain fatty acids"	0.516	"Organic compounds; Lipids and lipid-like molecules; Ketones; Fatty acids and conjugates; Organic acids and derivatives; Carboxylic acids and derivatives; Organooxygen compounds; Monocarboxylic acids and derivatives; Carboxylic acids; Carbonyl compounds; Long-chain fatty acids; Cyclic ketones; Fatty Acyls; Organic oxides; Hydrocarbon derivatives; Organic oxygen compounds; Chemical entities"	310.238	262	4.371	836961185841475200	836961016244786688	836961016244786688	402	NA	402
1	"C18H33NO3"	"[M - H2O + H]+"	"C18H32NO2+"	"Fatty acids"	0.889	"Fatty amides"	0.185	"Sphingoid bases"	0.196	"Benzenoids"	0.659	"Benzene and substituted derivatives"	0.766	NA	NA	NA	NA	"Benzene and substituted derivatives"	0.766	"Organic compounds; Alcohols and polyols; Organonitrogen compounds; Organooxygen compounds; Secondary alcohols; 1,2-aminoalcohols; Benzene and substituted derivatives; Benzenoids; Amines; Alkanolamines; Hydrocarbon derivatives; Organopnictogen compounds; Organic oxygen compounds; Organic nitrogen compounds; Chemical entities"	294.243	266	4.437	836961192531390592	836961016278341120	836961016278341120	403	NA	403
2	"C16H24N6O2"	"[M + H3N + H]+"	"C16H28N7O2+"	"Alkaloids"	0.317	"Pseudoalkaloids (transamidation)"	0.151	"Purine alkaloids"	0.028	"Organoheterocyclic compounds"	0.995	"Azoles"	0.772	NA	NA	NA	NA	"Azoles"	0.772	"Organic compounds; Organoheterocyclic compounds; Organonitrogen compounds; Organooxygen compounds; Azoles; Amines; Organic oxides; Azacyclic compounds; Heteroaromatic compounds; Hydrocarbon derivatives; Organopnictogen compounds; Organic oxygen compounds; Organic nitrogen compounds; Chemical entities"	350.23	269	4.481	836961203088454912	836961016311895552	836961016311895552	404	NA	404
1	"C16H24O2"	"[M + H3N + H]+"	"C16H28NO2+"	"Terpenoids"	0.969	"Sesquiterpenoids"	0.855	"Humulane sesquiterpenoids"	0.076	"Lipids and lipid-like molecules"	0.826	"Prenol lipids"	0.746	NA	NA	NA	NA	"Prenol lipids"	0.746	"Organic compounds; Lipids and lipid-like molecules; Ketones; Prenol lipids; Organooxygen compounds; Carbonyl compounds; Cyclic ketones; Organic oxides; Hydrocarbon derivatives; Organic oxygen compounds; Chemical entities"	266.211	269	4.485	836961220972969088	836961016379004416	836961016379004416	406	NA	406
1	"C12H18O2"	"[M + H3N + H]+"	"C12H22NO2+"	"Fatty acids"	0.978	"Fatty Acids and Conjugates"	0.738	"Unsaturated fatty acids"	0.883	"Organic acids and derivatives"	0.949	"Carboxylic acids and derivatives"	0.944	"Carboxylic acids"	0.655	NA	NA	"Carboxylic acids"	0.655	"Organic compounds; Organic acids and derivatives; Carboxylic acids and derivatives; Organooxygen compounds; Monocarboxylic acids and derivatives; Carboxylic acids; Carbonyl compounds; Organic oxides; Hydrocarbon derivatives; Organic oxygen compounds; Chemical entities"	212.165	269	4.49	836961205319824896	836961016450307584	836961016450307584	408	NA	408
1	"C12H21NO2"	"[M + Na]+"	"C12H21NNaO2+"	"Amino acids and Peptides"	0.353	"Pseudoalkaloids (transamidation)"	0.329	"Phenylalanine-derived alkaloids"	0.444	"Benzenoids"	0.476	"Benzene and substituted derivatives"	0.573	NA	NA	NA	NA	"Benzene and substituted derivatives"	0.573	"Organic compounds; Organonitrogen compounds; Organooxygen compounds; Carbonyl compounds; Benzene and substituted derivatives; Organic oxides; Hydrocarbon derivatives; Organopnictogen compounds; Organic oxygen compounds; Organic nitrogen compounds; Chemical entities"	234.146	269	4.49	836961191763832832	836961016412558848	836961016412558848	407	NA	407
2	"C16H24O2"	"[M + H3N + H]+"	"C16H28NO2+"	"Terpenoids"	0.977	"Sesquiterpenoids"	0.883	"Bisabolane sesquiterpenoids"	0.675	"Lipids and lipid-like molecules"	0.603	"Prenol lipids"	0.573	NA	NA	NA	NA	"Prenol lipids"	0.573	"Organic compounds; Lipids and lipid-like molecules; Alcohols and polyols; Prenol lipids; Organooxygen compounds; Carbonyl compounds; Organic oxides; Hydrocarbon derivatives; Organic oxygen compounds; Chemical entities"	266.211	269	4.491	836961321502056320	836961016517416448	836961016517416448	410	NA	410
1	"C8H14O"	"[M + H3N + H]+"	"C8H18NO+"	"Fatty acids"	0.997	"Fatty acyls"	0.979	"Fatty aldehydes"	0.766	"Organic oxygen compounds"	0.997	"Organooxygen compounds"	0.995	"Carbonyl compounds"	0.881	NA	NA	"Carbonyl compounds"	0.881	"Organic compounds; Organooxygen compounds; Carbonyl compounds; Organic oxides; Hydrocarbon derivatives; Organic oxygen compounds; Chemical entities"	144.138	278	4.633	836961187976376192	836961016546776576	836961016546776576	411	NA	411
1	"C13H23NO2"	"[M + H3N + H]+"	"C13H27N2O2+"	"Fatty acids"	0.876	"Fatty amides"	0.804	"Primary amides"	0.88	"Lipids and lipid-like molecules"	0.577	"Fatty Acyls"	0.504	NA	NA	NA	NA	"Fatty Acyls"	0.504	"Organic compounds; Lipids and lipid-like molecules; Organic acids and derivatives; Carboxylic acids and derivatives; Organonitrogen compounds; Organooxygen compounds; Carboxylic acid amides; Carboxylic acid derivatives; Primary carboxylic acid amides; Carbonyl compounds; Fatty Acyls; Organic oxides; Hydrocarbon derivatives; Organopnictogen compounds; Organic oxygen compounds; Organic nitrogen compounds; Chemical entities"	243.207	280	4.67	836961195903611392	836961016584525312	836961016584525312	412	NA	412
1	"C10H22O3"	"[M + H]+"	"C10H23O3+"	"Fatty acids"	0.996	"Fatty acyls"	0.98	"Fatty alcohols"	0.991	"Organic oxygen compounds"	0.999	"Organooxygen compounds"	0.997	"Alcohols and polyols"	0.865	"Primary alcohols"	0.571	"Primary alcohols"	0.571	"Organic compounds; Alcohols and polyols; Primary alcohols; Organooxygen compounds; Hydrocarbon derivatives; Organic oxygen compounds; Chemical entities"	191.164	286	4.76	836961229541933312	836961016651634176	836961016651634176	414	NA	414
1	"C13H20O2"	"[M + H3N + H]+"	"C13H24NO2+"	"Fatty acids"	0.768	"Fatty Acids and Conjugates"	0.368	"Unsaturated fatty acids"	0.509	"Lipids and lipid-like molecules"	0.562	NA	NA	NA	NA	NA	NA	"Lipids and lipid-like molecules"	0.562	"Organic compounds; Lipids and lipid-like molecules; Organic acids and derivatives; Carboxylic acids and derivatives; Organooxygen compounds; Monocarboxylic acids and derivatives; Carbonyl compounds; Organic oxides; Hydrocarbon derivatives; Organic oxygen compounds; Chemical entities"	226.18	289	4.812	836961183257783808	836961016790046336	836961016790046336	418	NA	418
2	"C13H27NO4"	"[M - H2O + H]+"	"C13H26NO3+"	"Amino acids and Peptides"	0.493	"Small peptides"	0.179	"Aminoacids"	0.132	"Lipids and lipid-like molecules"	0.762	"Fatty Acyls"	0.698	NA	NA	NA	NA	"Fatty Acyls"	0.698	"Organic compounds; Lipids and lipid-like molecules; Alcohols and polyols; Organic acids and derivatives; Carboxylic acids and derivatives; Organonitrogen compounds; Organooxygen compounds; Carboxylic acid amides; Carboxylic acid derivatives; Monocarboxylic acids and derivatives; Carbonyl compounds; Fatty Acyls; Organic oxides; Hydrocarbon derivatives; Organopnictogen compounds; Organic oxygen compounds; Organic nitrogen compounds; Chemical entities"	244.191	289	4.813	836961197493252736	836961016823600768	836961016823600768	419	NA	419
1	"C6H6ClF"	"[M + Na]+"	"C6H6ClFNa+"	"Fatty acids"	0.157	"Fatty acyls"	0.038	"Halogenated fatty acids"	0.077	"Benzenoids"	0.996	"Benzene and substituted derivatives"	0.989	"Halobenzenes"	0.98	"Chlorobenzenes"	0.821	"Chlorobenzenes"	0.821	"Organic compounds; Halobenzenes; Organohalogen compounds; Alkyl chlorides; Aryl chlorides; Aryl fluorides; Chlorobenzenes; Fluorobenzenes; Organochlorides; Organofluorides; Benzene and substituted derivatives; Benzenoids; Aryl halides; Alkyl halides; Hydrocarbon derivatives; Chemical entities"	155.003	290	4.828	836961233744626432	836961016890709632	836961016890709632	421	NA	421
2	"C16H29NO2"	"[M + H]+"	"C16H30NO2+"	"Alkaloids"	0.609	"Pseudoalkaloids (transamidation)"	0.648	"Open-chain polyketides"	0.205	"Organic oxygen compounds"	0.998	"Organooxygen compounds"	0.984	"Carbonyl compounds"	0.534	NA	NA	"Carbonyl compounds"	0.534	"Organic compounds; Organonitrogen compounds; Organooxygen compounds; Carbonyl compounds; Organic oxides; Hydrocarbon derivatives; Organopnictogen compounds; Organic oxygen compounds; Organic nitrogen compounds; Chemical entities"	268.227	291	4.846	836961199141614464	836961016718743040	836961016718743040	416	NA	416
2	"C12H27NO"	"[M + H]+"	"C12H28NO+"	"Fatty acids"	0.991	"Spingolipids"	0.87	"Sphingoid bases"	0.986	"Organic nitrogen compounds"	1	"Organonitrogen compounds"	1	"Amines"	0.996	"Alkanolamines"	0.914	"1,2-aminoalcohols"	0.859	"Organic compounds; Alcohols and polyols; Organonitrogen compounds; Primary alcohols; Organooxygen compounds; 1,2-aminoalcohols; Dialkylamines; Amines; Secondary amines; Alkanolamines; Hydrocarbon derivatives; Organopnictogen compounds; Organic oxygen compounds; Organic nitrogen compounds; Chemical entities"	202.217	291	4.848	836961180774755712	836961016928458368	836961016924264064	422	NA	422
2	"C16H29NO2"	"[M + H]+"	"C16H30NO2+"	"Alkaloids"	0.61	"Pseudoalkaloids (transamidation)"	0.648	"Open-chain polyketides"	0.205	"Organic oxygen compounds"	0.998	"Organooxygen compounds"	0.984	"Carbonyl compounds"	0.534	NA	NA	"Carbonyl compounds"	0.534	"Organic compounds; Organonitrogen compounds; Organooxygen compounds; Carbonyl compounds; Organic oxides; Hydrocarbon derivatives; Organopnictogen compounds; Organic oxygen compounds; Organic nitrogen compounds; Chemical entities"	268.227	291	4.851	836961186785193728	836961016962012800	836961016962012800	423	NA	423
4	"C8H11N5O2"	"[M + H3N + H]+"	"C8H15N6O2+"	"Alkaloids"	0.87	"Histidine alkaloids"	0.555	"Imidazole alkaloids"	0.554	"Organoheterocyclic compounds"	0.98	"Azoles"	0.535	NA	NA	NA	NA	"Azoles"	0.535	"Organic compounds; Organoheterocyclic compounds; Organic acids and derivatives; Carboxylic acids and derivatives; Organonitrogen compounds; Organooxygen compounds; Azoles; Carboxylic acid derivatives; Carbonyl compounds; Acetamides; Organic oxides; Azacyclic compounds; Heteroaromatic compounds; Hydrocarbon derivatives; Organopnictogen compounds; Organic oxygen compounds; Organic nitrogen compounds; Chemical entities"	227.125	294	4.895	836961232003990144	836961017029121664	836961017024927360	425	NA	425
2	"C10H22O5"	"[M - H2O + H]+"	"C10H21O4+"	"Fatty acids"	0.993	"Fatty acyls"	0.975	"Fatty alcohols"	0.987	"Lipids and lipid-like molecules"	0.535	NA	NA	NA	NA	NA	NA	"Lipids and lipid-like molecules"	0.535	"Organic compounds; Lipids and lipid-like molecules; Alcohols and polyols; Primary alcohols; Organooxygen compounds; Secondary alcohols; Hydrocarbon derivatives; Organic oxygen compounds; Chemical entities"	205.143	294	4.897	836961183593328128	836961016995567232	836961016991372928	424	NA	424
3	"C16H32O3"	"[M + H3N + H]+"	"C16H36NO3+"	"Fatty acids"	0.868	"Fatty acyls"	0.449	"Fatty alcohols"	0.49	"Lipids and lipid-like molecules"	0.8	"Fatty Acyls"	0.692	NA	NA	NA	NA	"Fatty Acyls"	0.692	"Organic compounds; Lipids and lipid-like molecules; Alcohols and polyols; Carboxylic acids and derivatives; Organooxygen compounds; Monocarboxylic acids and derivatives; Secondary alcohols; Carbonyl compounds; Fatty Acyls; Organic oxides; Hydrocarbon derivatives; Organic oxygen compounds; Chemical entities"	290.269	294	4.899	836961187204624128	836961017062676096	836961017058481792	426	NA	426
2	"C14H28O3"	"[M + H3N + H]+"	"C14H32NO3+"	"Fatty acids"	0.959	"Fatty Acids and Conjugates"	0.598	"Fatty alcohols"	0.463	"Lipids and lipid-like molecules"	0.818	"Fatty Acyls"	0.835	NA	NA	NA	NA	"Fatty Acyls"	0.835	"Organic compounds; Lipids and lipid-like molecules; Alcohols and polyols; Organic acids and derivatives; Carboxylic acids and derivatives; Primary alcohols; Organooxygen compounds; Monocarboxylic acids and derivatives; Carbonyl compounds; Fatty Acyls; Organic oxides; Hydrocarbon derivatives; Organic oxygen compounds; Chemical entities"	262.238	296	4.928	836961205659563520	836961017096230528	836961017096230528	427	NA	427
2	"C14H29NO2"	"[M + H]+"	"C14H30NO2+"	"Alkaloids"	0.435	"Pseudoalkaloids (transamidation)"	0.364	"Phenylalanine-derived alkaloids"	0.279	"Organic acids and derivatives"	0.523	"Carboxylic acids and derivatives"	0.577	NA	NA	NA	NA	"Carboxylic acids and derivatives"	0.577	"Organic compounds; Organic acids and derivatives; Carboxylic acids and derivatives; Organonitrogen compounds; Organooxygen compounds; Carbonyl compounds; Amines; Organic oxides; Hydrocarbon derivatives; Organopnictogen compounds; Organic oxygen compounds; Organic nitrogen compounds; Chemical entities"	244.227	298	4.969	836961193542217856	836961017129784960	836961017129784960	428	NA	428
2	"C10H23ClN4O2"	"[M + H3N + H]+"	"C10H27ClN5O2+"	"Amino acids and Peptides"	0.25	"Small peptides"	0.109	"Imidazole alkaloids"	0.098	"Organohalogen compounds"	0.996	"Aryl halides"	0.95	"Aryl chlorides"	0.97	NA	NA	"Aryl chlorides"	0.97	"Organic compounds; Organoheterocyclic compounds; Organohalogen compounds; Organonitrogen compounds; Organooxygen compounds; Guanidines; Aryl chlorides; Organochlorides; Aryl halides; Organic oxides; Azacyclic compounds; Heteroaromatic compounds; Hydrocarbon derivatives; Organopnictogen compounds; Organic oxygen compounds; Organic nitrogen compounds; Chemical entities"	284.186	300	4.997	836961202425754880	836961017163339392	836961017163339392	429	NA	429
1	"C13H23NO2"	"[M + Na]+"	"C13H23NNaO2+"	"Alkaloids"	0.349	"Pseudoalkaloids (transamidation)"	0.455	"Phenylalanine-derived alkaloids"	0.387	"Organic nitrogen compounds"	0.999	"Organonitrogen compounds"	0.999	"Amines"	0.51	NA	NA	"Amines"	0.51	"Organic compounds; Organonitrogen compounds; Organooxygen compounds; Amines; Hydrocarbon derivatives; Organopnictogen compounds; Organic oxygen compounds; Organic nitrogen compounds; Chemical entities"	248.162	301	5.012	836961196587282944	836961017230448256	836961017230448256	431	NA	431
1	"C13H20O2"	"[M + H3N + H]+"	"C13H24NO2+"	"Terpenoids"	0.88	"Sesquiterpenoids"	0.343	"Bisabolane sesquiterpenoids"	0.57	"Lipids and lipid-like molecules"	0.505	NA	NA	NA	NA	NA	NA	"Lipids and lipid-like molecules"	0.505	"Organic compounds; Lipids and lipid-like molecules; Organooxygen compounds; Organic oxides; Hydrocarbon derivatives; Organic oxygen compounds; Chemical entities"	226.18	301	5.018	836961207471503104	836961017264002688	836961017264002688	432	NA	432
1	"C10H22O3"	"[M + H]+"	"C10H23O3+"	"Fatty acids"	0.995	"Fatty acyls"	0.983	"Fatty alcohols"	0.991	"Lipids and lipid-like molecules"	0.517	NA	NA	NA	NA	NA	NA	"Lipids and lipid-like molecules"	0.517	"Organic compounds; Lipids and lipid-like molecules; Alcohols and polyols; Primary alcohols; Organooxygen compounds; Dialkyl ethers; Hydrocarbon derivatives; Organic oxygen compounds; Chemical entities"	191.164	303	5.053	836961211200239744	836961017297557120	836961017297557120	433	NA	433
5	"C12H12O4"	"[M + H3N + H]+"	"C12H16NO4+"	"Shikimates and Phenylpropanoids"	0.563	"Coumarins"	0.322	"Phthalide derivatives"	0.329	"Benzenoids"	0.977	"Benzene and substituted derivatives"	0.578	NA	NA	NA	NA	"Benzene and substituted derivatives"	0.578	"Organic compounds; Organoheterocyclic compounds; Ethers; Organic acids and derivatives; Carboxylic acids and derivatives; Organooxygen compounds; Monocarboxylic acids and derivatives; Carbonyl compounds; Benzene and substituted derivatives; Benzenoids; Organic oxides; Oxacyclic compounds; Hydrocarbon derivatives; Organic oxygen compounds; Chemical entities"	238.107	309	5.146	836961218246671104	836961017331111552	836961017331111552	434	NA	434
1	"C18H28O3"	"[M + H3N + H]+"	"C18H32NO3+"	"Terpenoids"	0.712	"Octadecanoids"	0.546	"Phytane diterpenoids"	0.559	"Lipids and lipid-like molecules"	0.921	"Fatty Acyls"	0.762	"Fatty acids and conjugates"	0.751	NA	NA	"Fatty acids and conjugates"	0.751	"Organic compounds; Lipids and lipid-like molecules; Ketones; Fatty acids and conjugates; Organic acids and derivatives; Carboxylic acids and derivatives; Organooxygen compounds; Monocarboxylic acids and derivatives; Carboxylic acids; Carbonyl compounds; Cyclic ketones; Fatty Acyls; Organic oxides; Hydrocarbon derivatives; Organic oxygen compounds; Chemical entities"	310.238	309	5.155	836961206024468096	836961017368860288	836961017364665984	435	NA	435
1	"C16H24O2"	"[M + H3N + H]+"	"C16H28NO2+"	"Terpenoids"	0.973	"Sesquiterpenoids"	0.906	"Bisabolane sesquiterpenoids"	0.703	"Lipids and lipid-like molecules"	0.595	"Prenol lipids"	0.549	NA	NA	NA	NA	"Prenol lipids"	0.549	"Organic compounds; Lipids and lipid-like molecules; Prenol lipids; Organooxygen compounds; Carbonyl compounds; Organic oxides; Hydrocarbon derivatives; Organic oxygen compounds; Chemical entities"	266.211	310	5.172	836961213138008320	836961017402414720	836961017402414720	436	NA	436
1	"C18H33NO3"	"[M - H2O + H]+"	"C18H32NO2+"	"Fatty acids"	0.876	"Fatty amides"	0.171	"Sphingoid bases"	0.186	"Benzenoids"	0.596	"Benzene and substituted derivatives"	0.716	NA	NA	NA	NA	"Benzene and substituted derivatives"	0.716	"Organic compounds; Alcohols and polyols; Organonitrogen compounds; Organooxygen compounds; Secondary alcohols; 1,2-aminoalcohols; Benzene and substituted derivatives; Benzenoids; Amines; Alkanolamines; Hydrocarbon derivatives; Organopnictogen compounds; Organic oxygen compounds; Organic nitrogen compounds; Chemical entities"	294.243	315	5.252	836961203956675840	836961017431774848	836961017431774848	437	NA	437
1	"C19H16O5"	"[M - H2O + H]+"	"C19H15O4+"	"Shikimates and Phenylpropanoids"	0.997	"Coumarins"	0.969	"Simple coumarins"	0.85	"Phenylpropanoids and polyketides"	0.843	"Coumarins and derivatives"	0.638	"Hydroxycoumarins"	0.603	"4-hydroxycoumarins"	0.739	"4-hydroxycoumarins"	0.739	"Organic compounds; Organoheterocyclic compounds; Lactones; Pyrans; Benzopyrans; Coumarins and derivatives; Benzoic acids and derivatives; Phenylpropanoids and polyketides; Organic acids and derivatives; Carboxylic acids and derivatives; Benzoyl derivatives; Organooxygen compounds; Pyranones and derivatives; Carboxylic acid derivatives; Carboxylic acid esters; Benzene and substituted derivatives; Benzenoids; 4-hydroxycoumarins; Hydroxycoumarins; 1-benzopyrans; Vinylogous acids; Organic oxides; Oxacyclic compounds; Heteroaromatic compounds; Hydrocarbon derivatives; Organic oxygen compounds; Chemical entities"	307.096	315	5.256	836961211099576448	836961017469523584	836961017469523584	438	NA	438
2	"C13H15BClNO4"	"[M + Na]+"	"C13H15BClNNaO4+"	"Polyketides"	0.236	"Small peptides"	0.171	"Aminoacids"	0.07	"Benzenoids"	0.915	"Benzene and substituted derivatives"	0.802	"Halobenzenes"	0.551	"Chlorobenzenes"	0.702	"Chlorobenzenes"	0.702	"Organic compounds; Organoheterocyclic compounds; Halobenzenes; Organic acids and derivatives; Organohalogen compounds; Organonitrogen compounds; Organooxygen compounds; Organometallic compounds; Boronic acid derivatives; Aryl chlorides; Chlorobenzenes; Boronic acid esters; Organometalloid compounds; Organochlorides; Benzene and substituted derivatives; Benzenoids; Organoboron compounds; Aryl halides; Organic salts; Organic oxides; Organic metalloid salts; Organic metal salts; Oxacyclic compounds; Hydrocarbon derivatives; Organic oxygen compounds; Organic nitrogen compounds; Chemical entities"	317.071	317	5.275	836961234239554304	836961017503078016	836961017503078016	439	NA	439
1	"C18H35NO3"	"[M - H2O + H]+"	"C18H34NO2+"	"Fatty acids"	0.865	"Pseudoalkaloids (transamidation)"	0.193	"Sphingoid bases"	0.471	"Organic nitrogen compounds"	1	"Organonitrogen compounds"	1	"Amines"	0.706	"Alkanolamines"	0.705	"1,2-aminoalcohols"	0.679	"Organic compounds; Alcohols and polyols; Organonitrogen compounds; Organooxygen compounds; Secondary alcohols; 1,2-aminoalcohols; Amines; Alkanolamines; Hydrocarbon derivatives; Organopnictogen compounds; Organic oxygen compounds; Organic nitrogen compounds; Chemical entities"	296.258	317	5.281	836961207547000576	836961017532438144	836961017532438144	440	NA	440
2	"C18H38N2O2"	"[M + H]+"	"C18H39N2O2+"	"Fatty acids"	0.954	"Fatty amides"	0.496	"N-acyl ethanolamines (endocannabinoids)"	0.126	"Lipids and lipid-like molecules"	0.801	"Fatty Acyls"	0.815	"Fatty amides"	0.78	"N-acyl amines"	0.691	"N-acyl amines"	0.691	"Organic compounds; Lipids and lipid-like molecules; Organic acids and derivatives; Carboxylic acids and derivatives; Organonitrogen compounds; Organooxygen compounds; Fatty amides; Carboxylic acid amides; Carboxylic acid derivatives; N-acyl amines; Secondary carboxylic acid amides; Carbonyl compounds; Fatty Acyls; Organic oxides; Hydrocarbon derivatives; Organopnictogen compounds; Organic oxygen compounds; Organic nitrogen compounds; Chemical entities"	315.301	317	5.284	836961192489447424	836961017565992576	836961017565992576	441	NA	441
2	"C18H36N2O"	"[M + H]+"	"C18H37N2O+"	"Fatty acids"	0.236	"Fatty amides"	0.34	"Open-chain polyketides"	0.162	"Lipids and lipid-like molecules"	0.545	NA	NA	NA	NA	NA	NA	"Lipids and lipid-like molecules"	0.545	"Organic compounds; Lipids and lipid-like molecules; Organonitrogen compounds; Organooxygen compounds; Carboxylic acid amides; Carboxylic acid derivatives; Carbonyl compounds; Organic oxides; Hydrocarbon derivatives; Organopnictogen compounds; Organic oxygen compounds; Organic nitrogen compounds; Chemical entities"	297.29	317	5.285	836961192833380480	836961017599547008	836961017599547008	442	NA	442
1	"C15H33NO2"	"[M + H]+"	"C15H34NO2+"	"Fatty acids"	0.597	"Pseudoalkaloids (transamidation)"	0.353	"Phenylalanine-derived alkaloids"	0.571	"Organic nitrogen compounds"	0.999	"Organonitrogen compounds"	0.998	"Amines"	0.678	NA	NA	"Amines"	0.678	"Organic compounds; Organonitrogen compounds; Organooxygen compounds; Amines; Hydrocarbon derivatives; Organopnictogen compounds; Organic oxygen compounds; Organic nitrogen compounds; Chemical entities"	260.258	317	5.289	836961205881861760	836961017628907136	836961017628907136	443	NA	443
1	"C18H33NO3"	"[M + Na]+"	"C18H33NNaO3+"	"Fatty acids"	0.618	"Linear polyketides"	0.54	"Open-chain polyketides"	0.461	"Lipids and lipid-like molecules"	0.739	"Fatty Acyls"	0.715	"Fatty amides"	0.657	"N-acyl amines"	0.556	"N-acyl amines"	0.556	"Organic compounds; Lipids and lipid-like molecules; Alcohols and polyols; Organic acids and derivatives; Carboxylic acids and derivatives; Organonitrogen compounds; Organooxygen compounds; Fatty amides; Carboxylic acid amides; Carboxylic acid derivatives; N-acyl amines; Secondary carboxylic acid amides; Carbonyl compounds; Fatty Acyls; Organic oxides; Hydrocarbon derivatives; Organopnictogen compounds; Organic oxygen compounds; Organic nitrogen compounds; Chemical entities"	334.235	320	5.335	836961204590015872	836961017696016000	836961017696016000	445	NA	445
1	"C18H28O2"	"[M + H3N + H]+"	"C18H32NO2+"	"Fatty acids"	0.703	"Fatty Acids and Conjugates"	0.425	"Unsaturated fatty acids"	0.205	"Lipids and lipid-like molecules"	0.914	NA	NA	NA	NA	NA	NA	"Lipids and lipid-like molecules"	0.914	"Organic compounds; Lipids and lipid-like molecules; Ketones; Organic acids and derivatives; Carboxylic acids and derivatives; Organooxygen compounds; Monocarboxylic acids and derivatives; Carboxylic acids; Carbonyl compounds; Organic oxides; Hydrocarbon derivatives; Organic oxygen compounds; Chemical entities"	294.243	320	5.338	836961195781976576	836961017737959040	836961017733764736	446	NA	446
1	"C6H6ClF"	"[M + Na]+"	"C6H6ClFNa+"	"Fatty acids"	0.201	"Fatty acyls"	0.037	"Halogenated fatty acids"	0.107	"Benzenoids"	0.996	"Benzene and substituted derivatives"	0.991	"Halobenzenes"	0.983	"Chlorobenzenes"	0.846	"Chlorobenzenes"	0.846	"Organic compounds; Halobenzenes; Organohalogen compounds; Alkyl chlorides; Aryl chlorides; Aryl fluorides; Chlorobenzenes; Fluorobenzenes; Organochlorides; Organofluorides; Benzene and substituted derivatives; Benzenoids; Aryl halides; Alkyl halides; Hydrocarbon derivatives; Chemical entities"	155.003	321	5.356	836961217189706368	836961017771513472	836961017771513472	447	NA	447
4	"C11H16N6"	"[M + H3N + H]+"	"C11H20N7+"	"Alkaloids"	0.925	"Pseudoalkaloids (transamidation)"	0.131	"Tricyclic guanidine alkaloids"	0.065	"Organoheterocyclic compounds"	0.96	"Triazines"	0.727	"Aminotriazines"	0.765	"1,3,5-triazine-2,4-diamines"	0.573	"1,3,5-triazine-2,4-diamines"	0.573	"Organic compounds; Organoheterocyclic compounds; Triazines; Organonitrogen compounds; Aminotriazines; Amines; N-aliphatic s-triazines; 1,3,5-triazines; Azacyclic compounds; Heteroaromatic compounds; Hydrocarbon derivatives; Organopnictogen compounds; Organic nitrogen compounds; 1,3,5-triazine-2,4-diamines; Chemical entities"	250.178	322	5.36	836961188748128128	836961017809262208	836961017809262208	448	NA	448
1	"C13H22O2"	"[M + H3N + H]+"	"C13H26NO2+"	"Fatty acids"	0.97	"Fatty Acids and Conjugates"	0.682	"Unsaturated fatty acids"	0.705	"Lipids and lipid-like molecules"	0.514	NA	NA	NA	NA	NA	NA	"Lipids and lipid-like molecules"	0.514	"Organic compounds; Lipids and lipid-like molecules; Organic acids and derivatives; Carboxylic acids and derivatives; Organooxygen compounds; Monocarboxylic acids and derivatives; Carboxylic acids; Carbonyl compounds; Organic oxides; Hydrocarbon derivatives; Organic oxygen compounds; Chemical entities"	228.196	322	5.361	836961208549439360	836961017842816768	836961017842816768	449	NA	449
5	"C27H48Cl2N2O6"	"[M + H3N + H]+"	"C27H52Cl2N3O6+"	"Polyketides"	0.401	"Oligopeptides"	0.685	"Lipopeptides"	0.126	"Organic acids and derivatives"	0.997	"Carboxylic acids and derivatives"	0.996	"Amino acids, peptides, and analogues"	0.84	"Amino acids and derivatives"	0.835	"Amino acids and derivatives"	0.835	"Organic compounds; Lipids and lipid-like molecules; Amino acids, peptides, and analogues; Organic acids and derivatives; Carboxylic acids and derivatives; Organohalogen compounds; Organonitrogen compounds; Organooxygen compounds; Fatty amides; Amino acids and derivatives; Carboxylic acid amides; Carboxylic acid derivatives; N-acyl amines; Carboxylic acid esters; Organochlorides; Tertiary carboxylic acid amides; Carbonyl compounds; Trialkylamines; Amines; Alkyl halides; Fatty Acyls; Organic oxides; Hydrocarbon derivatives; Organopnictogen compounds; Organic oxygen compounds; Organic nitrogen compounds; Chemical entities"	584.322	323	5.387	836961249427131392	836961017876371200	836961017876371200	450	NA	450
2	"C18H28O"	"[M + H3N + H]+"	"C18H32NO+"	"Terpenoids"	0.973	"Diterpenoids"	0.696	"Bisabolane sesquiterpenoids"	0.068	"Lipids and lipid-like molecules"	0.819	"Prenol lipids"	0.745	NA	NA	NA	NA	"Prenol lipids"	0.745	"Organic compounds; Lipids and lipid-like molecules; Prenol lipids; Organooxygen compounds; Carbonyl compounds; Organic oxides; Hydrocarbon derivatives; Organic oxygen compounds; Chemical entities"	278.248	324	5.395	836961190773977088	836961017909925632	836961017909925632	451	NA	451
1	"C18H35NO3"	"[M + Na]+"	"C18H35NNaO3+"	"Fatty acids"	0.973	"Spingolipids"	0.394	"Sphingoid bases"	0.574	"Lipids and lipid-like molecules"	0.53	"Fatty Acyls"	0.52	NA	NA	NA	NA	"Fatty Acyls"	0.52	"Organic compounds; Lipids and lipid-like molecules; Alcohols and polyols; Organonitrogen compounds; Organooxygen compounds; Secondary alcohols; Alkanolamines; Fatty Acyls; Hydrocarbon derivatives; Organopnictogen compounds; Organic oxygen compounds; Organic nitrogen compounds; Chemical entities"	336.251	324	5.396	836961194729206016	836961017939285760	836961017939285760	452	NA	452
1	"C18H30O2"	"[M + H3N + H]+"	"C18H34NO2+"	"Fatty acids"	1	"Fatty Acids and Conjugates"	0.951	"Unsaturated fatty acids"	0.963	"Lipids and lipid-like molecules"	0.982	"Fatty Acyls"	0.976	"Lineolic acids and derivatives"	0.519	NA	NA	"Lineolic acids and derivatives"	0.519	"Organic compounds; Lipids and lipid-like molecules; Fatty acids and conjugates; Organic acids and derivatives; Carboxylic acids and derivatives; Organooxygen compounds; Straight chain fatty acids; Unsaturated fatty acids; Lineolic acids and derivatives; Monocarboxylic acids and derivatives; Carboxylic acids; Carbonyl compounds; Long-chain fatty acids; Fatty Acyls; Organic oxides; Hydrocarbon derivatives; Organic oxygen compounds; Chemical entities"	296.258	324	5.398	836961193252810880	836961017977034496	836961017977034496	453	NA	453
1	"C18H28O2"	"[M + H3N + H]+"	"C18H32NO2+"	"Fatty acids"	0.998	"Fatty Acids and Conjugates"	0.872	"Unsaturated fatty acids"	0.88	"Lipids and lipid-like molecules"	0.975	"Fatty Acyls"	0.952	"Lineolic acids and derivatives"	0.67	NA	NA	"Lineolic acids and derivatives"	0.67	"Organic compounds; Lipids and lipid-like molecules; Fatty acids and conjugates; Organic acids and derivatives; Carboxylic acids and derivatives; Organooxygen compounds; Straight chain fatty acids; Unsaturated fatty acids; Lineolic acids and derivatives; Monocarboxylic acids and derivatives; Carboxylic acids; Carbonyl compounds; Long-chain fatty acids; Fatty Acyls; Organic oxides; Hydrocarbon derivatives; Organic oxygen compounds; Chemical entities"	294.243	326	5.434	836961197019296384	836961018081892096	836961018077697792	456	NA	456
1	"C16H29N7O2"	"[M - H2O + H]+"	"C16H28N7O+"	"Alkaloids"	0.851	"Pseudoalkaloids (transamidation)"	0.14	"Purine alkaloids"	0.037	"Organoheterocyclic compounds"	0.866	"Heteroaromatic compounds"	0.697	NA	NA	NA	NA	"Heteroaromatic compounds"	0.697	"Organic compounds; Organoheterocyclic compounds; Organonitrogen compounds; Organooxygen compounds; Amines; Tertiary amines; Organic oxides; Azacyclic compounds; Heteroaromatic compounds; Hydrocarbon derivatives; Organopnictogen compounds; Organic oxygen compounds; Organic nitrogen compounds; Chemical entities"	334.235	326	5.435	836961200454431744	836961018119640832	836961018115446528	457	NA	457
1	"C20H42N2O4"	"[M - H2O + H]+"	"C20H41N2O3+"	"Fatty acids"	0.915	"Fatty amides"	0.358	"N-acyl amines"	0.124	"Organic acids and derivatives"	0.931	"Carboxylic acids and derivatives"	0.917	"Amino acids, peptides, and analogues"	0.578	"Amino acids and derivatives"	0.57	"Amino acids and derivatives"	0.57	"Organic compounds; Lipids and lipid-like molecules; Amino acids, peptides, and analogues; Alcohols and polyols; Organic acids and derivatives; Carboxylic acids and derivatives; Organonitrogen compounds; Organooxygen compounds; Fatty amides; Amino acids and derivatives; Carboxylic acid amides; Carboxylic acid derivatives; N-acyl amines; Secondary alcohols; Secondary carboxylic acid amides; Carbonyl compounds; Amines; Fatty Acyls; Organic oxides; Hydrocarbon derivatives; Organopnictogen compounds; Organic oxygen compounds; Organic nitrogen compounds; Chemical entities"	357.311	326	5.436	836961221941853440	836961018044143360	836961018044143360	455	NA	455
3	"C18H37NO5"	"[M - H2O + H]+"	"C18H36NO4+"	"Fatty acids"	0.998	"Fatty amides"	0.608	"N-acyl amines"	0.33	"Lipids and lipid-like molecules"	0.944	"Fatty Acyls"	0.942	"Fatty amides"	0.774	"N-acyl amines"	0.677	"N-acyl amines"	0.677	"Organic compounds; Lipids and lipid-like molecules; Alcohols and polyols; Organic acids and derivatives; Carboxylic acids and derivatives; Organonitrogen compounds; Primary alcohols; Organooxygen compounds; Fatty amides; Carboxylic acid amides; Carboxylic acid derivatives; N-acyl amines; Secondary alcohols; Carbonyl compounds; Fatty Acyls; Organic oxides; Hydrocarbon derivatives; Organopnictogen compounds; Organic oxygen compounds; Organic nitrogen compounds; Chemical entities"	330.264	326	5.44	836961214324996480	836961018149000960	836961018149000960	458	NA	458
1	"C18H33NO3"	"[M - H2O + H]+"	"C18H32NO2+"	"Fatty acids"	0.952	"Fatty amides"	0.427	"Sphingoid bases"	0.125	"Lipids and lipid-like molecules"	0.691	"Fatty Acyls"	0.719	"Fatty amides"	0.705	"N-acyl amines"	0.588	"N-acyl amines"	0.588	"Organic compounds; Lipids and lipid-like molecules; Alcohols and polyols; Organic acids and derivatives; Carboxylic acids and derivatives; Organonitrogen compounds; Organooxygen compounds; Fatty amides; Carboxylic acid amides; Carboxylic acid derivatives; N-acyl amines; Secondary alcohols; Carbonyl compounds; 1,2-aminoalcohols; Amines; Alkanolamines; Fatty Acyls; Organic oxides; Hydrocarbon derivatives; Organopnictogen compounds; Organic oxygen compounds; Organic nitrogen compounds; Chemical entities"	294.243	328	5.461	836961206154491520	836961018220304128	836961018220304128	460	NA	460
2	"C13H20O3"	"[M + H]+"	"C13H21O3+"	"Polyketides"	0.94	"Cyclic polyketides"	0.82	"2-pyrone derivatives"	0.381	"Organic oxygen compounds"	1	"Organooxygen compounds"	1	"Ethers"	0.527	"Alkyl aryl ethers"	0.549	"Alkyl aryl ethers"	0.549	"Organic compounds; Ketones; Alkyl aryl ethers; Ethers; Organic acids and derivatives; Organooxygen compounds; Carbonyl compounds; Organic oxides; Hydrocarbon derivatives; Organic oxygen compounds; Chemical entities"	225.149	329	5.483	836961202132153472	836961018186749696	836961018186749696	459	NA	459
1	"C13H28O4"	"[M + H]+"	"C13H29O4+"	"Fatty acids"	0.96	"Fatty acyls"	0.954	"Fatty alcohols"	0.977	"Lipids and lipid-like molecules"	0.575	NA	NA	NA	NA	NA	NA	"Lipids and lipid-like molecules"	0.575	"Organic compounds; Lipids and lipid-like molecules; Alcohols and polyols; Primary alcohols; Organooxygen compounds; Hydrocarbon derivatives; Organic oxygen compounds; Chemical entities"	249.206	329	5.49	836961206653613696	836961018320967424	836961018320967424	463	NA	463
1	"C33H42O8"	"[M + H3N + H]+"	"C33H46NO8+"	"Terpenoids"	0.545	"Steroids"	0.113	"Ergostane steroids"	0.06	"Benzenoids"	0.668	"Benzene and substituted derivatives"	0.333	"Benzoyl derivatives"	0.505	NA	NA	"Benzoyl derivatives"	0.505	"Organic compounds; Organoheterocyclic compounds; Lipids and lipid-like molecules; Alcohols and polyols; Ethers; Organic acids and derivatives; Carboxylic acids and derivatives; Benzoyl derivatives; Organooxygen compounds; Carboxylic acid derivatives; Carboxylic acid esters; Secondary alcohols; Carbonyl compounds; Benzenoids; Organic oxides; Oxacyclic compounds; Hydrocarbon derivatives; Organic oxygen compounds; Chemical entities"	584.322	330	5.494	836961199074505472	836961018258052864	836961018253858560	461	NA	461
1	"C18H28O"	"[M + H3N + H]+"	"C18H32NO+"	"Terpenoids"	0.973	"Diterpenoids"	0.591	"Bisabolane sesquiterpenoids"	0.091	"Lipids and lipid-like molecules"	0.83	"Prenol lipids"	0.76	NA	NA	NA	NA	"Prenol lipids"	0.76	"Organic compounds; Lipids and lipid-like molecules; Prenol lipids; Organooxygen compounds; Carbonyl compounds; Hydrocarbon derivatives; Organic oxygen compounds; Chemical entities"	278.248	331	5.51	836961202140542080	836961018392270592	836961018392270592	465	NA	465
1	"C18H30O2"	"[M + H3N + H]+"	"C18H34NO2+"	"Fatty acids"	0.992	"Fatty Acids and Conjugates"	0.912	"Unsaturated fatty acids"	0.867	"Lipids and lipid-like molecules"	0.958	"Fatty Acyls"	0.908	"Fatty acids and conjugates"	0.911	"Long-chain fatty acids"	0.883	"Long-chain fatty acids"	0.883	"Organic compounds; Lipids and lipid-like molecules; Fatty acids and conjugates; Organic acids and derivatives; Carboxylic acids and derivatives; Organooxygen compounds; Straight chain fatty acids; Unsaturated fatty acids; Monocarboxylic acids and derivatives; Carboxylic acids; Carbonyl compounds; Long-chain fatty acids; Fatty Acyls; Organic oxides; Hydrocarbon derivatives; Organic oxygen compounds; Chemical entities"	296.258	331	5.514	836961221937659136	836961018358716160	836961018358716160	464	NA	464
1	"C18H35NO3"	"[M - H2O + H]+"	"C18H34NO2+"	"Fatty acids"	0.959	"Spingolipids"	0.74	"Sphingoid bases"	0.852	"Organic nitrogen compounds"	1	"Organonitrogen compounds"	1	"Amines"	0.83	"Alkanolamines"	0.76	"1,2-aminoalcohols"	0.768	"Organic compounds; Alcohols and polyols; Organonitrogen compounds; Organooxygen compounds; Monoalkylamines; Secondary alcohols; 1,2-aminoalcohols; Amines; Alkanolamines; Hydrocarbon derivatives; Organopnictogen compounds; Organic oxygen compounds; Organic nitrogen compounds; Chemical entities"	296.258	331	5.522	836961198109815552	836961018664900352	836961018664900352	473	NA	473
1	"C12H26NO2"	"[M + K]+"	"C12H26KNO2+"	"Terpenoids"	0.805	"Monoterpenoids"	0.35	"Menthane monoterpenoids"	0.091	"Organic nitrogen compounds"	0.999	"Organonitrogen compounds"	0.997	NA	NA	NA	NA	"Organonitrogen compounds"	0.997	"Organic compounds; Organonitrogen compounds; Organooxygen compounds; Hydrocarbon derivatives; Organopnictogen compounds; Organic oxygen compounds; Organic nitrogen compounds; Chemical entities"	255.159	332	5.526	836961205424682496	836961018421630720	836961018421630720	466	NA	466
2	"C20H26N4O6S"	"[M + H3N + H]+"	"C20H30N5O6S+"	"Amino acids and Peptides"	0.471	"Oligopeptides"	0.041	"Cyclamides"	0.142	"Benzenoids"	0.86	"Benzene and substituted derivatives"	0.813	"Benzenesulfonamides"	0.772	NA	NA	"Benzenesulfonamides"	0.772	"Organic compounds; Organoheterocyclic compounds; Organosulfur compounds; Benzenesulfonamides; Organic acids and derivatives; Carboxylic acids and derivatives; Organosulfonic acids and derivatives; Organonitrogen compounds; Organooxygen compounds; Carboxylic acid derivatives; Sulfonyls; Organosulfonamides; Carbonyl compounds; Benzene and substituted derivatives; Benzenoids; Aminosulfonyl compounds; Organic 1,3-dipolar compounds; Organic oxides; Azacyclic compounds; Hydrocarbon derivatives; Benzenesulfonyl compounds; Organic sulfonic acids and derivatives; Organopnictogen compounds; Organic oxygen compounds; Organic nitrogen compounds; Chemical entities"	468.191	332	5.531	836961240023500544	836961018492933888	836961018492933888	468	NA	468
1	"C22H33ClO5"	"[M + K]+"	"C22H33ClKO5+"	"Polyketides"	0.974	"Chromanes"	0.971	"Azaphilones"	0.979	"Organoheterocyclic compounds"	0.587	"Azaphilones"	0.692	NA	NA	NA	NA	"Azaphilones"	0.692	"Organic compounds; Organoheterocyclic compounds; Lipids and lipid-like molecules; Ketones; Alcohols and polyols; Organic acids and derivatives; Carboxylic acids and derivatives; Organohalogen compounds; Organooxygen compounds; Organochlorides; Carbonyl compounds; Vinyl chlorides; Vinyl halides; Azaphilones; Cyclic ketones; Haloalkenes; Chloroalkenes; Organic oxides; Hydrocarbon derivatives; Cyclohexenones; Organic oxygen compounds; Alpha-haloketones; Alpha-chloroketones; Chemical entities"	451.165	332	5.533	836961248105925376	836961018459379456	836961018459379456	467	NA	467
4	"C12H25N2O2"	"[M + K]+"	"C12H25KN2O2+"	"Alkaloids"	0.345	"Monoterpenoids"	0.308	"Menthane monoterpenoids"	0.255	"Organic acids and derivatives"	0.668	"Carboxylic acids and derivatives"	0.644	NA	NA	NA	NA	"Carboxylic acids and derivatives"	0.644	"Organic compounds; Organic acids and derivatives; Carboxylic acids and derivatives; Organonitrogen compounds; Organooxygen compounds; Carbonyl compounds; Organic oxides; Hydrocarbon derivatives; Organopnictogen compounds; Organic oxygen compounds; Organic nitrogen compounds; Chemical entities"	268.154	333	5.544	836961254988779136	836961018526488320	836961018526488320	469	NA	469
1	"C18H28O2"	"[M + H3N + H]+"	"C18H32NO2+"	"Fatty acids"	0.995	"Fatty Acids and Conjugates"	0.738	"Unsaturated fatty acids"	0.748	"Lipids and lipid-like molecules"	0.964	"Fatty Acyls"	0.933	"Lineolic acids and derivatives"	0.571	NA	NA	"Lineolic acids and derivatives"	0.571	"Organic compounds; Lipids and lipid-like molecules; Fatty acids and conjugates; Organic acids and derivatives; Carboxylic acids and derivatives; Organooxygen compounds; Straight chain fatty acids; Unsaturated fatty acids; Lineolic acids and derivatives; Monocarboxylic acids and derivatives; Carboxylic acids; Carbonyl compounds; Long-chain fatty acids; Fatty Acyls; Organic oxides; Hydrocarbon derivatives; Organic oxygen compounds; Chemical entities"	294.243	333	5.556	836961198927704832	836961018597791488	836961018597791488	471	NA	471
1	"C17H37NO5S"	"[M + K]+"	"C17H37KNO5S+"	"Amino acids and Peptides"	0.411	"Linear polyketides"	0.213	"Open-chain polyketides"	0.327	"Organic acids and derivatives"	0.963	"Organic sulfonic acids and derivatives"	0.569	"Organosulfonic acids and derivatives"	0.57	NA	NA	"Organosulfonic acids and derivatives"	0.57	"Organic compounds; Organosulfur compounds; Organic acids and derivatives; Organosulfonic acids and derivatives; Organonitrogen compounds; Organooxygen compounds; Sulfonyls; Organic oxides; Hydrocarbon derivatives; Organic sulfonic acids and derivatives; Organopnictogen compounds; Organic oxygen compounds; Organic nitrogen compounds; Chemical entities"	406.203	333	5.558	836961207052072576	836961018631345920	836961018631345920	472	NA	472
1	"C18H33NO3"	"[M - H2O + H]+"	"C18H32NO2+"	"Fatty acids"	0.916	"Spingolipids"	0.404	"Sphingoid bases"	0.545	"Organic nitrogen compounds"	1	"Organonitrogen compounds"	1	"Amines"	0.829	"Alkanolamines"	0.718	"1,2-aminoalcohols"	0.702	"Organic compounds; Alcohols and polyols; Organonitrogen compounds; Organooxygen compounds; Secondary alcohols; 1,2-aminoalcohols; Amines; Alkanolamines; Hydrocarbon derivatives; Organopnictogen compounds; Organic oxygen compounds; Organic nitrogen compounds; Chemical entities"	294.243	334	5.567	836961202350257408	836961018698454784	836961018698454784	474	NA	474
3	"C15H28N2O5"	"[M + H3N + H]+"	"C15H32N3O5+"	"Amino acids and Peptides"	0.71	"Ornithine alkaloids"	0.214	"Dipeptides"	0.388	"Lipids and lipid-like molecules"	0.568	"Fatty Acyls"	0.538	NA	NA	NA	NA	"Fatty Acyls"	0.538	"Organic compounds; Lipids and lipid-like molecules; Alcohols and polyols; Organic acids and derivatives; Carboxylic acids and derivatives; Organonitrogen compounds; Organooxygen compounds; Carboxylic acid amides; Carboxylic acid derivatives; Carbonyl compounds; Fatty Acyls; Organic oxides; Hydrocarbon derivatives; Organopnictogen compounds; Organic oxygen compounds; Organic nitrogen compounds; Chemical entities"	334.235	336	5.604	836961326338089088	836961018732009216	836961018732009216	475	NA	475
1	"C19H35NO4"	"[M + H3N + H]+"	"C19H39N2O4+"	"Fatty acids"	0.999	"Spingolipids"	0.583	"N-acyl amines"	0.489	"Organic acids and derivatives"	0.997	"Carboxylic acids and derivatives"	0.993	"Amino acids, peptides, and analogues"	0.795	"Amino acids and derivatives"	0.789	"N-acyl-alpha amino acids"	0.628	"Organic compounds; Lipids and lipid-like molecules; Amino acids, peptides, and analogues; Alpha amino acids and derivatives; Alcohols and polyols; Fatty acids and conjugates; Organic acids and derivatives; Carboxylic acids and derivatives; Organonitrogen compounds; Organooxygen compounds; Fatty amides; Hydroxy fatty acids; Amino acids and derivatives; Hydroxy acids and derivatives; Carboxylic acid amides; Amino fatty acids; Carboxylic acid derivatives; N-acyl amines; Monocarboxylic acids and derivatives; N-acyl-alpha amino acids and derivatives; Carboxylic acids; Secondary alcohols; Beta hydroxy acids and derivatives; Carbonyl compounds; N-acyl-alpha amino acids; Fatty Acyls; Organic oxides; Hydrocarbon derivatives; Organopnictogen compounds; Organic oxygen compounds; Organic nitrogen compounds; Chemical entities"	359.29	337	5.617	836961201150686208	836961018769757952	836961018769757952	476	NA	476
1	"C12H14O3"	"[M - H2O + H]+"	"C12H13O2+"	"Terpenoids"	0.461	"Sesquiterpenoids"	0.45	"Bisabolane sesquiterpenoids"	0.094	"Benzenoids"	0.808	"Benzene and substituted derivatives"	0.625	NA	NA	NA	NA	"Benzene and substituted derivatives"	0.625	"Organic compounds; Organic acids and derivatives; Carboxylic acids and derivatives; Organooxygen compounds; Monocarboxylic acids and derivatives; Carboxylic acids; Carbonyl compounds; Benzene and substituted derivatives; Benzenoids; Organic oxides; Hydrocarbon derivatives; Organic oxygen compounds; Chemical entities"	189.091	340	5.664	836961200068555776	836961018807506688	836961018807506688	477	NA	477
1	"C11H18O2"	"[M - H2O + H]+"	"C11H17O+"	"Fatty acids"	0.97	"Fatty Acids and Conjugates"	0.809	"Unsaturated fatty acids"	0.744	"Lipids and lipid-like molecules"	0.884	"Fatty Acyls"	0.802	"Fatty acids and conjugates"	0.833	"Unsaturated fatty acids"	0.783	"Unsaturated fatty acids"	0.783	"Organic compounds; Lipids and lipid-like molecules; Fatty acids and conjugates; Organic acids and derivatives; Carboxylic acids and derivatives; Organooxygen compounds; Unsaturated fatty acids; Monocarboxylic acids and derivatives; Carboxylic acids; Carbonyl compounds; Fatty Acyls; Organic oxides; Hydrocarbon derivatives; Organic oxygen compounds; Chemical entities"	165.127	342	5.697	836961204170585344	836961018912364288	836961018912364288	480	NA	480
1	"C6H6ClF"	"[M + Na]+"	"C6H6ClFNa+"	"Fatty acids"	0.13	"Fatty acyls"	0.038	"Halogenated fatty acids"	0.072	"Benzenoids"	0.996	"Benzene and substituted derivatives"	0.989	"Halobenzenes"	0.978	"Chlorobenzenes"	0.835	"Chlorobenzenes"	0.835	"Organic compounds; Halobenzenes; Organohalogen compounds; Alkyl chlorides; Aryl chlorides; Aryl fluorides; Chlorobenzenes; Fluorobenzenes; Organochlorides; Organofluorides; Benzene and substituted derivatives; Benzenoids; Aryl halides; Alkyl halides; Hydrocarbon derivatives; Chemical entities"	155.003	343	5.718	836961201951798400	836961018945918848	836961018945918848	481	NA	481
5	"C10H10O4"	"[M - H2O + H]+"	"C10H9O3+"	"Shikimates and Phenylpropanoids"	0.918	"Phenolic acids (C6-C1)"	0.979	"Simple phenolic acids"	0.966	"Benzenoids"	1	"Benzene and substituted derivatives"	0.998	"Benzoic acids and derivatives"	0.998	"Benzoic acid esters"	0.85	"Benzoic acid esters"	0.85	"Organic compounds; Benzoic acids and derivatives; Organic acids and derivatives; Carboxylic acids and derivatives; Benzoyl derivatives; Organooxygen compounds; Dicarboxylic acids and derivatives; Carboxylic acid derivatives; Carboxylic acids; Carboxylic acid esters; Benzoic acid esters; Benzene and substituted derivatives; Benzenoids; Benzoic acids; Organic oxides; Hydrocarbon derivatives; Organic oxygen compounds; Chemical entities"	177.055	344	5.734	836961212005546112	836961019013027712	836961019008833408	483	NA	483
2	"C31H20O10"	"[M + H]+"	"C31H21O10+"	"Shikimates and Phenylpropanoids"	0.983	"Flavonoids"	0.908	"Flavones"	0.942	"Phenylpropanoids and polyketides"	0.961	"Flavonoids"	0.926	"Biflavonoids and polyflavonoids"	0.858	NA	NA	"Biflavonoids and polyflavonoids"	0.858	"Organic compounds; Organoheterocyclic compounds; Pyrans; Benzopyrans; Phenols; Chromones; Phenylpropanoids and polyketides; Organic acids and derivatives; Organooxygen compounds; Flavonoids; Pyranones and derivatives; Biflavonoids and polyflavonoids; Flavones; Benzene and substituted derivatives; Benzenoids; 4'-hydroxyflavonoids; Hydroxyflavonoids; 5-hydroxyflavonoids; 7-hydroxyflavonoids; 1-benzopyrans; Vinylogous acids; Organic oxides; Oxacyclic compounds; Heteroaromatic compounds; Hydrocarbon derivatives; Organic oxygen compounds; 1-hydroxy-2-unsubstituted benzenoids; 1-hydroxy-4-unsubstituted benzenoids; Chemical entities"	553.113	344	5.737	836961205126886912	836961019113691008	836961019113691008	486	NA	486
1	"C33H42O8"	"[M + H3N + H]+"	"C33H46NO8+"	"Shikimates and Phenylpropanoids"	0.543	"Flavonoids"	0.487	"Flavan-3-ols"	0.145	"Phenylpropanoids and polyketides"	0.67	"Flavonoids"	0.688	"Hydroxyflavonoids"	0.75	"4'-hydroxyflavonoids"	0.715	"4'-hydroxyflavonoids"	0.715	"Organic compounds; Organoheterocyclic compounds; Benzopyrans; Alkyl aryl ethers; Alcohols and polyols; Phenols; Ethers; Phenylpropanoids and polyketides; Organic acids and derivatives; Organooxygen compounds; Flavonoids; Flavans; Benzenediols; Secondary alcohols; Benzene and substituted derivatives; Polyols; Benzenoids; 4'-hydroxyflavonoids; Hydroxyflavonoids; 7-hydroxyflavonoids; 1-benzopyrans; Organic oxides; Oxacyclic compounds; Hydrocarbon derivatives; Organic oxygen compounds; 1-hydroxy-2-unsubstituted benzenoids; 1-hydroxy-4-unsubstituted benzenoids; Chemical entities"	584.322	344	5.737	836961220343823360	836961019080136576	836961019075942272	485	NA	485
2	"C14H31NO"	"[M + H]+"	"C14H32NO+"	"Fatty acids"	0.988	"Spingolipids"	0.837	"Sphingoid bases"	0.984	"Organic nitrogen compounds"	1	"Organonitrogen compounds"	1	"Amines"	0.997	"Alkanolamines"	0.93	"1,2-aminoalcohols"	0.883	"Organic compounds; Alcohols and polyols; Organonitrogen compounds; Primary alcohols; Organooxygen compounds; 1,2-aminoalcohols; Dialkylamines; Amines; Secondary amines; Alkanolamines; Hydrocarbon derivatives; Organopnictogen compounds; Organic oxygen compounds; Organic nitrogen compounds; Chemical entities"	230.248	345	5.747	836961193038901376	836961019147245440	836961019147245440	487	NA	487
1	"C17H37NO2"	"[M + H]+"	"C17H38NO2+"	"Fatty acids"	0.846	"Fatty amides"	0.475	"Open-chain polyketides"	0.538	"Organic nitrogen compounds"	0.999	"Organonitrogen compounds"	0.997	NA	NA	NA	NA	"Organonitrogen compounds"	0.997	"Organic compounds; Organonitrogen compounds; Organooxygen compounds; Hydrocarbon derivatives; Organopnictogen compounds; Organic oxygen compounds; Organic nitrogen compounds; Chemical entities"	288.29	346	5.769	836961210902444160	836961019214354304	836961019214354304	489	NA	489
1	"C18H35NO3"	"[M - H2O + H]+"	"C18H34NO2+"	"Fatty acids"	0.956	"Spingolipids"	0.295	"Sphingoid bases"	0.511	"Organic nitrogen compounds"	1	"Organonitrogen compounds"	1	"Amines"	0.714	"Alkanolamines"	0.651	"1,2-aminoalcohols"	0.587	"Organic compounds; Alcohols and polyols; Organonitrogen compounds; Organooxygen compounds; Secondary alcohols; 1,2-aminoalcohols; Amines; Alkanolamines; Hydrocarbon derivatives; Organopnictogen compounds; Organic oxygen compounds; Organic nitrogen compounds; Chemical entities"	296.258	346	5.772	836961196130103808	836961019180799872	836961019180799872	488	NA	488
2	"C16H32O3"	"[M + H3N + H]+"	"C16H36NO3+"	"Fatty acids"	0.953	"Fatty Acids and Conjugates"	0.389	"Fatty alcohols"	0.703	"Lipids and lipid-like molecules"	0.829	"Fatty Acyls"	0.824	NA	NA	NA	NA	"Fatty Acyls"	0.824	"Organic compounds; Lipids and lipid-like molecules; Alcohols and polyols; Organic acids and derivatives; Carboxylic acids and derivatives; Primary alcohols; Organooxygen compounds; Monocarboxylic acids and derivatives; Secondary alcohols; Carbonyl compounds; Fatty Acyls; Organic oxides; Hydrocarbon derivatives; Organic oxygen compounds; Chemical entities"	290.269	348	5.795	836961199665902464	836961019252103040	836961019247908736	490	NA	490
1	"C26H24N2O4"	"[M + Na]+"	"C26H24N2NaO4+"	"Alkaloids"	0.399	"Anthranilic acid alkaloids"	0.144	"Acridone alkaloids"	0.079	"Benzenoids"	0.998	"Benzene and substituted derivatives"	0.957	"Anilides"	0.634	"Aromatic anilides"	0.522	"Aromatic anilides"	0.522	"Organic compounds; Organoheterocyclic compounds; Phenols; Benzoic acids and derivatives; Organic acids and derivatives; Carboxylic acids and derivatives; Organonitrogen compounds; Anilides; Benzoyl derivatives; Organooxygen compounds; Carboxylic acid amides; Carboxylic acid derivatives; Secondary carboxylic acid amides; Carbonyl compounds; Benzene and substituted derivatives; Benzenoids; Phenylpropanes; Organic oxides; Azacyclic compounds; Hydrocarbon derivatives; Organopnictogen compounds; Organic oxygen compounds; Organic nitrogen compounds; Aromatic anilides; Chemical entities"	451.165	350	5.831	836961210894055552	836961019319211904	836961019319211904	492	NA	492
1	"C17H37NO2"	"[M + H]+"	"C17H38NO2+"	"Fatty acids"	0.851	"Fatty acyls"	0.349	"Sphingoid bases"	0.615	"Organic nitrogen compounds"	0.999	"Organonitrogen compounds"	0.997	"Amines"	0.55	NA	NA	"Amines"	0.55	"Organic compounds; Organonitrogen compounds; Organooxygen compounds; Amines; Hydrocarbon derivatives; Organopnictogen compounds; Organic oxygen compounds; Organic nitrogen compounds; Chemical entities"	288.29	350	5.834	836961196591477248	836961019386320768	836961019386320768	494	NA	494
1	"C18H30O3"	"[M + H3N + H]+"	"C18H34NO3+"	"Fatty acids"	0.952	"Octadecanoids"	0.908	"Other Octadecanoids"	0.903	"Lipids and lipid-like molecules"	0.975	"Fatty Acyls"	0.956	"Lineolic acids and derivatives"	0.772	NA	NA	"Lineolic acids and derivatives"	0.772	"Organic compounds; Lipids and lipid-like molecules; Ketones; Fatty acids and conjugates; Organic acids and derivatives; Carboxylic acids and derivatives; Acryloyl compounds; Organooxygen compounds; Unsaturated fatty acids; Lineolic acids and derivatives; Monocarboxylic acids and derivatives; Carboxylic acids; Enones; Carbonyl compounds; Long-chain fatty acids; Alpha,beta-unsaturated carbonyl compounds; Alpha,beta-unsaturated ketones; Fatty Acyls; Organic oxides; Hydrocarbon derivatives; Organic oxygen compounds; Chemical entities"	312.253	350	5.834	836961213259643136	836961019495372672	836961019491178368	497	NA	497
1	"C18H28O2"	"[M + H3N + H]+"	"C18H32NO2+"	"Fatty acids"	0.988	"Fatty Acids and Conjugates"	0.57	"Unsaturated fatty acids"	0.55	"Lipids and lipid-like molecules"	0.96	"Fatty Acyls"	0.918	"Lineolic acids and derivatives"	0.601	NA	NA	"Lineolic acids and derivatives"	0.601	"Organic compounds; Lipids and lipid-like molecules; Fatty acids and conjugates; Organic acids and derivatives; Carboxylic acids and derivatives; Organooxygen compounds; Straight chain fatty acids; Unsaturated fatty acids; Lineolic acids and derivatives; Monocarboxylic acids and derivatives; Carboxylic acids; Carbonyl compounds; Long-chain fatty acids; Fatty Acyls; Organic oxides; Hydrocarbon derivatives; Organic oxygen compounds; Chemical entities"	294.243	350	5.835	836961214111086976	836961019457623936	836961019457623936	496	NA	496
1	"C20H37NO3"	"[M + H3N + H]+"	"C20H41N2O3+"	"Fatty acids"	0.998	"Fatty amides"	0.431	"Nitro fatty acids"	0.188	"Lipids and lipid-like molecules"	0.866	"Fatty Acyls"	0.887	NA	NA	NA	NA	"Fatty Acyls"	0.887	"Organic compounds; Lipids and lipid-like molecules; Alcohols and polyols; Organic acids and derivatives; Carboxylic acids and derivatives; Organonitrogen compounds; Organooxygen compounds; Secondary alcohols; Carbonyl compounds; Fatty Acyls; Organic oxides; Hydrocarbon derivatives; Organopnictogen compounds; Organic oxygen compounds; Organic nitrogen compounds; Chemical entities"	357.311	350	5.835	836961214287247744	836961019352766336	836961019352766336	493	NA	493
6	"C13H14O4"	"[M + H3N + H]+"	"C13H18NO4+"	"Polyketides"	0.45	"Cyclic polyketides"	0.455	"Phthalide derivatives"	0.326	"Benzenoids"	0.775	NA	NA	NA	NA	NA	NA	"Benzenoids"	0.775	"Organic compounds; Organoheterocyclic compounds; Ethers; Organic acids and derivatives; Carboxylic acids and derivatives; Organooxygen compounds; Monocarboxylic acids and derivatives; Carbonyl compounds; Benzenoids; Organic oxides; Oxacyclic compounds; Hydrocarbon derivatives; Organic oxygen compounds; Chemical entities"	252.123	350	5.84	836961218473163520	836961019558287232	836961019558287232	499	NA	499
2	"C18H29NO2"	"[M + H]+"	"C18H30NO2+"	"Amino acids and Peptides"	0.174	"Linear polyketides"	0.701	"Open-chain polyketides"	0.57	"Lipids and lipid-like molecules"	0.504	NA	NA	NA	NA	NA	NA	"Lipids and lipid-like molecules"	0.504	"Organic compounds; Lipids and lipid-like molecules; Alcohols and polyols; Organic acids and derivatives; Carboxylic acids and derivatives; Organonitrogen compounds; Organooxygen compounds; Carboxylic acid amides; Carboxylic acid derivatives; Carbonyl compounds; Organic oxides; Hydrocarbon derivatives; Organopnictogen compounds; Organic oxygen compounds; Organic nitrogen compounds; Chemical entities"	292.227	351	5.846	836961225175662208	836961019625396096	836961019625396096	501	NA	501
1	"C18H28O3"	"[M + H3N + H]+"	"C18H32NO3+"	"Fatty acids"	0.609	"Octadecanoids"	0.689	"Phytane diterpenoids"	0.544	"Lipids and lipid-like molecules"	0.932	"Fatty Acyls"	0.801	"Fatty acids and conjugates"	0.767	"Long-chain fatty acids"	0.59	"Long-chain fatty acids"	0.59	"Organic compounds; Lipids and lipid-like molecules; Ketones; Fatty acids and conjugates; Organic acids and derivatives; Carboxylic acids and derivatives; Organooxygen compounds; Monocarboxylic acids and derivatives; Carboxylic acids; Carbonyl compounds; Long-chain fatty acids; Cyclic ketones; Fatty Acyls; Organic oxides; Hydrocarbon derivatives; Organic oxygen compounds; Chemical entities"	310.238	351	5.848	836961221174295680	836961019663144832	836961019658950528	502	NA	502
2	"C20H30N2O5S"	"[M + K]+"	"C20H30KN2O5S+"	"Amino acids and Peptides"	0.58	"Linear polyketides"	0.319	"Open-chain polyketides"	0.157	"Benzenoids"	0.697	"Benzene and substituted derivatives"	0.709	"Benzenesulfonamides"	0.523	NA	NA	"Benzenesulfonamides"	0.523	"Organic compounds; Organosulfur compounds; Benzenesulfonamides; Organic acids and derivatives; Carboxylic acids and derivatives; Organosulfonic acids and derivatives; Organonitrogen compounds; Organooxygen compounds; Carboxylic acid derivatives; Sulfonyls; Organosulfonamides; Carbonyl compounds; Benzene and substituted derivatives; Benzenoids; Aminosulfonyl compounds; Organic oxides; Hydrocarbon derivatives; Benzenesulfonyl compounds; Organic sulfonic acids and derivatives; Organopnictogen compounds; Organic oxygen compounds; Organic nitrogen compounds; Chemical entities"	449.149	352	5.868	836961262806962560	836961019692504960	836961019692504960	503	NA	503
3	"C16H30O2"	"[M + H3N + H]+"	"C16H34NO2+"	"Fatty acids"	0.994	"Fatty Acids and Conjugates"	0.918	"Unsaturated fatty acids"	0.706	"Lipids and lipid-like molecules"	0.921	"Fatty Acyls"	0.888	"Fatty acids and conjugates"	0.859	"Long-chain fatty acids"	0.835	"Long-chain fatty acids"	0.835	"Organic compounds; Lipids and lipid-like molecules; Fatty acids and conjugates; Organic acids and derivatives; Carboxylic acids and derivatives; Organooxygen compounds; Straight chain fatty acids; Unsaturated fatty acids; Monocarboxylic acids and derivatives; Carboxylic acids; Carbonyl compounds; Long-chain fatty acids; Fatty Acyls; Organic oxides; Hydrocarbon derivatives; Organic oxygen compounds; Chemical entities"	272.258	352	5.874	836961201251349632	836961019730253696	836961019730253696	504	NA	504
2	"C19H37NO"	"[M + H]+"	"C19H38NO+"	"Fatty acids"	0.81	"Fatty amides"	0.797	"Primary amides"	0.487	"Lipids and lipid-like molecules"	0.751	"Fatty Acyls"	0.471	"Fatty amides"	0.596	NA	NA	"Fatty amides"	0.596	"Organic compounds; Lipids and lipid-like molecules; Organic acids and derivatives; Carboxylic acids and derivatives; Organonitrogen compounds; Organooxygen compounds; Fatty amides; Carboxylic acid amides; Carboxylic acid derivatives; Secondary carboxylic acid amides; Carbonyl compounds; Organic oxides; Hydrocarbon derivatives; Organopnictogen compounds; Organic oxygen compounds; Organic nitrogen compounds; Chemical entities"	296.295	354	5.894	836961227860017280	836961019763808128	836961019763808128	505	NA	505
3	"C20H36O2"	"[M + H3N + H]+"	"C20H40NO2+"	"Fatty acids"	0.966	"Fatty acyls"	0.613	"Fatty alcohols"	0.434	"Lipids and lipid-like molecules"	0.888	"Fatty Acyls"	0.845	NA	NA	NA	NA	"Fatty Acyls"	0.845	"Organic compounds; Lipids and lipid-like molecules; Organooxygen compounds; Carbonyl compounds; Fatty Acyls; Organic oxides; Hydrocarbon derivatives; Organic oxygen compounds; Chemical entities"	326.305	354	5.895	836961211485452416	836961019797362560	836961019797362560	506	NA	506
2	"C16H28"	"[M + H]+"	"C16H29+"	"Terpenoids"	0.97	"Sesquiterpenoids"	0.864	"Caryophyllane sesquiterpenoids"	0.254	"Lipids and lipid-like molecules"	0.742	"Prenol lipids"	0.687	NA	NA	NA	NA	"Prenol lipids"	0.687	"Organic compounds; Lipids and lipid-like molecules; Prenol lipids; Hydrocarbons; Olefins; Cyclic olefins; Polycyclic hydrocarbons; Unsaturated hydrocarbons; Unsaturated aliphatic hydrocarbons; Branched unsaturated hydrocarbons; Chemical entities"	221.226	354	5.895	836961214698289664	836961019826722688	836961019826722688	507	NA	507
1	"C18H35NO3"	"[M - H2O + H]+"	"C18H34NO2+"	"Fatty acids"	0.905	"Fatty amides"	0.229	"Sphingoid bases"	0.124	"Lipids and lipid-like molecules"	0.544	"Fatty Acyls"	0.539	NA	NA	NA	NA	"Fatty Acyls"	0.539	"Organic compounds; Lipids and lipid-like molecules; Alcohols and polyols; Organonitrogen compounds; Organooxygen compounds; Amines; Fatty Acyls; Hydrocarbon derivatives; Organopnictogen compounds; Organic oxygen compounds; Organic nitrogen compounds; Chemical entities"	296.258	355	5.909	836961205462431232	836961019898025856	836961019898025856	509	NA	509
1	"C20H39NO2"	"[M + H3N + H]+"	"C20H43N2O2+"	"Fatty acids"	0.992	"Fatty amides"	0.972	"N-acyl ethanolamines (endocannabinoids)"	0.528	"Lipids and lipid-like molecules"	0.692	"Fatty Acyls"	0.702	"Fatty amides"	0.673	"N-acyl amines"	0.625	"N-acyl amines"	0.625	"Organic compounds; Lipids and lipid-like molecules; Alcohols and polyols; Organic acids and derivatives; Carboxylic acids and derivatives; Organonitrogen compounds; Organooxygen compounds; Fatty amides; Carboxylic acid amides; Carboxylic acid derivatives; N-acyl amines; Tertiary carboxylic acid amides; Carbonyl compounds; Fatty Acyls; Organic oxides; Hydrocarbon derivatives; Organopnictogen compounds; Organic oxygen compounds; Organic nitrogen compounds; Chemical entities"	343.332	355	5.914	836961205680535040	836961019969329024	836961019969329024	511	NA	511
1	"C20H42N2O2"	"[M - H2O + H]+"	"C20H41N2O+"	"Fatty acids"	0.985	"Fatty amides"	0.863	"N-acyl ethanolamines (endocannabinoids)"	0.273	"Lipids and lipid-like molecules"	0.673	"Fatty Acyls"	0.645	"Fatty amides"	0.532	NA	NA	"Fatty amides"	0.532	"Organic compounds; Lipids and lipid-like molecules; Alcohols and polyols; Organic acids and derivatives; Carboxylic acids and derivatives; Organonitrogen compounds; Organooxygen compounds; Fatty amides; Carbonyl compounds; 1,2-aminoalcohols; Trialkylamines; Amines; Tertiary amines; Alkanolamines; Fatty Acyls; Organic oxides; Hydrocarbon derivatives; Organopnictogen compounds; Organic oxygen compounds; Organic nitrogen compounds; Chemical entities"	325.321	355	5.916	836961205705700864	836961019935774592	836961019931580288	510	NA	510
4	"C15H16O3"	"[M + H3N + H]+"	"C15H20NO3+"	"Terpenoids"	0.693	"Sesquiterpenoids"	0.278	"Miscellaneous meroterpenoids"	0.241	"Benzenoids"	0.905	NA	NA	NA	NA	NA	NA	"Benzenoids"	0.905	"Organic compounds; Ketones; Organooxygen compounds; Carbonyl compounds; Benzenoids; Organic oxides; Hydrocarbon derivatives; Organic oxygen compounds; Chemical entities"	262.144	356	5.926	836961206146102912	836961020002883456	836961020002883456	512	NA	512
2	"C17H32N6O5S"	"[M - H2O + H]+"	"C17H31N6O4S+"	"Polyketides"	0.203	"Oligopeptides"	0.042	"Cyclamides"	0.453	"Organoheterocyclic compounds"	0.982	"Triazines"	0.181	"1,3,5-triazines"	0.394	"Alkoxy-S-triazines"	0.612	"Alkoxy-S-triazines"	0.612	"Organic compounds; Organoheterocyclic compounds; Organosulfur compounds; Tetrazoles; Ethers; Organic acids and derivatives; Organosulfonic acids and derivatives; Organonitrogen compounds; Organooxygen compounds; Azoles; Sulfonyls; Amines; Aminosulfonyl compounds; Organic oxides; Azacyclic compounds; Heteroaromatic compounds; Hydrocarbon derivatives; Organic sulfonic acids and derivatives; Organopnictogen compounds; Organic oxygen compounds; Alkoxy-S-triazines; Organic nitrogen compounds; Chemical entities"	415.211	357	5.942	836961218125036288	836961020057409536	836961020057409536	513	NA	513
1	"C33H42O8"	"[M + H3N + H]+"	"C33H46NO8+"	"Terpenoids"	0.788	"Sesquiterpenoids"	0.197	"Daucane sesquiterpenoids"	0.097	"Benzenoids"	0.85	"Benzene and substituted derivatives"	0.82	"Benzoic acids and derivatives"	0.883	"Benzoic acid esters"	0.852	"p-Hydroxybenzoic acid esters"	0.538	"Organic compounds; Organoheterocyclic compounds; Lipids and lipid-like molecules; Alcohols and polyols; Phenols; Benzoic acids and derivatives; Ethers; Organic acids and derivatives; Carboxylic acids and derivatives; Benzoyl derivatives; Organooxygen compounds; Carboxylic acid derivatives; Carboxylic acid esters; Cyclic alcohols and derivatives; Benzoic acid esters; Tertiary alcohols; Carbonyl compounds; Benzene and substituted derivatives; Benzenoids; Organic oxides; Oxacyclic compounds; Hydrocarbon derivatives; Organic oxygen compounds; 1-hydroxy-2-unsubstituted benzenoids; p-Hydroxybenzoic acid esters; Chemical entities"	584.322	357	5.953	836961218431220480	836961020095158272	836961020090963968	514	NA	514
1	"C17H37NO2"	"[M + H]+"	"C17H38NO2+"	"Fatty acids"	0.989	"Spingolipids"	0.75	"Sphingoid bases"	0.958	"Organic nitrogen compounds"	1	"Organonitrogen compounds"	1	"Amines"	0.974	"Alkanolamines"	0.92	"1,2-aminoalcohols"	0.868	"Organic compounds; Alcohols and polyols; Organonitrogen compounds; Primary alcohols; Organooxygen compounds; 1,2-aminoalcohols; Amines; Alkanolamines; Hydrocarbon derivatives; Organopnictogen compounds; Organic oxygen compounds; Organic nitrogen compounds; Chemical entities"	288.29	358	5.97	836961205789586944	836961020128712704	836961020128712704	515	NA	515
2	"C11H18O2"	"[M + H]+"	"C11H19O2+"	"Terpenoids"	0.635	"Monoterpenoids"	0.405	"Irregular monoterpenoids"	0.33	"Lipids and lipid-like molecules"	0.669	NA	NA	NA	NA	NA	NA	"Lipids and lipid-like molecules"	0.669	"Organic compounds; Lipids and lipid-like molecules; Organic acids and derivatives; Carboxylic acids and derivatives; Organooxygen compounds; Monocarboxylic acids and derivatives; Carboxylic acids; Carbonyl compounds; Organic oxides; Hydrocarbon derivatives; Organic oxygen compounds; Chemical entities"	183.138	360	5.993	836961209459603456	836961020229376000	836961020229376000	518	NA	518
2	"C16H33NO3"	"[M + H]+"	"C16H34NO3+"	"Fatty acids"	0.543	"Linear polyketides"	0.417	"Open-chain polyketides"	0.395	"Lipids and lipid-like molecules"	0.687	"Fatty Acyls"	0.649	"Fatty amides"	0.531	NA	NA	"Fatty amides"	0.531	"Organic compounds; Lipids and lipid-like molecules; Alcohols and polyols; Organic acids and derivatives; Carboxylic acids and derivatives; Organonitrogen compounds; Organooxygen compounds; Fatty amides; Carboxylic acid amides; Carboxylic acid derivatives; Carbonyl compounds; Fatty Acyls; Organic oxides; Hydrocarbon derivatives; Organopnictogen compounds; Organic oxygen compounds; Organic nitrogen compounds; Chemical entities"	288.253	361	6.012	836961218305391360	836961020334233600	836961020334233600	521	NA	521
1	"C18H28O2"	"[M + H3N + H]+"	"C18H32NO2+"	"Fatty acids"	0.979	"Fatty Acids and Conjugates"	0.575	"Unsaturated fatty acids"	0.459	"Lipids and lipid-like molecules"	0.901	"Fatty Acyls"	0.871	"Fatty acids and conjugates"	0.86	"Long-chain fatty acids"	0.818	"Long-chain fatty acids"	0.818	"Organic compounds; Lipids and lipid-like molecules; Ketones; Fatty acids and conjugates; Organic acids and derivatives; Carboxylic acids and derivatives; Organooxygen compounds; Unsaturated fatty acids; Monocarboxylic acids and derivatives; Carboxylic acids; Carbonyl compounds; Long-chain fatty acids; Fatty Acyls; Organic oxides; Hydrocarbon derivatives; Organic oxygen compounds; Chemical entities"	294.243	361	6.012	836961207299536640	836961020300679168	836961020300679168	520	NA	520
1	"C18H30O3"	"[M + H3N + H]+"	"C18H34NO3+"	"Fatty acids"	0.967	"Octadecanoids"	0.886	"Other Octadecanoids"	0.857	"Lipids and lipid-like molecules"	0.973	"Fatty Acyls"	0.961	"Lineolic acids and derivatives"	0.681	NA	NA	"Lineolic acids and derivatives"	0.681	"Organic compounds; Lipids and lipid-like molecules; Ketones; Fatty acids and conjugates; Organic acids and derivatives; Carboxylic acids and derivatives; Acryloyl compounds; Organooxygen compounds; Unsaturated fatty acids; Lineolic acids and derivatives; Monocarboxylic acids and derivatives; Carboxylic acids; Enones; Carbonyl compounds; Long-chain fatty acids; Alpha,beta-unsaturated carbonyl compounds; Alpha,beta-unsaturated ketones; Fatty Acyls; Organic oxides; Hydrocarbon derivatives; Organic oxygen compounds; Chemical entities"	312.253	361	6.012	836961212840212736	836961020367788032	836961020367788032	522	NA	522
2	"C15H33N3O6"	"[M - H2O + H]+"	"C15H32N3O5+"	"Amino acids and Peptides"	0.437	"Small peptides"	0.486	"Polyamines"	0.391	"Organic acids and derivatives"	0.995	"Carboxylic acids and derivatives"	0.988	"Amino acids, peptides, and analogues"	0.831	"Amino acids and derivatives"	0.82	"N-acyl-alpha amino acids and derivatives"	0.533	"Organic compounds; Lipids and lipid-like molecules; Amino acids, peptides, and analogues; Alpha amino acids and derivatives; Alcohols and polyols; Fatty acids and conjugates; Organic acids and derivatives; Carboxylic acids and derivatives; Organonitrogen compounds; Organooxygen compounds; Fatty amides; Amino acids and derivatives; Monoalkylamines; Carboxylic acid amides; Carboxylic acid derivatives; N-acyl amines; Monocarboxylic acids and derivatives; N-acyl-alpha amino acids and derivatives; Carboxylic acids; Secondary alcohols; Secondary carboxylic acid amides; Carbonyl compounds; Amines; Primary amines; Fatty Acyls; Organic oxides; Hydrocarbon derivatives; Amino acids; Organopnictogen compounds; Organic oxygen compounds; Organic nitrogen compounds; Chemical entities"	334.235	361	6.012	836961208117425920	836961020405536768	836961020405536768	523	NA	523
1	"C20H37NO3"	"[M + H3N + H]+"	"C20H41N2O3+"	"Fatty acids"	0.999	"Fatty amides"	0.897	"N-acyl ethanolamines (endocannabinoids)"	0.41	"Lipids and lipid-like molecules"	0.948	"Fatty Acyls"	0.94	"Fatty amides"	0.811	"N-acyl amines"	0.731	"N-acyl amines"	0.731	"Organic compounds; Lipids and lipid-like molecules; Organic acids and derivatives; Carboxylic acids and derivatives; Organonitrogen compounds; Organooxygen compounds; Fatty amides; Carboxylic acid amides; Carboxylic acid derivatives; N-acyl amines; Monocarboxylic acids and derivatives; Carbonyl compounds; Fatty Acyls; Organic oxides; Hydrocarbon derivatives; Organopnictogen compounds; Organic oxygen compounds; Organic nitrogen compounds; Chemical entities"	357.311	361	6.013	836961256247070464	836961020262930432	836961020262930432	519	NA	519
1	"C16H26O"	"[M + H3N + H]+"	"C16H30NO+"	"Terpenoids"	0.975	"Sesquiterpenoids"	0.726	"Farnesane sesquiterpenoids"	0.143	"Lipids and lipid-like molecules"	0.821	"Prenol lipids"	0.76	NA	NA	NA	NA	"Prenol lipids"	0.76	"Organic compounds; Lipids and lipid-like molecules; Ketones; Prenol lipids; Organooxygen compounds; Carbonyl compounds; Organic oxides; Hydrocarbon derivatives; Organic oxygen compounds; Chemical entities"	252.232	361	6.02	836961235275547648	836961020443285504	836961020443285504	524	NA	524
1	"C16H31NO2"	"[M + Na]+"	"C16H31NNaO2+"	"Fatty acids"	0.511	"Fatty amides"	0.453	"Open-chain polyketides"	0.316	"Lipids and lipid-like molecules"	0.632	NA	NA	NA	NA	NA	NA	"Lipids and lipid-like molecules"	0.632	"Organic compounds; Lipids and lipid-like molecules; Organic acids and derivatives; Carboxylic acids and derivatives; Organonitrogen compounds; Organooxygen compounds; Carboxylic acid amides; Carboxylic acid derivatives; Secondary carboxylic acid amides; Carbonyl compounds; Organic oxides; Hydrocarbon derivatives; Organopnictogen compounds; Organic oxygen compounds; Organic nitrogen compounds; Chemical entities"	292.226	361	6.023	836961224164834816	836961020476839936	836961020476839936	525	NA	525
1	"C13H20O2"	"[M - H2O + H]+"	"C13H19O+"	"Terpenoids"	0.991	"Sesquiterpenoids"	0.932	"Eremophilane sesquiterpenoids"	0.176	"Lipids and lipid-like molecules"	0.641	"Prenol lipids"	0.62	"Sesquiterpenoids"	0.57	NA	NA	"Sesquiterpenoids"	0.57	"Organic compounds; Lipids and lipid-like molecules; Ketones; Alcohols and polyols; Prenol lipids; Organooxygen compounds; Sesquiterpenoids; Carbonyl compounds; Cyclic ketones; Organic oxides; Hydrocarbon derivatives; Organic oxygen compounds; Chemical entities"	191.143	362	6.029	836961212836018432	836961020510394368	836961020510394368	526	NA	526
1	"C14H23NO"	"[M + H3N + H]+"	"C14H27N2O+"	"Alkaloids"	0.534	"Pseudoalkaloids (transamidation)"	0.612	"Piperidine alkaloids"	0.298	"Organic nitrogen compounds"	1	"Organonitrogen compounds"	1	"Amines"	0.581	NA	NA	"Amines"	0.581	"Organic compounds; Organonitrogen compounds; Organooxygen compounds; Amines; Hydrocarbon derivatives; Organopnictogen compounds; Organic oxygen compounds; Organic nitrogen compounds; Chemical entities"	239.212	364	6.064	836961241390843776	836961020577503232	836961020577503232	528	NA	528
3	"C15H28N2O"	"[M + H]+"	"C15H29N2O+"	"Alkaloids"	0.756	"Lysine alkaloids"	0.777	"Quinolizidine alkaloids"	0.358	"Organoheterocyclic compounds"	0.934	"Oxazinanes"	0.533	"Morpholines"	0.513	NA	NA	"Morpholines"	0.513	"Organic compounds; Organoheterocyclic compounds; Oxazinanes; Piperidines; Ethers; Organonitrogen compounds; Organooxygen compounds; Morpholines; Dialkyl ethers; Dialkylamines; Trialkylamines; Amines; Secondary amines; Tertiary amines; Azacyclic compounds; Hydrocarbon derivatives; Organopnictogen compounds; Organic oxygen compounds; Organic nitrogen compounds; Chemical entities"	253.228	364	6.069	836961215189023232	836961020611057664	836961020611057664	529	NA	529
1	"C16H32N2O2"	"[M - H2O + H]+"	"C16H31N2O+"	"Fatty acids"	0.503	"Fatty amides"	0.492	"Polyamines"	0.235	"Organic acids and derivatives"	0.729	"Carboxylic acids and derivatives"	0.578	"Carboxylic acid derivatives"	0.487	"Carboxylic acid amides"	0.537	"Carboxylic acid amides"	0.537	"Organic compounds; Alcohols and polyols; Organic acids and derivatives; Carboxylic acids and derivatives; Organonitrogen compounds; Organooxygen compounds; Carboxylic acid amides; Carbonyl compounds; Amines; Organic oxides; Hydrocarbon derivatives; Organopnictogen compounds; Organic oxygen compounds; Organic nitrogen compounds; Chemical entities"	267.243	364	6.07	836961218892594048	836961020644612096	836961020644612096	530	NA	530
1	"C22H44N2O2"	"[M - H2O + H]+"	"C22H43N2O+"	"Fatty acids"	0.98	"Fatty amides"	0.944	"N-acyl ethanolamines (endocannabinoids)"	0.34	"Lipids and lipid-like molecules"	0.794	"Fatty Acyls"	0.784	"Fatty amides"	0.769	"N-acyl amines"	0.691	"N-acyl amines"	0.691	"Organic compounds; Lipids and lipid-like molecules; Organic acids and derivatives; Carboxylic acids and derivatives; Organonitrogen compounds; Organooxygen compounds; Fatty amides; Carboxylic acid amides; Carboxylic acid derivatives; N-acyl amines; Secondary carboxylic acid amides; Carbonyl compounds; Amines; Fatty Acyls; Organic oxides; Hydrocarbon derivatives; Organopnictogen compounds; Organic oxygen compounds; Organic nitrogen compounds; Chemical entities"	351.337	364	6.071	836961215323241088	836961020745275392	836961020745275392	533	NA	533
1	"C18H36N2O2"	"[M - H2O + H]+"	"C18H35N2O+"	"Fatty acids"	0.695	"Ornithine alkaloids"	0.498	"Polyamines"	0.465	"Organic nitrogen compounds"	1	"Organonitrogen compounds"	1	"Amines"	0.967	"Alkanolamines"	0.583	"Alkanolamines"	0.583	"Organic compounds; Alcohols and polyols; Organonitrogen compounds; Organooxygen compounds; Monoalkylamines; Amines; Primary amines; Alkanolamines; Hydrocarbon derivatives; Organopnictogen compounds; Organic oxygen compounds; Organic nitrogen compounds; Chemical entities"	295.274	364	6.072	836961205189801472	836961020678166528	836961020678166528	531	NA	531
3	"C17H29NO"	"[M + H3N + H]+"	"C17H33N2O+"	"Alkaloids"	0.555	"Fatty amides"	0.422	"Piperidine alkaloids"	0.392	"Organic nitrogen compounds"	1	"Organonitrogen compounds"	1	"Amines"	0.789	NA	NA	"Amines"	0.789	"Organic compounds; Organonitrogen compounds; Organooxygen compounds; Amines; Hydrocarbon derivatives; Organopnictogen compounds; Organic oxygen compounds; Organic nitrogen compounds; Chemical entities"	281.259	364	6.075	836961213880400256	836961020783024128	836961020778829824	534	NA	534
1	"C22H44N2O2"	"[M + H]+"	"C22H45N2O2+"	"Fatty acids"	0.993	"Fatty amides"	0.936	"N-acyl ethanolamines (endocannabinoids)"	0.399	"Lipids and lipid-like molecules"	0.752	"Fatty Acyls"	0.686	"Fatty amides"	0.659	"N-acyl amines"	0.667	"N-acyl amines"	0.667	"Organic compounds; Lipids and lipid-like molecules; Alcohols and polyols; Organic acids and derivatives; Carboxylic acids and derivatives; Organonitrogen compounds; Primary alcohols; Organooxygen compounds; Fatty amides; Carboxylic acid amides; Carboxylic acid derivatives; N-acyl amines; Secondary alcohols; Secondary carboxylic acid amides; Carbonyl compounds; 1,2-aminoalcohols; Amines; Alkanolamines; Fatty Acyls; Organic oxides; Hydrocarbon derivatives; Organopnictogen compounds; Organic oxygen compounds; Organic nitrogen compounds; Chemical entities"	369.348	365	6.076	836961206687168128	836961020816578560	836961020816578560	535	NA	535
3	"C11H18BNO2S"	"[M + H]+"	"C11H19BNO2S+"	"Terpenoids"	0.485	"Monoterpenoids"	0.777	"Pinane monoterpenoids"	0.752	"Organic acids and derivatives"	0.895	"Boronic acid derivatives"	0.697	"Boronic acids"	0.651	NA	NA	"Boronic acids"	0.651	"Organic compounds; Organosulfur compounds; Organic acids and derivatives; Organonitrogen compounds; Boronic acids; Organometallic compounds; Boronic acid derivatives; Organometalloid compounds; Organoboron compounds; Organic salts; Organic metalloid salts; Organic metal salts; Hydrocarbon derivatives; Organic oxygen compounds; Organic nitrogen compounds; Chemical entities"	239.125	367	6.122	836961220931025920	836961020850132992	836961020850132992	536	NA	536
1	"C17H37NO2"	"[M + H]+"	"C17H38NO2+"	"Fatty acids"	0.951	"Spingolipids"	0.765	"Sphingoid bases"	0.966	"Organic nitrogen compounds"	1	"Organonitrogen compounds"	1	"Amines"	0.999	"Alkanolamines"	0.977	"1,2-aminoalcohols"	0.974	"Organic compounds; Alcohols and polyols; Organonitrogen compounds; Primary alcohols; Organooxygen compounds; 1,2-aminoalcohols; Trialkylamines; Amines; Tertiary amines; Alkanolamines; Hydrocarbon derivatives; Organopnictogen compounds; Organic oxygen compounds; Organic nitrogen compounds; Chemical entities"	288.29	368	6.133	836961215193217536	836961020887881728	836961020887881728	537	NA	537
2	"C13H18O"	"[M + H]+"	"C13H19O+"	"Terpenoids"	0.981	"Sesquiterpenoids"	0.925	"Bisabolane sesquiterpenoids"	0.546	"Lipids and lipid-like molecules"	0.577	"Prenol lipids"	0.602	NA	NA	NA	NA	"Prenol lipids"	0.602	"Organic compounds; Lipids and lipid-like molecules; Ketones; Prenol lipids; Organooxygen compounds; Carbonyl compounds; Organic oxides; Hydrocarbon derivatives; Organic oxygen compounds; Chemical entities"	191.143	368	6.141	836961208637519744	836961020921436160	836961020921436160	538	NA	538
1	"C16H26O"	"[M + H3N + H]+"	"C16H30NO+"	"Terpenoids"	0.908	"Sesquiterpenoids"	0.569	"Norlabdane diterpenoids"	0.121	"Lipids and lipid-like molecules"	0.779	"Prenol lipids"	0.638	NA	NA	NA	NA	"Prenol lipids"	0.638	"Organic compounds; Lipids and lipid-like molecules; Ketones; Prenol lipids; Organooxygen compounds; Carbonyl compounds; Organic oxides; Hydrocarbon derivatives; Organic oxygen compounds; Chemical entities"	252.232	369	6.156	836961244515600640	836961020988545024	836961020988545024	540	NA	540
2	"C12H18O"	"[M + H]+"	"C12H19O+"	"Terpenoids"	0.913	"Sesquiterpenoids"	0.636	"Bisabolane sesquiterpenoids"	0.188	"Organic oxygen compounds"	0.991	"Organooxygen compounds"	0.98	"Carbonyl compounds"	0.741	"Ketones"	0.617	"Ketones"	0.617	"Organic compounds; Ketones; Organooxygen compounds; Carbonyl compounds; Organic oxides; Hydrocarbon derivatives; Organic oxygen compounds; Chemical entities"	179.143	369	6.157	836961260256825472	836961021026293760	836961021026293760	541	NA	541
1	"C26H34O6"	"[M + H3N + H]+"	"C26H38NO6+"	"Shikimates and Phenylpropanoids"	0.811	"Lignans"	0.677	"Dibenzylbutane lignans"	0.127	"Benzenoids"	0.942	"Phenol ethers"	0.585	NA	NA	NA	NA	"Phenol ethers"	0.585	"Organic compounds; Organoheterocyclic compounds; Alkyl aryl ethers; Ethers; Organooxygen compounds; Dialkyl ethers; Benzene and substituted derivatives; Phenol ethers; Benzenoids; Organic oxides; Oxacyclic compounds; Hydrocarbon derivatives; Organic oxygen compounds; Phenoxy compounds; Chemical entities"	460.269	370	6.161	836961219165223808	836961021139539968	836961021139539968	544	NA	544
2	"C24H32O7"	"[M - H2O + H]+"	"C24H31O6+"	"Shikimates and Phenylpropanoids"	0.732	"Lignans"	0.918	"Dibenzylbutane lignans"	0.344	"Lignans, neolignans and related compounds"	0.541	NA	NA	NA	NA	NA	NA	"Lignans, neolignans and related compounds"	0.541	"Organic compounds; Organoheterocyclic compounds; Alkyl aryl ethers; Alcohols and polyols; Ethers; Organooxygen compounds; Dialkyl ethers; Lignans, neolignans and related compounds; Secondary alcohols; Benzene and substituted derivatives; Phenol ethers; Benzenoids; Oxacyclic compounds; Hydrocarbon derivatives; Organic oxygen compounds; Phenoxy compounds; Chemical entities"	415.212	370	6.161	836961219215555456	836961021101791232	836961021101791232	543	NA	543
3	"C25H17N5O3"	"[M + H3N + H]+"	"C25H21N6O3+"	"Alkaloids"	0.596	"Anthranilic acid alkaloids"	0.134	"Benzodiazepine alkaloids"	0.033	"Benzenoids"	0.99	"Benzene and substituted derivatives"	0.85	NA	NA	NA	NA	"Benzene and substituted derivatives"	0.85	"Organic compounds; Organoheterocyclic compounds; Organic acids and derivatives; Carboxylic acids and derivatives; Organonitrogen compounds; Organooxygen compounds; Azoles; Carboxylic acid derivatives; Monocarboxylic acids and derivatives; Benzene and substituted derivatives; Benzenoids; Organic oxides; Azacyclic compounds; Heteroaromatic compounds; Hydrocarbon derivatives; Organopnictogen compounds; Organic oxygen compounds; Organic nitrogen compounds; Chemical entities"	453.168	370	6.161	836961219962141568	836961021177288832	836961021177288832	545	NA	545
1	"C22H26N6O5"	"[M - H2O + H]+"	"C22H25N6O4+"	"Amino acids and Peptides"	0.804	"Oligopeptides"	0.583	"Dipeptides"	0.149	"Organic acids and derivatives"	0.939	"Carboxylic acids and derivatives"	0.864	"Amino acids, peptides, and analogues"	0.583	"Amino acids and derivatives"	0.573	"Alpha amino acids and derivatives"	0.531	"Organic compounds; Organoheterocyclic compounds; Amino acids, peptides, and analogues; Alpha amino acids and derivatives; Organic acids and derivatives; Carboxylic acids and derivatives; Organonitrogen compounds; Organooxygen compounds; Amino acids and derivatives; Azoles; Carboxylic acid amides; Carboxylic acid derivatives; Secondary carboxylic acid amides; Carbonyl compounds; Benzene and substituted derivatives; Phenol ethers; Benzenoids; Organic oxides; Azacyclic compounds; Heteroaromatic compounds; Hydrocarbon derivatives; Organopnictogen compounds; Organic oxygen compounds; Organic nitrogen compounds; Phenoxy compounds; Chemical entities"	437.194	370	6.162	836961213100259584	836961021215037568	836961021215037568	546	NA	546
1	"C25H32O6"	"[M + H3N + H]+"	"C25H36NO6+"	"Shikimates and Phenylpropanoids"	0.401	"Lignans"	0.113	"Linear polyenes"	0.05	"Benzenoids"	0.74	NA	NA	NA	NA	NA	NA	"Benzenoids"	0.74	"Organic compounds; Organoheterocyclic compounds; Alcohols and polyols; Ethers; Organic acids and derivatives; Carboxylic acids and derivatives; Organooxygen compounds; Carbonyl compounds; Benzenoids; Organic oxides; Oxacyclic compounds; Hydrocarbon derivatives; Organic oxygen compounds; Chemical entities"	446.254	370	6.162	836961222554221824	836961021064042496	836961021064042496	542	NA	542
1	"C24H30O6"	"[M + H3N + H]+"	"C24H34NO6+"	"Terpenoids"	0.29	"Triterpenoids"	0.08	"Azaphilones"	0.058	"Benzenoids"	0.544	NA	NA	NA	NA	NA	NA	"Benzenoids"	0.544	"Organic compounds; Organoheterocyclic compounds; Ketones; Ethers; Organic acids and derivatives; Carboxylic acids and derivatives; Organooxygen compounds; Carbonyl compounds; Benzenoids; Organic oxides; Oxacyclic compounds; Hydrocarbon derivatives; Organic oxygen compounds; Chemical entities"	432.238	370	6.162	836961226169712512	836961021252786304	836961021252786304	547	NA	547
1	"C13H23ClN2O"	"[M + Na]+"	"C13H23ClN2NaO+"	"Alkaloids"	0.358	"Ornithine alkaloids"	0.089	"Tropane alkaloids"	0.097	"Benzenoids"	0.87	"Benzene and substituted derivatives"	0.875	"Halobenzenes"	0.823	"Chlorobenzenes"	0.814	"Chlorobenzenes"	0.814	"Organic compounds; Halobenzenes; Organohalogen compounds; Organonitrogen compounds; Organooxygen compounds; Carboxylic acid amides; Aryl chlorides; Chlorobenzenes; Organochlorides; Benzene and substituted derivatives; Benzenoids; Amines; Aryl halides; Organic oxides; Hydrocarbon derivatives; Organopnictogen compounds; Organic oxygen compounds; Organic nitrogen compounds; Chemical entities"	281.138	370	6.163	836961244167473408	836961021286340736	836961021282146432	548	NA	548
2	"C14H18O3"	"[M + H]+"	"C14H19O3+"	"Terpenoids"	0.753	"Sesquiterpenoids"	0.76	"Bisabolane sesquiterpenoids"	0.537	"Benzenoids"	0.913	"Benzene and substituted derivatives"	0.7	NA	NA	NA	NA	"Benzene and substituted derivatives"	0.7	"Organic compounds; Ethers; Organic acids and derivatives; Carboxylic acids and derivatives; Organooxygen compounds; Monocarboxylic acids and derivatives; Carbonyl compounds; Benzene and substituted derivatives; Benzenoids; Organic oxides; Hydrocarbon derivatives; Organic oxygen compounds; Chemical entities"	235.133	372	6.201	836961216145324672	836961021315700864	836961021315700864	549	NA	549
1	"C16H31NO2"	"[M + Na]+"	"C16H31NNaO2+"	"Fatty acids"	0.688	"Fatty amides"	0.516	"Primary amides"	0.345	"Lipids and lipid-like molecules"	0.612	NA	NA	NA	NA	NA	NA	"Lipids and lipid-like molecules"	0.612	"Organic compounds; Lipids and lipid-like molecules; Organic acids and derivatives; Carboxylic acids and derivatives; Organonitrogen compounds; Organooxygen compounds; Carboxylic acid amides; Carboxylic acid derivatives; Carbonyl compounds; Organic oxides; Hydrocarbon derivatives; Organopnictogen compounds; Organic oxygen compounds; Organic nitrogen compounds; Chemical entities"	292.225	372	6.208	836961204720039296	836961020954990592	836961020950796288	539	NA	539
1	"C12H26N3OP"	"[M + H3N + H]+"	"C12H30N4OP+"	"Alkaloids"	0.57	"Pseudoalkaloids (transamidation)"	0.129	"Polyamines"	0.014	"Organic nitrogen compounds"	0.993	"Organonitrogen compounds"	0.948	NA	NA	NA	NA	"Organonitrogen compounds"	0.948	"Organic compounds; Organonitrogen compounds; Organophosphorus compounds; Organic oxides; Hydrocarbon derivatives; Organopnictogen compounds; Organic oxygen compounds; Organic nitrogen compounds; Chemical entities"	277.216	374	6.229	836961208503302016	836961021487667328	836961021487667328	554	NA	554
1	"C18H28O2"	"[M + H3N + H]+"	"C18H32NO2+"	"Fatty acids"	0.993	"Fatty Acids and Conjugates"	0.584	"Unsaturated fatty acids"	0.397	"Lipids and lipid-like molecules"	0.938	"Fatty Acyls"	0.919	"Fatty acids and conjugates"	0.921	"Long-chain fatty acids"	0.88	"Long-chain fatty acids"	0.88	"Organic compounds; Lipids and lipid-like molecules; Ketones; Fatty acids and conjugates; Organic acids and derivatives; Carboxylic acids and derivatives; Acryloyl compounds; Organooxygen compounds; Unsaturated fatty acids; Monocarboxylic acids and derivatives; Carboxylic acids; Enones; Carbonyl compounds; Long-chain fatty acids; Alpha,beta-unsaturated carbonyl compounds; Alpha,beta-unsaturated ketones; Fatty Acyls; Organic oxides; Hydrocarbon derivatives; Organic oxygen compounds; Chemical entities"	294.243	374	6.23	836961251994045696	836961021420558464	836961021420558464	552	NA	552
2	"C15H33N3O6"	"[M - H2O + H]+"	"C15H32N3O5+"	"Fatty acids"	0.821	"Small peptides"	0.731	"N-acyl amines"	0.445	"Organic acids and derivatives"	0.99	"Carboxylic acids and derivatives"	0.984	"Amino acids, peptides, and analogues"	0.896	"Amino acids and derivatives"	0.89	"N-acyl-alpha amino acids and derivatives"	0.63	"Organic compounds; Lipids and lipid-like molecules; Amino acids, peptides, and analogues; Alpha amino acids and derivatives; Alcohols and polyols; Fatty acids and conjugates; Organic acids and derivatives; Carboxylic acids and derivatives; Organonitrogen compounds; Primary alcohols; Organooxygen compounds; Fatty amides; Hydroxy fatty acids; Amino acids and derivatives; Monoalkylamines; Hydroxy acids and derivatives; Carboxylic acid amides; Amino fatty acids; Carboxylic acid derivatives; N-acyl amines; Monocarboxylic acids and derivatives; N-acyl-alpha amino acids and derivatives; Carboxylic acids; Secondary carboxylic acid amides; Beta hydroxy acids and derivatives; Carbonyl compounds; Alpha amino acid amides; Amines; Primary amines; Medium-chain fatty acids; Fatty Acyls; Organic oxides; Hydrocarbon derivatives; Amino acids; Organopnictogen compounds; Organic oxygen compounds; Organic nitrogen compounds; Chemical entities"	334.235	374	6.23	836961231584559744	836961021454112896	836961021454112896	553	NA	553
1	"C20H37NO3"	"[M + H3N + H]+"	"C20H41N2O3+"	"Fatty acids"	0.997	"Fatty amides"	0.697	"N-acyl ethanolamines (endocannabinoids)"	0.17	"Lipids and lipid-like molecules"	0.902	"Fatty Acyls"	0.899	"Fatty amides"	0.59	NA	NA	"Fatty amides"	0.59	"Organic compounds; Lipids and lipid-like molecules; Alcohols and polyols; Organic acids and derivatives; Carboxylic acids and derivatives; Organonitrogen compounds; Organooxygen compounds; Fatty amides; Carboxylic acid amides; Carboxylic acid derivatives; Monocarboxylic acids and derivatives; Secondary alcohols; Carbonyl compounds; Fatty Acyls; Organic oxides; Hydrocarbon derivatives; Organopnictogen compounds; Organic oxygen compounds; Organic nitrogen compounds; Chemical entities"	357.311	374	6.233	836961209606404096	836961021382809728	836961021382809728	551	NA	551
1	"C16H26O"	"[M + H3N + H]+"	"C16H30NO+"	"Terpenoids"	0.968	"Sesquiterpenoids"	0.732	"Farnesane sesquiterpenoids"	0.153	"Lipids and lipid-like molecules"	0.807	"Prenol lipids"	0.731	NA	NA	NA	NA	"Prenol lipids"	0.731	"Organic compounds; Lipids and lipid-like molecules; Ketones; Prenol lipids; Organooxygen compounds; Carbonyl compounds; Organic oxides; Hydrocarbon derivatives; Organic oxygen compounds; Chemical entities"	252.232	375	6.248	836961260332322944	836961021525416064	836961021525416064	555	NA	555
1	"C18H26O2"	"[M + H3N + H]+"	"C18H30NO2+"	"Terpenoids"	0.825	"Diterpenoids"	0.233	"Fatty alcohols"	0.113	"Lipids and lipid-like molecules"	0.585	NA	NA	NA	NA	NA	NA	"Lipids and lipid-like molecules"	0.585	"Organic compounds; Lipids and lipid-like molecules; Organooxygen compounds; Carbonyl compounds; Hydrocarbon derivatives; Organic oxygen compounds; Chemical entities"	292.225	375	6.25	836961230179467648	836961021558970496	836961021558970496	556	NA	556
1	"C18H32O2"	"[M + H3N + H]+"	"C18H36NO2+"	"Fatty acids"	1	"Fatty Acids and Conjugates"	0.952	"Unsaturated fatty acids"	0.971	"Lipids and lipid-like molecules"	0.987	"Fatty Acyls"	0.983	"Lineolic acids and derivatives"	0.66	NA	NA	"Lineolic acids and derivatives"	0.66	"Organic compounds; Lipids and lipid-like molecules; Fatty acids and conjugates; Organic acids and derivatives; Carboxylic acids and derivatives; Organooxygen compounds; Straight chain fatty acids; Unsaturated fatty acids; Lineolic acids and derivatives; Monocarboxylic acids and derivatives; Carboxylic acids; Carbonyl compounds; Long-chain fatty acids; Fatty Acyls; Organic oxides; Hydrocarbon derivatives; Organic oxygen compounds; Chemical entities"	298.274	375	6.257	836961218519300864	836961021592524928	836961021592524928	557	NA	557
3	"C18H34O3"	"[M + H3N + H]+"	"C18H38NO3+"	"Fatty acids"	0.999	"Octadecanoids"	0.926	"Other Octadecanoids"	0.971	"Lipids and lipid-like molecules"	0.99	"Fatty Acyls"	0.984	"Lineolic acids and derivatives"	0.674	NA	NA	"Lineolic acids and derivatives"	0.674	"Organic compounds; Lipids and lipid-like molecules; Alcohols and polyols; Fatty acids and conjugates; Organic acids and derivatives; Carboxylic acids and derivatives; Organooxygen compounds; Unsaturated fatty acids; Hydroxy fatty acids; Lineolic acids and derivatives; Monocarboxylic acids and derivatives; Carboxylic acids; Secondary alcohols; Carbonyl compounds; Long-chain fatty acids; Fatty Acyls; Organic oxides; Hydrocarbon derivatives; Organic oxygen compounds; Chemical entities"	316.285	376	6.259	836961207509251840	836961021626079360	836961021626079360	558	NA	558
2	"C13H18O"	"[M + H]+"	"C13H19O+"	"Terpenoids"	0.947	"Sesquiterpenoids"	0.895	"Bisabolane sesquiterpenoids"	0.83	"Benzenoids"	0.655	"Benzene and substituted derivatives"	0.641	NA	NA	NA	NA	"Benzene and substituted derivatives"	0.641	"Organic compounds; Organooxygen compounds; Carbonyl compounds; Benzene and substituted derivatives; Benzenoids; Hydrocarbon derivatives; Organic oxygen compounds; Chemical entities"	191.143	376	6.273	836961215377767040	836961021697382528	836961021697382528	560	NA	560
1	"C20H18O7"	"[M - H2O + H]+"	"C20H17O6+"	"Shikimates and Phenylpropanoids"	0.994	"Lignans"	0.998	"Furofuranoid lignans"	0.885	"Lignans, neolignans and related compounds"	0.948	"Lignan lactones"	0.507	NA	NA	NA	NA	"Lignan lactones"	0.507	"Organic compounds; Organoheterocyclic compounds; Lactones; Alcohols and polyols; Ethers; Benzodioxoles; Organooxygen compounds; Gamma butyrolactones; Lignans, neolignans and related compounds; Lignan lactones; Acetals; Tertiary alcohols; Furofurans; Furofuran lignans; Benzenoids; Tetrahydrofurans; Furanoid lignans; Oxacyclic compounds; Hydrocarbon derivatives; Organic oxygen compounds; Chemical entities"	353.102	376	6.274	836961230376599936	836961021663828096	836961021663828096	559	NA	559
1	"C18H28O3"	"[M + H3N + H]+"	"C18H32NO3+"	"Fatty acids"	0.963	"Octadecanoids"	0.707	"Other Octadecanoids"	0.652	"Lipids and lipid-like molecules"	0.947	"Fatty Acyls"	0.918	"Lineolic acids and derivatives"	0.538	NA	NA	"Lineolic acids and derivatives"	0.538	"Organic compounds; Lipids and lipid-like molecules; Ketones; Fatty acids and conjugates; Organic acids and derivatives; Carboxylic acids and derivatives; Acryloyl compounds; Organooxygen compounds; Unsaturated fatty acids; Lineolic acids and derivatives; Monocarboxylic acids and derivatives; Carboxylic acids; Enones; Carbonyl compounds; Long-chain fatty acids; Alpha,beta-unsaturated carbonyl compounds; Alpha,beta-unsaturated ketones; Fatty Acyls; Organic oxides; Hydrocarbon derivatives; Organic oxygen compounds; Chemical entities"	310.238	378	6.305	836961227490918528	836961021730936960	836961021730936960	561	NA	561
1	"C11H18O2"	"[M - H2O + H]+"	"C11H17O+"	"Terpenoids"	0.586	"Monoterpenoids"	0.403	"Unsaturated fatty acids"	0.205	"Lipids and lipid-like molecules"	0.722	NA	NA	NA	NA	NA	NA	"Lipids and lipid-like molecules"	0.722	"Organic compounds; Lipids and lipid-like molecules; Organic acids and derivatives; Carboxylic acids and derivatives; Organooxygen compounds; Monocarboxylic acids and derivatives; Carboxylic acids; Carbonyl compounds; Organic oxides; Hydrocarbon derivatives; Organic oxygen compounds; Chemical entities"	165.127	379	6.312	836961221161712768	836961021798045824	836961021798045824	563	NA	563
1	"C16H26O2"	"[M + H3N + H]+"	"C16H30NO2+"	"Fatty acids"	0.938	"Fatty Acids and Conjugates"	0.556	"Unsaturated fatty acids"	0.494	"Lipids and lipid-like molecules"	0.707	"Fatty Acyls"	0.595	NA	NA	NA	NA	"Fatty Acyls"	0.595	"Organic compounds; Lipids and lipid-like molecules; Organic acids and derivatives; Carboxylic acids and derivatives; Organooxygen compounds; Monocarboxylic acids and derivatives; Carboxylic acids; Carbonyl compounds; Fatty Acyls; Organic oxides; Hydrocarbon derivatives; Organic oxygen compounds; Chemical entities"	268.227	380	6.337	836961235766281216	836961021869348992	836961021869348992	565	NA	565
2	"C16H31N7O2"	"[M - H2O + H]+"	"C16H30N7O+"	"Alkaloids"	0.365	"Small peptides"	0.101	"Imidazole alkaloids"	0.021	"Organic nitrogen compounds"	1	"Organonitrogen compounds"	1	"Amines"	0.945	"Tertiary amines"	0.584	"Dialkylarylamines"	0.557	"Organic compounds; Organoheterocyclic compounds; Alcohols and polyols; Organonitrogen compounds; Primary alcohols; Organooxygen compounds; Aminopyrimidines and derivatives; Diazines; Amines; Tertiary amines; Tertiary alkylarylamines; Imidolactams; Dialkylarylamines; Azacyclic compounds; Heteroaromatic compounds; Hydrocarbon derivatives; Organopnictogen compounds; Organic oxygen compounds; Organic nitrogen compounds; Chemical entities"	336.251	381	6.358	836961256184155904	836961021907097728	836961021902903424	566	NA	566
1	"C18H30O2"	"[M + H3N + H]+"	"C18H34NO2+"	"Fatty acids"	0.997	"Fatty Acids and Conjugates"	0.933	"Unsaturated fatty acids"	0.913	"Lipids and lipid-like molecules"	0.967	"Fatty Acyls"	0.943	"Fatty acids and conjugates"	0.945	"Long-chain fatty acids"	0.917	"Long-chain fatty acids"	0.917	"Organic compounds; Lipids and lipid-like molecules; Fatty acids and conjugates; Organic acids and derivatives; Carboxylic acids and derivatives; Organooxygen compounds; Straight chain fatty acids; Unsaturated fatty acids; Monocarboxylic acids and derivatives; Carboxylic acids; Carbonyl compounds; Long-chain fatty acids; Fatty Acyls; Organic oxides; Hydrocarbon derivatives; Organic oxygen compounds; Chemical entities"	296.258	382	6.363	836961214811535872	836961021974206592	836961021974206592	568	NA	568
2	"C18H37NO4"	"[M - H2O + H]+"	"C18H36NO3+"	"Fatty acids"	0.998	"Spingolipids"	0.586	"Sphingoid bases"	0.714	"Lipids and lipid-like molecules"	0.855	"Fatty Acyls"	0.839	NA	NA	NA	NA	"Fatty Acyls"	0.839	"Organic compounds; Lipids and lipid-like molecules; Alcohols and polyols; Organic acids and derivatives; Carboxylic acids and derivatives; Organonitrogen compounds; Primary alcohols; Organooxygen compounds; Secondary alcohols; Carbonyl compounds; Alkanolamines; Fatty Acyls; Organic oxides; Hydrocarbon derivatives; Organopnictogen compounds; Organic oxygen compounds; Organic nitrogen compounds; Chemical entities"	314.269	382	6.364	836961224299052544	836961021936457856	836961021936457856	567	NA	567
3	"C18H34N2O9S"	"[M - H2O + H]+"	"C18H33N2O8S+"	"Amino acids and Peptides"	0.638	"Aminosugars and aminoglycosides"	0.137	"Aminoglycosides"	0.083	"Organic acids and derivatives"	0.969	"Carboxylic acids and derivatives"	0.818	"Amino acids, peptides, and analogues"	0.589	"Amino acids and derivatives"	0.586	"Amino acids and derivatives"	0.586	"Organic compounds; Organosulfur compounds; Lipids and lipid-like molecules; Amino acids, peptides, and analogues; Alcohols and polyols; Organic acids and derivatives; Carboxylic acids and derivatives; Organonitrogen compounds; Organooxygen compounds; Amino acids and derivatives; Carboxylic acid derivatives; Carboxylic acids; Carbonyl compounds; Fatty Acyls; Organic oxides; Hydrocarbon derivatives; Organopnictogen compounds; Organic oxygen compounds; Organic nitrogen compounds; Chemical entities"	437.194	382	6.37	836961245639674240	836961022007761024	836961022007761024	569	NA	569
2	"C17H32N6O5S"	"[M - H2O + H]+"	"C17H31N6O4S+"	"Alkaloids"	0.334	"Oligopeptides"	0.046	"Cyclamides"	0.358	"Organoheterocyclic compounds"	0.91	"Triazines"	0.151	"1,3,5-triazines"	0.327	"Alkoxy-S-triazines"	0.56	"Alkoxy-S-triazines"	0.56	"Organic compounds; Organoheterocyclic compounds; Organosulfur compounds; Organic acids and derivatives; Organosulfonic acids and derivatives; Organonitrogen compounds; Organooxygen compounds; Azoles; Sulfonyls; Carbonyl compounds; Organic oxides; Azacyclic compounds; Heteroaromatic compounds; Hydrocarbon derivatives; Organic sulfonic acids and derivatives; Organopnictogen compounds; Organic oxygen compounds; Alkoxy-S-triazines; Organic nitrogen compounds; Chemical entities"	415.212	382	6.372	836961253634018816	836961022037121152	836961022037121152	570	NA	570
1	"C26H34O6"	"[M + H3N + H]+"	"C26H38NO6+"	"Shikimates and Phenylpropanoids"	0.442	"Lignans"	0.267	"Dibenzylbutane lignans"	0.067	"Benzenoids"	0.805	"Phenol ethers"	0.53	NA	NA	NA	NA	"Phenol ethers"	0.53	"Organic compounds; Organoheterocyclic compounds; Alkyl aryl ethers; Ethers; Organic acids and derivatives; Carboxylic acids and derivatives; Organooxygen compounds; Carboxylic acid derivatives; Carboxylic acid esters; Carbonyl compounds; Phenol ethers; Benzenoids; Organic oxides; Oxacyclic compounds; Hydrocarbon derivatives; Organic oxygen compounds; Chemical entities"	460.269	382	6.373	836961227407032448	836961022074869888	836961022074869888	571	NA	571
3	"C21H39NO4"	"[M + H3N + H]+"	"C21H43N2O4+"	"Fatty acids"	0.967	"Fatty amides"	0.21	"Sphingoid bases"	0.133	"Lipids and lipid-like molecules"	0.863	"Fatty Acyls"	0.843	"Fatty amides"	0.548	NA	NA	"Fatty amides"	0.548	"Organic compounds; Lipids and lipid-like molecules; Alcohols and polyols; Organic acids and derivatives; Carboxylic acids and derivatives; Organonitrogen compounds; Organooxygen compounds; Fatty amides; Carboxylic acid amides; Carboxylic acid derivatives; Secondary alcohols; Carbonyl compounds; Fatty Acyls; Organic oxides; Hydrocarbon derivatives; Organopnictogen compounds; Organic oxygen compounds; Organic nitrogen compounds; Chemical entities"	387.322	382	6.375	836961209384105856	836961022108424320	836961022108424320	572	NA	572
2	"C12H26N2O3Si"	"[M + K]+"	"C12H26KN2O3Si+"	"Fatty acids"	0.612	"Small peptides"	0.34	"Halogenated fatty acids"	0.286	"Lipids and lipid-like molecules"	0.534	"Fatty Acyls"	0.512	NA	NA	NA	NA	"Fatty Acyls"	0.512	"Organic compounds; Lipids and lipid-like molecules; Organic acids and derivatives; Carboxylic acids and derivatives; Organonitrogen compounds; Organooxygen compounds; Organometallic compounds; Organometalloid compounds; Carbonyl compounds; Fatty Acyls; Organic oxides; Hydrocarbon derivatives; Organopnictogen compounds; Organic oxygen compounds; Organic nitrogen compounds; Chemical entities"	313.133	383	6.391	836961225045638784	836961022171338880	836961022171338880	574	NA	574
1	"C17H26O4"	"[M + H]+"	"C17H27O4+"	"Fatty acids"	0.688	"Fatty acyls"	0.159	"Fatty alcohols"	0.392	"Benzenoids"	0.78	"Phenols"	0.578	"Methoxyphenols"	0.642	"Gingerols"	0.53	"Gingerols"	0.53	"Organic compounds; Lipids and lipid-like molecules; Ketones; Alcohols and polyols; Phenols; Methoxyphenols; Organooxygen compounds; Secondary alcohols; Gingerols; Carbonyl compounds; Benzene and substituted derivatives; Phenol ethers; Benzenoids; Fatty Acyls; Organic oxides; Hydrocarbon derivatives; Organic oxygen compounds; 1-hydroxy-2-unsubstituted benzenoids; Phenoxy compounds; Chemical entities"	295.19	383	6.392	836961225498623744	836961022209087616	836961022209087616	575	NA	575
1	"C18H32O2"	"[M + H3N + H]+"	"C18H36NO2+"	"Fatty acids"	1	"Fatty Acids and Conjugates"	0.913	"Unsaturated fatty acids"	0.948	"Lipids and lipid-like molecules"	0.986	"Fatty Acyls"	0.981	"Lineolic acids and derivatives"	0.67	NA	NA	"Lineolic acids and derivatives"	0.67	"Organic compounds; Lipids and lipid-like molecules; Fatty acids and conjugates; Organic acids and derivatives; Carboxylic acids and derivatives; Organooxygen compounds; Straight chain fatty acids; Unsaturated fatty acids; Lineolic acids and derivatives; Monocarboxylic acids and derivatives; Carboxylic acids; Carbonyl compounds; Long-chain fatty acids; Fatty Acyls; Organic oxides; Hydrocarbon derivatives; Organic oxygen compounds; Chemical entities"	298.274	384	6.403	836961220066999296	836961022242642048	836961022242642048	576	NA	576
1	"C18H34O3"	"[M + H3N + H]+"	"C18H38NO3+"	"Fatty acids"	0.998	"Octadecanoids"	0.85	"Other Octadecanoids"	0.941	"Lipids and lipid-like molecules"	0.983	"Fatty Acyls"	0.984	"Fatty acids and conjugates"	0.916	"Long-chain fatty acids"	0.909	"Long-chain fatty acids"	0.909	"Organic compounds; Lipids and lipid-like molecules; Alcohols and polyols; Fatty acids and conjugates; Organic acids and derivatives; Carboxylic acids and derivatives; Organooxygen compounds; Monocarboxylic acids and derivatives; Carboxylic acids; Secondary alcohols; Carbonyl compounds; Long-chain fatty acids; Fatty Acyls; Organic oxides; Hydrocarbon derivatives; Organic oxygen compounds; Chemical entities"	316.285	384	6.403	836961225959997184	836961022276196608	836961022276196608	577	NA	577
1	"C18H26O2"	"[M + H3N + H]+"	"C18H30NO2+"	"Terpenoids"	0.908	"Diterpenoids"	0.39	"Estrane steroids"	0.105	"Lipids and lipid-like molecules"	0.815	NA	NA	NA	NA	NA	NA	"Lipids and lipid-like molecules"	0.815	"Organic compounds; Lipids and lipid-like molecules; Ketones; Organooxygen compounds; Carbonyl compounds; Cyclic ketones; Organic oxides; Hydrocarbon derivatives; Organic oxygen compounds; Chemical entities"	292.227	385	6.418	836961224601042560	836961022381054208	836961022381054208	580	NA	580
1	"C20H35NO3"	"[M + H3N + H]+"	"C20H39N2O3+"	"Fatty acids"	0.996	"Fatty amides"	0.868	"N-acyl ethanolamines (endocannabinoids)"	0.605	"Lipids and lipid-like molecules"	0.924	"Fatty Acyls"	0.924	"Fatty amides"	0.866	"N-acyl amines"	0.767	"N-acyl amines"	0.767	"Organic compounds; Lipids and lipid-like molecules; Alcohols and polyols; Organic acids and derivatives; Carboxylic acids and derivatives; Organonitrogen compounds; Organooxygen compounds; Fatty amides; Carboxylic acid amides; Carboxylic acid derivatives; N-acyl amines; Secondary carboxylic acid amides; Carbonyl compounds; Fatty Acyls; Organic oxides; Hydrocarbon derivatives; Organopnictogen compounds; Organic oxygen compounds; Organic nitrogen compounds; Chemical entities"	355.296	385	6.418	836961236244432000	836961022313945344	836961022313945344	578	NA	578
1	"C21H32O4"	"[M + K]+"	"C21H32KO4+"	"Polyketides"	0.713	"Cyclic polyketides"	0.112	"Bisabolane sesquiterpenoids"	0.042	"Benzenoids"	0.886	"Benzene and substituted derivatives"	0.777	"Benzoyl derivatives"	0.54	NA	NA	"Benzoyl derivatives"	0.54	"Organic compounds; Lipids and lipid-like molecules; Organic acids and derivatives; Carboxylic acids and derivatives; Benzoyl derivatives; Organooxygen compounds; Monocarboxylic acids and derivatives; Carboxylic acids; Carbonyl compounds; Benzene and substituted derivatives; Benzenoids; Fatty Acyls; Organic oxides; Hydrocarbon derivatives; Organic oxygen compounds; Chemical entities"	387.193	385	6.422	836961230712144256	836961022485911808	836961022485911808	583	NA	583
1	"C14H22O2"	"[M - H2O + H]+"	"C14H21O+"	"Terpenoids"	0.977	"Sesquiterpenoids"	0.919	"Caryophyllane sesquiterpenoids"	0.289	"Lipids and lipid-like molecules"	0.649	"Prenol lipids"	0.574	NA	NA	NA	NA	"Prenol lipids"	0.574	"Organic compounds; Lipids and lipid-like molecules; Alcohols and polyols; Prenol lipids; Organooxygen compounds; Hydrocarbon derivatives; Organic oxygen compounds; Chemical entities"	205.159	386	6.435	836961207769298688	836961022141978752	836961022141978752	573	NA	573
2	"C9H10O3"	"[M + H]+"	"C9H11O3+"	"Shikimates and Phenylpropanoids"	0.977	"Phenolic acids (C6-C1)"	0.997	"Simple phenolic acids"	0.997	"Benzenoids"	0.995	"Benzene and substituted derivatives"	0.989	"Benzoic acids and derivatives"	0.982	"Benzoic acids"	0.932	"Benzoic acids"	0.932	"Organic compounds; Benzoic acids and derivatives; Organic acids and derivatives; Carboxylic acids and derivatives; Benzoyl derivatives; Organooxygen compounds; Monocarboxylic acids and derivatives; Carboxylic acids; Benzene and substituted derivatives; Benzenoids; Benzoic acids; Organic oxides; Hydrocarbon derivatives; Organic oxygen compounds; Chemical entities"	167.07	387	6.442	836961229948780800	836961022523660544	836961022519466240	584	NA	584
1	"C14H22O2"	"[M - H2O + H]+"	"C14H21O+"	"Terpenoids"	0.98	"Sesquiterpenoids"	0.938	"Caryophyllane sesquiterpenoids"	0.43	"Lipids and lipid-like molecules"	0.651	"Prenol lipids"	0.617	NA	NA	NA	NA	"Prenol lipids"	0.617	"Organic compounds; Lipids and lipid-like molecules; Alcohols and polyols; Prenol lipids; Organooxygen compounds; Hydrocarbon derivatives; Organic oxygen compounds; Chemical entities"	205.159	387	6.447	836961245937469824	836961022553020672	836961022553020672	585	NA	585
1	"C15H20O7"	"[M - H2O + H]+"	"C15H19O6+"	"Shikimates and Phenylpropanoids"	0.801	"Phenylpropanoids (C6-C3)"	0.371	"Cinnamic acids and derivatives"	0.422	"Organic oxygen compounds"	1	"Organooxygen compounds"	1	"Carbohydrates and carbohydrate conjugates"	0.979	"Glycosyl compounds"	0.869	"Phenolic glycosides"	0.543	"Organic compounds; Organoheterocyclic compounds; Carbohydrates and carbohydrate conjugates; Alcohols and polyols; Ethers; Primary alcohols; Organooxygen compounds; Monosaccharides; Acetals; Secondary alcohols; Oxanes; Glycosyl compounds; O-glycosyl compounds; Benzene and substituted derivatives; Polyols; Phenol ethers; Benzenoids; Oxacyclic compounds; Hydrocarbon derivatives; Phenolic glycosides; Organic oxygen compounds; Phenoxy compounds; Chemical entities"	295.118	388	6.474	836961223279836544	836961022657878272	836961022657878272	588	NA	588
1	"C6H6ClF"	"[M + Na]+"	"C6H6ClFNa+"	"Fatty acids"	0.153	"Monoterpenoids"	0.036	"Halogenated fatty acids"	0.089	"Benzenoids"	0.996	"Benzene and substituted derivatives"	0.988	"Halobenzenes"	0.982	"Chlorobenzenes"	0.855	"Chlorobenzenes"	0.855	"Organic compounds; Halobenzenes; Organohalogen compounds; Alkyl chlorides; Aryl chlorides; Aryl fluorides; Chlorobenzenes; Fluorobenzenes; Organochlorides; Organofluorides; Benzene and substituted derivatives; Benzenoids; Aryl halides; Alkyl halides; Hydrocarbon derivatives; Chemical entities"	155.003	388	6.475	836961214773787136	836961022800484608	836961022800484608	592	NA	592
1	"C25H32O6"	"[M + H3N + H]+"	"C25H36NO6+"	"Shikimates and Phenylpropanoids"	0.49	"Lignans"	0.163	"Azaphilones"	0.02	"Benzenoids"	0.844	NA	NA	NA	NA	NA	NA	"Benzenoids"	0.844	"Organic compounds; Organoheterocyclic compounds; Alcohols and polyols; Ethers; Organic acids and derivatives; Organooxygen compounds; Carbonyl compounds; Benzenoids; Organic oxides; Oxacyclic compounds; Hydrocarbon derivatives; Organic oxygen compounds; Chemical entities"	446.254	388	6.475	836961217663662848	836961022729181440	836961022729181440	590	NA	590
1	"C24H30O6"	"[M - H2O + H]+"	"C24H29O5+"	"Terpenoids"	0.554	"Diterpenoids"	0.121	"Simple aromatic polyketides"	0.034	"Benzenoids"	0.873	"Benzene and substituted derivatives"	0.553	NA	NA	NA	NA	"Benzene and substituted derivatives"	0.553	"Organic compounds; Organoheterocyclic compounds; Alcohols and polyols; Ethers; Primary alcohols; Organooxygen compounds; Dialkyl ethers; Acetals; Secondary alcohols; Benzene and substituted derivatives; Benzenoids; Oxacyclic compounds; Hydrocarbon derivatives; Organic oxygen compounds; Chemical entities"	397.201	388	6.475	836961226610114432	836961022695627008	836961022695627008	589	NA	589
1	"C26H32O6"	"[M + H3N + H]+"	"C26H36NO6+"	"Shikimates and Phenylpropanoids"	0.674	"Lignans"	0.218	"Limonoids"	0.027	"Organic oxygen compounds"	1	"Organooxygen compounds"	1	"Ethers"	0.769	"Alkyl aryl ethers"	0.511	"Alkyl aryl ethers"	0.511	"Organic compounds; Organoheterocyclic compounds; Alkyl aryl ethers; Alcohols and polyols; Ethers; Organic acids and derivatives; Organooxygen compounds; Carbonyl compounds; Benzene and substituted derivatives; Benzenoids; Organic oxides; Oxacyclic compounds; Hydrocarbon derivatives; Organic oxygen compounds; Chemical entities"	458.254	388	6.475	836961325734109312	836961022766930176	836961022766930176	591	NA	591
1	"C26H34O7"	"[M + H3N + H]+"	"C26H38NO7+"	"Shikimates and Phenylpropanoids"	0.239	"Lignans"	0.064	"Dibenzylbutane lignans"	0.019	"Organic oxygen compounds"	1	"Organooxygen compounds"	1	"Ethers"	0.752	"Alkyl aryl ethers"	0.564	"Alkyl aryl ethers"	0.564	"Organic compounds; Organoheterocyclic compounds; Alkyl aryl ethers; Ethers; Organic acids and derivatives; Carboxylic acids and derivatives; Organooxygen compounds; Carboxylic acid derivatives; Carboxylic acid esters; Carbonyl compounds; Benzenoids; Organic oxides; Oxacyclic compounds; Hydrocarbon derivatives; Organic oxygen compounds; Chemical entities"	476.264	389	6.475	836961237024572672	836961023144417536	836961023144417536	601	NA	601
2	"C24H32O7"	"[M - H2O + H]+"	"C24H31O6+"	"Shikimates and Phenylpropanoids"	0.958	"Lignans"	0.989	"Dibenzylbutane lignans"	0.711	"Lignans, neolignans and related compounds"	0.83	"Dibenzylbutane lignans"	0.515	NA	NA	NA	NA	"Dibenzylbutane lignans"	0.515	"Organic compounds; Alkyl aryl ethers; Alcohols and polyols; Anisoles; Ethers; Organooxygen compounds; Dialkyl ethers; Lignans, neolignans and related compounds; Dibenzylbutane lignans; Benzene and substituted derivatives; Phenol ethers; Benzenoids; Hydrocarbon derivatives; Organic oxygen compounds; Phenoxy compounds; Chemical entities"	415.212	389	6.475	836961210533345280	836961022997616896	836961022997616896	597	NA	597
1	"C9H12O2"	"[M - H2O + H]+"	"C9H11O+"	"Terpenoids"	0.797	"Monoterpenoids"	0.623	"Menthane monoterpenoids"	0.214	"Organic oxygen compounds"	0.999	"Organooxygen compounds"	0.998	"Carbonyl compounds"	0.715	NA	NA	"Carbonyl compounds"	0.715	"Organic compounds; Organooxygen compounds; Carbonyl compounds; Organic oxides; Hydrocarbon derivatives; Organic oxygen compounds; Chemical entities"	135.08	389	6.475	836961211296708736	836961023182166272	836961023182166272	602	NA	602
2	"C46H65NO12"	"[M + Na]+"	"C46H65NNaO12+"	"Polyketides"	0.711	"Macrolides"	0.825	"Open-chain polyketides"	0.364	"Organoheterocyclic compounds"	0.924	"Oxanes"	0.654	NA	NA	NA	NA	"Oxanes"	0.654	"Organic compounds; Organoheterocyclic compounds; Ketones; Alcohols and polyols; Ethers; Organic acids and derivatives; Carboxylic acids and derivatives; Organonitrogen compounds; Organooxygen compounds; Carboxylic acid derivatives; Dialkyl ethers; Acetals; Secondary alcohols; Carbonyl compounds; Oxanes; Organic oxides; Oxacyclic compounds; Hydrocarbon derivatives; Organopnictogen compounds; Organic oxygen compounds; Organic nitrogen compounds; Chemical entities"	846.443	389	6.475	836961221165907072	836961023219915008	836961023219915008	603	NA	603
1	"C28H36O7"	"[M + H3N + H]+"	"C28H40NO7+"	"Terpenoids"	0.981	"Diterpenoids"	0.948	"Tetracyclic diterpenoids"	0.427	"Lipids and lipid-like molecules"	0.939	"Prenol lipids"	0.941	"Diterpenoids"	0.906	"Tigliane and ingenane diterpenoids"	0.844	"Tigliane and ingenane diterpenoids"	0.844	"Organic compounds; Lipids and lipid-like molecules; Ketones; Alcohols and polyols; Phenols; Prenol lipids; Organic acids and derivatives; Carboxylic acids and derivatives; Organooxygen compounds; Fatty acid esters; Dicarboxylic acids and derivatives; Carboxylic acid derivatives; Carboxylic acid esters; Diterpenoids; Tertiary alcohols; Carbonyl compounds; Benzene and substituted derivatives; Benzenoids; Tigliane and ingenane diterpenoids; Fatty Acyls; Organic oxides; Hydrocarbon derivatives; Organic oxygen compounds; Chemical entities"	502.28	389	6.475	836961222621330816	836961023110863104	836961023110863104	600	NA	600
1	"C15H22O6"	"[M - H2O + H]+"	"C15H21O5+"	"Terpenoids"	0.805	"Monoterpenoids"	0.488	"Bisabolane sesquiterpenoids"	0.272	"Organic oxygen compounds"	1	"Organooxygen compounds"	0.999	"Carbohydrates and carbohydrate conjugates"	0.762	"Glycosyl compounds"	0.49	"O-glycosyl compounds"	0.536	"Organic compounds; Organoheterocyclic compounds; Carbohydrates and carbohydrate conjugates; Lipids and lipid-like molecules; Alcohols and polyols; Ethers; Prenol lipids; Primary alcohols; Organooxygen compounds; Monosaccharides; Acetals; Secondary alcohols; Oxanes; O-glycosyl compounds; Polyols; Oxacyclic compounds; Hydrocarbon derivatives; Organic oxygen compounds; Chemical entities"	281.138	389	6.475	836961231110603264	836961022917925120	836961022913730816	595	NA	595
1	"C48H60O12"	"[M + Na]+"	"C48H60NaO12+"	"Terpenoids"	0.608	"Triterpenoids"	0.297	"Limonoids"	0.133	"Lipids and lipid-like molecules"	0.798	"Prenol lipids"	0.513	NA	NA	NA	NA	"Prenol lipids"	0.513	"Organic compounds; Organoheterocyclic compounds; Lipids and lipid-like molecules; Alcohols and polyols; Ethers; Prenol lipids; Organic acids and derivatives; Carboxylic acids and derivatives; Organooxygen compounds; Carboxylic acid derivatives; Carboxylic acid esters; Secondary alcohols; Carbonyl compounds; Oxanes; Enoate esters; Alpha,beta-unsaturated carboxylic esters; Organic oxides; Oxacyclic compounds; Hydrocarbon derivatives; Organic oxygen compounds; Chemical entities"	851.398	389	6.475	836961232918348416	836961023328966912	836961023328966912	606	NA	606
1	"C22H26N6O5"	"[M - H2O + H]+"	"C22H25N6O4+"	"Amino acids and Peptides"	0.651	"Oligopeptides"	0.4	"Cyclic peptides"	0.092	"Organic acids and derivatives"	0.978	"Carboxylic acids and derivatives"	0.858	"Amino acids, peptides, and analogues"	0.631	"Amino acids and derivatives"	0.616	"Amino acids and derivatives"	0.616	"Organic compounds; Organoheterocyclic compounds; Amino acids, peptides, and analogues; Pyrimidines and pyrimidine derivatives; Alcohols and polyols; Lactams; Organic acids and derivatives; Carboxylic acids and derivatives; Organonitrogen compounds; Primary alcohols; Pyrimidones; Organooxygen compounds; Amino acids and derivatives; Carboxylic acid amides; Carboxylic acid derivatives; Diazines; Secondary carboxylic acid amides; Carbonyl compounds; Benzene and substituted derivatives; Benzenoids; Amines; Alkanolamines; Organic oxides; Azacyclic compounds; Heteroaromatic compounds; Hydrocarbon derivatives; Organopnictogen compounds; Organic oxygen compounds; Organic nitrogen compounds; Chemical entities"	437.193	389	6.475	836961238765209088	836961022955673856	836961022955673856	596	NA	596
1	"C26H34O6"	"[M + H3N + H]+"	"C26H38NO6+"	"Shikimates and Phenylpropanoids"	0.529	"Lignans"	0.388	"Dibenzylbutane lignans"	0.036	"Organic oxygen compounds"	1	"Organooxygen compounds"	1	"Ethers"	0.858	"Alkyl aryl ethers"	0.507	"Alkyl aryl ethers"	0.507	"Organic compounds; Organoheterocyclic compounds; Alkyl aryl ethers; Alcohols and polyols; Ethers; Organooxygen compounds; Dialkyl ethers; Benzene and substituted derivatives; Benzenoids; Organic oxides; Oxacyclic compounds; Hydrocarbon derivatives; Organic oxygen compounds; Chemical entities"	460.269	389	6.475	836961240161912576	836961023073114368	836961023073114368	599	NA	599
1	"C26H34O6"	"[M + H3N + H]+"	"C26H38NO6+"	"Shikimates and Phenylpropanoids"	0.956	"Lignans"	0.861	"Dibenzocyclooctadienes lignans"	0.854	"Lignans, neolignans and related compounds"	0.629	"Dibenzocyclooctadiene lignans"	0.661	NA	NA	NA	NA	"Dibenzocyclooctadiene lignans"	0.661	"Organic compounds; Organoheterocyclic compounds; Alkyl aryl ethers; Anisoles; Ethers; Phenylpropanoids and polyketides; Organooxygen compounds; Lignans, neolignans and related compounds; Dibenzocyclooctadiene lignans; Carbonyl compounds; Phenol ethers; Benzenoids; Organic oxides; Oxacyclic compounds; Hydrocarbon derivatives; Organic oxygen compounds; Chemical entities"	460.269	389	6.475	836961223128841600	836961023639345536	836961023639345536	615	NA	615
4	"C28H32N6O3"	"[M - H2O + H]+"	"C28H31N6O2+"	"Alkaloids"	0.73	"Pseudoalkaloids (transamidation)"	0.12	"Other indole diketopiperazine alkaloids"	0.085	"Organoheterocyclic compounds"	0.97	"Imidazopyrimidines"	0.642	"Purines and purine derivatives"	0.651	"Xanthines"	0.734	"Xanthines"	0.734	"Organic compounds; Organoheterocyclic compounds; Pyrimidines and pyrimidine derivatives; Imidazoles; Lactams; Purines and purine derivatives; Xanthines; Organic acids and derivatives; Carboxylic acids and derivatives; Organonitrogen compounds; Alkaloids and derivatives; Pyrimidones; Organooxygen compounds; Organic carbonic acids and derivatives; Azoles; Carboxylic acid amides; Ureas; Purinones; Carboxylic acid derivatives; Diazines; 6-oxopurines; Imidazopyrimidines; Carbonyl compounds; Benzene and substituted derivatives; Substituted imidazoles; N-substituted imidazoles; Benzenoids; Amines; Vinylogous amides; Organic oxides; Azacyclic compounds; Heteroaromatic compounds; Hydrocarbon derivatives; Organopnictogen compounds; Organic oxygen compounds; Organic nitrogen compounds; Chemical entities"	483.249	389	6.475	836961218582215552	836961023362521344	836961023362521344	607	NA	607
1	"C24H30O6"	"[M + H3N + H]+"	"C24H34NO6+"	"Shikimates and Phenylpropanoids"	0.443	"Lignans"	0.353	"Furanoid lignans"	0.055	"Benzenoids"	0.903	"Benzene and substituted derivatives"	0.668	NA	NA	NA	NA	"Benzene and substituted derivatives"	0.668	"Organic compounds; Organoheterocyclic compounds; Ethers; Organooxygen compounds; Dialkyl ethers; Benzene and substituted derivatives; Benzenoids; Oxacyclic compounds; Hydrocarbon derivatives; Organic oxygen compounds; Chemical entities"	432.238	389	6.475	836961222336118016	836961023257663744	836961023257663744	604	NA	604
1	"C25H32O7"	"[M + H3N + H]+"	"C25H36NO7+"	"Shikimates and Phenylpropanoids"	0.662	"Lignans"	0.578	"Dibenzocyclooctadienes lignans"	0.085	"Organic oxygen compounds"	1	"Organooxygen compounds"	1	"Ethers"	0.856	"Alkyl aryl ethers"	0.62	"Alkyl aryl ethers"	0.62	"Organic compounds; Organoheterocyclic compounds; Alkyl aryl ethers; Alcohols and polyols; Ethers; Organic acids and derivatives; Organooxygen compounds; Carboxylic acid derivatives; Carbonyl compounds; Benzenoids; Organic oxides; Oxacyclic compounds; Hydrocarbon derivatives; Organic oxygen compounds; Chemical entities"	462.248	389	6.476	836961237569832192	836961022838233344	836961022838233344	593	NA	593
3	"C25H29F2N3O2"	"[M + H3N + H]+"	"C25H33F2N4O2+"	"Alkaloids"	0.84	"Ornithine alkaloids"	0.035	"Tropane alkaloids"	0.059	"Benzenoids"	0.976	"Benzene and substituted derivatives"	0.867	"Halobenzenes"	0.433	"Fluorobenzenes"	0.57	"Fluorobenzenes"	0.57	"Organic compounds; Organoheterocyclic compounds; Carboxylic acids and derivatives; Organohalogen compounds; Organonitrogen compounds; Organooxygen compounds; Azoles; Alkyl fluorides; Aryl fluorides; Fluorobenzenes; Organofluorides; Benzene and substituted derivatives; Benzenoids; Aryl halides; Alkyl halides; Organic oxides; Azacyclic compounds; Heteroaromatic compounds; Hydrocarbon derivatives; Organopnictogen compounds; Organic oxygen compounds; Organic nitrogen compounds; Chemical entities"	459.258	389	6.478	836961221648252032	836961022620129536	836961022620129536	587	NA	587
1	"C24H30O6"	"[M + H3N + H]+"	"C24H34NO6+"	"Shikimates and Phenylpropanoids"	0.637	"Lignans"	0.528	"Dibenzylbutane lignans"	0.089	"Benzenoids"	0.96	"Phenol ethers"	0.82	"Anisoles"	0.756	NA	NA	"Anisoles"	0.756	"Organic compounds; Alkyl aryl ethers; Anisoles; Ethers; Organooxygen compounds; Carbonyl compounds; Benzene and substituted derivatives; Phenol ethers; Benzenoids; Organic oxides; Methoxybenzenes; Hydrocarbon derivatives; Organic oxygen compounds; Phenoxy compounds; Chemical entities"	432.238	389	6.483	836961246998628864	836961023605791104	836961023601596800	614	NA	614
1	"C16H26O2"	"[M + H3N + H]+"	"C16H30NO2+"	"Fatty acids"	0.993	"Fatty Acids and Conjugates"	0.729	"Unsaturated fatty acids"	0.615	"Lipids and lipid-like molecules"	0.81	"Fatty Acyls"	0.782	"Fatty acids and conjugates"	0.711	"Long-chain fatty acids"	0.595	"Long-chain fatty acids"	0.595	"Organic compounds; Lipids and lipid-like molecules; Fatty acids and conjugates; Organic acids and derivatives; Carboxylic acids and derivatives; Organooxygen compounds; Unsaturated fatty acids; Monocarboxylic acids and derivatives; Carboxylic acids; Carbonyl compounds; Long-chain fatty acids; Fatty Acyls; Organic oxides; Hydrocarbon derivatives; Organic oxygen compounds; Chemical entities"	268.227	389	6.487	836961222218677504	836961023400270080	836961023400270080	608	NA	608
1	"C18H39NO2"	"[M + H]+"	"C18H40NO2+"	"Fatty acids"	0.945	"Spingolipids"	0.658	"Sphingoid bases"	0.948	"Organic nitrogen compounds"	1	"Organonitrogen compounds"	1	"Amines"	1	"Alkanolamines"	0.991	"1,2-aminoalcohols"	0.991	"Organic compounds; Alcohols and polyols; Organonitrogen compounds; Primary alcohols; Organooxygen compounds; 1,2-aminoalcohols; Trialkylamines; Amines; Tertiary amines; Alkanolamines; Hydrocarbon derivatives; Organopnictogen compounds; Organic oxygen compounds; Organic nitrogen compounds; Chemical entities"	302.305	392	6.528	836961215189023232	836961023538682240	836961023534487936	612	NA	612
1	"C18H28O2"	"[M + H3N + H]+"	"C18H32NO2+"	"Fatty acids"	0.996	"Fatty Acids and Conjugates"	0.654	"Unsaturated fatty acids"	0.684	"Lipids and lipid-like molecules"	0.948	"Fatty Acyls"	0.911	"Fatty acids and conjugates"	0.912	"Long-chain fatty acids"	0.848	"Long-chain fatty acids"	0.848	"Organic compounds; Lipids and lipid-like molecules; Fatty acids and conjugates; Organic acids and derivatives; Carboxylic acids and derivatives; Organooxygen compounds; Straight chain fatty acids; Unsaturated fatty acids; Monocarboxylic acids and derivatives; Carboxylic acids; Carbonyl compounds; Long-chain fatty acids; Fatty Acyls; Organic oxides; Hydrocarbon derivatives; Organic oxygen compounds; Chemical entities"	294.243	392	6.53	836961219572071296	836961023467379072	836961023467379072	610	NA	610
4	"C21H25NO7S"	"[M + H3N + H]+"	"C21H29N2O7S+"	"Amino acids and Peptides"	0.904	"Macrolides"	0.87	"3-Spirotetramic acids"	0.224	"Organic acids and derivatives"	0.965	"Carboxylic acids and derivatives"	0.802	"Carboxylic acid derivatives"	0.694	"Carboxylic acid esters"	0.619	"Carboxylic acid esters"	0.619	"Organic compounds; Organoheterocyclic compounds; Organosulfur compounds; Ketones; Alcohols and polyols; Organic acids and derivatives; Carboxylic acids and derivatives; Organonitrogen compounds; Organooxygen compounds; Carboxylic acid derivatives; Monocarboxylic acids and derivatives; Carboxylic acid esters; Carbonyl compounds; Cyclic ketones; Organic oxides; Oxacyclic compounds; Hydrocarbon derivatives; Organopnictogen compounds; Organic oxygen compounds; Organic nitrogen compounds; Chemical entities"	453.168	392	6.531	836961247640357504	836961023811312000	836961023811312000	620	NA	620
1	"C16H29N7O2"	"[M - H2O + H]+"	"C16H28N7O+"	"Alkaloids"	0.41	"Small peptides"	0.062	"Imidazole alkaloids"	0.027	"Organoheterocyclic compounds"	0.94	"Triazines"	0.315	"1,3,5-triazines"	0.541	NA	NA	"1,3,5-triazines"	0.541	"Organic compounds; Organoheterocyclic compounds; Alcohols and polyols; Organonitrogen compounds; Primary alcohols; Organooxygen compounds; Carboxylic acid amides; Amines; Organic oxides; 1,3,5-triazines; Azacyclic compounds; Heteroaromatic compounds; Hydrocarbon derivatives; Organopnictogen compounds; Organic oxygen compounds; Organic nitrogen compounds; Chemical entities"	334.235	392	6.531	836961225788030720	836961023500933504	836961023500933504	611	NA	611
1	"C8H18N2"	"[M + H3N + H]+"	"C8H22N3+"	"Alkaloids"	0.969	"Ornithine alkaloids"	0.96	"Polyamines"	0.989	"Organic nitrogen compounds"	1	"Organonitrogen compounds"	1	"Amines"	0.926	"Secondary amines"	0.577	"Dialkylamines"	0.586	"Organic compounds; Organonitrogen compounds; Monoalkylamines; Dialkylamines; Amines; Primary amines; Secondary amines; Hydrocarbon derivatives; Organopnictogen compounds; Organic nitrogen compounds; Chemical entities"	160.181	393	6.546	836961214018812288	836961023706454400	836961023706454400	617	NA	617
3	"C12H15N2O3"	"[M + H3N + H]+"	"C12H19N3O3+"	"Amino acids and Peptides"	0.918	"Small peptides"	0.806	"Dipeptides"	0.558	"Organic acids and derivatives"	0.934	"Carboxylic acids and derivatives"	0.882	"Amino acids, peptides, and analogues"	0.604	"Amino acids and derivatives"	0.604	"Amino acids and derivatives"	0.604	"Organic compounds; Amino acids, peptides, and analogues; Organic acids and derivatives; Carboxylic acids and derivatives; Organonitrogen compounds; Organooxygen compounds; Amino acids and derivatives; Carboxylic acid amides; Carboxylic acid derivatives; Carbonyl compounds; Benzene and substituted derivatives; Benzenoids; Organic oxides; Hydrocarbon derivatives; Organopnictogen compounds; Organic oxygen compounds; Organic nitrogen compounds; Chemical entities"	253.141	393	6.549	836961224554905088	836961023672899968	836961023672899968	616	NA	616
1	"C18H28O3"	"[M + H3N + H]+"	"C18H32NO3+"	"Fatty acids"	0.724	"Octadecanoids"	0.711	"Phytane diterpenoids"	0.454	"Lipids and lipid-like molecules"	0.954	"Fatty Acyls"	0.898	"Fatty acids and conjugates"	0.898	"Long-chain fatty acids"	0.699	"Long-chain fatty acids"	0.699	"Organic compounds; Lipids and lipid-like molecules; Ketones; Fatty acids and conjugates; Organic acids and derivatives; Carboxylic acids and derivatives; Organooxygen compounds; Unsaturated fatty acids; Monocarboxylic acids and derivatives; Carboxylic acids; Carbonyl compounds; Long-chain fatty acids; Cyclic ketones; Fatty Acyls; Organic oxides; Hydrocarbon derivatives; Organic oxygen compounds; Chemical entities"	310.238	394	6.558	836961230380794240	836961023777757568	836961023777757568	619	NA	619
5	"C21H41N3O4"	"[M + H3N + H]+"	"C21H45N4O4+"	"Amino acids and Peptides"	0.679	"Linear polyketides"	0.141	"Open-chain polyketides"	0.133	"Organic acids and derivatives"	0.957	"Carboxylic acids and derivatives"	0.906	"Amino acids, peptides, and analogues"	0.506	NA	NA	"Amino acids, peptides, and analogues"	0.506	"Organic compounds; Lipids and lipid-like molecules; Amino acids, peptides, and analogues; Alcohols and polyols; Organic acids and derivatives; Carboxylic acids and derivatives; Organonitrogen compounds; Organooxygen compounds; Fatty amides; Carboxylic acid amides; Carboxylic acid derivatives; N-acyl amines; Secondary carboxylic acid amides; Carbonyl compounds; Fatty Acyls; Organic oxides; Hydrocarbon derivatives; Organopnictogen compounds; Organic oxygen compounds; Organic nitrogen compounds; Chemical entities"	417.345	396	6.593	836961229382549760	836961023849060736	836961023844866432	621	NA	621
1	"C22H26N6O5"	"[M - H2O + H]+"	"C22H25N6O4+"	"Amino acids and Peptides"	0.781	"Oligopeptides"	0.447	"Cyclic peptides"	0.065	"Organic acids and derivatives"	0.952	"Carboxylic acids and derivatives"	0.833	"Amino acids, peptides, and analogues"	0.614	"Amino acids and derivatives"	0.6	"Amino acids and derivatives"	0.6	"Organic compounds; Organoheterocyclic compounds; Amino acids, peptides, and analogues; Alkyl aryl ethers; Anisoles; Organic acids and derivatives; Carboxylic acids and derivatives; Organonitrogen compounds; Organooxygen compounds; Amino acids and derivatives; Azoles; Carboxylic acid amides; Carboxylic acid derivatives; Secondary carboxylic acid amides; Carbonyl compounds; Benzene and substituted derivatives; Phenol ethers; Benzenoids; Amines; Organic oxides; Methoxybenzenes; Azacyclic compounds; Heteroaromatic compounds; Hydrocarbon derivatives; Organopnictogen compounds; Organic oxygen compounds; Organic nitrogen compounds; Phenoxy compounds; Chemical entities"	437.193	396	6.593	836961231945269888	836961023882615168	836961023882615168	622	NA	622
2	"C24H32O7"	"[M - H2O + H]+"	"C24H31O6+"	"Shikimates and Phenylpropanoids"	0.965	"Lignans"	0.989	"Dibenzylbutane lignans"	0.73	"Lignans, neolignans and related compounds"	0.831	"Dibenzylbutane lignans"	0.534	NA	NA	NA	NA	"Dibenzylbutane lignans"	0.534	"Organic compounds; Alkyl aryl ethers; Alcohols and polyols; Anisoles; Ethers; Organooxygen compounds; Dialkyl ethers; Lignans, neolignans and related compounds; Dibenzylbutane lignans; Benzene and substituted derivatives; Phenol ethers; Benzenoids; Hydrocarbon derivatives; Organic oxygen compounds; Phenoxy compounds; Chemical entities"	415.211	396	6.594	836961224353578496	836961023945529728	836961023945529728	623	NA	623
1	"C18H35NO3"	"[M + Na]+"	"C18H35NNaO3+"	"Fatty acids"	0.995	"Fatty amides"	0.538	"Sphingoid bases"	0.304	"Lipids and lipid-like molecules"	0.781	"Fatty Acyls"	0.774	NA	NA	NA	NA	"Fatty Acyls"	0.774	"Organic compounds; Lipids and lipid-like molecules; Alcohols and polyols; Organic acids and derivatives; Carboxylic acids and derivatives; Organonitrogen compounds; Organooxygen compounds; Secondary alcohols; Carbonyl compounds; Fatty Acyls; Organic oxides; Hydrocarbon derivatives; Organopnictogen compounds; Organic oxygen compounds; Organic nitrogen compounds; Chemical entities"	336.251	396	6.608	836961252564471168	836961023979084160	836961023979084160	624	NA	624
2	"C14H20O"	"[M + H]+"	"C14H21O+"	"Terpenoids"	0.988	"Sesquiterpenoids"	0.84	"Humulane sesquiterpenoids"	0.142	"Lipids and lipid-like molecules"	0.692	"Prenol lipids"	0.762	NA	NA	NA	NA	"Prenol lipids"	0.762	"Organic compounds; Lipids and lipid-like molecules; Ketones; Prenol lipids; Organooxygen compounds; Carbonyl compounds; Cyclic ketones; Organic oxides; Hydrocarbon derivatives; Organic oxygen compounds; Chemical entities"	205.159	397	6.612	836961224735260288	836961024012638592	836961024012638592	625	NA	625
1	"C16H27N4O2"	"[M - H2O + H]+"	"C16H26N4O+"	"Alkaloids"	0.413	"Small peptides"	0.218	"Dipeptides"	0.061	"Organic acids and derivatives"	0.775	"Carboxylic acids and derivatives"	0.715	"Carboxylic acid derivatives"	0.646	"Carboxylic acid amides"	0.538	"Carboxylic acid amides"	0.538	"Organic compounds; Organic acids and derivatives; Carboxylic acids and derivatives; Organonitrogen compounds; Organooxygen compounds; Carboxylic acid amides; Carboxylic acid derivatives; Carbonyl compounds; Organic oxides; Hydrocarbon derivatives; Organopnictogen compounds; Organic oxygen compounds; Organic nitrogen compounds; Chemical entities"	290.209	398	6.637	836961225905471232	836961024079747456	836961024079747456	627	NA	627
1	"C14H22O2"	"[M - H2O + H]+"	"C14H21O+"	"Terpenoids"	0.982	"Sesquiterpenoids"	0.944	"Caryophyllane sesquiterpenoids"	0.414	"Lipids and lipid-like molecules"	0.667	"Prenol lipids"	0.626	NA	NA	NA	NA	"Prenol lipids"	0.626	"Organic compounds; Lipids and lipid-like molecules; Alcohols and polyols; Prenol lipids; Organooxygen compounds; Hydrocarbon derivatives; Organic oxygen compounds; Chemical entities"	205.159	398	6.638	836961245056665984	836961024251713920	836961024251713920	632	NA	632
1	"C16H26O2"	"[M + H3N + H]+"	"C16H30NO2+"	"Fatty acids"	0.927	"Fatty Acids and Conjugates"	0.561	"Unsaturated fatty acids"	0.552	"Lipids and lipid-like molecules"	0.693	"Fatty Acyls"	0.531	NA	NA	NA	NA	"Fatty Acyls"	0.531	"Organic compounds; Lipids and lipid-like molecules; Organic acids and derivatives; Carboxylic acids and derivatives; Organooxygen compounds; Monocarboxylic acids and derivatives; Carboxylic acids; Carbonyl compounds; Fatty Acyls; Organic oxides; Hydrocarbon derivatives; Organic oxygen compounds; Chemical entities"	268.227	398	6.639	836961227331534848	836961024117496192	836961024117496192	628	NA	628
2	"C16H33NO3"	"[M + H]+"	"C16H34NO3+"	"Fatty acids"	0.999	"Fatty amides"	0.998	"N-acyl ethanolamines (endocannabinoids)"	0.985	"Lipids and lipid-like molecules"	0.988	"Fatty Acyls"	0.992	"Fatty amides"	0.989	"N-acyl amines"	0.992	"N-acyl amines"	0.992	"Organic compounds; Lipids and lipid-like molecules; Alcohols and polyols; Organic acids and derivatives; Carboxylic acids and derivatives; Organonitrogen compounds; Primary alcohols; Organooxygen compounds; Fatty amides; Carboxylic acid amides; Carboxylic acid derivatives; N-acyl amines; Tertiary carboxylic acid amides; Carbonyl compounds; Amines; Alkanolamines; Fatty Acyls; Organic oxides; Hydrocarbon derivatives; Organopnictogen compounds; Organic oxygen compounds; Organic nitrogen compounds; Chemical entities"	288.253	400	6.665	836961225137913472	836961024184605056	836961024184605056	630	NA	630
1	"C18H28O"	"[M + H3N + H]+"	"C18H32NO+"	"Terpenoids"	0.972	"Diterpenoids"	0.744	"Bisabolane sesquiterpenoids"	0.077	"Lipids and lipid-like molecules"	0.837	"Prenol lipids"	0.757	NA	NA	NA	NA	"Prenol lipids"	0.757	"Organic compounds; Lipids and lipid-like molecules; Prenol lipids; Organooxygen compounds; Carbonyl compounds; Hydrocarbon derivatives; Organic oxygen compounds; Chemical entities"	278.248	403	6.714	836961226756915200	836961024046193024	836961024046193024	626	NA	626
1	"C18H28O"	"[M + H3N + H]+"	"C18H32NO+"	"Terpenoids"	0.612	"Fatty acyls"	0.602	"Fatty aldehydes"	0.203	"Lipids and lipid-like molecules"	0.857	"Prenol lipids"	0.515	NA	NA	NA	NA	"Prenol lipids"	0.515	"Organic compounds; Lipids and lipid-like molecules; Aldehydes; Prenol lipids; Organooxygen compounds; Carbonyl compounds; Organic oxides; Hydrocarbon derivatives; Organic oxygen compounds; Chemical entities"	278.248	403	6.723	836961227935514752	836961024285268352	836961024285268352	633	NA	633
1	"C18H28O3"	"[M + H3N + H]+"	"C18H32NO3+"	"Fatty acids"	0.771	"Octadecanoids"	0.654	"Phytane diterpenoids"	0.301	"Lipids and lipid-like molecules"	0.925	"Fatty Acyls"	0.862	"Fatty acids and conjugates"	0.832	"Long-chain fatty acids"	0.626	"Long-chain fatty acids"	0.626	"Organic compounds; Lipids and lipid-like molecules; Ketones; Fatty acids and conjugates; Organic acids and derivatives; Carboxylic acids and derivatives; Organooxygen compounds; Monocarboxylic acids and derivatives; Carboxylic acids; Carbonyl compounds; Long-chain fatty acids; Cyclic ketones; Fatty Acyls; Organic oxides; Hydrocarbon derivatives; Organic oxygen compounds; Chemical entities"	310.237	404	6.729	836961234667373440	836961024356571520	836961024356571520	635	NA	635
1	"C20H35NO3"	"[M + H3N + H]+"	"C20H39N2O3+"	"Fatty acids"	0.991	"Eicosanoids"	0.293	"N-acyl ethanolamines (endocannabinoids)"	0.098	"Lipids and lipid-like molecules"	0.891	"Fatty Acyls"	0.87	NA	NA	NA	NA	"Fatty Acyls"	0.87	"Organic compounds; Lipids and lipid-like molecules; Alcohols and polyols; Organic acids and derivatives; Carboxylic acids and derivatives; Organonitrogen compounds; Organooxygen compounds; Carboxylic acid derivatives; Monocarboxylic acids and derivatives; Secondary alcohols; Carbonyl compounds; Amines; Fatty Acyls; Organic oxides; Hydrocarbon derivatives; Organopnictogen compounds; Organic oxygen compounds; Organic nitrogen compounds; Chemical entities"	355.296	404	6.731	836961239121724928	836961024423680384	836961024423680384	637	NA	637
2	"C18H29NO2"	"[M + H]+"	"C18H30NO2+"	"Alkaloids"	0.209	"Linear polyketides"	0.579	"Open-chain polyketides"	0.475	"Organic acids and derivatives"	0.756	"Carboxylic acids and derivatives"	0.594	"Carboxylic acid derivatives"	0.596	"Carboxylic acid amides"	0.598	"Carboxylic acid amides"	0.598	"Organic compounds; Organic acids and derivatives; Carboxylic acids and derivatives; Organonitrogen compounds; Organooxygen compounds; Carboxylic acid amides; Carboxylic acid derivatives; Carbonyl compounds; Organic oxides; Hydrocarbon derivatives; Organopnictogen compounds; Organic oxygen compounds; Organic nitrogen compounds; Chemical entities"	292.226	405	6.758	836961249540377600	836961024671144448	836961024671144448	644	NA	644
2	"C19H38O2"	"[M + H3N + H]+"	"C19H42NO2+"	"Fatty acids"	0.947	"Fatty acyls"	0.609	"Fatty alcohols"	0.606	"Lipids and lipid-like molecules"	0.882	"Fatty Acyls"	0.808	NA	NA	NA	NA	"Fatty Acyls"	0.808	"Organic compounds; Lipids and lipid-like molecules; Alcohols and polyols; Organooxygen compounds; Carbonyl compounds; Fatty Acyls; Organic oxides; Hydrocarbon derivatives; Organic oxygen compounds; Chemical entities"	316.321	406	6.766	836961231983018624	836961024566286848	836961024566286848	641	NA	641
1	"C26H34O6"	"[M + H3N + H]+"	"C26H38NO6+"	"Shikimates and Phenylpropanoids"	0.615	"Lignans"	0.328	"Dibenzylbutane lignans"	0.068	"Organic oxygen compounds"	1	"Organooxygen compounds"	1	"Ethers"	0.812	"Alkyl aryl ethers"	0.533	"Alkyl aryl ethers"	0.533	"Organic compounds; Organoheterocyclic compounds; Alkyl aryl ethers; Ethers; Organic acids and derivatives; Organooxygen compounds; Benzene and substituted derivatives; Benzenoids; Organic oxides; Oxacyclic compounds; Hydrocarbon derivatives; Organic oxygen compounds; Chemical entities"	460.269	406	6.768	836961223799930240	836961024528537984	836961024528537984	640	NA	640
1	"C22H26N6O5"	"[M - H2O + H]+"	"C22H25N6O4+"	"Amino acids and Peptides"	0.923	"Oligopeptides"	0.678	"Cyclic peptides"	0.153	"Organic acids and derivatives"	0.971	"Carboxylic acids and derivatives"	0.843	"Amino acids, peptides, and analogues"	0.793	"Amino acids and derivatives"	0.769	"Alpha amino acids and derivatives"	0.748	"Organic compounds; Organoheterocyclic compounds; Amino acids, peptides, and analogues; Alpha amino acids and derivatives; Pyrimidines and pyrimidine derivatives; Imidazoles; Alcohols and polyols; Phenethylamines; Amphetamines and derivatives; Organic acids and derivatives; Carboxylic acids and derivatives; Organonitrogen compounds; Primary alcohols; Organooxygen compounds; Amino acids and derivatives; Carboxylic acid amides; Carboxylic acid derivatives; Diazines; Secondary carboxylic acid amides; Carbonyl compounds; Benzene and substituted derivatives; Benzenoids; Amines; Organic oxides; Azacyclic compounds; Heteroaromatic compounds; Hydrocarbon derivatives; Organopnictogen compounds; Organic oxygen compounds; Organic nitrogen compounds; Chemical entities"	437.194	406	6.768	836961249771064320	836961024599841280	836961024599841280	642	NA	642
2	"C24H32O7"	"[M - H2O + H]+"	"C24H31O6+"	"Shikimates and Phenylpropanoids"	0.895	"Lignans"	0.977	"Dibenzylbutane lignans"	0.49	"Lignans, neolignans and related compounds"	0.778	NA	NA	NA	NA	NA	NA	"Lignans, neolignans and related compounds"	0.778	"Organic compounds; Organoheterocyclic compounds; Alkyl aryl ethers; Alcohols and polyols; Anisoles; Ethers; Organooxygen compounds; Dialkyl ethers; Lignans, neolignans and related compounds; Secondary alcohols; Benzene and substituted derivatives; Phenol ethers; Benzenoids; Methoxybenzenes; Oxacyclic compounds; Hydrocarbon derivatives; Organic oxygen compounds; Phenoxy compounds; Chemical entities"	415.211	406	6.769	836961226576560000	836961024637590016	836961024637590016	643	NA	643
1	"C22H36ClN3O2"	"[M + Na]+"	"C22H36ClN3NaO2+"	"Amino acids and Peptides"	0.234	"Ornithine alkaloids"	0.151	"Polyamines"	0.018	"Organic acids and derivatives"	0.887	"Carboxylic acids and derivatives"	0.892	"Amino acids, peptides, and analogues"	0.77	"Amino acids and derivatives"	0.767	"Amino acids and derivatives"	0.767	"Organic compounds; Amino acids, peptides, and analogues; Halobenzenes; Alkyl aryl ethers; Ethers; Organic acids and derivatives; Carboxylic acids and derivatives; Organohalogen compounds; Organonitrogen compounds; Organooxygen compounds; Amino acids and derivatives; Carboxylic acid amides; Aryl chlorides; Carboxylic acid derivatives; Chlorobenzenes; Organochlorides; Secondary carboxylic acid amides; Benzene and substituted derivatives; Phenol ethers; Benzenoids; Amines; Primary amines; Tertiary amines; Aryl halides; Organic oxides; Hydrocarbon derivatives; Organopnictogen compounds; Organic oxygen compounds; Organic nitrogen compounds; Chemical entities"	432.238	406	6.769	836961273825400064	836961024461429120	836961024461429120	638	NA	638
2	"C21H28N2O7S"	"[M + H]+"	"C21H29N2O7S+"	"Amino acids and Peptides"	0.832	"β-lactams"	0.325	"Cyclamides"	0.031	"Benzenoids"	0.535	"Benzene and substituted derivatives"	0.522	NA	NA	NA	NA	"Benzene and substituted derivatives"	0.522	"Organic compounds; Organoheterocyclic compounds; Organosulfur compounds; Organic acids and derivatives; Carboxylic acids and derivatives; Organosulfonic acids and derivatives; Organonitrogen compounds; Organooxygen compounds; Carboxylic acid derivatives; Sulfonyls; Carbonyl compounds; Benzene and substituted derivatives; Benzenoids; Organic oxides; Azacyclic compounds; Hydrocarbon derivatives; Organic sulfonic acids and derivatives; Organopnictogen compounds; Organic oxygen compounds; Organic nitrogen compounds; Chemical entities"	453.167	406	6.77	836961281178015488	836961024490789248	836961024490789248	639	NA	639
1	"C18H28O"	"[M + H3N + H]+"	"C18H32NO+"	"Terpenoids"	0.931	"Diterpenoids"	0.759	"Farnesane sesquiterpenoids"	0.049	"Lipids and lipid-like molecules"	0.884	"Prenol lipids"	0.784	"Diterpenoids"	0.64	NA	NA	"Diterpenoids"	0.64	"Organic compounds; Lipids and lipid-like molecules; Aldehydes; Prenol lipids; Organooxygen compounds; Diterpenoids; Carbonyl compounds; Organic oxides; Hydrocarbon derivatives; Organic oxygen compounds; Chemical entities"	278.248	407	6.789	836961231626502784	836961024809556480	836961024805362176	648	NA	648
2	"C18H35NO3"	"[M + Na]+"	"C18H35NNaO3+"	"Fatty acids"	0.994	"Spingolipids"	0.78	"Sphingoid bases"	0.88	"Lipids and lipid-like molecules"	0.568	"Fatty Acyls"	0.526	NA	NA	NA	NA	"Fatty Acyls"	0.526	"Organic compounds; Lipids and lipid-like molecules; Alcohols and polyols; Organonitrogen compounds; Organooxygen compounds; Monoalkylamines; Secondary alcohols; Amines; Alkanolamines; Fatty Acyls; Hydrocarbon derivatives; Organopnictogen compounds; Organic oxygen compounds; Organic nitrogen compounds; Chemical entities"	336.251	408	6.795	836961225666395904	836961024704698880	836961024704698880	645	NA	645
4	"C16H24O"	"[M + H]+"	"C16H25O+"	"Terpenoids"	0.991	"Sesquiterpenoids"	0.938	"Caryophyllane sesquiterpenoids"	0.138	"Lipids and lipid-like molecules"	0.776	"Prenol lipids"	0.758	"Sesquiterpenoids"	0.535	NA	NA	"Sesquiterpenoids"	0.535	"Organic compounds; Lipids and lipid-like molecules; Ketones; Prenol lipids; Organooxygen compounds; Sesquiterpenoids; Carbonyl compounds; Organic oxides; Hydrocarbon derivatives; Organic oxygen compounds; Chemical entities"	233.19	408	6.795	836961228149424256	836961024738253312	836961024738253312	646	NA	646
1	"C18H32O3"	"[M + H3N + H]+"	"C18H36NO3+"	"Fatty acids"	0.997	"Octadecanoids"	0.609	"Other Octadecanoids"	0.787	"Lipids and lipid-like molecules"	0.973	"Fatty Acyls"	0.976	"Fatty acids and conjugates"	0.868	"Long-chain fatty acids"	0.824	"Long-chain fatty acids"	0.824	"Organic compounds; Lipids and lipid-like molecules; Alcohols and polyols; Fatty acids and conjugates; Organic acids and derivatives; Carboxylic acids and derivatives; Organooxygen compounds; Hydroxy fatty acids; Monocarboxylic acids and derivatives; Carboxylic acids; Secondary alcohols; Carbonyl compounds; Long-chain fatty acids; Fatty Acyls; Organic oxides; Hydrocarbon derivatives; Organic oxygen compounds; Chemical entities"	314.269	408	6.804	836961236714194048	836961024771807744	836961024771807744	647	NA	647
1	"C18H35NO3"	"[M - H2O + H]+"	"C18H34NO2+"	"Fatty acids"	0.947	"Spingolipids"	0.93	"Sphingoid bases"	0.974	"Organic nitrogen compounds"	1	"Organonitrogen compounds"	1	"Amines"	0.959	"Alkanolamines"	0.893	"1,2-aminoalcohols"	0.901	"Organic compounds; Alcohols and polyols; Organonitrogen compounds; Organooxygen compounds; Monoalkylamines; Secondary alcohols; 1,2-aminoalcohols; Amines; Primary amines; Alkanolamines; Hydrocarbon derivatives; Organopnictogen compounds; Organic oxygen compounds; Organic nitrogen compounds; Chemical entities"	296.258	409	6.811	836961225309880064	836961024838916608	836961024838916608	649	NA	649
1	"C15H35N3O5"	"[M - H2O + H]+"	"C15H34N3O4+"	"Fatty acids"	0.864	"Fatty amides"	0.522	"N-acyl amines"	0.613	"Lipids and lipid-like molecules"	0.675	"Fatty Acyls"	0.672	"Fatty amides"	0.465	"N-acyl amines"	0.62	"N-acyl amines"	0.62	"Organic compounds; Lipids and lipid-like molecules; Alcohols and polyols; Organic acids and derivatives; Carboxylic acids and derivatives; Organonitrogen compounds; Organooxygen compounds; Monoalkylamines; N-acyl amines; Amines; Primary amines; Fatty Acyls; Organic oxides; Hydrocarbon derivatives; Organopnictogen compounds; Organic oxygen compounds; Organic nitrogen compounds; Chemical entities"	320.256	409	6.814	836961239063004672	836961024872471040	836961024872471040	650	NA	650
1	"C18H30O"	"[M + H3N + H]+"	"C18H34NO+"	"Fatty acids"	0.994	"Fatty acyls"	0.985	"Fatty aldehydes"	0.574	"Lipids and lipid-like molecules"	0.586	"Fatty Acyls"	0.502	"Fatty aldehydes"	0.582	NA	NA	"Fatty aldehydes"	0.582	"Organic compounds; Lipids and lipid-like molecules; Ketones; Fatty aldehydes; Organooxygen compounds; Carbonyl compounds; Fatty Acyls; Organic oxides; Hydrocarbon derivatives; Organic oxygen compounds; Chemical entities"	280.263	409	6.818	836961231043494400	836961024910219776	836961024910219776	651	NA	651
1	"C16H28O2"	"[M + H3N + H]+"	"C16H32NO2+"	"Fatty acids"	0.993	"Fatty Acids and Conjugates"	0.693	"Unsaturated fatty acids"	0.719	"Lipids and lipid-like molecules"	0.854	"Fatty Acyls"	0.809	"Fatty acids and conjugates"	0.481	"Long-chain fatty acids"	0.576	"Long-chain fatty acids"	0.576	"Organic compounds; Lipids and lipid-like molecules; Organic acids and derivatives; Carboxylic acids and derivatives; Organooxygen compounds; Straight chain fatty acids; Unsaturated fatty acids; Monocarboxylic acids and derivatives; Carbonyl compounds; Long-chain fatty acids; Fatty Acyls; Organic oxides; Hydrocarbon derivatives; Organic oxygen compounds; Chemical entities"	270.243	412	6.867	836961248466635520	836961024943774208	836961024943774208	652	NA	652
1	"C18H30O2"	"[M + H3N + H]+"	"C18H34NO2+"	"Fatty acids"	0.991	"Fatty Acids and Conjugates"	0.931	"Unsaturated fatty acids"	0.795	"Lipids and lipid-like molecules"	0.959	"Fatty Acyls"	0.832	"Fatty acids and conjugates"	0.798	"Long-chain fatty acids"	0.77	"Long-chain fatty acids"	0.77	"Organic compounds; Lipids and lipid-like molecules; Fatty acids and conjugates; Organic acids and derivatives; Carboxylic acids and derivatives; Organooxygen compounds; Straight chain fatty acids; Unsaturated fatty acids; Monocarboxylic acids and derivatives; Carboxylic acids; Carbonyl compounds; Long-chain fatty acids; Fatty Acyls; Organic oxides; Hydrocarbon derivatives; Organic oxygen compounds; Chemical entities"	296.258	412	6.871	836961229822951680	836961025149295104	836961025149295104	658	NA	658
1	"C16H31NO2"	"[M + H]+"	"C16H32NO2+"	"Fatty acids"	0.566	"Fatty amides"	0.372	"Open-chain polyketides"	0.288	"Lipids and lipid-like molecules"	0.538	NA	NA	NA	NA	NA	NA	"Lipids and lipid-like molecules"	0.538	"Organic compounds; Lipids and lipid-like molecules; Organic acids and derivatives; Carboxylic acids and derivatives; Organonitrogen compounds; Organooxygen compounds; Carboxylic acid derivatives; Carbonyl compounds; Organic oxides; Hydrocarbon derivatives; Organopnictogen compounds; Organic oxygen compounds; Organic nitrogen compounds; Chemical entities"	270.243	412	6.871	836961226161323904	836961025279318528	836961025279318528	662	NA	662
2	"C16H26O"	"[M + H3N + H]+"	"C16H30NO+"	"Terpenoids"	0.993	"Sesquiterpenoids"	0.934	"Caryophyllane sesquiterpenoids"	0.11	"Lipids and lipid-like molecules"	0.833	"Prenol lipids"	0.795	"Sesquiterpenoids"	0.587	NA	NA	"Sesquiterpenoids"	0.587	"Organic compounds; Lipids and lipid-like molecules; Ketones; Prenol lipids; Organooxygen compounds; Sesquiterpenoids; Carbonyl compounds; Organic oxides; Hydrocarbon derivatives; Organic oxygen compounds; Chemical entities"	252.232	412	6.872	836961224538127872	836961024977328640	836961024977328640	653	NA	653
1	"C18H28O2"	"[M + H3N + H]+"	"C18H32NO2+"	"Terpenoids"	0.918	"Steroids"	0.954	"Estrane steroids"	0.757	"Lipids and lipid-like molecules"	0.944	"Steroids and steroid derivatives"	0.901	"Estrane steroids"	0.514	"Estrogens and derivatives"	0.565	"Estrogens and derivatives"	0.565	"Organic compounds; Lipids and lipid-like molecules; Ketones; Steroids and steroid derivatives; Organooxygen compounds; Oxosteroids; Estrane steroids; Carbonyl compounds; 3-oxosteroids; Cyclic ketones; Estrogens and derivatives; Organic oxides; Hydrocarbon derivatives; Organic oxygen compounds; Chemical entities"	294.243	413	6.883	836961236173128832	836961025077991936	836961025077991936	656	NA	656
1	"C22H33ClN2O2"	"[M + Na]+"	"C22H33ClN2NaO2+"	"Fatty acids"	0.472	"Oligopeptides"	0.203	"Open-chain polyketides"	0.107	"Lipids and lipid-like molecules"	0.831	"Fatty Acyls"	0.858	"Fatty amides"	0.918	"N-acyl amines"	0.897	"N-acyl amines"	0.897	"Organic compounds; Lipids and lipid-like molecules; Halobenzenes; Ethers; Organic acids and derivatives; Carboxylic acids and derivatives; Organohalogen compounds; Organonitrogen compounds; Organooxygen compounds; Fatty amides; Carboxylic acid amides; Carboxylic acid derivatives; N-acyl amines; Chlorobenzenes; Organochlorides; Secondary carboxylic acid amides; Carbonyl compounds; Benzene and substituted derivatives; Benzenoids; Amines; Fatty Acyls; Organic oxides; Hydrocarbon derivatives; Organopnictogen compounds; Organic oxygen compounds; Organic nitrogen compounds; Chemical entities"	415.211	413	6.883	836961250840611968	836961025182849536	836961025182849536	659	NA	659
1	"C19H41NO2"	"[M + H]+"	"C19H42NO2+"	"Fatty acids"	0.896	"Spingolipids"	0.41	"Sphingoid bases"	0.725	"Organic nitrogen compounds"	1	"Organonitrogen compounds"	0.999	"Amines"	0.629	NA	NA	"Amines"	0.629	"Organic compounds; Organonitrogen compounds; Organooxygen compounds; Amines; Hydrocarbon derivatives; Organopnictogen compounds; Organic oxygen compounds; Organic nitrogen compounds; Chemical entities"	316.321	415	6.909	836961233304224512	836961025212209664	836961025212209664	660	NA	660
1	"C18H26O2"	"[M + H3N + H]+"	"C18H30NO2+"	"Terpenoids"	0.709	"Meroterpenoids"	0.35	"Cannabinoids"	0.613	"Benzenoids"	0.759	"Phenols"	0.624	NA	NA	NA	NA	"Phenols"	0.624	"Organic compounds; Phenols; Organooxygen compounds; Carbonyl compounds; Benzene and substituted derivatives; Benzenoids; Organic oxides; Hydrocarbon derivatives; Organic oxygen compounds; Chemical entities"	292.225	415	6.911	836961236110214144	836961025317067264	836961025317067264	663	NA	663
3	"C18H28O3"	"[M + H3N + H]+"	"C18H32NO3+"	"Fatty acids"	0.928	"Fatty acyls"	0.589	"Fatty alcohols"	0.661	"Lipids and lipid-like molecules"	0.681	"Fatty Acyls"	0.668	"Fatty alcohols"	0.738	NA	NA	"Fatty alcohols"	0.738	"Organic compounds; Lipids and lipid-like molecules; Ketones; Alcohols and polyols; Organooxygen compounds; Fatty alcohols; Secondary alcohols; Carbonyl compounds; Fatty Acyls; Organic oxides; Hydrocarbon derivatives; Organic oxygen compounds; Chemical entities"	310.237	416	6.937	836961230959608192	836961025245764096	836961025245764096	661	NA	661
1	"C21H42NO7P"	"[M + H]+"	"C21H43NO7P+"	"Fatty acids"	1	"Glycerophospholipids"	1	"Glycerophosphoethanolamines"	0.998	"Organic acids and derivatives"	0.999	"Carboxylic acids and derivatives"	0.998	"Amino acids, peptides, and analogues"	0.984	"Amino acids and derivatives"	0.984	"Amino acids and derivatives"	0.984	"Organic compounds; Lipids and lipid-like molecules; Amino acids, peptides, and analogues; Alcohols and polyols; Glycerophospholipids; Organic acids and derivatives; Carboxylic acids and derivatives; Organonitrogen compounds; Organooxygen compounds; Fatty acid esters; Amino acids and derivatives; Organic phosphoric acids and derivatives; Phosphate esters; Monoalkylamines; Carboxylic acid derivatives; Monocarboxylic acids and derivatives; Carboxylic acid esters; Phosphoethanolamines; Lysophosphatidylethanolamines; Secondary alcohols; 1-acyl-sn-glycero-3-phosphoethanolamines; Carbonyl compounds; Glycerophosphoethanolamines; Amines; Primary amines; Alkyl phosphates; Dialkyl phosphates; Fatty Acyls; Organic oxides; Hydrocarbon derivatives; Organopnictogen compounds; Organic oxygen compounds; Organic nitrogen compounds; Chemical entities"	452.277	417	6.95	836961230326268288	836961025354816000	836961025354816000	664	NA	664
2	"C9H6O2"	"[M + H]+"	"C9H7O2+"	"Shikimates and Phenylpropanoids"	0.775	"Coumarins"	0.851	"Simple coumarins"	0.516	"Organoheterocyclic compounds"	0.925	"Benzopyrans"	0.777	"1-benzopyrans"	0.719	NA	NA	"1-benzopyrans"	0.719	"Organic compounds; Organoheterocyclic compounds; Pyrans; Benzopyrans; Organooxygen compounds; Pyranones and derivatives; Benzenoids; 1-benzopyrans; Organic oxides; Oxacyclic compounds; Heteroaromatic compounds; Hydrocarbon derivatives; Organic oxygen compounds; Chemical entities"	147.044	417	6.954	836961227016962048	836961025388370432	836961025388370432	665	NA	665
2	"C13H16O3"	"[M + H]+"	"C13H17O3+"	"Shikimates and Phenylpropanoids"	0.777	"Phenylpropanoids (C6-C3)"	0.827	"Cinnamic acids and derivatives"	0.858	"Phenylpropanoids and polyketides"	0.68	"Cinnamic acids and derivatives"	0.767	"Hydroxycinnamic acids and derivatives"	0.717	"Coumaric acids and derivatives"	0.738	"Coumaric acids"	0.62	"Organic compounds; Styrenes; Coumaric acids and derivatives; Phenols; Phenylpropanoids and polyketides; Organic acids and derivatives; Carboxylic acids and derivatives; Organooxygen compounds; Cinnamic acids and derivatives; Monocarboxylic acids and derivatives; Carboxylic acids; Hydroxycinnamic acids and derivatives; Carbonyl compounds; Benzene and substituted derivatives; Benzenoids; Cinnamic acids; Coumaric acids; Organic oxides; Hydrocarbon derivatives; Organic oxygen compounds; Phenoxy compounds; Chemical entities"	221.117	417	6.954	836961247048960512	836961025421924864	836961025421924864	666	NA	666
1	"C18H30O2"	"[M + H3N + H]+"	"C18H34NO2+"	"Fatty acids"	1	"Fatty Acids and Conjugates"	0.913	"Unsaturated fatty acids"	0.882	"Lipids and lipid-like molecules"	0.987	"Fatty Acyls"	0.975	"Lineolic acids and derivatives"	0.659	NA	NA	"Lineolic acids and derivatives"	0.659	"Organic compounds; Lipids and lipid-like molecules; Fatty acids and conjugates; Organic acids and derivatives; Carboxylic acids and derivatives; Organooxygen compounds; Straight chain fatty acids; Unsaturated fatty acids; Lineolic acids and derivatives; Monocarboxylic acids and derivatives; Carboxylic acids; Carbonyl compounds; Long-chain fatty acids; Fatty Acyls; Organic oxides; Hydrocarbon derivatives; Organic oxygen compounds; Chemical entities"	296.258	419	6.976	836961230099775872	836961025493228032	836961025493228032	668	NA	668
1	"C20H39NO2"	"[M + H3N + H]+"	"C20H43N2O2+"	"Fatty acids"	0.999	"Fatty amides"	0.994	"N-acyl ethanolamines (endocannabinoids)"	0.699	"Lipids and lipid-like molecules"	0.89	"Fatty Acyls"	0.903	"Fatty amides"	0.893	"N-acyl amines"	0.816	"N-acyl amines"	0.816	"Organic compounds; Lipids and lipid-like molecules; Alcohols and polyols; Organic acids and derivatives; Carboxylic acids and derivatives; Organonitrogen compounds; Organooxygen compounds; Fatty amides; Carboxylic acid amides; Carboxylic acid derivatives; N-acyl amines; Secondary carboxylic acid amides; Carbonyl compounds; Fatty Acyls; Organic oxides; Hydrocarbon derivatives; Organopnictogen compounds; Organic oxygen compounds; Organic nitrogen compounds; Chemical entities"	343.332	419	6.986	836961236781302912	836961025535171072	836961025535171072	669	NA	669
1	"C18H30O"	"[M + H]+"	"C18H31O+"	"Fatty acids"	0.991	"Fatty acyls"	0.978	"Fatty aldehydes"	0.482	"Lipids and lipid-like molecules"	0.602	NA	NA	NA	NA	NA	NA	"Lipids and lipid-like molecules"	0.602	"Organic compounds; Lipids and lipid-like molecules; Organooxygen compounds; Carbonyl compounds; Organic oxides; Hydrocarbon derivatives; Organic oxygen compounds; Chemical entities"	263.237	419	6.987	836961226668834816	836961025568725504	836961025568725504	670	NA	670
1	"C18H30O"	"[M + H3N + H]+"	"C18H34NO+"	"Fatty acids"	0.988	"Fatty acyls"	0.978	"Fatty alcohols"	0.531	"Lipids and lipid-like molecules"	0.605	NA	NA	NA	NA	NA	NA	"Lipids and lipid-like molecules"	0.605	"Organic compounds; Lipids and lipid-like molecules; Ketones; Organooxygen compounds; Carbonyl compounds; Organic oxides; Hydrocarbon derivatives; Organic oxygen compounds; Chemical entities"	280.264	419	6.987	836961248009456384	836961025606474240	836961025606474240	671	NA	671
1	"C12H22O2"	"[M - H2O + H]+"	"C12H21O+"	"Fatty acids"	1	"Fatty Acids and Conjugates"	0.987	"Unsaturated fatty acids"	0.978	"Lipids and lipid-like molecules"	0.926	"Fatty Acyls"	0.952	"Fatty acids and conjugates"	0.961	"Long-chain fatty acids"	0.531	"Long-chain fatty acids"	0.531	"Organic compounds; Lipids and lipid-like molecules; Fatty acids and conjugates; Organic acids and derivatives; Carboxylic acids and derivatives; Organooxygen compounds; Straight chain fatty acids; Unsaturated fatty acids; Monocarboxylic acids and derivatives; Carboxylic acids; Carbonyl compounds; Long-chain fatty acids; Fatty Acyls; Organic oxides; Hydrocarbon derivatives; Organic oxygen compounds; Chemical entities"	181.159	419	6.987	836961243907426560	836961025644222976	836961025644222976	672	NA	672
1	"C12H28BNO3"	"[M + H]+"	"C12H29BNO3+"	"Terpenoids"	0.633	"Monoterpenoids"	0.837	"Pinane monoterpenoids"	0.714	"Organic acids and derivatives"	0.818	"Borinic acid derivatives"	0.519	"Borinic acid esters"	0.582	NA	NA	"Borinic acid esters"	0.582	"Organic compounds; Organic acids and derivatives; Organooxygen compounds; Organometallic compounds; Organometalloid compounds; Organoboron compounds; Borinic acid derivatives; Borinic acid esters; Organic salts; Organic metalloid salts; Organic metal salts; Hydrocarbon derivatives; Organic oxygen compounds; Chemical entities"	245.226	419	6.988	836961233174201088	836961025711331968	836961025711331968	674	NA	674
3	"C12H25ClN4O2"	"[M + H]+"	"C12H26ClN4O2+"	"Amino acids and Peptides"	0.372	"Small peptides"	0.328	"Imidazole alkaloids"	0.224	"Organohalogen compounds"	0.988	"Aryl halides"	0.585	"Aryl chlorides"	0.764	NA	NA	"Aryl chlorides"	0.764	"Organic compounds; Organoheterocyclic compounds; Organohalogen compounds; Organonitrogen compounds; Organooxygen compounds; Guanidines; Aryl chlorides; Organochlorides; Carbonyl compounds; Aryl halides; Organic oxides; Azacyclic compounds; Hydrocarbon derivatives; Organopnictogen compounds; Organic oxygen compounds; Organic nitrogen compounds; Chemical entities"	293.175	421	7.019	836961239268525696	836961025778440832	836961025778440832	676	NA	676
2	"C13H16O"	"[M + H]+"	"C13H17O+"	"Terpenoids"	0.908	"Sesquiterpenoids"	0.925	"Bisabolane sesquiterpenoids"	0.41	"Benzenoids"	0.986	"Benzene and substituted derivatives"	0.762	"Phenylpropanes"	0.538	NA	NA	"Phenylpropanes"	0.538	"Organic compounds; Ketones; Organooxygen compounds; Carbonyl compounds; Benzene and substituted derivatives; Benzenoids; Phenylpropanes; Organic oxides; Hydrocarbon derivatives; Organic oxygen compounds; Chemical entities"	189.127	423	7.053	836961228258476160	836961025849744000	836961025849744000	678	NA	678
1	"C18H28O2"	"[M + H3N + H]+"	"C18H32NO2+"	"Fatty acids"	0.989	"Fatty Acids and Conjugates"	0.63	"Unsaturated fatty acids"	0.615	"Lipids and lipid-like molecules"	0.963	"Fatty Acyls"	0.935	"Lineolic acids and derivatives"	0.624	NA	NA	"Lineolic acids and derivatives"	0.624	"Organic compounds; Lipids and lipid-like molecules; Fatty acids and conjugates; Organic acids and derivatives; Carboxylic acids and derivatives; Organooxygen compounds; Straight chain fatty acids; Unsaturated fatty acids; Lineolic acids and derivatives; Monocarboxylic acids and derivatives; Carboxylic acids; Carbonyl compounds; Long-chain fatty acids; Fatty Acyls; Organic oxides; Hydrocarbon derivatives; Organic oxygen compounds; Chemical entities"	294.243	424	7.065	836961255215271552	836961025883298432	836961025883298432	679	NA	679
2	"C15H29N3O4"	"[M + H]+"	"C15H30N3O4+"	"Amino acids and Peptides"	0.761	"Small peptides"	0.618	"Dipeptides"	0.392	"Organic acids and derivatives"	0.998	"Carboxylic acids and derivatives"	0.994	"Amino acids, peptides, and analogues"	0.722	"Amino acids and derivatives"	0.712	"N-acyl-alpha amino acids and derivatives"	0.644	"Organic compounds; Lipids and lipid-like molecules; Amino acids, peptides, and analogues; Alpha amino acids and derivatives; Fatty acids and conjugates; Organic acids and derivatives; Carboxylic acids and derivatives; Organonitrogen compounds; Organooxygen compounds; Fatty amides; Amino acids and derivatives; Carboxylic acid amides; Carboxylic acid derivatives; N-acyl amines; Monocarboxylic acids and derivatives; N-acyl-alpha amino acids and derivatives; Carboxylic acids; Secondary carboxylic acid amides; Carbonyl compounds; Fatty Acyls; Organic oxides; Hydrocarbon derivatives; Organopnictogen compounds; Organic oxygen compounds; Organic nitrogen compounds; Chemical entities"	316.225	424	7.072	836961239356606080	836961025916852864	836961025916852864	680	NA	680
1	"C18H35NO"	"[M + H3N + H]+"	"C18H39N2O+"	"Fatty acids"	0.552	"Fatty amides"	0.552	"Primary amides"	0.341	"Lipids and lipid-like molecules"	0.556	NA	NA	NA	NA	NA	NA	"Lipids and lipid-like molecules"	0.556	"Organic compounds; Lipids and lipid-like molecules; Organic acids and derivatives; Carboxylic acids and derivatives; Organonitrogen compounds; Organooxygen compounds; Carboxylic acid amides; Carboxylic acid derivatives; Carbonyl compounds; Organic oxides; Hydrocarbon derivatives; Organopnictogen compounds; Organic oxygen compounds; Organic nitrogen compounds; Chemical entities"	299.306	424	7.073	836961233551688448	836961025950407296	836961025950407296	681	NA	681
1	"C12H22O"	"[M + H3N + H]+"	"C12H26NO+"	"Fatty acids"	0.989	"Fatty acyls"	0.982	"Fatty alcohols"	0.895	"Lipids and lipid-like molecules"	0.312	"Fatty Acyls"	0.357	"Fatty alcohols"	0.564	NA	NA	"Fatty alcohols"	0.564	"Organic compounds; Ketones; Organooxygen compounds; Fatty alcohols; Carbonyl compounds; Organic oxides; Hydrocarbon derivatives; Organic oxygen compounds; Chemical entities"	200.201	426	7.1	836961231148352000	836961025988156032	836961025988156032	682	NA	682
1	"C18H30O"	"[M + H3N + H]+"	"C18H34NO+"	"Fatty acids"	0.898	"Fatty acyls"	0.89	"Fatty alcohols"	0.291	"Lipids and lipid-like molecules"	0.728	NA	NA	NA	NA	NA	NA	"Lipids and lipid-like molecules"	0.728	"Organic compounds; Lipids and lipid-like molecules; Ketones; Organooxygen compounds; Carbonyl compounds; Organic oxides; Hydrocarbon derivatives; Organic oxygen compounds; Chemical entities"	280.264	428	7.132	836961229307052288	836961026126568064	836961026126568064	686	NA	686
1	"C20H39NO2"	"[M + H3N + H]+"	"C20H43N2O2+"	"Fatty acids"	1	"Fatty amides"	0.999	"Primary amides"	0.946	"Lipids and lipid-like molecules"	0.893	"Fatty Acyls"	0.924	"Fatty amides"	0.876	NA	NA	"Fatty amides"	0.876	"Organic compounds; Lipids and lipid-like molecules; Alcohols and polyols; Organic acids and derivatives; Carboxylic acids and derivatives; Organonitrogen compounds; Organooxygen compounds; Fatty amides; Carboxylic acid amides; Carboxylic acid derivatives; Primary carboxylic acid amides; Carbonyl compounds; Fatty Acyls; Organic oxides; Hydrocarbon derivatives; Organopnictogen compounds; Organic oxygen compounds; Organic nitrogen compounds; Chemical entities"	343.332	428	7.14	836961235648840704	836961026088819328	836961026088819328	685	NA	685
1	"C18H30O"	"[M + H]+"	"C18H31O+"	"Fatty acids"	0.995	"Fatty acyls"	0.985	"Fatty aldehydes"	0.547	"Lipids and lipid-like molecules"	0.574	NA	NA	NA	NA	NA	NA	"Lipids and lipid-like molecules"	0.574	"Organic compounds; Lipids and lipid-like molecules; Organooxygen compounds; Carbonyl compounds; Organic oxides; Hydrocarbon derivatives; Organic oxygen compounds; Chemical entities"	263.237	429	7.147	836961233031594752	836961026055264896	836961026055264896	684	NA	684
1	"C20H39NO"	"[M + H3N + H]+"	"C20H43N2O+"	"Fatty acids"	1	"Fatty amides"	0.999	"Primary amides"	0.859	"Lipids and lipid-like molecules"	0.987	"Fatty Acyls"	0.986	"Fatty amides"	0.987	"N-acyl amines"	0.941	"N-acyl amines"	0.941	"Organic compounds; Lipids and lipid-like molecules; Organic acids and derivatives; Carboxylic acids and derivatives; Organonitrogen compounds; Organooxygen compounds; Fatty amides; Carboxylic acid amides; Carboxylic acid derivatives; N-acyl amines; Secondary carboxylic acid amides; Carbonyl compounds; Fatty Acyls; Organic oxides; Hydrocarbon derivatives; Organopnictogen compounds; Organic oxygen compounds; Organic nitrogen compounds; Chemical entities"	327.337	429	7.156	836961231114797568	836961026197871232	836961026197871232	688	NA	688
1	"C18H30O2"	"[M + H3N + H]+"	"C18H34NO2+"	"Fatty acids"	1	"Fatty Acids and Conjugates"	0.979	"Unsaturated fatty acids"	0.977	"Lipids and lipid-like molecules"	0.987	"Fatty Acyls"	0.983	"Lineolic acids and derivatives"	0.59	NA	NA	"Lineolic acids and derivatives"	0.59	"Organic compounds; Lipids and lipid-like molecules; Fatty acids and conjugates; Organic acids and derivatives; Carboxylic acids and derivatives; Organooxygen compounds; Straight chain fatty acids; Unsaturated fatty acids; Lineolic acids and derivatives; Monocarboxylic acids and derivatives; Carboxylic acids; Carbonyl compounds; Long-chain fatty acids; Fatty Acyls; Organic oxides; Hydrocarbon derivatives; Organic oxygen compounds; Chemical entities"	296.258	431	7.184	836961240287741696	836961026264980096	836961026264980096	690	NA	690
2	"C21H42N2O3"	"[M + H]+"	"C21H43N2O3+"	"Fatty acids"	1	"Fatty amides"	0.999	"N-acyl amines"	0.997	"Organic acids and derivatives"	1	"Carboxylic acids and derivatives"	1	"Amino acids, peptides, and analogues"	0.964	"Amino acids and derivatives"	0.965	"N-acyl-alpha amino acids"	0.599	"Organic compounds; Lipids and lipid-like molecules; Amino acids, peptides, and analogues; Alpha amino acids and derivatives; Fatty acids and conjugates; Organic acids and derivatives; Carboxylic acids and derivatives; Organonitrogen compounds; Organooxygen compounds; Fatty amides; Amino acids and derivatives; Monoalkylamines; Carboxylic acid amides; Carboxylic acid derivatives; N-acyl amines; Monocarboxylic acids and derivatives; N-acyl-alpha amino acids and derivatives; Carboxylic acids; Secondary carboxylic acid amides; Carbonyl compounds; N-acyl-alpha amino acids; Amines; Primary amines; Fatty Acyls; Organic oxides; Hydrocarbon derivatives; Organopnictogen compounds; Organic oxygen compounds; Organic nitrogen compounds; Chemical entities"	371.327	431	7.189	836961239037838848	836961026336283264	836961026336283264	692	NA	692
1	"C18H28O2"	"[M + H3N + H]+"	"C18H32NO2+"	"Fatty acids"	0.997	"Fatty Acids and Conjugates"	0.821	"Unsaturated fatty acids"	0.806	"Lipids and lipid-like molecules"	0.974	"Fatty Acyls"	0.943	"Lineolic acids and derivatives"	0.669	NA	NA	"Lineolic acids and derivatives"	0.669	"Organic compounds; Lipids and lipid-like molecules; Fatty acids and conjugates; Organic acids and derivatives; Carboxylic acids and derivatives; Organooxygen compounds; Straight chain fatty acids; Unsaturated fatty acids; Lineolic acids and derivatives; Monocarboxylic acids and derivatives; Carboxylic acids; Carbonyl compounds; Long-chain fatty acids; Fatty Acyls; Organic oxides; Hydrocarbon derivatives; Organic oxygen compounds; Chemical entities"	294.243	432	7.195	836961234805785472	836961026407586432	836961026407586432	694	NA	694
1	"C20H39NO2"	"[M + H3N + H]+"	"C20H43N2O2+"	"Fatty acids"	1	"Fatty amides"	0.999	"N-acyl ethanolamines (endocannabinoids)"	0.96	"Lipids and lipid-like molecules"	0.921	"Fatty Acyls"	0.932	"Fatty amides"	0.911	"N-acyl amines"	0.876	"N-acyl amines"	0.876	"Organic compounds; Lipids and lipid-like molecules; Alcohols and polyols; Organic acids and derivatives; Carboxylic acids and derivatives; Organonitrogen compounds; Primary alcohols; Organooxygen compounds; Fatty amides; Carboxylic acid amides; Carboxylic acid derivatives; N-acyl amines; Secondary carboxylic acid amides; Carbonyl compounds; Fatty Acyls; Organic oxides; Hydrocarbon derivatives; Organopnictogen compounds; Organic oxygen compounds; Organic nitrogen compounds; Chemical entities"	343.332	433	7.221	836961235128746880	836961026445335168	836961026441140864	695	NA	695
1	"C18H30O"	"[M + H3N + H]+"	"C18H34NO+"	"Fatty acids"	0.968	"Fatty acyls"	0.95	"Fatty alcohols"	0.456	"Lipids and lipid-like molecules"	0.669	NA	NA	NA	NA	NA	NA	"Lipids and lipid-like molecules"	0.669	"Organic compounds; Lipids and lipid-like molecules; Ketones; Organooxygen compounds; Carbonyl compounds; Organic oxides; Hydrocarbon derivatives; Organic oxygen compounds; Chemical entities"	280.264	433	7.222	836961242049349632	836961026478889600	836961026478889600	696	NA	696
1	"C18H30O"	"[M + H]+"	"C18H31O+"	"Fatty acids"	0.991	"Fatty acyls"	0.983	"Fatty aldehydes"	0.544	"Lipids and lipid-like molecules"	0.596	NA	NA	NA	NA	NA	NA	"Lipids and lipid-like molecules"	0.596	"Organic compounds; Lipids and lipid-like molecules; Ketones; Organooxygen compounds; Carbonyl compounds; Organic oxides; Hydrocarbon derivatives; Organic oxygen compounds; Chemical entities"	263.237	433	7.224	836961238534522240	836961026516638336	836961026516638336	697	NA	697
1	"C20H43NO2"	"[M + H]+"	"C20H44NO2+"	"Fatty acids"	0.849	"Spingolipids"	0.418	"Sphingoid bases"	0.858	"Organic nitrogen compounds"	1	"Organonitrogen compounds"	1	"Amines"	1	"Alkanolamines"	0.992	"1,2-aminoalcohols"	0.992	"Organic compounds; Alcohols and polyols; Organonitrogen compounds; Primary alcohols; Organooxygen compounds; 1,2-aminoalcohols; Trialkylamines; Amines; Tertiary amines; Alkanolamines; Hydrocarbon derivatives; Organopnictogen compounds; Organic oxygen compounds; Organic nitrogen compounds; Chemical entities"	330.337	436	7.271	836961235724338176	836961026621495936	836961026621495936	700	NA	700
3	"C7H11NO2S"	"[M + H3N + H]+"	"C7H15N2O2S+"	"Amino acids and Peptides"	0.719	"Small peptides"	0.452	"Aminoacids"	0.535	"Lipids and lipid-like molecules"	0.445	"Fatty Acyls"	0.433	"Fatty acids and conjugates"	0.501	NA	NA	"Fatty acids and conjugates"	0.501	"Organic compounds; Organosulfur compounds; Fatty acids and conjugates; Organic acids and derivatives; Carboxylic acids and derivatives; Organonitrogen compounds; Organooxygen compounds; Monocarboxylic acids and derivatives; Carboxylic acids; Carbonyl compounds; Sulfenyl compounds; Organic oxides; Hydrocarbon derivatives; Organopnictogen compounds; Organic oxygen compounds; Organic nitrogen compounds; Chemical entities"	191.086	438	7.295	836961328800145664	836961026785073920	836961026785073920	705	NA	705
2	"C22H44O3"	"[M + H3N + H]+"	"C22H48NO3+"	"Fatty acids"	0.986	"Fatty acyls"	0.555	"Fatty alcohols"	0.847	"Lipids and lipid-like molecules"	0.972	"Fatty Acyls"	0.953	"Fatty alcohols"	0.732	"Long-chain fatty alcohols"	0.63	"Long-chain fatty alcohols"	0.63	"Organic compounds; Lipids and lipid-like molecules; Alcohols and polyols; Organic acids and derivatives; Carboxylic acids and derivatives; Primary alcohols; Organooxygen compounds; Fatty acid esters; Carboxylic acid derivatives; Monocarboxylic acids and derivatives; Carboxylic acid esters; Fatty alcohols; Secondary alcohols; Carbonyl compounds; Long-chain fatty alcohols; Fatty Acyls; Organic oxides; Hydrocarbon derivatives; Organic oxygen compounds; Chemical entities"	374.363	438	7.296	836961248462441216	836961026818628352	836961026818628352	706	NA	706
2	"C18H36O"	"[M + H3N + H]+"	"C18H40NO+"	"Terpenoids"	0.972	"Diterpenoids"	0.704	"Norlabdane diterpenoids"	0.096	"Lipids and lipid-like molecules"	0.89	"Prenol lipids"	0.63	NA	NA	NA	NA	"Prenol lipids"	0.63	"Organic compounds; Lipids and lipid-like molecules; Alcohols and polyols; Prenol lipids; Organooxygen compounds; Hydrocarbon derivatives; Organic oxygen compounds; Chemical entities"	286.31	438	7.308	836961239272720000	836961026881542912	836961026881542912	708	NA	708
2	"C18H30O2"	"[M + H3N + H]+"	"C18H34NO2+"	"Fatty acids"	0.64	"Fatty acyls"	0.288	"Fatty alcohols"	0.308	"Lipids and lipid-like molecules"	0.779	"Fatty Acyls"	0.559	NA	NA	NA	NA	"Fatty Acyls"	0.559	"Organic compounds; Lipids and lipid-like molecules; Alcohols and polyols; Organooxygen compounds; Carbonyl compounds; Fatty Acyls; Organic oxides; Hydrocarbon derivatives; Organic oxygen compounds; Chemical entities"	296.258	439	7.313	836961237137818880	836961026688604800	836961026688604800	702	NA	702
3	"C15H28N2O4"	"[M + H3N + H]+"	"C15H32N3O4+"	"Amino acids and Peptides"	0.525	"Small peptides"	0.18	"Dipeptides"	0.088	"Organic acids and derivatives"	0.996	"Carboxylic acids and derivatives"	0.991	"Amino acids, peptides, and analogues"	0.556	"Amino acids and derivatives"	0.548	"Amino acids and derivatives"	0.548	"Organic compounds; Lipids and lipid-like molecules; Amino acids, peptides, and analogues; Alcohols and polyols; Organic acids and derivatives; Carboxylic acids and derivatives; Organonitrogen compounds; Organooxygen compounds; Fatty amides; Amino acids and derivatives; Carboxylic acid amides; Carboxylic acid derivatives; N-acyl amines; Secondary carboxylic acid amides; Carbonyl compounds; Fatty Acyls; Organic oxides; Hydrocarbon derivatives; Organopnictogen compounds; Organic oxygen compounds; Organic nitrogen compounds; Chemical entities"	318.24	439	7.314	836961247338367616	836961026755713664	836961026751519360	704	NA	704
1	"C20H37NO2"	"[M + H3N + H]+"	"C20H41N2O2+"	"Fatty acids"	0.994	"Fatty amides"	0.906	"N-acyl ethanolamines (endocannabinoids)"	0.729	"Lipids and lipid-like molecules"	0.766	"Fatty Acyls"	0.786	"Fatty amides"	0.686	"N-acyl amines"	0.539	"N-acyl amines"	0.539	"Organic compounds; Lipids and lipid-like molecules; Organic acids and derivatives; Carboxylic acids and derivatives; Organonitrogen compounds; Organooxygen compounds; Fatty amides; Carboxylic acid amides; Carboxylic acid derivatives; N-acyl amines; Carbonyl compounds; Fatty Acyls; Organic oxides; Hydrocarbon derivatives; Organopnictogen compounds; Organic oxygen compounds; Organic nitrogen compounds; Chemical entities"	341.316	440	7.329	836961329643200896	836961026722159232	836961026722159232	703	NA	703
1	"C18H30O2"	"[M + H]+"	"C18H31O2+"	"Fatty acids"	0.999	"Fatty Acids and Conjugates"	0.889	"Unsaturated fatty acids"	0.913	"Lipids and lipid-like molecules"	0.983	"Fatty Acyls"	0.972	"Lineolic acids and derivatives"	0.621	NA	NA	"Lineolic acids and derivatives"	0.621	"Organic compounds; Lipids and lipid-like molecules; Fatty acids and conjugates; Organic acids and derivatives; Carboxylic acids and derivatives; Organooxygen compounds; Straight chain fatty acids; Unsaturated fatty acids; Lineolic acids and derivatives; Monocarboxylic acids and derivatives; Carboxylic acids; Carbonyl compounds; Long-chain fatty acids; Fatty Acyls; Organic oxides; Hydrocarbon derivatives; Organic oxygen compounds; Chemical entities"	279.232	440	7.338	836961234445075200	836961026952846080	836961026952846080	710	NA	710
1	"C20H37NO2"	"[M + H3N + H]+"	"C20H41N2O2+"	"Fatty acids"	1	"Fatty amides"	0.998	"N-acyl ethanolamines (endocannabinoids)"	0.937	"Lipids and lipid-like molecules"	0.968	"Fatty Acyls"	0.968	"Fatty amides"	0.963	"N-acyl amines"	0.968	"N-acyl amines"	0.968	"Organic compounds; Lipids and lipid-like molecules; Organic acids and derivatives; Carboxylic acids and derivatives; Organonitrogen compounds; Organooxygen compounds; Fatty amides; Carboxylic acid amides; Carboxylic acid derivatives; N-acyl amines; Tertiary carboxylic acid amides; Carbonyl compounds; Fatty Acyls; Organic oxides; Hydrocarbon derivatives; Organopnictogen compounds; Organic oxygen compounds; Organic nitrogen compounds; Chemical entities"	341.316	440	7.339	836961240262575872	836961027066092288	836961027061897984	713	NA	713
1	"C18H30O2"	"[M + H3N + H]+"	"C18H34NO2+"	"Fatty acids"	0.999	"Fatty Acids and Conjugates"	0.859	"Unsaturated fatty acids"	0.874	"Lipids and lipid-like molecules"	0.975	"Fatty Acyls"	0.967	"Lineolic acids and derivatives"	0.539	NA	NA	"Lineolic acids and derivatives"	0.539	"Organic compounds; Lipids and lipid-like molecules; Fatty acids and conjugates; Organic acids and derivatives; Carboxylic acids and derivatives; Organooxygen compounds; Straight chain fatty acids; Unsaturated fatty acids; Lineolic acids and derivatives; Monocarboxylic acids and derivatives; Carboxylic acids; Carbonyl compounds; Long-chain fatty acids; Fatty Acyls; Organic oxides; Hydrocarbon derivatives; Organic oxygen compounds; Chemical entities"	296.258	440	7.339	836961259233415168	836961026990594816	836961026990594816	711	NA	711
2	"C18H33NO2"	"[M + K]+"	"C18H33KNO2+"	"Fatty acids"	0.647	"Pseudoalkaloids (transamidation)"	0.429	"Phenylalanine-derived alkaloids"	0.327	"Benzenoids"	0.579	"Benzene and substituted derivatives"	0.619	NA	NA	NA	NA	"Benzene and substituted derivatives"	0.619	"Organic compounds; Organonitrogen compounds; Organooxygen compounds; Monoalkylamines; Benzene and substituted derivatives; Benzenoids; Amines; Primary amines; Hydrocarbon derivatives; Organopnictogen compounds; Organic oxygen compounds; Organic nitrogen compounds; Chemical entities"	334.214	441	7.342	836961239675373184	836961027095452416	836961027095452416	714	NA	714
1	"C18H30O"	"[M + H3N + H]+"	"C18H34NO+"	"Fatty acids"	0.861	"Fatty acyls"	0.854	"Fatty alcohols"	0.17	"Lipids and lipid-like molecules"	0.767	NA	NA	NA	NA	NA	NA	"Lipids and lipid-like molecules"	0.767	"Organic compounds; Lipids and lipid-like molecules; Ketones; Organooxygen compounds; Carbonyl compounds; Organic oxides; Hydrocarbon derivatives; Organic oxygen compounds; Chemical entities"	280.264	442	7.367	836961263050232192	836961027133201152	836961027129006848	715	NA	715
3	"C12H19BO3Si"	"[M + H3N + H]+"	"C12H23BNO3Si+"	"Terpenoids"	0.858	"Monoterpenoids"	0.793	"Pinane monoterpenoids"	0.75	"Organic acids and derivatives"	0.833	"Boronic acid derivatives"	0.569	NA	NA	NA	NA	"Boronic acid derivatives"	0.569	"Organic compounds; Organic acids and derivatives; Organooxygen compounds; Organometallic compounds; Boronic acid derivatives; Organometalloid compounds; Organoboron compounds; Organic salts; Organic metalloid salts; Organic metal salts; Hydrocarbon derivatives; Organic oxygen compounds; Chemical entities"	267.157	445	7.415	836961238647768448	836961027196115712	836961027196115712	717	NA	717
2	"C13H24O4"	"[M + H]+"	"C13H25O4+"	"Fatty acids"	0.552	"Octadecanoids"	0.186	"Fatty alcohols"	0.163	"Lipids and lipid-like molecules"	0.703	"Fatty Acyls"	0.603	NA	NA	NA	NA	"Fatty Acyls"	0.603	"Organic compounds; Lipids and lipid-like molecules; Alcohols and polyols; Organic acids and derivatives; Carboxylic acids and derivatives; Organooxygen compounds; Carboxylic acid derivatives; Monocarboxylic acids and derivatives; Carboxylic acid esters; Secondary alcohols; Carbonyl compounds; Fatty Acyls; Organic oxides; Hydrocarbon derivatives; Organic oxygen compounds; Chemical entities"	245.175	445	7.416	836961241281791872	836961027162561280	836961027162561280	716	NA	716
2	"C14H18O"	"[M + H]+"	"C14H19O+"	"Terpenoids"	0.978	"Sesquiterpenoids"	0.961	"Bisabolane sesquiterpenoids"	0.589	"Benzenoids"	0.855	"Benzene and substituted derivatives"	0.506	NA	NA	NA	NA	"Benzene and substituted derivatives"	0.506	"Organic compounds; Ketones; Prenol lipids; Organooxygen compounds; Carbonyl compounds; Benzene and substituted derivatives; Benzenoids; Organic oxides; Hydrocarbon derivatives; Organic oxygen compounds; Chemical entities"	203.143	445	7.417	836961234952586112	836961027229670144	836961027229670144	718	NA	718
1	"C14H24O"	"[M + H3N + H]+"	"C14H28NO+"	"Fatty acids"	0.979	"Fatty acyls"	0.972	"Fatty aldehydes"	0.79	"Organic oxygen compounds"	0.99	"Organooxygen compounds"	0.984	"Carbonyl compounds"	0.834	NA	NA	"Carbonyl compounds"	0.834	"Organic compounds; Organooxygen compounds; Carbonyl compounds; Organic oxides; Hydrocarbon derivatives; Organic oxygen compounds; Chemical entities"	226.217	446	7.436	836961239474046592	836961027267418880	836961027267418880	719	NA	719
1	"C22H44NO7P"	"[M + H]+"	"C22H45NO7P+"	"Fatty acids"	1	"Glycerophospholipids"	1	"Glycerophosphoethanolamines"	0.999	"Organic acids and derivatives"	0.999	"Carboxylic acids and derivatives"	0.997	"Amino acids, peptides, and analogues"	0.986	"Amino acids and derivatives"	0.986	"Amino acids and derivatives"	0.986	"Organic compounds; Lipids and lipid-like molecules; Amino acids, peptides, and analogues; Alcohols and polyols; Glycerophospholipids; Organic acids and derivatives; Carboxylic acids and derivatives; Organonitrogen compounds; Organooxygen compounds; Fatty acid esters; Amino acids and derivatives; Organic phosphoric acids and derivatives; Phosphate esters; Monoalkylamines; Carboxylic acid derivatives; Monocarboxylic acids and derivatives; Carboxylic acid esters; Phosphoethanolamines; Lysophosphatidylethanolamines; Secondary alcohols; 1-acyl-sn-glycero-3-phosphoethanolamines; Carbonyl compounds; Glycerophosphoethanolamines; Amines; Primary amines; Alkyl phosphates; Dialkyl phosphates; Fatty Acyls; Organic oxides; Hydrocarbon derivatives; Organopnictogen compounds; Organic oxygen compounds; Organic nitrogen compounds; Chemical entities"	466.293	446	7.437	836961236886160512	836961027300973312	836961027300973312	720	NA	720
2	"C10H23NO2P"	"[M + Na]+"	"C10H23NNaO2P+"	"Alkaloids"	0.247	"Pseudoalkaloids (transamidation)"	0.142	"Aminoacids"	0.022	"Organic nitrogen compounds"	0.896	"Organonitrogen compounds"	0.798	NA	NA	NA	NA	"Organonitrogen compounds"	0.798	"Organic compounds; Organonitrogen compounds; Organophosphorus compounds; Organic oxides; Hydrocarbon derivatives; Organopnictogen compounds; Organic oxygen compounds; Organic nitrogen compounds; Chemical entities"	243.136	447	7.449	836961240606508928	836961027334527744	836961027334527744	721	NA	721
1	"C16H24O2"	"[M + H3N + H]+"	"C16H28NO2+"	"Terpenoids"	0.981	"Sesquiterpenoids"	0.952	"Bisabolane sesquiterpenoids"	0.575	"Lipids and lipid-like molecules"	0.585	"Prenol lipids"	0.564	NA	NA	NA	NA	"Prenol lipids"	0.564	"Organic compounds; Lipids and lipid-like molecules; Prenol lipids; Organooxygen compounds; Carbonyl compounds; Organic oxides; Hydrocarbon derivatives; Organic oxygen compounds; Chemical entities"	266.211	447	7.45	836961238224143744	836961027368082176	836961027368082176	722	NA	722
1	"C13H22O2"	"[M + H]+"	"C13H23O2+"	"Fatty acids"	0.871	"Fatty acyls"	0.786	"Oxygenated hydrocarbons"	0.192	"Lipids and lipid-like molecules"	0.532	NA	NA	NA	NA	NA	NA	"Lipids and lipid-like molecules"	0.532	"Organic compounds; Lipids and lipid-like molecules; Ketones; Organooxygen compounds; Carbonyl compounds; Organic oxides; Hydrocarbon derivatives; Organic oxygen compounds; Chemical entities"	211.169	449	7.484	836961256867827456	836961027439385344	836961027439385344	724	NA	724
3	"C19H36O4"	"[M - H2O + H]+"	"C19H35O3+"	"Fatty acids"	0.997	"Octadecanoids"	0.534	"Fatty alcohols"	0.725	"Lipids and lipid-like molecules"	0.989	"Fatty Acyls"	0.987	"Fatty alcohols"	0.687	"Long-chain fatty alcohols"	0.56	"Long-chain fatty alcohols"	0.56	"Organic compounds; Lipids and lipid-like molecules; Alcohols and polyols; Organic acids and derivatives; Carboxylic acids and derivatives; Organooxygen compounds; Fatty acid esters; Carboxylic acid derivatives; Monocarboxylic acids and derivatives; Carboxylic acid esters; Fatty alcohols; Secondary alcohols; Carbonyl compounds; Long-chain fatty alcohols; Fatty Acyls; Organic oxides; Hydrocarbon derivatives; Organic oxygen compounds; Chemical entities"	311.258	449	7.488	836961239977363072	836961027472939776	836961027472939776	725	NA	725
1	"C18H30O2"	"[M + H3N + H]+"	"C18H34NO2+"	"Fatty acids"	0.985	"Fatty acyls"	0.498	"Fatty alcohols"	0.329	"Lipids and lipid-like molecules"	0.902	"Fatty Acyls"	0.87	"Fatty acids and conjugates"	0.387	"Long-chain fatty acids"	0.576	"Long-chain fatty acids"	0.576	"Organic compounds; Lipids and lipid-like molecules; Alcohols and polyols; Organooxygen compounds; Unsaturated fatty acids; Carbonyl compounds; Long-chain fatty acids; Fatty Acyls; Organic oxides; Hydrocarbon derivatives; Organic oxygen compounds; Chemical entities"	296.258	450	7.499	836961234168251136	836961027401636608	836961027401636608	723	NA	723
1	"C18H30O2"	"[M + H3N + H]+"	"C18H34NO2+"	"Fatty acids"	1	"Fatty Acids and Conjugates"	0.954	"Unsaturated fatty acids"	0.97	"Lipids and lipid-like molecules"	0.979	"Fatty Acyls"	0.976	"Fatty acids and conjugates"	0.968	"Long-chain fatty acids"	0.945	"Long-chain fatty acids"	0.945	"Organic compounds; Lipids and lipid-like molecules; Fatty acids and conjugates; Organic acids and derivatives; Carboxylic acids and derivatives; Organooxygen compounds; Straight chain fatty acids; Unsaturated fatty acids; Monocarboxylic acids and derivatives; Carboxylic acids; Carbonyl compounds; Long-chain fatty acids; Fatty Acyls; Organic oxides; Hydrocarbon derivatives; Organic oxygen compounds; Chemical entities"	296.258	450	7.502	836961238119286144	836961027514882816	836961027514882816	726	NA	726
1	"C20H37NO2"	"[M + H3N + H]+"	"C20H41N2O2+"	"Fatty acids"	1	"Fatty amides"	0.995	"N-acyl ethanolamines (endocannabinoids)"	0.795	"Lipids and lipid-like molecules"	0.939	"Fatty Acyls"	0.954	"Fatty amides"	0.908	"N-acyl amines"	0.879	"N-acyl amines"	0.879	"Organic compounds; Lipids and lipid-like molecules; Organic acids and derivatives; Carboxylic acids and derivatives; Organonitrogen compounds; Organooxygen compounds; Fatty amides; Carboxylic acid amides; Carboxylic acid derivatives; N-acyl amines; Carbonyl compounds; Fatty Acyls; Organic oxides; Hydrocarbon derivatives; Organopnictogen compounds; Organic oxygen compounds; Organic nitrogen compounds; Chemical entities"	341.316	450	7.502	836961240119969536	836961027590380288	836961027590380288	728	NA	728
1	"C18H30O2"	"[M + H]+"	"C18H31O2+"	"Fatty acids"	1	"Fatty Acids and Conjugates"	0.961	"Unsaturated fatty acids"	0.982	"Lipids and lipid-like molecules"	0.991	"Fatty Acyls"	0.988	"Lineolic acids and derivatives"	0.75	NA	NA	"Lineolic acids and derivatives"	0.75	"Organic compounds; Lipids and lipid-like molecules; Fatty acids and conjugates; Organic acids and derivatives; Carboxylic acids and derivatives; Organooxygen compounds; Straight chain fatty acids; Unsaturated fatty acids; Lineolic acids and derivatives; Monocarboxylic acids and derivatives; Carboxylic acids; Carbonyl compounds; Long-chain fatty acids; Fatty Acyls; Organic oxides; Hydrocarbon derivatives; Organic oxygen compounds; Chemical entities"	279.232	450	7.503	836961240258381568	836961027661683456	836961027661683456	730	NA	730
2	"C18H24N2O3"	"[M + H3N + H]+"	"C18H28N3O3+"	"Amino acids and Peptides"	0.659	"Small peptides"	0.252	"Dipeptides"	0.141	"Organic acids and derivatives"	0.986	"Carboxylic acids and derivatives"	0.964	"Amino acids, peptides, and analogues"	0.624	"Amino acids and derivatives"	0.621	"Amino acids and derivatives"	0.621	"Organic compounds; Organoheterocyclic compounds; Amino acids, peptides, and analogues; Ethers; Organic acids and derivatives; Carboxylic acids and derivatives; Organonitrogen compounds; Organooxygen compounds; Amino acids and derivatives; Carboxylic acid amides; Carboxylic acid derivatives; Carbonyl compounds; Benzene and substituted derivatives; Phenol ethers; Benzenoids; Organic oxides; Azacyclic compounds; Hydrocarbon derivatives; Organopnictogen compounds; Organic oxygen compounds; Organic nitrogen compounds; Phenoxy compounds; Chemical entities"	334.214	450	7.504	836961237368505600	836961027628129024	836961027623934720	729	NA	729
2	"C13H22O"	"[M + H]+"	"C13H23O+"	"Terpenoids"	0.972	"Sesquiterpenoids"	0.924	"Caryophyllane sesquiterpenoids"	0.129	"Lipids and lipid-like molecules"	0.735	"Prenol lipids"	0.545	NA	NA	NA	NA	"Prenol lipids"	0.545	"Organic compounds; Lipids and lipid-like molecules; Ketones; Prenol lipids; Organooxygen compounds; Carbonyl compounds; Organic oxides; Hydrocarbon derivatives; Organic oxygen compounds; Chemical entities"	195.174	452	7.528	836961254883921536	836961027695237888	836961027695237888	731	NA	731
1	"C18H37NO2"	"[M - H2O + H]+"	"C18H36NO+"	"Fatty acids"	0.997	"Fatty amides"	0.923	"Primary amides"	0.789	"Lipids and lipid-like molecules"	0.742	"Fatty Acyls"	0.763	"Fatty amides"	0.672	NA	NA	"Fatty amides"	0.672	"Organic compounds; Lipids and lipid-like molecules; Organic acids and derivatives; Carboxylic acids and derivatives; Organonitrogen compounds; Organooxygen compounds; Fatty amides; Carboxylic acid amides; Carboxylic acid derivatives; Carbonyl compounds; Fatty Acyls; Organic oxides; Hydrocarbon derivatives; Organopnictogen compounds; Organic oxygen compounds; Organic nitrogen compounds; Chemical entities"	282.279	455	7.579	836961253881482752	836961027728792320	836961027728792320	732	NA	732
1	"C13H22O"	"[M + H]+"	"C13H23O+"	"Fatty acids"	0.897	"Fatty acyls"	0.865	"Fatty aldehydes"	0.463	"Organic oxygen compounds"	0.991	"Organooxygen compounds"	0.974	"Carbonyl compounds"	0.928	"Ketones"	0.843	"Cyclic ketones"	0.659	"Organic compounds; Ketones; Organooxygen compounds; Carbonyl compounds; Cyclic ketones; Organic oxides; Hydrocarbon derivatives; Organic oxygen compounds; Chemical entities"	195.174	456	7.6	836961240895915904	836961027821067008	836961027821067008	734	NA	734
1	"C18H30O2"	"[M + H]+"	"C18H31O2+"	"Fatty acids"	1	"Fatty Acids and Conjugates"	0.969	"Unsaturated fatty acids"	0.975	"Lipids and lipid-like molecules"	0.989	"Fatty Acyls"	0.985	"Lineolic acids and derivatives"	0.701	NA	NA	"Lineolic acids and derivatives"	0.701	"Organic compounds; Lipids and lipid-like molecules; Fatty acids and conjugates; Organic acids and derivatives; Carboxylic acids and derivatives; Organooxygen compounds; Straight chain fatty acids; Unsaturated fatty acids; Lineolic acids and derivatives; Monocarboxylic acids and derivatives; Carboxylic acids; Carbonyl compounds; Long-chain fatty acids; Fatty Acyls; Organic oxides; Hydrocarbon derivatives; Organic oxygen compounds; Chemical entities"	279.232	459	7.65	836961245648062848	836961027997227904	836961027997227904	739	NA	739
1	"C20H37NO2"	"[M + H3N + H]+"	"C20H41N2O2+"	"Fatty acids"	1	"Fatty amides"	0.998	"N-acyl ethanolamines (endocannabinoids)"	0.948	"Lipids and lipid-like molecules"	0.938	"Fatty Acyls"	0.951	"Fatty amides"	0.911	"N-acyl amines"	0.9	"N-acyl amines"	0.9	"Organic compounds; Lipids and lipid-like molecules; Organic acids and derivatives; Carboxylic acids and derivatives; Organonitrogen compounds; Organooxygen compounds; Fatty amides; Carboxylic acid amides; Carboxylic acid derivatives; N-acyl amines; Secondary carboxylic acid amides; Carbonyl compounds; Fatty Acyls; Organic oxides; Hydrocarbon derivatives; Organopnictogen compounds; Organic oxygen compounds; Organic nitrogen compounds; Chemical entities"	341.316	459	7.651	836961242552666240	836961027925924736	836961027925924736	737	NA	737
1	"C18H30O2"	"[M + H3N + H]+"	"C18H34NO2+"	"Fatty acids"	1	"Fatty Acids and Conjugates"	0.967	"Unsaturated fatty acids"	0.97	"Lipids and lipid-like molecules"	0.983	"Fatty Acyls"	0.978	"Lineolic acids and derivatives"	0.571	NA	NA	"Lineolic acids and derivatives"	0.571	"Organic compounds; Lipids and lipid-like molecules; Fatty acids and conjugates; Organic acids and derivatives; Carboxylic acids and derivatives; Organooxygen compounds; Straight chain fatty acids; Unsaturated fatty acids; Lineolic acids and derivatives; Monocarboxylic acids and derivatives; Carboxylic acids; Carbonyl compounds; Long-chain fatty acids; Fatty Acyls; Organic oxides; Hydrocarbon derivatives; Organic oxygen compounds; Chemical entities"	296.258	459	7.651	836961241457952640	836961027963673472	836961027963673472	738	NA	738
3	"C15H16O3"	"[M + H3N + H]+"	"C15H20NO3+"	"Terpenoids"	0.706	"Sesquiterpenoids"	0.273	"Miscellaneous meroterpenoids"	0.288	"Benzenoids"	0.911	NA	NA	NA	NA	NA	NA	"Benzenoids"	0.911	"Organic compounds; Organooxygen compounds; Carbonyl compounds; Benzenoids; Organic oxides; Hydrocarbon derivatives; Organic oxygen compounds; Chemical entities"	262.144	460	7.667	836961248370166528	836961028068531072	836961028068531072	741	NA	741
2	"C13H22O"	"[M + H]+"	"C13H23O+"	"Terpenoids"	0.859	"Sesquiterpenoids"	0.68	"Caryophyllane sesquiterpenoids"	0.108	"Lipids and lipid-like molecules"	0.566	NA	NA	NA	NA	NA	NA	"Lipids and lipid-like molecules"	0.566	"Organic compounds; Lipids and lipid-like molecules; Organooxygen compounds; Carbonyl compounds; Organic oxides; Hydrocarbon derivatives; Organic oxygen compounds; Chemical entities"	195.174	461	7.686	836961249007700864	836961028102085504	836961028102085504	742	NA	742
1	"C18H37NO2"	"[M - H2O + H]+"	"C18H36NO+"	"Fatty acids"	0.997	"Fatty amides"	0.913	"Primary amides"	0.77	"Lipids and lipid-like molecules"	0.733	"Fatty Acyls"	0.757	"Fatty amides"	0.659	NA	NA	"Fatty amides"	0.659	"Organic compounds; Lipids and lipid-like molecules; Organic acids and derivatives; Carboxylic acids and derivatives; Organonitrogen compounds; Organooxygen compounds; Fatty amides; Carboxylic acid amides; Carboxylic acid derivatives; Carbonyl compounds; Fatty Acyls; Organic oxides; Hydrocarbon derivatives; Organopnictogen compounds; Organic oxygen compounds; Organic nitrogen compounds; Chemical entities"	282.279	462	7.699	836961233765597952	836961028135639936	836961028135639936	743	NA	743
2	"C16H30O4"	"[M + H3N + H]+"	"C16H34NO4+"	"Fatty acids"	0.936	"Octadecanoids"	0.441	"Fatty alcohols"	0.413	"Lipids and lipid-like molecules"	0.849	"Fatty Acyls"	0.817	NA	NA	NA	NA	"Fatty Acyls"	0.817	"Organic compounds; Lipids and lipid-like molecules; Alcohols and polyols; Organic acids and derivatives; Carboxylic acids and derivatives; Organooxygen compounds; Carboxylic acid derivatives; Monocarboxylic acids and derivatives; Carboxylic acid esters; Carbonyl compounds; Fatty Acyls; Organic oxides; Hydrocarbon derivatives; Organic oxygen compounds; Chemical entities"	304.248	463	7.724	836961242359728128	836961028240497536	836961028240497536	746	NA	746
1	"C18H32O2"	"[M + H3N + H]+"	"C18H36NO2+"	"Fatty acids"	1	"Fatty Acids and Conjugates"	0.955	"Unsaturated fatty acids"	0.962	"Lipids and lipid-like molecules"	0.984	"Fatty Acyls"	0.981	"Fatty acids and conjugates"	0.97	"Long-chain fatty acids"	0.949	"Long-chain fatty acids"	0.949	"Organic compounds; Lipids and lipid-like molecules; Fatty acids and conjugates; Organic acids and derivatives; Carboxylic acids and derivatives; Organooxygen compounds; Straight chain fatty acids; Unsaturated fatty acids; Monocarboxylic acids and derivatives; Carboxylic acids; Carbonyl compounds; Long-chain fatty acids; Fatty Acyls; Organic oxides; Hydrocarbon derivatives; Organic oxygen compounds; Chemical entities"	298.274	464	7.737	836961238228338048	836961028173388672	836961028173388672	744	NA	744
1	"C21H44NO7P"	"[M + H]+"	"C21H45NO7P+"	"Fatty acids"	1	"Glycerophospholipids"	1	"Glycerophosphoethanolamines"	1	"Organic acids and derivatives"	1	"Carboxylic acids and derivatives"	0.997	"Amino acids, peptides, and analogues"	0.989	"Amino acids and derivatives"	0.988	"Amino acids and derivatives"	0.988	"Organic compounds; Lipids and lipid-like molecules; Amino acids, peptides, and analogues; Alcohols and polyols; Glycerophospholipids; Organic acids and derivatives; Carboxylic acids and derivatives; Organonitrogen compounds; Organooxygen compounds; Fatty acid esters; Amino acids and derivatives; Organic phosphoric acids and derivatives; Phosphate esters; Monoalkylamines; Carboxylic acid derivatives; Monocarboxylic acids and derivatives; Carboxylic acid esters; Phosphoethanolamines; Lysophosphatidylethanolamines; Secondary alcohols; 1-acyl-sn-glycero-3-phosphoethanolamines; Carbonyl compounds; Glycerophosphoethanolamines; Amines; Primary amines; Alkyl phosphates; Dialkyl phosphates; Fatty Acyls; Organic oxides; Hydrocarbon derivatives; Organopnictogen compounds; Organic oxygen compounds; Organic nitrogen compounds; Chemical entities"	454.293	466	7.773	836961237733410048	836961028345355136	836961028345355136	749	NA	749
1	"C23H46NO7P"	"[M + H]+"	"C23H47NO7P+"	"Fatty acids"	1	"Glycerophospholipids"	1	"Glycerophosphoethanolamines"	0.998	"Organic acids and derivatives"	0.999	"Carboxylic acids and derivatives"	0.997	"Amino acids, peptides, and analogues"	0.984	"Amino acids and derivatives"	0.984	"Amino acids and derivatives"	0.984	"Organic compounds; Lipids and lipid-like molecules; Amino acids, peptides, and analogues; Alcohols and polyols; Glycerophospholipids; Organic acids and derivatives; Carboxylic acids and derivatives; Organonitrogen compounds; Organooxygen compounds; Fatty acid esters; Amino acids and derivatives; Organic phosphoric acids and derivatives; Phosphate esters; Monoalkylamines; Carboxylic acid derivatives; Monocarboxylic acids and derivatives; Carboxylic acid esters; Phosphoethanolamines; Lysophosphatidylethanolamines; Secondary alcohols; 1-acyl-sn-glycero-3-phosphoethanolamines; Carbonyl compounds; Glycerophosphoethanolamines; Amines; Primary amines; Alkyl phosphates; Dialkyl phosphates; Fatty Acyls; Organic oxides; Hydrocarbon derivatives; Organopnictogen compounds; Organic oxygen compounds; Organic nitrogen compounds; Chemical entities"	480.309	467	7.78	836961255731170944	836961028378909568	836961028378909568	750	NA	750
2	"C21H48N3O3P"	"[M + Na]+"	"C21H48N3NaO3P+"	"Fatty acids"	0.51	"Ornithine alkaloids"	0.106	"Polyamines"	0.122	"Organic nitrogen compounds"	0.983	"Organonitrogen compounds"	0.955	"Amines"	0.634	NA	NA	"Amines"	0.634	"Organic compounds; Organic acids and derivatives; Organonitrogen compounds; Organooxygen compounds; Organophosphorus compounds; Amines; Organic oxides; Hydrocarbon derivatives; Organopnictogen compounds; Organic oxygen compounds; Organic nitrogen compounds; Chemical entities"	444.332	468	7.796	836961249095781248	836961028546681728	836961028546681728	755	NA	755
1	"C18H32O2"	"[M + H3N + H]+"	"C18H36NO2+"	"Fatty acids"	1	"Fatty Acids and Conjugates"	0.944	"Unsaturated fatty acids"	0.963	"Lipids and lipid-like molecules"	0.984	"Fatty Acyls"	0.98	"Lineolic acids and derivatives"	0.594	NA	NA	"Lineolic acids and derivatives"	0.594	"Organic compounds; Lipids and lipid-like molecules; Fatty acids and conjugates; Organic acids and derivatives; Carboxylic acids and derivatives; Organooxygen compounds; Straight chain fatty acids; Unsaturated fatty acids; Lineolic acids and derivatives; Monocarboxylic acids and derivatives; Carboxylic acids; Carbonyl compounds; Long-chain fatty acids; Fatty Acyls; Organic oxides; Hydrocarbon derivatives; Organic oxygen compounds; Chemical entities"	298.274	468	7.8	836961240535205632	836961028513127296	836961028513127296	754	NA	754
1	"C26H52NO7P"	"[M + H]+"	"C26H53NO7P+"	"Fatty acids"	1	"Glycerophospholipids"	1	"Glycerophosphocholines"	0.999	"Lipids and lipid-like molecules"	0.985	"Glycerophospholipids"	0.999	"Glycerophosphocholines"	0.999	"Lysophosphatidylcholines"	0.987	"1-acyl-sn-glycero-3-phosphocholines"	0.978	"Organic compounds; Lipids and lipid-like molecules; Alcohols and polyols; Glycerophospholipids; Organic acids and derivatives; Carboxylic acids and derivatives; Organonitrogen compounds; Organooxygen compounds; Fatty acid esters; Organic phosphoric acids and derivatives; Phosphate esters; Quaternary ammonium salts; Cholines; Carboxylic acid derivatives; Monocarboxylic acids and derivatives; Carboxylic acid esters; Phosphocholines; Lysophosphatidylcholines; 1-acyl-sn-glycero-3-phosphocholines; Secondary alcohols; Carbonyl compounds; Glycerophosphocholines; Amines; Alkyl phosphates; Dialkyl phosphates; Organic cations; Organic salts; Fatty Acyls; Organic oxides; Hydrocarbon derivatives; Tetraalkylammonium salts; Organopnictogen compounds; Organic oxygen compounds; Organic nitrogen compounds; Chemical entities"	522.356	469	7.811	836961235833390080	836961028613790592	836961028613790592	757	NA	757
1	"C20H37NO2"	"[M + H3N + H]+"	"C20H41N2O2+"	"Fatty acids"	0.999	"Fatty amides"	0.983	"N-acyl ethanolamines (endocannabinoids)"	0.589	"Lipids and lipid-like molecules"	0.895	"Fatty Acyls"	0.899	"Fatty amides"	0.778	"N-acyl amines"	0.707	"N-acyl amines"	0.707	"Organic compounds; Lipids and lipid-like molecules; Organic acids and derivatives; Carboxylic acids and derivatives; Organonitrogen compounds; Organooxygen compounds; Fatty amides; Carboxylic acid amides; Carboxylic acid derivatives; N-acyl amines; Monocarboxylic acids and derivatives; Secondary carboxylic acid amides; Carbonyl compounds; Fatty Acyls; Organic oxides; Hydrocarbon derivatives; Organopnictogen compounds; Organic oxygen compounds; Organic nitrogen compounds; Chemical entities"	341.316	470	7.832	836961246453369344	836961028651539328	836961028651539328	758	NA	758
1	"C18H30O2"	"[M + H3N + H]+"	"C18H34NO2+"	"Fatty acids"	1	"Fatty Acids and Conjugates"	0.957	"Unsaturated fatty acids"	0.954	"Lipids and lipid-like molecules"	0.97	"Fatty Acyls"	0.96	"Fatty acids and conjugates"	0.955	"Long-chain fatty acids"	0.92	"Long-chain fatty acids"	0.92	"Organic compounds; Lipids and lipid-like molecules; Fatty acids and conjugates; Organic acids and derivatives; Carboxylic acids and derivatives; Organooxygen compounds; Straight chain fatty acids; Unsaturated fatty acids; Monocarboxylic acids and derivatives; Carboxylic acids; Carbonyl compounds; Long-chain fatty acids; Fatty Acyls; Organic oxides; Hydrocarbon derivatives; Organic oxygen compounds; Chemical entities"	296.258	470	7.832	836961238777792000	836961028722842496	836961028722842496	760	NA	760
2	"C15H28N2O4"	"[M + H3N + H]+"	"C15H32N3O4+"	"Amino acids and Peptides"	0.786	"Small peptides"	0.735	"Dipeptides"	0.669	"Organic acids and derivatives"	0.999	"Carboxylic acids and derivatives"	0.996	"Amino acids, peptides, and analogues"	0.872	"Amino acids and derivatives"	0.867	"N-acyl-alpha amino acids"	0.529	"Organic compounds; Lipids and lipid-like molecules; Amino acids, peptides, and analogues; Alpha amino acids and derivatives; Fatty acids and conjugates; Organic acids and derivatives; Carboxylic acids and derivatives; Organonitrogen compounds; Organooxygen compounds; Fatty amides; Branched fatty acids; Amino acids and derivatives; Monoalkylamines; Carboxylic acid amides; Carboxylic acid derivatives; N-acyl amines; Monocarboxylic acids and derivatives; N-acyl-alpha amino acids and derivatives; Carboxylic acids; Secondary carboxylic acid amides; Carbonyl compounds; N-acyl-alpha amino acids; Primary amines; Fatty Acyls; Organic oxides; Hydrocarbon derivatives; Amino acids; Organopnictogen compounds; Organic oxygen compounds; Organic nitrogen compounds; Chemical entities"	318.24	470	7.832	836961239243359744	836961028685093760	836961028685093760	759	NA	759
1	"C18H30O"	"[M + H3N + H]+"	"C18H34NO+"	"Terpenoids"	0.962	"Diterpenoids"	0.707	"Norlabdane diterpenoids"	0.094	"Lipids and lipid-like molecules"	0.867	"Prenol lipids"	0.677	NA	NA	NA	NA	"Prenol lipids"	0.677	"Organic compounds; Lipids and lipid-like molecules; Prenol lipids; Organooxygen compounds; Carbonyl compounds; Organic oxides; Hydrocarbon derivatives; Organic oxygen compounds; Chemical entities"	280.264	470	7.838	836961243072759936	836961028412464000	836961028412464000	751	NA	751
1	"C15H35N3O5"	"[M - H2O + H]+"	"C15H34N3O4+"	"Fatty acids"	0.705	"Fatty amides"	0.416	"N-acyl amines"	0.572	"Organic acids and derivatives"	0.95	"Carboxylic acids and derivatives"	0.899	"Amino acids, peptides, and analogues"	0.67	"Amino acids and derivatives"	0.653	"Alpha amino acid amides"	0.514	"Organic compounds; Lipids and lipid-like molecules; Amino acids, peptides, and analogues; Alpha amino acids and derivatives; Organic acids and derivatives; Carboxylic acids and derivatives; Organonitrogen compounds; Organooxygen compounds; Fatty amides; Amino acids and derivatives; Monoalkylamines; Carboxylic acid amides; Carboxylic acid derivatives; N-acyl amines; Carboxylic acids; Secondary carboxylic acid amides; Carbonyl compounds; Alpha amino acid amides; Amines; Primary amines; Fatty Acyls; Organic oxides; Hydrocarbon derivatives; Organopnictogen compounds; Organic oxygen compounds; Organic nitrogen compounds; Chemical entities"	320.256	471	7.851	836961258876899200	836961028479572864	836961028479572864	753	NA	753
1	"C20H39NO2"	"[M + H3N + H]+"	"C20H43N2O2+"	"Fatty acids"	0.999	"Fatty amides"	0.995	"N-acyl ethanolamines (endocannabinoids)"	0.979	"Lipids and lipid-like molecules"	0.915	"Fatty Acyls"	0.925	"Fatty amides"	0.904	"N-acyl amines"	0.826	"N-acyl amines"	0.826	"Organic compounds; Lipids and lipid-like molecules; Alcohols and polyols; Organic acids and derivatives; Carboxylic acids and derivatives; Organonitrogen compounds; Primary alcohols; Organooxygen compounds; Fatty amides; Carboxylic acid amides; Carboxylic acid derivatives; N-acyl amines; Secondary carboxylic acid amides; Carbonyl compounds; Fatty Acyls; Organic oxides; Hydrocarbon derivatives; Organopnictogen compounds; Organic oxygen compounds; Organic nitrogen compounds; Chemical entities"	343.332	471	7.855	836961243613825280	836961028446018432	836961028446018432	752	NA	752
1	"C24H48NO7P"	"[M + H]+"	"C24H49NO7P+"	"Fatty acids"	1	"Glycerophospholipids"	1	"Glycerophosphoethanolamines"	0.997	"Organic acids and derivatives"	0.999	"Carboxylic acids and derivatives"	0.995	"Amino acids, peptides, and analogues"	0.957	"Amino acids and derivatives"	0.956	"Amino acids and derivatives"	0.956	"Organic compounds; Lipids and lipid-like molecules; Amino acids, peptides, and analogues; Alcohols and polyols; Glycerophospholipids; Organic acids and derivatives; Carboxylic acids and derivatives; Organonitrogen compounds; Organooxygen compounds; Fatty acid esters; Amino acids and derivatives; Organic phosphoric acids and derivatives; Phosphate esters; Monoalkylamines; Carboxylic acid derivatives; Monocarboxylic acids and derivatives; Carboxylic acid esters; Phosphoethanolamines; Lysophosphatidylethanolamines; Secondary alcohols; 1-acyl-sn-glycero-3-phosphoethanolamines; Carbonyl compounds; Glycerophosphoethanolamines; Amines; Primary amines; Alkyl phosphates; Dialkyl phosphates; Fatty Acyls; Organic oxides; Hydrocarbon derivatives; Organopnictogen compounds; Organic oxygen compounds; Organic nitrogen compounds; Chemical entities"	494.324	473	7.88	836961237783741696	836961028789951360	836961028785757056	762	NA	762
3	"C18H26O4"	"[M + H3N + H]+"	"C18H30NO4+"	"Fatty acids"	0.542	"Phenylpropanoids (C6-C3)"	0.104	"Cinnamic acids and derivatives"	0.086	"Benzenoids"	0.54	NA	NA	NA	NA	NA	NA	"Benzenoids"	0.54	"Organic compounds; Lipids and lipid-like molecules; Organic acids and derivatives; Carboxylic acids and derivatives; Organooxygen compounds; Carboxylic acid derivatives; Carboxylic acid esters; Carbonyl compounds; Benzenoids; Fatty Acyls; Organic oxides; Hydrocarbon derivatives; Organic oxygen compounds; Chemical entities"	324.217	473	7.881	836961248890260352	836961029142273024	836961029142273024	772	NA	772
3	"C18H26O4"	"[M + H3N + H]+"	"C18H30NO4+"	"Fatty acids"	0.542	"Phenylpropanoids (C6-C3)"	0.104	"Cinnamic acids and derivatives"	0.086	"Benzenoids"	0.539	NA	NA	NA	NA	NA	NA	"Benzenoids"	0.539	"Organic compounds; Lipids and lipid-like molecules; Organic acids and derivatives; Carboxylic acids and derivatives; Organooxygen compounds; Carboxylic acid derivatives; Carboxylic acid esters; Carbonyl compounds; Benzenoids; Fatty Acyls; Organic oxides; Hydrocarbon derivatives; Organic oxygen compounds; Chemical entities"	324.217	473	7.886	8.36961260865e+17	836961029280685056	836961029280685056	776	NA	776
1	"C18H30O"	"[M + H]+"	"C18H31O+"	"Fatty acids"	0.994	"Fatty acyls"	0.986	"Fatty aldehydes"	0.6	"Lipids and lipid-like molecules"	0.565	"Fatty Acyls"	0.432	"Fatty aldehydes"	0.517	NA	NA	"Fatty aldehydes"	0.517	"Organic compounds; Lipids and lipid-like molecules; Ketones; Fatty aldehydes; Organooxygen compounds; Carbonyl compounds; Organic oxides; Hydrocarbon derivatives; Organic oxygen compounds; Chemical entities"	263.237	473	7.887	836961251171961984	836961028857060224	836961028857060224	764	NA	764
1	"C9H14O2"	"[M + H3N + H]+"	"C9H18NO2+"	"Fatty acids"	0.99	"Fatty Acids and Conjugates"	0.86	"Unsaturated fatty acids"	0.865	"Lipids and lipid-like molecules"	0.534	NA	NA	NA	NA	NA	NA	"Lipids and lipid-like molecules"	0.534	"Organic compounds; Lipids and lipid-like molecules; Organic acids and derivatives; Carboxylic acids and derivatives; Organooxygen compounds; Monocarboxylic acids and derivatives; Carboxylic acids; Carbonyl compounds; Organic oxides; Hydrocarbon derivatives; Organic oxygen compounds; Chemical entities"	172.133	473	7.887	836961261368316032	836961029075164160	836961029075164160	770	NA	770
1	"C20H35NO2"	"[M + H3N + H]+"	"C20H39N2O2+"	"Fatty acids"	0.999	"Fatty amides"	0.854	"Primary amides"	0.47	"Lipids and lipid-like molecules"	0.817	"Fatty Acyls"	0.749	"Fatty amides"	0.605	NA	NA	"Fatty amides"	0.605	"Organic compounds; Lipids and lipid-like molecules; Organic acids and derivatives; Carboxylic acids and derivatives; Organonitrogen compounds; Organooxygen compounds; Fatty amides; Carboxylic acid amides; Carboxylic acid derivatives; Secondary carboxylic acid amides; Carbonyl compounds; Fatty Acyls; Acetamides; Organic oxides; Hydrocarbon derivatives; Organopnictogen compounds; Organic oxygen compounds; Organic nitrogen compounds; Chemical entities"	339.301	473	7.887	836961262521749888	836961028894808960	836961028894808960	765	NA	765
1	"C18H32O2"	"[M + H3N + H]+"	"C18H36NO2+"	"Fatty acids"	1	"Fatty Acids and Conjugates"	0.889	"Unsaturated fatty acids"	0.947	"Lipids and lipid-like molecules"	0.985	"Fatty Acyls"	0.981	"Lineolic acids and derivatives"	0.725	NA	NA	"Lineolic acids and derivatives"	0.725	"Organic compounds; Lipids and lipid-like molecules; Fatty acids and conjugates; Organic acids and derivatives; Carboxylic acids and derivatives; Organooxygen compounds; Straight chain fatty acids; Unsaturated fatty acids; Lineolic acids and derivatives; Monocarboxylic acids and derivatives; Carboxylic acids; Carbonyl compounds; Long-chain fatty acids; Fatty Acyls; Organic oxides; Hydrocarbon derivatives; Organic oxygen compounds; Chemical entities"	298.274	473	7.889	836961239528572544	836961028932557696	836961028932557696	766	NA	766
1	"C18H30O"	"[M + H3N + H]+"	"C18H34NO+"	"Fatty acids"	0.971	"Fatty acyls"	0.96	"Fatty alcohols"	0.423	"Lipids and lipid-like molecules"	0.662	NA	NA	NA	NA	NA	NA	"Lipids and lipid-like molecules"	0.662	"Organic compounds; Lipids and lipid-like molecules; Ketones; Organooxygen compounds; Carbonyl compounds; Organic oxides; Hydrocarbon derivatives; Organic oxygen compounds; Chemical entities"	280.264	473	7.889	836961245207660928	836961028966112128	836961028966112128	767	NA	767
1	"C20H39NO2"	"[M + H3N + H]+"	"C20H43N2O2+"	"Fatty acids"	1	"Fatty amides"	0.994	"N-acyl ethanolamines (endocannabinoids)"	0.812	"Lipids and lipid-like molecules"	0.878	"Fatty Acyls"	0.899	"Fatty amides"	0.819	"N-acyl amines"	0.727	"N-acyl amines"	0.727	"Organic compounds; Lipids and lipid-like molecules; Alcohols and polyols; Organic acids and derivatives; Carboxylic acids and derivatives; Organonitrogen compounds; Organooxygen compounds; Fatty amides; Carboxylic acid amides; Carboxylic acid derivatives; N-acyl amines; Secondary carboxylic acid amides; Carbonyl compounds; Fatty Acyls; Organic oxides; Hydrocarbon derivatives; Organopnictogen compounds; Organic oxygen compounds; Organic nitrogen compounds; Chemical entities"	343.332	473	7.89	836961258956590976	836961029041609728	836961029041609728	769	NA	769
1	"C9H14O"	"[M + H3N + H]+"	"C9H18NO+"	"Terpenoids"	0.882	"Monoterpenoids"	0.755	"Monocyclic monoterpenoids"	0.205	"Organic oxygen compounds"	0.992	"Organooxygen compounds"	0.987	"Carbonyl compounds"	0.735	NA	NA	"Carbonyl compounds"	0.735	"Organic compounds; Organooxygen compounds; Carbonyl compounds; Organic oxides; Hydrocarbon derivatives; Organic oxygen compounds; Chemical entities"	156.138	473	7.89	836961246809885184	836961029108718592	836961029108718592	771	NA	771
1	"C20H35NO2"	"[M + H3N + H]+"	"C20H39N2O2+"	"Fatty acids"	0.998	"Fatty amides"	0.965	"Primary amides"	0.978	"Lipids and lipid-like molecules"	0.873	"Fatty Acyls"	0.869	"Fatty amides"	0.808	NA	NA	"Fatty amides"	0.808	"Organic compounds; Lipids and lipid-like molecules; Organic acids and derivatives; Carboxylic acids and derivatives; Organonitrogen compounds; Organooxygen compounds; Fatty amides; Carboxylic acid amides; Carboxylic acid derivatives; Primary carboxylic acid amides; Carbonyl compounds; Fatty Acyls; Organic oxides; Hydrocarbon derivatives; Organopnictogen compounds; Organic oxygen compounds; Organic nitrogen compounds; Chemical entities"	339.301	473	7.891	836961241176934272	836961029553314816	836961029553314816	784	NA	784
1	"C18H35NO2"	"[M + K]+"	"C18H35KNO2+"	"Fatty acids"	1	"Fatty amides"	0.993	"Primary amides"	0.986	"Lipids and lipid-like molecules"	0.867	"Fatty Acyls"	0.893	"Fatty amides"	0.793	NA	NA	"Fatty amides"	0.793	"Organic compounds; Lipids and lipid-like molecules; Organic acids and derivatives; Carboxylic acids and derivatives; Organonitrogen compounds; Organooxygen compounds; Fatty amides; Carboxylic acid amides; Carboxylic acid derivatives; Primary carboxylic acid amides; Carbonyl compounds; Fatty Acyls; Organic oxides; Hydrocarbon derivatives; Organopnictogen compounds; Organic oxygen compounds; Organic nitrogen compounds; Chemical entities"	336.23	474	7.892	836961243211171968	836961029519760384	836961029519760384	783	NA	783
1	"C16H22O4"	"[M + Na]+"	"C16H22NaO4+"	"Shikimates and Phenylpropanoids"	0.323	"Phenylpropanoids (C6-C3)"	0.203	"Cinnamic acids and derivatives"	0.242	"Benzenoids"	0.963	"Phenol ethers"	0.588	NA	NA	NA	NA	"Phenol ethers"	0.588	"Organic compounds; Alkyl aryl ethers; Ethers; Organic acids and derivatives; Carboxylic acids and derivatives; Organooxygen compounds; Carboxylic acid derivatives; Monocarboxylic acids and derivatives; Carboxylic acid esters; Carbonyl compounds; Benzene and substituted derivatives; Phenol ethers; Benzenoids; Organic oxides; Hydrocarbon derivatives; Organic oxygen compounds; Phenoxy compounds; Chemical entities"	301.141	474	7.908	836961250320518272	836961029180021760	836961029175827456	773	NA	773
1	"C18H30O"	"[M + H]+"	"C18H31O+"	"Fatty acids"	0.998	"Fatty acyls"	0.993	"Fatty aldehydes"	0.534	"Lipids and lipid-like molecules"	0.542	NA	NA	NA	NA	NA	NA	"Lipids and lipid-like molecules"	0.542	"Organic compounds; Lipids and lipid-like molecules; Ketones; Organooxygen compounds; Carbonyl compounds; Organic oxides; Hydrocarbon derivatives; Organic oxygen compounds; Chemical entities"	263.237	475	7.917	836961243710294272	836961029628812288	836961029628812288	786	NA	786
1	"C20H30O2"	"[M - H2O + H]+"	"C20H29O+"	"Terpenoids"	0.974	"Diterpenoids"	0.984	"Abietane diterpenoids"	0.842	"Lipids and lipid-like molecules"	0.684	"Prenol lipids"	0.49	"Diterpenoids"	0.767	NA	NA	"Diterpenoids"	0.767	"Organic compounds; Lipids and lipid-like molecules; Phenanthrenes and derivatives; Tetralins; Phenols; Hydrophenanthrenes; Organooxygen compounds; Diterpenoids; Benzenoids; Hydrocarbon derivatives; Organic oxygen compounds; 1-hydroxy-2-unsubstituted benzenoids; 1-hydroxy-4-unsubstituted benzenoids; Chemical entities"	285.221	476	7.926	836961261368316032	836961029247130624	836961029247130624	775	NA	775
1	"C22H47NO2"	"[M + H]+"	"C22H48NO2+"	"Fatty acids"	0.974	"Spingolipids"	0.706	"Sphingoid bases"	0.966	"Organic nitrogen compounds"	1	"Organonitrogen compounds"	1	"Amines"	0.999	"Alkanolamines"	0.987	"1,2-aminoalcohols"	0.988	"Organic compounds; Alcohols and polyols; Organonitrogen compounds; Primary alcohols; Organooxygen compounds; 1,2-aminoalcohols; Dialkylamines; Amines; Secondary amines; Alkanolamines; Hydrocarbon derivatives; Organopnictogen compounds; Organic oxygen compounds; Organic nitrogen compounds; Chemical entities"	358.368	476	7.927	836961249657818112	836961029213576192	836961029213576192	774	NA	774
2	"C17H34O6Si"	"[M + H]+"	"C17H35O6Si+"	"Fatty acids"	0.996	"Fatty esters"	0.978	"Wax monoesters"	0.804	"Lipids and lipid-like molecules"	0.812	"Fatty Acyls"	0.795	"Fatty acid esters"	0.72	NA	NA	"Fatty acid esters"	0.72	"Organic compounds; Lipids and lipid-like molecules; Organic acids and derivatives; Carboxylic acids and derivatives; Organooxygen compounds; Fatty acid esters; Dicarboxylic acids and derivatives; Carboxylic acid derivatives; Carboxylic acids; Carboxylic acid esters; Carbonyl compounds; Fatty Acyls; Organic oxides; Hydrocarbon derivatives; Organic oxygen compounds; Chemical entities"	363.22	477	7.949	836961265701032704	836961029351988224	836961029347793920	778	NA	778
1	"C16H21ClN2O7"	"[M + Na]+"	"C16H21ClN2NaO7+"	"Amino acids and Peptides"	0.336	"Ornithine alkaloids"	0.108	"Dipeptides"	0.071	"Benzenoids"	0.945	"Benzene and substituted derivatives"	0.931	"Nitrobenzenes"	0.85	NA	NA	"Nitrobenzenes"	0.85	"Organic compounds; Halobenzenes; Nitrobenzenes; Organic acids and derivatives; Carboxylic acids and derivatives; Organohalogen compounds; Organonitrogen compounds; Organooxygen compounds; Aryl chlorides; Carboxylic acid derivatives; Chlorobenzenes; Organic nitro compounds; Organic oxoazanium compounds; Organochlorides; Secondary carboxylic acid amides; Carbonyl compounds; Benzene and substituted derivatives; Benzenoids; Aryl halides; Organic zwitterions; Organic 1,3-dipolar compounds; Allyl-type 1,3-dipolar organic compounds; Propargyl-type 1,3-dipolar organic compounds; Organic oxides; C-nitro compounds; Hydrocarbon derivatives; Organopnictogen compounds; Organic oxygen compounds; Nitroaromatic compounds; Organic nitrogen compounds; Chemical entities"	411.094	478	7.959	836961336207287040	836961029385542656	836961029381348352	779	NA	779
4	"C10H30O5Si5"	"[M + H]+"	"C10H31O5Si5+"	"Fatty acids"	0.364	"Monoterpenoids"	0.175	"Halogenated fatty acids"	0.076	"Organic salts"	0.701	"Organic metal salts"	0.632	"Organic metalloid salts"	0.632	NA	NA	"Organic metalloid salts"	0.632	"Organic compounds; Organometallic compounds; Organometalloid compounds; Organic salts; Organic oxides; Organic metalloid salts; Organic metal salts; Hydrocarbon derivatives; Organic oxygen compounds; Chemical entities"	371.101	478	7.962	836961273296917760	836961029419097088	836961029419097088	780	NA	780
2	"C16H27ClO6"	"[M + K]+"	"C16H27ClKO6+"	"Polyketides"	0.791	"Macrolides"	0.522	"Macrolide lactones"	0.278	"Lipids and lipid-like molecules"	0.526	NA	NA	NA	NA	NA	NA	"Lipids and lipid-like molecules"	0.526	"Organic compounds; Lipids and lipid-like molecules; Alcohols and polyols; Organic acids and derivatives; Carboxylic acids and derivatives; Organohalogen compounds; Organooxygen compounds; Alkyl chlorides; Carboxylic acid derivatives; Carboxylic acid esters; Organochlorides; Secondary alcohols; Carbonyl compounds; Chlorohydrins; Alkyl halides; Organic oxides; Hydrocarbon derivatives; Organic oxygen compounds; Chemical entities"	389.112	478	7.962	836961312438164736	836961029452651520	836961029452651520	781	NA	781
2	"C8H26O5Si4"	"[M - H2O + H]+"	"C8H25O4Si4+"	"Fatty acids"	0.97	"Fatty acyls"	0.898	"Fatty alcohols"	0.781	"Organometallic compounds"	0.793	"Organometalloid compounds"	0.793	"Organoarsenic compounds"	0.374	"Oxygen-containing organoarsenic compounds"	0.337	"Alkylarsine oxides"	0.51	"Organic compounds; Organometallic compounds; Organometalloid compounds; Hydrocarbon derivatives; Organic oxygen compounds; Alkylarsine oxides; Chemical entities"	297.083	478	7.962	836961253009067392	836961029486205952	836961029486205952	782	NA	782
1	"C20H39NO2"	"[M + H3N + H]+"	"C20H43N2O2+"	"Fatty acids"	1	"Fatty amides"	0.998	"N-acyl ethanolamines (endocannabinoids)"	0.875	"Lipids and lipid-like molecules"	0.889	"Fatty Acyls"	0.918	"Fatty amides"	0.849	"N-acyl amines"	0.61	"N-acyl amines"	0.61	"Organic compounds; Lipids and lipid-like molecules; Alcohols and polyols; Organic acids and derivatives; Carboxylic acids and derivatives; Organonitrogen compounds; Primary alcohols; Organooxygen compounds; Fatty amides; Carboxylic acid amides; Carboxylic acid derivatives; N-acyl amines; Secondary carboxylic acid amides; Carbonyl compounds; Fatty Acyls; Organic oxides; Hydrocarbon derivatives; Organopnictogen compounds; Organic oxygen compounds; Organic nitrogen compounds; Chemical entities"	343.332	478	7.966	836961249024478080	836961029737864192	836961029737864192	789	NA	789
1	"C15H35N3O5"	"[M - H2O + H]+"	"C15H34N3O4+"	"Fatty acids"	0.976	"Fatty amides"	0.83	"N-acyl amines"	0.832	"Lipids and lipid-like molecules"	0.661	"Fatty Acyls"	0.647	"Fatty amides"	0.541	"N-acyl amines"	0.667	"N-acyl amines"	0.667	"Organic compounds; Lipids and lipid-like molecules; Alcohols and polyols; Organic acids and derivatives; Carboxylic acids and derivatives; Organonitrogen compounds; Primary alcohols; Organooxygen compounds; Fatty amides; Carboxylic acid amides; Carboxylic acid derivatives; N-acyl amines; Secondary carboxylic acid amides; Fatty Acyls; Organic oxides; Hydrocarbon derivatives; Organopnictogen compounds; Organic oxygen compounds; Organic nitrogen compounds; Chemical entities"	320.256	478	7.968	836961252463807744	836961029591063552	836961029591063552	785	NA	785
1	"C18H32O2"	"[M + H3N + H]+"	"C18H36NO2+"	"Fatty acids"	1	"Fatty Acids and Conjugates"	0.915	"Unsaturated fatty acids"	0.955	"Lipids and lipid-like molecules"	0.984	"Fatty Acyls"	0.98	"Lineolic acids and derivatives"	0.675	NA	NA	"Lineolic acids and derivatives"	0.675	"Organic compounds; Lipids and lipid-like molecules; Fatty acids and conjugates; Organic acids and derivatives; Carboxylic acids and derivatives; Organooxygen compounds; Straight chain fatty acids; Unsaturated fatty acids; Lineolic acids and derivatives; Monocarboxylic acids and derivatives; Carboxylic acids; Carbonyl compounds; Long-chain fatty acids; Fatty Acyls; Organic oxides; Hydrocarbon derivatives; Organic oxygen compounds; Chemical entities"	298.274	478	7.969	836961240644257664	836961029666561024	836961029666561024	787	NA	787
1	"C18H30O"	"[M + H3N + H]+"	"C18H34NO+"	"Fatty acids"	0.989	"Fatty acyls"	0.977	"Fatty alcohols"	0.504	"Lipids and lipid-like molecules"	0.614	NA	NA	NA	NA	NA	NA	"Lipids and lipid-like molecules"	0.614	"Organic compounds; Lipids and lipid-like molecules; Ketones; Organooxygen compounds; Carbonyl compounds; Organic oxides; Hydrocarbon derivatives; Organic oxygen compounds; Chemical entities"	280.264	478	7.969	836961245207660928	836961029700115456	836961029700115456	788	NA	788
1	"C36H66N2O3"	"[M + H3N + H]+"	"C36H70N3O3+"	"Fatty acids"	0.998	"Fatty Acids and Conjugates"	0.352	"Ceramides"	0.218	"Lipids and lipid-like molecules"	0.956	"Fatty Acyls"	0.917	"Fatty amides"	0.781	"N-acyl amines"	0.799	"N-acyl amines"	0.799	"Organic compounds; Lipids and lipid-like molecules; Alcohols and polyols; Organic acids and derivatives; Carboxylic acids and derivatives; Organonitrogen compounds; Organooxygen compounds; Fatty amides; Carboxylic acid amides; Carboxylic acid derivatives; N-acyl amines; Monocarboxylic acids and derivatives; Carboxylic acids; Secondary carboxylic acid amides; Carbonyl compounds; Amines; Fatty Acyls; Organic oxides; Hydrocarbon derivatives; Organopnictogen compounds; Organic oxygen compounds; Organic nitrogen compounds; Chemical entities"	592.542	484	8.072	836961283174504320	836961029771418624	836961029771418624	790	NA	790
3	"C22H32O3"	"[M + H3N + H]+"	"C22H36NO3+"	"Terpenoids"	0.87	"Apocarotenoids"	0.317	"Apocarotenoids (β-)"	0.337	"Lipids and lipid-like molecules"	0.91	"Prenol lipids"	0.687	NA	NA	NA	NA	"Prenol lipids"	0.687	"Organic compounds; Lipids and lipid-like molecules; Alcohols and polyols; Prenol lipids; Organooxygen compounds; Monocarboxylic acids and derivatives; Carbonyl compounds; Fatty Acyls; Organic oxides; Hydrocarbon derivatives; Organic oxygen compounds; Chemical entities"	362.269	486	8.108	836961242217121792	836961029804973056	836961029804973056	791	NA	791
2	"C20H28O2"	"[M + H]+"	"C20H29O2+"	"Terpenoids"	0.913	"Diterpenoids"	0.376	"Cannabinoids"	0.198	"Benzenoids"	0.943	"Phenols"	0.809	"1-hydroxy-2-unsubstituted benzenoids"	0.635	NA	NA	"1-hydroxy-2-unsubstituted benzenoids"	0.635	"Organic compounds; Lipids and lipid-like molecules; Phenols; Prenol lipids; Organic acids and derivatives; Carboxylic acids and derivatives; Organooxygen compounds; Carboxylic acid derivatives; Monocarboxylic acids and derivatives; Carboxylic acid esters; Carbonyl compounds; Benzene and substituted derivatives; Benzenoids; Enoate esters; Alpha,beta-unsaturated carboxylic esters; Organic oxides; Hydrocarbon derivatives; Organic oxygen compounds; 1-hydroxy-2-unsubstituted benzenoids; 1-hydroxy-4-unsubstituted benzenoids; Chemical entities"	301.216	487	8.112	836961243118897280	836961029876276224	836961029876276224	793	NA	793
3	"C17H23NO5"	"[M + H3N + H]+"	"C17H27N2O5+"	"Alkaloids"	0.722	"Tyrosine alkaloids"	0.616	"Zearalenones"	0.113	"Benzenoids"	0.718	NA	NA	NA	NA	NA	NA	"Benzenoids"	0.718	"Organic compounds; Alcohols and polyols; Organic acids and derivatives; Carboxylic acids and derivatives; Organonitrogen compounds; Organooxygen compounds; Secondary alcohols; Carbonyl compounds; Benzenoids; Amines; Organic oxides; Hydrocarbon derivatives; Organopnictogen compounds; Organic oxygen compounds; Organic nitrogen compounds; Chemical entities"	339.193	487	8.112	836961261536088320	836961029842721792	836961029842721792	792	NA	792
1	"C18H28O"	"[M + H]+"	"C18H29O+"	"Terpenoids"	0.911	"Diterpenoids"	0.665	"Farnesane sesquiterpenoids"	0.142	"Lipids and lipid-like molecules"	0.804	"Prenol lipids"	0.711	NA	NA	NA	NA	"Prenol lipids"	0.711	"Organic compounds; Lipids and lipid-like molecules; Prenol lipids; Organooxygen compounds; Carbonyl compounds; Organic oxides; Hydrocarbon derivatives; Organic oxygen compounds; Chemical entities"	261.221	489	8.143	836961248298863360	836961029909830656	836961029909830656	794	NA	794
1	"C18H28O"	"[M + H3N + H]+"	"C18H32NO+"	"Terpenoids"	0.867	"Diterpenoids"	0.68	"Fatty aldehydes"	0.068	"Lipids and lipid-like molecules"	0.874	"Prenol lipids"	0.737	NA	NA	NA	NA	"Prenol lipids"	0.737	"Organic compounds; Lipids and lipid-like molecules; Aldehydes; Prenol lipids; Organooxygen compounds; Carbonyl compounds; Organic oxides; Hydrocarbon derivatives; Organic oxygen compounds; Chemical entities"	278.248	489	8.145	836961252354755840	836961029947579392	836961029947579392	795	NA	795
1	"C12H24O2"	"[M - H2O + H]+"	"C12H23O+"	"Fatty acids"	0.938	"Fatty acyls"	0.789	"Fatty alcohols"	0.653	"Lipids and lipid-like molecules"	0.668	"Fatty Acyls"	0.59	NA	NA	NA	NA	"Fatty Acyls"	0.59	"Organic compounds; Lipids and lipid-like molecules; Alcohols and polyols; Organooxygen compounds; Carbonyl compounds; Fatty Acyls; Organic oxides; Hydrocarbon derivatives; Organic oxygen compounds; Chemical entities"	183.174	490	8.162	836961242468780160	836961029981133824	836961029976939520	796	NA	796
1	"C15H26O"	"[M + H]+"	"C15H27O+"	"Fatty acids"	0.971	"Fatty acyls"	0.973	"Fatty aldehydes"	0.734	"Lipids and lipid-like molecules"	0.512	NA	NA	NA	NA	NA	NA	"Lipids and lipid-like molecules"	0.512	"Organic compounds; Lipids and lipid-like molecules; Aldehydes; Organooxygen compounds; Carbonyl compounds; Organic oxides; Hydrocarbon derivatives; Organic oxygen compounds; Chemical entities"	223.206	492	8.204	836961239117530624	836961030035659776	836961030035659776	797	NA	797
3	"C20H34O2"	"[M + H3N + H]+"	"C20H38NO2+"	"Fatty acids"	0.979	"Fatty Acids and Conjugates"	0.344	"Unsaturated fatty acids"	0.487	"Lipids and lipid-like molecules"	0.899	"Fatty Acyls"	0.864	NA	NA	NA	NA	"Fatty Acyls"	0.864	"Organic compounds; Lipids and lipid-like molecules; Organooxygen compounds; Monocarboxylic acids and derivatives; Carbonyl compounds; Fatty Acyls; Organic oxides; Hydrocarbon derivatives; Organic oxygen compounds; Chemical entities"	324.29	493	8.212	836961250236632192	836961030069214208	836961030069214208	798	NA	798
3	"C13H19N5O2"	"[M + H3N + H]+"	"C13H23N6O2+"	"Amino acids and Peptides"	0.607	"Small peptides"	0.462	"Purine alkaloids"	0.249	"Organoheterocyclic compounds"	0.918	"Azoles"	0.58	NA	NA	NA	NA	"Azoles"	0.58	"Organic compounds; Organoheterocyclic compounds; Organic acids and derivatives; Organonitrogen compounds; Organooxygen compounds; Azoles; Amines; Organic oxides; Azacyclic compounds; Heteroaromatic compounds; Hydrocarbon derivatives; Organopnictogen compounds; Organic oxygen compounds; Organic nitrogen compounds; Chemical entities"	295.188	493	8.224	836961246717610496	836961030102768640	836961030102768640	799	NA	799
1	"C18H28O"	"[M + H3N + H]+"	"C18H32NO+"	"Terpenoids"	0.758	"Diterpenoids"	0.478	"Fatty aldehydes"	0.11	"Lipids and lipid-like molecules"	0.888	"Prenol lipids"	0.653	NA	NA	NA	NA	"Prenol lipids"	0.653	"Organic compounds; Lipids and lipid-like molecules; Aldehydes; Prenol lipids; Organooxygen compounds; Carbonyl compounds; Organic oxides; Hydrocarbon derivatives; Organic oxygen compounds; Chemical entities"	278.248	495	8.25	836961245090220416	836961030169877632	836961030169877632	801	NA	801
1	"C12H24O2"	"[M - H2O + H]+"	"C12H23O+"	"Fatty acids"	0.951	"Fatty acyls"	0.669	"Fatty alcohols"	0.488	"Lipids and lipid-like molecules"	0.769	"Fatty Acyls"	0.708	NA	NA	NA	NA	"Fatty Acyls"	0.708	"Organic compounds; Lipids and lipid-like molecules; Alcohols and polyols; Organooxygen compounds; Carbonyl compounds; Fatty Acyls; Organic oxides; Hydrocarbon derivatives; Organic oxygen compounds; Chemical entities"	183.174	496	8.262	836961241042716544	836961030203432064	836961030203432064	802	NA	802
2	"C18H28O"	"[M + H3N + H]+"	"C18H32NO+"	"Terpenoids"	0.961	"Diterpenoids"	0.705	"Cembrane diterpenoids"	0.052	"Lipids and lipid-like molecules"	0.859	"Prenol lipids"	0.781	NA	NA	NA	NA	"Prenol lipids"	0.781	"Organic compounds; Lipids and lipid-like molecules; Prenol lipids; Organooxygen compounds; Carbonyl compounds; Organic oxides; Hydrocarbon derivatives; Organic oxygen compounds; Chemical entities"	278.248	497	8.277	836961267500389248	836961030308289664	836961030308289664	805	NA	805
2	"C18H28O2"	"[M + H3N + H]+"	"C18H32NO2+"	"Terpenoids"	0.882	"Diterpenoids"	0.508	"Bisabolane sesquiterpenoids"	0.17	"Lipids and lipid-like molecules"	0.8	"Prenol lipids"	0.662	NA	NA	NA	NA	"Prenol lipids"	0.662	"Organic compounds; Lipids and lipid-like molecules; Alcohols and polyols; Prenol lipids; Organooxygen compounds; Carbonyl compounds; Organic oxides; Hydrocarbon derivatives; Organic oxygen compounds; Chemical entities"	294.243	498	8.304	836961266204349312	836961030136323072	836961030136323072	800	NA	800
1	"C18H28O2"	"[M + H3N + H]+"	"C18H32NO2+"	"Fatty acids"	0.92	"Fatty Acids and Conjugates"	0.254	"Unsaturated fatty acids"	0.193	"Lipids and lipid-like molecules"	0.841	"Fatty Acyls"	0.765	"Fatty acids and conjugates"	0.594	"Long-chain fatty acids"	0.596	"Long-chain fatty acids"	0.596	"Organic compounds; Lipids and lipid-like molecules; Ketones; Fatty acids and conjugates; Organic acids and derivatives; Carboxylic acids and derivatives; Organooxygen compounds; Unsaturated fatty acids; Monocarboxylic acids and derivatives; Carboxylic acids; Carbonyl compounds; Long-chain fatty acids; Fatty Acyls; Organic oxides; Hydrocarbon derivatives; Organic oxygen compounds; Chemical entities"	294.243	499	8.315	836961251671084160	836961030241180800	836961030236986496	803	NA	803
2	"C15H20O"	"[M + H]+"	"C15H21O+"	"Fatty acids"	0.545	"Fatty acyls"	0.439	"Fatty aldehydes"	0.182	"Phenylpropanoids and polyketides"	0.176	"Cinnamaldehydes"	0.545	NA	NA	NA	NA	"Cinnamaldehydes"	0.545	"Organic compounds; Cinnamaldehydes; Ketones; Aldehydes; Organooxygen compounds; Carbonyl compounds; Benzene and substituted derivatives; Benzenoids; Organic oxides; Hydrocarbon derivatives; Organic oxygen compounds; Chemical entities"	217.159	500	8.333	836961254800035456	836961030274735232	836961030274735232	804	NA	804
1	"C16H28O"	"[M + H3N + H]+"	"C16H32NO+"	"Fatty acids"	0.992	"Fatty acyls"	0.978	"Fatty aldehydes"	0.762	"Lipids and lipid-like molecules"	0.488	"Fatty Acyls"	0.424	"Fatty aldehydes"	0.594	NA	NA	"Fatty aldehydes"	0.594	"Organic compounds; Aldehydes; Fatty aldehydes; Organooxygen compounds; Carbonyl compounds; Organic oxides; Hydrocarbon derivatives; Organic oxygen compounds; Chemical entities"	254.248	505	8.413	836961248324029184	836961030446701696	836961030442507392	809	NA	809
1	"C16H28O"	"[M + H]+"	"C16H29O+"	"Fatty acids"	0.985	"Fatty acyls"	0.965	"Fatty aldehydes"	0.713	"Lipids and lipid-like molecules"	0.531	"Fatty Acyls"	0.448	"Fatty aldehydes"	0.575	NA	NA	"Fatty aldehydes"	0.575	"Organic compounds; Lipids and lipid-like molecules; Aldehydes; Fatty aldehydes; Organooxygen compounds; Carbonyl compounds; Organic oxides; Hydrocarbon derivatives; Organic oxygen compounds; Chemical entities"	237.221	505	8.413	836961263159284096	836961030408952960	836961030408952960	808	NA	808
1	"C16H28O"	"[M - H2O + H]+"	"C16H27+"	"Fatty acids"	0.825	"Fatty acyls"	0.713	"Fatty alcohols"	0.454	"Lipids and lipid-like molecules"	0.701	NA	NA	NA	NA	NA	NA	"Lipids and lipid-like molecules"	0.701	"Organic compounds; Lipids and lipid-like molecules; Organooxygen compounds; Carbonyl compounds; Hydrocarbon derivatives; Organic oxygen compounds; Chemical entities"	219.211	505	8.413	836961254133140992	836961030480256128	836961030480256128	810	NA	810
2	"C15H26O"	"[M + H]+"	"C15H27O+"	"Terpenoids"	0.974	"Sesquiterpenoids"	0.945	"Caryophyllane sesquiterpenoids"	0.229	"Lipids and lipid-like molecules"	0.775	"Prenol lipids"	0.719	"Sesquiterpenoids"	0.533	NA	NA	"Sesquiterpenoids"	0.533	"Organic compounds; Lipids and lipid-like molecules; Prenol lipids; Organooxygen compounds; Sesquiterpenoids; Hydrocarbon derivatives; Organic oxygen compounds; Chemical entities"	223.206	506	8.427	836961260118413312	836961030341844096	836961030337649792	806	NA	806
1	"C16H28O"	"[M + H3N + H]+"	"C16H32NO+"	"Terpenoids"	0.978	"Sesquiterpenoids"	0.898	"Caryophyllane sesquiterpenoids"	0.312	"Lipids and lipid-like molecules"	0.794	"Prenol lipids"	0.729	NA	NA	NA	NA	"Prenol lipids"	0.729	"Organic compounds; Lipids and lipid-like molecules; Alcohols and polyols; Prenol lipids; Organooxygen compounds; Hydrocarbon derivatives; Organic oxygen compounds; Chemical entities"	254.248	506	8.428	836961254296718848	836961030652222592	836961030652222592	815	NA	815
2	"C20H28O2"	"[M + H]+"	"C20H29O2+"	"Terpenoids"	0.93	"Diterpenoids"	0.373	"Cannabinoids"	0.198	"Benzenoids"	0.917	"Phenols"	0.831	"1-hydroxy-2-unsubstituted benzenoids"	0.692	NA	NA	"1-hydroxy-2-unsubstituted benzenoids"	0.692	"Organic compounds; Lipids and lipid-like molecules; Phenols; Prenol lipids; Organic acids and derivatives; Carboxylic acids and derivatives; Organooxygen compounds; Carboxylic acid derivatives; Monocarboxylic acids and derivatives; Carboxylic acid esters; Carbonyl compounds; Benzene and substituted derivatives; Benzenoids; Enoate esters; Alpha,beta-unsaturated carboxylic esters; Organic oxides; Hydrocarbon derivatives; Organic oxygen compounds; 1-hydroxy-2-unsubstituted benzenoids; 1-hydroxy-4-unsubstituted benzenoids; Chemical entities"	301.216	506	8.441	836961254686789120	836961030547364992	836961030547364992	812	NA	812
1	"C15H26O"	"[M + H]+"	"C15H27O+"	"Fatty acids"	0.988	"Fatty acyls"	0.986	"Fatty aldehydes"	0.767	"Organic oxygen compounds"	0.976	"Organooxygen compounds"	0.958	"Carbonyl compounds"	0.878	NA	NA	"Carbonyl compounds"	0.878	"Organic compounds; Organooxygen compounds; Carbonyl compounds; Organic oxides; Hydrocarbon derivatives; Organic oxygen compounds; Chemical entities"	223.206	507	8.447	836961245585148288	836961030618668160	836961030618668160	814	NA	814
1	"C15H28O"	"[M + H3N + H]+"	"C15H32NO+"	"Fatty acids"	0.969	"Fatty acyls"	0.975	"Fatty alcohols"	0.966	"Lipids and lipid-like molecules"	0.67	"Fatty Acyls"	0.602	"Fatty alcohols"	0.674	"Long-chain fatty alcohols"	0.598	"Long-chain fatty alcohols"	0.598	"Organic compounds; Lipids and lipid-like molecules; Alcohols and polyols; Organooxygen compounds; Fatty alcohols; Carbonyl compounds; Long-chain fatty alcohols; Fatty Acyls; Organic oxides; Hydrocarbon derivatives; Organic oxygen compounds; Chemical entities"	242.248	511	8.513	836961308839451776	836961030685777024	836961030685777024	816	NA	816
1	"C18H42N3O5P"	"[M + H3N + H]+"	"C18H46N4O5P+"	"Fatty acids"	0.805	"Fatty amides"	0.096	"Sphingoid bases"	0.235	"Lipids and lipid-like molecules"	0.557	NA	NA	NA	NA	NA	NA	"Lipids and lipid-like molecules"	0.557	"Organic compounds; Lipids and lipid-like molecules; Organic acids and derivatives; Organonitrogen compounds; Organooxygen compounds; Organophosphorus compounds; Organic phosphonic acids and derivatives; Monoalkylamines; Primary amines; Organic oxides; Hydrocarbon derivatives; Organopnictogen compounds; Organic oxygen compounds; Organic nitrogen compounds; Chemical entities"	429.319	512	8.525	836961283275167616	836961030719331456	836961030719331456	817	NA	817
2	"C41H76O18"	"[M - H2O + H]+"	"C41H75O17+"	"Fatty acids"	0.972	"Glycerolipids"	0.843	"Glycosyldiacylglycerols"	0.183	"Lipids and lipid-like molecules"	0.976	"Glycerolipids"	0.852	"Glycosylglycerols"	0.657	NA	NA	"Glycosylglycerols"	0.657	"Organic compounds; Organoheterocyclic compounds; Carbohydrates and carbohydrate conjugates; Lipids and lipid-like molecules; Alcohols and polyols; Glycerolipids; Ethers; Organic acids and derivatives; Carboxylic acids and derivatives; Primary alcohols; Organooxygen compounds; Fatty acid esters; Dicarboxylic acids and derivatives; Glycosylglycerols; Carboxylic acid derivatives; Carboxylic acid esters; Monosaccharides; Acetals; Secondary alcohols; Fatty acyl glycosides; Carbonyl compounds; Oxanes; Glycosyl compounds; O-glycosyl compounds; Polyols; Fatty acyl glycosides of mono- and disaccharides; Fatty Acyls; Organic oxides; Oxacyclic compounds; Hydrocarbon derivatives; Organic oxygen compounds; Chemical entities"	839.497	512	8.535	836961379635111296	836961030790634624	836961030790634624	819	NA	819
1	"C15H26O2"	"[M + H]+"	"C15H27O2+"	"Terpenoids"	0.578	"Sesquiterpenoids"	0.715	"Farnesane sesquiterpenoids"	0.142	"Lipids and lipid-like molecules"	0.689	NA	NA	NA	NA	NA	NA	"Lipids and lipid-like molecules"	0.689	"Organic compounds; Lipids and lipid-like molecules; Carboxylic acids and derivatives; Organooxygen compounds; Monocarboxylic acids and derivatives; Carbonyl compounds; Organic oxides; Hydrocarbon derivatives; Organic oxygen compounds; Chemical entities"	239.201	513	8.552	836961244444297472	836961030828383360	836961030828383360	820	NA	820
1	"C21H35N3O"	"[M + H3N + H]+"	"C21H39N4O+"	"Alkaloids"	0.769	"Pseudoalkaloids (transamidation)"	0.384	"Terpenoid alkaloids"	0.249	"Lipids and lipid-like molecules"	0.578	NA	NA	NA	NA	NA	NA	"Lipids and lipid-like molecules"	0.578	"Organic compounds; Lipids and lipid-like molecules; Organonitrogen compounds; Organooxygen compounds; Amines; Hydrocarbon derivatives; Organopnictogen compounds; Organic oxygen compounds; Organic nitrogen compounds; Chemical entities"	363.31	513	8.552	836961244754675968	836961030752885888	836961030752885888	818	NA	818
1	"C45H74O12S"	"[M + H3N + H]+"	"C45H78NO12S+"	"Fatty acids"	1	"Glycerolipids"	1	"Glycosyldiacylglycerols"	0.976	"Lipids and lipid-like molecules"	0.998	"Glycerolipids"	0.994	"Glycosylglycerols"	0.999	"Glycosyldiradylglycerols"	0.981	"Sulfoquinovosyldiacylglycerols"	0.771	"Organic compounds; Organoheterocyclic compounds; Carbohydrates and carbohydrate conjugates; Lipids and lipid-like molecules; Alcohols and polyols; Glycerolipids; Ethers; Organic acids and derivatives; Carboxylic acids and derivatives; Organosulfonic acids and derivatives; Primary alcohols; Organooxygen compounds; Fatty acid esters; Dicarboxylic acids and derivatives; Lineolic acids and derivatives; Glycosylglycerols; Carboxylic acid derivatives; Sulfonyls; Organosulfonic acids; Carboxylic acid esters; Hexoses; Monosaccharides; Acetals; Secondary alcohols; Fatty acyl glycosides; Carbonyl compounds; Oxanes; Glycosyl compounds; O-glycosyl compounds; Sulfoquinovosyldiacylglycerols; Polyols; Glycosyldiacylglycerols; Alkanesulfonic acids and derivatives; Alkanesulfonic acids; Glycosyldiradylglycerols; Fatty acyl glycosides of mono- and disaccharides; Fatty Acyls; Organic oxides; Oxacyclic compounds; Hydrocarbon derivatives; Organic sulfonic acids and derivatives; Organic oxygen compounds; Chemical entities"	856.524	515	8.581	836961252803546496	836961030861937792	836961030861937792	821	NA	821
1	"C15H26O"	"[M + H]+"	"C15H27O+"	"Fatty acids"	0.996	"Fatty acyls"	0.992	"Fatty aldehydes"	0.841	"Organic oxygen compounds"	0.986	"Organooxygen compounds"	0.973	"Carbonyl compounds"	0.894	"Ketones"	0.506	"Ketones"	0.506	"Organic compounds; Ketones; Organooxygen compounds; Carbonyl compounds; Organic oxides; Hydrocarbon derivatives; Organic oxygen compounds; Chemical entities"	223.206	516	8.595	836961249687178240	836961030899686528	836961030899686528	822	NA	822
2	"C19H38N2O2"	"[M + H]+"	"C19H39N2O2+"	"Fatty acids"	0.406	"Fatty amides"	0.494	"N-acyl ethanolamines (endocannabinoids)"	0.123	"Lipids and lipid-like molecules"	0.651	NA	NA	NA	NA	NA	NA	"Lipids and lipid-like molecules"	0.651	"Organic compounds; Lipids and lipid-like molecules; Organic acids and derivatives; Carboxylic acids and derivatives; Organonitrogen compounds; Organooxygen compounds; Carboxylic acid amides; Carboxylic acid derivatives; Carbonyl compounds; Organic oxides; Hydrocarbon derivatives; Organopnictogen compounds; Organic oxygen compounds; Organic nitrogen compounds; Chemical entities"	327.3	519	8.653	836961263922647552	836961030966795392	836961030966795392	824	NA	824
2	"C15H26O"	"[M + H]+"	"C15H27O+"	"Terpenoids"	0.977	"Sesquiterpenoids"	0.952	"Caryophyllane sesquiterpenoids"	0.234	"Lipids and lipid-like molecules"	0.787	"Prenol lipids"	0.713	"Sesquiterpenoids"	0.555	NA	NA	"Sesquiterpenoids"	0.555	"Organic compounds; Lipids and lipid-like molecules; Alcohols and polyols; Prenol lipids; Organooxygen compounds; Sesquiterpenoids; Hydrocarbon derivatives; Organic oxygen compounds; Chemical entities"	223.206	520	8.659	836961253877288448	836961031340088576	836961031340088576	835	NA	835
1	"C15H28O"	"[M + H3N + H]+"	"C15H32NO+"	"Fatty acids"	0.975	"Fatty acyls"	0.965	"Fatty alcohols"	0.942	"Lipids and lipid-like molecules"	0.661	"Fatty Acyls"	0.635	"Fatty alcohols"	0.655	"Long-chain fatty alcohols"	0.541	"Long-chain fatty alcohols"	0.541	"Organic compounds; Lipids and lipid-like molecules; Alcohols and polyols; Organooxygen compounds; Fatty alcohols; Carbonyl compounds; Long-chain fatty alcohols; Fatty Acyls; Organic oxides; Hydrocarbon derivatives; Organic oxygen compounds; Chemical entities"	242.248	520	8.675	836961283518437248	836961031033904256	836961031033904256	826	NA	826
1	"C18H33NO"	"[M + Na]+"	"C18H33NNaO+"	"Fatty acids"	1	"Fatty amides"	0.997	"Primary amides"	0.997	"Lipids and lipid-like molecules"	0.898	"Fatty Acyls"	0.909	"Fatty amides"	0.901	NA	NA	"Fatty amides"	0.901	"Organic compounds; Lipids and lipid-like molecules; Organic acids and derivatives; Carboxylic acids and derivatives; Organonitrogen compounds; Organooxygen compounds; Fatty amides; Carboxylic acid amides; Carboxylic acid derivatives; Primary carboxylic acid amides; Carbonyl compounds; Fatty Acyls; Organic oxides; Hydrocarbon derivatives; Organopnictogen compounds; Organic oxygen compounds; Organic nitrogen compounds; Chemical entities"	302.245	522	8.694	836961283682015104	836961031096818816	836961031096818816	828	NA	828
1	"C20H37NO"	"[M + H3N + H]+"	"C20H41N2O+"	"Fatty acids"	1	"Fatty amides"	0.998	"Primary amides"	0.761	"Lipids and lipid-like molecules"	0.904	"Fatty Acyls"	0.921	"Fatty amides"	0.922	"N-acyl amines"	0.846	"N-acyl amines"	0.846	"Organic compounds; Lipids and lipid-like molecules; Organic acids and derivatives; Carboxylic acids and derivatives; Organonitrogen compounds; Organooxygen compounds; Fatty amides; Carboxylic acid amides; Carboxylic acid derivatives; N-acyl amines; Carbonyl compounds; Fatty Acyls; Organic oxides; Hydrocarbon derivatives; Organopnictogen compounds; Organic oxygen compounds; Organic nitrogen compounds; Chemical entities"	325.321	522	8.694	836961244758870400	836961031163927680	836961031163927680	830	NA	830
1	"C18H30O"	"[M - H2O + H]+"	"C18H29+"	"Fatty acids"	0.82	"Fatty acyls"	0.725	"Fatty alcohols"	0.414	"Lipids and lipid-like molecules"	0.899	"Fatty Acyls"	0.523	NA	NA	NA	NA	"Fatty Acyls"	0.523	"Organic compounds; Lipids and lipid-like molecules; Organooxygen compounds; Carbonyl compounds; Fatty Acyls; Organic oxides; Hydrocarbon derivatives; Organic oxygen compounds; Chemical entities"	245.226	522	8.694	836961245950052736	836961031272979712	836961031272979712	833	NA	833
1	"C18H30O"	"[M + H3N + H]+"	"C18H34NO+"	"Fatty acids"	0.938	"Fatty acyls"	0.918	"Fatty alcohols"	0.273	"Lipids and lipid-like molecules"	0.701	NA	NA	NA	NA	NA	NA	"Lipids and lipid-like molecules"	0.701	"Organic compounds; Lipids and lipid-like molecules; Ketones; Organooxygen compounds; Carbonyl compounds; Organic oxides; Hydrocarbon derivatives; Organic oxygen compounds; Chemical entities"	280.264	522	8.695	836961249229998976	836961031235230848	836961031235230848	832	NA	832
1	"C18H30O"	"[M + H]+"	"C18H31O+"	"Fatty acids"	0.99	"Fatty acyls"	0.975	"Fatty aldehydes"	0.544	"Lipids and lipid-like molecules"	0.647	"Fatty Acyls"	0.485	"Fatty aldehydes"	0.54	NA	NA	"Fatty aldehydes"	0.54	"Organic compounds; Lipids and lipid-like molecules; Fatty aldehydes; Organooxygen compounds; Carbonyl compounds; Organic oxides; Hydrocarbon derivatives; Organic oxygen compounds; Chemical entities"	263.237	522	8.695	836961255815057152	836961031201676416	836961031201676416	831	NA	831
1	"C18H38O4"	"[M + H]+"	"C18H39O4+"	"Fatty acids"	1	"Fatty acyls"	0.688	"Fatty alcohols"	0.865	"Lipids and lipid-like molecules"	0.97	"Fatty Acyls"	0.975	NA	NA	NA	NA	"Fatty Acyls"	0.975	"Organic compounds; Lipids and lipid-like molecules; Alcohols and polyols; Organic acids and derivatives; Carboxylic acids and derivatives; Organooxygen compounds; Monocarboxylic acids and derivatives; Carboxylic acids; Secondary alcohols; Carbonyl compounds; Fatty Acyls; Organic oxides; Hydrocarbon derivatives; Organic oxygen compounds; Chemical entities"	319.284	522	8.699	836961246902159872	836961031306534144	836961031306534144	834	NA	834
1	"C21H35N3O"	"[M + H3N + H]+"	"C21H39N4O+"	"Alkaloids"	0.891	"Pseudoalkaloids (transamidation)"	0.526	"Terpenoid alkaloids"	0.139	"Organoheterocyclic compounds"	0.751	"Azoles"	0.533	NA	NA	NA	NA	"Azoles"	0.533	"Organic compounds; Organoheterocyclic compounds; Organonitrogen compounds; Organooxygen compounds; Azoles; Monoalkylamines; Amines; Primary amines; Azacyclic compounds; Heteroaromatic compounds; Hydrocarbon derivatives; Organopnictogen compounds; Organic oxygen compounds; Organic nitrogen compounds; Chemical entities"	363.31	523	8.709	836961255810862720	836961031369448704	836961031369448704	836	NA	836
1	"C16H30BNO5"	"[M + H3N + H]+"	"C16H34BN2O5+"	"Fatty acids"	0.768	"Small peptides"	0.204	"Aminoacids"	0.101	"Organic acids and derivatives"	0.983	"Carboxylic acids and derivatives"	0.888	"Amino acids, peptides, and analogues"	0.521	"Amino acids and derivatives"	0.519	"Amino acids and derivatives"	0.519	"Organic compounds; Lipids and lipid-like molecules; Amino acids, peptides, and analogues; Fatty acids and conjugates; Organic acids and derivatives; Carboxylic acids and derivatives; Organonitrogen compounds; Organooxygen compounds; Amino acids and derivatives; Organometallic compounds; Carboxylic acid amides; Boronic acid derivatives; Carboxylic acid derivatives; Carboxylic acids; Organometalloid compounds; Secondary carboxylic acid amides; Carbonyl compounds; Organoboron compounds; Organic salts; Fatty Acyls; Organic oxides; Organic metalloid salts; Organic metal salts; Hydrocarbon derivatives; Alkylboranes; Monoalkylboranes; Organic oxygen compounds; Organic nitrogen compounds; Chemical entities"	344.258	524	8.732	836961262886654336	836961031440751872	836961031440751872	838	NA	838
2	"C17H26N2O5"	"[M - H2O + H]+"	"C17H25N2O4+"	"Alkaloids"	0.588	"Small peptides"	0.443	"Dipeptides"	0.48	"Organic acids and derivatives"	0.998	"Carboxylic acids and derivatives"	0.993	"Amino acids, peptides, and analogues"	0.645	"Amino acids and derivatives"	0.643	"N-acyl-alpha amino acids and derivatives"	0.508	"Organic compounds; Lipids and lipid-like molecules; Amino acids, peptides, and analogues; Benzoic acids and derivatives; Organic acids and derivatives; Carboxylic acids and derivatives; Organonitrogen compounds; Benzoyl derivatives; Organooxygen compounds; Fatty amides; Amino acids and derivatives; Carboxylic acid amides; Carboxylic acid derivatives; Monocarboxylic acids and derivatives; N-acyl-alpha amino acids and derivatives; Carboxylic acids; Secondary carboxylic acid amides; Carbonyl compounds; Benzene and substituted derivatives; Benzenoids; Fatty Acyls; Organic oxides; Hydrocarbon derivatives; Organopnictogen compounds; Organic oxygen compounds; Organic nitrogen compounds; Chemical entities"	321.182	524	8.734	836961256213516032	836961031407197440	836961031407197440	837	NA	837
3	"C17H21NO4"	"[M + H3N + H]+"	"C17H25N2O4+"	"Amino acids and Peptides"	0.401	"Linear polyketides"	0.184	"Piperidine alkaloids"	0.181	"Organic oxygen compounds"	1	"Organooxygen compounds"	0.999	"Carbonyl compounds"	0.896	"Ketones"	0.502	"Ketones"	0.502	"Organic compounds; Organoheterocyclic compounds; Ketones; Organic acids and derivatives; Carboxylic acids and derivatives; Organonitrogen compounds; Organooxygen compounds; Carboxylic acid amides; Carboxylic acid derivatives; Carbonyl compounds; Organic oxides; Oxacyclic compounds; Hydrocarbon derivatives; Organopnictogen compounds; Organic oxygen compounds; Organic nitrogen compounds; Chemical entities"	321.182	525	8.743	836961261754192128	836961031574969600	836961031574969600	842	NA	842
1	"C18H30O"	"[M + H3N + H]+"	"C18H34NO+"	"Fatty acids"	0.99	"Fatty acyls"	0.977	"Fatty alcohols"	0.413	"Lipids and lipid-like molecules"	0.615	NA	NA	NA	NA	NA	NA	"Lipids and lipid-like molecules"	0.615	"Organic compounds; Lipids and lipid-like molecules; Ketones; Organooxygen compounds; Carbonyl compounds; Organic oxides; Hydrocarbon derivatives; Organic oxygen compounds; Chemical entities"	280.264	528	8.807	836961286060185728	836961031474306304	836961031474306304	839	NA	839
3	"C18H30O"	"[M + H]+"	"C18H31O+"	"Terpenoids"	0.893	"Diterpenoids"	0.689	"Norlabdane diterpenoids"	0.144	"Lipids and lipid-like molecules"	0.846	"Prenol lipids"	0.612	NA	NA	NA	NA	"Prenol lipids"	0.612	"Organic compounds; Lipids and lipid-like molecules; Alcohols and polyols; Prenol lipids; Organooxygen compounds; Hydrocarbon derivatives; Organic oxygen compounds; Chemical entities"	263.237	529	8.812	836961246390454784	836961031507860736	836961031507860736	840	NA	840
2	"C20H26O2"	"[M + H]+"	"C20H27O2+"	"Terpenoids"	0.942	"Diterpenoids"	0.386	"Cannabinoids"	0.751	"Benzenoids"	0.963	"Phenols"	0.748	"1-hydroxy-2-unsubstituted benzenoids"	0.629	NA	NA	"1-hydroxy-2-unsubstituted benzenoids"	0.629	"Organic compounds; Lipids and lipid-like molecules; Phenols; Prenol lipids; Organooxygen compounds; Carbonyl compounds; Benzene and substituted derivatives; Benzenoids; Organic oxides; Hydrocarbon derivatives; Organic oxygen compounds; 1-hydroxy-2-unsubstituted benzenoids; Chemical entities"	299.201	529	8.813	836961261645140224	836961031545609472	836961031541415168	841	NA	841
2	"C16H26O"	"[M + H]+"	"C16H27O+"	"Terpenoids"	0.989	"Sesquiterpenoids"	0.938	"Caryophyllane sesquiterpenoids"	0.22	"Lipids and lipid-like molecules"	0.789	"Prenol lipids"	0.73	"Sesquiterpenoids"	0.558	NA	NA	"Sesquiterpenoids"	0.558	"Organic compounds; Lipids and lipid-like molecules; Alcohols and polyols; Prenol lipids; Organooxygen compounds; Sesquiterpenoids; Hydrocarbon derivatives; Organic oxygen compounds; Chemical entities"	235.206	530	8.839	836961246570809856	836961031671438592	836961031671438592	844	NA	844
1	"C17H30O"	"[M + H3N + H]+"	"C17H34NO+"	"Fatty acids"	0.989	"Fatty acyls"	0.987	"Fatty alcohols"	0.791	"Lipids and lipid-like molecules"	0.562	"Fatty Acyls"	0.489	"Fatty alcohols"	0.376	"Long-chain fatty alcohols"	0.515	"Long-chain fatty alcohols"	0.515	"Organic compounds; Lipids and lipid-like molecules; Ketones; Organooxygen compounds; Carbonyl compounds; Long-chain fatty alcohols; Organic oxides; Hydrocarbon derivatives; Organic oxygen compounds; Chemical entities"	268.263	533	8.875	836961249657818112	836961031805656320	836961031805656320	848	NA	848
8	"C23H44N3O2P"	"[M + H]+"	"C23H45N3O2P+"	"Fatty acids"	0.748	"Fatty amides"	0.299	"N-acyl amines"	0.049	"Lipids and lipid-like molecules"	0.824	"Fatty Acyls"	0.724	"Fatty amides"	0.831	"N-acyl amines"	0.728	"N-acyl amines"	0.728	"Organic compounds; Lipids and lipid-like molecules; Organic acids and derivatives; Carboxylic acids and derivatives; Organonitrogen compounds; Organooxygen compounds; Fatty amides; Organophosphorus compounds; Carboxylic acid amides; Carboxylic acid derivatives; N-acyl amines; Secondary carboxylic acid amides; Carbonyl compounds; Amines; Fatty Acyls; Organic oxides; Hydrocarbon derivatives; Organopnictogen compounds; Organic oxygen compounds; Organic nitrogen compounds; Chemical entities"	426.324	533	8.887	836961316070432384	836961031738547456	836961031738547456	846	NA	846
1	"C8H24O4Si4"	"[M + H]+"	"C8H25O4Si4+"	"Fatty acids"	0.829	"Fatty acyls"	0.406	"Halogenated fatty acids"	0.524	"Organometallic compounds"	0.856	"Organometalloid compounds"	0.856	NA	NA	NA	NA	"Organometalloid compounds"	0.856	"Organic compounds; Organometallic compounds; Organometalloid compounds; Hydrocarbon derivatives; Organic oxygen compounds; Chemical entities"	297.082	534	8.896	836961264321106432	836961032061508864	836961032061508864	855	NA	855
8	"C25H22FN3O6"	"[M + H]+"	"C25H23FN3O6+"	"Alkaloids"	0.437	"Anthranilic acid alkaloids"	0.1	"Benzodiazepine alkaloids"	0.075	"Benzenoids"	0.997	"Phenol ethers"	0.565	NA	NA	NA	NA	"Phenol ethers"	0.565	"Organic compounds; Organoheterocyclic compounds; Halobenzenes; Alkyl aryl ethers; Ethers; Organic acids and derivatives; Carboxylic acids and derivatives; Organohalogen compounds; Organonitrogen compounds; Organooxygen compounds; Carboxylic acid amides; Aryl fluorides; Carboxylic acid derivatives; Fluorobenzenes; Organofluorides; Secondary carboxylic acid amides; Carbonyl compounds; Benzene and substituted derivatives; Phenol ethers; Benzenoids; Aryl halides; Organic oxides; Azacyclic compounds; Heteroaromatic compounds; Hydrocarbon derivatives; Organopnictogen compounds; Organic oxygen compounds; Organic nitrogen compounds; Phenoxy compounds; Chemical entities"	480.157	534	8.896	836961255966052096	836961031843405056	836961031843405056	849	NA	849
4	"C12H38O7Si6"	"[M + H]+"	"C12H39O7Si6+"	"Fatty acids"	0.946	"Fatty acyls"	0.78	"Fatty alcohols"	0.85	"Organometallic compounds"	0.765	"Organometalloid compounds"	0.765	NA	NA	NA	NA	"Organometalloid compounds"	0.765	"Organic compounds; Organooxygen compounds; Organometallic compounds; Organometalloid compounds; Hydrocarbon derivatives; Organic oxygen compounds; Chemical entities"	463.131	534	8.897	836961328590430464	836961031952456960	836961031952456960	852	NA	852
1	"C16H28O"	"[M + H]+"	"C16H29O+"	"Fatty acids"	0.986	"Fatty acyls"	0.966	"Fatty aldehydes"	0.601	"Lipids and lipid-like molecules"	0.525	"Fatty Acyls"	0.447	"Fatty aldehydes"	0.589	NA	NA	"Fatty aldehydes"	0.589	"Organic compounds; Lipids and lipid-like molecules; Aldehydes; Fatty aldehydes; Organooxygen compounds; Carbonyl compounds; Organic oxides; Hydrocarbon derivatives; Organic oxygen compounds; Chemical entities"	237.221	537	8.955	836961251301985408	836961032128617728	836961032128617728	857	NA	857
1	"C21H44O4"	"[M + H3N + H]+"	"C21H48NO4+"	"Fatty acids"	0.998	"Glycerolipids"	0.971	"Monoacylglycerols"	0.561	"Organic oxygen compounds"	1	"Organooxygen compounds"	1	"Ethers"	0.997	"Dialkyl ethers"	0.997	"Polyethylene glycols"	0.538	"Organic compounds; Lipids and lipid-like molecules; Alcohols and polyols; Glycerolipids; Ethers; Primary alcohols; Organooxygen compounds; Dialkyl ethers; Glycerol ethers; Polyethylene glycols; Hydrocarbon derivatives; Organic oxygen compounds; Chemical entities"	378.358	539	8.987	836961249414548480	836961032267029760	836961032267029760	861	NA	861
1	"C23H48O5"	"[M + H3N + H]+"	"C23H52NO5+"	"Fatty acids"	0.99	"Glycerolipids"	0.93	"Monoacylglycerols"	0.36	"Organic oxygen compounds"	1	"Organooxygen compounds"	1	"Ethers"	0.996	"Dialkyl ethers"	0.996	"Polyethylene glycols"	0.786	"Organic compounds; Alcohols and polyols; Ethers; Primary alcohols; Organooxygen compounds; Dialkyl ethers; Polyethylene glycols; Hydrocarbon derivatives; Organic oxygen compounds; Chemical entities"	422.384	540	8.995	836961252652551552	836961032304778496	836961032304778496	862	NA	862
1	"C21H44O5"	"[M + H]+"	"C21H45O5+"	"Fatty acids"	0.993	"Glycerolipids"	0.886	"Fatty alcohols"	0.455	"Organic oxygen compounds"	1	"Organooxygen compounds"	1	"Ethers"	0.996	"Dialkyl ethers"	0.996	"Polyethylene glycols"	0.833	"Organic compounds; Alcohols and polyols; Ethers; Primary alcohols; Organooxygen compounds; Dialkyl ethers; Polyethylene glycols; Hydrocarbon derivatives; Organic oxygen compounds; Chemical entities"	377.326	540	8.996	836961254061837824	836961032342527232	836961032342527232	863	NA	863
2	"C6H5Br3O3"	"[M + K]+"	"C6H5Br3KO3+"	"Fatty acids"	0.846	"Fatty Acids and Conjugates"	0.865	"Halogenated fatty acids"	0.974	"Organohalogen compounds"	0.996	"Alkyl halides"	0.696	"Alkyl bromides"	0.801	NA	NA	"Alkyl bromides"	0.801	"Organic compounds; Organohalogen compounds; Organooxygen compounds; Alkyl bromides; Organobromides; Carbonyl compounds; Alkyl halides; Organic oxides; Hydrocarbon derivatives; Organic oxygen compounds; Chemical entities"	400.74	541	9.01	836961251989851392	836961032376081664	836961032371887360	864	NA	864
1	"C25H52O6"	"[M + H3N + H]+"	"C25H56NO6+"	"Fatty acids"	0.996	"Glycerolipids"	0.983	"Fatty alcohols"	0.851	"Lipids and lipid-like molecules"	0.833	"Glycerolipids"	0.788	"Monoradylglycerols"	0.503	NA	NA	"Monoradylglycerols"	0.503	"Organic compounds; Lipids and lipid-like molecules; Alcohols and polyols; Glycerolipids; Ethers; Primary alcohols; Organooxygen compounds; Dialkyl ethers; Secondary alcohols; Glycerol ethers; Monoradylglycerols; Fatty Acyls; Hydrocarbon derivatives; Organic oxygen compounds; Chemical entities"	466.41	542	9.03	836961249762675712	836961032405441920	836961032405441920	865	NA	865
3	"C19H40O4"	"[M + H]+"	"C19H41O4+"	"Fatty acids"	1	"Glycerolipids"	0.867	"Fatty alcohols"	0.969	"Lipids and lipid-like molecules"	0.987	"Fatty Acyls"	0.984	"Fatty alcohols"	0.717	NA	NA	"Fatty alcohols"	0.717	"Organic compounds; Lipids and lipid-like molecules; Alcohols and polyols; Organic acids and derivatives; Carboxylic acids and derivatives; Primary alcohols; Organooxygen compounds; Fatty acid esters; Carboxylic acid derivatives; Monocarboxylic acids and derivatives; Carboxylic acid esters; Fatty alcohols; Secondary alcohols; Monoradylglycerols; Fatty Acyls; Organic oxides; Hydrocarbon derivatives; Organic oxygen compounds; Chemical entities"	333.3	542	9.039	836961265159967360	836961032443190656	836961032443190656	866	NA	866
1	"C32H55N3O9"	"[M - H2O + H]+"	"C32H54N3O8+"	"Amino acids and Peptides"	0.928	"Oligopeptides"	0.931	"Lipopeptides"	0.653	"Organic acids and derivatives"	0.995	"Peptidomimetics"	0.605	"Depsipeptides"	0.52	"Cyclic depsipeptides"	0.575	"Cyclic depsipeptides"	0.575	"Organic compounds; Organoheterocyclic compounds; Lipids and lipid-like molecules; Amino acids, peptides, and analogues; Lactones; Alpha amino acids and derivatives; Macrolactams; Alcohols and polyols; Macrolides and analogues; Lactams; Phenylpropanoids and polyketides; Organic acids and derivatives; Carboxylic acids and derivatives; Organonitrogen compounds; Organooxygen compounds; Fatty amides; Amino acids and derivatives; Carboxylic acid amides; Carboxylic acid derivatives; N-acyl amines; Monocarboxylic acids and derivatives; Carboxylic acid esters; Secondary alcohols; Secondary carboxylic acid amides; Peptidomimetics; Carbonyl compounds; Macrolide lactams; Depsipeptides; Cyclic depsipeptides; Fatty Acyls; Organic oxides; Azacyclic compounds; Oxacyclic compounds; Hydrocarbon derivatives; Organopnictogen compounds; Organic oxygen compounds; Organic nitrogen compounds; Chemical entities"	608.393	543	9.057	836961264983806592	836961032476745088	836961032476745088	867	NA	867
1	"C17H24O3"	"[M - H2O + H]+"	"C17H23O2+"	"Terpenoids"	0.489	"Diterpenoids"	0.126	"Estrane steroids"	0.244	"Benzenoids"	0.995	"Phenols"	0.953	"Methoxyphenols"	0.832	NA	NA	"Methoxyphenols"	0.832	"Organic compounds; Lipids and lipid-like molecules; Ketones; Alkyl aryl ethers; Alcohols and polyols; Phenols; Anisoles; Methoxyphenols; Ethers; Organooxygen compounds; Fatty alcohols; Secondary alcohols; Carbonyl compounds; Benzene and substituted derivatives; Phenol ethers; Benzenoids; Organic oxides; Methoxybenzenes; Hydrocarbon derivatives; Organic oxygen compounds; 1-hydroxy-2-unsubstituted benzenoids; Phenoxy compounds; Chemical entities"	259.169	546	9.092	836961271082325120	836961032652905856	836961032648711552	872	NA	872
3	"C22H32O2"	"[M + H3N + H]+"	"C22H36NO2+"	"Terpenoids"	0.493	"Diterpenoids"	0.235	"Catechols with side chains"	0.252	"Benzenoids"	0.735	"Benzene and substituted derivatives"	0.561	NA	NA	NA	NA	"Benzene and substituted derivatives"	0.561	"Organic compounds; Lipids and lipid-like molecules; Organic acids and derivatives; Carboxylic acids and derivatives; Organooxygen compounds; Monocarboxylic acids and derivatives; Carboxylic acid esters; Carbonyl compounds; Benzene and substituted derivatives; Benzenoids; Fatty Acyls; Organic oxides; Hydrocarbon derivatives; Organic oxygen compounds; Chemical entities"	346.274	546	9.094	836961259015311360	836961032581602688	836961032581602688	870	NA	870
1	"C20H28O2"	"[M + H]+"	"C20H29O2+"	"Terpenoids"	0.995	"Diterpenoids"	0.957	"Abietane diterpenoids"	0.531	"Lipids and lipid-like molecules"	0.811	"Prenol lipids"	0.808	"Diterpenoids"	0.812	NA	NA	"Diterpenoids"	0.812	"Organic compounds; Lipids and lipid-like molecules; Phenanthrenes and derivatives; Tetralins; Phenols; Hydrophenanthrenes; Prenol lipids; Organooxygen compounds; Diterpenoids; Carbonyl compounds; Benzenoids; Organic oxides; Hydrocarbon derivatives; Organic oxygen compounds; 1-hydroxy-2-unsubstituted benzenoids; Chemical entities"	301.216	546	9.094	836961259904503808	836961032615157120	836961032615157120	871	NA	871
3	"C22H32O2"	"[M + H3N + H]+"	"C22H36NO2+"	"Fatty acids"	0.816	"Fatty Acids and Conjugates"	0.212	"Unsaturated fatty acids"	0.323	"Lipids and lipid-like molecules"	0.958	"Fatty Acyls"	0.855	"Fatty acid esters"	0.664	NA	NA	"Fatty acid esters"	0.664	"Organic compounds; Lipids and lipid-like molecules; Organic acids and derivatives; Carboxylic acids and derivatives; Organooxygen compounds; Fatty acid esters; Carboxylic acid derivatives; Monocarboxylic acids and derivatives; Carboxylic acid esters; Carbonyl compounds; Fatty Acyls; Organic oxides; Hydrocarbon derivatives; Organic oxygen compounds; Chemical entities"	346.274	546	9.097	836961258566520704	836961032954895744	836961032954895744	881	NA	881
2	"C22H40O"	"[M + H3N + H]+"	"C22H44NO+"	"Fatty acids"	0.919	"Fatty acyls"	0.601	"Fatty alcohols"	0.47	"Lipids and lipid-like molecules"	0.893	"Fatty Acyls"	0.756	NA	NA	NA	NA	"Fatty Acyls"	0.756	"Organic compounds; Lipids and lipid-like molecules; Organooxygen compounds; Carbonyl compounds; Fatty Acyls; Hydrocarbon derivatives; Organic oxygen compounds; Chemical entities"	338.342	548	9.127	836961250060471424	836961032720014720	836961032715820416	874	NA	874
2	"C17H28O"	"[M + H]+"	"C17H29O+"	"Terpenoids"	0.939	"Sesquiterpenoids"	0.772	"Caryophyllane sesquiterpenoids"	0.208	"Lipids and lipid-like molecules"	0.798	"Prenol lipids"	0.618	NA	NA	NA	NA	"Prenol lipids"	0.618	"Organic compounds; Lipids and lipid-like molecules; Alcohols and polyols; Prenol lipids; Primary alcohols; Organooxygen compounds; Hydrocarbon derivatives; Organic oxygen compounds; Chemical entities"	249.221	549	9.151	836961268796429312	836961032921341312	836961032921341312	880	NA	880
1	"C16H28O"	"[M + H]+"	"C16H29O+"	"Fatty acids"	0.985	"Fatty acyls"	0.98	"Fatty aldehydes"	0.7	"Organic oxygen compounds"	0.979	"Organooxygen compounds"	0.964	"Carbonyl compounds"	0.844	NA	NA	"Carbonyl compounds"	0.844	"Organic compounds; Organooxygen compounds; Carbonyl compounds; Organic oxides; Hydrocarbon derivatives; Organic oxygen compounds; Chemical entities"	237.221	550	9.16	836961251260042368	836961032787123584	836961032787123584	876	NA	876
2	"C18H26O3"	"[M - H2O + H]+"	"C18H25O2+"	"Terpenoids"	0.557	"Diterpenoids"	0.1	"Podocarpane diterpenoids"	0.086	"Benzenoids"	0.898	NA	NA	NA	NA	NA	NA	"Benzenoids"	0.898	"Organic compounds; Lipids and lipid-like molecules; Ketones; Organic acids and derivatives; Carboxylic acids and derivatives; Organooxygen compounds; Monocarboxylic acids and derivatives; Carbonyl compounds; Benzenoids; Organic oxides; Hydrocarbon derivatives; Organic oxygen compounds; Chemical entities"	273.185	550	9.167	836961264379826688	836961032992644480	836961032992644480	882	NA	882
1	"C16H28O"	"[M + H]+"	"C16H29O+"	"Fatty acids"	0.992	"Fatty acyls"	0.987	"Fatty aldehydes"	0.726	"Lipids and lipid-like molecules"	0.411	"Fatty Acyls"	0.373	"Fatty aldehydes"	0.503	NA	NA	"Fatty aldehydes"	0.503	"Organic compounds; Fatty aldehydes; Organooxygen compounds; Carbonyl compounds; Organic oxides; Hydrocarbon derivatives; Organic oxygen compounds; Chemical entities"	237.221	552	9.195	836961261477368064	836961033063947648	836961033063947648	884	NA	884
1	"C14H28O2"	"[M - H2O + H]+"	"C14H27O+"	"Fatty acids"	0.931	"Fatty acyls"	0.764	"Fatty alcohols"	0.817	"Lipids and lipid-like molecules"	0.814	"Fatty Acyls"	0.776	"Fatty alcohols"	0.645	NA	NA	"Fatty alcohols"	0.645	"Organic compounds; Lipids and lipid-like molecules; Alcohols and polyols; Primary alcohols; Organooxygen compounds; Fatty alcohols; Carbonyl compounds; Fatty Acyls; Organic oxides; Hydrocarbon derivatives; Organic oxygen compounds; Chemical entities"	211.206	552	9.196	836961329752252800	836961033097502080	836961033097502080	885	NA	885
2	"C26H55NO2"	"[M + H]+"	"C26H56NO2+"	"Fatty acids"	1	"Spingolipids"	1	"Sphingoid bases"	0.984	"Lipids and lipid-like molecules"	0.794	"Sphingolipids"	0.406	"Ceramides"	0.649	NA	NA	"Ceramides"	0.649	"Organic compounds; Lipids and lipid-like molecules; Alcohols and polyols; Organonitrogen compounds; Primary alcohols; Organooxygen compounds; Ceramides; Secondary alcohols; 1,2-aminoalcohols; Amines; Alkanolamines; Fatty Acyls; Hydrocarbon derivatives; Organopnictogen compounds; Organic oxygen compounds; Organic nitrogen compounds; Chemical entities"	414.431	553	9.211	836961261934547200	836961033202359680	836961033198165376	888	NA	888
1	"C35H60O3"	"[M + H3N + H]+"	"C35H64NO3+"	"Terpenoids"	0.846	"Fatty esters"	0.432	"Wax monoesters"	0.143	"Lipids and lipid-like molecules"	0.945	"Fatty Acyls"	0.687	NA	NA	NA	NA	"Fatty Acyls"	0.687	"Organic compounds; Lipids and lipid-like molecules; Organic acids and derivatives; Carboxylic acids and derivatives; Organooxygen compounds; Carboxylic acid derivatives; Monocarboxylic acids and derivatives; Carboxylic acid esters; Carbonyl compounds; Fatty Acyls; Organic oxides; Hydrocarbon derivatives; Organic oxygen compounds; Chemical entities"	546.488	553	9.216	836961264572764800	836961033265274240	836961033265274240	890	NA	890
1	"C17H30O"	"[M + H3N + H]+"	"C17H34NO+"	"Fatty acids"	0.991	"Fatty acyls"	0.987	"Fatty alcohols"	0.945	"Lipids and lipid-like molecules"	0.596	"Fatty Acyls"	0.578	"Fatty alcohols"	0.655	"Long-chain fatty alcohols"	0.748	"Long-chain fatty alcohols"	0.748	"Organic compounds; Lipids and lipid-like molecules; Ketones; Alcohols and polyols; Organooxygen compounds; Fatty alcohols; Carbonyl compounds; Long-chain fatty alcohols; Fatty Acyls; Organic oxides; Hydrocarbon derivatives; Organic oxygen compounds; Chemical entities"	268.263	554	9.227	836961264799257216	836961033303022976	836961033303022976	891	NA	891
2	"C24H46O7"	"[M + H]+"	"C24H47O7+"	"Fatty acids"	0.943	"Fatty esters"	0.735	"Wax diesters"	0.499	"Lipids and lipid-like molecules"	0.865	"Fatty Acyls"	0.868	"Fatty acid esters"	0.849	NA	NA	"Fatty acid esters"	0.849	"Organic compounds; Lipids and lipid-like molecules; Ethers; Organic acids and derivatives; Carboxylic acids and derivatives; Organooxygen compounds; Fatty acid esters; Dicarboxylic acids and derivatives; Carboxylic acid derivatives; Dialkyl ethers; Carboxylic acid esters; Carbonyl compounds; Fatty Acyls; Organic oxides; Hydrocarbon derivatives; Organic oxygen compounds; Chemical entities"	447.332	555	9.258	836961264325300736	836961033403686272	836961033403686272	894	NA	894
2	"C24H37NO8"	"[M + H3N + H]+"	"C24H41N2O8+"	"Fatty acids"	0.979	"Spingolipids"	0.705	"Sphingoid bases"	0.624	"Lipids and lipid-like molecules"	0.929	"Fatty Acyls"	0.916	"Fatty acids and conjugates"	0.541	"Long-chain fatty acids"	0.582	"Long-chain fatty acids"	0.582	"Organic compounds; Carbohydrates and carbohydrate conjugates; Lipids and lipid-like molecules; Alcohols and polyols; Fatty acids and conjugates; Organic acids and derivatives; Carboxylic acids and derivatives; Organonitrogen compounds; Primary alcohols; Organooxygen compounds; Hydroxy fatty acids; Monoalkylamines; Carboxylic acid amides; Carboxylic acid derivatives; Carboxylic acids; Monosaccharides; Secondary alcohols; Secondary carboxylic acid amides; Carbonyl compounds; Polyols; Amines; Primary amines; Long-chain fatty acids; Fatty Acyls; Organic oxides; Hydrocarbon derivatives; Organopnictogen compounds; Organic oxygen compounds; Organic nitrogen compounds; Chemical entities"	485.288	556	9.259	836961301474253696	836961033433046400	836961033433046400	895	NA	895
4	"C26H44N2O4"	"[M + Na]+"	"C26H44N2NaO4+"	"Fatty acids"	0.954	"Fatty amides"	0.35	"Fatty acyl carnitines"	0.532	"Organic acids and derivatives"	0.992	"Carboxylic acids and derivatives"	0.982	"Amino acids, peptides, and analogues"	0.517	"Amino acids and derivatives"	0.513	"Amino acids and derivatives"	0.513	"Organic compounds; Lipids and lipid-like molecules; Amino acids, peptides, and analogues; Organic acids and derivatives; Carboxylic acids and derivatives; Organonitrogen compounds; Organooxygen compounds; Fatty amides; Amino acids and derivatives; Carboxylic acid amides; Carboxylic acid derivatives; N-acyl amines; Carboxylic acids; Carboxylic acid esters; Secondary carboxylic acid amides; Carbonyl compounds; Amines; Fatty Acyls; Organic oxides; Hydrocarbon derivatives; Organopnictogen compounds; Organic oxygen compounds; Organic nitrogen compounds; Chemical entities"	471.319	556	9.26	836961270973273216	836961033500155392	836961033500155392	897	NA	897
1	"C14H26O"	"[M + H]+"	"C14H27O+"	"Fatty acids"	0.99	"Fatty acyls"	0.987	"Fatty alcohols"	0.741	"Organic oxygen compounds"	0.996	"Organooxygen compounds"	0.989	"Carbonyl compounds"	0.84	"Ketones"	0.503	"Ketones"	0.503	"Organic compounds; Ketones; Organooxygen compounds; Carbonyl compounds; Organic oxides; Hydrocarbon derivatives; Organic oxygen compounds; Chemical entities"	211.206	556	9.263	836961256528088832	836961033466600832	836961033466600832	896	NA	896
9	"C41H84NO8P"	"[M + Na]+"	"C41H84NNaO8P+"	"Fatty acids"	1	"Glycerophospholipids"	1	"Glycerophosphoethanolamines"	0.991	"Lipids and lipid-like molecules"	0.986	"Glycerophospholipids"	0.999	"Glycerophosphoethanolamines"	0.976	"Phosphatidylethanolamines"	0.964	"Phosphatidylethanolamines"	0.964	"Organic compounds; Lipids and lipid-like molecules; Amino acids, peptides, and analogues; Glycerophospholipids; Organic acids and derivatives; Carboxylic acids and derivatives; Organonitrogen compounds; Organooxygen compounds; Fatty acid esters; Dicarboxylic acids and derivatives; Amino acids and derivatives; Organic phosphoric acids and derivatives; Phosphate esters; Carboxylic acid derivatives; Carboxylic acid esters; Phosphoethanolamines; Phosphatidylethanolamines; Carbonyl compounds; Glycerophosphoethanolamines; Trialkylamines; Amines; Tertiary amines; Alkyl phosphates; Dialkyl phosphates; Fatty Acyls; Organic oxides; Hydrocarbon derivatives; Organopnictogen compounds; Organic oxygen compounds; Organic nitrogen compounds; Chemical entities"	772.585	556	9.27	836961320000495488	836961033638567424	836961033638567424	901	NA	901
1	"C35H42O6"	"[M + H3N + H]+"	"C35H46NO6+"	"Shikimates and Phenylpropanoids"	0.623	"Carotenoids (C40)"	0.296	"Linear diarylheptanoids"	0.091	"Benzenoids"	0.938	"Benzene and substituted derivatives"	0.777	"Phenoxy compounds"	0.571	NA	NA	"Phenoxy compounds"	0.571	"Organic compounds; Lipids and lipid-like molecules; Alkyl aryl ethers; Ethers; Phenylpropanoids and polyketides; Organic acids and derivatives; Carboxylic acids and derivatives; Organooxygen compounds; Carbonyl compounds; Benzene and substituted derivatives; Benzenoids; Organic oxides; Hydrocarbon derivatives; Organic oxygen compounds; Phenoxy compounds; Chemical entities"	576.332	556	9.271	836961342851064832	836961033571458560	836961033571458560	899	NA	899
2	"C33H40O7"	"[M - H2O + H]+"	"C33H39O6+"	"Terpenoids"	0.812	"Triterpenoids"	0.564	"Ursane and Taraxastane triterpenoids"	0.041	"Benzenoids"	0.861	"Phenols"	0.529	NA	NA	NA	NA	"Phenols"	0.529	"Organic compounds; Lipids and lipid-like molecules; Alcohols and polyols; Phenols; Prenol lipids; Organic acids and derivatives; Carboxylic acids and derivatives; Organooxygen compounds; Carboxylic acid derivatives; Carboxylic acid esters; Secondary alcohols; Carbonyl compounds; Benzene and substituted derivatives; Benzenoids; Organic oxides; Hydrocarbon derivatives; Organic oxygen compounds; Chemical entities"	531.274	556	9.271	836961260420403328	836961033537904128	836961033537904128	898	NA	898
1	"C17H32O"	"[M + H3N + H]+"	"C17H36NO+"	"Terpenoids"	0.819	"Diterpenoids"	0.418	"Fatty alcohols"	0.317	"Lipids and lipid-like molecules"	0.875	"Prenol lipids"	0.611	NA	NA	NA	NA	"Prenol lipids"	0.611	"Organic compounds; Lipids and lipid-like molecules; Alcohols and polyols; Prenol lipids; Organooxygen compounds; Hydrocarbon derivatives; Organic oxygen compounds; Chemical entities"	270.279	557	9.289	836961252119874816	836961033605012992	836961033605012992	900	NA	900
1	"C43H76O12S"	"[M + H3N + H]+"	"C43H80NO12S+"	"Fatty acids"	1	"Glycerolipids"	1	"Glycosyldiacylglycerols"	0.998	"Lipids and lipid-like molecules"	0.999	"Glycerolipids"	0.996	"Glycosylglycerols"	1	"Glycosyldiradylglycerols"	0.999	"Sulfoquinovosyldiacylglycerols"	0.989	"Organic compounds; Organoheterocyclic compounds; Organosulfur compounds; Carbohydrates and carbohydrate conjugates; Lipids and lipid-like molecules; Alcohols and polyols; Glycerolipids; Ethers; Organic acids and derivatives; Carboxylic acids and derivatives; Organosulfonic acids and derivatives; Organooxygen compounds; Fatty acid esters; Dicarboxylic acids and derivatives; Glycosylglycerols; Carboxylic acid derivatives; Sulfonyls; Organosulfonic acids; Carboxylic acid esters; Hexoses; Monosaccharides; Acetals; Secondary alcohols; Fatty acyl glycosides; Carbonyl compounds; Oxanes; Glycosyl compounds; O-glycosyl compounds; Sulfoquinovosyldiacylglycerols; Polyols; Glycosyldiacylglycerols; Alkanesulfonic acids and derivatives; Alkanesulfonic acids; Glycosyldiradylglycerols; Fatty acyl glycosides of mono- and disaccharides; Fatty Acyls; Organic oxides; Oxacyclic compounds; Hydrocarbon derivatives; Organic sulfonic acids and derivatives; Organic oxygen compounds; Chemical entities"	834.54	558	9.294	836961283262584704	836961033848282624	836961033848282624	907	NA	907
1	"C46H70N2O7"	"[M + H3N + H]+"	"C46H74N3O7+"	"Fatty acids"	0.998	"Spingolipids"	0.998	"Neutral glycosphingolipids"	0.969	"Lipids and lipid-like molecules"	0.972	"Sphingolipids"	0.963	"Glycosphingolipids"	0.923	"Neutral glycosphingolipids"	0.922	"Glycosyl-N-acylsphingosines"	0.922	"Organic compounds; Organoheterocyclic compounds; Carbohydrates and carbohydrate conjugates; Lipids and lipid-like molecules; Alcohols and polyols; Ethers; Sphingolipids; Organic acids and derivatives; Carboxylic acids and derivatives; Organonitrogen compounds; Primary alcohols; Organooxygen compounds; Fatty amides; Carboxylic acid amides; Carboxylic acid derivatives; N-acyl amines; Neutral glycosphingolipids; Simple glycosylceramides; Monosaccharides; Acetals; Secondary alcohols; Secondary carboxylic acid amides; Fatty acyl glycosides; Carbonyl compounds; Oxanes; Glycosyl compounds; Alkyl glycosides; O-glycosyl compounds; Glycosphingolipids; Fatty Acyls; Organic oxides; Oxacyclic compounds; Hydrocarbon derivatives; Glycosyl-N-acylsphingosines; Organopnictogen compounds; Organic oxygen compounds; Organic nitrogen compounds; Chemical entities"	780.552	559	9.308	836961265646506752	836961033336577408	836961033332383104	892	NA	892
1	"C35H65NO6"	"[M + H3N + H]+"	"C35H69N2O6+"	"Fatty acids"	1	"Spingolipids"	1	"Neutral glycosphingolipids"	0.956	"Lipids and lipid-like molecules"	0.99	"Sphingolipids"	0.951	"Glycosphingolipids"	0.691	"Neutral glycosphingolipids"	0.574	"Glycosyl-N-acylsphingosines"	0.566	"Organic compounds; Carbohydrates and carbohydrate conjugates; Lipids and lipid-like molecules; Alcohols and polyols; Ethers; Sphingolipids; Organic acids and derivatives; Carboxylic acids and derivatives; Organonitrogen compounds; Primary alcohols; Organooxygen compounds; Fatty amides; Carboxylic acid amides; Carboxylic acid derivatives; N-acyl amines; Ceramides; Neutral glycosphingolipids; Simple glycosylceramides; Monosaccharides; Secondary alcohols; Secondary carboxylic acid amides; Fatty acyl glycosides; Carbonyl compounds; Alkyl glycosides; O-glycosyl compounds; Glycosphingolipids; Fatty Acyls; Organic oxides; Oxacyclic compounds; Hydrocarbon derivatives; Glycosyl-N-acylsphingosines; Organopnictogen compounds; Organic oxygen compounds; Organic nitrogen compounds; Chemical entities"	613.516	559	9.315	836961262463029504	836961033672121856	836961033672121856	902	NA	902
1	"CH3N2O2S"	"[M + K]+"	"CH3KN2O2S+"	"Alkaloids"	0.429	"Histidine alkaloids"	0.532	"Imidazole alkaloids"	0.533	"Organoheterocyclic compounds"	0.714	NA	NA	NA	NA	NA	NA	"Organoheterocyclic compounds"	0.714	"Organic compounds; Organoheterocyclic compounds; Organosulfur compounds; Organonitrogen compounds; Organooxygen compounds; Organic oxides; Hydrocarbon derivatives; Organic oxygen compounds; Organic nitrogen compounds; Chemical entities"	145.954	559	9.315	836961275213714816	836961033810533888	836961033810533888	906	NA	906
5	"C12H13N3O2S"	"[M + H3N + H]+"	"C12H17N4O2S+"	"Alkaloids"	0.47	"Pseudoalkaloids (transamidation)"	0.05	"Imidazole alkaloids"	0.036	"Benzenoids"	0.92	"Benzene and substituted derivatives"	0.792	"Benzenesulfonamides"	0.702	NA	NA	"Benzenesulfonamides"	0.702	"Organic compounds; Organoheterocyclic compounds; Organosulfur compounds; Benzenesulfonamides; Organic acids and derivatives; Organosulfonic acids and derivatives; Organonitrogen compounds; Azoles; Sulfonyls; Benzene and substituted derivatives; Benzenoids; Organic oxides; Azacyclic compounds; Heteroaromatic compounds; Hydrocarbon derivatives; Benzenesulfonyl compounds; Organic sulfonic acids and derivatives; Organopnictogen compounds; Organic oxygen compounds; Organic nitrogen compounds; Chemical entities"	281.107	559	9.316	836961268817400832	836961033776979456	836961033776979456	905	NA	905
1	"C18H25ClN2O"	"[M + H3N + H]+"	"C18H29ClN3O+"	"Alkaloids"	0.718	"Tryptophan alkaloids"	0.382	"Carboline alkaloids"	0.093	"Organohalogen compounds"	1	"Aryl halides"	0.983	"Aryl chlorides"	0.987	NA	NA	"Aryl chlorides"	0.987	"Organic compounds; Organoheterocyclic compounds; Organic acids and derivatives; Carboxylic acids and derivatives; Organohalogen compounds; Organonitrogen compounds; Organooxygen compounds; Carboxylic acid amides; Aryl chlorides; Carboxylic acid derivatives; Organochlorides; Benzenoids; Aryl halides; Organic oxides; Azacyclic compounds; Heteroaromatic compounds; Hydrocarbon derivatives; Organopnictogen compounds; Organic oxygen compounds; Organic nitrogen compounds; Chemical entities"	338.198	559	9.316	836961261255069824	836961034028637696	836961034028637696	912	NA	912
1	"C16H30O7S"	"[M + H3N + H]+"	"C16H34NO7S+"	"Fatty acids"	0.963	"Fatty esters"	0.852	"Wax monoesters"	0.615	"Lipids and lipid-like molecules"	0.733	"Fatty Acyls"	0.762	"Fatty acid esters"	0.765	NA	NA	"Fatty acid esters"	0.765	"Organic compounds; Organosulfur compounds; Lipids and lipid-like molecules; Organic acids and derivatives; Carboxylic acids and derivatives; Organosulfonic acids and derivatives; Organooxygen compounds; Fatty acid esters; Dicarboxylic acids and derivatives; Carboxylic acid derivatives; Sulfonyls; Organosulfonic acids; Carboxylic acid esters; Carbonyl compounds; Alkanesulfonic acids and derivatives; Alkanesulfonic acids; Fatty Acyls; Organic oxides; Hydrocarbon derivatives; Organic sulfonic acids and derivatives; Organic oxygen compounds; Chemical entities"	384.204	559	9.317	836961273481467136	836961033995083264	836961033990888960	911	NA	911
1	"C13H22O"	"[M + H3N + H]+"	"C13H26NO+"	"Terpenoids"	0.692	"Fatty acyls"	0.63	"Fatty aldehydes"	0.359	"Lipids and lipid-like molecules"	0.591	NA	NA	NA	NA	NA	NA	"Lipids and lipid-like molecules"	0.591	"Organic compounds; Lipids and lipid-like molecules; Organooxygen compounds; Carbonyl compounds; Organic oxides; Hydrocarbon derivatives; Organic oxygen compounds; Chemical entities"	212.201	559	9.317	836961261523505408	836961034099940864	836961034099940864	914	NA	914
1	"C15H26O"	"[M + H3N + H]+"	"C15H30NO+"	"Terpenoids"	0.971	"Sesquiterpenoids"	0.867	"Caryophyllane sesquiterpenoids"	0.099	"Lipids and lipid-like molecules"	0.753	"Prenol lipids"	0.688	NA	NA	NA	NA	"Prenol lipids"	0.688	"Organic compounds; Lipids and lipid-like molecules; Prenol lipids; Organooxygen compounds; Carbonyl compounds; Organic oxides; Hydrocarbon derivatives; Organic oxygen compounds; Chemical entities"	240.232	559	9.317	836961261821300992	836961034238352896	836961034238352896	918	NA	918
1	"C18H32O"	"[M + H3N + H]+"	"C18H36NO+"	"Fatty acids"	0.999	"Fatty acyls"	0.986	"Fatty aldehydes"	0.609	"Lipids and lipid-like molecules"	0.634	"Fatty Acyls"	0.639	"Fatty aldehydes"	0.576	NA	NA	"Fatty aldehydes"	0.576	"Organic compounds; Lipids and lipid-like molecules; Fatty aldehydes; Organooxygen compounds; Carbonyl compounds; Fatty Acyls; Organic oxides; Hydrocarbon derivatives; Organic oxygen compounds; Chemical entities"	282.279	559	9.317	836961278271362688	836961033957334528	836961033957334528	910	NA	910
1	"C36H67NO2"	"[M + H3N + H]+"	"C36H71N2O2+"	"Fatty acids"	1	"Fatty amides"	0.98	"N-acyl ethanolamines (endocannabinoids)"	0.41	"Lipids and lipid-like molecules"	0.906	"Fatty Acyls"	0.896	"Fatty amides"	0.842	"N-acyl amines"	0.712	"N-acyl amines"	0.712	"Organic compounds; Lipids and lipid-like molecules; Organic acids and derivatives; Carboxylic acids and derivatives; Organonitrogen compounds; Organooxygen compounds; Fatty amides; Carboxylic acid amides; Carboxylic acid derivatives; N-acyl amines; Secondary carboxylic acid amides; Carbonyl compounds; Fatty Acyls; Organic oxides; Hydrocarbon derivatives; Organopnictogen compounds; Organic oxygen compounds; Organic nitrogen compounds; Chemical entities"	563.552	559	9.318	836961259367632896	836961034066386432	836961034066386432	913	NA	913
1	"C14H24O"	"[M + H3N + H]+"	"C14H28NO+"	"Fatty acids"	0.962	"Fatty acyls"	0.957	"Fatty alcohols"	0.677	"Organic oxygen compounds"	0.988	"Organooxygen compounds"	0.98	"Carbonyl compounds"	0.79	"Ketones"	0.565	"Ketones"	0.565	"Organic compounds; Ketones; Organooxygen compounds; Carbonyl compounds; Organic oxides; Hydrocarbon derivatives; Organic oxygen compounds; Chemical entities"	226.217	559	9.318	836961265273213696	836961034309656064	836961034309656064	920	NA	920
3	"C17H36N2O"	"[M + H]+"	"C17H37N2O+"	"Fatty acids"	0.968	"Fatty amides"	0.955	"Primary amides"	0.486	"Lipids and lipid-like molecules"	0.516	"Fatty Acyls"	0.483	"Fatty amides"	0.552	NA	NA	"Fatty amides"	0.552	"Organic compounds; Lipids and lipid-like molecules; Organic acids and derivatives; Carboxylic acids and derivatives; Organonitrogen compounds; Organooxygen compounds; Fatty amides; Carboxylic acid amides; Carboxylic acid derivatives; Secondary carboxylic acid amides; Carbonyl compounds; Amines; Organic oxides; Hydrocarbon derivatives; Organopnictogen compounds; Organic oxygen compounds; Organic nitrogen compounds; Chemical entities"	285.288	559	9.318	836961301713329024	836961034271907328	836961034271907328	919	NA	919
1	"C18H32O"	"[M - H2O + H]+"	"C18H31+"	"Fatty acids"	0.985	"Fatty acyls"	0.868	"Fatty alcohols"	0.673	"Lipids and lipid-like molecules"	0.825	"Fatty Acyls"	0.712	"Fatty alcohols"	0.388	"Long-chain fatty alcohols"	0.578	"Long-chain fatty alcohols"	0.578	"Organic compounds; Lipids and lipid-like molecules; Alcohols and polyols; Organooxygen compounds; Carbonyl compounds; Long-chain fatty alcohols; Fatty Acyls; Organic oxides; Hydrocarbon derivatives; Organic oxygen compounds; Chemical entities"	247.242	559	9.318	836961254762286720	836961034204798464	836961034204798464	917	NA	917
2	"C13H16N2O5"	"[M + H]+"	"C13H17N2O5+"	"Amino acids and Peptides"	0.525	"Tyrosine alkaloids"	0.106	"Pyridine alkaloids"	0.081	"Organic acids and derivatives"	0.956	"Carboxylic acids and derivatives"	0.869	"Amino acids, peptides, and analogues"	0.552	"Amino acids and derivatives"	0.552	"Amino acids and derivatives"	0.552	"Organic compounds; Amino acids, peptides, and analogues; Organic acids and derivatives; Carboxylic acids and derivatives; Organonitrogen compounds; Organooxygen compounds; Amino acids and derivatives; Carbonyl compounds; Benzene and substituted derivatives; Organic oxides; Hydrocarbon derivatives; Organopnictogen compounds; Organic oxygen compounds; Organic nitrogen compounds; Chemical entities"	281.115	560	9.325	836961267844322176	836961034339016192	836961034339016192	921	NA	921
5	"C29H48O15"	"[M + H]+"	"C29H49O15+"	"Terpenoids"	0.532	"Monoterpenoids"	0.828	"Secoiridoid monoterpenoids"	0.754	"Organic oxygen compounds"	1	"Organooxygen compounds"	1	"Carbohydrates and carbohydrate conjugates"	0.975	"Glycosyl compounds"	0.759	"O-glycosyl compounds"	0.824	"Organic compounds; Organoheterocyclic compounds; Carbohydrates and carbohydrate conjugates; Lipids and lipid-like molecules; Alcohols and polyols; Ethers; Organic acids and derivatives; Carboxylic acids and derivatives; Primary alcohols; Organooxygen compounds; Fatty acid esters; Carboxylic acid derivatives; Carboxylic acid esters; Acetals; Secondary alcohols; Carbonyl compounds; Oxanes; Glycosyl compounds; O-glycosyl compounds; Polyols; Enoate esters; Alpha,beta-unsaturated carboxylic esters; Fatty Acyls; Organic oxides; Oxacyclic compounds; Hydrocarbon derivatives; Organic oxygen compounds; Chemical entities"	637.306	561	9.345	836961268997755904	836961034443873792	836961034443873792	924	NA	924
1	"C29H48O15"	"[M + H3N + H]+"	"C29H52NO15+"	"Terpenoids"	0.608	"Monoterpenoids"	0.844	"Secoiridoid monoterpenoids"	0.844	"Organic oxygen compounds"	1	"Organooxygen compounds"	1	"Carbohydrates and carbohydrate conjugates"	0.975	"Glycosyl compounds"	0.811	"O-glycosyl compounds"	0.866	"Organic compounds; Organoheterocyclic compounds; Carbohydrates and carbohydrate conjugates; Lipids and lipid-like molecules; Alcohols and polyols; Ethers; Organic acids and derivatives; Carboxylic acids and derivatives; Primary alcohols; Organooxygen compounds; Fatty acid esters; Carboxylic acid derivatives; Carboxylic acid esters; Acetals; Secondary alcohols; Carbonyl compounds; Oxanes; Glycosyl compounds; O-glycosyl compounds; Polyols; Enoate esters; Alpha,beta-unsaturated carboxylic esters; Fatty Acyls; Organic oxides; Oxacyclic compounds; Hydrocarbon derivatives; Organic oxygen compounds; Chemical entities"	654.332	561	9.345	836961284294383616	836961034481622528	836961034477428224	925	NA	925
2	"C31H49N9O7"	"[M + Na]+"	"C31H49N9NaO7+"	"Amino acids and Peptides"	0.983	"Oligopeptides"	0.984	"Linear peptides"	0.663	"Organic acids and derivatives"	0.995	"Carboxylic acids and derivatives"	0.984	"Amino acids, peptides, and analogues"	0.976	"Peptides"	0.8	"Peptides"	0.8	"Organic compounds; Lipids and lipid-like molecules; Amino acids, peptides, and analogues; Alpha amino acids and derivatives; Organic acids and derivatives; Carboxylic acids and derivatives; Organonitrogen compounds; Organooxygen compounds; Fatty amides; Amino acids and derivatives; Peptides; Carboxylic acid amides; Carboxylic acid derivatives; N-acyl amines; N-acyl-alpha amino acids and derivatives; Secondary carboxylic acid amides; Tertiary carboxylic acid amides; Carbonyl compounds; Benzene and substituted derivatives; Alpha amino acid amides; Benzenoids; Fatty Acyls; Organic oxides; Hydrocarbon derivatives; Organopnictogen compounds; Organic oxygen compounds; Organic nitrogen compounds; Chemical entities"	682.364	561	9.347	836961285040969856	836961034515176960	836961034515176960	926	NA	926
1	"C6H4ClFO3"	"[M + Na]+"	"C6H4ClFNaO3+"	"Fatty acids"	0.709	"Fatty Acids and Conjugates"	0.669	"Halogenated fatty acids"	0.834	"Organohalogen compounds"	1	"Aryl halides"	0.918	"Aryl chlorides"	0.677	NA	NA	"Aryl chlorides"	0.677	"Organic compounds; Organic acids and derivatives; Carboxylic acids and derivatives; Organohalogen compounds; Organooxygen compounds; Aryl chlorides; Aryl fluorides; Monocarboxylic acids and derivatives; Carboxylic acids; Organochlorides; Organofluorides; Carbonyl compounds; Aryl halides; Vinyl halides; Vinylogous halides; Organic oxides; Hydrocarbon derivatives; Organic oxygen compounds; Chemical entities"	200.972	563	9.379	836961274785895808	836961034691337856	836961034691337856	931	NA	931
1	"C18H32O"	"[M + H3N + H]+"	"C18H36NO+"	"Fatty acids"	0.999	"Fatty acyls"	0.989	"Fatty aldehydes"	0.647	"Lipids and lipid-like molecules"	0.574	"Fatty Acyls"	0.58	"Fatty aldehydes"	0.628	NA	NA	"Fatty aldehydes"	0.628	"Organic compounds; Lipids and lipid-like molecules; Ketones; Aldehydes; Fatty aldehydes; Organooxygen compounds; Carbonyl compounds; Fatty Acyls; Organic oxides; Hydrocarbon derivatives; Organic oxygen compounds; Chemical entities"	282.279	564	9.401	836961262467223808	836961034729086592	836961034729086592	932	NA	932
1	"C17H30O"	"[M + H]+"	"C17H31O+"	"Fatty acids"	0.984	"Fatty acyls"	0.983	"Fatty alcohols"	0.883	"Lipids and lipid-like molecules"	0.577	"Fatty Acyls"	0.529	"Fatty alcohols"	0.529	"Long-chain fatty alcohols"	0.574	"Long-chain fatty alcohols"	0.574	"Organic compounds; Lipids and lipid-like molecules; Ketones; Organooxygen compounds; Fatty alcohols; Carbonyl compounds; Long-chain fatty alcohols; Fatty Acyls; Organic oxides; Hydrocarbon derivatives; Organic oxygen compounds; Chemical entities"	251.237	565	9.413	836961261703860480	836961034766835328	836961034766835328	933	NA	933
1	"C17H32O"	"[M + H3N + H]+"	"C17H36NO+"	"Fatty acids"	0.99	"Fatty acyls"	0.974	"Fatty alcohols"	0.97	"Lipids and lipid-like molecules"	0.716	"Fatty Acyls"	0.737	"Fatty alcohols"	0.753	"Long-chain fatty alcohols"	0.803	"Long-chain fatty alcohols"	0.803	"Organic compounds; Lipids and lipid-like molecules; Alcohols and polyols; Organooxygen compounds; Fatty alcohols; Carbonyl compounds; Long-chain fatty alcohols; Fatty Acyls; Organic oxides; Hydrocarbon derivatives; Organic oxygen compounds; Chemical entities"	270.279	567	9.446	836961301763660672	836961034804584064	836961034804584064	934	NA	934
1	"C22H46O4"	"[M + H3N + H]+"	"C22H50NO4+"	"Fatty acids"	0.986	"Glycerolipids"	0.494	"Wax diesters"	0.356	"Organic acids and derivatives"	0.584	"Carboxylic acids and derivatives"	0.525	"Carboxylic acid derivatives"	0.678	"Carboxylic acid esters"	0.749	"Carboxylic acid esters"	0.749	"Organic compounds; Ethers; Organic acids and derivatives; Carboxylic acids and derivatives; Organooxygen compounds; Carboxylic acid derivatives; Dialkyl ethers; Carboxylic acid esters; Organic oxides; Hydrocarbon derivatives; Organic oxygen compounds; Chemical entities"	392.373	567	9.45	836961269660456064	836961034875887232	836961034875887232	936	NA	936
1	"C35H42O11"	"[M - H2O + H]+"	"C35H41O10+"	"Terpenoids"	0.693	"Triterpenoids"	0.864	"Limonoids"	0.893	"Lipids and lipid-like molecules"	0.783	"Prenol lipids"	0.569	"Triterpenoids"	0.651	"Limonoids"	0.798	"Limonoids"	0.798	"Organic compounds; Organoheterocyclic compounds; Lipids and lipid-like molecules; Naphthalenes; Lactones; Furans; Pyrans; Ketones; Alcohols and polyols; Ethers; Prenol lipids; Organic acids and derivatives; Carboxylic acids and derivatives; Organooxygen compounds; Carboxylic acid derivatives; Dialkyl ethers; Carboxylic acid esters; Delta valerolactones; Cyclic alcohols and derivatives; Triterpenoids; Naphthopyrans; Carbonyl compounds; Oxanes; Limonoids; Benzenoids; Methyl esters; Organic oxides; Oxacyclic compounds; Heteroaromatic compounds; Hydrocarbon derivatives; Organic oxygen compounds; Chemical entities"	621.271	567	9.455	836961349033469184	836961034913635968	836961034913635968	937	NA	937
3	"C22H41N5O4"	"[M + H3N + H]+"	"C22H45N6O4+"	"Amino acids and Peptides"	0.31	"Small peptides"	0.237	"Tripeptides"	0.286	"Lipids and lipid-like molecules"	0.521	NA	NA	NA	NA	NA	NA	"Lipids and lipid-like molecules"	0.521	"Organic compounds; Lipids and lipid-like molecules; Alcohols and polyols; Organonitrogen compounds; Primary alcohols; Organooxygen compounds; Carbonyl compounds; Amines; Hydrocarbon derivatives; Organopnictogen compounds; Organic oxygen compounds; Organic nitrogen compounds; Chemical entities"	457.35	567	9.456	836961265029943936	836961035047853696	836961035047853696	941	NA	941
1	"C24H50O5"	"[M + H3N + H]+"	"C24H54NO5+"	"Fatty acids"	0.967	"Glycerolipids"	0.782	"Monoacylglycerols"	0.122	"Organic oxygen compounds"	1	"Organooxygen compounds"	1	"Ethers"	0.999	"Dialkyl ethers"	0.999	"Polyethylene glycols"	0.796	"Organic compounds; Ethers; Organooxygen compounds; Dialkyl ethers; Polyethylene glycols; Hydrocarbon derivatives; Organic oxygen compounds; Chemical entities"	436.4	568	9.462	836961275352126848	836961034947190400	836961034947190400	938	NA	938
1	"C20H34O"	"[M + H3N + H]+"	"C20H38NO+"	"Fatty acids"	0.623	"Diterpenoids"	0.425	"Unsaturated fatty acids"	0.149	"Lipids and lipid-like molecules"	0.924	"Prenol lipids"	0.615	NA	NA	NA	NA	"Prenol lipids"	0.615	"Organic compounds; Lipids and lipid-like molecules; Prenol lipids; Organooxygen compounds; Fatty Acyls; Hydrocarbon derivatives; Organic oxygen compounds; Chemical entities"	308.295	569	9.48	836961261007605888	836961035081408128	836961035081408128	942	NA	942
1	"C6H4ClFO3"	"[M + Na]+"	"C6H4ClFNaO3+"	"Fatty acids"	0.677	"Fatty Acids and Conjugates"	0.593	"Halogenated fatty acids"	0.763	"Benzenoids"	0.137	"Benzene and substituted derivatives"	0.243	"Halobenzenes"	0.558	NA	NA	"Halobenzenes"	0.558	"Organic compounds; Halobenzenes; Organic acids and derivatives; Carboxylic acids and derivatives; Organohalogen compounds; Organooxygen compounds; Aryl chlorides; Aryl fluorides; Monocarboxylic acids and derivatives; Carboxylic acids; Organochlorides; Organofluorides; Carbonyl compounds; Aryl halides; Vinyl halides; Vinylogous halides; Organic oxides; Hydrocarbon derivatives; Organic oxygen compounds; Chemical entities"	200.972	572	9.525	836961276832716288	836961035215625856	836961035215625856	946	NA	946
2	"C28H59NO2"	"[M + H]+"	"C28H60NO2+"	"Fatty acids"	1	"Spingolipids"	1	"Sphingoid bases"	0.996	"Lipids and lipid-like molecules"	0.573	NA	NA	NA	NA	NA	NA	"Lipids and lipid-like molecules"	0.573	"Organic compounds; Lipids and lipid-like molecules; Alcohols and polyols; Organonitrogen compounds; Primary alcohols; Organooxygen compounds; Secondary alcohols; 1,2-aminoalcohols; Amines; Alkanolamines; Hydrocarbon derivatives; Organopnictogen compounds; Organic oxygen compounds; Organic nitrogen compounds; Chemical entities"	442.462	574	9.561	836961333162222080	836961035286929024	836961035286929024	948	NA	948
2	"C37H70NO9P"	"[M + H]+"	"C37H71NO9P+"	"Fatty acids"	1	"Glycerophospholipids"	1	"Glycerophosphocholines"	0.991	"Lipids and lipid-like molecules"	0.991	"Glycerophospholipids"	0.999	"Glycerophosphocholines"	0.999	"Phosphatidylcholines"	0.991	"Phosphatidylcholines"	0.991	"Organic compounds; Lipids and lipid-like molecules; Glycerophospholipids; Organic acids and derivatives; Carboxylic acids and derivatives; Organonitrogen compounds; Organooxygen compounds; Fatty acid esters; Dicarboxylic acids and derivatives; Organic phosphoric acids and derivatives; Phosphate esters; Quaternary ammonium salts; Cholines; Carboxylic acid derivatives; Carboxylic acid esters; Phosphocholines; Phosphatidylcholines; Carbonyl compounds; Glycerophosphocholines; Amines; Alkyl phosphates; Dialkyl phosphates; Organic cations; Organic salts; Fatty Acyls; Organic oxides; Hydrocarbon derivatives; Tetraalkylammonium salts; Organopnictogen compounds; Organic oxygen compounds; Organic nitrogen compounds; Chemical entities"	704.487	574	9.568	836961274651678080	836961035349843584	836961035349843584	949	NA	949
1	"CH3N2O2S"	"[M + K]+"	"CH3KN2O2S+"	"Alkaloids"	0.513	"Histidine alkaloids"	0.54	"Imidazole alkaloids"	0.543	"Organoheterocyclic compounds"	0.503	NA	NA	NA	NA	NA	NA	"Organoheterocyclic compounds"	0.503	"Organic compounds; Organoheterocyclic compounds; Organosulfur compounds; Organonitrogen compounds; Organic oxides; Hydrocarbon derivatives; Organic oxygen compounds; Organic nitrogen compounds; Chemical entities"	145.954	574	9.575	836961285129050240	836961035521810048	836961035521810048	954	NA	954
1	"C17H32O"	"[M + H3N + H]+"	"C17H36NO+"	"Fatty acids"	0.987	"Fatty acyls"	0.983	"Fatty alcohols"	0.973	"Lipids and lipid-like molecules"	0.671	"Fatty Acyls"	0.678	"Fatty alcohols"	0.768	"Long-chain fatty alcohols"	0.75	"Long-chain fatty alcohols"	0.75	"Organic compounds; Lipids and lipid-like molecules; Ketones; Alcohols and polyols; Organooxygen compounds; Fatty alcohols; Carbonyl compounds; Long-chain fatty alcohols; Fatty Acyls; Organic oxides; Hydrocarbon derivatives; Organic oxygen compounds; Chemical entities"	270.279	575	9.589	836961277189232128	836961035488255616	836961035488255616	953	NA	953
1	"C34H61O9P"	"[M + H3N + H]+"	"C34H65NO9P+"	"Fatty acids"	1	"Glycerophospholipids"	1	"Glycerophosphoglycerols"	0.958	"Lipids and lipid-like molecules"	0.993	"Glycerophospholipids"	1	"Glycerophosphoglycerols"	0.927	"Phosphatidylglycerols"	0.913	"Phosphatidylglycerols"	0.913	"Organic compounds; Lipids and lipid-like molecules; Alcohols and polyols; Glycerophospholipids; Organic acids and derivatives; Carboxylic acids and derivatives; Primary alcohols; Organooxygen compounds; Fatty acid esters; Dicarboxylic acids and derivatives; Organic phosphoric acids and derivatives; Phosphate esters; Carboxylic acid derivatives; Carboxylic acid esters; 1,2-diacylglycerol-3-phosphates; Phosphatidylglycerols; Diacylglycerophosphates; Secondary alcohols; Carbonyl compounds; Glycerophosphates; Glycerophosphoglycerols; Polyols; 1,2-diols; Alkyl phosphates; Dialkyl phosphates; Fatty Acyls; Organic oxides; Hydrocarbon derivatives; Organic oxygen compounds; Chemical entities"	662.44	575	9.591	836961299440016128	836961035454701184	836961035454701184	952	NA	952
13	"C36H59NO11"	"[M + H3N + H]+"	"C36H63N2O11+"	"Polyketides"	0.54	"Macrolides"	0.919	"Steroidal alkaloids"	0.57	"Lipids and lipid-like molecules"	0.781	"Steroids and steroid derivatives"	0.536	"Steroidal alkaloids"	0.601	"Cerveratrum-type alkaloids"	0.656	"Cerveratrum-type alkaloids"	0.656	"Organic compounds; Organoheterocyclic compounds; Lipids and lipid-like molecules; Amino acids, peptides, and analogues; Alcohols and polyols; Macrolides and analogues; Piperidines; Ethers; Steroids and steroid derivatives; Organic acids and derivatives; Carboxylic acids and derivatives; Organonitrogen compounds; Organooxygen compounds; Amino acids and derivatives; Hemiacetals; Carboxylic acid derivatives; Carboxylic acid esters; Cyclic alcohols and derivatives; Secondary alcohols; Carbonyl compounds; 1,2-aminoalcohols; Trialkylamines; Polyols; Azasteroids and derivatives; Amines; Tertiary amines; Alkanolamines; Steroidal alkaloids; Cerveratrum-type alkaloids; Organic oxides; Oxacyclic compounds; Hydrocarbon derivatives; Organopnictogen compounds; Organic oxygen compounds; Organic nitrogen compounds; Chemical entities"	699.445	576	9.602	836961277285701120	836961035622473344	836961035622473344	957	NA	957
1	"C35H65NO5"	"[M + H3N + H]+"	"C35H69N2O5+"	"Fatty acids"	0.999	"Spingolipids"	0.625	"N-acyl amines"	0.31	"Organic acids and derivatives"	0.999	"Carboxylic acids and derivatives"	0.997	"Amino acids, peptides, and analogues"	0.742	"Amino acids and derivatives"	0.74	"Alpha amino acids and derivatives"	0.784	"Organic compounds; Lipids and lipid-like molecules; Amino acids, peptides, and analogues; Alpha amino acids and derivatives; Alcohols and polyols; Organic acids and derivatives; Carboxylic acids and derivatives; Organonitrogen compounds; Organooxygen compounds; Fatty acid esters; Fatty amides; Amino acids and derivatives; Carboxylic acid amides; Carboxylic acid derivatives; N-acyl amines; Monocarboxylic acids and derivatives; Carboxylic acids; Carboxylic acid esters; Secondary alcohols; Secondary carboxylic acid amides; Carbonyl compounds; Fatty Acyls; Organic oxides; Hydrocarbon derivatives; Organopnictogen compounds; Organic oxygen compounds; Organic nitrogen compounds; Chemical entities"	597.52	577	9.609	836961263155089792	836961035693776512	836961035693776512	959	NA	959
1	"C37H67NO5"	"[M + H3N + H]+"	"C37H71N2O5+"	"Fatty acids"	1	"Spingolipids"	0.986	"Sphingoid bases"	0.444	"Organic acids and derivatives"	0.998	"Carboxylic acids and derivatives"	0.995	"Amino acids, peptides, and analogues"	0.816	"Amino acids and derivatives"	0.811	"Alpha amino acids and derivatives"	0.811	"Organic compounds; Lipids and lipid-like molecules; Amino acids, peptides, and analogues; Alpha amino acids and derivatives; Alcohols and polyols; Organic acids and derivatives; Carboxylic acids and derivatives; Organonitrogen compounds; Organooxygen compounds; Fatty amides; Amino acids and derivatives; Carboxylic acid amides; Carboxylic acid derivatives; N-acyl amines; Monocarboxylic acids and derivatives; Carboxylic acids; Carboxylic acid esters; Secondary alcohols; Secondary carboxylic acid amides; Carbonyl compounds; Fatty Acyls; Organic oxides; Hydrocarbon derivatives; Organopnictogen compounds; Organic oxygen compounds; Organic nitrogen compounds; Chemical entities"	623.536	578	9.627	836961264241414656	836961035731525248	836961035727330944	960	NA	960
1	"C34H42O10"	"[M - H2O + H]+"	"C34H41O9+"	"Terpenoids"	0.64	"Triterpenoids"	0.848	"Limonoids"	0.652	"Lipids and lipid-like molecules"	0.787	"Prenol lipids"	0.645	"Triterpenoids"	0.613	"Limonoids"	0.653	"Limonoids"	0.653	"Organic compounds; Organoheterocyclic compounds; Lipids and lipid-like molecules; Furans; Ketones; Alcohols and polyols; Ethers; Prenol lipids; Organic acids and derivatives; Carboxylic acids and derivatives; Organooxygen compounds; Carboxylic acid derivatives; Carboxylic acid esters; Triterpenoids; Carbonyl compounds; Limonoids; Benzenoids; Methyl esters; Organic oxides; Oxacyclic compounds; Heteroaromatic compounds; Hydrocarbon derivatives; Organic oxygen compounds; Chemical entities"	593.276	578	9.627	836961315701333504	836961035765079808	836961035765079808	961	NA	961
2	"C20H28O2"	"[M + H]+"	"C20H29O2+"	"Terpenoids"	0.994	"Diterpenoids"	0.977	"Abietane diterpenoids"	0.755	"Lipids and lipid-like molecules"	0.799	"Prenol lipids"	0.805	"Diterpenoids"	0.83	NA	NA	"Diterpenoids"	0.83	"Organic compounds; Lipids and lipid-like molecules; Phenanthrenes and derivatives; Tetralins; Phenols; Hydrophenanthrenes; Prenol lipids; Organooxygen compounds; Diterpenoids; Carbonyl compounds; Benzenoids; Organic oxides; Hydrocarbon derivatives; Organic oxygen compounds; 1-hydroxy-2-unsubstituted benzenoids; 1-hydroxy-4-unsubstituted benzenoids; Chemical entities"	301.216	578	9.629	836961272634217728	836961035802828544	836961035798634240	962	NA	962
3	"C28H54O2"	"[M + H3N + H]+"	"C28H58NO2+"	"Terpenoids"	0.993	"Steroids"	0.814	"Cholestane steroids"	0.194	"Lipids and lipid-like molecules"	0.992	"Prenol lipids"	0.68	"Triterpenoids"	0.555	NA	NA	"Triterpenoids"	0.555	"Organic compounds; Lipids and lipid-like molecules; Alcohols and polyols; Steroids and steroid derivatives; Prenol lipids; Organooxygen compounds; Cyclic alcohols and derivatives; Hydroxysteroids; Triterpenoids; Secondary alcohols; 3-hydroxysteroids; Hydrocarbon derivatives; Organic oxygen compounds; Chemical entities"	440.446	578	9.636	836961263356416384	836961035836382976	836961035836382976	963	NA	963
1	"C10H30O5Si5"	"[M + H]+"	"C10H31O5Si5+"	"Fatty acids"	0.366	"Monoterpenoids"	0.141	"Halogenated fatty acids"	0.074	"Organic salts"	0.679	"Organic metal salts"	0.618	"Organic metalloid salts"	0.618	NA	NA	"Organic metalloid salts"	0.618	"Organic compounds; Organometallic compounds; Organometalloid compounds; Organic salts; Organic oxides; Organic metalloid salts; Organic metal salts; Hydrocarbon derivatives; Organic oxygen compounds; Chemical entities"	371.101	582	9.696	836961284546041856	836961035945434880	836961035945434880	966	NA	966
2	"C29H61NO2"	"[M + H]+"	"C29H62NO2+"	"Fatty acids"	1	"Spingolipids"	1	"Sphingoid bases"	0.994	"Lipids and lipid-like molecules"	0.703	"Sphingolipids"	0.349	"Ceramides"	0.576	NA	NA	"Ceramides"	0.576	"Organic compounds; Lipids and lipid-like molecules; Alcohols and polyols; Organonitrogen compounds; Primary alcohols; Organooxygen compounds; Ceramides; Secondary alcohols; 1,2-aminoalcohols; Amines; Alkanolamines; Fatty Acyls; Hydrocarbon derivatives; Organopnictogen compounds; Organic oxygen compounds; Organic nitrogen compounds; Chemical entities"	456.478	583	9.715	836961266158211968	836961036016738048	836961036016738048	968	NA	968
1	"C19H34O"	"[M + H3N + H]+"	"C19H38NO+"	"Fatty acids"	0.989	"Fatty acyls"	0.977	"Fatty alcohols"	0.813	"Lipids and lipid-like molecules"	0.699	"Fatty Acyls"	0.639	"Fatty alcohols"	0.542	"Long-chain fatty alcohols"	0.648	"Long-chain fatty alcohols"	0.648	"Organic compounds; Lipids and lipid-like molecules; Organooxygen compounds; Fatty alcohols; Carbonyl compounds; Long-chain fatty alcohols; Fatty Acyls; Organic oxides; Hydrocarbon derivatives; Organic oxygen compounds; Chemical entities"	296.295	584	9.728	836961275092080000	836961036054486784	836961036054486784	969	NA	969
1	"C19H39NO2"	"[M - H2O + H]+"	"C19H38NO+"	"Fatty acids"	0.988	"Fatty amides"	0.832	"Primary amides"	0.649	"Lipids and lipid-like molecules"	0.703	"Fatty Acyls"	0.688	"Fatty amides"	0.625	NA	NA	"Fatty amides"	0.625	"Organic compounds; Lipids and lipid-like molecules; Organic acids and derivatives; Carboxylic acids and derivatives; Organonitrogen compounds; Organooxygen compounds; Fatty amides; Carboxylic acid amides; Carboxylic acid derivatives; Carbonyl compounds; Fatty Acyls; Organic oxides; Hydrocarbon derivatives; Organopnictogen compounds; Organic oxygen compounds; Organic nitrogen compounds; Chemical entities"	296.295	584	9.734	836961263717126528	836961036155150080	836961036155150080	972	NA	972
1	"C36H67NO5"	"[M + H3N + H]+"	"C36H71N2O5+"	"Fatty acids"	1	"Spingolipids"	0.909	"Ceramides"	0.37	"Lipids and lipid-like molecules"	0.986	"Fatty Acyls"	0.982	"Fatty amides"	0.724	"N-acyl amines"	0.722	"N-acyl amines"	0.722	"Organic compounds; Lipids and lipid-like molecules; Alcohols and polyols; Organic acids and derivatives; Carboxylic acids and derivatives; Organonitrogen compounds; Organooxygen compounds; Fatty acid esters; Fatty amides; Carboxylic acid amides; Carboxylic acid derivatives; N-acyl amines; Carboxylic acids; Carboxylic acid esters; Secondary alcohols; Secondary carboxylic acid amides; Carbonyl compounds; Fatty Acyls; Organic oxides; Hydrocarbon derivatives; Organopnictogen compounds; Organic oxygen compounds; Organic nitrogen compounds; Chemical entities"	611.536	586	9.77	836961282264340224	836961036121595648	836961036121595648	971	NA	971
1	"C23H42O3"	"[M + H3N + H]+"	"C23H46NO3+"	"Fatty acids"	0.992	"Fatty Acids and Conjugates"	0.72	"Unsaturated fatty acids"	0.457	"Lipids and lipid-like molecules"	0.863	"Fatty Acyls"	0.869	"Fatty acids and conjugates"	0.574	"Long-chain fatty acids"	0.555	"Long-chain fatty acids"	0.555	"Organic compounds; Lipids and lipid-like molecules; Fatty acids and conjugates; Organic acids and derivatives; Carboxylic acids and derivatives; Organooxygen compounds; Unsaturated fatty acids; Monocarboxylic acids and derivatives; Carboxylic acids; Carbonyl compounds; Long-chain fatty acids; Fatty Acyls; Organic oxides; Hydrocarbon derivatives; Organic oxygen compounds; Chemical entities"	384.347	591	9.847	836961300119493376	836961036192898816	836961036192898816	973	NA	973
1	"C22H40O"	"[M + H3N + H]+"	"C22H44NO+"	"Fatty acids"	0.993	"Fatty acyls"	0.935	"Fatty aldehydes"	0.201	"Lipids and lipid-like molecules"	0.727	"Fatty Acyls"	0.707	"Fatty aldehydes"	0.504	NA	NA	"Fatty aldehydes"	0.504	"Organic compounds; Lipids and lipid-like molecules; Fatty aldehydes; Organooxygen compounds; Carbonyl compounds; Fatty Acyls; Organic oxides; Hydrocarbon derivatives; Organic oxygen compounds; Chemical entities"	338.342	591	9.855	836961264832811648	836961036230647552	836961036230647552	974	NA	974
1	"C25H49NO3"	"[M + H3N + H]+"	"C25H53N2O3+"	"Fatty acids"	0.999	"Fatty amides"	0.995	"N-acyl amines"	0.857	"Organic acids and derivatives"	0.999	"Carboxylic acids and derivatives"	0.996	"Amino acids, peptides, and analogues"	0.875	"Amino acids and derivatives"	0.872	"N-acyl-alpha amino acids"	0.689	"Organic compounds; Lipids and lipid-like molecules; Amino acids, peptides, and analogues; Alpha amino acids and derivatives; Organic acids and derivatives; Carboxylic acids and derivatives; Organonitrogen compounds; Organooxygen compounds; Fatty amides; Amino acids and derivatives; Carboxylic acid amides; Carboxylic acid derivatives; N-acyl amines; Monocarboxylic acids and derivatives; N-acyl-alpha amino acids and derivatives; Carboxylic acids; Secondary carboxylic acid amides; Carbonyl compounds; N-acyl-alpha amino acids; Fatty Acyls; Organic oxides; Hydrocarbon derivatives; Organopnictogen compounds; Organic oxygen compounds; Organic nitrogen compounds; Chemical entities"	429.405	591	9.857	836961262987317632	836961036268396288	836961036268396288	975	NA	975
3	"C20H40N2O5"	"[M + H3N + H]+"	"C20H44N3O5+"	"Amino acids and Peptides"	0.764	"Small peptides"	0.742	"Dipeptides"	0.306	"Organic acids and derivatives"	0.999	"Carboxylic acids and derivatives"	0.997	"Amino acids, peptides, and analogues"	0.975	"Amino acids and derivatives"	0.974	"N-acyl-alpha amino acids"	0.746	"Organic compounds; Lipids and lipid-like molecules; Amino acids, peptides, and analogues; Alpha amino acids and derivatives; Fatty acids and conjugates; Organic acids and derivatives; Carboxylic acids and derivatives; Organonitrogen compounds; Organooxygen compounds; Fatty amides; Dicarboxylic acids and derivatives; Amino acids and derivatives; Carboxylic acid amides; Carboxylic acid derivatives; N-acyl amines; Monocarboxylic acids and derivatives; N-acyl-alpha amino acids and derivatives; Carboxylic acids; Carbonyl compounds; N-acyl-alpha amino acids; Alpha amino acids; Amines; Fatty Acyls; Organic oxides; Hydrocarbon derivatives; Amino acids; Organopnictogen compounds; Organic oxygen compounds; Organic nitrogen compounds; Chemical entities"	406.329	592	9.859	836961298026535680	836961036306145024	836961036306145024	976	NA	976
1	"C30H60O2"	"[M + H3N + H]+"	"C30H64NO2+"	"Terpenoids"	0.978	"Steroids"	0.702	"Cholestane steroids"	0.222	"Lipids and lipid-like molecules"	0.958	"Steroids and steroid derivatives"	0.666	NA	NA	NA	NA	"Steroids and steroid derivatives"	0.666	"Organic compounds; Lipids and lipid-like molecules; Alcohols and polyols; Steroids and steroid derivatives; Prenol lipids; Organooxygen compounds; Cyclic alcohols and derivatives; Secondary alcohols; Hydrocarbon derivatives; Organic oxygen compounds; Chemical entities"	470.493	592	9.862	836961266493756288	836961036339699456	836961036339699456	977	NA	977
3	"C20H27NO6"	"[M + H3N + H]+"	"C20H31N2O6+"	"Amino acids and Peptides"	0.435	"Macrolides"	0.583	"Zearalenones"	0.137	"Organic oxygen compounds"	1	"Organooxygen compounds"	0.998	"Alcohols and polyols"	0.763	"Secondary alcohols"	0.688	"Secondary alcohols"	0.688	"Organic compounds; Organoheterocyclic compounds; Alcohols and polyols; Organic acids and derivatives; Carboxylic acids and derivatives; Organonitrogen compounds; Organooxygen compounds; Secondary alcohols; Carbonyl compounds; Polyols; Organic oxides; Hydrocarbon derivatives; Organopnictogen compounds; Organic oxygen compounds; Organic nitrogen compounds; Chemical entities"	395.22	594	9.901	836961278158116480	836961036377448192	836961036377448192	978	NA	978
1	"C32H51NO2"	"[M + K]+"	"C32H51KNO2+"	"Terpenoids"	0.328	"Pseudoalkaloids (transamidation)"	0.268	"Open-chain polyketides"	0.152	"Benzenoids"	0.766	"Benzene and substituted derivatives"	0.745	NA	NA	NA	NA	"Benzene and substituted derivatives"	0.745	"Organic compounds; Organonitrogen compounds; Organooxygen compounds; Benzene and substituted derivatives; Benzenoids; Amines; Hydrocarbon derivatives; Organopnictogen compounds; Organic oxygen compounds; Organic nitrogen compounds; Chemical entities"	520.355	594	9.901	836961281765218048	836961036411002624	836961036411002624	979	NA	979
5	"C34H38N4O6"	"[M + Na]+"	"C34H38N4NaO6+"	"Alkaloids"	0.538	"Tryptophan alkaloids"	0.268	"DKXanthenes and derivatives"	0.082	"Organoheterocyclic compounds"	0.99	"Tetrapyrroles and derivatives"	0.967	NA	NA	NA	NA	"Tetrapyrroles and derivatives"	0.967	"Organic compounds; Organoheterocyclic compounds; Amino acids, peptides, and analogues; Pyrroles; Pyrrolidines; Organic acids and derivatives; Carboxylic acids and derivatives; Organonitrogen compounds; Organooxygen compounds; Dicarboxylic acids and derivatives; Amino acids and derivatives; Carboxylic acid amides; Carboxylic acid derivatives; Carboxylic acids; Carboxylic acid esters; Tetrapyrroles and derivatives; Secondary carboxylic acid amides; Carbonyl compounds; Substituted pyrroles; Organic oxides; Azacyclic compounds; Heteroaromatic compounds; Hydrocarbon derivatives; Organopnictogen compounds; Organic oxygen compounds; Organic nitrogen compounds; Chemical entities"	621.271	594	9.904	836961314057166208	836961036444557056	836961036444557056	980	NA	980
1	"C44H80NO8P"	"[M + H]+"	"C44H81NO8P+"	"Fatty acids"	0.999	"Glycerophospholipids"	1	"Glycerophosphocholines"	0.996	"Lipids and lipid-like molecules"	0.989	"Glycerophospholipids"	0.999	"Glycerophosphocholines"	0.994	"Phosphatidylcholines"	0.987	"Phosphatidylcholines"	0.987	"Organic compounds; Lipids and lipid-like molecules; Glycerophospholipids; Organic acids and derivatives; Carboxylic acids and derivatives; Organonitrogen compounds; Organooxygen compounds; Fatty acid esters; Dicarboxylic acids and derivatives; Organic phosphoric acids and derivatives; Phosphate esters; Quaternary ammonium salts; Cholines; Carboxylic acid derivatives; Carboxylic acid esters; Phosphocholines; Phosphatidylcholines; Carbonyl compounds; Glycerophosphocholines; Amines; Alkyl phosphates; Dialkyl phosphates; Organic cations; Organic salts; Fatty Acyls; Organic oxides; Hydrocarbon derivatives; Tetraalkylammonium salts; Organopnictogen compounds; Organic oxygen compounds; Organic nitrogen compounds; Chemical entities"	782.57	594	9.906	836961282964789120	836961036515860224	836961036515860224	982	NA	982
1	"C42H78NO8P"	"[M + H]+"	"C42H79NO8P+"	"Fatty acids"	0.998	"Glycerophospholipids"	1	"Glycerophosphocholines"	0.995	"Lipids and lipid-like molecules"	0.987	"Glycerophospholipids"	0.999	"Glycerophosphocholines"	0.993	"Phosphatidylcholines"	0.986	"Phosphatidylcholines"	0.986	"Organic compounds; Lipids and lipid-like molecules; Glycerophospholipids; Organic acids and derivatives; Carboxylic acids and derivatives; Organonitrogen compounds; Organooxygen compounds; Fatty acid esters; Dicarboxylic acids and derivatives; Organic phosphoric acids and derivatives; Phosphate esters; Quaternary ammonium salts; Cholines; Carboxylic acid derivatives; Carboxylic acid esters; Phosphocholines; Phosphatidylcholines; Carbonyl compounds; Glycerophosphocholines; Amines; Alkyl phosphates; Dialkyl phosphates; Organic cations; Organic salts; Fatty Acyls; Organic oxides; Hydrocarbon derivatives; Tetraalkylammonium salts; Organopnictogen compounds; Organic oxygen compounds; Organic nitrogen compounds; Chemical entities"	756.554	594	9.906	836961285850470528	836961036482305792	836961036482305792	981	NA	981
1	"C37H72N2O5"	"[M + Na]+"	"C37H72N2NaO5+"	"Fatty acids"	1	"Fatty amides"	0.958	"N-acyl amines"	0.917	"Organic acids and derivatives"	1	"Carboxylic acids and derivatives"	1	"Amino acids, peptides, and analogues"	0.645	"Amino acids and derivatives"	0.646	"Amino acids and derivatives"	0.646	"Organic compounds; Lipids and lipid-like molecules; Amino acids, peptides, and analogues; Organic acids and derivatives; Carboxylic acids and derivatives; Organonitrogen compounds; Organooxygen compounds; Fatty acid esters; Fatty amides; Dicarboxylic acids and derivatives; Amino acids and derivatives; Carboxylic acid amides; Carboxylic acid derivatives; N-acyl amines; Carboxylic acids; Carboxylic acid esters; Secondary carboxylic acid amides; Carbonyl compounds; Fatty Acyls; Organic oxides; Hydrocarbon derivatives; Organopnictogen compounds; Organic oxygen compounds; Organic nitrogen compounds; Chemical entities"	647.534	595	9.923	836961263314473344	836961036582969088	836961036582969088	984	NA	984
1	"C37H69NO5"	"[M + H3N + H]+"	"C37H73N2O5+"	"Fatty acids"	1	"Spingolipids"	0.749	"N-acyl amines"	0.293	"Organic acids and derivatives"	0.998	"Carboxylic acids and derivatives"	0.994	"Amino acids, peptides, and analogues"	0.575	"Amino acids and derivatives"	0.575	"Alpha amino acids and derivatives"	0.592	"Organic compounds; Lipids and lipid-like molecules; Amino acids, peptides, and analogues; Alpha amino acids and derivatives; Alcohols and polyols; Organic acids and derivatives; Carboxylic acids and derivatives; Organonitrogen compounds; Organooxygen compounds; Fatty amides; Amino acids and derivatives; Carboxylic acid amides; Carboxylic acid derivatives; N-acyl amines; Monocarboxylic acids and derivatives; Carboxylic acids; Carboxylic acid esters; Secondary carboxylic acid amides; Carbonyl compounds; Fatty Acyls; Organic oxides; Hydrocarbon derivatives; Organopnictogen compounds; Organic oxygen compounds; Organic nitrogen compounds; Chemical entities"	625.552	595	9.924	836961281853298432	836961036616523520	836961036616523520	985	NA	985
2	"C30H58O2"	"[M + H3N + H]+"	"C30H62NO2+"	"Terpenoids"	0.99	"Triterpenoids"	0.597	"Cholestane steroids"	0.134	"Lipids and lipid-like molecules"	0.982	"Prenol lipids"	0.776	"Triterpenoids"	0.523	NA	NA	"Triterpenoids"	0.523	"Organic compounds; Lipids and lipid-like molecules; Alcohols and polyols; Steroids and steroid derivatives; Prenol lipids; Organooxygen compounds; Cyclic alcohols and derivatives; Hydroxysteroids; Triterpenoids; Secondary alcohols; 3-hydroxysteroids; Hydrocarbon derivatives; Organic oxygen compounds; Chemical entities"	468.478	596	9.93	836961314799558144	836961036683632384	836961036683632384	987	NA	987
1	"C44H64O5"	"[M + H3N + H]+"	"C44H68NO5+"	"Terpenoids"	0.996	"Carotenoids (C40)"	0.991	"Carotenoids (C40, β-β)"	0.513	"Lipids and lipid-like molecules"	0.975	"Prenol lipids"	0.93	"Tetraterpenoids"	0.781	"Carotenoids"	0.762	"Xanthophylls"	0.813	"Organic compounds; Lipids and lipid-like molecules; Ketones; Alcohols and polyols; Prenol lipids; Organooxygen compounds; Carotenoids; Xanthophylls; Tetraterpenoids; Secondary alcohols; Carbonyl compounds; Organic oxides; Hydrocarbon derivatives; Organic oxygen compounds; Chemical entities"	690.507	596	9.937	836961325004300416	836961036650077952	836961036650077952	986	NA	986
1	"C39H71NO5"	"[M + H3N + H]+"	"C39H75N2O5+"	"Fatty acids"	0.999	"Spingolipids"	0.67	"Ceramides"	0.218	"Organic acids and derivatives"	0.998	"Carboxylic acids and derivatives"	0.996	"Amino acids, peptides, and analogues"	0.669	"Amino acids and derivatives"	0.665	"Alpha amino acids and derivatives"	0.593	"Organic compounds; Lipids and lipid-like molecules; Amino acids, peptides, and analogues; Alpha amino acids and derivatives; Alcohols and polyols; Organic acids and derivatives; Carboxylic acids and derivatives; Organonitrogen compounds; Organooxygen compounds; Fatty amides; Amino acids and derivatives; Carboxylic acid amides; Carboxylic acid derivatives; N-acyl amines; Monocarboxylic acids and derivatives; Carboxylic acid esters; Secondary alcohols; Secondary carboxylic acid amides; Carbonyl compounds; Fatty Acyls; Organic oxides; Hydrocarbon derivatives; Organopnictogen compounds; Organic oxygen compounds; Organic nitrogen compounds; Chemical entities"	651.567	596	9.939	836961265025749632	836961036721381120	836961036721381120	988	NA	988
3	"C26H36N2O2"	"[M + H3N + H]+"	"C26H40N3O2+"	"Alkaloids"	0.44	"Pseudoalkaloids (transamidation)"	0.276	"Open-chain polyketides"	0.162	"Benzenoids"	0.889	"Benzene and substituted derivatives"	0.611	NA	NA	NA	NA	"Benzene and substituted derivatives"	0.611	"Organic compounds; Organonitrogen compounds; Organooxygen compounds; Carbonyl compounds; Benzene and substituted derivatives; Benzenoids; Organic oxides; Hydrocarbon derivatives; Organopnictogen compounds; Organic oxygen compounds; Organic nitrogen compounds; Chemical entities"	426.313	597	9.955	836961295447038464	836961036788489984	836961036788489984	990	NA	990
2	"C18H30BFO3Si"	"[M + H3N + H]+"	"C18H34BFNO3Si+"	"Terpenoids"	0.835	"Monoterpenoids"	0.772	"Pinane monoterpenoids"	0.53	"Lipids and lipid-like molecules"	0.708	"Fatty Acyls"	0.533	NA	NA	NA	NA	"Fatty Acyls"	0.533	"Organic compounds; Lipids and lipid-like molecules; Organic acids and derivatives; Carboxylic acids and derivatives; Organooxygen compounds; Organometallic compounds; Boronic acid derivatives; Monocarboxylic acids and derivatives; Organometalloid compounds; Organofluorides; Carbonyl compounds; Organoboron compounds; Organic salts; Fatty Acyls; Organic oxides; Organic metalloid salts; Organic metal salts; Hydrocarbon derivatives; Alkylboranes; Organic oxygen compounds; Chemical entities"	369.242	597	9.955	836961302778682240	836961036754935552	836961036754935552	989	NA	989
1	"C39H78N2O5"	"[M + Na]+"	"C39H78N2NaO5+"	"Fatty acids"	1	"Fatty amides"	0.997	"N-acyl amines"	0.996	"Organic acids and derivatives"	1	"Carboxylic acids and derivatives"	1	"Amino acids, peptides, and analogues"	0.999	"Amino acids and derivatives"	0.999	"N-acyl-alpha amino acids"	0.991	"Organic compounds; Lipids and lipid-like molecules; Amino acids, peptides, and analogues; Alpha amino acids and derivatives; Organic acids and derivatives; Carboxylic acids and derivatives; Organonitrogen compounds; Organooxygen compounds; Fatty amides; Amino acids and derivatives; Monoalkylamines; Carboxylic acid amides; Carboxylic acid derivatives; N-acyl amines; Monocarboxylic acids and derivatives; N-acyl-alpha amino acids and derivatives; Carboxylic acids; N-acyl-alpha amino acids; Amines; Primary amines; Fatty Acyls; Organic oxides; Hydrocarbon derivatives; Organopnictogen compounds; Organic oxygen compounds; Organic nitrogen compounds; Chemical entities"	677.583	598	9.961	836961268121146368	836961036855598848	836961036855598848	992	NA	992
2	"C39H72N8O4"	"[M - H2O + H]+"	"C39H71N8O3+"	"Amino acids and Peptides"	0.95	"Oligopeptides"	0.667	"Linear peptides"	0.395	"Organic acids and derivatives"	0.99	"Carboxylic acids and derivatives"	0.98	"Amino acids, peptides, and analogues"	0.964	"Amino acids and derivatives"	0.956	"N-acyl-alpha amino acids and derivatives"	0.684	"Organic compounds; Organoheterocyclic compounds; Lipids and lipid-like molecules; Amino acids, peptides, and analogues; Alpha amino acids and derivatives; Organic acids and derivatives; Carboxylic acids and derivatives; Organonitrogen compounds; Organooxygen compounds; Fatty amides; Amino acids and derivatives; Guanidines; Carboxylic acid amides; Carboxylic acid derivatives; N-acyl amines; N-acyl-alpha amino acids and derivatives; Primary carboxylic acid amides; Secondary carboxylic acid amides; Carbonyl compounds; Alpha amino acid amides; Amines; Carboximidamides; Fatty Acyls; Organic oxides; Azacyclic compounds; Hydrocarbon derivatives; Organopnictogen compounds; Organic oxygen compounds; Organic nitrogen compounds; Chemical entities"	699.565	598	9.967	836961264555987456	836961036893347712	836961036893347712	993	NA	993
1	"C18H40Si"	"[M + H]+"	"C18H41Si+"	"Fatty acids"	0.992	"Fatty acyls"	0.999	"Hydrocarbons"	0.961	"Hydrocarbons"	0.256	"Saturated hydrocarbons"	0.879	"Alkanes"	0.897	"Branched alkanes"	0.863	"Branched alkanes"	0.863	"Organic compounds; Alkanes; Hydrocarbon derivatives; Saturated hydrocarbons; Branched alkanes; Chemical entities"	285.298	600	10	836961265956885376	836961036960456576	836961036960456576	995	NA	995
2	"C40H76N2O5"	"[M + H]+"	"C40H77N2O5+"	"Fatty acids"	1	"Fatty amides"	0.982	"N-acyl amines"	0.969	"Organic acids and derivatives"	1	"Carboxylic acids and derivatives"	0.999	"Amino acids, peptides, and analogues"	0.974	"Amino acids and derivatives"	0.974	"N-acyl-alpha amino acids"	0.925	"Organic compounds; Lipids and lipid-like molecules; Amino acids, peptides, and analogues; Alpha amino acids and derivatives; Alcohols and polyols; Fatty acids and conjugates; Organic acids and derivatives; Carboxylic acids and derivatives; Organonitrogen compounds; Organooxygen compounds; Fatty amides; Amino acids and derivatives; Carboxylic acid amides; Carboxylic acid derivatives; N-acyl amines; Monocarboxylic acids and derivatives; N-acyl-alpha amino acids and derivatives; Carboxylic acids; Secondary alcohols; Secondary carboxylic acid amides; Carbonyl compounds; N-acyl-alpha amino acids; Fatty Acyls; Organic oxides; Hydrocarbon derivatives; Organopnictogen compounds; Organic oxygen compounds; Organic nitrogen compounds; Chemical entities"	665.583	604	10.071	836961265650701056	836961037027565440	836961037027565440	997	NA	997
1	"C20H36O"	"[M + H3N + H]+"	"C20H40NO+"	"Fatty acids"	0.993	"Fatty acyls"	0.971	"Fatty alcohols"	0.866	"Lipids and lipid-like molecules"	0.674	"Fatty Acyls"	0.685	"Fatty alcohols"	0.504	"Long-chain fatty alcohols"	0.619	"Long-chain fatty alcohols"	0.619	"Organic compounds; Lipids and lipid-like molecules; Ketones; Organooxygen compounds; Fatty alcohols; Carbonyl compounds; Long-chain fatty alcohols; Fatty Acyls; Organic oxides; Hydrocarbon derivatives; Organic oxygen compounds; Chemical entities"	310.31	604	10.072	836961266313401216	836961037065314176	836961037065314176	998	NA	998
1	"C44H64O5"	"[M + H3N + H]+"	"C44H68NO5+"	"Terpenoids"	0.996	"Carotenoids (C40)"	0.994	"Carotenoids (C40, β-β)"	0.655	"Lipids and lipid-like molecules"	0.975	"Prenol lipids"	0.93	"Tetraterpenoids"	0.873	"Carotenoids"	0.847	"Xanthophylls"	0.874	"Organic compounds; Lipids and lipid-like molecules; Alcohols and polyols; Prenol lipids; Organooxygen compounds; Carotenoids; Xanthophylls; Tetraterpenoids; Secondary alcohols; Carbonyl compounds; Organic oxides; Hydrocarbon derivatives; Organic oxygen compounds; Chemical entities"	690.507	606	10.104	836961275767362944	836961037098868608	836961037098868608	999	NA	999
3	"C20H41NO5S"	"[M + H3N + H]+"	"C20H45N2O5S+"	"Amino acids and Peptides"	0.54	"Linear polyketides"	0.541	"Open-chain polyketides"	0.71	"Lipids and lipid-like molecules"	0.672	"Fatty Acyls"	0.514	NA	NA	NA	NA	"Fatty Acyls"	0.514	"Organic compounds; Organosulfur compounds; Lipids and lipid-like molecules; Alcohols and polyols; Organic acids and derivatives; Carboxylic acids and derivatives; Organosulfonic acids and derivatives; Organonitrogen compounds; Organooxygen compounds; Carboxylic acid derivatives; Organosulfonic acids; Secondary alcohols; Carbonyl compounds; Alkanesulfonic acids and derivatives; Alkanesulfonic acids; Fatty Acyls; Organic oxides; Hydrocarbon derivatives; Organic sulfonic acids and derivatives; Organopnictogen compounds; Organic oxygen compounds; Organic nitrogen compounds; Chemical entities"	425.305	607	10.114	836961278091007616	836961037296000896	836961037296000896	1005	NA	1005
1	"CH3N2O2S"	"[M + K]+"	"CH3KN2O2S+"	"Alkaloids"	0.452	"Histidine alkaloids"	0.376	"Imidazole alkaloids"	0.379	"Organic nitrogen compounds"	0.979	"Organonitrogen compounds"	0.829	NA	NA	NA	NA	"Organonitrogen compounds"	0.829	"Organic compounds; Organonitrogen compounds; Organic oxides; Hydrocarbon derivatives; Organic oxygen compounds; Organic nitrogen compounds; Chemical entities"	145.954	607	10.123	836961279198303872	836961037165977472	836961037165977472	1001	NA	1001
1	"C32H64O2"	"[M + H3N + H]+"	"C32H68NO2+"	"Terpenoids"	0.983	"Steroids"	0.684	"Cholestane steroids"	0.232	"Lipids and lipid-like molecules"	0.983	"Steroids and steroid derivatives"	0.808	"Hydroxysteroids"	0.648	"3-hydroxysteroids"	0.559	"3-hydroxysteroids"	0.559	"Organic compounds; Lipids and lipid-like molecules; Alcohols and polyols; Steroids and steroid derivatives; Prenol lipids; Organooxygen compounds; Cyclic alcohols and derivatives; Hydroxysteroids; Secondary alcohols; 3-hydroxysteroids; Hydrocarbon derivatives; Organic oxygen compounds; Chemical entities"	498.525	608	10.133	836961279399630592	836961037333749632	836961037329555328	1006	NA	1006
1	"CH3N2O2S"	"[M + K]+"	"CH3KN2O2S+"	"Alkaloids"	0.456	"Histidine alkaloids"	0.387	"Imidazole alkaloids"	0.389	"Organic nitrogen compounds"	0.979	"Organonitrogen compounds"	0.829	NA	NA	NA	NA	"Organonitrogen compounds"	0.829	"Organic compounds; Organonitrogen compounds; Organic oxides; Hydrocarbon derivatives; Organic oxygen compounds; Organic nitrogen compounds; Chemical entities"	145.954	608	10.14	836961327319556352	836961037606379392	836961037606379392	1013	NA	1013
1	"C42H75NO5"	"[M + H3N + H]+"	"C42H79N2O5+"	"Fatty acids"	1	"Spingolipids"	0.985	"Ceramides"	0.607	"Lipids and lipid-like molecules"	0.992	"Sphingolipids"	0.531	NA	NA	NA	NA	"Sphingolipids"	0.531	"Organic compounds; Lipids and lipid-like molecules; Amino acids, peptides, and analogues; Alpha amino acids and derivatives; Alcohols and polyols; Sphingolipids; Organic acids and derivatives; Carboxylic acids and derivatives; Organonitrogen compounds; Organooxygen compounds; Fatty amides; Amino acids and derivatives; Carboxylic acid amides; Carboxylic acid derivatives; N-acyl amines; Monocarboxylic acids and derivatives; Carboxylic acids; Carboxylic acid esters; Secondary alcohols; Secondary carboxylic acid amides; Carbonyl compounds; Fatty Acyls; Organic oxides; Hydrocarbon derivatives; Organopnictogen compounds; Organic oxygen compounds; Organic nitrogen compounds; Chemical entities"	691.599	608	10.141	836961282734102400	836961037421830016	836961037417635712	1008	NA	1008
3	"C4H5FO2"	"[M + K]+"	"C4H5FKO2+"	"Fatty acids"	0.732	"Fatty Acids and Conjugates"	0.376	"Halogenated fatty acids"	0.716	"Benzenoids"	0.216	"Benzene and substituted derivatives"	0.407	"Halobenzenes"	0.545	"Fluorobenzenes"	0.657	"Fluorobenzenes"	0.657	"Organic compounds; Halobenzenes; Organohalogen compounds; Organooxygen compounds; Aryl fluorides; Fluorobenzenes; Organofluorides; Carbonyl compounds; Aryl halides; Organic oxides; Hydrocarbon derivatives; Organic oxygen compounds; Chemical entities"	142.991	610	10.16	836961272051209472	836961037681876864	836961037681876864	1015	NA	1015
2	"C3H3NO6S"	"[M - H2O + H]+"	"C3H2NO5S+"	"Amino acids and Peptides"	0.745	"Small peptides"	0.736	"Aminoacids"	0.791	"Organic acids and derivatives"	0.999	"Organic sulfonic acids and derivatives"	0.946	"Organosulfonic acids and derivatives"	0.945	"Organosulfonic acids"	0.796	"Organosulfonic acids"	0.796	"Organic compounds; Organosulfur compounds; Organic acids and derivatives; Carboxylic acids and derivatives; Organosulfonic acids and derivatives; Organonitrogen compounds; Organooxygen compounds; Sulfonyls; Organosulfonic acids; Carboxylic acids; Organic oxides; Hydrocarbon derivatives; Organic sulfonic acids and derivatives; Organopnictogen compounds; Organic oxygen compounds; Organic nitrogen compounds; Chemical entities"	163.965	610	10.168	836961287511415040	836961037535076224	836961037535076224	1011	NA	1011
1	"C46H68O5"	"[M + H3N + H]+"	"C46H72NO5+"	"Terpenoids"	0.903	"Carotenoids (C40)"	0.825	"Carotenoids (C40, β-β)"	0.273	"Lipids and lipid-like molecules"	0.933	"Prenol lipids"	0.599	NA	NA	NA	NA	"Prenol lipids"	0.599	"Organic compounds; Lipids and lipid-like molecules; Alcohols and polyols; Prenol lipids; Organic acids and derivatives; Organooxygen compounds; Carboxylic acid esters; Secondary alcohols; Carbonyl compounds; Fatty Acyls; Organic oxides; Hydrocarbon derivatives; Organic oxygen compounds; Chemical entities"	718.538	611	10.176	836961276220347776	836961037639933824	836961037639933824	1014	NA	1014
1	"C41H75NO5"	"[M + H3N + H]+"	"C41H79N2O5+"	"Fatty acids"	1	"Spingolipids"	0.981	"Ceramides"	0.725	"Lipids and lipid-like molecules"	0.993	"Sphingolipids"	0.624	"Ceramides"	0.657	NA	NA	"Ceramides"	0.657	"Organic compounds; Lipids and lipid-like molecules; Amino acids, peptides, and analogues; Alpha amino acids and derivatives; Alcohols and polyols; Sphingolipids; Organic acids and derivatives; Carboxylic acids and derivatives; Organonitrogen compounds; Primary alcohols; Organooxygen compounds; Fatty amides; Amino acids and derivatives; Carboxylic acid amides; Carboxylic acid derivatives; N-acyl amines; Monocarboxylic acids and derivatives; N-acyl-alpha amino acids and derivatives; Carboxylic acids; Ceramides; Secondary alcohols; Secondary carboxylic acid amides; Carbonyl compounds; Fatty Acyls; Organic oxides; Hydrocarbon derivatives; Organopnictogen compounds; Organic oxygen compounds; Organic nitrogen compounds; Chemical entities"	679.599	612	10.205	836961284831254528	836961037849649024	836961037849649024	1020	NA	1020
2	"C30H42O3"	"[M + H]+"	"C30H43O3+"	"Terpenoids"	0.896	"Meroterpenoids"	0.208	"Prenyl quinone meroterpenoids"	0.118	"Lipids and lipid-like molecules"	0.552	"Prenol lipids"	0.605	NA	NA	NA	NA	"Prenol lipids"	0.605	"Organic compounds; Lipids and lipid-like molecules; Prenol lipids; Organooxygen compounds; Carbonyl compounds; Organic oxides; Hydrocarbon derivatives; Organic oxygen compounds; Chemical entities"	451.321	614	10.231	836961277856126592	836961037920952192	836961037920952192	1022	NA	1022
2	"C28H40O3"	"[M + H]+"	"C28H41O3+"	"Terpenoids"	0.916	"Meroterpenoids"	0.264	"Polyprenylated cyclic polyketides (Hop meroterpenoids)"	0.096	"Lipids and lipid-like molecules"	0.733	"Prenol lipids"	0.687	NA	NA	NA	NA	"Prenol lipids"	0.687	"Organic compounds; Lipids and lipid-like molecules; Ketones; Prenol lipids; Organic acids and derivatives; Organooxygen compounds; Carbonyl compounds; Cyclic ketones; Organic oxides; Hydrocarbon derivatives; Organic oxygen compounds; Chemical entities"	425.305	614	10.24	836961288564185344	836961037958700928	836961037958700928	1023	NA	1023
3	"C30H44O3"	"[M + H3N + H]+"	"C30H48NO3+"	"Terpenoids"	0.986	"Carotenoids (C40)"	0.395	"Prenyl quinone meroterpenoids"	0.216	"Benzenoids"	0.822	NA	NA	NA	NA	NA	NA	"Benzenoids"	0.822	"Organic compounds; Lipids and lipid-like molecules; Prenol lipids; Organic acids and derivatives; Carboxylic acids and derivatives; Organooxygen compounds; Carbonyl compounds; Benzenoids; Organic oxides; Hydrocarbon derivatives; Organic oxygen compounds; Chemical entities"	470.363	614	10.241	836961276232930688	836961037992255360	836961037992255360	1024	NA	1024
1	"C39H80NO8P"	"[M + Na]+"	"C39H80NNaO8P+"	"Fatty acids"	1	"Glycerophospholipids"	1	"Glycerophosphoethanolamines"	0.999	"Lipids and lipid-like molecules"	0.991	"Glycerophospholipids"	1	"Glycerophosphoethanolamines"	0.996	"Phosphatidylethanolamines"	0.989	"Phosphatidylethanolamines"	0.989	"Organic compounds; Lipids and lipid-like molecules; Amino acids, peptides, and analogues; Glycerophospholipids; Organic acids and derivatives; Carboxylic acids and derivatives; Organonitrogen compounds; Organooxygen compounds; Fatty acid esters; Dicarboxylic acids and derivatives; Amino acids and derivatives; Organic phosphoric acids and derivatives; Phosphate esters; Monoalkylamines; Carboxylic acid derivatives; Carboxylic acid esters; Phosphoethanolamines; Phosphatidylethanolamines; Carbonyl compounds; Glycerophosphoethanolamines; Amines; Primary amines; Alkyl phosphates; Dialkyl phosphates; Fatty Acyls; Organic oxides; Hydrocarbon derivatives; Organopnictogen compounds; Organic oxygen compounds; Organic nitrogen compounds; Chemical entities"	744.554	615	10.256	836961327378276608	836961037887397760	836961037887397760	1021	NA	1021
5	"C46H81N3O8"	"[M - H2O + H]+"	"C46H80N3O7+"	"Polyketides"	0.899	"Macrolides"	0.931	"Erythromycins"	0.425	"Organic acids and derivatives"	0.954	"Carboxylic acids and derivatives"	0.942	"Amino acids, peptides, and analogues"	0.831	"Amino acids and derivatives"	0.826	"Amino acids and derivatives"	0.826	"Organic compounds; Organoheterocyclic compounds; Amino acids, peptides, and analogues; Lactones; Alcohols and polyols; Macrolides and analogues; Ethers; Phenylpropanoids and polyketides; Organic acids and derivatives; Carboxylic acids and derivatives; Organonitrogen compounds; Organooxygen compounds; Amino acids and derivatives; Carboxylic acid derivatives; Monocarboxylic acids and derivatives; Dialkyl ethers; Carboxylic acid esters; Secondary alcohols; Carbonyl compounds; 1,2-aminoalcohols; Trialkylamines; Amines; Tertiary amines; Organic oxides; Azacyclic compounds; Oxacyclic compounds; Hydrocarbon derivatives; Organopnictogen compounds; Organic oxygen compounds; Organic nitrogen compounds; Chemical entities"	786.601	616	10.267	836961332721820160	836961038059364352	836961038059364352	1026	NA	1026
1	"C25H51NO3"	"[M - H2O + H]+"	"C25H50NO2+"	"Fatty acids"	1	"Fatty amides"	0.998	"N-acyl amines"	0.953	"Lipids and lipid-like molecules"	0.995	"Fatty Acyls"	0.993	"Fatty amides"	0.995	"N-acyl amines"	0.989	"N-acyl amines"	0.989	"Organic compounds; Lipids and lipid-like molecules; Alcohols and polyols; Organic acids and derivatives; Carboxylic acids and derivatives; Organonitrogen compounds; Primary alcohols; Organooxygen compounds; Fatty amides; Carboxylic acid amides; Carboxylic acid derivatives; N-acyl amines; Secondary carboxylic acid amides; Carbonyl compounds; Fatty Acyls; Organic oxides; Hydrocarbon derivatives; Organopnictogen compounds; Organic oxygen compounds; Organic nitrogen compounds; Chemical entities"	396.383	616	10.273	836961298420800256	836961038092918784	836961038092918784	1027	NA	1027
5	"C40H73N5O10"	"[M - H2O + H]+"	"C40H72N5O9+"	"Amino acids and Peptides"	0.581	"Oligopeptides"	0.978	"Depsipeptides"	0.415	"Organic acids and derivatives"	0.997	"Carboxylic acids and derivatives"	0.992	"Amino acids, peptides, and analogues"	0.964	"Amino acids and derivatives"	0.956	"Alpha amino acids and derivatives"	0.874	"Organic compounds; Organoheterocyclic compounds; Lipids and lipid-like molecules; Amino acids, peptides, and analogues; Alpha amino acids and derivatives; Alcohols and polyols; Organic acids and derivatives; Carboxylic acids and derivatives; Organonitrogen compounds; Organooxygen compounds; Fatty amides; Amino acids and derivatives; Carboxylic acid amides; Carboxylic acid derivatives; N-acyl amines; Monocarboxylic acids and derivatives; Carboxylic acid esters; Secondary alcohols; Secondary carboxylic acid amides; Tertiary carboxylic acid amides; Carbonyl compounds; Fatty Acyls; Organic oxides; Azacyclic compounds; Hydrocarbon derivatives; Organopnictogen compounds; Organic oxygen compounds; Organic nitrogen compounds; Chemical entities"	766.536	617	10.291	836961348723090560	836961038164221952	836961038164221952	1029	NA	1029
1	"C39H80NO8P"	"[M + Na]+"	"C39H80NNaO8P+"	"Fatty acids"	1	"Glycerophospholipids"	1	"Glycerophosphoethanolamines"	0.999	"Lipids and lipid-like molecules"	0.991	"Glycerophospholipids"	1	"Glycerophosphoethanolamines"	0.997	"Phosphatidylethanolamines"	0.99	"Phosphatidylethanolamines"	0.99	"Organic compounds; Lipids and lipid-like molecules; Amino acids, peptides, and analogues; Glycerophospholipids; Organic acids and derivatives; Carboxylic acids and derivatives; Organonitrogen compounds; Organooxygen compounds; Fatty acid esters; Dicarboxylic acids and derivatives; Amino acids and derivatives; Organic phosphoric acids and derivatives; Phosphate esters; Monoalkylamines; Carboxylic acid derivatives; Carboxylic acid esters; Phosphoethanolamines; Phosphatidylethanolamines; Carbonyl compounds; Glycerophosphoethanolamines; Amines; Primary amines; Alkyl phosphates; Dialkyl phosphates; Fatty Acyls; Organic oxides; Hydrocarbon derivatives; Organopnictogen compounds; Organic oxygen compounds; Organic nitrogen compounds; Chemical entities"	744.554	618	10.299	836961333577458304	836961038407491584	836961038407491584	1036	NA	1036
1	"C46H68O5"	"[M + H3N + H]+"	"C46H72NO5+"	"Terpenoids"	0.904	"Carotenoids (C40)"	0.81	"Carotenoids (C40, β-β)"	0.255	"Lipids and lipid-like molecules"	0.935	"Prenol lipids"	0.6	NA	NA	NA	NA	"Prenol lipids"	0.6	"Organic compounds; Lipids and lipid-like molecules; Alcohols and polyols; Prenol lipids; Organic acids and derivatives; Organooxygen compounds; Carboxylic acid esters; Carbonyl compounds; Fatty Acyls; Organic oxides; Hydrocarbon derivatives; Organic oxygen compounds; Chemical entities"	718.538	618	10.304	836961269362660352	836961038306828288	836961038306828288	1033	NA	1033
2	"C40H82NO8P"	"[M + Na]+"	"C40H82NNaO8P+"	"Fatty acids"	1	"Glycerophospholipids"	1	"Glycerophosphoethanolamines"	0.999	"Lipids and lipid-like molecules"	0.99	"Glycerophospholipids"	1	"Glycerophosphoethanolamines"	0.994	"Phosphatidylethanolamines"	0.988	"Phosphatidylethanolamines"	0.988	"Organic compounds; Lipids and lipid-like molecules; Amino acids, peptides, and analogues; Glycerophospholipids; Organic acids and derivatives; Carboxylic acids and derivatives; Organonitrogen compounds; Organooxygen compounds; Fatty acid esters; Dicarboxylic acids and derivatives; Amino acids and derivatives; Organic phosphoric acids and derivatives; Phosphate esters; Monoalkylamines; Carboxylic acid derivatives; Carboxylic acid esters; Phosphoethanolamines; Phosphatidylethanolamines; Carbonyl compounds; Glycerophosphoethanolamines; Trialkylamines; Amines; Primary amines; Tertiary amines; Alkyl phosphates; Dialkyl phosphates; Fatty Acyls; Organic oxides; Hydrocarbon derivatives; Organopnictogen compounds; Organic oxygen compounds; Organic nitrogen compounds; Chemical entities"	758.57	619	10.31	836961347947144320	836961038273273856	836961038273273856	1032	NA	1032
3	"C36H38N4O5"	"[M + H]+"	"C36H39N4O5+"	"Alkaloids"	0.966	"Tryptophan alkaloids"	0.046	"Pyrrole alkaloids"	0.009	"Organoheterocyclic compounds"	1	"Tetrapyrroles and derivatives"	1	"Chlorins"	0.619	NA	NA	"Chlorins"	0.619	"Organic compounds; Organoheterocyclic compounds; Lipids and lipid-like molecules; Pyrroles; Organic acids and derivatives; Carboxylic acids and derivatives; Organonitrogen compounds; Organooxygen compounds; Fatty acid esters; Dicarboxylic acids and derivatives; Chlorins; Carboxylic acid derivatives; Carboxylic acids; Carboxylic acid esters; Tetrapyrroles and derivatives; Carbonyl compounds; Substituted pyrroles; Methyl esters; Fatty Acyls; Organic oxides; Azacyclic compounds; Heteroaromatic compounds; Hydrocarbon derivatives; Organopnictogen compounds; Organic oxygen compounds; Organic nitrogen compounds; Chemical entities"	607.291	619	10.315	836961305630809216	836961038239719424	836961038239719424	1031	NA	1031
2	"C35H50O2"	"[M + H]+"	"C35H51O2+"	"Terpenoids"	0.989	"Meroterpenoids"	0.809	"Prenyl quinone meroterpenoids"	0.754	"Benzenoids"	0.99	"Naphthalenes"	0.677	NA	NA	NA	NA	"Naphthalenes"	0.677	"Organic compounds; Lipids and lipid-like molecules; Naphthalenes; Phenols; Prenol lipids; Organooxygen compounds; Quinone and hydroquinone lipids; Benzenoids; Hydrocarbon derivatives; Organic oxygen compounds; Chemical entities"	503.389	620	10.334	836961335829799680	836961038373937152	836961038373937152	1035	NA	1035
1	"C45H76O12S"	"[M + H3N + H]+"	"C45H80NO12S+"	"Fatty acids"	1	"Glycerolipids"	1	"Glycosyldiacylglycerols"	0.987	"Lipids and lipid-like molecules"	0.998	"Glycerolipids"	0.997	"Glycosylglycerols"	1	"Glycosyldiradylglycerols"	0.994	"Sulfoquinovosyldiacylglycerols"	0.956	"Organic compounds; Organoheterocyclic compounds; Organosulfur compounds; Carbohydrates and carbohydrate conjugates; Lipids and lipid-like molecules; Alcohols and polyols; Glycerolipids; Ethers; Organic acids and derivatives; Carboxylic acids and derivatives; Organosulfonic acids and derivatives; Organooxygen compounds; Fatty acid esters; Dicarboxylic acids and derivatives; Glycosylglycerols; Carboxylic acid derivatives; Sulfonyls; Organosulfonic acids; Carboxylic acid esters; Hexoses; Monosaccharides; Acetals; Secondary alcohols; Fatty acyl glycosides; Carbonyl compounds; Oxanes; Glycosyl compounds; O-glycosyl compounds; Sulfoquinovosyldiacylglycerols; Polyols; Glycosyldiacylglycerols; Alkanesulfonic acids and derivatives; Alkanesulfonic acids; Glycosyldiradylglycerols; Fatty acyl glycosides of mono- and disaccharides; Fatty Acyls; Organic oxides; Oxacyclic compounds; Hydrocarbon derivatives; Organic sulfonic acids and derivatives; Organic oxygen compounds; Chemical entities"	858.54	621	10.349	836961277029848576	836961038441046016	836961038441046016	1037	NA	1037
11	"C33H27F5N4O4"	"[M + H3N + H]+"	"C33H31F5N5O4+"	"Alkaloids"	0.686	"Tryptophan alkaloids"	0.064	"Isoquinoline alkaloids"	0.016	"Organic acids and derivatives"	0.881	"Carboxylic acids and derivatives"	0.849	"Amino acids, peptides, and analogues"	0.584	"Amino acids and derivatives"	0.584	"Amino acids and derivatives"	0.584	"Organic compounds; Organoheterocyclic compounds; Amino acids, peptides, and analogues; Halobenzenes; Alkyl aryl ethers; Ethers; Organic acids and derivatives; Carboxylic acids and derivatives; Organohalogen compounds; Organonitrogen compounds; Organooxygen compounds; Amino acids and derivatives; Carboxylic acid amides; Alkyl fluorides; Aryl fluorides; Carboxylic acid derivatives; Fluorobenzenes; Organofluorides; Benzene and substituted derivatives; Phenol ethers; Benzenoids; Amines; Aryl halides; Alkyl halides; Aralkylamines; Organic oxides; Azacyclic compounds; Heteroaromatic compounds; Hydrocarbon derivatives; Trifluoromethylbenzenes; Organopnictogen compounds; Organic oxygen compounds; Organic nitrogen compounds; Phenoxy compounds; Chemical entities"	656.226	621	10.358	836961333871059584	836961038545903616	836961038545903616	1040	NA	1040
1	"C45H86NO8P"	"[M + H]+"	"C45H87NO8P+"	"Fatty acids"	0.999	"Glycerophospholipids"	1	"Glycerophosphocholines"	0.998	"Lipids and lipid-like molecules"	0.99	"Glycerophospholipids"	0.999	"Glycerophosphocholines"	0.994	"Phosphatidylcholines"	0.985	"Phosphatidylcholines"	0.985	"Organic compounds; Lipids and lipid-like molecules; Glycerophospholipids; Organic acids and derivatives; Carboxylic acids and derivatives; Organonitrogen compounds; Organooxygen compounds; Fatty acid esters; Dicarboxylic acids and derivatives; Organic phosphoric acids and derivatives; Phosphate esters; Quaternary ammonium salts; Cholines; Carboxylic acid derivatives; Carboxylic acid esters; Phosphocholines; Phosphatidylcholines; Carbonyl compounds; Glycerophosphocholines; Amines; Alkyl phosphates; Dialkyl phosphates; Organic cations; Organic salts; Fatty Acyls; Organic oxides; Hydrocarbon derivatives; Tetraalkylammonium salts; Organopnictogen compounds; Organic oxygen compounds; Organic nitrogen compounds; Chemical entities"	800.617	622	10.368	836961284223080448	836961038474600448	836961038474600448	1038	NA	1038
1	"C37H72NO8P"	"[M + Na]+"	"C37H72NNaO8P+"	"Fatty acids"	0.999	"Glycerophospholipids"	1	"Glycerophosphoethanolamines"	0.998	"Lipids and lipid-like molecules"	0.989	"Glycerophospholipids"	0.999	"Glycerophosphoethanolamines"	0.995	"Phosphatidylethanolamines"	0.975	"Phosphatidylethanolamines"	0.975	"Organic compounds; Lipids and lipid-like molecules; Amino acids, peptides, and analogues; Glycerophospholipids; Organic acids and derivatives; Carboxylic acids and derivatives; Organonitrogen compounds; Organooxygen compounds; Fatty acid esters; Dicarboxylic acids and derivatives; Amino acids and derivatives; Organic phosphoric acids and derivatives; Phosphate esters; Monoalkylamines; Carboxylic acid derivatives; Carboxylic acid esters; Phosphoethanolamines; Phosphatidylethanolamines; Carbonyl compounds; Glycerophosphoethanolamines; Amines; Primary amines; Alkyl phosphates; Dialkyl phosphates; Fatty Acyls; Organic oxides; Hydrocarbon derivatives; Organopnictogen compounds; Organic oxygen compounds; Organic nitrogen compounds; Chemical entities"	712.489	624	10.406	836961286907435136	836961038684315648	836961038684315648	1044	NA	1044
1	"C46H68O5"	"[M + H3N + H]+"	"C46H72NO5+"	"Terpenoids"	0.996	"Carotenoids (C40)"	0.993	"Carotenoids (C40, β-β)"	0.7	"Lipids and lipid-like molecules"	0.968	"Prenol lipids"	0.92	"Tetraterpenoids"	0.883	"Carotenoids"	0.897	"Xanthophylls"	0.908	"Organic compounds; Lipids and lipid-like molecules; Alcohols and polyols; Ethers; Prenol lipids; Organooxygen compounds; Carotenoids; Xanthophylls; Tetraterpenoids; Secondary alcohols; Carbonyl compounds; Organic oxides; Hydrocarbon derivatives; Organic oxygen compounds; Chemical entities"	718.538	624	10.408	836961306348035200	836961038784978944	836961038784978944	1047	NA	1047
6	"C26H48N4O6S"	"[M + H3N + H]+"	"C26H52N5O6S+"	"Amino acids and Peptides"	0.594	"Oligopeptides"	0.959	"Linear peptides"	0.252	"Organoheterocyclic compounds"	0.785	"Biotin and derivatives"	0.659	NA	NA	NA	NA	"Biotin and derivatives"	0.659	"Organic compounds; Organoheterocyclic compounds; Organosulfur compounds; Lipids and lipid-like molecules; Amino acids, peptides, and analogues; Alcohols and polyols; Biotin and derivatives; Organic acids and derivatives; Carboxylic acids and derivatives; Organonitrogen compounds; Organooxygen compounds; Fatty amides; Amino acids and derivatives; Organic carbonic acids and derivatives; Carboxylic acid amides; Ureas; Carboxylic acid derivatives; N-acyl amines; Secondary carboxylic acid amides; Carbonyl compounds; Fatty Acyls; Organic oxides; Azacyclic compounds; Hydrocarbon derivatives; Organopnictogen compounds; Organic oxygen compounds; Organic nitrogen compounds; Chemical entities"	562.366	625	10.412	836961329550926208	836961038650761216	836961038650761216	1043	NA	1043
1	"C30H44O4"	"[M - H2O + H]+"	"C30H43O3+"	"Terpenoids"	0.988	"Triterpenoids"	0.877	"Abeolupane triterpenoids"	0.117	"Lipids and lipid-like molecules"	0.962	"Prenol lipids"	0.888	"Triterpenoids"	0.531	NA	NA	"Triterpenoids"	0.531	"Organic compounds; Lipids and lipid-like molecules; Alcohols and polyols; Steroids and steroid derivatives; Prenol lipids; Organic acids and derivatives; Carboxylic acids and derivatives; Organooxygen compounds; Monocarboxylic acids and derivatives; Carboxylic acids; Triterpenoids; Carbonyl compounds; Organic oxides; Hydrocarbon derivatives; Organic oxygen compounds; Chemical entities"	451.321	626	10.439	836961306264149120	836961038717870080	836961038717870080	1045	NA	1045
2	"C32H64NO4P"	"[M + H3N + H]+"	"C32H68N2O4P+"	"Fatty acids"	1	"Spingolipids"	0.99	"Phosphosphingolipids"	0.542	"Lipids and lipid-like molecules"	0.968	"Sphingolipids"	0.707	"Phosphosphingolipids"	0.755	NA	NA	"Phosphosphingolipids"	0.755	"Organic compounds; Lipids and lipid-like molecules; Sphingolipids; Organic acids and derivatives; Carboxylic acids and derivatives; Organonitrogen compounds; Organooxygen compounds; Fatty amides; Organic phosphoric acids and derivatives; Phosphate esters; Carboxylic acid amides; Carboxylic acid derivatives; N-acyl amines; Phosphoethanolamines; Secondary carboxylic acid amides; Carbonyl compounds; Phosphosphingolipids; Alkyl phosphates; Dialkyl phosphates; Fatty Acyls; Organic oxides; Hydrocarbon derivatives; Organopnictogen compounds; Organic oxygen compounds; Organic nitrogen compounds; Chemical entities"	575.491	630	10.492	836961279340910208	836961038818533376	836961038818533376	1048	NA	1048
7	"C28H44N10O8"	"[M + H3N + H]+"	"C28H48N11O8+"	"Amino acids and Peptides"	0.438	"Oligopeptides"	0.791	"Purine nucleosides"	0.086	"Organic acids and derivatives"	0.958	"Carboxylic acids and derivatives"	0.87	"Amino acids, peptides, and analogues"	0.737	"Amino acids and derivatives"	0.724	"Amino acids and derivatives"	0.724	"Organic compounds; Organoheterocyclic compounds; Amino acids, peptides, and analogues; Pyrimidines and pyrimidine derivatives; Organic acids and derivatives; Carboxylic acids and derivatives; Organonitrogen compounds; Organooxygen compounds; Amino acids and derivatives; Azoles; Carboxylic acid amides; Carboxylic acid derivatives; Diazines; Carbonyl compounds; Benzene and substituted derivatives; Benzenoids; Amines; Imidolactams; Organic oxides; Azacyclic compounds; Heteroaromatic compounds; Hydrocarbon derivatives; Organopnictogen compounds; Organic oxygen compounds; Organic nitrogen compounds; Chemical entities"	666.369	631	10.52	836961322647101440	836961038852087808	836961038852087808	1049	NA	1049
2	"C20H38O"	"[M + H3N + H]+"	"C20H42NO+"	"Fatty acids"	0.917	"Fatty acyls"	0.507	"Fatty alcohols"	0.467	"Lipids and lipid-like molecules"	0.841	"Fatty Acyls"	0.767	NA	NA	NA	NA	"Fatty Acyls"	0.767	"Organic compounds; Lipids and lipid-like molecules; Organooxygen compounds; Carbonyl compounds; Fatty Acyls; Organic oxides; Hydrocarbon derivatives; Organic oxygen compounds; Chemical entities"	312.326	642	10.701	836961306394172544	836961039019859968	836961039015665664	1053	NA	1053
1	"C32H42N2O2"	"[M + H3N + H]+"	"C32H46N3O2+"	"Shikimates and Phenylpropanoids"	0.277	"Flavonoids"	0.194	"Chalcones"	0.321	"Benzenoids"	0.996	"Benzene and substituted derivatives"	0.912	"Phenylpropanes"	0.877	NA	NA	"Phenylpropanes"	0.877	"Organic compounds; Organonitrogen compounds; Organooxygen compounds; Benzene and substituted derivatives; Benzenoids; Phenylpropanes; Organic oxides; Hydrocarbon derivatives; Organopnictogen compounds; Organic oxygen compounds; Organic nitrogen compounds; Chemical entities"	504.36	642	10.706	836961289809893760	836961039086968832	836961039086968832	1055	NA	1055
1	"C19H38N8O5"	"[M + H]+"	"C19H39N8O5+"	"Amino acids and Peptides"	0.623	"Small peptides"	0.454	"Tripeptides"	0.448	"Organic acids and derivatives"	0.75	"Carboxylic acids and derivatives"	0.534	"Amino acids, peptides, and analogues"	0.615	"Amino acids and derivatives"	0.596	"Amino acids and derivatives"	0.596	"Organic compounds; Lipids and lipid-like molecules; Amino acids, peptides, and analogues; Organic acids and derivatives; Carboxylic acids and derivatives; Organonitrogen compounds; Organooxygen compounds; Fatty amides; Amino acids and derivatives; Guanidines; Monoalkylamines; Carboxylic acid derivatives; N-acyl amines; Carbonyl compounds; Amines; Primary amines; Carboximidamides; Fatty Acyls; Organic oxides; Hydrocarbon derivatives; Organopnictogen compounds; Organic oxygen compounds; Organic nitrogen compounds; Chemical entities"	459.302	642	10.707	836961296638220928	836961039049220096	836961039049220096	1054	NA	1054
2	"C19H38N8O5"	"[M + H3N + H]+"	"C19H42N9O5+"	"Amino acids and Peptides"	0.906	"Small peptides"	0.776	"Tripeptides"	0.611	"Organic acids and derivatives"	0.932	"Carboxylic acids and derivatives"	0.837	"Amino acids, peptides, and analogues"	0.867	"Peptides"	0.633	"Peptides"	0.633	"Organic compounds; Lipids and lipid-like molecules; Amino acids, peptides, and analogues; Alpha amino acids and derivatives; Organic acids and derivatives; Carboxylic acids and derivatives; Organonitrogen compounds; Organooxygen compounds; Fatty amides; Amino acids and derivatives; Peptides; Guanidines; Monoalkylamines; Carboxylic acid amides; Carboxylic acid derivatives; N-acyl amines; N-acyl-alpha amino acids and derivatives; Secondary carboxylic acid amides; Carbonyl compounds; Alpha amino acid amides; Amines; Primary amines; Carboximidamides; Organic 1,3-dipolar compounds; Propargyl-type 1,3-dipolar organic compounds; Fatty Acyls; Organic oxides; Hydrocarbon derivatives; Organopnictogen compounds; Organic oxygen compounds; Organic nitrogen compounds; Chemical entities"	476.329	642	10.707	836961295233128960	836961039120523264	836961039120523264	1056	NA	1056
1	"C22H40O"	"[M + H3N + H]+"	"C22H44NO+"	"Fatty acids"	0.99	"Fatty acyls"	0.947	"Fatty alcohols"	0.477	"Lipids and lipid-like molecules"	0.738	"Fatty Acyls"	0.709	NA	NA	NA	NA	"Fatty Acyls"	0.709	"Organic compounds; Lipids and lipid-like molecules; Organooxygen compounds; Carbonyl compounds; Fatty Acyls; Organic oxides; Hydrocarbon derivatives; Organic oxygen compounds; Chemical entities"	338.342	643	10.72	836961312790486400	836961039187632256	836961039187632256	1058	NA	1058
3	"C26H45N"	"[M + K]+"	"C26H45KN+"	"Alkaloids"	0.549	"Pseudoalkaloids (transamidation)"	0.321	"Simple indole alkaloids"	0.189	"Benzenoids"	0.864	"Benzene and substituted derivatives"	0.732	NA	NA	NA	NA	"Benzene and substituted derivatives"	0.732	"Organic compounds; Organonitrogen compounds; Benzene and substituted derivatives; Benzenoids; Amines; Tertiary amines; Hydrocarbon derivatives; Organopnictogen compounds; Organic nitrogen compounds; Chemical entities"	410.318	644	10.729	836961337306194816	836961039254741120	836961039254741120	1060	NA	1060
2	"C47H80N6O13"	"[M + H3N + H]+"	"C47H84N7O13+"	"Fatty acids"	0.981	"Oligopeptides"	0.227	"Lipopeptides"	0.328	"Organic acids and derivatives"	0.973	"Carboxylic acids and derivatives"	0.91	"Amino acids, peptides, and analogues"	0.602	"Amino acids and derivatives"	0.587	"Alpha amino acids and derivatives"	0.607	"Organic compounds; Lipids and lipid-like molecules; Amino acids, peptides, and analogues; Alpha amino acids and derivatives; Alcohols and polyols; Glycerolipids; Organic acids and derivatives; Carboxylic acids and derivatives; Organonitrogen compounds; Organooxygen compounds; Fatty amides; Amino acids and derivatives; Carboxylic acid amides; Carboxylic acid derivatives; N-acyl amines; Secondary alcohols; Secondary carboxylic acid amides; Carbonyl compounds; Fatty Acyls; Organic oxides; Hydrocarbon derivatives; Organopnictogen compounds; Organic oxygen compounds; Organic nitrogen compounds; Chemical entities"	954.615	649	10.817	836961315760053760	836961039321849984	836961039321849984	1062	NA	1062
1	"C30H34ClF3N4O7S"	"[M + Na]+"	"C30H34ClF3N4NaO7S+"	"Amino acids and Peptides"	0.266	"Oligopeptides"	0.079	"Dipeptides"	0.014	"Organic acids and derivatives"	0.997	"Carboxylic acids and derivatives"	0.957	"Amino acids, peptides, and analogues"	0.64	"Amino acids and derivatives"	0.638	"Amino acids and derivatives"	0.638	"Organic compounds; Organoheterocyclic compounds; Organosulfur compounds; Amino acids, peptides, and analogues; Benzenesulfonamides; Halobenzenes; Benzoic acids and derivatives; Ethers; Organic acids and derivatives; Carboxylic acids and derivatives; Organohalogen compounds; Organosulfonic acids and derivatives; Organonitrogen compounds; Benzoyl derivatives; Organooxygen compounds; Amino acids and derivatives; Carboxylic acid amides; Alkyl fluorides; Aryl chlorides; Carboxylic acid derivatives; Chlorobenzenes; Sulfonyls; Organochlorides; Organofluorides; Secondary carboxylic acid amides; Carbonyl compounds; Benzene and substituted derivatives; Benzenoids; Amines; Aryl halides; Alkyl halides; Aminosulfonyl compounds; Organic oxides; Azacyclic compounds; Heteroaromatic compounds; Hydrocarbon derivatives; Benzenesulfonyl compounds; Organic sulfonic acids and derivatives; Organopnictogen compounds; Organic oxygen compounds; Organic nitrogen compounds; Chemical entities"	709.168	652	10.87	836961563484038656	836961039460262016	836961039460262016	1066	NA	1066
5	"C33H35NO14"	"[M + K]+"	"C33H35KNO14+"	"Polyketides"	0.753	"Polycyclic aromatic polyketides"	0.597	"Angucyclines"	0.332	"Organic oxygen compounds"	0.999	"Organooxygen compounds"	0.999	"Carbohydrates and carbohydrate conjugates"	0.969	"Glycosyl compounds"	0.951	"Phenolic glycosides"	0.55	"Organic compounds; Organoheterocyclic compounds; Carbohydrates and carbohydrate conjugates; Alcohols and polyols; Phenols; Ethers; Organic acids and derivatives; Carboxylic acids and derivatives; Organonitrogen compounds; Primary alcohols; Organooxygen compounds; Carboxylic acid derivatives; Hexoses; Monosaccharides; Acetals; Secondary alcohols; Carbonyl compounds; Oxanes; Glycosyl compounds; O-glycosyl compounds; Benzene and substituted derivatives; Polyols; Benzenoids; Vinylogous acids; Organic oxides; Oxacyclic compounds; Hydrocarbon derivatives; Phenolic glycosides; Organopnictogen compounds; Organic oxygen compounds; 1-hydroxy-2-unsubstituted benzenoids; Organic nitrogen compounds; Chemical entities"	708.17	652	10.872	836961343903835136	836961039569313920	836961039569313920	1069	NA	1069
4	"C30H41N7O12"	"[M + K]+"	"C30H41KN7O12+"	"Amino acids and Peptides"	0.972	"Oligopeptides"	0.989	"Linear peptides"	0.623	"Organic acids and derivatives"	0.999	"Carboxylic acids and derivatives"	0.992	"Amino acids, peptides, and analogues"	0.958	"Peptides"	0.731	"Peptides"	0.731	"Organic compounds; Organoheterocyclic compounds; Lipids and lipid-like molecules; Amino acids, peptides, and analogues; Alpha amino acids and derivatives; Alcohols and polyols; Phenylpropanoids and polyketides; Organic acids and derivatives; Carboxylic acids and derivatives; Organonitrogen compounds; Organooxygen compounds; Fatty amides; Amino acids and derivatives; Peptides; Carboxylic acid amides; Carboxylic acid derivatives; Monocarboxylic acids and derivatives; N-acyl-alpha amino acids and derivatives; Carboxylic acids; Secondary carboxylic acid amides; Carbonyl compounds; Benzene and substituted derivatives; Alpha amino acid amides; Benzenoids; Fatty Acyls; Organic oxides; Hydrocarbon derivatives; Organopnictogen compounds; Organic oxygen compounds; Organic nitrogen compounds; Chemical entities"	730.245	652	10.873	836961348140082304	836961039531565184	836961039531565184	1068	NA	1068
2	"C35H52O3"	"[M + H]+"	"C35H53O3+"	"Terpenoids"	0.988	"Steroids"	0.531	"Ergostane steroids"	0.211	"Lipids and lipid-like molecules"	0.967	"Steroids and steroid derivatives"	0.525	NA	NA	NA	NA	"Steroids and steroid derivatives"	0.525	"Organic compounds; Lipids and lipid-like molecules; Alcohols and polyols; Steroids and steroid derivatives; Prenol lipids; Organooxygen compounds; Cyclic alcohols and derivatives; Secondary alcohols; Hydrocarbon derivatives; Organic oxygen compounds; Chemical entities"	521.399	654	10.9	836961316968013440	836961039602868352	836961039602868352	1070	NA	1070
1	"C8H13N3O"	"[M - H2O + H]+"	"C8H12N3+"	"Alkaloids"	0.901	"Histidine alkaloids"	0.266	"Imidazole alkaloids"	0.261	"Organoheterocyclic compounds"	0.996	"Azoles"	0.765	NA	NA	NA	NA	"Azoles"	0.765	"Organic compounds; Organoheterocyclic compounds; Alcohols and polyols; Organonitrogen compounds; Primary alcohols; Organooxygen compounds; Azoles; Amines; Alkanolamines; Azacyclic compounds; Heteroaromatic compounds; Hydrocarbon derivatives; Organopnictogen compounds; Organic oxygen compounds; Organic nitrogen compounds; Chemical entities"	150.103	659	10.984	836961332373692928	836961039665782912	836961039665782912	1072	NA	1072
1	"C32H60O"	"[M + H3N + H]+"	"C32H64NO+"	"Fatty acids"	0.79	"Fatty esters"	0.422	"Wax monoesters"	0.331	"Lipids and lipid-like molecules"	0.877	"Prenol lipids"	0.511	NA	NA	NA	NA	"Prenol lipids"	0.511	"Organic compounds; Lipids and lipid-like molecules; Prenol lipids; Organooxygen compounds; Fatty Acyls; Hydrocarbon derivatives; Organic oxygen compounds; Chemical entities"	478.498	659	10.984	836961287175870720	836961039737086080	836961039737086080	1074	NA	1074
3	"C30H61NO"	"[M + H]+"	"C30H62NO+"	"Fatty acids"	0.964	"Fatty amides"	0.926	"Primary amides"	0.44	"Lipids and lipid-like molecules"	0.51	NA	NA	NA	NA	NA	NA	"Lipids and lipid-like molecules"	0.51	"Organic compounds; Lipids and lipid-like molecules; Organonitrogen compounds; Organooxygen compounds; Carbonyl compounds; Amines; Organic oxides; Hydrocarbon derivatives; Organopnictogen compounds; Organic oxygen compounds; Organic nitrogen compounds; Chemical entities"	452.483	660	10.993	836961332537270784	836961039766446208	836961039766446208	1075	NA	1075
1	"C45H86NO8P"	"[M + H]+"	"C45H87NO8P+"	"Fatty acids"	1	"Glycerophospholipids"	1	"Glycerophosphocholines"	0.999	"Lipids and lipid-like molecules"	0.99	"Glycerophospholipids"	0.999	"Glycerophosphocholines"	0.996	"Phosphatidylcholines"	0.99	"Phosphatidylcholines"	0.99	"Organic compounds; Lipids and lipid-like molecules; Glycerophospholipids; Organic acids and derivatives; Carboxylic acids and derivatives; Organonitrogen compounds; Organooxygen compounds; Fatty acid esters; Dicarboxylic acids and derivatives; Organic phosphoric acids and derivatives; Phosphate esters; Quaternary ammonium salts; Cholines; Carboxylic acid derivatives; Carboxylic acid esters; Phosphocholines; Phosphatidylcholines; Carbonyl compounds; Glycerophosphocholines; Amines; Alkyl phosphates; Dialkyl phosphates; Organic cations; Organic salts; Fatty Acyls; Organic oxides; Hydrocarbon derivatives; Tetraalkylammonium salts; Organopnictogen compounds; Organic oxygen compounds; Organic nitrogen compounds; Chemical entities"	800.617	661	11.009	836961318268247808	836961039703531648	836961039703531648	1073	NA	1073
1	"C8H13N3O"	"[M - H2O + H]+"	"C8H12N3+"	"Alkaloids"	0.891	"Histidine alkaloids"	0.208	"Imidazole alkaloids"	0.203	"Organoheterocyclic compounds"	0.995	"Azoles"	0.741	NA	NA	NA	NA	"Azoles"	0.741	"Organic compounds; Organoheterocyclic compounds; Alcohols and polyols; Organonitrogen compounds; Primary alcohols; Organooxygen compounds; Azoles; Amines; Alkanolamines; Azacyclic compounds; Heteroaromatic compounds; Hydrocarbon derivatives; Organopnictogen compounds; Organic oxygen compounds; Organic nitrogen compounds; Chemical entities"	150.103	662	11.042	836961308558433408	836961039800000640	836961039800000640	1076	NA	1076
2	"C36H72N2O"	"[M + H]+"	"C36H73N2O+"	"Fatty acids"	0.991	"Fatty amides"	0.959	"N-acyl amines"	0.705	"Organic acids and derivatives"	0.999	"Carboxylic acids and derivatives"	0.998	"Amino acids, peptides, and analogues"	0.942	"Amino acids and derivatives"	0.942	"Amino acids and derivatives"	0.942	"Organic compounds; Lipids and lipid-like molecules; Amino acids, peptides, and analogues; Organic acids and derivatives; Carboxylic acids and derivatives; Organonitrogen compounds; Organooxygen compounds; Fatty amides; Amino acids and derivatives; Carboxylic acid amides; Carboxylic acid derivatives; N-acyl amines; Secondary carboxylic acid amides; Carbonyl compounds; Trialkylamines; Amines; Tertiary amines; Fatty Acyls; Organic oxides; Hydrocarbon derivatives; Organopnictogen compounds; Organic oxygen compounds; Organic nitrogen compounds; Chemical entities"	549.572	668	11.14	836961285066135680	836961039938412672	836961039938412672	1080	NA	1080
2	"C30H40O2"	"[M + H]+"	"C30H41O2+"	"Terpenoids"	0.971	"Meroterpenoids"	0.753	"Prenyl quinone meroterpenoids"	0.558	"Lipids and lipid-like molecules"	0.943	"Prenol lipids"	0.939	"Quinone and hydroquinone lipids"	0.815	"Vitamin K compounds"	0.707	"Menaquinones"	0.606	"Organic compounds; Lipids and lipid-like molecules; Naphthalenes; Phenols; Naphthoquinones; Prenol lipids; Organooxygen compounds; Quinone and hydroquinone lipids; Vitamin K compounds; Benzenoids; Menaquinones; Hydrocarbon derivatives; Organic oxygen compounds; Chemical entities"	433.31	668	11.14	836961287683381504	836961039837749376	836961039837749376	1077	NA	1077
1	"C34H62O"	"[M + H3N + H]+"	"C34H66NO+"	"Terpenoids"	0.831	"Diterpenoids"	0.13	"Prenyl quinone meroterpenoids"	0.419	"Lipids and lipid-like molecules"	0.823	"Prenol lipids"	0.615	NA	NA	NA	NA	"Prenol lipids"	0.615	"Organic compounds; Lipids and lipid-like molecules; Ethers; Prenol lipids; Organooxygen compounds; Hydrocarbon derivatives; Organic oxygen compounds; Chemical entities"	504.514	668	11.141	836961313897782656	836961039904858240	836961039904858240	1079	NA	1079
1	"C43H79NO10"	"[M + Na]+"	"C43H79NNaO10+"	"Fatty acids"	1	"Spingolipids"	0.999	"Neutral glycosphingolipids"	0.985	"Lipids and lipid-like molecules"	0.995	"Sphingolipids"	0.969	"Glycosphingolipids"	0.976	"Neutral glycosphingolipids"	0.952	"Glycosyl-N-acylsphingosines"	0.95	"Organic compounds; Carbohydrates and carbohydrate conjugates; Lipids and lipid-like molecules; Alcohols and polyols; Sphingolipids; Organic acids and derivatives; Carboxylic acids and derivatives; Organonitrogen compounds; Primary alcohols; Organooxygen compounds; Fatty acid esters; Fatty amides; Carboxylic acid amides; Carboxylic acid derivatives; N-acyl amines; Neutral glycosphingolipids; Simple glycosylceramides; Hexoses; Monosaccharides; Acetals; Secondary alcohols; Secondary carboxylic acid amides; Fatty acyl glycosides; Carbonyl compounds; Oxanes; Glycosyl compounds; Alkyl glycosides; O-glycosyl compounds; Polyols; Glycosphingolipids; Fatty acyl glycosides of mono- and disaccharides; Fatty Acyls; Organic oxides; Oxacyclic compounds; Hydrocarbon derivatives; Glycosyl-N-acylsphingosines; Organopnictogen compounds; Organic oxygen compounds; Organic nitrogen compounds; Chemical entities"	792.562	672	11.194	836961296713718400	836961040001327232	836961040001327232	1082	NA	1082
1	"C8H13N3O"	"[M - H2O + H]+"	"C8H12N3+"	"Alkaloids"	0.91	"Histidine alkaloids"	0.163	"Imidazole alkaloids"	0.16	"Organoheterocyclic compounds"	0.996	"Diazines"	0.538	NA	NA	NA	NA	"Diazines"	0.538	"Organic compounds; Organoheterocyclic compounds; Alcohols and polyols; Organonitrogen compounds; Primary alcohols; Organooxygen compounds; Azoles; Diazines; Amines; Azacyclic compounds; Heteroaromatic compounds; Hydrocarbon derivatives; Organopnictogen compounds; Organic oxygen compounds; Organic nitrogen compounds; Chemical entities"	150.103	674	11.235	836961287633049856	836961039967772800	836961039967772800	1081	NA	1081
1	"C32H46O2"	"[M + H3N + H]+"	"C32H50NO2+"	"Terpenoids"	0.996	"Carotenoids (C40)"	0.784	"Carotenoids (C40, β-β)"	0.29	"Lipids and lipid-like molecules"	0.945	"Prenol lipids"	0.894	"Tetraterpenoids"	0.447	"Carotenoids"	0.418	"Xanthophylls"	0.517	"Organic compounds; Lipids and lipid-like molecules; Prenol lipids; Organooxygen compounds; Xanthophylls; Organic oxides; Hydrocarbon derivatives; Organic oxygen compounds; Chemical entities"	480.384	674	11.24	836961317257420416	836961040101990528	836961040097796224	1085	NA	1085
1	"C8H13N3O"	"[M - H2O + H]+"	"C8H12N3+"	"Alkaloids"	0.928	"Histidine alkaloids"	0.37	"Imidazole alkaloids"	0.364	"Organoheterocyclic compounds"	0.997	"Azoles"	0.843	"Imidazoles"	0.537	NA	NA	"Imidazoles"	0.537	"Organic compounds; Organoheterocyclic compounds; Imidazoles; Alcohols and polyols; Organonitrogen compounds; Primary alcohols; Organooxygen compounds; Azoles; Amines; Azacyclic compounds; Heteroaromatic compounds; Hydrocarbon derivatives; Organopnictogen compounds; Organic oxygen compounds; Organic nitrogen compounds; Chemical entities"	150.103	676	11.272	836961318364716800	836961040135544960	836961040135544960	1086	NA	1086
2	"C42H64O7"	"[M + H3N + H]+"	"C42H68NO7+"	"Terpenoids"	0.943	"Triterpenoids"	0.852	"Oleanane triterpenoids"	0.167	"Lipids and lipid-like molecules"	0.88	"Prenol lipids"	0.79	"Triterpenoids"	0.555	NA	NA	"Triterpenoids"	0.555	"Organic compounds; Lipids and lipid-like molecules; Alcohols and polyols; Prenol lipids; Organic acids and derivatives; Carboxylic acids and derivatives; Organooxygen compounds; Dicarboxylic acids and derivatives; Carboxylic acid derivatives; Carboxylic acid esters; Triterpenoids; Carbonyl compounds; Organic oxides; Hydrocarbon derivatives; Organic oxygen compounds; Chemical entities"	698.499	677	11.288	836961298005564160	836961040173293696	836961040173293696	1087	NA	1087
6	"C34H43NO13"	"[M + K]+"	"C34H43KNO13+"	"Polyketides"	0.823	"Macrolides"	0.76	"Spirotetronate macrolides"	0.197	"Organic oxygen compounds"	0.999	"Organooxygen compounds"	0.999	"Carbohydrates and carbohydrate conjugates"	0.599	"Glycosyl compounds"	0.578	"O-glycosyl compounds"	0.584	"Organic compounds; Organoheterocyclic compounds; Carbohydrates and carbohydrate conjugates; Lipids and lipid-like molecules; Ketones; Alcohols and polyols; Ethers; Organic acids and derivatives; Carboxylic acids and derivatives; Organonitrogen compounds; Organooxygen compounds; Carboxylic acid derivatives; Carboxylic acid esters; Monosaccharides; Acetals; Secondary alcohols; Carbonyl compounds; Oxanes; Glycosyl compounds; O-glycosyl compounds; Polyols; Benzenoids; Organic oxides; Oxacyclic compounds; Hydrocarbon derivatives; Organopnictogen compounds; Organic oxygen compounds; Organic nitrogen compounds; Chemical entities"	712.235	678	11.293	836961329974550912	836961040206848128	836961040206848128	1088	NA	1088
2	"C35H50O3"	"[M + H]+"	"C35H51O3+"	"Terpenoids"	0.976	"Carotenoids (C40)"	0.53	"Ophiobolane sesterterpenoids"	0.076	"Lipids and lipid-like molecules"	0.964	"Prenol lipids"	0.904	NA	NA	NA	NA	"Prenol lipids"	0.904	"Organic compounds; Lipids and lipid-like molecules; Alcohols and polyols; Prenol lipids; Organic acids and derivatives; Carboxylic acids and derivatives; Organooxygen compounds; Monocarboxylic acids and derivatives; Secondary alcohols; Carbonyl compounds; Organic oxides; Hydrocarbon derivatives; Organic oxygen compounds; Chemical entities"	519.384	679	11.309	8.36961284135e+17	836961040282345728	836961040282345728	1090	NA	1090
2	"C41H43N5O10"	"[M + K]+"	"C41H43KN5O10+"	"Alkaloids"	0.46	"Ornithine alkaloids"	0.121	"Polyamines"	0.489	"Organic acids and derivatives"	0.995	"Carboxylic acids and derivatives"	0.977	"Amino acids, peptides, and analogues"	0.558	"Amino acids and derivatives"	0.554	"Alpha amino acids and derivatives"	0.503	"Organic compounds; Amino acids, peptides, and analogues; Alpha amino acids and derivatives; Alkyl aryl ethers; Phenols; Anisoles; Benzoic acids and derivatives; Benzamides; Ethers; Organic acids and derivatives; Carboxylic acids and derivatives; Organonitrogen compounds; Anilides; Benzoyl derivatives; Organooxygen compounds; Amino acids and derivatives; Carboxylic acid amides; Cinnamic acids and derivatives; Carboxylic acid derivatives; Benzenediols; Hydroxycinnamic acids and derivatives; Secondary carboxylic acid amides; Carbonyl compounds; Benzene and substituted derivatives; Phenol ethers; Benzenoids; Cinnamic acid amides; Vinylogous acids; Organic oxides; Methoxybenzenes; Hydrocarbon derivatives; Organopnictogen compounds; Organic oxygen compounds; 1-hydroxy-2-unsubstituted benzenoids; 1-hydroxy-4-unsubstituted benzenoids; Organic nitrogen compounds; Phenoxy compounds; Chemical entities"	804.264	680	11.325	836961312891149696	836961040387203328	836961040387203328	1093	NA	1093
1	"C34H62O"	"[M + H3N + H]+"	"C34H66NO+"	"Terpenoids"	0.786	"Steroids"	0.138	"Farnesane sesquiterpenoids"	0.213	"Lipids and lipid-like molecules"	0.921	"Prenol lipids"	0.671	NA	NA	NA	NA	"Prenol lipids"	0.671	"Organic compounds; Lipids and lipid-like molecules; Prenol lipids; Organooxygen compounds; Hydrocarbon derivatives; Organic oxygen compounds; Chemical entities"	504.514	680	11.333	836961311108570368	836961040424952064	836961040424952064	1094	NA	1094
2	"C36H72N2O"	"[M + H]+"	"C36H73N2O+"	"Fatty acids"	0.996	"Fatty amides"	0.991	"N-acyl amines"	0.881	"Organic acids and derivatives"	1	"Carboxylic acids and derivatives"	0.999	"Amino acids, peptides, and analogues"	0.965	"Amino acids and derivatives"	0.965	"Amino acids and derivatives"	0.965	"Organic compounds; Lipids and lipid-like molecules; Amino acids, peptides, and analogues; Organic acids and derivatives; Carboxylic acids and derivatives; Organonitrogen compounds; Organooxygen compounds; Fatty amides; Amino acids and derivatives; Carboxylic acid amides; Carboxylic acid derivatives; N-acyl amines; Secondary carboxylic acid amides; Carbonyl compounds; Trialkylamines; Amines; Tertiary amines; Fatty Acyls; Organic oxides; Hydrocarbon derivatives; Organopnictogen compounds; Organic oxygen compounds; Organic nitrogen compounds; Chemical entities"	549.572	681	11.347	836961285502343296	836961040458506496	836961040458506496	1095	NA	1095
1	"C8H13N3O"	"[M - H2O + H]+"	"C8H12N3+"	"Alkaloids"	0.908	"Histidine alkaloids"	0.145	"Imidazole alkaloids"	0.142	"Organoheterocyclic compounds"	0.996	"Diazines"	0.566	NA	NA	NA	NA	"Diazines"	0.566	"Organic compounds; Organoheterocyclic compounds; Alcohols and polyols; Organonitrogen compounds; Primary alcohols; Organooxygen compounds; Azoles; Diazines; Amines; Azacyclic compounds; Heteroaromatic compounds; Hydrocarbon derivatives; Organopnictogen compounds; Organic oxygen compounds; Organic nitrogen compounds; Chemical entities"	150.103	684	11.406	836961292297116160	836961040521421056	836961040521421056	1097	NA	1097
1	"C8H13N3O"	"[M - H2O + H]+"	"C8H12N3+"	"Alkaloids"	0.888	"Histidine alkaloids"	0.175	"Imidazole alkaloids"	0.171	"Organoheterocyclic compounds"	0.996	"Diazines"	0.568	"Pyrimidines and pyrimidine derivatives"	0.506	NA	NA	"Pyrimidines and pyrimidine derivatives"	0.506	"Organic compounds; Organoheterocyclic compounds; Pyrimidines and pyrimidine derivatives; Alcohols and polyols; Organonitrogen compounds; Primary alcohols; Organooxygen compounds; Azoles; Diazines; Amines; Azacyclic compounds; Heteroaromatic compounds; Hydrocarbon derivatives; Organopnictogen compounds; Organic oxygen compounds; Organic nitrogen compounds; Chemical entities"	150.103	687	11.449	836961319333601024	836961040554975488	836961040550781184	1098	NA	1098
1	"C35H52O4"	"[M - H2O + H]+"	"C35H51O3+"	"Terpenoids"	0.997	"Triterpenoids"	0.988	"Lanostane, Tirucallane and Euphane triterpenoids"	0.413	"Lipids and lipid-like molecules"	0.993	"Prenol lipids"	0.912	"Triterpenoids"	0.784	NA	NA	"Triterpenoids"	0.784	"Organic compounds; Lipids and lipid-like molecules; Alcohols and polyols; Steroids and steroid derivatives; Prenol lipids; Organic acids and derivatives; Carboxylic acids and derivatives; Organooxygen compounds; Unsaturated fatty acids; Monocarboxylic acids and derivatives; Oxosteroids; Carboxylic acids; Cyclic alcohols and derivatives; Hydroxysteroids; Triterpenoids; Secondary alcohols; Carbonyl compounds; Steroid acids; Organic oxides; Hydrocarbon derivatives; Organic oxygen compounds; Chemical entities"	519.384	687	11.451	836961291156265344	836961040588529920	836961040588529920	1099	NA	1099
2	"C30H42O2"	"[M + H]+"	"C30H43O2+"	"Terpenoids"	0.989	"Meroterpenoids"	0.868	"Prenyl quinone meroterpenoids"	0.582	"Lipids and lipid-like molecules"	0.965	"Prenol lipids"	0.964	"Quinone and hydroquinone lipids"	0.843	"Vitamin K compounds"	0.537	"Menaquinones"	0.517	"Organic compounds; Lipids and lipid-like molecules; Phenols; Prenol lipids; Organooxygen compounds; Quinone and hydroquinone lipids; Vitamin K compounds; Benzenoids; Menaquinones; Hydrocarbon derivatives; Organic oxygen compounds; Chemical entities"	435.326	690	11.507	836961292230007168	836961040622084352	836961040622084352	1100	NA	1100
1	"C8H13N3O"	"[M - H2O + H]+"	"C8H12N3+"	"Alkaloids"	0.89	"Histidine alkaloids"	0.213	"Imidazole alkaloids"	0.208	"Organoheterocyclic compounds"	0.995	"Azoles"	0.742	NA	NA	NA	NA	"Azoles"	0.742	"Organic compounds; Organoheterocyclic compounds; Alcohols and polyols; Organonitrogen compounds; Primary alcohols; Organooxygen compounds; Azoles; Amines; Alkanolamines; Azacyclic compounds; Heteroaromatic compounds; Hydrocarbon derivatives; Organopnictogen compounds; Organic oxygen compounds; Organic nitrogen compounds; Chemical entities"	150.103	692	11.527	836961301834963840	836961040651444480	836961040651444480	1101	NA	1101
2	"C38H58N4O"	"[M + H3N + H]+"	"C38H62N5O+"	"Alkaloids"	0.85	"Ornithine alkaloids"	0.395	"Pyrroloindole alkaloids"	0.336	"Benzenoids"	0.815	NA	NA	NA	NA	NA	NA	"Benzenoids"	0.815	"Organic compounds; Organoheterocyclic compounds; Organonitrogen compounds; Organooxygen compounds; Azoles; Benzenoids; Amines; Tertiary amines; Organic oxides; Azacyclic compounds; Heteroaromatic compounds; Hydrocarbon derivatives; Organopnictogen compounds; Organic oxygen compounds; Organic nitrogen compounds; Chemical entities"	604.497	695	11.589	836961292326476288	836961040932462848	836961040932462848	1109	NA	1109
1	"C61H110O15"	"[M + H]+"	"C61H111O15+"	"Terpenoids"	0.516	"Triterpenoids"	0.85	"Open-chain polyketides"	0.178	"Lipids and lipid-like molecules"	0.943	"Prenol lipids"	0.846	"Triterpenoids"	0.663	NA	NA	"Triterpenoids"	0.663	"Organic compounds; Organoheterocyclic compounds; Carbohydrates and carbohydrate conjugates; Lipids and lipid-like molecules; Alcohols and polyols; Ethers; Prenol lipids; Organic acids and derivatives; Carboxylic acids and derivatives; Organooxygen compounds; Triterpenoids; Acetals; Secondary alcohols; Carbonyl compounds; Oxanes; Polyols; Organic oxides; Oxacyclic compounds; Hydrocarbon derivatives; Organic oxygen compounds; Chemical entities"	1083.791	695	11.59	836961331429974400	836961040865353984	836961040865353984	1107	NA	1107
2	"C35H52O5"	"[M + H]+"	"C35H53O5+"	"Terpenoids"	0.801	"Steroids"	0.262	"Ergostane steroids"	0.101	"Lipids and lipid-like molecules"	0.894	NA	NA	NA	NA	NA	NA	"Lipids and lipid-like molecules"	0.894	"Organic compounds; Lipids and lipid-like molecules; Alcohols and polyols; Organic acids and derivatives; Carboxylic acids and derivatives; Organooxygen compounds; Carboxylic acid derivatives; Carboxylic acid esters; Secondary alcohols; Carbonyl compounds; Organic oxides; Hydrocarbon derivatives; Organic oxygen compounds; Chemical entities"	553.39	695	11.59	836961317152562816	836961040794050816	836961040794050816	1105	NA	1105
1	"C31H62O6Si"	"[M + H3N + H]+"	"C31H66NO6Si+"	"Shikimates and Phenylpropanoids"	0.226	"Fatty esters"	0.285	"Wax monoesters"	0.086	"Benzenoids"	0.789	"Benzene and substituted derivatives"	0.851	"Benzoic acids and derivatives"	0.561	NA	NA	"Benzoic acids and derivatives"	0.561	"Organic compounds; Benzoic acids and derivatives; Organic acids and derivatives; Carboxylic acids and derivatives; Organooxygen compounds; Dicarboxylic acids and derivatives; Carboxylic acid derivatives; Carboxylic acid esters; Carbonyl compounds; Benzene and substituted derivatives; Benzenoids; Organic oxides; Hydrocarbon derivatives; Organic oxygen compounds; Chemical entities"	576.466	695	11.59	836961320973574016	836961040756302080	836961040756302080	1104	NA	1104
1	"C29H60O7Si"	"[M - H2O + H]+"	"C29H59O6Si+"	"Fatty acids"	0.965	"Fatty esters"	0.774	"Wax monoesters"	0.386	"Lipids and lipid-like molecules"	0.786	"Fatty Acyls"	0.753	"Fatty acid esters"	0.593	NA	NA	"Fatty acid esters"	0.593	"Organic compounds; Lipids and lipid-like molecules; Organic acids and derivatives; Carboxylic acids and derivatives; Organooxygen compounds; Fatty acid esters; Dicarboxylic acids and derivatives; Carboxylic acid derivatives; Carboxylic acids; Carboxylic acid esters; Carbonyl compounds; Fatty Acyls; Organic oxides; Hydrocarbon derivatives; Organic oxygen compounds; Chemical entities"	531.408	695	11.59	836961304997469184	836961040831799552	836961040831799552	1106	NA	1106
1	"C8H12N4O"	"[M - H2O + H]+"	"C8H11N4+"	"Alkaloids"	0.762	"Histidine alkaloids"	0.213	"Imidazole alkaloids"	0.21	"Organoheterocyclic compounds"	0.978	"Diazines"	0.581	"Pyrimidines and pyrimidine derivatives"	0.55	NA	NA	"Pyrimidines and pyrimidine derivatives"	0.55	"Organic compounds; Organoheterocyclic compounds; Pyrimidines and pyrimidine derivatives; Organonitrogen compounds; Organooxygen compounds; Azoles; Diazines; Azacyclic compounds; Heteroaromatic compounds; Hydrocarbon derivatives; Organopnictogen compounds; Organic oxygen compounds; Organic nitrogen compounds; Chemical entities"	163.098	696	11.608	836961292599106048	836961040966017280	836961040966017280	1110	NA	1110
1	"C8H13N3O"	"[M - H2O + H]+"	"C8H12N3+"	"Alkaloids"	0.914	"Histidine alkaloids"	0.174	"Imidazole alkaloids"	0.17	"Organoheterocyclic compounds"	0.997	"Diazines"	0.549	NA	NA	NA	NA	"Diazines"	0.549	"Organic compounds; Organoheterocyclic compounds; Alcohols and polyols; Organonitrogen compounds; Primary alcohols; Organooxygen compounds; Azoles; Diazines; Amines; Azacyclic compounds; Heteroaromatic compounds; Hydrocarbon derivatives; Organopnictogen compounds; Organic oxygen compounds; Organic nitrogen compounds; Chemical entities"	150.103	698	11.628	836961287171676288	836961040718553344	836961040718553344	1103	NA	1103
1	"C8H13N3O"	"[M - H2O + H]+"	"C8H12N3+"	"Alkaloids"	0.902	"Histidine alkaloids"	0.18	"Imidazole alkaloids"	0.177	"Organoheterocyclic compounds"	0.997	"Diazines"	0.529	NA	NA	NA	NA	"Diazines"	0.529	"Organic compounds; Organoheterocyclic compounds; Alcohols and polyols; Organonitrogen compounds; Primary alcohols; Organooxygen compounds; Azoles; Diazines; Amines; Azacyclic compounds; Heteroaromatic compounds; Hydrocarbon derivatives; Organopnictogen compounds; Organic oxygen compounds; Organic nitrogen compounds; Chemical entities"	150.103	699	11.646	836961285615589504	836961040995377408	836961040995377408	1111	NA	1111
1	"C8H13N3O"	"[M - H2O + H]+"	"C8H12N3+"	"Alkaloids"	0.886	"Histidine alkaloids"	0.182	"Imidazole alkaloids"	0.178	"Organoheterocyclic compounds"	0.995	"Azoles"	0.726	NA	NA	NA	NA	"Azoles"	0.726	"Organic compounds; Organoheterocyclic compounds; Alcohols and polyols; Organonitrogen compounds; Primary alcohols; Organooxygen compounds; Azoles; Amines; Alkanolamines; Azacyclic compounds; Heteroaromatic compounds; Hydrocarbon derivatives; Organopnictogen compounds; Organic oxygen compounds; Organic nitrogen compounds; Chemical entities"	150.103	704	11.739	836961287259756800	836961041062486272	836961041062486272	1113	NA	1113
1	"C8H13N3O"	"[M - H2O + H]+"	"C8H12N3+"	"Alkaloids"	0.753	"Histidine alkaloids"	0.196	"Imidazole alkaloids"	0.194	"Organoheterocyclic compounds"	0.992	"Diazines"	0.799	"Pyrimidines and pyrimidine derivatives"	0.772	NA	NA	"Pyrimidines and pyrimidine derivatives"	0.772	"Organic compounds; Organoheterocyclic compounds; Pyrimidines and pyrimidine derivatives; Alcohols and polyols; Organonitrogen compounds; Organooxygen compounds; Azoles; Diazines; Amines; Azacyclic compounds; Heteroaromatic compounds; Hydrocarbon derivatives; Organopnictogen compounds; Organic oxygen compounds; Organic nitrogen compounds; Chemical entities"	150.103	709	11.81	836961296059406848	836961041096040704	836961041096040704	1114	NA	1114
3	"C8H7N3"	"[M + H3N + H]+"	"C8H11N4+"	"Alkaloids"	0.977	"Nicotinic acid alkaloids"	0.939	"Pyridine alkaloids"	0.939	"Organoheterocyclic compounds"	0.881	"Pyridines and derivatives"	0.6	NA	NA	NA	NA	"Pyridines and derivatives"	0.6	"Organic compounds; Organoheterocyclic compounds; Pyridines and derivatives; Organonitrogen compounds; Amines; Azacyclic compounds; Heteroaromatic compounds; Hydrocarbon derivatives; Organopnictogen compounds; Organic nitrogen compounds; Chemical entities"	163.098	710	11.827	836961313033756032	836961041129595136	836961041129595136	1115	NA	1115
3	"C33H61N5O10"	"[M - H2O + H]+"	"C33H60N5O9+"	"Amino acids and Peptides"	0.848	"Oligopeptides"	0.926	"Linear peptides"	0.249	"Organic acids and derivatives"	0.995	"Carboxylic acids and derivatives"	0.981	"Amino acids, peptides, and analogues"	0.952	"Peptides"	0.655	"Peptides"	0.655	"Organic compounds; Lipids and lipid-like molecules; Amino acids, peptides, and analogues; Alpha amino acids and derivatives; Alcohols and polyols; Organic acids and derivatives; Carboxylic acids and derivatives; Organonitrogen compounds; Organooxygen compounds; Fatty amides; Amino acids and derivatives; Peptides; Carboxylic acid amides; Carboxylic acid derivatives; N-acyl amines; N-acyl-alpha amino acids and derivatives; Carboxylic acid esters; Primary carboxylic acid amides; Secondary carboxylic acid amides; Carbonyl compounds; Benzene and substituted derivatives; Alpha amino acid amides; Benzenoids; Fatty Acyls; Organic oxides; Hydrocarbon derivatives; Organopnictogen compounds; Organic oxygen compounds; Organic nitrogen compounds; Chemical entities"	670.44	713	11.886	836961330402369920	836961041268007168	836961041268007168	1119	NA	1119
2	"C33H59N5O9"	"[M + H]+"	"C33H60N5O9+"	"Amino acids and Peptides"	0.827	"Oligopeptides"	0.972	"Depsipeptides"	0.198	"Organic acids and derivatives"	0.998	"Carboxylic acids and derivatives"	0.993	"Amino acids, peptides, and analogues"	0.959	"Amino acids and derivatives"	0.95	"N-acyl-alpha amino acids and derivatives"	0.566	"Organic compounds; Organoheterocyclic compounds; Lipids and lipid-like molecules; Amino acids, peptides, and analogues; Alpha amino acids and derivatives; Alcohols and polyols; Organic acids and derivatives; Carboxylic acids and derivatives; Organonitrogen compounds; Organooxygen compounds; Fatty amides; Amino acids and derivatives; Carboxylic acid amides; Carboxylic acid derivatives; N-acyl amines; N-acyl-alpha amino acids and derivatives; Carboxylic acid esters; Secondary carboxylic acid amides; Tertiary carboxylic acid amides; Carbonyl compounds; Fatty Acyls; Organic oxides; Azacyclic compounds; Hydrocarbon derivatives; Organopnictogen compounds; Organic oxygen compounds; Organic nitrogen compounds; Chemical entities"	670.44	714	11.901	836961332868620800	836961041481916800	836961041477722496	1126	NA	1126
1	"C14H42O7Si7"	"[M + H3N + H]+"	"C14H46NO7Si7+"	"Fatty acids"	0.437	"Monoterpenoids"	0.186	"Halogenated fatty acids"	0.113	"Organic salts"	0.711	"Organic metal salts"	0.575	"Organic metalloid salts"	0.575	NA	NA	"Organic metalloid salts"	0.575	"Organic compounds; Organometallic compounds; Organometalloid compounds; Organic salts; Organic oxides; Organic metalloid salts; Organic metal salts; Hydrocarbon derivatives; Organic oxygen compounds; Chemical entities"	536.166	715	11.919	836961318146612864	836961041372864896	836961041372864896	1122	NA	1122
2	"C23H24O15"	"[M + H]+"	"C23H25O15+"	"Shikimates and Phenylpropanoids"	0.932	"Flavonoids"	0.856	"Flavonols"	0.695	"Phenylpropanoids and polyketides"	0.89	"Flavonoids"	0.711	"Flavonoid glycosides"	0.656	"Flavonoid O-glycosides"	0.592	"Flavonoid O-glycosides"	0.592	"Organic compounds; Organoheterocyclic compounds; Carbohydrates and carbohydrate conjugates; Pyrans; Benzopyrans; Alcohols and polyols; Phenols; Chromones; Ethers; Phenylpropanoids and polyketides; Organic acids and derivatives; Organooxygen compounds; Flavonoids; Pyranones and derivatives; Flavonoid glycosides; Monosaccharides; Flavonoid O-glycosides; Flavones; Acetals; Secondary alcohols; Oxanes; Glycosyl compounds; O-glycosyl compounds; Benzene and substituted derivatives; Polyols; Benzenoids; Hydroxyflavonoids; 5-hydroxyflavonoids; 7-hydroxyflavonoids; 1-benzopyrans; Vinylogous acids; Organic oxides; Oxacyclic compounds; Heteroaromatic compounds; Hydrocarbon derivatives; Organic oxygen compounds; 1-hydroxy-2-unsubstituted benzenoids; 1-hydroxy-4-unsubstituted benzenoids; Chemical entities"	541.12	715	11.921	836961309938359552	836961041477722496	836961041477722496	1125	NA	1125
2	"C8H7N3"	"[M + H3N + H]+"	"C8H11N4+"	"Alkaloids"	0.983	"Nicotinic acid alkaloids"	0.953	"Pyridine alkaloids"	0.954	"Organoheterocyclic compounds"	0.927	"Pyridines and derivatives"	0.575	NA	NA	NA	NA	"Pyridines and derivatives"	0.575	"Organic compounds; Organoheterocyclic compounds; Pyridines and derivatives; Organonitrogen compounds; Azacyclic compounds; Heteroaromatic compounds; Hydrocarbon derivatives; Organopnictogen compounds; Organic nitrogen compounds; Chemical entities"	163.098	715	11.922	836961296281704960	836961041305755904	836961041305755904	1120	NA	1120
3	"C8H8N2"	"[M + H3N + H]+"	"C8H12N3+"	"Alkaloids"	0.891	"Nicotinic acid alkaloids"	0.778	"Pyridine alkaloids"	0.779	"Benzenoids"	0.81	NA	NA	NA	NA	NA	NA	"Benzenoids"	0.81	"Organic compounds; Organonitrogen compounds; Benzenoids; Hydrocarbon derivatives; Organopnictogen compounds; Organic nitrogen compounds; Chemical entities"	150.103	717	11.942	836961287297505536	836961041444168064	836961041439973760	1124	NA	1124
3	"C8H8N2"	"[M + H3N + H]+"	"C8H12N3+"	"Alkaloids"	0.898	"Nicotinic acid alkaloids"	0.784	"Pyridine alkaloids"	0.785	"Benzenoids"	0.612	NA	NA	NA	NA	NA	NA	"Benzenoids"	0.612	"Organic compounds; Organoheterocyclic compounds; Organonitrogen compounds; Benzenoids; Azacyclic compounds; Hydrocarbon derivatives; Organopnictogen compounds; Organic nitrogen compounds; Chemical entities"	150.103	717	11.946	836961287419140352	836961041481916800	836961041481916800	1127	NA	1127
