formulaRank	molecularFormula	adduct	precursorFormula	ZodiacScore	SiriusScoreNormalized	SiriusScore	TreeScore	IsotopeScore	numExplainedPeaks	explainedIntensity	medianMassErrorFragmentPeaks(ppm)	medianAbsoluteMassErrorFragmentPeaks(ppm)	massErrorPrecursor(ppm)	lipidClass	ionMass	retentionTimeInSeconds	retentionTimeInMinutes	formulaId	alignedFeatureId	compoundId	mappingFeatureId	overallFeatureQuality
1	C8H21F2N2O2Si	[M + Na]+	C8H21F2N2NaO2Si+	1.000	1.000	57.591	57.591	0.000	16	0.472	-3.774	3.774	-0.870		266.123	24	0.397	836961160931501531	836960999127830479	836960999123636174	3	
1	C6H14F3N3	[M + K]+	C6H14F3KN3+	0.999	0.999	18.205	18.205	0.000	5	0.036	1.323	3.241	-4.776		224.076	24	0.407	836961146066887394	836960998989418443	836960998981029834	2	
1	C6H5NOSi	[M + Na]+	C6H5NNaOSi+	1.000	0.998	19.594	19.594	0.000	5	0.033	-1.590	2.022	-1.494		158.003	26	0.441	836961152630973452	836960998729371591	836960998708400070	1	
1	C8H18N2	[M + H3N + H]+	C8H22N3+	1.000	0.500	25.131	25.131	0.000	3	0.085	1.995	1.995	0.286		160.181	28	0.469	836961139104342609	836960999241076691	836960999236882386	4	
1	C6H9O4P	[M + Na]+	C6H9NaO4P+	1.000	1.000	56.819	56.819	0.000	9	0.314	0.361	0.765	0.472		199.013	28	0.470	836961147417453328	836960999421431767	836960999417237462	5	
1	C5HNOS	[M + Na]+	C5HNNaOS+	0.644	0.648	1.120	1.120	0.000	1	0.004	-5.840	5.840	-6.956		145.966	28	0.471	836961339394958238	836960999505317851	836960999501123546	6	
1	C3H6O5S	[M + H]+	C3H7O5S+	0.741	0.500	48.121	48.121	0.000	12	0.122	-3.650	3.650	12.898		155.003	28	0.472	836961146847027960	836960999744393191	836960999744393190	9	
1	C6H5NOSi	[M + Na]+	C6H5NNaOSi+	1.000	1.000	25.202	25.202	0.000	7	0.037	-2.088	2.662	-1.494		158.003	28	0.473	836961155516654783	836961002202255507	836961002198061202	52	
1	C5H12O6S4	[M + Na]+	C5H12NaO6S4+	1.000	1.000	85.922	85.922	0.000	21	0.347	0.932	0.932	8.645		318.944	29	0.476	836961162554697324	836960999882805231	836960999878610926	11	
1	C5H8ClN2O3	[M + Na]+	C5H8ClN2NaO3+	0.980	0.545	7.365	7.365	0.000	3	0.064	-0.363	0.363	0.988		202.012	29	0.476	836961144594686590	836960999668895715	836960999668895714	8	
1	C4H11F2N3OS2	[M + H]+	C4H12F2N3OS2+	1.000	0.500	23.184	23.184	0.000	6	0.682	-2.413	2.413	3.809		220.039	29	0.478	836961145219637930	836960999589203935	836960999585009630	7	
1	C4H7Br2ClNO2P	[M + K]+	C4H7Br2ClKNO2P+	0.763	0.765	52.833	52.833	0.000	23	0.506	0.363	0.549	-0.729		363.790	29	0.481	836961158897264005	836961000012828663	836961000012828662	13	
1	C2H3O2P	[M + K]+	C2H3KO2P+	0.307	0.308	-0.195	-0.195	0.000	1	0.002	7.106	7.106	5.862		128.951	29	0.482	836961151641117641	836961000088326139	836961000088326138	14	
1	C3H4I3NO4	[M - H2O + H]+	C3H3I3NO3+	0.703	0.500	32.913	32.913	0.000	6	0.358	2.889	2.889	-37384.641		481.726	29	0.484	836961139695739482	836961000155435007	836961000155435006	15	
1	C3H2O3S	[M + Na]+	C3H2NaO3S+	0.990	0.962	13.168	13.168	0.000	2	0.054	5.391	5.391	2.585		140.962	29	0.485	836961171396290947	836961000222543875	836961000218349570	16	
1	CHN2O3P	[M + Na]+	CHN2NaO3P+	1.000	0.994	10.551	10.551	0.000	3	0.066	7.382	7.382	0.565		142.962	29	0.486	836961145706177234	836961000419676175	836961000415481870	19	
1	C3HClFNO	[M + Na]+	C3HClFNNaO+	0.990	0.981	16.076	14.489	1.588	3	0.066	6.195	6.195	2.568		143.963	29	0.488	836961163234174633	836961000595836955	836961000595836954	22	
1	C3H5FeNO3	[M + H]+	C3H6FeNO3+	0.820	0.333	140.328	133.364	6.965	23	0.525	5.424	5.424	1.393		157.974	29	0.488	836961154493244566	836961000763609127	836961000763609126	25	
1	C2O6	[M + Na]+	C2NaO6+	0.871	0.903	18.439	18.439	0.000	2	0.067	6.037	6.037	2.389		142.959	29	0.489	836961149141312324	836961000478396435	836961000474202130	20	
1	C3H3FeNO2	[M + H]+	C3H4FeNO2+	0.724	0.333	80.284	73.124	7.159	13	0.738	6.447	6.447	1.891		139.964	29	0.489	836961155122390183	836961000541310999	836961000541310998	21	
1	C5H6FeN2O2	[M + H]+	C5H7FeN2O2+	0.660	0.333	47.250	40.868	6.382	16	0.756	3.924	3.924	0.749		180.990	29	0.489	836961149598491496	836961000654557215	836961000654557214	23	
1	C4H3NO2S2	[M - H2O + H]+	C4H2NOS2+	0.717	0.477	8.399	8.399	0.000	2	0.000	-0.438	1.306	-125107.218		143.958	29	0.489	836961163196425884	836961000285458439	836961000285458438	17	
1	C4HNOS2	[M + H]+	C4H2NOS2+	0.525	0.500	12.821	12.821	0.000	2	0.057	-0.021	0.967	-2.446		143.957	29	0.490	836961150433158027	836961000348373003	836961000348373002	18	
1	C2H3AsO6	[M + K]+	C2H3AsKO6+	1.000	0.979	35.465	33.500	1.964	6	0.249	1.844	1.844	1.277		236.878	29	0.490	836961163804600022	836961000709083171	836961000704888866	24	
1	C3H2Cl3O4	[M + K]+	C3H2Cl3KO4+	1.000	1.000	16.415	16.415	0.000	4	0.027	2.552	2.552	0.835		245.865	29	0.491	836961171006220629	836961000818135083	836961000813940778	26	
1	C5H6AsNO7	[M + K]+	C5H6AsKNO7+	1.000	1.000	43.104	40.864	2.240	8	0.385	2.015	2.015	0.977		305.899	29	0.491	836961163183842959	836961000881049647	836961000881049646	27	
1	C3H5AsF2O6	[M + K]+	C3H5AsF2KO6+	1.000	1.000	30.673	30.673	0.000	10	0.242	1.692	2.016	2.929		288.891	30	0.492	836961163716519626	836961002063843463	836961002063843462	49	
1	C3H7NO4PS3	[M + K]+	C3H7KNO4PS3+	1.000	1.000	60.542	60.542	0.000	18	0.582	-0.770	3.564	3.380		286.892	30	0.492	836961165872392060	836961000960741427	836961000960741426	28	
1	C4H6O3P2S3	[M + Na]+	C4H6NaO3P2S3+	0.932	0.985	44.630	42.920	1.710	10	0.335	-1.753	4.864	-3.150		282.884	30	0.492	836961167826937972	836961001015267383	836961001015267382	29	
1	C5H5BrO3S	[M + K]+	C5H5BrKO3S+	0.987	0.984	51.045	50.838	0.207	9	0.286	1.396	1.396	1.274		262.878	30	0.492	836961161590007292	836961001082376251	836961001078181946	30	
1	C5H4AsNO6	[M + K]+	C5H4AsKNO6+	1.000	1.000	48.151	46.504	1.647	13	0.293	1.847	1.847	0.985		287.889	30	0.493	836961166849665037	836961001191428163	836961001191428162	32	
1	C2H4MgO6P2	[M + Na]+	C2H4MgNaO6P2+	1.000	1.000	52.777	46.389	6.388	9	0.295	3.226	3.226	2.303		232.923	30	0.493	836961170741979462	836961001245954119	836961001245954118	33	
1	C4H4AsNO5	[M + K]+	C4H4AsKNO5+	1.000	0.962	30.509	28.112	2.397	9	0.214	2.036	2.036	1.801		259.894	30	0.493	836961151674672083	836961001396949075	836961001396949074	36	
1	C2H2FeO5P2	[M + Na]+	C2H2FeNaO5P2+	1.000	1.000	21.975	17.006	4.969	6	0.048	2.845	2.845	2.746		244.867	30	0.493	836961165977249695	836961001300480075	836961001296285770	34	
1	C2F3I	[M + K]+	C2F3IK+	0.922	0.917	-1.492	-1.492	0.000	0	0.000	-3.037	3.037	-1.785		246.862	30	0.493	836961166979688483	836961001350811727	836961001350811726	35	
1	C4H8AsFN2O7	[M + K]+	C4H8AsFKN2O7+	1.000	0.999	49.681	49.643	0.038	13	0.564	1.708	1.933	-2.731		328.915	30	0.493	836961337096479496	836961001451475031	836961001451475030	37	
1	C3O2S4	[M + Na]+	C3NaO2S4+	0.999	0.953	10.386	9.762	0.624	2	0.056	0.803	0.803	0.941		218.868	30	0.494	836961186256711394	836961001501806683	836961001501806682	38	
1	C7N2S2	[M + K]+	C7KN2S2+	0.387	0.350	2.078	-1.159	3.237	0	0.000			-4.458		214.912	30	0.494	836961319253909277	836961001132707903	836961001132707902	31	
1	C3H5NO6S3	[M + K]+	C3H5KNO6S3+	0.971	0.268	62.137	61.191	0.946	16	0.590	-0.236	0.358	9.696		285.894	30	0.494	836961319610425139	836961001606664291	836961001606664290	40	
1	C3H3AsO7	[M + K]+	C3H3AsKO7+	1.000	1.000	56.903	55.954	0.949	11	0.339	1.848	1.848	1.389		264.873	30	0.494	836961332960895530	836961001556332639	836961001556332638	39	
1	C4H3MgNO7S	[M + Na]+	C4H3MgNNaO7S+	0.814	0.699	61.943	56.408	5.535	15	0.513	-3.999	4.466	7.092		255.939	30	0.494	836961296894073479	836961001669578855	836961001669578854	41	
1	CH5P9	[M + Na]+	CH5NaP9+	0.224	0.230	-13.525	-13.525	0.000	0	0.000	-1.228	1.228	-0.033		318.792	30	0.496	836961298118810351	836961001770242159	836961001766047854	43	
1	C8H18N2	[M + H]+	C8H19N2+	0.551	0.333	31.495	29.487	2.008	3	0.189	4.926	4.926	-1.083		143.154	30	0.497	836961139473441363	836961001912848507	836961001912848506	46	
1	CH4O4S4	[M + Na]+	CH4NaO4S4+	0.856	0.935	31.724	31.672	0.052	10	0.357	-4.384	4.389	7.262		230.890	30	0.497	836961174072257230	836961001816379507	836961001816379506	44	
1	C3HI3NO2	[M + H]+	C3H2I3NO2+	0.519	0.500	-4.369	-4.369	0.000	0	0.000	1.800	1.800	3.005		464.723	30	0.498	836961139691545175	836961001862516855	836961001862516854	45	
1	C6H6Br2Cl2O3	[M - H2O + H]+	C6H5Br2Cl2O2+	0.839	0.480	22.326	22.326	0.000	7	0.229	0.468	0.667	-53475.248		336.803	30	0.499	836961172541336053	836961001958985855	836961001958985854	47	
1	C8H11ClFNO	[M + Na]+	C8H11ClFNNaO+	0.971	0.975	23.591	23.591	0.000	5	0.874	2.800	3.407	-2.315		214.040	30	0.500	836961144988951186	836960999807307755	836960999807307754	10	
1	C7H13N	[M + H3N + H]+	C7H17N2+	1.000	0.333	64.389	61.425	2.964	6	0.311	9.895	9.895	1.588		129.139	30	0.501	836961337335554905	836961002109980811	836961002109980810	50	
1	C6H11NO2	[M + H3N + H]+	C6H15N2O2+	0.997	0.333	76.634	75.081	1.553	8	0.717	6.770	6.770	-0.368		147.113	30	0.504	836961156011582689	836961002156118159	836961002156118158	51	
1	C8H12	[M + H3N + H]+	C8H16N+	0.996	0.333	30.485	25.578	4.907	4	0.325	7.674	7.674	1.856		126.128	31	0.510	836961301004491632	836961002248392855	836961002248392854	53	
1	C12H24I3N5O6	[M + H]+	C12H25I3N5O6+	0.483	0.314	29.506	29.506	0.000	16	0.665	3.103	3.103	2.858		715.895	31	0.511	836961304825502750	836961002298724507	836961002298724506	54	
1	C5H9Cl2O2	[M + H3N + H]+	C5H13Cl2NO2+	0.982	0.500	123.418	121.192	2.227	19	0.605	3.382	3.382	2.510		189.032	31	0.516	836961324433875012	836961002361639071	836961002357444766	55	
1	C7H16N2	[M + H3N + H]+	C7H20N3+	0.999	0.500	56.747	52.104	4.643	6	0.900	9.272	9.272	0.246		146.165	31	0.519	836961332784734728	836961002403582115	836961002403582114	56	
1	C17H17Br2F6N3O6	[M + K]+	C17H17Br2F6KN3O6+	0.951	0.904	64.791	64.791	0.000	35	0.876	3.495	3.495	3.662		669.904	31	0.522	836961381644182912	836961002449719463	836961002449719462	57	
1	C23H14I2N2O6	[M + H]+	C23H15I2N2O6+	0.423	0.255	51.761	51.761	0.000	22	0.732	1.787	1.846	1.377		668.902	31	0.522	836961153474028570	836961002625880243	836961002625880242	60	
1	C13H9F6NO7	[M + H3N + H]+	C13H13F6N2O7+	0.311	0.240	39.545	33.715	5.830	10	0.685	4.464	4.464	1.072		423.063	31	0.522	836961156510704904	836961002571354287	836961002567159982	59	
1	C14H22I2N2O10	[M + K]+	C14H22I2KN2O10+	1.000	1.000	57.608	55.065	2.543	25	0.835	-2.981	2.981	-2.816		670.898	31	0.522	836961160214275500	836961002676211895	836961002672017590	61	
1	C8H18N2	[M + H3N + H]+	C8H22N3+	1.000	0.500	39.857	34.511	5.346	3	0.728	4.269	4.269	0.349		160.181	32	0.526	836961332851843595	836961002772680895	836961002768486590	63	
1	C6H10NO10P2S	[M + Na]+	C6H10NNaO10P2S+	0.483	0.604	45.575	42.041	3.534	34	0.813	-0.347	0.801	0.548		372.939	32	0.527	836961170305771765	836961002823012547	836961002823012546	64	
1	C2H2N2O5P2S3	[M + Na]+	C2H2N2NaO5P2S3+	0.928	0.936	17.818	15.385	2.433	3	0.394	0.982	0.982	1.372		314.850	32	0.528	836961184692235823	836961002722349243	836961002722349242	62	
1	C4H14NO6P2	[M + Na]+	C4H14NNaO6P2+	1.000	1.000	32.856	28.952	3.904	6	0.607	5.693	5.693	3.128		257.020	32	0.528	836961159710958997	836961002869149895	836961002869149894	65	
1	C9HN	[M + K]+	C9HKN+	0.191	0.179	0.474	0.474	0.000	0	0.000			-4.335		161.973	32	0.528	836961288908118320	836961001715716203	836961001715716202	42	
1	C5H14N2O3Si3	[M + K]+	C5H14KN2O3Si3+	0.999	0.999	46.633	46.633	0.000	14	0.424	-2.657	2.657	-3.004		272.994	32	0.529	836961160990221804	836961002915287243	836961002915287242	66	
1	C7H7O3P3S4	[M + Na]+	C7H7NaO3P3S4+	0.978	0.978	23.999	23.999	0.000	8	0.932	-1.553	3.281	-2.609		382.837	32	0.531	836961196012663264	836961002957230287	836961002957230286	67	
1	C8H16N2O	[M + H3N + H]+	C8H20N3O+	0.983	0.333	79.286	76.514	2.772	19	0.748	5.860	5.860	0.582		174.160	32	0.533	836961140270359134	836961002999173331	836961002999173330	68	
1	CN2O7P2	[M + Na]+	CN2NaO7P2+	0.976	0.979	2.339	-1.194	3.533	0	0.000			-1.453		236.907	32	0.535	836961323389493245	836961003045310679	836961003045310678	69	
1	CH5N2O6P3S2	[M + Na]+	CH5N2NaO6P3S2+	0.695	0.684	28.504	24.965	3.539	7	0.286	-3.991	3.991	-3.392		320.868	32	0.536	836961319010639584	836961003087253723	836961003087253722	70	
1	C20H16Cl6N2O8	[M + K]+	C20H16Cl6KN2O8+	0.627	0.625	39.742	39.742	0.000	20	0.812	1.102	2.120	2.694		660.869	33	0.542	836961172537141736	836961003179528419	836961003179528418	72	
1	C13H13ClF2N6O3	[M + K]+	C13H13ClF2KN6O3+	0.432	0.355	41.044	38.351	2.693	20	0.852	4.446	4.446	0.047		413.034	33	0.543	836961328477184261	836961003133391071	836961003133391070	71	
1	C7H10ClO4P	[M + Na]+	C7H10ClNaO4P+	0.302	0.411	5.039	0.003	5.036	1	0.006	5.177	5.177	3.993		246.991	33	0.550	836961318742204106	836961003225665767	836961003221471462	73	
1	C9H18N2O	[M + H3N + H]+	C9H22N3O+	0.992	0.333	47.376	44.240	3.136	9	0.728	2.448	2.448	0.538		188.176	33	0.553	836961322164756404	836961003267608811	836961003267608810	74	
1	C5H11NO2	[M + K]+	C5H11KNO2+	1.000	1.000	26.805	21.150	5.655	4	0.266	4.461	4.461	0.149		156.042	34	0.559	836961317089648245	836961003313746159	836961003309551854	75	
1	CH7NO3PS5	[M + Na]+	CH7NNaO3PS5+	0.999	1.000	31.609	31.609	0.000	13	0.150	0.282	0.617	-7.361		294.864	34	0.561	836961311385394449	836961003359883507	836961003355689202	76	
1	CCl4NO2	[M + K]+	CCl4KNO2+	0.304	0.292	-6.131	-6.131	0.000	0	0.000	8.419	8.419	8.521		236.833	34	0.561	836961192632053851	836961003410215159	836961003410215158	77	
1	CH3Cl2N2O4P2	[M + K]+	CH3Cl2KN2O4P2+	0.959	0.851	32.277	32.277	0.000	15	0.427	-1.152	1.341	8.967		277.860	34	0.562	836961191591866356	836961003456352507	836961003456352506	78	
1	C4H5AsClNO5	[M + K]+	C4H5AsClKNO5+	1.000	1.000	52.635	48.612	4.023	13	0.279	0.757	0.996	1.387		295.871	34	0.563	836961151448179641	836961003502489855	836961003502489854	79	
1	C2H9AsO9Si	[M + K]+	C2H9AsKO9Si+	1.000	1.000	50.725	48.708	2.018	13	0.257	0.294	0.716	0.728		318.887	34	0.563	836961183878540793	836961003628318983	836961003628318982	81	
1	C2HO3PS4	[M + Na]+	C2HNaO3PS4+	0.992	0.793	12.147	9.727	2.421	2	0.165	0.453	0.453	1.196		254.844	34	0.563	836961331929096658	836961003586375939	836961003582181634	80	
1	C6H11N3O2	[M + H3N + H]+	C6H15N4O2+	0.995	0.333	91.064	88.738	2.326	13	0.339	2.461	2.461	0.159		175.119	34	0.563	836961174642682671	836961003674456331	836961003670262026	82	
1	C5H11NO2	[M + Na]+	C5H11NNaO2+	1.000	1.000	53.200	50.539	2.661	10	0.168	8.734	8.734	1.362		140.068	34	0.565	836961156187743476	836961003716399375	836961003716399374	83	
1	C8H10O9S	[M + H]+	C8H11O9S+	0.710	0.492	70.105	68.092	2.013	20	0.825	-2.942	2.942	-2.153		283.011	35	0.579	836961175028558685	836961003758342419	836961003758342418	84	
1	C2H3Cl4OP2	[M + Na]+	C2H3Cl4NaOP2+	0.982	0.866	3.618	3.618	0.000	9	0.210	6.901	6.901	2.821		267.831	35	0.582	836961182087572852	836961003804479767	836961003804479766	85	
1	C3H6Cl3NO2P3	[M + Na]+	C3H6Cl3NNaO2P3+	1.000	0.992	63.987	63.987	0.000	22	0.697	2.853	2.853	2.826		308.858	35	0.585	836961164219836136	836961003892560159	836961003892560158	87	
1	CH7O6P3S2	[M + K]+	CH7KO6P3S2+	1.000	1.000	40.857	36.800	4.056	11	0.659	4.690	4.690	5.894		310.855	35	0.585	836961215688145504	836961003846422811	836961003846422810	86	
1	C4H10N6O5	[M - H2O + H]+	C4H9N6O4+	0.571	0.260	14.092	12.448	1.644	4	0.078	1.408	6.946	-87825.269		205.068	35	0.586	836961170423212293	836961003938697507	836961003938697506	88	
1	C2H5Cl4O2P2	[M + Na]+	C2H5Cl4NaO2P2+	0.996	0.949	26.305	26.305	0.000	14	0.205	4.690	4.690	2.662		285.842	35	0.587	836961178635660493	836961003980640551	836961003980640550	89	
1	C4H4NO3PS	[M + H3N + H]+	C4H8N2O3PS+	0.997	0.000	79.546	79.546	0.000	10	0.410	-2.411	5.655	-2.544		194.998	36	0.596	836961163460667071	836961004068720943	836961004068720942	91	
1	C2H4Cl3O	[M - H2O + H]+	C2H3Cl3+	1.000	0.198	-4.402	-4.402	0.000	0	0.000	3.270	3.270	-136512.763		131.930	36	0.596	836961334911246990	836961004030972203	836961004026777898	90	
1	C2H2ClFeN	[M + H]+	C2H3ClFeN+	0.515	0.500	8.006	-2.301	10.307	0	0.000	1.526	1.526	1.511		129.935	36	0.597	836961158159066465	836961004165189943	836961004160995638	93	
1	C5N2O3	[M + K]+	C5KN2O3+	0.792	0.783	4.032	1.706	2.326	0	0.000	-3.715	3.715	-3.715		174.953	36	0.597	836961193160536176	836961004215521595	836961004211327290	94	
1	C2H2NOPS2	[M - H2O + H]+	C2HNPS2+	0.878	0.437	-1.430	-2.938	1.508	0	0.000	-10.372	10.372	-134490.587		133.927	36	0.598	836961143600636519	836961004114858291	836961004114858290	92	
1	C4H7Cl3NO	[M - H2O + H]+	C4H6Cl3N+	0.763	0.050	3.979	1.477	2.502	1	0.237	2.749	2.749	-104130.989		172.956	36	0.598	836961149065814822	836961004257464639	836961004257464638	95	
1	C2H4Cl3O	[M + H]+	C2H5Cl3O+	1.000	0.998	18.323	17.378	0.945	2	0.168	2.709	2.709	2.339		149.940	36	0.601	836961152123462627	836961004303601987	836961004299407682	96	
1	C3H4Cl5O2P	[M + Na]+	C3H4Cl5NaO2P+	0.978	0.971	17.145	17.145	0.000	5	0.419	1.884	1.884	-8.061		300.826	36	0.603	836961197325480606	836961004341350727	836961004341350726	97	
1	C2H4NO2PS2	[M - H2O + H]+	C2H3NOPS2+	0.867	0.394	4.451	4.451	0.000	2	0.006	-7.417	7.417	-118548.494		151.937	36	0.604	836961165348104026	836961004383293771	836961004383293770	98	
1	C4H6Cl2O2S5	[M - H2O + H]+	C4H5Cl2OS5+	0.245	0.249	7.270	-1.971	9.242	2	0.007	-0.251	4.232	-60278.832		298.829	36	0.605	836961329072775482	836961004471374163	836961004471374162	100	
1	C6H7NO3	[M + H3N + H]+	C6H11N2O3+	1.000	0.333	132.585	129.851	2.734	14	0.584	4.766	4.766	0.826		159.077	36	0.606	836961150961640346	836961004588814687	836961004588814686	103	
1	C6H10N2O3	[M + H3N + H]+	C6H14N3O3+	1.000	0.333	90.273	87.719	2.554	18	0.555	2.950	2.950	-0.044		176.103	36	0.607	836961145962029785	836961004551065947	836961004551065946	102	
1	C7H12O2	[M + H3N + H]+	C7H16NO2+	0.573	0.333	54.580	54.580	0.000	6	0.863	6.580	6.580	0.033		146.118	36	0.607	836961333183193663	836961004672700775	836961004668506470	105	
1	C2H4Cl4NO2S	[M + K]+	C2H4Cl4KNO2S+	0.591	0.926	6.775	6.775	0.000	3	0.030	1.973	2.238	-1.521		284.834	37	0.609	836961164769290014	836961004630757731	836961004630757730	104	
1	C11H11NO5	[M + H3N + H]+	C11H15N2O5+	0.884	0.333	52.728	49.380	3.348	13	0.824	6.220	6.220	0.204		255.098	37	0.609	836961157320205613	836961004513317207	836961004509122902	101	
1	C4H5Cl2FO6Se	[M - H2O + H]+	C4H4Cl2FO5Se+	0.418	0.322	12.206	12.206	0.000	4	0.356	-1.563	2.027	-61084.519		294.863	37	0.611	836961338140861290	836961005717082571	836961005717082570	130	
1	C6H15NO5S	[M - H2O + H]+	C6H14NO4S+	0.383	0.333	9.236	9.236	0.000	4	0.097	-3.802	3.802	-91860.177		196.064	37	0.612	836961173048846923	836961004941136259	836961004941136258	112	
1	C6H13Cl2O4P	[M + Na]+	C6H13Cl2NaO4P+	1.000	1.000	256.454	253.545	2.909	43	0.674	0.791	0.817	0.910		272.982	37	0.614	836961242263259154	836961004710449515	836961004710449514	106	
1	C7H10O2	[M + H3N + H]+	C7H14NO2+	0.648	0.333	67.430	64.443	2.987	10	0.429	5.596	5.596	-0.244		144.102	37	0.615	836961289608567103	836961004865638779	836961004865638778	110	
1	C7H11NO3	[M + H3N + H]+	C7H15N2O3+	1.000	0.333	116.244	116.244	0.000	13	0.193	1.260	2.220	0.236		175.108	37	0.617	836961161933940254	836961004748198255	836961004748198254	107	
1	C5H7Br3O	[M - H2O + H]+	C5H6Br3+	0.404	0.388	-0.982	-0.982	0.000	0	0.000	-4.002	4.002	-59484.385		302.800	37	0.619	836961172780411437	836961004827890039	836961004827890038	109	
1	C27H35N3O8S	[M + Na]+	C27H35N3NaO8S+	0.761	0.764	83.365	83.365	0.000	32	0.762	0.290	1.094	1.615		584.205	38	0.625	836961348408517801	836961004903387519	836961004903387518	111	
1	C6H3NO	[M + H3N + H]+	C6H7N2O+	0.987	0.316	34.205	34.205	0.000	4	0.406	5.339	5.339	1.591		123.055	38	0.628	836961174189697781	836961004785946995	836961004785946994	108	
1	C30H31N3O8	[M + K]+	C30H31KN3O8+	0.998	0.997	87.956	87.956	0.000	41	0.765	1.191	2.178	0.045		600.174	38	0.628	836961443556304268	836961004987273607	836961004983079302	113	
1	C6H12O2	[M + H3N + H]+	C6H16NO2+	1.000	0.500	46.799	43.974	2.825	5	0.142	6.887	6.887	0.185		134.118	38	0.630	836961320726110074	836961005025022347	836961005025022346	114	
1	C8H16N2O	[M + H3N + H]+	C8H20N3O+	1.000	0.333	33.086	33.086	0.000	3	0.086	0.011	0.762	-0.021		174.160	38	0.630	836961171710863797	836961005637390787	836961005633196482	128	
1	C9H18N2O	[M + H3N + H]+	C9H22N3O+	0.999	0.333	53.599	53.599	0.000	6	0.229	0.145	0.238	0.272		188.176	38	0.633	836961319170023176	836961005826134483	836961005821940178	132	
1	C6H6ClF	[M + Na]+	C6H6ClFNa+	1.000	0.129	1.394	1.394	0.000	3	0.005	1.096	4.472	-3.786		155.003	38	0.635	836961309099498680	836961005763219919	836961005763219918	131	
1	C6H8O2	[M + H3N + H]+	C6H12NO2+	0.558	0.333	53.481	50.704	2.776	6	0.623	7.600	7.600	1.114		130.086	38	0.641	836961166962911261	836961005540921787	836961005540921786	126	
1	C5H7N5O	[M - H2O + H]+	C5H6N5+	0.986	0.333	18.863	15.889	2.974	3	0.352	2.289	2.289	-132369.930		136.062	39	0.643	836961296558529093	836961005146657175	836961005146657174	117	
1	C10H15N5O6	[M - H2O + H]+	C10H14N5O5+	0.644	0.333	23.345	21.191	2.154	3	0.907	0.355	0.378	-63395.263		284.099	39	0.644	836961307656658060	836961005184405915	836961005184405914	118	
1	C21H33NO16	[M + H3N + H]+	C21H37N2O16+	0.916	0.333	168.590	165.082	3.508	43	0.926	-0.028	0.481	1.798		573.215	39	0.646	836961346240062536	836961005226348959	836961005226348958	119	
1	C9H6Br4O4	[M + Na]+	C9H6Br4NaO4+	0.524	0.528	0.391	0.391	0.000	0	0.000			3.411		516.691	39	0.647	836961301461670776	836961005306040743	836961005306040742	121	
1	C10H14N2O6	[M + H3N + H]+	C10H18N3O6+	0.991	0.333	105.308	102.293	3.016	14	0.609	0.187	0.356	0.139		276.119	39	0.647	836961337239085847	836961005268292003	836961005268292002	120	
1	C3H4O2S	[M + K]+	C3H4KO2S+	0.475	0.563	18.091	18.091	0.000	5	0.000	1.657	3.524	-5.795		142.956	39	0.648	836961318150807225	836961006224593395	836961006224593394	140	
1	C4H6O5	[M + H3N + H]+	C4H10NO5+	0.999	0.333	47.761	45.299	2.462	7	0.087	7.539	8.495	9.149		152.057	39	0.649	836961314107497909	836961005343789483	836961005343789482	122	
1	C9H8N4O4	[M + H3N + H]+	C9H12N5O4+	0.953	0.333	102.627	100.686	1.941	25	0.686	-0.046	0.325	-0.040		254.088	39	0.650	836961176261684157	836961005385732527	836961005381538222	123	
1	C7H13N	[M + H3N + H]+	C7H17N2+	0.912	0.333	44.755	44.755	0.000	7	0.051	11.065	11.065	1.278		129.139	39	0.657	836961167965350018	836961006291702263	836961006287507958	141	
1	C4H11F2N3OS2	[M + H]+	C4H12F2N3OS2+	1.000	0.500	33.333	33.333	0.000	8	0.753	-2.287	2.886	3.854		220.039	40	0.658	836961319224549130	836961005985518051	836961005985518050	136	
1	C7H16N2	[M + H3N + H]+	C7H20N3+	1.000	0.500	34.073	34.073	0.000	6	0.015	8.832	8.832	-0.062		146.165	40	0.660	836961332860232206	836961006358811131	836961006358811130	142	
1	C7H11N5O3	[M - H2O + H]+	C7H10N5O2+	0.501	0.333	65.045	63.001	2.044	11	0.840	0.750	1.819	-91851.792		196.083	40	0.660	836961303248444361	836961005423481267	836961005423481266	124	
1	C7H9ClO3	[M + Na]+	C7H9ClNaO3+	1.000	1.000	43.672	43.672	0.000	7	0.768	1.925	3.788	-0.691		199.013	40	0.663	836961156154189032	836961006081987051	836961006081987050	138	
1	C4H3O5S	[M - H2O + H]+	C4H2O4S+	0.494	0.008	-5.593	-5.593	0.000	0	0.000	-5.563	5.563	-123393.844		145.966	40	0.663	836961324547121243	836961005104714131	836961005104714130	116	
1	C13H25N3O6	[M - H2O + H]+	C13H24N3O5+	0.386	0.333	67.753	64.385	3.368	11	0.965	0.407	0.466	-59604.039		302.171	40	0.665	836961335045464767	836961005482201527	836961005482201526	125	
1	C5H4ClNOSe	[M + K]+	C5H4ClKNOSe+	0.211	0.218	7.070	7.070	0.000	2	0.559	2.983	2.983	-0.045		241.884	40	0.669	836961315659390460	836961005066965391	836961005066965390	115	
1	C6H3NO	[M + H3N + H]+	C6H7N2O+	0.998	0.332	46.661	44.038	2.623	5	0.421	4.530	4.530	1.631		123.055	40	0.670	836961221895716062	836961005683528135	836961005679333830	129	
1	C3H7Cl2FNO4PS2	[M - H2O + H]+	C3H6Cl2FNO3PS2+	0.387	0.333	30.140	30.140	0.000	12	0.530	2.582	2.582	-62558.938		287.889	40	0.670	836961331195093423	836961006832767511	836961006832767510	149	
1	C11H17N5O4S	[M - H2O + H]+	C11H16N5O3S+	0.525	0.333	46.115	41.560	4.556	7	0.855	2.110	2.110	-60418.776		298.097	41	0.676	836961337272640297	836961005591253439	836961005591253438	127	
1	C9H16O2	[M + H3N + H]+	C9H20NO2+	1.000	0.333	174.888	171.583	3.305	21	0.602	3.748	3.748	0.429		174.149	41	0.684	836961316179484245	836961005863883223	836961005863883222	133	
1	C9H18O3	[M + H3N + H]+	C9H22NO3+	0.998	0.500	100.384	95.386	4.998	18	0.838	4.875	4.875	0.520		192.160	41	0.685	836961317479718578	836961005905826267	836961005905826266	134	
1	C7H12N6O	[M + H3N + H]+	C7H16N7O+	0.781	0.238	12.250	10.358	1.893	4	0.056	4.711	4.711	1.613		214.141	41	0.686	836961303667874782	836961005947769311	836961005947769310	135	
1	C8H11ClFNO	[M + Na]+	C8H11ClFNNaO+	1.000	0.996	37.020	37.020	0.000	7	0.778	0.528	3.585	-2.432		214.040	41	0.688	836961334957384343	836961007017316899	836961007017316898	152	
1	C5H6N4O2	[M - H2O + H]+	C5H5N4O+	0.835	0.333	37.633	34.647	2.986	6	0.674	5.747	5.747	-131419.452		137.046	42	0.694	836961325193044100	836961006023266791	836961006023266790	137	
1	C8H18N2	[M + H]+	C8H19N2+	0.918	0.333	15.918	15.918	0.000	3	0.106	1.522	1.522	-0.978		143.154	42	0.695	836961320407342966	836961006430114303	836961006425919998	143	
1	C10H14N2O6S	[M + H3N + H]+	C10H18N3O6S+	1.000	0.333	68.348	65.309	3.040	13	0.745	2.210	2.395	-0.528		308.091	42	0.699	836961164555380487	836961006153290223	836961006149095918	139	
1	C6H12F2N2O3S2Se	[M - H2O + H]+	C6H11F2N2O2S2Se+	0.519	0.333	79.668	79.668	0.000	25	0.700	-2.539	2.539	-56473.783		318.944	42	0.700	836961345246012477	836961007138951723	836961007138951722	154	
1	C4H5ClO4Se	[M + K]+	C4H5ClKO4Se+	0.320	0.416	24.394	24.394	0.000	5	0.363	3.233	3.233	-1.362		264.873	42	0.705	836961337935340379	836961007340278327	836961007340278326	157	
1	C8H12	[M + H3N + H]+	C8H16N+	0.996	0.333	33.748	30.798	2.949	5	0.343	8.015	8.015	1.459		126.128	42	0.706	836961174726568762	836961006505611779	836961006501417474	144	
1	C4H3O5S	[M - H2O + H]+	C4H2O4S+	0.494	0.009	-5.577	-5.577	0.000	0	0.000	-5.357	5.357	-123393.805		145.966	43	0.710	836961324719087741	836961007461913151	836961007461913150	159	
1	C4O3S4	[M + Na]+	C4NaO3S4+	0.237	0.215	-0.628	-0.628	0.000	0	0.000	0.229	0.229	0.127		246.862	43	0.710	836961323506933770	836961006769852947	836961006769852946	148	
1	C8H18N2	[M + H3N + H]+	C8H22N3+	1.000	0.500	37.827	34.530	3.297	3	0.756	3.895	3.895	-0.338		160.181	43	0.711	836961332990255672	836961006639829515	836961006639829514	146	
1	C9H19O	[M + H3N + H]+	C9H23NO+	0.685	0.500	30.836	30.836	0.000	6	0.434	4.190	4.190	5.734		161.178	43	0.713	836961158083568992	836961006706938383	836961006706938382	147	
1	C5H10O3S	[M - H2O + H]+	C5H9O2S+	0.717	0.500	95.566	95.566	0.000	16	0.064	7.098	7.098	-135384.553		133.032	43	0.717	836961174256806676	836961006958596639	836961006954402334	151	
1	C4H8O3Si	[M + H3N + H]+	C4H12NO3Si+	0.995	0.333	76.239	76.233	0.006	15	0.643	9.306	9.306	1.891		150.058	43	0.718	836961305379150906	836961006895682075	836961006895682074	150	
1	C6H16BN2O	[M + H3N + H]+	C6H20BN3O+	1.000	0.500	17.723	17.723	0.000	2	0.029	6.197	6.197	0.214		160.173	44	0.728	836961153729881170	836961007268975155	836961007268975154	156	
1	C5HN3O2	[M + H3N + H]+	C5H5N4O2+	0.980	0.333	39.148	36.945	2.203	3	0.396	1.980	1.980	0.249		153.041	44	0.730	836961172499392980	836961007206060591	836961007206060590	155	
1	C9H20N2	[M + H3N + H]+	C9H24N3+	1.000	0.500	37.877	37.877	0.000	5	0.301	0.724	0.884	0.148		174.197	44	0.733	836961172671359505	836961007398998587	836961007398998586	158	
1	C5H9BO4S	[M + H3N + H]+	C5H13BNO4S+	0.912	0.333	20.435	20.435	0.000	3	0.042	-1.937	4.544	-4.466		193.068	45	0.754	836961304414460938	836961007080231463	836961007076037158	153	
1	C5H9BO4S	[M + H3N + H]+	C5H13BNO4S+	0.567	0.333	14.839	14.839	0.000	3	0.026	-1.959	4.545	-4.233		193.068	52	0.868	836961322001178526	836961007524827715	836961007520633410	160	
1	C9H8O3	[M + H3N + H]+	C9H12NO3+	0.984	0.333	90.684	87.358	3.326	10	0.683	1.921	1.921	1.155		182.081	53	0.883	836961295841303066	836961007591936583	836961007587742278	161	
1	C4H3O5S	[M - H2O + H]+	C4H2O4S+	0.505	0.034	-5.569	-5.569	0.000	0	0.000	-5.254	5.254	-123393.767		145.966	55	0.915	836961158498805105	836961007709377103	836961007709377102	163	
1	C4H11F2N3OS2	[M + H]+	C4H12F2N3OS2+	1.000	0.500	36.543	36.543	0.000	9	0.447	-2.162	2.681	3.854		220.039	57	0.943	836961226035494744	836961007650656843	836961007650656842	162	
1	C12H23N3O5	[M - H2O + H]+	C12H22N3O4+	0.597	0.333	68.431	65.162	3.270	11	0.708	0.662	0.957	-66176.355		272.160	58	0.967	836961153721492543	836961007776485971	836961007776485970	164	
1	C7H9ClO3	[M + Na]+	C7H9ClNaO3+	1.000	1.000	47.626	47.626	0.000	8	0.448	3.165	3.182	-0.716		199.013	59	0.977	836961323909586967	836961007835206231	836961007835206230	165	
1	C14H28O6	[M + H3N + H]+	C14H32NO6+	0.946	0.469	82.966	79.507	3.459	12	0.594	2.372	3.869	-0.368		310.222	59	0.979	836961300882856780	836961007877149275	836961007877149274	166	
1	C5H7N5O	[M - H2O + H]+	C5H6N5+	0.999	0.333	9.424	9.424	0.000	2	0.002	1.928	1.928	-132369.806		136.062	59	0.990	836961310055800051	836961007910703711	836961007910703710	167	
1	C10H15N5O5	[M - H2O + H]+	C10H14N5O4+	0.981	0.333	24.871	19.337	5.535	4	0.987	0.129	0.563	-67177.445		268.104	60	1.006	836961216099187311	836961007948452451	836961007948452450	168	
1	C5H9N7O2	[M - H2O + H]+	C5H8N7O+	0.941	0.329	15.389	15.389	0.000	5	0.014	0.777	1.256	-98914.857		182.079	62	1.035	836961315319651822	836961008023949931	836961008019755626	170	
1	C7H8O2	[M + H3N + H]+	C7H12NO2+	0.893	0.333	17.092	17.092	0.000	1	0.007	1.204	3.872	-2.745		142.086	63	1.047	836961322827456476	836961007986201191	836961007986201190	169	
1	C6H10O2	[M + H3N + H]+	C6H14NO2+	1.000	0.333	33.542	30.612	2.931	1	0.571	3.694	3.694	0.718		132.102	64	1.069	836961174252612366	836961008095253107	836961008095253106	172	
1	C7H16S	[M + H]+	C7H17S+	1.000	1.000	12.973	12.973	0.000	4	0.030	6.484	6.484	5.875		133.105	64	1.069	836961171245295991	836961008133001847	836961008133001846	173	
1	C6H12F2N2O3S2Se	[M - H2O + H]+	C6H11F2N2O2S2Se+	0.533	0.333	65.641	65.641	0.000	20	0.602	-2.849	2.849	-56473.816		318.944	66	1.093	836961332277223905	836961008166556283	836961008166556282	174	
1	C4H11F2N3OS2	[M + H]+	C4H12F2N3OS2+	1.000	0.500	37.045	37.045	0.000	9	0.435	-1.828	2.880	3.877		220.039	66	1.105	836961169802455230	836961008057504367	836961008057504366	171	
1	C4H3O5S	[M - H2O + H]+	C4H2O4S+	0.494	0.009	-5.569	-5.569	0.000	0	0.000	-5.254	5.254	-123393.805		145.966	67	1.117	836961160168138153	836961008204305023	836961008204305022	175	
1	C9H19O	[M + H3N + H]+	C9H23NO+	0.664	0.500	8.485	8.485	0.000	4	0.060	1.713	1.713	5.486		161.178	67	1.119	836961290640365945	836961008275608199	836961008275608198	177	
1	C5H2N4O	[M + H3N + H]+	C5H6N5O+	0.987	0.333	28.595	26.895	1.700	4	0.130	2.966	2.966	0.419		152.057	71	1.180	836961176957938732	836961008242053763	836961008242053762	176	
1	C9H19ClN4O	[M + Na]+	C9H19ClN4NaO+	1.000	1.000	69.238	69.238	0.000	17	0.507	0.032	2.414	-3.013		257.113	73	1.219	836961186248322767	836961008313356939	836961008313356938	178	
1	C15H30BNO6Si	[M - H2O + H]+	C15H29BNO5Si+	0.256	0.249	62.342	62.342	0.000	25	0.466	-2.398	2.398	-52789.230		341.193	74	1.227	836961326757519559	836961008346911375	836961008346911374	179	
1	C5H6N4O2	[M - H2O + H]+	C5H5N4O+	0.827	0.333	36.810	34.737	2.073	6	0.556	5.524	5.524	-131419.535		137.046	74	1.235	836961152320594930	836961008388854419	836961008388854418	180	
1	C8H10O3	[M + H3N + H]+	C8H14NO3+	1.000	0.333	132.864	132.864	0.000	15	0.643	4.119	4.119	0.234		172.097	77	1.287	836961167394924627	836961008426603159	836961008426603158	181	
1	C7H13NO3	[M + Na]+	C7H13NNaO3+	0.943	0.998	15.098	15.098	0.000	2	0.022	0.764	1.609	0.280		182.079	78	1.294	836961149107757873	836961008502100639	836961008502100638	183	
1	C7H8O2	[M + H3N + H]+	C7H12NO2+	0.992	0.333	69.064	66.189	2.876	8	0.024	5.037	5.037	-2.428		142.086	78	1.294	836961166170187696	836961008464351899	836961008464351898	182	
1	C6H14O4	[M + H]+	C6H15O4+	1.000	1.000	42.202	39.241	2.961	4	0.371	2.983	2.983	0.295		151.097	79	1.320	836961167042603051	836961008577598119	836961008573403814	185	
1	C6H14O4	[M + K]+	C6H14KO4+	0.470	0.455	4.482	4.482	0.000	0	0.000	-0.238	0.238	-0.011		189.052	80	1.325	836961180997053790	836961008539849379	836961008535655074	184	
1	C8H14F3NO2	[M - H2O + H]+	C8H13F3NO+	0.447	0.287	18.378	15.386	2.992	4	0.080	1.151	1.151	-91845.661		196.095	84	1.397	836961176022608776	836961008615346859	836961008615346858	186	
1	C8H10O2	[M + H3N + H]+	C8H14NO2+	0.999	0.333	62.932	59.802	3.130	5	0.826	3.879	3.879	0.800		156.102	84	1.398	836961290493565290	836961008690844339	836961008690844338	188	
1	C10H19NO3	[M + H3N + H]+	C10H23N2O3+	0.743	0.333	24.591	24.591	0.000	8	0.142	0.373	0.656	-1.615		219.170	84	1.403	836961158771434870	836961008653095599	836961008653095598	187	
1	C14H31NO6	[M - H2O + H]+	C14H30NO5+	0.871	0.333	40.863	40.863	0.000	14	0.200	0.236	0.326	-61635.569		292.212	84	1.407	836961173669604022	836961008724398775	836961008724398774	189	
1	C10H8N4O3	[M + H3N + H]+	C10H12N5O3+	0.746	0.333	61.884	59.216	2.669	10	0.746	0.207	1.732	-0.063		250.093	90	1.500	836961165629122408	836961008766341819	836961008766341818	190	
1	C5H3NO2	[M + H3N + H]+	C5H7N2O2+	0.977	0.330	50.088	50.088	0.000	6	0.021	7.618	7.618	1.229		127.050	91	1.514	836961199456187251	836961008799896255	836961008799896254	191	
1	C13H26N2O8	[M - H2O + H]+	C13H25N2O7+	0.383	0.317	35.839	35.839	0.000	26	0.553	-0.037	0.325	-56079.212		321.165	92	1.525	836961184184725001	836961008980251347	836961008980251346	196	
1	C11H17BN2O6S	[M - H2O + H]+	C11H16BN2O5S+	0.343	0.333	93.145	93.145	0.000	31	0.696	-3.813	3.813	-60422.821		298.090	92	1.530	836961197539390134	836961008946696911	836961008946696910	195	
1	C9H8O2	[M + H3N + H]+	C9H12NO2+	0.882	0.333	44.333	40.944	3.390	4	0.972	1.659	1.659	0.210		166.086	92	1.530	836961334382764662	836961008837644995	836961008837644994	192	
1	C5H7FO	[M + H3N + H]+	C5H11FNO+	0.610	0.261	43.117	43.117	0.000	11	0.064	-7.367	7.681	-7.733		120.081	92	1.530	836961310429093112	836961008875393735	836961008875393734	193	
1	C11H14O7	[M + H3N + H]+	C11H18NO7+	0.998	0.327	99.771	96.299	3.472	23	0.850	4.419	4.419	0.223		276.108	92	1.531	836961155818644687	836961008913142475	836961008913142474	194	
1	C8H10O2	[M + H3N + H]+	C8H14NO2+	1.000	0.333	145.727	145.727	0.000	13	0.221	4.811	4.811	0.864		156.102	92	1.536	836961151024554921	836961009018000087	836961009018000086	197	
1	C12H18N2O4S	[M + H3N + H]+	C12H22N3O4S+	1.000	0.333	104.629	104.629	0.000	22	0.529	0.060	0.354	-0.324		304.132	92	1.539	836961162793772668	836961009051554523	836961009051554522	198	
1	C13H24O4	[M + H3N + H]+	C13H28NO4+	1.000	0.333	119.748	116.091	3.658	16	0.661	1.723	1.723	0.172		262.201	93	1.547	836961336052097769	836961009085108959	836961009085108958	199	
1	C14H24N2O6	[M - H2O + H]+	C14H23N2O5+	0.444	0.328	91.258	91.258	0.000	20	0.459	0.233	0.233	-60203.910		299.160	94	1.559	836961160788895176	836961009118663395	836961009118663394	200	
1	C13H20N2O4	[M + H3N + H]+	C13H24N3O4+	1.000	0.333	110.086	110.086	0.000	22	0.507	0.110	0.311	-0.167		286.176	97	1.612	836961223388888480	836961009194160875	836961009189966570	202	
1	C19H27NO12	[M + H3N + H]+	C19H31N2O12+	0.421	0.333	66.042	62.335	3.707	9	0.588	0.937	0.937	0.311		479.187	97	1.616	836961193550606504	836961009156412135	836961009156412134	201	
1	C10H12O3	[M + H3N + H]+	C10H16NO3+	1.000	0.333	124.845	124.845	0.000	18	0.747	2.707	2.707	0.758		198.113	97	1.619	836961341617939426	836961009227715311	836961009227715310	203	
1	C9H11NO	[M + H3N + H]+	C9H15N2O+	0.989	0.333	19.392	19.392	0.000	3	0.015	2.321	2.321	0.362		167.118	97	1.624	836961145190277796	836961009265464051	836961009265464050	204	
1	C13H24O4	[M + H3N + H]+	C13H28NO4+	1.000	0.333	75.179	71.676	3.502	14	0.674	1.925	2.082	0.134		262.201	100	1.661	836961165130000201	836961009299018487	836961009299018486	205	
1	C10H19NO3	[M + H3N + H]+	C10H23N2O3+	1.000	0.333	71.862	71.862	0.000	11	0.094	-0.005	0.379	-1.547		219.170	100	1.671	836961196616643115	836961009521316623	836961009521316622	211	
1	C14H19NO5	[M + H3N + H]+	C14H23N2O5+	1.000	0.333	53.049	49.540	3.509	12	0.715	1.311	1.744	-0.128		299.160	101	1.675	836961335007716008	836961009487762187	836961009483567882	210	
1	C7H17O7	[M - H2O + H]+	C7H16O6+	0.535	0.450	40.610	37.764	2.846	6	0.312	1.746	2.889	-91844.460		196.095	101	1.676	836961166237296572	836961009412264707	836961009412264706	208	
1	C8H10O2	[M + H3N + H]+	C8H14NO2+	1.000	0.333	217.127	213.956	3.172	32	0.579	5.836	5.836	0.800		156.102	101	1.677	836961154006705255	836961009450013447	836961009450013446	209	
1	C8H10O2	[M + H]+	C8H11O2+	0.874	0.500	133.170	129.965	3.205	22	0.856	6.947	6.947	0.604		139.075	101	1.677	836961143722271339	836961009336767227	836961009336767226	206	
1	C8H8O	[M + H3N + H]+	C8H12NO+	1.000	0.333	121.507	121.507	0.000	12	0.076	4.035	4.035	0.612		138.091	101	1.681	836961149661406074	836961009374515967	836961009374515966	207	
1	C9H12O3	[M + H3N + H]+	C9H16NO3+	1.000	0.333	117.052	114.100	2.953	12	0.259	1.362	1.362	0.055		186.112	102	1.700	836961145223832255	836961009592619799	836961009592619798	213	
1	C12H14FN3O	[M - H2O + H]+	C12H13FN3+	0.392	0.295	5.009	5.009	0.000	2	0.011	0.324	1.121	-82580.335		218.108	103	1.712	836961149200032596	836961009554871059	836961009554871058	212	
1	C12H18FO2	[M - H2O + H]+	C12H17FO+	0.816	0.069	9.222	9.222	0.000	3	0.042	0.470	0.578	-91830.444		196.126	103	1.713	836961320084381534	836961009663922975	836961009663922974	215	
1	C6H6ClF	[M + Na]+	C6H6ClFNa+	1.000	0.575	13.668	13.668	0.000	4	0.045	-2.945	3.702	-3.818		155.003	103	1.716	836961172621027842	836961009630368539	836961009626174234	214	
1	C9H12O2	[M + H3N + H]+	C9H16NO2+	1.000	0.333	76.505	76.505	0.000	10	0.099	1.317	1.317	0.087		170.118	105	1.757	836961147253875463	836961009869443895	836961009869443894	221	
1	C9H17NO2	[M + H3N + H]+	C9H21N2O2+	1.000	0.333	53.032	53.032	0.000	7	0.115	0.071	0.300	-0.129		189.160	106	1.761	836961152408675336	836961009697477411	836961009697477410	216	
1	C7H10O2	[M + H3N + H]+	C7H14NO2+	1.000	0.333	78.051	78.051	0.000	9	0.063	6.555	6.555	0.069		144.102	106	1.761	836961168242174086	836961009731031847	836961009731031846	217	
1	C7H9NaO2	[M + H3N + H]+	C7H13NNaO2+	0.944	0.278	10.255	10.255	0.000	1	0.018	-0.144	0.588	-0.839		166.084	106	1.761	836961164542797556	836961009802335023	836961009802335022	219	
1	C9H17NO3	[M + Na]+	C9H17NNaO3+	1.000	1.000	60.778	60.778	0.000	11	0.126	0.251	0.339	0.028		210.110	106	1.771	836961338912613239	836961009835889459	836961009835889458	220	
1	C11H21NO3	[M + H3N + H]+	C11H25N2O3+	0.994	0.333	93.418	93.418	0.000	13	0.161	0.126	0.257	-0.125		233.186	106	1.772	836961156733003030	836961009764586283	836961009764586282	218	
1	C9H14O3	[M + H3N + H]+	C9H18NO3+	1.000	0.333	175.638	175.638	0.000	19	0.621	4.936	4.936	0.373		188.128	109	1.819	836961304183774192	836961009940747071	836961009940747070	223	
1	C7H12O2	[M + H3N + H]+	C7H16NO2+	1.000	0.333	98.263	98.263	0.000	12	0.120	5.461	5.461	0.273		146.118	110	1.828	836961149367804773	836961009978495811	836961009974301506	224	
1	C8H14O2	[M + H]+	C8H15O2+	0.734	0.500	48.979	48.979	0.000	7	0.005	7.828	7.828	-0.113		143.107	111	1.858	836961333074141754	836961010012050247	836961010007855942	225	
1	C13H25BN2O3Si	[M + Na]+	C13H25BN2NaO3Si+	1.000	1.000	105.927	105.927	0.000	33	0.673	-3.350	3.598	0.811		318.166	113	1.878	836961171132049763	836961010045604683	836961010041410378	226	
1	C13H25BN2O3Si	[M + Na]+	C13H25BN2NaO3Si+	1.000	1.000	115.571	115.571	0.000	36	0.703	-1.945	3.116	0.811		318.166	113	1.879	836961220394155024	836961009907192635	836961009902998330	222	
1	C11H22N2O4	[M - H2O + H]+	C11H21N2O3+	0.639	0.333	46.489	46.489	0.000	12	0.186	0.109	0.172	-78595.665		229.155	116	1.939	836961300614421312	836961010112713555	836961010112713554	228	
1	C5H7N5O	[M - H2O + H]+	C5H6N5+	0.999	0.333	6.561	6.561	0.000	1	0.001	-0.413	0.784	-132370.055		136.062	117	1.946	836961318905781980	836961010079159119	836961010074964814	227	
1	C5H7N5O	[M - H2O + H]+	C5H6N5+	1.000	0.333	1.983	1.983	0.000	0	0.000	0.304	0.304	-132370.097		136.062	118	1.962	836961301088377716	836961010251125603	836961010251125602	232	
1	C5H2N4O	[M + H3N + H]+	C5H6N5O+	0.982	0.333	14.889	14.889	0.000	3	0.003	2.886	2.886	0.321		152.057	118	1.963	836961320357011311	836961010146267991	836961010146267990	229	
1	C11H17N5O4S	[M - H2O + H]+	C11H16N5O3S+	0.530	0.333	46.681	42.349	4.332	7	0.979	1.847	1.984	-60418.598		298.097	118	1.969	836961312975035755	836961010184016731	836961010179822426	230	
1	C9H9NO2	[M - H2O + H]+	C9H8NO+	0.499	0.333	17.518	17.518	0.000	4	0.021	1.976	1.976	-123308.979		146.060	119	1.978	836961302002736037	836961010217571167	836961010217571166	231	
1	C11H6O2	[M + H3N + H]+	C11H10NO2+	0.971	0.333	61.517	57.919	3.599	12	0.907	0.156	0.190	-0.080		188.071	119	1.981	836961220008278988	836961010288874343	836961010288874342	233	
1	C11H9NO2	[M + H3N + H]+	C11H13N2O2+	1.000	0.333	100.167	96.755	3.413	13	0.534	0.172	0.494	0.175		205.097	119	1.981	836961324593258592	836961010326623083	836961010326623082	234	
1	C10H22O6	[M + H3N + H]+	C10H26NO6+	1.000	1.000	78.221	74.747	3.475	8	0.689	1.961	1.961	0.024		256.175	121	2.011	836961324245131311	836961010360177519	836961010360177518	235	
1	C12H26O6	[M + H3N + H]+	C12H30NO6+	1.000	1.000	69.945	64.021	5.924	8	0.730	0.694	0.710	-0.085		284.207	121	2.012	836961154178671742	836961010397926259	836961010397926258	236	
1	C11H19NO3	[M + H3N + H]+	C11H23N2O3+	1.000	0.333	102.430	102.430	0.000	14	0.142	0.130	0.272	0.069		231.170	124	2.074	836961157861270867	836961010431480695	836961010431480694	237	
1	C9H12O2	[M + H3N + H]+	C9H16NO2+	1.000	0.333	173.560	170.253	3.308	26	0.807	3.925	3.925	0.087		170.118	125	2.082	836961153620829231	836961010502783871	836961010502783870	239	
1	C9H12O3	[M + H3N + H]+	C9H16NO3+	1.000	0.333	49.848	49.848	0.000	6	0.091	0.505	0.505	-0.079		186.112	125	2.086	836961156737197340	836961010540532611	836961010540532610	240	
1	C9H13NaO3	[M + H3N + H]+	C9H17NNaO3+	0.768	0.001	41.229	41.229	0.000	8	0.108	0.476	0.476	0.266		210.110	125	2.088	836961174130977500	836961010465035131	836961010465035130	238	
1	C11H22BFN2O3Si	[M + Na]+	C11H22BFN2NaO3Si+	0.620	0.785	77.353	77.353	0.000	43	0.770	-1.602	3.354	-2.983		310.140	126	2.102	836961170184136935	836961010574087047	836961010574087046	241	
1	C10H14O2	[M + H3N + H]+	C10H18NO2+	0.729	0.333	61.679	61.679	0.000	9	0.089	0.350	0.350	0.542		184.133	130	2.163	836961179357080808	836961010678944659	836961010678944658	244	
1	C9H15NO2	[M + H3N + H]+	C9H19N2O2+	1.000	0.333	162.117	158.862	3.254	19	0.410	4.845	4.845	-0.504		187.144	130	2.170	836961150043087747	836961010645390223	836961010641195918	243	
1	C10H19NO3	[M + Na]+	C10H19NNaO3+	1.000	1.000	51.381	51.381	0.000	10	0.095	0.243	0.472	0.383		224.126	130	2.171	836961166786750455	836961010712499095	836961010712499094	245	
1	C9H20O5	[M + H]+	C9H21O5+	0.999	1.000	14.237	14.237	0.000	2	0.015	0.172	0.296	0.286		209.138	134	2.229	836961174730763068	836961010779607967	836961010779607966	247	
1	C12H26O7	[M + Na]+	C12H26NaO7+	0.674	0.680	7.945	4.434	3.510	0	0.000	-0.799	0.799	-0.570		305.157	135	2.250	836961173107567201	836961010817356707	836961010817356706	248	
1	C14H30O7	[M + H3N + H]+	C14H34NO7+	1.000	1.000	50.590	46.881	3.709	7	0.509	-0.394	0.690	-0.453		328.233	135	2.251	836961178212035748	836961010855105447	836961010850911142	249	
1	C10H14O3	[M + H3N + H]+	C10H18NO3+	0.992	0.333	56.603	56.603	0.000	8	0.095	0.541	0.541	1.000		200.128	137	2.282	836961162303039044	836961010993517495	836961010993517494	253	
1	C12H23NO4	[M + H3N + H]+	C12H27N2O4+	0.384	0.333	99.924	99.924	0.000	20	0.285	0.158	0.229	0.138		263.197	137	2.285	836961162038797875	836961010922214319	836961010922214318	251	
1	C10H17NO3	[M + Na]+	C10H17NNaO3+	0.647	0.679	20.904	17.486	3.418	4	0.100	0.400	0.534	-0.018		222.110	138	2.292	836961185006808698	836961010959963059	836961010959963058	252	
1	C8H10O2	[M + H3N + H]+	C8H14NO2+	1.000	0.333	179.538	176.365	3.174	20	0.343	6.631	6.631	0.800		156.102	138	2.296	836961153864098901	836961011073209279	836961011073209278	255	
1	C8H12O3	[M + H3N + H]+	C8H16NO3+	0.982	0.333	100.449	100.449	0.000	12	0.293	1.339	1.339	0.518		174.113	138	2.299	836961164161115876	836961011110958019	836961011110958018	256	
1	C8H12O3	[M - H2O + H]+	C8H11O2+	0.718	0.500	125.613	125.613	0.000	17	0.126	6.809	6.809	-129501.722		139.075	138	2.299	836961167705303145	836961011144512455	836961011144512454	257	
1	C8H15NO3	[M + Na]+	C8H15NNaO3+	1.000	1.000	49.040	49.040	0.000	6	0.199	0.581	0.581	0.515		196.095	138	2.300	836961185342353045	836961011031266235	836961011031266234	254	
1	C10H16O3	[M + H3N + H]+	C10H20NO3+	1.000	0.333	56.257	56.257	0.000	7	0.103	0.401	0.426	-0.395		202.144	140	2.341	836961158872098174	836961011178066891	836961011178066890	258	
1	C17H21N4O9P	[M - H2O + H]+	C17H20N4O8P+	0.673	0.316	62.193	58.650	3.543	14	0.503	0.119	1.442	-41016.726		439.101	141	2.353	836961192166486060	836961011220009935	836961011215815630	259	
1	C8H14O2	[M + H3N + H]+	C8H18NO2+	1.000	0.333	86.854	83.598	3.256	16	0.826	6.201	6.201	1.091		160.133	142	2.362	836961162370147927	836961011257758675	836961011253564370	260	
1	C8H12O2	[M + H3N + H]+	C8H16NO2+	1.000	0.333	79.542	79.542	0.000	13	0.717	6.236	6.236	0.853		158.118	142	2.370	836961167088740409	836961011291313111	836961011291313110	261	
1	C8H15NO2	[M + Na]+	C8H15NNaO2+	0.433	0.400	5.816	2.607	3.209	1	0.031	5.866	5.866	-0.052		180.099	142	2.371	836961166493149138	836961011329061851	836961011329061850	262	
1	C10H19NO2	[M + H3N + H]+	C10H23N2O2+	1.000	0.333	67.439	64.112	3.327	5	0.146	0.403	0.889	-0.169		203.175	142	2.372	836961160684037567	836961011400365027	836961011396170722	264	
1	C8H12O2	[M + H]+	C8H13O2+	0.970	0.500	93.010	93.010	0.000	13	0.119	7.202	7.202	0.595		141.091	142	2.375	836961164903507771	836961011362616287	836961011362616286	263	
1	C16H32N4O6	[M - H2O + H]+	C16H31N4O5+	0.371	0.333	106.927	106.927	0.000	30	0.518	0.060	0.311	-50136.873		359.229	146	2.441	836961184897756777	836961011429725159	836961011429725158	265	
1	C12H23NO4	[M + H3N + H]+	C12H27N2O4+	1.000	0.333	90.503	90.503	0.000	17	0.247	0.232	0.369	0.138		263.197	147	2.448	836961170117028052	836961011496834031	836961011496834030	267	
1	C15H23N3O4	[M + H3N + H]+	C15H27N4O4+	1.000	0.333	132.003	132.003	0.000	26	0.551	0.079	0.238	-4.513		327.201	147	2.452	836961176655948789	836961011463279595	836961011463279594	266	
1	C10H14O3	[M + H3N + H]+	C10H18NO3+	1.000	0.333	250.273	250.273	0.000	26	0.628	3.132	3.132	1.050		200.128	147	2.453	836961167298455617	836961011530388467	836961011530388466	268	
1	C30H46ClF2N3O4	[M + Na]+	C30H46ClF2N3NaO4+	0.327	0.482	86.990	86.990	0.000	32	0.746	-0.068	1.545	0.901		608.304	151	2.515	836961213393860925	836961011563942903	836961011563942902	269	
1	C10H19NO3	[M - H2O + H]+	C10H18NO2+	0.680	0.333	44.752	44.752	0.000	8	0.068	0.787	0.787	-97812.158		184.133	152	2.536	836961154015093879	836961011597497339	836961011597497338	270	
1	C10H16O4	[M + H3N + H]+	C10H20NO4+	0.777	0.333	75.432	75.432	0.000	16	0.859	5.451	5.451	0.392		218.139	153	2.544	836961339092968334	836961011664606211	836961011664606210	272	
1	C10H19NO3	[M + Na]+	C10H19NNaO3+	0.999	1.000	38.461	38.461	0.000	9	0.091	0.140	0.325	-0.086		224.126	156	2.601	836961165922723721	836961011631051775	836961011626857470	271	
1	C10H16O3	[M + H3N + H]+	C10H20NO3+	0.776	0.333	64.949	64.949	0.000	9	0.094	0.140	0.325	-0.371		202.144	156	2.603	836961155298550966	836961011731715083	836961011731715082	274	
1	C10H14O4	[M + H3N + H]+	C10H18NO4+	0.911	0.333	214.749	211.341	3.409	17	0.267	0.655	0.896	0.720		216.123	156	2.603	836961173506026148	836961011698160647	836961011698160646	273	
1	C11H24O4	[M + H3N + H]+	C11H28NO4+	0.992	0.991	45.456	45.456	0.000	11	0.172	0.250	0.329	-0.167		238.201	157	2.610	836961171366930813	836961011765269519	836961011765269518	275	
1	C9H20O4	[M + H]+	C9H21O4+	1.000	1.000	13.172	13.172	0.000	3	0.024	0.404	0.540	0.489		193.144	157	2.611	836961157672527183	836961011798823955	836961011798823954	276	
1	C11H14O3	[M + H3N + H]+	C11H18NO3+	0.981	0.333	95.310	95.310	0.000	14	0.162	0.137	0.272	0.519		212.128	158	2.634	836961161787139594	836961011828184087	836961011828184086	277	
1	C10H24ClN3O	[M + Na]+	C10H24ClN3NaO+	0.998	1.000	91.913	91.913	0.000	17	0.566	-0.952	2.906	-2.790		260.149	160	2.674	836961170435795220	836961011861738523	836961011861738522	278	
1	C18H33BN4O2S	[M + Na]+	C18H33BN4NaO2S+	0.830	0.986	104.161	104.161	0.000	38	0.685	-4.918	4.918	-0.634		402.234	161	2.678	836961182167264638	836961011895292959	836961011895292958	279	
1	C11H19NO3	[M + Na]+	C11H19NNaO3+	1.000	1.000	61.737	61.737	0.000	12	0.181	0.227	0.373	-0.060		236.126	161	2.684	836961182553140646	836961011928847395	836961011928847394	280	
1	C17H22N2O5	[M + H3N + H]+	C17H26N3O5+	0.999	0.333	92.574	89.355	3.219	12	0.760	-0.146	0.710	-0.220		352.187	163	2.712	836961177457060965	836961011966596135	836961011962401830	281	
1	C11H19NO3	[M + H]+	C11H20NO3+	0.384	0.333	70.476	70.476	0.000	14	0.185	0.272	0.302	0.187		214.144	168	2.806	836961329139884362	836961012016927787	836961012016927786	282	
1	C8H10	[M + H3N + H]+	C8H14N+	0.835	0.333	34.986	34.986	0.000	13	0.733	6.921	6.921	1.524		124.112	170	2.832	836961296952793767	836961012193088575	836961012193088574	287	
1	C8H12O	[M + H3N + H]+	C8H16NO+	1.000	0.333	130.849	130.849	0.000	15	0.208	6.552	6.552	0.031		142.123	170	2.832	836961167483005029	836961012230837315	836961012226643010	288	
1	C9H14O3	[M + H3N + H]+	C9H18NO3+	1.000	0.333	172.861	169.438	3.423	29	0.921	4.379	4.379	0.054		188.128	170	2.832	836961157458617666	836961012054676527	836961012050482222	283	
1	C9H12O2	[M + H3N + H]+	C9H16NO2+	1.000	0.333	237.658	234.298	3.360	31	0.522	5.459	5.459	-0.089		170.118	170	2.832	836961162449839710	836961012088230963	836961012088230962	284	
1	C11H21NO3	[M + H3N + H]+	C11H25N2O3+	0.996	0.333	89.540	86.216	3.324	9	0.494	0.441	0.818	-0.039		233.186	170	2.832	836961173208230516	836961012125979703	836961012125979702	285	
1	C9H17NO3	[M + Na]+	C9H17NNaO3+	0.413	0.482	16.736	13.374	3.362	4	0.074	2.041	2.041	0.456		210.110	170	2.832	836961194980864330	836961012159534139	836961012159534138	286	
1	C8H19N3O6	[M - H2O + H]+	C8H18N3O5+	0.357	0.306	10.180	10.180	0.000	3	0.152	5.263	5.619	-76268.583		236.126	170	2.836	836961196721500723	836961012264391751	836961012264391750	289	
1	C21H38N4O7	[M + H3N + H]+	C21H42N5O7+	0.587	0.026	47.201	47.201	0.000	29	0.559	0.054	0.305	-2.415		476.307	175	2.910	836961204459992392	836961012297946187	836961012297946186	290	
1	C12H18O4	[M + H3N + H]+	C12H22NO4+	1.000	0.333	82.885	82.885	0.000	13	0.212	0.053	0.120	-0.060		244.154	177	2.957	836961166547675115	836961012331500623	836961012331500622	291	
1	C27H35F3N2O4S2	[M + K]+	C27H35F3KN2O4S2+	0.990	0.990	131.741	131.741	0.000	36	0.763	-4.887	4.887	-1.935		611.161	178	2.974	836961270725809260	836961012365055059	836961012365055058	292	
1	C11H14O3	[M + H3N + H]+	C11H18NO3+	1.000	0.333	64.450	64.450	0.000	10	0.177	-0.090	0.152	-8.461		212.126	179	2.991	836961184604155421	836961012436358235	836961012436358234	294	
1	C17H24N2O7	[M - H2O + H]+	C17H23N2O6+	0.336	0.324	18.560	14.920	3.641	1	0.120	-0.467	0.467	-51289.650		351.155	180	2.999	836961180321770772	836961012402803799	836961012402803798	293	
1	C9H14O2	[M + H]+	C9H15O2+	1.000	0.500	146.448	146.448	0.000	20	0.160	6.983	6.983	0.315		155.107	181	3.012	836961169664043189	836961012545410151	836961012545410150	297	
1	C11H21NO2	[M + H3N + H]+	C11H25N2O2+	0.999	0.333	56.208	52.880	3.328	8	0.204	3.624	3.624	0.440		217.191	181	3.015	836961174550407974	836961012474106975	836961012474106974	295	
1	C9H14O2	[M + H3N + H]+	C9H18NO2+	1.000	0.333	136.662	133.272	3.390	25	0.874	6.171	6.171	-0.089		172.133	181	3.015	836961161975883308	836961012511855715	836961012511855714	296	
1	C9H17NO2	[M + K]+	C9H17KNO2+	0.529	0.876	24.696	24.696	0.000	8	0.087	-1.756	2.166	0.419		210.089	181	3.021	836961164781872938	836961012578964587	836961012578964586	298	
1	C23H42N4O8	[M + H3N + H]+	C23H46N5O8+	0.998	0.333	66.932	63.721	3.211	10	0.456	0.461	1.845	-1.787		520.333	182	3.036	836961187808603971	836961012616713327	836961012616713326	299	
1	C13H20O4	[M + H3N + H]+	C13H24NO4+	0.544	0.333	90.908	90.908	0.000	16	0.262	0.172	0.172	0.214		258.170	188	3.128	836961179487104242	836961012654462067	836961012654462066	300	
1	C11H16O4	[M + H3N + H]+	C11H20NO4+	0.774	0.333	201.832	198.272	3.560	12	0.206	0.139	0.584	0.111		230.139	188	3.137	836961172960766521	836961012692210807	836961012688016502	301	
1	C8H20FN4O3S2	[M + H3N + H]+	C8H24FN5O3S2+	0.978	0.500	116.870	116.870	0.000	32	0.624	1.950	2.195	2.659		321.131	189	3.142	836961200844502029	836961012759319679	836961012759319678	303	
1	C28H52O6P2	[M + H3N + H]+	C28H56NO6P2+	0.328	0.088	79.700	79.700	0.000	31	0.663	1.840	2.695	2.900		564.359	189	3.149	836961194326552813	836961012792874115	836961012792874114	304	
1	C12H16O2	[M + H3N + H]+	C12H20NO2+	0.564	0.333	88.355	88.355	0.000	14	0.211	0.385	0.385	0.355		210.149	191	3.175	836961168867125386	836961012893537423	836961012893537422	307	
1	C14H25NO3	[M + H3N + H]+	C14H29N2O3+	0.714	0.333	122.278	122.278	0.000	19	0.294	0.298	0.336	-0.070		273.217	191	3.176	836961170540652853	836961012826428551	836961012826428550	305	
1	C12H21NO3	[M + Na]+	C12H21NNaO3+	1.000	1.000	93.380	93.380	0.000	18	0.245	0.293	0.308	-0.037		250.141	191	3.177	836961227264425995	836961012859982987	836961012859982986	306	
1	C22H38N4O6	[M + H3N + H]+	C22H42N5O6+	0.999	0.333	68.189	65.089	3.101	12	0.668	-0.216	1.564	0.359		472.313	191	3.183	836961169403996319	836961012931286163	836961012931286162	308	
1	C18H31NO5	[M - H2O + H]+	C18H30NO4+	0.458	0.320	62.119	62.119	0.000	13	0.202	0.081	0.232	-55551.391		324.217	194	3.239	836961201679168611	836961012964840599	836961012964840598	309	
1	C31H55N5O6S	[M - H2O + H]+	C31H54N5O5S+	0.708	0.333	107.196	107.196	0.000	39	0.793	-0.063	0.998	-29600.958		608.386	195	3.249	836961229416104170	836961012998395035	836961012998395034	310	
1	C12H24N3O5	[M - H2O + H]+	C12H23N3O4+	0.493	0.331	52.440	52.440	0.000	16	0.308	0.025	0.233	-65936.361		273.167	199	3.321	836961172377758142	836961013069698211	836961013069698210	312	
1	C12H26O5	[M + H]+	C12H27O5+	1.000	1.000	49.302	49.302	0.000	6	0.507	3.073	3.912	-0.002		251.185	199	3.322	836961186705501938	836961013036143775	836961013036143774	311	
1	C12H16O4	[M + H3N + H]+	C12H20NO4+	1.000	0.333	238.437	234.954	3.482	41	0.783	2.348	2.393	-0.308		242.139	201	3.344	836961184771927636	836961013107446951	836961013107446950	313	
1	C10H14O2	[M + H]+	C10H15O2+	0.999	0.500	149.258	149.258	0.000	20	0.177	3.155	3.155	0.352		167.107	201	3.345	836961175519292281	836961013250053303	836961013250053302	317	
1	C10H14O2	[M + H3N + H]+	C10H18NO2+	1.000	0.333	219.668	216.261	3.406	39	0.870	4.660	4.660	0.460		184.133	201	3.346	836961173405362815	836961013145195691	836961013141001386	314	
1	C10H17NO2	[M + Na]+	C10H17NNaO2+	0.414	0.390	5.444	1.973	3.472	0	0.000	0.337	0.337	0.342		206.115	201	3.346	836961176446233560	836961013178750127	836961013178750126	315	
1	C12H21NO2	[M + H3N + H]+	C12H25N2O2+	0.999	0.333	67.735	64.158	3.577	5	0.156	0.455	0.455	0.068		229.191	201	3.346	836961177209597021	836961013216498867	836961013216498866	316	
1	C10H19NO3	[M + Na]+	C10H19NNaO3+	1.000	1.000	53.661	53.661	0.000	10	0.155	0.410	0.478	1.900		224.126	202	3.367	836961174810454853	836961013283607739	836961013283607738	318	
1	C17H26O6	[M + H3N + H]+	C17H30NO6+	1.000	0.202	90.371	90.371	0.000	18	0.257	0.293	0.295	-0.099		344.207	208	3.465	836961185975692988	836961013321356479	836961013321356478	319	
1	C13H25ClN2O2	[M + Na]+	C13H25ClN2NaO2+	1.000	1.000	76.214	76.214	0.000	30	0.762	0.385	1.784	-2.529		299.149	209	3.489	836961193336696977	836961013388465351	836961013388465350	321	
1	C10H23ClN4O4	[M + Na]+	C10H23ClN4NaO4+	0.997	0.986	72.686	72.686	0.000	27	0.501	0.685	2.786	2.418		321.131	209	3.490	836961200005641121	836961013426214091	836961013426214090	322	
1	C6H14O6	[M - H2O + H]+	C6H13O5+	0.817	0.500	28.027	28.027	0.000	3	0.082	0.574	0.574	-109104.646		165.076	210	3.498	836961197753299660	836961013493322963	836961013493322962	324	
1	C9H12O2	[M - H2O + H]+	C9H11O+	1.000	0.500	58.964	58.964	0.000	10	0.164	3.056	3.056	-133331.483		135.081	210	3.499	836961171400485266	836961013531071703	836961013526877398	325	
1	C15H20ClN2O6	[M + K]+	C15H20ClKN2O6+	0.263	0.169	90.584	90.584	0.000	25	0.282	1.574	1.574	4.202		398.066	210	3.501	836961242150012906	836961013459768527	836961013459768526	323	
1	C3H11N2O5	[M + Na]+	C3H11N2NaO5+	0.455	0.431	1.608	1.608	0.000	0	0.000	4.700	4.700	4.593		178.057	210	3.507	836961180917361997	836961014013416715	836961014013416714	338	
1	C6H10O4	[M - H2O + H]+	C6H9O3+	0.999	0.500	98.051	98.051	0.000	13	0.144	10.083	10.083	-139556.458		129.055	210	3.507	836961174248418051	836961013635929315	836961013635929314	328	
1	C6H12O5	[M - H2O + H]+	C6H11O4+	0.989	0.500	118.083	118.083	0.000	16	0.082	8.848	8.848	-122466.468		147.065	210	3.507	836961188035096429	836961013673678055	836961013673678054	329	
1	C14H22FNO5Si2	[M + K]+	C14H22FKNO5Si2+	0.930	0.154	114.174	114.174	0.000	42	0.749	2.882	2.882	1.527		398.066	211	3.509	836961226371039114	836961013602374879	836961013602374878	327	
1	C17H21ClN2O7	[M - H2O + H]+	C17H20ClN2O6+	0.731	0.332	115.023	115.023	0.000	27	0.624	3.840	3.840	-47010.295		383.101	211	3.509	836961264090419681	836961013786924275	836961013786924274	332	
1	C6H12O5	[M + H]+	C6H13O5+	0.704	0.500	145.566	142.596	2.970	24	0.933	7.587	7.587	0.182		165.076	211	3.510	836961170532264226	836961013749175535	836961013749175534	331	
1	C9H12O2	[M - H2O + H]+	C9H11O+	0.996	0.500	81.071	77.839	3.232	10	0.955	4.279	4.279	-133331.483		135.081	211	3.510	836961173501831822	836961013711426795	836961013711426794	330	
1	C13H18N6O5	[M - H2O + H]+	C13H17N6O4+	0.736	0.208	10.459	4.907	5.552	4	0.063	0.777	1.361	-56084.171		321.131	211	3.510	836961172696525335	836961013828867319	836961013824673014	333	
1	C15H22O6	[M + H]+	C15H23O6+	0.874	0.500	148.825	143.013	5.812	31	0.953	6.630	6.630	0.051		299.149	211	3.510	836961194582405374	836961013866616059	836961013866616058	334	
1	C15H22O6	[M + H3N + H]+	C15H26NO6+	1.000	0.333	117.110	113.382	3.728	13	0.516	3.140	3.140	0.430		316.176	211	3.510	836961214656346582	836961013942113539	836961013937919234	336	
1	C18H18O5	[M + Na]+	C18H18NaO5+	0.402	0.720	8.105	4.456	3.649	0	0.000	0.545	0.545	0.343		337.105	211	3.510	836961227314757668	836961013975667975	836961013975667974	337	
1	C30H44O12	[M + Na]+	C30H44NaO12+	0.959	0.000	30.316	30.316	0.000	14	0.525	0.373	0.373	0.658		619.273	211	3.510	836961252220538118	836961013564626139	836961013564626138	326	
1	C17H26O6	[M + H3N + H]+	C17H30NO6+	0.678	0.333	83.324	77.057	6.267	16	0.740	2.910	2.910	-0.099		344.207	211	3.511	836961203742766344	836961013904364799	836961013904364798	335	
1	C12H21NO4	[M - H2O + H]+	C12H20NO3+	0.438	0.321	84.453	84.453	0.000	15	0.318	0.413	0.413	-79642.076		226.144	211	3.518	836961182465060242	836961014046971151	836961014046971150	339	
1	C17H33BN2O5Si	[M + H3N + H]+	C17H37BN3O5Si+	0.966	0.289	102.138	102.138	0.000	29	0.510	-1.659	1.835	-1.760		401.262	215	3.585	836961244620458268	836961014080525587	836961014080525586	340	
1	C15H22Cl2N4O2	[M + Na]+	C15H22Cl2N4NaO2+	1.000	1.000	101.518	101.518	0.000	39	0.761	0.598	1.897	0.399		383.101	216	3.608	836961309997079778	836961014114080023	836961014114080022	341	
1	C3H8F3N2O3	[M + H]+	C3H9F3N2O3+	0.353	0.354	11.427	11.427	0.000	3	0.090	11.837	11.837	4.784		178.057	217	3.616	836961177075379267	836961014151828763	836961014151828762	342	
1	C6H12O5	[M - H2O + H]+	C6H11O4+	0.993	0.500	48.532	48.532	0.000	6	0.039	5.624	5.624	-122466.735		147.065	217	3.617	836961201654002777	836961014294435115	836961014294435114	346	
1	C15H21NO7S	[M + K]+	C15H21KNO7S+	0.982	0.995	101.323	101.323	0.000	35	0.720	-3.581	3.968	-3.093		398.066	217	3.618	836961202060850318	836961014189577503	836961014189577502	343	
1	C9H12O2	[M - H2O + H]+	C9H11O+	0.998	0.500	87.490	84.218	3.272	11	0.935	4.270	4.270	-133331.651		135.081	217	3.619	836961171463399839	836961014260880679	836961014260880678	345	
1	C6H12O5	[M + H]+	C6H13O5+	0.657	0.500	138.153	135.142	3.011	22	0.873	6.612	6.612	0.122		165.076	217	3.619	836961188433555341	836961014332183855	836961014332183854	347	
1	C6H10O4	[M - H2O + H]+	C6H9O3+	0.999	0.500	71.988	71.988	0.000	9	0.084	7.351	7.351	-139556.635		129.055	217	3.620	836961178748906715	836961014223131939	836961014223131938	344	
1	C15H22O6	[M + H]+	C15H23O6+	0.873	0.500	141.838	135.856	5.982	28	0.911	5.089	5.089	-0.083		299.149	217	3.620	836961198197895915	836961014369932595	836961014369932594	348	
1	C13H18N6O5	[M - H2O + H]+	C13H17N6O4+	0.718	0.123	9.601	4.262	5.339	2	0.033	0.587	1.778	-56084.270		321.131	217	3.623	836961176051968927	836961014411875639	836961014407681334	349	
1	C17H26O6	[M + H3N + H]+	C17H30NO6+	0.798	0.333	93.109	89.222	3.887	11	0.409	0.925	1.534	-0.186		344.207	218	3.626	836961209837090807	836961014483178815	836961014483178814	351	
1	C13H19ClN4O3	[M + Na]+	C13H19ClN4NaO3+	1.000	1.000	147.666	147.666	0.000	38	0.583	0.471	1.912	2.510		337.105	218	3.629	836961210445264924	836961014445430075	836961014445430074	350	
1	C10H23ClN4O4	[M + Na]+	C10H23ClN4NaO4+	0.993	0.888	104.332	104.332	0.000	36	0.674	0.071	2.750	2.340		321.131	218	3.632	836961204527101266	836961014617396559	836961014617396558	355	
1	C10H19NO2	[M + Na]+	C10H19NNaO2+	0.989	0.991	36.292	36.292	0.000	9	0.120	-1.276	1.276	0.290		208.131	219	3.646	836961179940089089	836961014516733251	836961014516733250	352	
1	C22H41ClN2O2	[M + Na]+	C22H41ClN2NaO2+	1.000	1.000	137.393	137.393	0.000	33	0.729	0.453	1.974	0.196		423.275	219	3.653	836961196440482302	836961014550287687	836961014550287686	353	
1	C13H25ClN2O3	[M + Na]+	C13H25ClN2NaO3+	1.000	0.998	85.209	85.209	0.000	40	0.774	0.666	1.989	-2.875		315.144	220	3.675	836961205814752815	836961014583842123	836961014583842122	354	
1	C9H21NO3Si	[M - H2O + H]+	C9H20NO2Si+	0.256	0.179	5.304	5.304	0.000	3	0.022	1.109	1.109	-89104.794		202.126	223	3.714	836961210432682006	836961014650950995	836961014650950994	356	
1	C20H37BN2O5S	[M + H3N + H]+	C20H41BN3O5S+	0.626	0.328	98.296	98.296	0.000	31	0.600	-3.399	3.567	-2.023		445.288	223	3.717	836961199078699837	836961014684505431	836961014684505430	357	
1	C8H16O2	[M + K]+	C8H16KO2+	0.715	0.721	33.030	33.030	0.000	6	0.045	-0.174	2.501	-0.398		183.078	224	3.738	836961178266561720	836961014718059867	836961014718059866	358	
1	C16H40B3N5O6	[M + K]+	C16H40B3KN5O6+	0.443	0.464	90.345	90.345	0.000	41	0.843	0.465	0.887	3.407		467.301	227	3.782	836961187804409649	836961014927775091	836961014927775090	364	
1	C15H32ClN3O2	[M + Na]+	C15H32ClN3NaO2+	1.000	1.000	109.314	109.314	0.000	31	0.667	0.740	2.348	-2.370		344.207	227	3.782	836961194146197723	836961014860666219	836961014860666218	362	
1	C13H18N6O5	[M - H2O + H]+	C13H17N6O4+	0.706	0.033	6.260	3.083	3.177	1	0.026	0.741	0.741	-56084.270		321.131	227	3.782	836961213133814029	836961014755808607	836961014755808606	359	
1	C9H12O2	[M - H2O + H]+	C9H11O+	1.000	0.500	79.199	79.199	0.000	12	0.222	3.315	3.315	-133331.609		135.081	227	3.783	836961194930532667	836961014827111783	836961014827111782	361	
1	C6H12O5	[M + H]+	C6H13O5+	0.995	0.500	115.544	115.544	0.000	17	0.735	6.612	6.612	0.182		165.076	227	3.783	836961199217111899	836961014898414959	836961014894220654	363	
1	C15H22O6	[M + H]+	C15H23O6+	0.884	0.500	117.454	113.721	3.733	22	0.814	5.184	5.184	-0.083		299.149	227	3.783	836961208134203193	836961014793557347	836961014793557346	360	
1	C10H20O	[M + H3N + H]+	C10H24NO+	0.520	0.500	3.670	3.670	0.000	2	0.009	1.358	1.358	0.311		174.185	227	3.788	836961174487493411	836961014994883963	836961014994883962	366	
1	C6H6ClF	[M + Na]+	C6H6ClFNa+	1.000	0.708	14.518	14.518	0.000	4	0.077	-2.006	3.599	-3.592		155.003	227	3.790	836961182716718526	836961014965523831	836961014961329526	365	
1	C21H41BN2O7Si	[M + H3N + H]+	C21H45BN3O7Si+	0.980	0.333	109.151	109.151	0.000	35	0.666	-2.550	2.550	-1.177		489.314	230	3.836	836961209665124322	836961015032632703	836961015028438398	367	
1	C13H23NO5	[M - H2O + H]+	C13H22NO4+	0.823	0.333	89.279	89.279	0.000	18	0.258	0.207	0.233	-70311.524		256.154	233	3.880	836961197308703356	836961015171044751	836961015171044750	371	
1	C9H10O3	[M - H2O + H]+	C9H9O2+	0.983	0.500	70.930	67.577	3.353	9	0.799	4.923	4.923	-120827.675		149.060	233	3.880	836961204724233636	836961015103935879	836961015099741574	369	
1	C6H13FO5S	[M + H3N + H]+	C6H17FNO5S+	0.949	0.912	28.870	28.870	0.000	5	0.077	0.167	4.753	4.536		234.082	233	3.881	836961187976376153	836961015200404883	836961015200404882	372	
1	C8H19ClNO4	[M - H2O + H]+	C8H18ClNO3+	0.523	0.329	54.403	54.403	0.000	13	0.233	-2.317	2.866	-85320.959		211.097	233	3.881	836961180560846127	836961015137490315	836961015133296010	370	
1	C16H30N4O3	[M - H2O + H]+	C16H29N4O2+	0.862	0.333	87.278	87.278	0.000	22	0.444	0.063	0.233	-58248.843		309.227	234	3.893	836961189373079483	836961015233959319	836961015233959318	373	
1	C12H27NO3	[M - H2O + H]+	C12H26NO2+	0.568	0.333	55.222	55.222	0.000	13	0.230	0.541	0.541	-83305.952		216.196	234	3.908	836961210172635149	836961015267513755	836961015267513754	374	
1	C14H31NO3	[M + H]+	C14H32NO3+	0.616	0.500	41.332	37.657	3.675	6	0.749	4.394	4.394	0.190		262.238	235	3.915	836961176442039250	836961015305262495	836961015305262494	375	
1	C12H27NO3	[M + H]+	C12H28NO3+	0.719	0.500	55.827	50.003	5.824	16	0.891	7.115	7.115	0.213		234.206	236	3.928	836961176928578597	836961015343011235	836961015343011234	376	
1	C11H16O2	[M + H3N + H]+	C11H20NO2+	0.979	0.333	84.582	84.582	0.000	12	0.220	0.311	0.311	0.705		198.149	236	3.928	836961175427017581	836961015066187139	836961015066187138	368	
1	C11H18BNO4	[M - H2O + H]+	C11H17BNO3+	0.532	0.333	69.628	69.628	0.000	14	0.172	0.225	0.225	-81442.861		221.134	236	3.933	836961176920189970	836961015523366327	836961015523366326	381	
1	C10H16O	[M - H2O + H]+	C10H15+	1.000	0.500	110.582	107.484	3.098	13	0.731	6.389	6.389	-133295.625		135.117	236	3.934	836961180644732226	836961015485617587	836961015485617586	380	
1	C11H16O2	[M + H]+	C11H17O2+	1.000	0.500	262.678	259.181	3.497	42	0.930	4.561	4.561	0.076		181.122	236	3.935	836961187716329248	836961015561115067	836961015561115066	382	
1	C13H23NO2	[M + H3N + H]+	C13H27N2O2+	1.000	0.333	94.817	91.167	3.650	10	0.348	1.645	1.744	-0.101		243.207	236	3.935	836961176190380980	836961015452063151	836961015447868846	379	
1	C11H16O2	[M + H3N + H]+	C11H20NO2+	1.000	0.333	248.133	244.612	3.521	47	0.907	4.168	4.168	0.730		198.149	236	3.935	836961177977154686	836961015376565671	836961015376565670	377	
1	C11H19NO2	[M + Na]+	C11H19NNaO2+	0.327	0.335	5.584	1.999	3.585	0	0.000	-0.007	0.007	0.047		220.131	236	3.935	836961178178481292	836961015414314411	836961015414314410	378	
1	C28H50N2O4S	[M + Na]+	C28H50N2NaO4S+	0.999	1.000	72.798	72.798	0.000	32	0.749	0.041	0.665	4.819		533.341	236	3.940	836961200743838713	836961015594669503	836961015594669502	383	
1	C26H52N4O5S	[M + Na]+	C26H52N4NaO5S+	1.000	1.000	95.701	95.701	0.000	43	0.761	-0.140	1.529	-1.697		555.354	239	3.989	836961194829869353	836961015670166983	836961015665972678	385	
1	C12H18N2O6S	[M + H3N + H]+	C12H22N3O6S+	0.930	0.333	103.172	103.172	0.000	20	0.482	-3.076	3.076	1.449		336.123	239	3.992	836961208322946894	836961015632418243	836961015632418242	384	
1	C16H31N4O3	[M - H2O + H]+	C16H30N4O2+	1.000	0.320	72.819	72.819	0.000	19	0.477	0.070	0.118	-58050.203		310.238	241	4.023	836961195698090414	836961015703721419	836961015703721418	386	
1	C28H56N4O6S	[M + Na]+	C28H56N4NaO6S+	0.926	0.828	82.540	82.540	0.000	38	0.753	-0.233	1.694	-1.714		599.380	245	4.075	836961314627591624	836961015770830291	836961015766635986	389	
1	C10H31N7O3Si	[M + Na]+	C10H31N7NaO3Si+	0.549	0.250	54.773	54.773	0.000	37	0.750	-2.770	3.108	-1.407		348.214	247	4.120	836961195630981536	836961015800190423	836961015800190422	390	
1	C18H26O3	[M + H3N + H]+	C18H30NO3+	1.000	0.333	208.002	204.179	3.823	39	0.723	0.626	1.572	-0.487		308.222	247	4.122	836961191356985310	836961015837939163	836961015837939162	391	
1	C16H31N4O3	[M - H2O + H]+	C16H30N4O2+	1.000	0.333	76.785	76.785	0.000	23	0.502	-0.017	0.220	-58050.289		310.238	254	4.227	836961182876102097	836961015871493599	836961015871493598	392	
1	C18H28O3	[M + H3N + H]+	C18H32NO3+	1.000	0.333	193.455	189.602	3.853	39	0.782	1.548	2.053	-0.517		310.238	254	4.231	836961192053239833	836961015976351211	836961015972156906	395	
1	C16H31N4O3	[M + Na]+	C16H31N4NaO3+	1.000	0.191	84.663	84.663	0.000	24	0.514	0.053	0.264	3.722		350.230	254	4.231	836961213561633104	836961015938602471	836961015938602470	394	
1	C11H18O2	[M + H3N + H]+	C11H22NO2+	0.929	0.333	49.187	49.187	0.000	4	0.065	0.931	0.931	0.922		200.165	255	4.257	836961210847918167	836961016009905647	836961016009905646	396	
1	C11H21NO2	[M + Na]+	C11H21NNaO2+	1.000	1.000	29.034	29.034	0.000	11	0.143	-0.033	0.539	-0.133		222.146	256	4.265	836961184713207356	836961016043460083	836961016043460082	397	
1	C20H35NO4	[M + H3N + H]+	C20H39N2O4+	0.992	0.333	63.698	59.793	3.905	8	0.295	-0.190	0.891	0.123		371.290	256	4.268	836961195098304866	836961016177677823	836961016173483518	400	
1	C18H26O3	[M + H3N + H]+	C18H30NO3+	1.000	0.333	259.799	255.928	3.871	50	0.838	0.292	1.040	-0.455		308.222	256	4.268	836961319027416816	836961016077014519	836961016077014518	398	
1	C16H27N7O3	[M - H2O + H]+	C16H26N7O2+	0.468	0.160	10.804	7.812	2.992	1	0.040	0.075	0.668	-51721.896		348.215	256	4.269	836961195190579600	836961016139929083	836961016139929082	399	
1	C13H29NO2	[M + H]+	C13H30NO2+	1.000	0.500	40.000	40.000	0.000	10	0.182	0.239	0.239	0.148		232.227	260	4.329	836961202308314300	836961016207037955	836961016207037954	401	
1	C18H28O3	[M + H3N + H]+	C18H32NO3+	1.000	0.333	191.799	188.108	3.691	36	0.693	0.053	0.991	-0.517		310.238	262	4.371	836961185841475241	836961016244786695	836961016244786694	402	
1	C18H33NO3	[M - H2O + H]+	C18H32NO2+	0.996	0.327	51.703	51.703	0.000	11	0.191	0.123	0.172	-61209.976		294.243	266	4.437	836961192531390535	836961016278341131	836961016278341130	403	
1	C16H31N4O3	[M + Na]+	C16H31N4NaO3+	0.945	0.006	107.274	107.274	0.000	30	0.543	0.123	0.252	3.765		350.230	269	4.481	836961203088454894	836961016311895567	836961016311895566	404	
1	C16H31N4O3	[M + H]+	C16H32N4O3+	1.000	0.333	109.887	109.887	0.000	30	0.582	0.143	0.252	3.694		328.248	269	4.483	836961196855718485	836961016345450003	836961016341255698	405	
1	C16H24O2	[M + H3N + H]+	C16H28NO2+	1.000	0.333	282.551	279.106	3.445	34	0.550	1.077	2.544	-0.021		266.211	269	4.485	836961220972969043	836961016379004439	836961016379004438	406	
1	C12H18O2	[M + H3N + H]+	C12H22NO2+	1.000	0.333	210.622	206.991	3.630	33	0.849	3.046	3.046	0.352		212.165	269	4.490	836961205319824864	836961016450307615	836961016450307614	408	
1	C12H21NO2	[M + Na]+	C12H21NNaO2+	1.000	1.000	57.458	57.458	0.000	16	0.207	0.025	0.311	-0.041		234.146	269	4.490	836961191763832833	836961016412558875	836961016412558874	407	
1	C16H29NO3	[M - H2O + H]+	C16H28NO2+	0.537	0.333	63.825	63.825	0.000	13	0.203	0.147	0.186	-67655.110		266.211	269	4.491	836961321502056332	836961016517416487	836961016517416486	410	
1	C16H31N4O3	[M - H2O + H]+	C16H30N4O2+	1.000	0.333	68.883	68.883	0.000	20	0.498	0.225	0.302	-58050.289		310.238	271	4.515	836961208419415906	836961016483862051	836961016483862050	409	
1	C8H14O	[M + H3N + H]+	C8H18NO+	0.995	0.333	29.100	29.100	0.000	4	0.014	6.002	6.002	0.100		144.138	278	4.633	836961187976376151	836961016546776619	836961016546776618	411	
1	C13H23NO2	[M + H3N + H]+	C13H27N2O2+	1.000	0.333	66.740	63.110	3.630	8	0.445	5.221	5.221	-0.142		243.207	280	4.670	836961195903611349	836961016584525359	836961016584525358	412	
1	CHN2O3S	[M + Na]+	CHN2NaO3S+	1.000	0.799	8.344	8.344	0.000	4	0.013	-7.115	7.228	-6.694		143.959	285	4.752	836961196834746956	836961016618079795	836961016618079794	413	
1	C10H22O3	[M + H]+	C10H23O3+	1.000	1.000	18.004	18.004	0.000	4	0.055	0.043	0.171	0.047		191.164	286	4.760	836961229541933306	836961016651634231	836961016651634230	414	
1	C16H31N4O3	[M + Na]+	C16H31N4NaO3+	1.000	0.008	94.979	94.979	0.000	28	0.556	0.092	0.324	3.722		350.230	286	4.773	836961193957454018	836961016752297539	836961016752297538	417	
1	C16H31N4O3	[M - H2O + H]+	C16H30N4O2+	1.000	0.014	65.605	65.605	0.000	18	0.459	0.158	0.207	-58050.340		310.238	289	4.812	836961199749788559	836961016685188667	836961016685188666	415	
1	C13H20O2	[M + H3N + H]+	C13H24NO2+	1.000	0.333	209.718	206.123	3.596	37	0.739	3.830	3.830	-0.024		226.180	289	4.812	836961183257783782	836961016790046279	836961016790046278	418	
1	C13H25NO3	[M + H]+	C13H26NO3+	0.649	0.333	73.663	73.663	0.000	17	0.269	0.102	0.217	-0.062		244.191	289	4.813	836961197493252778	836961016823600715	836961016823600714	419	
1	C16H31N4O3	[M - H2O + H]+	C16H30N4O2+	0.999	0.000	81.950	81.950	0.000	22	0.492	0.043	0.139	-58050.357		310.237	289	4.825	836961188366446460	836961016857155151	836961016857155150	420	
1	C6H6ClF	[M + Na]+	C6H6ClFNa+	1.000	0.709	14.796	14.796	0.000	4	0.069	-2.340	3.895	-3.786		155.003	290	4.828	836961233744626413	836961016890709587	836961016890709586	421	
1	C16H31NO3	[M - H2O + H]+	C16H30NO2+	0.981	0.333	50.341	50.341	0.000	12	0.200	0.161	0.227	-67146.741		268.227	291	4.846	836961199141614414	836961016718743103	836961016718743102	416	
1	C12H24O	[M + H3N + H]+	C12H28NO+	0.987	0.500	32.379	28.760	3.619	6	0.196	8.134	8.134	-0.104		202.217	291	4.848	836961180774755656	836961016928458327	836961016924264022	422	
1	C16H31NO3	[M - H2O + H]+	C16H30NO2+	0.982	0.333	50.341	50.341	0.000	12	0.200	0.161	0.227	-67146.741		268.227	291	4.851	836961186785193738	836961016962012763	836961016962012762	423	
1	C10H20O4	[M + Na]+	C10H20NaO4+	0.601	0.461	10.876	10.876	0.000	2	0.016	0.005	0.124	-0.087		227.125	294	4.895	836961232003990171	836961017029121635	836961017024927330	425	
1	C10H20O4	[M + H]+	C10H21O4+	0.598	0.500	17.158	17.158	0.000	4	0.054	0.134	0.172	0.192		205.143	294	4.897	836961183593328117	836961016995567199	836961016991372894	424	
1	C16H35NO3	[M + H]+	C16H36NO3+	0.947	0.500	51.523	51.523	0.000	15	0.218	0.136	0.209	-0.139		290.269	294	4.899	836961187204624153	836961017062676071	836961017058481766	426	
1	C14H31NO3	[M + H]+	C14H32NO3+	0.769	0.500	39.761	35.965	3.796	14	0.762	7.428	7.428	0.113		262.238	296	4.928	836961205659563534	836961017096230507	836961017096230506	427	
1	C14H31NO3	[M - H2O + H]+	C14H30NO2+	0.919	0.333	46.134	46.134	0.000	11	0.183	0.211	0.211	-73745.175		244.227	298	4.969	836961193542217894	836961017129784943	836961017129784942	428	
1	C13H29N2O2	[M + K]+	C13H29KN2O2+	0.910	0.972	84.308	84.308	0.000	24	0.461	-0.027	1.489	-1.535		284.186	300	4.997	836961202425754836	836961017163339379	836961017163339378	429	
1	C10H23ClNO4	[M - H2O + H]+	C10H22ClNO3+	0.434	0.325	56.022	56.022	0.000	13	0.204	-2.096	2.793	-75319.893		239.128	300	5.000	836961220792613928	836961017196893815	836961017196893814	430	
1	C13H23NO2	[M + Na]+	C13H23NNaO2+	1.000	1.000	45.974	45.974	0.000	14	0.210	0.102	0.507	0.082		248.162	301	5.012	836961196587282959	836961017230448251	836961017230448250	431	
1	C13H20O2	[M + H3N + H]+	C13H24NO2+	0.913	0.333	62.567	62.567	0.000	11	0.207	0.147	0.182	-0.002		226.180	301	5.018	836961207471503073	836961017264002687	836961017264002686	432	
1	C10H22O3	[M + H]+	C10H23O3+	1.000	1.000	22.036	22.036	0.000	5	0.055	0.158	0.222	0.021		191.164	303	5.053	836961211200239758	836961017297557123	836961017297557122	433	
1	C12H17NO5	[M - H2O + H]+	C12H16NO4+	0.303	0.248	57.249	57.249	0.000	12	0.192	0.272	0.272	-75640.691		238.107	309	5.146	836961218246671090	836961017331111559	836961017331111558	434	
1	C18H28O3	[M + H3N + H]+	C18H32NO3+	1.000	0.333	227.488	223.804	3.684	26	0.596	0.588	1.605	-0.549		310.238	309	5.155	836961206024468039	836961017368860299	836961017364665994	435	
1	C16H24O2	[M + H3N + H]+	C16H28NO2+	0.954	0.333	66.000	66.000	0.000	12	0.201	0.161	0.161	-0.002		266.211	310	5.172	836961213138008347	836961017402414735	836961017402414734	436	
1	C18H33NO3	[M - H2O + H]+	C18H32NO2+	0.992	0.299	52.201	52.201	0.000	11	0.191	0.123	0.147	-61209.958		294.243	315	5.252	836961203956675869	836961017431774867	836961017431774866	437	
1	C19H16O5	[M - H2O + H]+	C19H15O4+	0.861	0.499	39.586	35.747	3.838	5	0.508	0.349	0.838	-58648.472		307.096	315	5.256	836961211099576440	836961017469523607	836961017469523606	438	
1	C11H19ClN2O3S	[M + Na]+	C11H19ClN2NaO3S+	0.970	0.961	130.125	130.125	0.000	30	0.677	2.750	2.763	3.448		317.071	317	5.275	836961234239554336	836961017503078043	836961017503078042	439	
1	C18H35NO3	[M - H2O + H]+	C18H34NO2+	0.799	0.008	62.171	62.171	0.000	14	0.216	0.144	0.161	-60793.540		296.258	317	5.281	836961207547000573	836961017532438175	836961017532438174	440	
1	C18H40N2O3	[M - H2O + H]+	C18H39N2O2+	0.664	0.333	84.617	84.617	0.000	20	0.467	0.110	0.159	-57122.068		315.301	317	5.284	836961192489447488	836961017565992611	836961017565992610	441	
1	C18H38N2O2	[M - H2O + H]+	C18H37N2O+	0.987	0.333	49.073	49.073	0.000	11	0.349	0.105	0.161	-60582.595		297.290	317	5.285	836961192833380453	836961017599547047	836961017599547046	442	
1	C15H33NO2	[M + H]+	C15H34NO2+	1.000	0.500	46.617	46.617	0.000	12	0.193	0.239	0.239	0.208		260.258	317	5.289	836961205881861697	836961017628907179	836961017628907178	443	
1	C18H33NO3	[M + Na]+	C18H33NNaO3+	0.838	0.575	83.131	83.131	0.000	22	0.442	0.037	0.379	-0.522		334.235	320	5.335	836961204590015841	836961017696016051	836961017696016050	445	
1	C18H28O2	[M + H3N + H]+	C18H32NO2+	1.000	0.333	214.873	211.003	3.869	41	0.735	0.746	2.573	-0.053		294.243	320	5.338	836961195781976515	836961017737959095	836961017733764790	446	
1	C6H6ClF	[M + Na]+	C6H6ClFNa+	1.000	0.785	5.745	5.745	0.000	3	0.060	0.800	4.028	-3.560		155.003	321	5.356	836961217189706408	836961017771513531	836961017771513530	447	
1	CHN2O3S	[M + Na]+	CHN2NaO3S+	1.000	0.829	8.531	8.531	0.000	4	0.016	-6.774	7.657	-6.589		143.959	322	5.359	836961216845773470	836961017666655919	836961017662461614	444	
1	C15H25NO3	[M - H2O + H]+	C15H24NO2+	0.356	0.225	8.199	7.437	0.762	3	0.072	2.643	6.651	-72000.688		250.178	322	5.360	836961188748128163	836961017809262271	836961017809262270	448	
1	C13H22O2	[M + H3N + H]+	C13H26NO2+	1.000	0.333	217.442	213.763	3.680	40	0.910	2.148	2.148	0.151		228.196	322	5.361	836961208549439374	836961017842816707	836961017842816706	449	
1	C28H49ClFN3O5	[M + Na]+	C28H49ClFN3NaO5+	0.341	0.325	72.944	72.944	0.000	31	0.718	-2.644	2.644	-2.530		584.322	323	5.387	836961249427131356	836961017876371143	836961017876371142	450	
1	C18H33NO2	[M - H2O + H]+	C18H32NO+	0.704	0.219	39.339	39.339	0.000	9	0.181	0.164	0.165	-64728.272		278.248	324	5.395	836961190773977043	836961017909925579	836961017909925578	451	
1	C18H35NO3	[M + Na]+	C18H35NNaO3+	0.817	0.933	81.167	81.167	0.000	22	0.338	0.100	0.248	-0.475		336.251	324	5.396	836961194729206032	836961017939285711	836961017939285710	452	
1	C18H30O2	[M + H3N + H]+	C18H34NO2+	1.000	0.333	171.718	168.042	3.676	37	0.697	2.268	2.268	-0.121		296.258	324	5.398	836961193252810880	836961017977034451	836961017977034450	453	
1	C8H20O4P	[M + Na]+	C8H20NaO4P+	0.995	0.999	50.041	50.041	0.000	14	0.255	3.631	4.084	-4.641		234.098	325	5.414	836961197317091980	836961018010588887	836961018010588886	454	
1	C18H28O2	[M + H3N + H]+	C18H32NO2+	1.000	0.333	257.925	253.979	3.946	56	0.851	0.087	1.204	0.015		294.243	326	5.434	836961197019296359	836961018081892063	836961018077697758	456	
1	C16H29N7O2	[M - H2O + H]+	C16H28N7O+	0.800	0.273	13.066	9.908	3.158	3	0.090	0.008	1.723	-53885.572		334.235	326	5.435	836961200454431717	836961018119640803	836961018115446498	457	
1	C20H42N2O4	[M - H2O + H]+	C20H41N2O3+	0.997	0.333	88.123	88.123	0.000	18	0.484	0.147	0.206	-50406.075		357.311	326	5.436	836961221941853449	836961018044143323	836961018044143322	455	
1	C16H35N4O4	[M - H2O + H]+	C16H34N4O3+	0.625	0.009	59.553	59.553	0.000	22	0.525	-0.027	0.324	-54530.163		330.264	326	5.440	836961214324996526	836961018149000935	836961018149000934	458	
1	C12H28B2N2O4S	[M + H3N + H]+	C12H32B2N3O4S+	0.992	0.500	88.916	88.916	0.000	22	0.417	-3.553	3.553	-4.736		334.235	327	5.446	836961200953553950	836961018287412983	836961018287412982	462	
1	C18H33NO3	[M - H2O + H]+	C18H32NO2+	0.997	0.302	54.646	54.646	0.000	12	0.210	0.207	0.311	-61209.868		294.243	328	5.461	836961206154491514	836961018220304111	836961018220304110	460	
1	C13H22O4	[M - H2O + H]+	C13H21O3+	0.571	0.500	161.271	157.689	3.583	25	0.640	1.350	2.287	-79994.155		225.149	329	5.483	836961202132153500	836961018186749675	836961018186749674	459	
1	C13H28O4	[M + H]+	C13H29O4+	1.000	1.000	47.187	47.187	0.000	9	0.207	0.039	0.134	-0.184		249.206	329	5.490	836961206653613712	836961018320967419	836961018320967418	463	
1	C33H42O8	[M + H3N + H]+	C33H46NO8+	0.485	0.333	47.937	41.060	6.877	14	0.629	0.284	0.646	0.781		584.322	330	5.494	836961199074505509	836961018258052851	836961018253858546	461	
1	C18H28O	[M + H3N + H]+	C18H32NO+	0.983	0.246	43.319	43.319	0.000	9	0.111	0.269	0.269	0.176		278.248	331	5.510	836961202140542127	836961018392270595	836961018392270594	465	
1	C18H30O2	[M + H3N + H]+	C18H34NO2+	1.000	0.333	209.611	205.919	3.692	23	0.594	1.264	1.539	-0.256		296.258	331	5.514	836961221937659125	836961018358716159	836961018358716158	464	
1	C18H35NO3	[M - H2O + H]+	C18H34NO2+	0.799	0.023	63.495	63.495	0.000	14	0.234	0.038	0.233	-60793.701		296.258	331	5.522	836961198109815521	836961018664900387	836961018664900386	473	
1	C12H26NO2	[M + K]+	C12H26KNO2+	1.000	1.000	62.247	62.247	0.000	18	0.255	-0.040	1.992	-1.792		255.159	332	5.526	836961205424682479	836961018421630727	836961018421630726	466	
1	C16H29N7O2	[M - H2O + H]+	C16H28N7O+	0.800	0.144	11.364	8.269	3.095	1	0.036	-0.230	0.505	-53885.604		334.235	332	5.527	836961195148636535	836961018564237079	836961018564237078	470	
1	C20H35N3O5S	[M + K]+	C20H35KN3O5S+	0.607	0.999	125.090	125.090	0.000	42	0.765	-0.065	0.836	-3.536		468.191	332	5.531	836961240023500480	836961018492933903	836961018492933902	468	
1	C22H33ClO5	[M + K]+	C22H33ClKO5+	0.999	0.999	95.095	95.095	0.000	30	0.881	-1.434	1.657	-0.487		451.165	332	5.533	836961248105925339	836961018459379467	836961018459379466	467	
1	C11H26ClN2O4	[M - H2O + H]+	C11H25ClN2O3+	0.364	0.324	86.739	86.739	0.000	22	0.332	-1.729	2.356	-67166.716		268.154	333	5.544	836961254988779122	836961018526488339	836961018526488338	469	
1	C18H28O2	[M + H3N + H]+	C18H32NO2+	1.000	0.333	255.950	252.049	3.901	52	0.888	0.285	1.221	0.015		294.243	333	5.556	836961198927704849	836961018597791515	836961018597791514	471	
1	C17H37NO5S	[M + K]+	C17H37KNO5S+	0.446	0.410	106.275	106.275	0.000	30	0.575	-0.040	0.836	0.573		406.203	333	5.558	836961207052072633	836961018631345951	836961018631345950	472	
1	C18H33NO3	[M - H2O + H]+	C18H32NO2+	0.998	0.330	58.007	58.007	0.000	13	0.216	0.149	0.159	-61209.868		294.243	334	5.567	836961202350257345	836961018698454823	836961018698454822	474	
1	C15H33N3O6	[M - H2O + H]+	C15H32N3O5+	0.577	0.333	93.644	93.644	0.000	28	0.538	-0.141	0.302	-53881.618		334.235	336	5.604	836961326338089134	836961018732009259	836961018732009258	475	
1	C19H35NO4	[M + H3N + H]+	C19H39N2O4+	0.999	0.333	92.176	88.630	3.546	13	0.658	0.500	1.435	-0.290		359.290	337	5.617	836961201150686264	836961018769757999	836961018769757998	476	
1	C12H14O3	[M - H2O + H]+	C12H13O2+	0.923	0.500	17.128	13.588	3.540	2	0.042	3.163	3.163	-95248.165		189.091	340	5.664	836961200068555722	836961018807506739	836961018807506738	477	
1	C12H12Br3ClFNO4S	[M + Na]+	C12H12Br3ClFNNaO4S+	0.466	0.439	82.300	82.300	0.000	23	0.600	-3.082	3.082	-1.676		579.759	341	5.678	836961212638886087	836961018841061175	836961018841061174	478	
1	C16H33N4O3	[M - H2O + H]+	C16H32N4O2+	0.587	0.333	80.643	80.643	0.000	20	0.479	0.137	0.208	-57675.615		312.253	342	5.697	836961198294364928	836961018874615611	836961018874615610	479	
1	C11H18O2	[M - H2O + H]+	C11H17O+	1.000	0.500	107.038	103.572	3.466	27	0.769	3.631	4.275	-109070.469		165.127	342	5.697	836961204170585394	836961018912364351	836961018912364350	480	
1	C6H6ClF	[M + Na]+	C6H6ClFNa+	1.000	0.734	15.024	15.024	0.000	4	0.064	-2.357	3.502	-3.592		155.003	343	5.718	836961201951798397	836961018945918787	836961018945918786	481	
1	C9H17ClNO3	[M + H]+	C9H18ClNO3+	0.639	0.332	62.492	62.492	0.000	13	0.235	-2.493	3.029	-2.118		223.097	344	5.733	836961214576654782	836961019042387791	836961019042387790	484	
1	C9H17ClNO3	[M + Na]+	C9H17ClNNaO3+	1.000	1.000	88.725	88.725	0.000	21	0.454	1.237	3.034	-2.109		245.078	344	5.733	836961207630886667	836961018979473223	836961018979473222	482	
1	C7H13ClNO3	[M - H2O + H]+	C7H12ClNO2+	0.420	0.192	23.751	23.751	0.000	5	0.130	-2.536	2.804	-101725.718		177.055	344	5.734	836961212005546166	836961019013027659	836961019008833354	483	
1	C31H22O11	[M - H2O + H]+	C31H21O10+	0.647	0.498	14.508	10.822	3.686	3	0.239	0.747	0.925	-32561.350		553.113	344	5.737	836961205126886851	836961019113690967	836961019113690966	486	
1	C33H42O8	[M + H3N + H]+	C33H46NO8+	0.489	0.193	24.781	24.781	0.000	10	0.491	-0.175	0.599	0.678		584.322	344	5.737	836961220343823354	836961019080136531	836961019075942226	485	
1	C14H28O	[M + H3N + H]+	C14H32NO+	0.748	0.500	28.016	24.244	3.772	6	0.674	9.836	9.836	0.126		230.248	345	5.747	836961193038901355	836961019147245403	836961019147245402	487	
1	C17H37NO2	[M + H]+	C17H38NO2+	0.996	0.500	57.325	57.325	0.000	14	0.260	0.158	0.158	0.014		288.290	346	5.769	836961210902444146	836961019214354275	836961019214354274	489	
1	C18H35NO3	[M - H2O + H]+	C18H34NO2+	0.800	0.013	55.261	55.261	0.000	13	0.215	0.059	0.163	-60793.558		296.258	346	5.772	836961196130103794	836961019180799839	836961019180799838	488	
1	C16H35NO3	[M + H]+	C16H36NO3+	0.759	0.500	40.564	36.701	3.863	14	0.834	5.888	5.888	-0.174		290.269	348	5.795	836961199665902461	836961019252103015	836961019247908710	490	
1	C30H20O11	[M - H2O + H]+	C30H19O10+	0.464	0.477	7.612	4.442	3.170	0	0.000	0.710	0.710	-33408.102		539.098	348	5.806	836961206926243496	836961019285657451	836961019285657450	491	
1	C26H24N2O4	[M + Na]+	C26H24N2NaO4+	0.999	1.000	58.140	56.198	1.942	22	0.743	2.831	2.831	3.861		451.165	350	5.831	836961210894055514	836961019319211887	836961019319211886	492	
1	C17H37NO2	[M + H]+	C17H38NO2+	0.999	0.500	48.280	48.280	0.000	13	0.204	0.236	0.236	-0.055		288.290	350	5.834	836961196591477285	836961019386320759	836961019386320758	494	
1	C16H29N7O2	[M - H2O + H]+	C16H28N7O+	0.800	0.167	5.662	2.532	3.130	1	0.025	-0.904	1.362	-53885.572		334.235	350	5.834	836961200064361397	836961019424069499	836961019424069498	495	
1	C18H30O3	[M + H3N + H]+	C18H34NO3+	1.000	0.333	142.228	138.367	3.861	30	0.637	2.533	2.550	-0.514		312.253	350	5.834	836961213259643182	836961019495372675	836961019491178370	497	
1	C18H28O2	[M + H3N + H]+	C18H32NO2+	1.000	0.333	196.093	192.212	3.881	41	0.607	1.680	2.253	-0.087		294.243	350	5.835	836961214111086988	836961019457623935	836961019457623934	496	
1	C20H37NO3	[M + H3N + H]+	C20H41N2O3+	0.917	0.333	109.635	109.635	0.000	18	0.340	0.144	0.194	-0.125		357.311	350	5.835	836961214287247776	836961019352766323	836961019352766322	493	
1	CHN2O3S	[M + Na]+	CHN2NaO3S+	1.000	0.832	8.925	8.925	0.000	4	0.017	-6.694	7.127	-6.763		143.959	350	5.840	836961213746182504	836961019524732807	836961019524732806	498	
1	C10H22ClN2O4	[M - H2O + H]+	C10H21ClN2O3+	0.396	0.271	70.374	70.374	0.000	19	0.315	-2.110	2.800	-71437.611		252.123	350	5.840	836961218473163563	836961019558287243	836961019558287242	499	
1	C15H34ClN2O2	[M + Na]+	C15H34ClN2NaO2+	1.000	0.998	109.248	109.248	0.000	32	0.720	0.609	2.508	-1.932		332.219	351	5.845	836961204652930425	836961019591841679	836961019591841678	500	
1	C18H31NO3	[M - H2O + H]+	C18H30NO2+	0.979	0.333	72.648	72.648	0.000	14	0.236	0.227	0.293	-61632.356		292.227	351	5.846	836961225175662249	836961019625396115	836961019625396114	501	
1	C18H28O3	[M + H3N + H]+	C18H32NO3+	1.000	0.333	132.924	129.194	3.729	16	0.424	0.198	1.567	-0.484		310.238	351	5.848	836961221174295708	836961019663144855	836961019658950550	502	
1	C20H21N3O6S	[M + H3N + H]+	C20H25N4O6S+	0.966	0.157	129.420	129.420	0.000	25	0.470	-0.051	3.015	0.074		449.149	352	5.868	836961262806962521	836961019692504987	836961019692504986	503	
1	C16H35NO3	[M - H2O + H]+	C16H34NO2+	0.581	0.333	64.651	60.914	3.737	9	0.849	5.133	5.133	-66152.488		272.258	352	5.874	836961201251349584	836961019730253727	836961019730253726	504	
1	C19H39NO2	[M - H2O + H]+	C19H38NO+	0.944	0.333	52.603	52.603	0.000	11	0.306	0.217	0.221	-60786.076		296.295	354	5.894	836961227860017272	836961019763808163	836961019763808162	505	
1	C20H41NO3	[M - H2O + H]+	C20H40NO2+	0.842	0.333	67.034	67.034	0.000	18	0.293	0.339	0.339	-55194.981		326.305	354	5.895	836961211485452461	836961019797362599	836961019797362598	506	
1	C16H30O	[M - H2O + H]+	C16H29+	0.751	0.496	8.229	8.229	0.000	2	0.013	0.356	0.356	-81412.190		221.226	354	5.895	836961214698289641	836961019826722731	836961019826722730	507	
1	C18H35NO3	[M - H2O + H]+	C18H34NO2+	0.800	0.002	54.793	54.793	0.000	13	0.213	0.168	0.192	-60793.486		296.258	355	5.909	836961205462431233	836961019898025907	836961019898025906	509	
1	C20H39NO2	[M + H3N + H]+	C20H43N2O2+	0.983	0.333	54.499	48.138	6.361	13	0.840	6.220	6.220	-0.131		343.332	355	5.914	836961205680535061	836961019969329083	836961019969329082	511	
1	C20H42N2O2	[M - H2O + H]+	C20H41N2O+	0.482	0.333	72.373	66.136	6.237	13	0.948	5.975	5.975	-55362.774		325.321	355	5.916	836961205705700896	836961019935774647	836961019931580342	510	
1	C10H17BFNO2S	[M + H3N + H]+	C10H21BFN2O2S+	0.747	0.075	70.656	70.656	0.000	25	0.506	0.545	3.632	2.382		262.144	356	5.926	836961206146102880	836961020002883519	836961020002883518	512	
1	C17H30N6O4S	[M + H]+	C17H31N6O4S+	0.719	0.333	114.944	114.944	0.000	42	0.743	0.053	1.144	-1.772		415.211	357	5.942	836961218125036252	836961020057409475	836961020057409474	513	
1	C33H42O8	[M + H3N + H]+	C33H46NO8+	0.603	0.251	41.387	41.387	0.000	6	0.369	-0.099	0.599	0.592		584.322	357	5.953	836961218431220500	836961020095158215	836961020090963910	514	
1	C17H37NO2	[M + H]+	C17H38NO2+	0.842	0.500	41.455	37.544	3.911	8	0.665	5.560	5.560	-0.194		288.290	358	5.970	836961205789586983	836961020128712651	836961020128712650	515	
1	C15H34ClN2O2	[M + Na]+	C15H34ClN2NaO2+	1.000	1.000	111.142	111.142	0.000	32	0.726	0.724	2.566	-1.901		332.219	359	5.988	836961217323924148	836961020195821523	836961020195821522	517	
1	C11H20O3	[M - H2O + H]+	C11H19O2+	0.509	0.500	43.904	43.904	0.000	5	0.132	0.016	0.156	-98343.926		183.138	360	5.993	836961209459603405	836961020229375959	836961020229375958	518	
1	C16H31N4O3	[M - H2O + H]+	C16H30N4O2+	1.000	0.011	80.764	80.764	0.000	22	0.504	0.293	0.293	-58050.238		310.238	360	6.001	836961215100942868	836961020162267087	836961020162267086	516	
1	C16H35NO4	[M - H2O + H]+	C16H34NO3+	0.987	0.333	67.784	67.784	0.000	17	0.282	0.045	0.151	-62481.874		288.253	361	6.012	836961218305391371	836961020334233571	836961020334233570	521	
1	C18H28O2	[M + H3N + H]+	C18H32NO2+	1.000	0.333	226.378	222.475	3.903	46	0.773	1.001	1.303	-0.087		294.243	361	6.012	836961207299536588	836961020300679135	836961020300679134	520	
1	C18H30O3	[M + H3N + H]+	C18H34NO3+	1.000	0.333	139.341	135.488	3.852	30	0.663	2.005	2.509	-0.514		312.253	361	6.012	836961212840212711	836961020367788007	836961020367788006	522	
1	C16H29N7O2	[M - H2O + H]+	C16H28N7O+	0.800	0.077	5.130	1.963	3.167	0	0.000	0.458	0.458	-53885.572		334.235	361	6.012	836961208117425962	836961020405536747	836961020405536746	523	
1	C20H37NO3	[M + H3N + H]+	C20H41N2O3+	0.774	0.333	47.942	44.764	3.178	8	0.344	-1.007	3.605	-0.139		357.311	361	6.013	836961256247070494	836961020262930395	836961020262930394	519	
1	C16H26O	[M + H3N + H]+	C16H30NO+	1.000	0.333	240.595	237.006	3.589	44	0.841	1.698	2.219	0.036		252.232	361	6.020	836961235275547598	836961020443285487	836961020443285486	524	
1	C16H31NO2	[M + Na]+	C16H31NNaO2+	1.000	1.000	62.281	62.281	0.000	18	0.285	0.053	0.207	4.517		292.226	361	6.023	836961224164834802	836961020476839923	836961020476839922	525	
1	C13H20O2	[M - H2O + H]+	C13H19O+	0.999	0.500	83.495	79.921	3.574	26	0.706	0.412	0.873	-94225.421		191.143	362	6.029	836961212836018388	836961020510394359	836961020510394358	526	
1	C11H26B2N2O7S	[M - H2O + H]+	C11H25B2N2O6S+	0.359	0.331	115.704	115.704	0.000	41	0.691	-3.925	3.925	-54063.440		333.167	363	6.052	836961258738487183	836961020543948795	836961020543948794	527	
1	C16H31N4O3	[M - H2O + H]+	C16H30N4O2+	1.000	0.010	74.002	74.002	0.000	20	0.469	0.161	0.161	-58050.033		310.238	363	6.055	836961208662685603	836961020711720975	836961020711720974	532	
1	C14H23NO	[M + H3N + H]+	C14H27N2O+	0.999	0.333	66.698	66.698	0.000	12	0.178	0.053	0.207	-0.083		239.212	364	6.064	836961241390843818	836961020577503231	836961020577503230	528	
1	C15H30N2O2	[M - H2O + H]+	C15H29N2O+	0.958	0.333	51.198	51.198	0.000	8	0.754	6.598	6.598	-71123.810		253.228	364	6.069	836961215189023271	836961020611057667	836961020611057666	529	
1	C16H32N2O2	[M - H2O + H]+	C16H31N2O+	0.987	0.333	35.931	35.931	0.000	5	0.746	8.859	8.859	-67393.740		267.243	364	6.070	836961218892594024	836961020644612103	836961020644612102	530	
1	C22H44N2O2	[M - H2O + H]+	C22H43N2O+	0.972	0.333	59.064	55.991	3.073	19	0.734	6.068	6.068	-51263.204		351.337	364	6.071	836961215323241032	836961020745275411	836961020745275410	533	
1	C18H36N2O2	[M - H2O + H]+	C18H35N2O+	0.992	0.333	22.499	22.499	0.000	3	0.711	4.388	4.928	-60996.028		295.274	364	6.072	836961205189801426	836961020678166539	836961020678166538	531	
1	C17H34N2O2	[M - H2O + H]+	C17H33N2O+	0.964	0.333	25.319	25.319	0.000	5	0.644	4.034	4.915	-64035.687		281.259	364	6.075	836961213880400251	836961020783024151	836961020778829846	534	
1	C22H44N2O2	[M + H]+	C22H45N2O2+	0.931	0.333	49.646	45.787	3.859	14	0.729	4.961	4.961	0.122		369.348	365	6.076	836961206687168152	836961020816578587	836961020816578586	535	
1	C11H20BNO3S	[M - H2O + H]+	C11H19BNO2S+	0.340	0.333	34.980	34.980	0.000	10	0.173	0.135	0.308	-75321.364		239.125	367	6.122	836961220931025979	836961020850133023	836961020850133022	536	
1	C17H37NO2	[M + H]+	C17H38NO2+	0.875	0.500	47.273	43.360	3.912	10	0.548	3.072	6.184	-0.194		288.290	368	6.133	836961215193217594	836961020887881763	836961020887881762	537	
1	C13H20O2	[M - H2O + H]+	C13H19O+	0.939	0.500	51.291	51.291	0.000	8	0.105	0.048	0.127	-94225.450		191.143	368	6.141	836961208637519765	836961020921436199	836961020921436198	538	
1	C16H26O	[M + H3N + H]+	C16H30NO+	1.000	0.333	163.374	159.916	3.457	28	0.598	1.740	1.740	-0.044		252.232	369	6.156	836961244515600653	836961020988545071	836961020988545070	540	
1	C12H20O2	[M - H2O + H]+	C12H19O+	0.972	0.500	84.471	84.471	0.000	12	0.167	0.834	0.834	-100537.625		179.143	369	6.157	836961260256825410	836961021026293811	836961021026293810	541	
1	C26H34O6	[M + H3N + H]+	C26H38NO6+	0.817	0.333	65.677	57.504	8.173	18	0.843	3.261	3.261	0.077		460.269	370	6.161	836961219165223797	836961021139540031	836961021139540030	544	
1	C24H30O6	[M + H]+	C24H31O6+	0.967	0.478	49.773	43.468	6.305	7	0.977	1.536	1.536	0.036		415.212	370	6.161	836961219215555466	836961021101791291	836961021101791290	543	
1	C25H22N6O4	[M - H2O + H]+	C25H21N6O3+	0.384	0.170	7.033	4.383	2.650	3	0.044	-0.782	1.292	-39742.407		453.168	370	6.161	836961219962141625	836961021177288771	836961021177288770	545	
1	C22H26N6O5	[M - H2O + H]+	C22H25N6O4+	0.996	0.230	11.454	5.509	5.945	3	0.053	0.609	0.609	-41195.085		437.194	370	6.162	836961213100259576	836961021215037511	836961021215037510	546	
1	C25H32O6	[M + H3N + H]+	C25H36NO6+	0.519	0.333	87.601	83.899	3.703	14	0.657	0.559	1.411	0.170		446.254	370	6.162	836961222554221888	836961021064042551	836961021064042550	542	
1	C24H30O6	[M + H3N + H]+	C24H34NO6+	1.000	0.330	60.162	56.339	3.823	12	0.470	1.157	1.589	0.407		432.238	370	6.162	836961226169712496	836961021252786251	836961021252786250	547	
1	C13H23ClN2O	[M + Na]+	C13H23ClN2NaO+	1.000	1.000	100.795	100.795	0.000	25	0.611	0.235	2.648	-2.852		281.138	370	6.163	836961244167473388	836961021286340687	836961021282146382	548	
1	C14H20O4	[M - H2O + H]+	C14H19O3+	0.539	0.498	52.032	52.032	0.000	10	0.147	-0.049	0.119	-76597.396		235.133	372	6.201	836961216145324678	836961021315700819	836961021315700818	549	
1	C16H31NO2	[M + Na]+	C16H31NNaO2+	1.000	1.000	63.114	63.114	0.000	19	0.290	0.149	0.266	2.464		292.225	372	6.208	836961204720039306	836961020954990635	836961020950796330	539	
1	C16H31N4O2	[M + H]+	C16H32N4O2+	0.521	0.255	88.272	88.272	0.000	22	0.535	0.131	0.241	3.754		312.253	374	6.228	836961247925570214	836961021349255255	836961021349255254	550	
1	C12H26N3OP	[M + H3N + H]+	C12H30N4OP+	0.566	0.002	42.171	42.171	0.000	14	0.336	0.121	0.640	3.879		277.216	374	6.229	836961208503302012	836961021487667303	836961021487667302	554	
1	C18H28O2	[M + H3N + H]+	C18H32NO2+	1.000	0.333	222.852	218.931	3.922	47	0.785	0.102	1.073	-0.087		294.243	374	6.230	836961251994045654	836961021420558431	836961021420558430	552	
1	C16H29N7O2	[M - H2O + H]+	C16H28N7O+	0.800	0.136	10.538	7.365	3.173	1	0.028	-0.772	1.319	-53885.541		334.235	374	6.230	836961231584559686	836961021454112867	836961021454112866	553	
1	C20H37NO3	[M + H3N + H]+	C20H41N2O3+	0.999	0.333	118.730	118.730	0.000	19	0.394	0.080	0.215	-0.181		357.311	374	6.233	836961209606404055	836961021382809691	836961021382809690	551	
1	C16H26O	[M + H3N + H]+	C16H30NO+	1.000	0.333	246.343	242.491	3.853	45	0.854	1.932	2.208	0.036		252.232	375	6.248	836961260332322897	836961021525416043	836961021525416042	555	
1	C18H26O2	[M + H3N + H]+	C18H30NO2+	0.999	0.333	104.788	102.826	1.962	15	0.338	-0.082	2.500	-6.282		292.225	375	6.250	836961230179467606	836961021558970479	836961021558970478	556	
1	C15H34ClN2O2	[M + Na]+	C15H34ClN2NaO2+	1.000	0.999	96.008	96.008	0.000	27	0.643	1.307	2.744	-1.811		332.220	375	6.254	836961221115575400	836961021764491399	836961021764491398	562	
1	C18H32O2	[M + H3N + H]+	C18H36NO2+	1.000	0.333	158.105	154.249	3.856	29	0.707	1.336	1.715	-0.288		298.274	375	6.257	836961218519300928	836961021592524915	836961021592524914	557	
1	C18H37NO3	[M + H]+	C18H38NO3+	0.583	0.333	110.253	110.253	0.000	22	0.367	0.100	0.252	-0.286		316.285	376	6.259	836961207509251823	836961021626079351	836961021626079350	558	
1	C13H20O2	[M - H2O + H]+	C13H19O+	0.984	0.500	27.839	27.839	0.000	3	0.107	0.037	0.043	-94225.421		191.143	376	6.273	836961215377766997	836961021697382527	836961021697382526	560	
1	C20H18O7	[M - H2O + H]+	C20H17O6+	0.896	0.500	77.917	74.471	3.447	15	0.707	0.093	0.624	-51006.919		353.102	376	6.274	836961230376599923	836961021663828091	836961021663828090	559	
1	C18H28O3	[M + H3N + H]+	C18H32NO3+	1.000	0.333	124.222	120.374	3.847	15	0.399	1.220	2.024	-0.517		310.238	378	6.305	836961227490918497	836961021730936963	836961021730936962	561	
1	C11H18O2	[M - H2O + H]+	C11H17O+	1.000	0.500	108.253	108.253	0.000	22	0.736	3.086	3.086	-109070.402		165.127	379	6.312	836961221161712761	836961021798045835	836961021798045834	563	
1	C16H26O2	[M + H3N + H]+	C16H30NO2+	1.000	0.333	139.869	136.059	3.809	26	0.660	1.211	1.211	0.016		268.227	380	6.337	836961235766281238	836961021869349011	836961021869349010	565	
1	C16H29NO2	[M + Na]+	C16H29NNaO2+	0.398	0.348	5.867	1.999	3.868	0	0.000	-0.017	0.017	-0.137		290.209	380	6.337	836961210524956712	836961021835794575	836961021835794574	564	
1	C15H35N3O6	[M - H2O + H]+	C15H34N3O5+	0.598	0.005	3.676	1.579	2.097	0	0.000	4.447	4.447	-53558.547		336.251	381	6.358	836961256184155899	836961021907097751	836961021902903446	566	
1	C18H30O2	[M + H3N + H]+	C18H34NO2+	1.000	0.333	221.669	217.898	3.772	25	0.557	2.164	2.164	-0.121		296.258	382	6.363	836961214811535868	836961021974206623	836961021974206622	568	
1	C18H35NO3	[M + H]+	C18H36NO3+	0.912	0.333	81.848	81.848	0.000	19	0.285	0.100	0.222	-0.463		314.269	382	6.364	836961224299052558	836961021936457883	836961021936457882	567	
1	C17H30N6O4S	[M + Na]+	C17H30N6NaO4S+	0.845	0.930	96.104	96.104	0.000	45	0.775	-0.032	0.838	-1.350		437.194	382	6.370	836961245639674253	836961022007761059	836961022007761058	569	
1	C17H30N6O4S	[M + H]+	C17H31N6O4S+	0.731	0.333	105.661	105.661	0.000	40	0.727	0.110	0.735	-1.688		415.212	382	6.372	836961253634018777	836961022037121191	836961022037121190	570	
1	C26H34O6	[M + H3N + H]+	C26H38NO6+	0.936	0.330	40.024	36.207	3.817	6	0.424	0.164	1.203	0.143		460.269	382	6.373	836961227407032391	836961022074869931	836961022074869930	571	
1	C21H44N2O5	[M - H2O + H]+	C21H43N2O4+	0.819	0.333	94.559	94.559	0.000	23	0.491	0.018	0.198	-46500.064		387.322	382	6.375	836961209384105916	836961022108424367	836961022108424366	572	
1	C7H17BN4O6S	[M + H3N + H]+	C7H21BN5O6S+	0.772	0.034	102.602	102.602	0.000	31	0.591	-3.665	3.867	-1.079		313.133	383	6.391	836961225045638790	836961022171338935	836961022171338934	574	
1	C17H26O4	[M + H]+	C17H27O4+	0.749	0.500	229.573	225.675	3.898	26	0.680	-0.519	1.186	-0.053		295.190	383	6.392	836961225498623701	836961022209087675	836961022209087674	575	
1	C18H32O2	[M + H3N + H]+	C18H36NO2+	1.000	0.333	195.276	191.393	3.883	21	0.553	2.323	2.323	-0.187		298.274	384	6.403	836961220066999267	836961022242642111	836961022242642110	576	
1	C18H34O3	[M + H3N + H]+	C18H38NO3+	1.000	0.333	172.097	168.296	3.801	30	0.725	0.016	1.908	-0.286		316.285	384	6.403	836961225959997234	836961022276196547	836961022276196546	577	
1	C18H26O2	[M + H3N + H]+	C18H30NO2+	1.000	0.333	197.639	193.711	3.927	32	0.553	0.124	2.035	-0.225		292.227	385	6.418	836961224601042518	836961022381054159	836961022381054158	580	
1	C20H35NO3	[M + H3N + H]+	C20H39N2O3+	1.000	0.333	99.824	95.978	3.847	18	0.546	-0.196	1.995	-0.055		355.296	385	6.418	836961236244431958	836961022313945287	836961022313945286	578	
1	C16H31N4O3	[M - H2O + H]+	C16H30N4O2+	0.999	0.000	75.923	75.923	0.000	20	0.500	0.379	0.379	-58050.101		310.238	385	6.418	836961231299346996	836961022347499723	836961022347499722	579	
1	C16H27N7O2	[M - H2O + H]+	C16H26N7O+	1.000	0.162	11.205	7.984	3.221	1	0.068	0.355	0.365	-54212.318		332.220	385	6.418	836961223942536654	836961022414608595	836961022414608594	581	
1	C17H39BN2O7	[M + K]+	C17H39BKN2O7+	0.954	0.951	100.093	100.093	0.000	38	0.744	0.429	1.504	-1.218		432.251	385	6.421	836961248185617132	836961022448163031	836961022448163030	582	
1	C21H32O4	[M + K]+	C21H32KO4+	0.973	0.899	56.351	56.351	0.000	14	0.823	-0.835	1.416	0.032		387.193	385	6.422	836961230712144279	836961022485911771	836961022485911770	583	
1	C14H22O2	[M - H2O + H]+	C14H21O+	0.986	0.500	39.667	39.667	0.000	5	0.100	0.206	0.246	-87787.908		205.159	386	6.435	836961207769298717	836961022141978803	836961022141978802	573	
1	C9H12O4	[M - H2O + H]+	C9H11O3+	0.667	0.500	72.077	72.077	0.000	9	0.517	1.037	1.037	-107802.070		167.070	387	6.442	836961229948780817	836961022523660511	836961022519466206	584	
1	C14H22O2	[M - H2O + H]+	C14H21O+	0.988	0.500	25.769	25.769	0.000	3	0.079	0.086	0.092	-87787.987		205.159	387	6.447	836961245937469878	836961022553020643	836961022553020642	585	
1	C40H49N8O13	[M + H3N + H]+	C40H53N9O13+	0.995	0.000	30.366	30.366	0.000	16	0.435	0.432	0.457	-4.455		867.372	388	6.472	836961510426092964	836961023291218227	836961023291218226	605	
1	C15H20O7	[M - H2O + H]+	C15H19O6+	0.944	0.500	88.929	85.340	3.588	12	0.604	3.173	3.173	-61028.231		295.118	388	6.474	836961223279836560	836961022657878255	836961022657878254	588	
1	C6H6ClF	[M + Na]+	C6H6ClFNa+	1.000	0.736	5.343	5.343	0.000	3	0.040	1.251	4.482	-3.850		155.003	388	6.475	836961214773787120	836961022800484607	836961022800484606	592	
1	C25H32O6	[M + H3N + H]+	C25H36NO6+	0.437	0.333	81.054	74.682	6.372	25	0.878	3.087	3.087	0.013		446.254	388	6.475	836961217663662790	836961022729181431	836961022729181430	590	
1	C24H30O6	[M - H2O + H]+	C24H29O5+	0.997	0.488	52.504	48.972	3.532	16	0.910	2.471	2.471	-45343.606		397.201	388	6.475	836961226610114493	836961022695626995	836961022695626994	589	
1	C26H32O6	[M + H3N + H]+	C26H36NO6+	0.576	0.333	54.458	51.000	3.459	17	0.732	2.874	2.874	0.929		458.254	388	6.475	836961325734109337	836961022766930171	836961022766930170	591	
1	C26H34O7	[M + H3N + H]+	C26H38NO7+	0.815	0.328	40.421	36.935	3.486	5	0.321	1.223	1.223	-0.208		476.264	389	6.475	836961237024572626	836961023144417571	836961023144417570	601	
1	C24H30O6	[M + H]+	C24H31O6+	0.967	0.470	46.469	39.362	7.106	6	0.969	2.404	2.404	0.855		415.212	389	6.475	836961210533345342	836961022997616915	836961022997616914	597	
1	C9H12O2	[M - H2O + H]+	C9H11O+	0.999	0.500	72.072	68.726	3.346	13	0.909	6.116	6.116	-133331.819		135.080	389	6.475	836961211296708757	836961023182166311	836961023182166310	602	
1	C47H61N5O8	[M + Na]+	C47H61N5NaO8+	0.411	0.419	51.418	42.671	8.747	18	0.939	2.943	2.943	1.814		846.443	389	6.475	836961221165907081	836961023219915051	836961023219915050	603	
1	C28H36O7	[M + H3N + H]+	C28H40NO7+	0.391	0.081	45.501	41.629	3.871	8	0.706	2.311	2.311	0.042		502.280	389	6.475	836961222621330782	836961023110863135	836961023110863134	600	
1	C15H22O6	[M - H2O + H]+	C15H21O5+	0.939	0.496	127.864	121.851	6.013	27	0.898	6.232	6.232	-64062.920		281.138	389	6.475	836961231110603227	836961022917925131	836961022913730826	595	
1	C48H60O12	[M + Na]+	C48H60NaO12+	1.000	0.979	21.968	12.397	9.571	2	0.928	0.437	0.437	0.413		851.398	389	6.475	836961232918348467	836961023328966967	836961023328966966	606	
1	C21H30N2O8S	[M - H2O + H]+	C21H29N2O7S+	0.772	0.024	7.567	0.100	7.467	0	0.000	-3.214	3.214	-39746.711		453.168	389	6.475	836961235363628001	836961023035365655	836961023035365654	598	
1	C22H26N6O5	[M - H2O + H]+	C22H25N6O4+	0.995	0.089	11.432	3.738	7.695	2	0.061	-0.125	0.427	-41195.943		437.193	389	6.475	836961238765209041	836961022955673871	836961022955673870	596	
1	C26H34O6	[M + H3N + H]+	C26H38NO6+	0.805	0.333	80.027	71.593	8.434	23	0.904	3.682	3.682	-0.053		460.269	389	6.475	836961240161912540	836961023073114395	836961023073114394	599	
1	C22H24N2O6Si3	[M + H3N + H]+	C22H28N3O6Si3+	0.561	0.163	64.577	64.577	0.000	27	0.532	2.474	2.474	1.319		514.129	389	6.475	836961246147185097	836961022875982087	836961022875982086	594	
1	C26H34O6	[M + H3N + H]+	C26H38NO6+	1.000	0.330	53.484	53.484	0.000	10	0.272	0.326	0.326	-0.064		460.269	389	6.475	836961223128841591	836961023639345499	836961023639345498	615	
1	C27H31NO6	[M + H3N + H]+	C27H35N2O6+	0.419	0.238	32.471	28.706	3.765	7	0.605	1.190	1.190	0.179		483.249	389	6.475	836961218582215501	836961023362521403	836961023362521402	607	
1	C24H30O6	[M + H3N + H]+	C24H34NO6+	1.000	0.333	63.007	54.746	8.260	15	0.704	4.018	4.018	0.731		432.238	389	6.475	836961222336118054	836961023257663791	836961023257663790	604	
1	C25H32O7	[M + H3N + H]+	C25H36NO7+	0.370	0.331	51.835	48.149	3.686	12	0.501	2.072	2.072	-0.517		462.248	389	6.476	836961237569832231	836961022838233347	836961022838233346	593	
1	C22H36N4O5	[M + Na]+	C22H36N4NaO5+	0.847	0.998	37.454	37.454	0.000	13	0.685	0.150	0.826	-0.481		459.258	389	6.478	836961221648252085	836961022620129515	836961022620129514	587	
1	CHN2O3S	[M + Na]+	CHN2NaO3S+	1.000	0.985	11.593	11.593	0.000	5	0.013	-6.468	7.130	-6.763		143.959	389	6.481	836961220134108142	836961022586575079	836961022586575078	586	
1	C24H30O6	[M + H3N + H]+	C24H34NO6+	0.993	0.317	23.389	23.389	0.000	13	0.095	0.317	0.326	0.661		432.238	389	6.483	836961246998628908	836961023605791063	836961023601596758	614	
1	C16H26O2	[M + H3N + H]+	C16H30NO2+	1.000	0.333	231.102	227.238	3.864	40	0.597	0.682	1.304	0.054		268.227	389	6.487	836961222218677525	836961023400270143	836961023400270142	608	
1	C10H23ClNO	[M + Na]+	C10H23ClNNaO+	1.000	1.000	55.195	55.195	0.000	17	0.389	3.162	3.162	-2.132		231.136	389	6.491	836961221803441356	836961023429630275	836961023429630274	609	
1	C18H39NO2	[M + H]+	C18H40NO2+	0.884	0.500	44.133	40.217	3.917	10	0.640	5.607	5.607	-0.251		302.305	392	6.528	836961215189023282	836961023538682191	836961023534487886	612	
1	C18H28O2	[M + H3N + H]+	C18H32NO2+	1.000	0.333	236.560	232.664	3.896	41	0.715	0.687	1.531	-0.087		294.243	392	6.530	836961219572071330	836961023467379015	836961023467379014	610	
1	C21H30N2O8S	[M - H2O + H]+	C21H29N2O7S+	0.767	0.088	34.716	34.716	0.000	17	0.094	-1.463	1.713	-39746.964		453.168	392	6.531	836961247640357511	836961023811311983	836961023811311982	620	
1	C16H29N7O2	[M - H2O + H]+	C16H28N7O+	0.800	0.189	11.184	7.951	3.233	3	0.054	-0.174	1.028	-53885.541		334.235	392	6.531	836961225788030728	836961023500933451	836961023500933450	611	
1	C14H38N7O	[M - H2O + H]+	C14H37N7+	0.337	0.333	-5.194	-5.194	0.000	0	0.000	-6.068	6.068	-59386.370		303.309	392	6.532	836961224261303820	836961023572236627	836961023568042322	613	
1	C8H18N2	[M + H3N + H]+	C8H22N3+	1.000	0.500	29.117	29.117	0.000	5	0.104	1.266	1.266	0.162		160.181	393	6.546	836961214018812297	836961023706454371	836961023706454370	617	
1	C12H20N3O4	[M - H2O + H]+	C12H19N3O3+	0.837	0.329	43.060	43.060	0.000	15	0.284	0.048	0.189	-71152.499		253.141	393	6.549	836961224554905150	836961023672899935	836961023672899934	616	
1	C18H28O3	[M + H3N + H]+	C18H32NO3+	1.000	0.333	190.570	186.685	3.885	41	0.671	0.651	1.357	-0.517		310.238	394	6.558	836961230380794244	836961023777757547	836961023777757546	619	
1	C16H27N7O2	[M - H2O + H]+	C16H26N7O+	0.999	0.161	6.438	3.234	3.205	1	0.015	2.211	2.211	-54212.508		332.219	394	6.561	836961224089337313	836961023744203111	836961023744203110	618	
1	C19H45FN5O2	[M + Na]+	C19H45FN5NaO2+	0.446	0.464	32.819	32.819	0.000	21	0.398	0.451	0.686	-0.203		417.345	396	6.593	836961229382549719	836961023849060723	836961023844866418	621	
1	C22H26N6O5	[M - H2O + H]+	C22H25N6O4+	0.998	0.306	11.110	7.503	3.607	4	0.086	0.621	1.335	-41195.228		437.193	396	6.593	836961231945269893	836961023882615159	836961023882615158	622	
1	C24H30O6	[M + H]+	C24H31O6+	0.965	0.482	46.101	39.577	6.525	6	0.964	1.152	1.152	-0.109		415.211	396	6.594	836961224353578527	836961023945529723	836961023945529722	623	
1	C18H35NO3	[M + Na]+	C18H35NNaO3+	0.766	0.002	77.890	77.890	0.000	21	0.313	-0.146	0.292	-0.579		336.251	396	6.608	836961252564471131	836961023979084159	836961023979084158	624	
1	C14H22O2	[M - H2O + H]+	C14H21O+	0.982	0.500	95.503	95.503	0.000	16	0.301	0.053	1.162	-87788.253		205.159	397	6.612	836961224735260274	836961024012638595	836961024012638594	625	
1	C16H27N4O2	[M - H2O + H]+	C16H26N4O+	0.361	0.285	47.590	47.590	0.000	14	0.368	0.207	0.236	-62064.559		290.209	398	6.637	836961225905471261	836961024079747467	836961024079747466	627	
1	C14H22O2	[M - H2O + H]+	C14H21O+	0.987	0.500	26.353	26.353	0.000	3	0.091	-0.145	0.149	-87788.226		205.159	398	6.638	836961245056665934	836961024251713951	836961024251713950	632	
1	C16H26O2	[M + H3N + H]+	C16H30NO2+	1.000	0.333	201.687	197.953	3.734	32	0.751	1.491	1.491	-0.021		268.227	398	6.639	836961227331534904	836961024117496207	836961024117496206	628	
1	C10H21BFNO3S	[M + H3N + H]+	C10H25BFN2O3S+	0.991	0.500	92.078	92.078	0.000	27	0.570	1.426	3.734	2.161		282.170	400	6.661	836961228061343890	836961024151050643	836961024151050642	629	
1	C16H35NO4	[M - H2O + H]+	C16H34NO3+	0.527	0.333	69.052	65.254	3.798	10	0.663	6.150	6.150	-62481.911		288.253	400	6.665	836961225137913498	836961024184605079	836961024184605078	630	
1	C15H21ClNO4	[M + Na]+	C15H21ClNNaO4+	0.996	1.000	107.507	107.507	0.000	31	0.705	2.729	2.729	-1.977		337.104	401	6.680	836961236806468777	836961024218159515	836961024218159514	631	
1	C18H28O	[M + H3N + H]+	C18H32NO+	0.975	0.016	42.959	42.959	0.000	8	0.122	0.161	0.161	0.158		278.248	403	6.714	836961226756915170	836961024046193031	836961024046193030	626	
1	C18H28O	[M + H3N + H]+	C18H32NO+	1.000	0.333	196.623	192.724	3.899	39	0.788	0.193	0.876	0.176		278.248	403	6.723	836961227935514750	836961024285268387	836961024285268386	633	
1	C15H33N3O5	[M - H2O + H]+	C15H32N3O4+	0.600	0.068	4.033	1.538	2.494	0	0.000	4.814	4.814	-56589.505		318.240	403	6.724	836961230028472624	836961024323017127	836961024323017126	634	
1	C18H28O3	[M + H3N + H]+	C18H32NO3+	1.000	0.333	173.366	169.475	3.891	37	0.734	0.383	1.462	-0.613		310.237	404	6.729	836961234667373381	836961024356571563	836961024356571562	635	
1	C16H27N7O2	[M - H2O + H]+	C16H26N7O+	0.998	0.122	5.144	1.956	3.187	0	0.000	0.536	0.536	-54212.508		332.219	404	6.730	836961226522034074	836961024394320303	836961024394320302	636	
1	C20H35NO3	[M + H3N + H]+	C20H39N2O3+	0.907	0.333	117.404	117.404	0.000	20	0.389	0.110	0.234	0.142		355.296	404	6.731	836961239121724972	836961024423680435	836961024423680434	637	
1	C18H31NO3	[M - H2O + H]+	C18H30NO2+	0.962	0.333	73.076	73.076	0.000	14	0.234	0.121	0.237	-61634.427		292.226	405	6.758	836961249540377589	836961024671144399	836961024671144398	644	
1	C19H41NO2	[M + H]+	C19H42NO2+	0.988	0.500	47.614	47.614	0.000	13	0.216	0.115	0.252	-0.367		316.321	406	6.766	836961231983018646	836961024566286787	836961024566286786	641	
1	C26H34O6	[M + H3N + H]+	C26H38NO6+	0.956	0.333	76.199	69.453	6.746	14	0.751	0.306	1.220	0.164		460.269	406	6.768	836961223799930291	836961024528538047	836961024528538046	640	
1	C22H26N6O5	[M - H2O + H]+	C22H25N6O4+	0.995	0.220	11.087	7.587	3.500	3	0.096	0.374	1.358	-41195.062		437.194	406	6.768	836961249771064380	836961024599841223	836961024599841222	642	
1	C24H30O6	[M + H]+	C24H31O6+	0.965	0.481	52.803	48.896	3.907	8	0.887	1.702	1.702	-0.061		415.211	406	6.769	836961226576560041	836961024637589963	836961024637589962	643	
1	C22H36ClN3O2	[M + Na]+	C22H36ClN3NaO2+	0.943	1.000	116.121	116.121	0.000	35	0.717	0.355	1.776	-1.494		432.238	406	6.769	836961273825400124	836961024461429175	836961024461429174	638	
1	C21H30N2O8S	[M - H2O + H]+	C21H29N2O7S+	0.858	0.333	121.548	121.548	0.000	34	0.612	-0.325	1.415	-39747.159		453.167	406	6.770	836961281178015456	836961024490789307	836961024490789306	639	
1	C18H28O	[M + H3N + H]+	C18H32NO+	1.000	0.333	159.978	156.377	3.601	29	0.655	1.105	2.211	0.212		278.248	407	6.789	836961231626502749	836961024809556447	836961024805362142	648	
1	C15H35N3O6	[M - H2O + H]+	C15H34N3O5+	0.525	0.063	89.447	89.447	0.000	23	0.471	0.304	0.304	-53558.547		336.251	408	6.795	836961225666395885	836961024704698835	836961024704698834	645	
1	C13H27FO3	[M - H2O + H]+	C13H26FO2+	0.696	0.460	35.738	35.738	0.000	7	0.149	-0.012	0.160	-77240.422		233.190	408	6.795	836961228149424299	836961024738253271	836961024738253270	646	
1	C18H32O3	[M + H3N + H]+	C18H36NO3+	1.000	0.333	224.103	220.283	3.820	27	0.527	3.121	4.173	-0.447		314.269	408	6.804	836961236714194059	836961024771807707	836961024771807706	647	
1	C18H35NO3	[M - H2O + H]+	C18H34NO2+	0.800	0.003	75.095	75.095	0.000	16	0.285	0.137	0.148	-60793.540		296.258	409	6.811	836961225309880009	836961024838916579	836961024838916578	649	
1	C15H35N3O5	[M - H2O + H]+	C15H34N3O4+	0.994	0.333	86.446	86.446	0.000	23	0.477	0.322	0.353	-56233.321		320.256	409	6.814	836961239063004680	836961024872471015	836961024872471014	650	
1	C18H30O	[M + H3N + H]+	C18H34NO+	1.000	0.333	179.220	175.306	3.914	34	0.686	1.729	2.065	-0.040		280.263	409	6.818	836961231043494350	836961024910219755	836961024910219754	651	
1	C16H28O2	[M + H3N + H]+	C16H32NO2+	1.000	0.333	222.536	218.672	3.863	35	0.801	0.759	1.710	0.016		270.243	412	6.867	836961248466635569	836961024943774191	836961024943774190	652	
1	C14H22N6	[M + H3N + H]+	C14H26N7+	0.296	0.291	7.444	4.343	3.101	1	0.017	1.295	1.295	0.889		292.225	412	6.868	836961226010328899	836961025010883063	836961025010883062	654	
1	C18H30O2	[M + H3N + H]+	C18H34NO2+	1.000	0.333	159.499	155.671	3.828	19	0.516	2.790	2.790	-0.154		296.258	412	6.871	836961229822951681	836961025149295111	836961025149295110	658	
1	C16H31NO2	[M + H]+	C16H32NO2+	0.690	0.333	58.934	58.934	0.000	13	0.247	0.073	0.115	-0.021		270.243	412	6.871	836961226161323884	836961025279318551	836961025279318550	662	
1	C16H31NO2	[M - H2O + H]+	C16H30NO+	0.749	0.324	47.490	47.490	0.000	10	0.181	0.063	0.121	-71404.728		252.232	412	6.872	836961224538127927	836961024977328627	836961024977328626	653	
1	C18H28O2	[M + H3N + H]+	C18H32NO2+	1.000	0.333	151.524	147.755	3.770	24	0.561	1.337	2.841	-0.087		294.243	413	6.883	836961236173128770	836961025077991935	836961025077991934	656	
1	C22H33ClN2O2	[M + Na]+	C22H33ClN2NaO2+	1.000	1.000	114.674	114.674	0.000	35	0.693	0.402	0.813	-1.895		415.211	413	6.883	836961250840611969	836961025182849547	836961025182849546	659	
1	C8H14BClN2O4S	[M + H3N + H]+	C8H18BClN3O4S+	0.985	0.319	99.879	99.879	0.000	30	0.522	-2.356	2.997	-2.098		297.082	413	6.884	836961247829101205	836961025111546371	836961025111546370	657	
1	C15H34ClN2O	[M + Na]+	C15H34ClN2NaO+	0.506	0.813	69.849	69.849	0.000	21	0.519	1.354	2.814	-1.762		316.225	413	6.885	836961230775058855	836961025044437499	836961025044437498	655	
1	C19H41NO2	[M + H]+	C19H42NO2+	1.000	0.500	43.491	43.491	0.000	12	0.215	0.137	0.157	-0.351		316.321	415	6.909	836961233304224480	836961025212209679	836961025212209678	660	
1	C18H26O2	[M + H3N + H]+	C18H30NO2+	0.998	0.333	90.874	89.131	1.743	14	0.278	3.420	4.258	-7.445		292.225	415	6.911	836961236110214184	836961025317067291	836961025317067290	663	
1	C18H31NO3	[M + H]+	C18H32NO3+	0.717	0.333	107.841	107.841	0.000	22	0.339	0.110	0.241	-0.565		310.237	416	6.937	836961230959608247	836961025245764115	836961025245764114	661	
1	C21H42NO7P	[M + H]+	C21H43NO7P+	1.000	1.000	86.010	79.515	6.495	27	0.873	3.321	3.321	0.186	LPE(16:1)	452.277	417	6.950	836961230326268272	836961025354816031	836961025354816030	664	
1	C9H8O3	[M - H2O + H]+	C9H7O2+	0.989	0.500	21.963	21.963	0.000	3	0.015	1.458	1.458	-122484.185		147.044	417	6.954	836961227016962036	836961025388370467	836961025388370466	665	
1	C13H18O4	[M - H2O + H]+	C13H17O3+	0.675	0.500	68.117	64.637	3.480	7	0.756	0.619	0.819	-81452.520		221.117	417	6.954	836961247048960576	836961025421924903	836961025421924902	666	
1	C18H30O2	[M + H3N + H]+	C18H34NO2+	1.000	0.333	220.997	217.384	3.613	27	0.590	0.867	2.294	-0.154		296.258	419	6.976	836961230099775812	836961025493228079	836961025493228078	668	
1	C20H39NO2	[M + H3N + H]+	C20H43N2O2+	1.000	0.333	58.447	54.680	3.767	12	0.667	3.792	3.792	-0.219		343.332	419	6.986	836961236781302943	836961025535171123	836961025535171122	669	
1	C18H30O	[M + H]+	C18H31O+	1.000	0.500	167.623	163.766	3.856	38	0.841	2.256	2.256	0.182		263.237	419	6.987	836961226668834768	836961025568725559	836961025568725558	670	
1	C18H30O	[M + H3N + H]+	C18H34NO+	1.000	0.333	266.008	260.080	5.927	55	0.915	0.686	0.917	0.067		280.264	419	6.987	836961248009456335	836961025606474299	836961025606474298	671	
1	C12H22O2	[M - H2O + H]+	C12H21O+	0.990	0.500	182.106	178.526	3.580	24	0.603	4.881	4.881	-99418.667		181.159	419	6.987	836961243907426531	836961025644223039	836961025644223038	672	
1	C15H35N3O5	[M - H2O + H]+	C15H34N3O4+	0.600	0.047	5.927	1.540	4.387	0	0.000	4.799	4.799	-56233.305		320.256	419	6.987	836961247984290494	836961025677777475	836961025677777474	673	
1	C12H28BNO3	[M + H]+	C12H29BNO3+	0.998	0.500	36.475	36.475	0.000	15	0.287	0.215	0.283	-3.231		245.226	419	6.988	836961233174201044	836961025711331911	836961025711331910	674	
1	C18H31N3O4	[M - H2O + H]+	C18H30N3O3+	0.513	0.094	2.617	2.617	0.000	1	0.049	3.634	3.634	-53561.414		336.230	419	6.989	836961231135769103	836961025744886347	836961025744886346	675	
1	C16H29N7O2	[M - H2O + H]+	C16H28N7O+	0.800	0.125	5.139	1.978	3.161	0	0.000	0.275	0.275	-53885.667		334.235	420	7.001	836961252468002115	836961025459673643	836961025459673642	667	
1	C12H22ClN3O2	[M + H3N + H]+	C12H26ClN4O2+	0.319	0.332	81.503	81.503	0.000	22	0.423	0.053	0.640	2.626		293.175	421	7.019	836961239268525654	836961025778440783	836961025778440782	676	
1	C16H29N7O2	[M - H2O + H]+	C16H28N7O+	0.800	0.140	5.602	2.378	3.224	1	0.018	-1.441	1.806	-53885.635		334.235	421	7.023	836961235070026644	836961025816189523	836961025816189522	677	
1	C12H28B2N2O4S	[M + H3N + H]+	C12H32B2N3O4S+	0.999	0.500	88.443	88.443	0.000	23	0.465	-3.400	3.400	-4.736		334.235	423	7.048	836961242363922490	836961026021710443	836961026017516138	683	
1	C13H18O2	[M - H2O + H]+	C13H17O+	0.960	0.500	69.085	65.502	3.583	10	0.478	-0.220	0.309	-95229.988		189.127	423	7.053	836961228258476217	836961025849743959	836961025849743958	678	
1	C18H28O2	[M + H3N + H]+	C18H32NO2+	1.000	0.333	184.205	180.295	3.911	35	0.635	0.580	1.999	-0.019		294.243	424	7.065	836961255215271560	836961025883298395	836961025883298394	679	
1	C15H31N3O5	[M - H2O + H]+	C15H30N3O4+	0.970	0.333	94.730	94.730	0.000	24	0.506	0.236	0.311	-56950.095		316.225	424	7.072	836961239356606068	836961025916852831	836961025916852830	680	
1	C18H35NO	[M + H3N + H]+	C18H39N2O+	0.757	0.333	63.811	63.811	0.000	11	0.239	0.125	0.173	-0.252		299.306	424	7.073	836961233551688423	836961025950407267	836961025950407266	681	
1	C12H22O	[M + H3N + H]+	C12H26NO+	0.884	0.333	68.909	65.373	3.536	11	0.355	6.726	6.726	0.645		200.201	426	7.100	836961231148352032	836961025988156007	836961025988156006	682	
1	C18H30O	[M + H3N + H]+	C18H34NO+	1.000	0.333	273.057	266.892	6.165	57	0.930	0.562	1.026	0.139		280.264	428	7.132	836961229307052236	836961026126568055	836961026126568054	686	
1	C15H35N3O5	[M - H2O + H]+	C15H34N3O4+	0.600	0.050	3.707	1.540	2.167	0	0.000	4.799	4.799	-56233.272		320.256	428	7.132	836961231135769085	836961026160122491	836961026160122490	687	
1	C20H39NO2	[M + H3N + H]+	C20H43N2O2+	0.772	0.333	78.432	78.432	0.000	13	0.363	0.290	0.311	-0.189		343.332	428	7.140	836961235648840709	836961026088819315	836961026088819314	685	
1	C18H30O	[M + H]+	C18H31O+	1.000	0.500	168.503	164.632	3.871	40	0.821	2.439	2.439	0.182		263.237	429	7.147	836961233031594692	836961026055264879	836961026055264878	684	
1	C20H39NO	[M + H3N + H]+	C20H43N2O+	1.000	0.333	39.804	36.004	3.801	12	0.160	4.224	4.224	-0.429		327.337	429	7.156	836961231114797554	836961026197871231	836961026197871230	688	
1	C11H23ClNO	[M + Na]+	C11H23ClNNaO+	1.000	1.000	64.799	64.799	0.000	16	0.447	3.233	3.233	-1.965		243.136	429	7.157	836961236642890876	836961026231425667	836961026231425666	689	
1	C18H30O2	[M + H3N + H]+	C18H34NO2+	1.000	0.333	202.552	198.809	3.743	42	0.751	1.645	2.402	-0.121		296.258	431	7.184	836961240287741718	836961026264980103	836961026264980102	690	
1	C15H33N3O5	[M - H2O + H]+	C15H32N3O4+	0.600	0.045	3.697	1.517	2.180	0	0.000	5.006	5.006	-56589.339		318.240	431	7.189	836961235372016626	836961026302728843	836961026298534538	691	
1	C21H39NO3	[M + H3N + H]+	C21H43N2O3+	0.953	0.333	77.015	73.183	3.832	12	0.702	4.625	4.625	0.082		371.327	431	7.189	836961239037838834	836961026336283279	836961026336283278	692	
1	C15H34ClN2O	[M + Na]+	C15H34ClN2NaO+	0.989	0.942	76.969	76.969	0.000	25	0.481	0.266	2.436	-1.525		316.225	432	7.193	836961234080170755	836961026369837715	836961026369837714	693	
1	C18H28O2	[M + H3N + H]+	C18H32NO2+	1.000	0.333	131.464	127.672	3.792	16	0.487	2.477	2.480	-0.019		294.243	432	7.195	836961234805785431	836961026407586455	836961026407586454	694	
1	C20H39NO2	[M + H3N + H]+	C20H43N2O2+	1.000	0.333	74.067	70.370	3.697	11	0.361	2.164	3.035	-0.219		343.332	433	7.221	836961235128746922	836961026445335195	836961026441140890	695	
1	C18H30O	[M + H3N + H]+	C18H34NO+	1.000	0.333	271.389	265.439	5.950	55	0.914	0.658	0.895	0.139		280.264	433	7.222	836961242049349596	836961026478889631	836961026478889630	696	
1	C18H30O	[M + H]+	C18H31O+	1.000	0.500	170.408	166.888	3.521	41	0.870	2.062	2.129	0.220		263.237	433	7.224	836961238534522273	836961026516638371	836961026516638370	697	
1	C12H26N3O	[M + K]+	C12H26KN3O+	1.000	1.000	65.442	65.442	0.000	21	0.405	-0.810	1.591	4.639		267.172	434	7.240	836961236487701609	836961026550192807	836961026550192806	698	
1	C15H35N3O5	[M - H2O + H]+	C15H34N3O4+	0.600	0.055	3.846	1.540	2.306	0	0.000	4.799	4.799	-56233.272		320.256	435	7.245	836961234906448754	836961026587941547	836961026587941546	699	
1	C12H26N3O	[M + K]+	C12H26KN3O+	1.000	1.000	65.442	65.442	0.000	21	0.406	-0.810	1.591	4.695		267.172	436	7.261	836961231844606576	836961026919291603	836961026915097298	709	
1	C20H43NO2	[M + H]+	C20H44NO2+	0.906	0.500	61.624	57.710	3.915	12	0.692	5.137	5.137	-0.412		330.337	436	7.271	836961235724338188	836961026621495983	836961026621495982	700	
1	C7H16N2O3S	[M - H2O + H]+	C7H15N2O2S+	0.333	0.322	10.180	10.180	0.000	5	0.041	0.890	0.890	-94250.402		191.086	438	7.295	836961328800145702	836961026785073859	836961026785073858	705	
1	C22H47NO3	[M + H]+	C22H48NO3+	0.671	0.499	83.137	83.137	0.000	20	0.372	0.093	0.165	0.051		374.363	438	7.296	836961248462441258	836961026818628295	836961026818628294	706	
1	C10H24BFO3Si	[M + H3N + H]+	C10H28BFNO3Si+	1.000	1.000	101.223	101.223	0.000	25	0.479	3.969	3.969	3.024		267.195	438	7.304	836961237175567611	836961026852182731	836961026852182730	707	
1	C18H39NO	[M + H]+	C18H40NO+	0.974	0.500	50.960	50.960	0.000	11	0.208	0.227	0.229	-0.092		286.310	438	7.308	836961239272719981	836961026881542863	836961026881542862	708	
1	C18H35NO3	[M - H2O + H]+	C18H34NO2+	0.818	0.205	78.481	78.481	0.000	15	0.326	0.185	0.185	-60793.486		296.258	439	7.313	836961237137818862	836961026688604855	836961026688604854	702	
1	C15H33N3O5	[M - H2O + H]+	C15H32N3O4+	0.920	0.333	65.096	65.096	0.000	22	0.391	0.146	0.236	-56589.256		318.240	439	7.314	836961247338367579	836961026755713727	836961026751519422	704	
1	C20H37NO2	[M + H3N + H]+	C20H41N2O2+	0.761	0.333	87.642	87.642	0.000	17	0.444	0.123	0.123	-0.117		341.316	440	7.329	836961329643200883	836961026722159291	836961026722159290	703	
1	C18H30O2	[M + H]+	C18H31O2+	1.000	0.500	156.715	152.928	3.787	28	0.672	0.621	2.797	0.227		279.232	440	7.338	836961234445075250	836961026952846039	836961026952846038	710	
1	C20H37NO2	[M + H3N + H]+	C20H41N2O2+	1.000	0.333	93.296	89.442	3.854	12	0.455	1.201	1.765	-0.132		341.316	440	7.339	836961240262575880	836961027066092259	836961027061897954	713	
1	C15H33N3O5	[M - H2O + H]+	C15H32N3O4+	0.600	0.046	5.902	1.506	4.396	0	0.000	5.100	5.100	-56589.339		318.240	440	7.339	836961240510039854	836961027028343519	836961027028343518	712	
1	C18H30O2	[M + H3N + H]+	C18H34NO2+	1.000	0.333	217.983	211.879	6.103	53	0.823	0.523	0.995	-0.019		296.258	440	7.339	836961259233415146	836961026990594779	836961026990594778	711	
1	C15H33ClFN2O	[M + Na]+	C15H33ClFN2NaO+	0.883	0.966	52.314	52.314	0.000	22	0.324	0.471	2.620	-4.893		334.214	441	7.342	836961239675373211	836961027095452391	836961027095452390	714	
1	C18H30O	[M + H3N + H]+	C18H34NO+	1.000	0.333	228.599	224.693	3.907	48	0.868	1.016	1.315	0.139		280.264	442	7.367	836961263050232194	836961027133201131	836961027129006826	715	
1	C12H24BNO4Si	[M - H2O + H]+	C12H23BNO3Si+	0.546	0.333	72.724	72.724	0.000	25	0.519	0.292	0.613	-67417.242		267.157	445	7.415	836961238647768501	836961027196115699	836961027196115698	717	
1	C13H26O5	[M - H2O + H]+	C13H25O4+	0.621	0.500	40.465	40.465	0.000	8	0.141	0.043	0.146	-73460.229		245.175	445	7.416	836961241281791902	836961027162561263	836961027162561262	716	
1	C14H20O2	[M - H2O + H]+	C14H19O+	0.871	0.499	29.114	29.114	0.000	3	0.097	0.105	0.105	-88659.288		203.143	445	7.417	836961234952586115	836961027229670135	836961027229670134	718	
1	C14H24O	[M + H3N + H]+	C14H28NO+	1.000	0.333	192.003	188.239	3.764	32	0.706	3.634	3.634	-0.048		226.217	446	7.436	836961239474046602	836961027267418875	836961027267418874	719	
1	C22H44NO7P	[M + H]+	C22H45NO7P+	0.928	0.209	86.796	83.223	3.573	13	0.598	5.363	5.363	0.374		466.293	446	7.437	836961236886160566	836961027300973311	836961027300973310	720	
1	C14H20O2	[M + Na]+	C14H20NaO2+	0.572	0.613	9.183	5.552	3.630	1	0.015	-0.712	0.712	0.039		243.136	447	7.449	836961240606508875	836961027334527747	836961027334527746	721	
1	C16H24O2	[M + H3N + H]+	C16H28NO2+	0.952	0.333	83.068	83.068	0.000	14	0.228	0.120	0.227	-0.021		266.211	447	7.450	836961238224143722	836961027368082183	836961027368082182	722	
1	C13H22O2	[M + H]+	C13H23O2+	1.000	0.500	220.083	216.587	3.496	42	0.913	4.131	4.131	0.349		211.169	449	7.484	836961256867827514	836961027439385359	836961027439385358	724	
1	C17H34N3O3	[M - H2O + H]+	C17H33N3O2+	0.940	0.009	61.543	61.543	0.000	20	0.365	0.324	0.324	-57859.883		311.258	449	7.488	836961239977363126	836961027472939795	836961027472939794	725	
1	C18H30O2	[M + H3N + H]+	C18H34NO2+	0.907	0.333	89.413	89.413	0.000	20	0.318	0.239	0.264	0.116		296.258	450	7.499	836961234168251155	836961027401636619	836961027401636618	723	
1	C15H33N3O5	[M - H2O + H]+	C15H32N3O4+	0.600	0.050	5.962	1.517	4.446	0	0.000	5.006	5.006	-56589.339		318.240	450	7.502	836961235158107066	836961027552631579	836961027552631578	727	
1	C18H30O2	[M + H3N + H]+	C18H34NO2+	1.000	0.333	251.897	245.963	5.933	55	0.870	0.253	0.637	0.048		296.258	450	7.502	836961238119286105	836961027514882839	836961027514882838	726	
1	C20H37NO2	[M + H3N + H]+	C20H41N2O2+	0.996	0.333	106.659	100.246	6.413	30	0.730	1.315	1.575	-0.132		341.316	450	7.502	836961240119969489	836961027590380319	836961027590380318	728	
1	C18H30O2	[M + H]+	C18H31O2+	1.000	0.500	283.838	280.096	3.742	48	0.865	1.281	1.391	0.155		279.232	450	7.503	836961240258381555	836961027661683495	836961027661683494	730	
1	C18H29N3O4	[M - H2O + H]+	C18H28N3O3+	0.823	0.191	5.637	3.062	2.575	2	0.033	-2.837	3.586	-53884.443		334.214	450	7.504	836961237368505616	836961027628129059	836961027623934754	729	
1	C13H24O2	[M - H2O + H]+	C13H23O+	0.990	0.500	30.555	30.555	0.000	4	0.105	0.239	0.239	-92279.041		195.174	452	7.528	836961254883921512	836961027695237931	836961027695237930	731	
1	C18H37NO2	[M - H2O + H]+	C18H36NO+	0.997	0.333	43.676	43.676	0.000	9	0.188	0.271	0.271	-63804.267		282.279	455	7.579	836961253881482754	836961027728792367	836961027728792366	732	
1	C22H44N2O4P	[M + Na]+	C22H44N2NaO4P+	1.000	1.000	105.288	105.288	0.000	37	0.781	0.305	0.373	-0.518		454.293	455	7.591	836961248495995719	836961027783318323	836961027783318322	733	
1	C13H22O	[M + H]+	C13H23O+	0.991	0.500	193.384	189.848	3.537	26	0.586	4.451	4.451	0.247		195.174	456	7.600	836961240895915890	836961027821067063	836961027821067062	734	
1	C12H27ClNO	[M + Na]+	C12H27ClNNaO+	0.997	0.993	63.395	63.395	0.000	25	0.437	3.486	3.486	-1.535		259.167	459	7.642	836961247564860015	836961027854621499	836961027854621498	735	
1	C18H29N3O4	[M - H2O + H]+	C18H28N3O3+	0.753	0.264	6.754	4.402	2.352	1	0.015	2.645	2.645	-53884.380		334.214	459	7.650	836961248869288812	836961027892370239	836961027888175934	736	
1	C18H30O2	[M + H]+	C18H31O2+	1.000	0.500	184.484	180.711	3.773	32	0.736	1.397	1.854	0.084		279.232	459	7.650	836961245648062877	836961027997227851	836961027997227850	739	
1	C20H37NO2	[M + H3N + H]+	C20H41N2O2+	1.000	0.333	160.559	156.741	3.818	23	0.569	1.750	2.617	-0.132		341.316	459	7.651	836961242552666228	836961027925924675	836961027925924674	737	
1	C18H30O2	[M + H3N + H]+	C18H34NO2+	1.000	0.333	263.160	257.240	5.919	55	0.880	0.251	0.816	0.014		296.258	459	7.651	836961241457952690	836961027963673415	836961027963673414	738	
1	C15H33N3O5	[M - H2O + H]+	C15H32N3O4+	0.600	0.055	6.075	1.528	4.547	0	0.000	4.908	4.908	-56589.339		318.240	459	7.651	836961241730582473	836961028034976591	836961028034976590	740	
1	C15H21NO4	[M - H2O + H]+	C15H20NO3+	0.599	0.333	79.011	79.011	0.000	14	0.245	0.172	0.172	-68704.973		262.144	460	7.667	836961248370166548	836961028068531027	836961028068531026	741	
1	C13H24O2	[M - H2O + H]+	C13H23O+	0.935	0.500	42.924	42.924	0.000	6	0.106	0.346	0.346	-92279.041		195.174	461	7.686	836961249007700893	836961028102085463	836961028102085462	742	
1	C18H37NO2	[M - H2O + H]+	C18H36NO+	0.999	0.333	46.226	46.226	0.000	9	0.191	0.278	0.278	-63804.343		282.279	462	7.699	836961233765597949	836961028135639899	836961028135639898	743	
1	C16H35NO5	[M - H2O + H]+	C16H34NO4+	0.177	0.172	7.118	3.367	3.751	2	0.039	0.309	1.610	-59197.306		304.248	463	7.724	836961242359728164	836961028240497511	836961028240497510	746	
1	C18H32O2	[M + H3N + H]+	C18H36NO2+	1.000	0.333	163.864	160.080	3.785	32	0.728	1.998	2.086	-0.120		298.274	464	7.737	836961238228338046	836961028173388639	836961028173388638	744	
1	C18H37ClN4O2	[M + Na]+	C18H37ClN4NaO2+	0.916	0.886	114.016	114.016	0.000	35	0.660	0.216	0.587	2.217		399.251	465	7.745	836961258394554206	836961028307606383	836961028307606382	748	
1	C15H35N3O5	[M - H2O + H]+	C15H34N3O4+	0.600	0.040	3.415	1.540	1.875	0	0.000	4.799	4.799	-56233.371		320.256	465	7.755	836961238417081748	836961028206943075	836961028206943074	745	
1	C21H44NO7P	[M + H]+	C21H45NO7P+	1.000	1.000	99.414	92.817	6.597	19	0.683	4.077	4.077	0.141	LPE(16:0)	454.293	466	7.773	836961237733410109	836961028345355123	836961028345355122	749	
1	C13H29FN3O	[M + H3N + H]+	C13H33FN4O+	1.000	0.447	52.204	52.204	0.000	12	0.277	0.514	0.514	1.155		280.264	467	7.777	836961240958830462	836961028274051947	836961028274051946	747	
1	C23H46NO7P	[M + H]+	C23H47NO7P+	0.926	0.281	103.586	99.716	3.870	17	0.585	4.314	4.314	0.446		480.309	467	7.780	836961255731170972	836961028378909559	836961028378909558	750	
1	C17H42N6O4S	[M + H3N + H]+	C17H46N7O4S+	0.936	0.907	114.544	114.544	0.000	35	0.696	0.229	0.604	-1.464		444.332	468	7.796	836961249095781293	836961028546681739	836961028546681738	755	
1	C18H32O2	[M + H3N + H]+	C18H36NO2+	1.000	0.333	176.847	173.237	3.609	31	0.734	1.228	1.597	-0.187		298.274	468	7.800	836961240535205696	836961028513127303	836961028513127302	754	
1	C19H46N6O5S	[M + H3N + H]+	C19H50N7O5S+	0.710	0.662	81.435	81.435	0.000	36	0.698	0.234	0.419	-1.106		488.358	468	7.804	836961253801790954	836961028580236175	836961028576041870	756	
1	C26H52NO7P	[M + H]+	C26H53NO7P+	1.000	1.000	50.021	43.392	6.629	7	0.718	1.989	2.113	0.792	LPC(18:1)	522.356	469	7.811	836961235833390116	836961028613790611	836961028613790610	757	
1	C20H37NO2	[M + H3N + H]+	C20H41N2O2+	1.000	0.333	55.528	52.270	3.258	6	0.279	-0.086	1.426	-0.132		341.316	470	7.832	836961246453369316	836961028651539351	836961028651539350	758	
1	C18H30O2	[M + H3N + H]+	C18H34NO2+	1.000	0.333	191.057	187.134	3.922	32	0.745	1.023	1.577	-0.019		296.258	470	7.832	836961238777791969	836961028722842527	836961028722842526	760	
1	C15H33N3O5	[M - H2O + H]+	C15H32N3O4+	0.789	0.278	10.104	7.935	2.170	4	0.060	-3.712	4.845	-56589.405		318.240	470	7.832	836961239243359806	836961028685093787	836961028685093786	759	
1	C18H30O	[M + H3N + H]+	C18H34NO+	0.536	0.295	52.665	52.665	0.000	10	0.201	0.227	0.227	0.281		280.264	470	7.838	836961243072759961	836961028412463995	836961028412463994	751	
1	C15H35N3O5	[M - H2O + H]+	C15H34N3O4+	0.993	0.328	79.027	79.027	0.000	23	0.406	0.186	0.253	-56233.272		320.256	471	7.851	836961258876899235	836961028479572867	836961028479572866	753	
1	C20H39NO2	[M + H3N + H]+	C20H43N2O2+	0.570	0.333	100.191	100.191	0.000	14	0.338	0.207	0.210	-0.189		343.332	471	7.855	836961243613825229	836961028446018431	836961028446018430	752	
1	C24H48NO7P	[M + H]+	C24H49NO7P+	0.746	0.307	50.811	47.609	3.202	11	0.544	5.233	5.233	0.393		494.324	473	7.880	836961237783741759	836961028789951399	836961028785757094	762	
1	C18H31NO5	[M - H2O + H]+	C18H30NO4+	0.603	0.333	82.103	82.103	0.000	17	0.271	0.279	0.329	-55551.489		324.217	473	7.881	836961248890260355	836961029142272975	836961029142272974	772	
1	C13H25ClNO3	[M + Na]+	C13H25ClNNaO3+	1.000	1.000	131.706	131.706	0.000	38	0.655	2.274	2.641	-2.032		301.141	473	7.881	836961252124069100	836961028752202659	836961028752202658	761	
1	C18H31NO5	[M - H2O + H]+	C18H30NO4+	0.587	0.333	82.101	82.101	0.000	17	0.271	0.279	0.329	-55551.538		324.217	473	7.886	836961260864999546	836961029280685023	836961029280685022	776	
1	C18H30O	[M + H]+	C18H31O+	1.000	0.500	177.061	173.292	3.769	41	0.854	2.036	2.353	0.220		263.237	473	7.887	836961251171962002	836961028857060271	836961028857060270	764	
1	C9H14O2	[M + H3N + H]+	C9H18NO2+	1.000	0.333	112.455	112.455	0.000	12	0.545	6.405	6.405	-0.030		172.133	473	7.887	836961261368316089	836961029075164103	836961029075164102	770	
1	C20H35NO2	[M + H3N + H]+	C20H39N2O2+	0.999	0.333	163.775	160.140	3.635	26	0.557	2.632	2.632	-0.044		339.301	473	7.887	836961262521749828	836961028894809011	836961028894809010	765	
1	C18H31N3O4	[M - H2O + H]+	C18H30N3O3+	0.492	0.123	3.972	1.514	2.458	0	0.000	5.026	5.026	-53561.320		336.230	473	7.888	836961242607192196	836961028823505835	836961028823505834	763	
1	C18H32O2	[M + H3N + H]+	C18H36NO2+	1.000	0.333	305.290	299.180	6.110	56	0.963	0.178	0.818	0.014		298.274	473	7.889	836961239528572561	836961028932557751	836961028932557750	766	
1	C15H35N3O5	[M - H2O + H]+	C15H34N3O4+	0.600	0.035	5.877	1.605	4.273	1	0.012	0.621	4.275	-56233.206		320.256	473	7.889	836961242464585817	836961029003860927	836961029003860926	768	
1	C18H30O	[M + H3N + H]+	C18H34NO+	1.000	0.333	243.952	237.946	6.005	51	0.845	1.136	1.227	0.246		280.264	473	7.889	836961245207660905	836961028966112187	836961028966112186	767	
1	C20H39NO2	[M + H3N + H]+	C20H43N2O2+	1.000	0.333	203.633	197.485	6.148	28	0.642	1.560	1.749	-0.189		343.332	473	7.890	836961258956591033	836961029041609667	836961029041609666	769	
1	C9H14O	[M + H3N + H]+	C9H18NO+	1.000	0.333	128.049	128.049	0.000	18	0.015	6.405	6.405	0.572		156.138	473	7.890	836961246809885210	836961029108718539	836961029108718538	771	
1	C20H35NO2	[M + H3N + H]+	C20H39N2O2+	0.953	0.333	107.816	107.816	0.000	19	0.468	0.217	0.240	0.000		339.301	473	7.891	836961241176934286	836961029553314815	836961029553314814	784	
1	C18H35NO2	[M + K]+	C18H35KNO2+	1.000	1.000	85.490	85.490	0.000	23	0.346	0.217	0.489	-0.320		336.230	474	7.892	836961243211172022	836961029519760379	836961029519760378	783	
1	C16H22O4	[M + Na]+	C16H22NaO4+	0.920	0.982	26.904	23.296	3.608	5	0.095	0.051	2.388	-0.332		301.141	474	7.908	836961250320518252	836961029180021715	836961029175827410	773	
1	C18H30O	[M + H]+	C18H31O+	1.000	0.500	163.977	160.997	2.981	39	0.883	2.860	2.860	0.220		263.237	475	7.917	836961243710294228	836961029628812295	836961029628812294	786	
1	C20H30O2	[M - H2O + H]+	C20H29O+	0.897	0.500	77.643	73.803	3.840	10	0.537	-0.245	1.006	-63145.792		285.221	476	7.926	836961261368316095	836961029247130587	836961029247130586	775	
1	C22H47NO2	[M + H]+	C22H48NO2+	0.838	0.500	43.317	39.746	3.570	9	0.422	4.692	4.692	0.011		358.368	476	7.927	836961249657818127	836961029213576151	836961029213576150	774	
1	C16H27N4O6S	[M - H2O + H]+	C16H26N4O5S+	0.399	0.333	99.376	99.376	0.000	37	0.644	0.115	1.125	-46641.598		386.161	476	7.939	836961282302089020	836961029314239459	836961029314239458	777	
1	C17H36O7Si	[M - H2O + H]+	C17H35O6Si+	0.634	0.500	58.142	55.312	2.830	19	0.808	2.849	2.849	-49585.320		363.220	477	7.949	836961265701032713	836961029351988199	836961029347793894	778	
1	C16H21ClN2O7	[M + Na]+	C16H21ClN2NaO7+	1.000	1.000	126.749	126.749	0.000	35	0.572	2.488	2.538	1.984		411.094	478	7.959	836961336207287035	836961029385542635	836961029381348330	779	
1	C12H24N4O5Si3	[M - H2O + H]+	C12H23N4O4Si3+	0.443	0.331	53.187	50.722	2.465	16	0.693	0.106	3.270	-48535.263		371.101	478	7.962	836961273296917773	836961029419097071	836961029419097070	780	
1	C17H21ClN3O4	[M + Na]+	C17H21ClN3NaO4+	0.868	0.115	101.181	101.181	0.000	32	0.642	1.461	2.237	1.530		389.112	478	7.962	836961312438164766	836961029452651507	836961029452651506	781	
1	C8H24O4Si4	[M + H]+	C8H25O4Si4+	0.678	0.474	27.089	27.089	0.000	7	0.171	-0.876	3.304	0.330		297.083	478	7.962	836961253009067406	836961029486205943	836961029486205942	782	
1	C20H39NO2	[M + H3N + H]+	C20H43N2O2+	1.000	0.333	192.046	185.887	6.159	26	0.599	2.045	2.433	-0.073		343.332	478	7.966	836961249024478114	836961029737864211	836961029737864210	789	
1	C15H35N3O5	[M - H2O + H]+	C15H34N3O4+	0.600	0.186	5.679	3.556	2.123	3	0.058	3.884	5.710	-56233.173		320.256	478	7.968	836961252463807790	836961029591063555	836961029591063554	785	
1	C18H32O2	[M + H3N + H]+	C18H36NO2+	1.000	0.333	297.483	293.538	3.945	54	0.953	0.242	0.924	-0.019		298.274	478	7.969	836961240644257636	836961029666561035	836961029666561034	787	
1	C18H30O	[M + H3N + H]+	C18H34NO+	1.000	0.333	254.466	248.278	6.189	55	0.902	1.052	1.052	0.317		280.264	478	7.969	836961245207660917	836961029700115471	836961029700115470	788	
1	C36H66N2O3	[M + H3N + H]+	C36H70N3O3+	0.919	0.322	18.512	18.512	0.000	5	0.294	-0.652	0.709	0.659		592.542	484	8.072	836961283174504314	836961029771418647	836961029771418646	790	
1	C22H37NO4	[M - H2O + H]+	C22H36NO3+	0.473	0.325	8.043	4.078	3.965	2	0.045	-0.235	0.235	-49716.206		362.269	486	8.108	836961242217121785	836961029804973083	836961029804973082	791	
1	C20H30O3	[M - H2O + H]+	C20H29O2+	0.983	0.500	73.130	69.306	3.824	19	0.749	0.013	0.594	-59793.189		301.216	487	8.112	836961243118897313	836961029876276259	836961029876276258	793	
1	C17H28N2O6	[M - H2O + H]+	C17H27N2O5+	0.738	0.328	27.905	25.642	2.262	7	0.242	0.547	2.450	-53093.829		339.193	487	8.112	836961261536088291	836961029842721823	836961029842721822	792	
1	C18H28O	[M + H]+	C18H29O+	0.567	0.500	50.684	50.684	0.000	6	0.272	0.318	0.318	0.222		261.221	489	8.143	836961248298863359	836961029909830695	836961029909830694	794	
1	C18H28O	[M + H3N + H]+	C18H32NO+	1.000	0.333	227.332	223.447	3.885	45	0.821	0.414	2.079	0.212		278.248	489	8.145	836961252354755865	836961029947579435	836961029947579434	795	
1	C12H24O2	[M - H2O + H]+	C12H23O+	0.969	0.500	27.654	27.654	0.000	5	0.133	0.382	0.382	-98324.215		183.174	490	8.162	836961242468780137	836961029981133871	836961029976939566	796	
1	C15H26O	[M + H]+	C15H27O+	0.999	0.500	157.601	153.894	3.707	35	0.842	4.269	4.269	0.126		223.206	492	8.204	836961239117530654	836961030035659827	836961030035659826	797	
1	C20H39NO3	[M - H2O + H]+	C20H38NO2+	0.495	0.318	78.578	78.578	0.000	15	0.321	0.064	0.198	-55538.912		324.290	493	8.212	836961250236632154	836961030069214263	836961030069214262	798	
1	C13H24N6O3	[M - H2O + H]+	C13H23N6O2+	0.777	0.324	83.639	83.639	0.000	18	0.358	0.146	0.241	-61012.126		295.188	493	8.224	836961246717610497	836961030102768699	836961030102768698	799	
1	C18H28O	[M + H3N + H]+	C18H32NO+	1.000	0.333	211.036	207.349	3.687	42	0.816	0.421	1.224	0.212		278.248	495	8.250	836961245090220374	836961030169877571	836961030169877570	801	
1	C12H24O2	[M - H2O + H]+	C12H23O+	0.971	0.500	26.961	26.961	0.000	5	0.123	0.382	0.382	-98324.185		183.174	496	8.262	836961241042716551	836961030203432007	836961030203432006	802	
1	C18H33NO2	[M - H2O + H]+	C18H32NO+	0.783	0.333	60.307	60.307	0.000	11	0.250	0.285	0.285	-64728.272		278.248	497	8.277	836961267500389284	836961030308289619	836961030308289618	805	
1	C18H33NO3	[M - H2O + H]+	C18H32NO2+	0.790	0.333	90.680	90.680	0.000	16	0.276	0.149	0.157	-61209.976		294.243	498	8.304	836961266204349273	836961030136323135	836961030136323134	800	
1	C18H28O2	[M + H3N + H]+	C18H32NO2+	1.000	0.333	159.238	155.286	3.952	23	0.532	2.977	2.977	-0.087		294.243	499	8.315	836961251671084221	836961030241180747	836961030236986442	803	
1	C15H22O2	[M - H2O + H]+	C15H21O+	0.616	0.500	94.467	90.731	3.735	25	0.825	2.599	2.909	-82936.902		217.159	500	8.333	836961254800035405	836961030274735183	836961030274735182	804	
1	C7H25N8O	[M + H3N + H]+	C7H29N9O+	1.000	1.000	-10.278	-10.278	0.000	1	0.008	4.294	4.294	6.276		255.251	505	8.411	836961281366759153	836961030375398491	836961030375398490	807	
1	C16H28O	[M + H3N + H]+	C16H32NO+	1.000	0.333	235.980	231.054	4.926	47	0.860	2.865	2.865	0.114		254.248	505	8.413	836961248324029197	836961030446701667	836961030442507362	809	
1	C16H28O	[M + H]+	C16H29O+	1.000	0.500	170.642	166.862	3.779	32	0.809	3.952	3.952	-0.050		237.221	505	8.413	836961263159284122	836961030408952927	836961030408952926	808	
1	C16H28O	[M - H2O + H]+	C16H27+	1.000	0.500	170.130	170.130	0.000	22	0.605	3.072	3.072	-82160.556		219.211	505	8.413	836961254133141025	836961030480256103	836961030480256102	810	
1	C15H28O2	[M - H2O + H]+	C15H27O+	0.577	0.499	27.367	27.367	0.000	5	0.115	0.182	0.182	-80690.246		223.206	506	8.427	836961260118413365	836961030341844055	836961030337649750	806	
1	C16H28O	[M + H3N + H]+	C16H32NO+	0.980	0.333	41.169	41.169	0.000	11	0.228	0.332	0.332	0.153		254.248	506	8.428	836961254296718888	836961030652222587	836961030652222586	815	
1	C20H30O3	[M - H2O + H]+	C20H29O2+	0.989	0.500	62.615	58.755	3.859	16	0.707	0.041	0.319	-59793.049		301.216	506	8.441	836961254686789164	836961030547364975	836961030547364974	812	
1	C15H26O	[M + H]+	C15H27O+	0.998	0.500	146.076	142.472	3.604	38	0.927	3.977	3.977	0.171		223.206	507	8.447	836961245585148288	836961030618668151	836961030618668150	814	
1	C42H82ClF2NO5	[M + Na]+	C42H82ClF2NNaO5+	0.617	0.605	90.866	90.866	0.000	34	0.645	-0.972	1.122	-0.985		776.573	507	8.448	836961271371732148	836961030580919411	836961030580919410	813	
1	CHN2O3S	[M + Na]+	CHN2NaO3S+	1.000	0.744	10.229	10.229	0.000	4	0.022	-7.020	7.166	-6.867		143.959	508	8.475	836961249531988970	836961030509616235	836961030509616234	811	
1	C15H28O	[M + H3N + H]+	C15H32NO+	1.000	0.333	106.771	102.931	3.840	20	0.541	3.923	5.431	-0.211		242.248	511	8.513	836961308839451824	836961030685777023	836961030685777022	816	
1	C18H42N3O5P	[M + H3N + H]+	C18H46N4O5P+	0.974	0.967	90.953	90.953	0.000	26	0.485	0.072	0.418	-3.211		429.319	512	8.525	836961283275167637	836961030719331459	836961030719331458	817	
1	C43H76O12S	[M + Na]+	C43H76NaO12S+	0.600	0.107	129.925	129.925	0.000	23	0.496	2.916	3.095	2.276		839.497	512	8.535	836961379635111259	836961030790634635	836961030790634634	819	
1	C15H26O2	[M + H]+	C15H27O2+	1.000	0.500	182.905	179.143	3.762	39	0.829	3.992	4.349	-0.027		239.201	513	8.552	836961244444297469	836961030828383375	836961030828383374	820	
1	C21H35N3O	[M + H3N + H]+	C21H39N4O+	0.506	0.333	72.003	72.003	0.000	15	0.304	0.182	0.282	-3.904		363.310	513	8.552	836961244754676015	836961030752885895	836961030752885894	818	
1	C45H74O12S	[M + H3N + H]+	C45H78NO12S+	1.000	1.000	112.955	106.288	6.667	37	0.797	0.708	1.390	0.485		856.524	515	8.581	836961252803546508	836961030861937811	836961030861937810	821	
1	C15H26O	[M + H]+	C15H27O+	0.999	0.500	126.149	122.441	3.708	30	0.777	4.173	4.173	0.171		223.206	516	8.595	836961249687178269	836961030899686551	836961030899686550	822	
1	C43H74Cl2N6O7	[M - H2O + H]+	C43H73Cl2N6O6+	0.341	0.304	68.598	68.598	0.000	35	0.675	0.429	0.982	-21452.785		839.497	519	8.647	836961341072679885	836961031067458731	836961031067458730	827	
1	C19H40N2O3	[M - H2O + H]+	C19H39N2O2+	0.956	0.333	83.157	83.157	0.000	21	0.370	0.018	0.134	-55028.319		327.300	519	8.653	836961263922647496	836961030966795423	836961030966795422	824	
1	C15H28O2	[M - H2O + H]+	C15H27O+	0.616	0.492	31.145	31.145	0.000	5	0.106	0.065	0.175	-80690.270		223.206	520	8.659	836961253877288440	836961031340088523	836961031340088522	835	
1	C15H28O	[M + H3N + H]+	C15H32NO+	0.998	0.333	93.517	89.692	3.825	13	0.363	4.847	4.847	-0.128		242.248	520	8.675	836961283518437301	836961031033904295	836961031033904294	826	
1	C4H4ClNO4Se	[M + Na]+	C4H4ClNNaO4Se+	1.000	0.908	18.620	18.620	0.000	5	0.166	3.668	3.668	1.213		261.895	521	8.689	836961256947519313	836961030933240987	836961030933240986	823	
1	C13H31N2O3	[M + H]+	C13H32N2O3+	0.999	0.500	69.531	69.531	0.000	20	0.290	0.447	0.480	-1.606		264.240	522	8.693	836961248848317283	836961031130373299	836961031130373298	829	
1	C18H33NO	[M + Na]+	C18H33NNaO+	1.000	1.000	32.005	32.005	0.000	10	0.130	0.452	0.452	-0.200		302.245	522	8.694	836961283682015163	836961031096818863	836961031096818862	828	
1	C20H37NO	[M + H3N + H]+	C20H41N2O+	0.989	0.333	57.517	57.517	0.000	12	0.611	0.447	0.447	-0.201		325.321	522	8.694	836961244758870341	836961031163927735	836961031163927734	830	
1	C18H30O	[M - H2O + H]+	C18H29+	1.000	0.500	122.731	119.598	3.132	30	0.823	1.463	1.463	-73444.679		245.226	522	8.694	836961245950052797	836961031272979651	836961031272979650	833	
1	C18H30O	[M + H3N + H]+	C18H34NO+	1.000	0.333	246.261	241.436	4.825	55	0.894	1.019	1.019	0.388		280.264	522	8.695	836961249229999038	836961031235230911	836961031235230910	832	
1	C18H30O	[M + H]+	C18H31O+	1.000	0.500	190.597	186.770	3.827	46	0.953	1.199	1.587	0.296		263.237	522	8.695	836961255815057098	836961031201676475	836961031201676474	831	
1	C18H38O4	[M + H]+	C18H39O4+	1.000	1.000	44.394	44.394	0.000	13	0.139	0.482	0.482	-0.207		319.284	522	8.699	836961246902159902	836961031306534087	836961031306534086	834	
1	C3H3ClFO3	[M + Na]+	C3H3ClFNaO3+	1.000	1.000	21.309	21.309	0.000	5	0.115	-0.893	3.760	1.918		163.965	522	8.708	836961253529161162	836961031000349859	836961030996155554	825	
1	C21H35N3O	[M + H3N + H]+	C21H39N4O+	0.993	0.291	69.597	69.597	0.000	15	0.491	0.418	0.437	-4.041		363.310	523	8.709	836961255810862775	836961031369448655	836961031369448654	836	
1	C16H30BNO5	[M + H3N + H]+	C16H34BN2O5+	0.351	0.333	79.166	79.166	0.000	24	0.461	-3.079	3.079	-2.238		344.258	524	8.732	836961262886654308	836961031440751831	836961031440751830	838	
1	C20H26O2	[M + Na]+	C20H26NaO2+	0.392	0.534	8.277	4.476	3.802	0	0.000	-0.301	0.301	-0.376		321.182	524	8.734	836961256213516040	836961031407197395	836961031407197394	837	
1	C17H26N2O5	[M - H2O + H]+	C17H25N2O4+	0.631	0.333	74.704	74.704	0.000	19	0.297	0.362	0.362	-56071.143		321.182	525	8.743	836961261754192151	836961031574969575	836961031574969574	842	
1	C18H30O	[M + H3N + H]+	C18H34NO+	1.000	0.333	243.233	239.318	3.915	55	0.892	0.569	0.929	0.281		280.264	528	8.807	836961286060185743	836961031474306267	836961031474306266	839	
1	C12H27BO4	[M + H3N + H]+	C12H31BNO4+	0.834	0.866	53.024	53.024	0.000	17	0.262	0.044	0.325	-2.723		263.237	529	8.812	836961246390454743	836961031507860703	836961031507860702	840	
1	C20H28O3	[M - H2O + H]+	C20H27O2+	0.765	0.500	88.252	86.146	2.105	14	0.523	0.732	1.004	-60195.790		299.201	529	8.813	836961261645140215	836961031545609443	836961031541415138	841	
1	C16H37FN3O3	[M + H]+	C16H38FN3O3+	0.507	0.500	83.860	83.860	0.000	24	0.461	0.418	0.722	0.349		339.289	530	8.836	836961253206199715	836961031704993011	836961031704993010	845	
1	C16H28O2	[M - H2O + H]+	C16H27O+	0.633	0.500	38.639	38.639	0.000	5	0.102	0.086	0.105	-76573.794		235.206	530	8.839	836961246570809842	836961031671438575	836961031671438574	844	
1	C4H4ClNO4Se	[M + Na]+	C4H4ClNNaO4Se+	1.000	0.904	16.297	16.297	0.000	5	0.157	3.668	3.668	1.175		261.895	531	8.842	836961259069837274	836961031637884139	836961031637884138	843	
1	C17H30O	[M + H3N + H]+	C17H34NO+	1.000	0.333	204.382	198.261	6.121	43	0.831	1.734	1.734	-0.004		268.263	533	8.875	836961249657818136	836961031805656319	836961031805656318	848	
1	C19H41F2N5O3	[M + H]+	C19H42F2N5O3+	0.230	0.224	57.241	57.241	0.000	18	0.386	0.506	0.737	-2.024		426.324	533	8.887	836961316070432316	836961031738547447	836961031738547446	846	
1	C8H24O4Si4	[M + H]+	C8H25O4Si4+	0.668	0.395	15.370	15.370	0.000	3	0.144	5.261	5.261	-0.107		297.082	534	8.896	836961264321106430	836961032061508891	836961032061508890	855	
1	C14H30N4O6Si4	[M + H3N + H]+	C14H34N5O6Si4+	0.403	0.056	21.749	17.820	3.929	7	0.473	-0.252	0.916	-1.367		480.157	534	8.896	836961255966052062	836961031843405059	836961031843405058	849	
1	C16H39N5O7Si4	[M - H2O + H]+	C16H38N5O6Si4+	0.345	0.309	17.268	11.254	6.015	9	0.134	-1.248	1.411	-35441.872		508.189	534	8.896	836961248491801401	836961031918902539	836961031918902538	851	
1	C17H24O16	[M + H]+	C17H25O16+	0.352	0.369	5.145	5.145	0.000	1	0.013	-1.260	1.260	-2.084		485.113	534	8.896	836961252669328764	836961031881153799	836961031881153798	850	
1	C14H30N4O6Si4	[M - H2O + H]+	C14H29N4O5Si4+	0.431	0.326	70.591	65.564	5.027	17	0.679	0.067	1.907	-40464.244		445.120	534	8.897	836961285795944572	836961031990205715	836961031990205714	853	
1	C14H30N4O6Si4	[M + H]+	C14H31N4O6Si4+	0.625	0.300	56.614	51.397	5.217	13	0.522	-0.804	3.869	-1.873		463.131	534	8.897	836961328590430482	836961031952456975	836961031952456974	852	
1	C12H22N4O4Si3	[M + H]+	C12H23N4O4Si3+	0.476	0.329	63.381	60.857	2.524	15	0.778	0.359	2.386	-2.482		371.101	534	8.897	836961267055793016	836961032023760151	836961032023760150	854	
1	C3H3ClFO3	[M + Na]+	C3H3ClFNaO3+	1.000	1.000	19.178	19.178	0.000	4	0.119	1.782	3.589	1.796		163.965	535	8.920	836961265227076297	836961032090869023	836961032090869022	856	
1	C4H4ClNO4Se	[M + Na]+	C4H4ClNNaO4Se+	1.000	0.906	16.858	16.858	0.000	5	0.165	3.622	3.622	1.060		261.895	537	8.943	836961256943324999	836961032162172199	836961032162172198	858	
1	C16H28O	[M + H]+	C16H29O+	1.000	0.500	182.365	178.716	3.650	25	0.690	4.723	4.723	-0.261		237.221	537	8.955	836961251301985452	836961032128617763	836961032128617762	857	
1	C17H34N3O3	[M - H2O + H]+	C17H33N3O2+	0.998	0.081	58.438	58.438	0.000	16	0.287	0.125	0.149	-57868.261		311.255	538	8.974	836961265856222001	836961032195726635	836961032195726634	859	
1	C21H44O4	[M + H3N + H]+	C21H48NO4+	1.000	1.000	33.099	29.899	3.200	4	0.182	-0.274	0.477	-0.226		378.358	539	8.987	836961249414548428	836961032267029811	836961032267029810	861	
1	C6H14O4	[M + H]+	C6H15O4+	1.000	1.000	9.650	9.650	0.000	1	0.002	2.738	2.866	-0.135		151.096	539	8.988	836961251549449401	836961032229281071	836961032229281070	860	
1	C23H48O5	[M + H3N + H]+	C23H52NO5+	1.000	1.000	43.145	39.256	3.889	5	0.218	-0.399	0.964	-0.356		422.384	540	8.995	836961252652551537	836961032304778551	836961032304778550	862	
1	C21H44O5	[M + H]+	C21H45O5+	1.000	1.000	76.849	73.013	3.836	9	0.550	3.039	3.039	-0.109		377.326	540	8.996	836961254061837833	836961032342527291	836961032342527290	863	
1	C4H4Br3F3O	[M + K]+	C4H4Br3F3KO+	0.784	0.762	0.796	0.796	0.000	2	0.056	3.770	3.770	2.037		400.740	541	9.010	836961251989851344	836961032376081727	836961032371887422	864	
1	C25H52O6	[M + H3N + H]+	C25H56NO6+	0.793	0.162	104.675	104.675	0.000	18	0.401	-0.057	0.150	0.097		466.410	542	9.030	836961249762675759	836961032405441859	836961032405441858	865	
1	C17H40N3O4	[M - H2O + H]+	C17H39N3O3+	0.953	0.061	38.585	38.585	0.000	16	0.309	0.053	0.128	-54033.748		333.300	542	9.039	836961265159967421	836961032443190599	836961032443190598	866	
1	C32H55N3O9	[M - H2O + H]+	C32H54N3O8+	0.475	0.332	80.594	80.594	0.000	17	0.559	3.763	3.763	-29600.310		608.393	543	9.057	836961264983806601	836961032476745035	836961032476745034	867	
1	C4H4ClNO4Se	[M + Na]+	C4H4ClNNaO4Se+	1.000	0.906	17.231	17.231	0.000	5	0.157	3.477	3.477	0.793		261.895	545	9.090	836961260101636138	836961032510299471	836961032510299470	868	
1	C17H24O3	[M - H2O + H]+	C17H23O2+	0.937	0.500	111.582	107.970	3.612	21	0.769	-0.063	0.706	-69493.307		259.169	546	9.092	836961271082325152	836961032652905823	836961032648711518	872	
1	C22H37NO3	[M - H2O + H]+	C22H36NO2+	0.952	0.326	20.675	16.776	3.899	3	0.097	-0.425	0.425	-52012.688		346.274	546	9.094	836961259015311300	836961032581602647	836961032581602646	870	
1	C20H28O2	[M + H]+	C20H29O2+	0.676	0.500	167.433	163.654	3.778	40	0.929	0.378	0.514	-0.354		301.216	546	9.094	836961259904503829	836961032615157083	836961032615157082	871	
1	C22H28O3	[M - H2O + H]+	C22H27O2+	0.491	0.076	5.996	3.704	2.292	0	0.000	-7.539	7.539	-55733.979		323.198	546	9.095	836961259845783555	836961032543853907	836961032543853906	869	
1	C22H37NO3	[M - H2O + H]+	C22H36NO2+	0.960	0.333	18.969	15.008	3.960	2	0.103	-0.199	0.330	-52012.688		346.274	546	9.097	836961258566520694	836961032954895747	836961032954895746	881	
1	C22H28O3	[M - H2O + H]+	C22H27O2+	0.496	0.076	5.912	3.691	2.221	0	0.000	-7.632	7.632	-55733.979		323.198	546	9.108	836961265948496703	836961032887786875	836961032887786874	879	
1	C3H4ClO4	[M + Na]+	C3H4ClNaO4+	1.000	0.350	7.121	7.121	0.000	2	0.092	3.589	3.589	3.353		161.970	546	9.108	836961263838761402	836961032682265955	836961032682265954	873	
1	C22H45NO2	[M - H2O + H]+	C22H44NO+	0.502	0.333	51.748	51.748	0.000	11	0.447	0.010	0.148	-53232.438		338.342	548	9.127	836961250060471379	836961032720014695	836961032715820390	874	
1	CHN2O3S	[M + Na]+	CHN2NaO3S+	1.000	0.482	13.466	13.466	0.000	4	0.114	-7.106	7.429	-7.006		143.959	549	9.144	836961290933967227	836961032753569131	836961032753569130	875	
1	C4H2ClNO3Se	[M + Na]+	C4H2ClNNaO3Se+	1.000	0.161	-1.567	-1.567	0.000	1	0.044	2.424	2.424	0.768		243.884	549	9.146	836961267567498159	836961032820678003	836961032820678002	877	
1	C16H36Si	[M + H]+	C16H37Si+	1.000	1.000	0.341	0.341	0.000	0	0.000	-0.611	0.611	0.820		257.266	549	9.149	836961250299546730	836961032854232439	836961032854232438	878	
1	C17H30O2	[M - H2O + H]+	C17H29O+	0.624	0.500	45.287	45.287	0.000	7	0.207	0.393	0.393	-72267.153		249.221	549	9.151	836961268796429308	836961032921341311	836961032921341310	880	
1	C16H28O	[M + H]+	C16H29O+	1.000	0.500	142.562	138.781	3.781	38	0.934	4.471	4.471	-0.093		237.221	550	9.160	836961251260042402	836961032787123567	836961032787123566	876	
1	C18H24O2	[M + H]+	C18H25O2+	0.420	0.500	33.467	33.467	0.000	6	0.054	-0.037	0.146	-0.262		273.185	550	9.167	836961264379826725	836961032992644487	836961032992644486	882	
1	C6H4Cl3FO4	[M + Na]+	C6H4Cl3FNaO4+	0.808	0.425	28.377	28.377	0.000	10	0.155	-0.322	2.097	3.710		286.906	550	9.171	836961276631389654	836961033026198923	836961033022004618	883	
1	C6H3NO4P2S2	[M - H2O + H]+	C6H2NO3P2S2+	0.754	0.095	4.807	4.807	0.000	1	0.018	0.491	0.491	-68769.322		261.895	551	9.185	836961274978833800	836961033131056535	836961033131056534	886	
1	C16H28O	[M + H]+	C16H29O+	1.000	0.500	137.154	133.448	3.706	36	0.934	4.602	4.602	-0.050		237.221	552	9.195	836961261477368020	836961033063947663	836961033063947662	884	
1	C14H28O2	[M - H2O + H]+	C14H27O+	0.936	0.500	32.160	32.160	0.000	5	0.086	0.226	0.226	-85274.718		211.206	552	9.196	836961329752252795	836961033097502099	836961033097502098	885	
1	C28H65N7O4S	[M + H3N + H]+	C28H69N8O4S+	0.555	0.553	88.517	88.517	0.000	32	0.608	0.158	0.324	-0.514		613.515	552	9.198	836961264916697718	836961033168805275	836961033164610970	887	
1	C26H52O2	[M + H3N + H]+	C26H56NO2+	0.612	0.500	57.175	53.315	3.861	14	0.752	6.141	6.141	-0.016		414.431	553	9.211	836961261934547245	836961033202359711	836961033198165406	888	
1	C12H26FN2O	[M + H3N + H]+	C12H30FN3O+	1.000	0.499	47.518	47.518	0.000	13	0.303	0.610	0.610	0.847		251.237	553	9.213	836961277776434754	836961033235914147	836961033235914146	889	
1	C35H60O3	[M + H3N + H]+	C35H64NO3+	0.981	0.327	72.364	72.364	0.000	17	0.283	0.057	0.147	0.592		546.488	553	9.216	836961264572764751	836961033265274279	836961033265274278	890	
1	C17H30O	[M + H3N + H]+	C17H34NO+	1.000	0.333	77.086	73.222	3.864	15	0.432	4.995	4.995	-0.041		268.263	554	9.227	836961264799257193	836961033303023019	836961033303023018	891	
1	C26H61N7O3S	[M + H3N + H]+	C26H65N8O3S+	0.996	0.945	59.912	59.912	0.000	23	0.543	0.107	0.324	-0.598		569.489	555	9.251	836961271455618244	836961033365937587	836961033365937586	893	
1	C24H48O8	[M - H2O + H]+	C24H47O7+	0.499	0.494	31.532	28.277	3.255	4	0.620	6.581	6.581	-40261.942		447.332	555	9.258	836961264325300756	836961033403686327	836961033403686326	894	
1	C25H33N5O4	[M + H3N + H]+	C25H37N6O4+	0.738	0.248	56.081	56.081	0.000	16	0.242	0.293	0.324	1.030		485.288	556	9.259	836961301474253695	836961033433046459	836961033433046458	895	
1	C23H44N4O7	[M - H2O + H]+	C23H43N4O6+	0.461	0.320	51.970	51.970	0.000	19	0.241	0.058	0.241	-38209.858		471.319	556	9.260	836961270973273223	836961033500155331	836961033500155330	897	
1	C14H26O	[M + H]+	C14H27O+	1.000	0.500	156.729	153.397	3.331	20	0.687	6.300	6.300	0.370		211.206	556	9.263	836961256528088884	836961033466600895	836961033466600894	896	
1	C39H79BN4O11	[M - H2O + H]+	C39H78BN4O10+	0.265	0.250	65.727	65.727	0.000	23	0.559	0.284	0.322	-23310.707		772.585	556	9.270	836961320000495430	836961033638567379	836961033638567378	901	
1	C35H42O6	[M + H3N + H]+	C35H46NO6+	0.684	0.333	63.557	63.557	0.000	14	0.683	0.433	1.841	0.686		576.332	556	9.271	836961342851064821	836961033571458507	836961033571458506	899	
1	C33H38O6	[M + H]+	C33H39O6+	0.545	0.477	19.753	16.024	3.729	2	0.757	1.782	1.782	0.423		531.274	556	9.271	836961260420403293	836961033537904071	836961033537904070	898	
1	C17H32O	[M + H3N + H]+	C17H36NO+	0.550	0.333	49.095	49.095	0.000	11	0.140	0.387	0.387	-0.060		270.279	557	9.289	836961252119874794	836961033605012943	836961033605012942	900	
1	C43H76O12S	[M + H3N + H]+	C43H80NO12S+	1.000	1.000	93.917	87.612	6.305	32	0.720	1.636	1.636	0.845		834.540	558	9.294	836961283262584724	836961033848282603	836961033848282602	907	
1	C46H70N2O7	[M + H3N + H]+	C46H74N3O7+	0.988	0.330	21.235	21.235	0.000	5	0.728	0.456	0.456	0.227		780.552	559	9.308	836961265646506731	836961033336577455	836961033332383150	892	
1	CHN2O3S	[M + Na]+	CHN2NaO3S+	1.000	0.956	16.611	16.611	0.000	6	0.021	-6.532	6.553	-6.728		143.959	559	9.309	836961292183869864	836961033886031343	836961033886031342	908	
1	C4H2ClNO3Se	[M + Na]+	C4H2ClNNaO3Se+	1.000	0.220	-1.021	-1.021	0.000	1	0.055	2.783	2.783	0.768		243.884	559	9.310	836961279848421074	836961033739230687	836961033739230686	904	
1	C35H65NO6	[M + H3N + H]+	C35H69N2O6+	0.509	0.177	14.337	14.337	0.000	2	0.720	0.768	0.768	0.995		613.516	559	9.315	836961262463029557	836961033672121815	836961033672121814	902	
1	CH3N2O2S	[M + K]+	CH3KN2O2S+	1.000	0.955	11.333	11.333	0.000	3	0.093	-0.152	0.227	-1.517		145.954	559	9.315	836961275213714840	836961033810533863	836961033810533862	906	
1	C17H10FNO	[M + H3N + H]+	C17H14FN2O+	0.560	0.184	44.793	44.793	0.000	6	0.264	4.504	4.504	-4.190		281.107	559	9.316	836961268817400840	836961033776979427	836961033776979426	905	
1	C18H25ClN2O	[M + H3N + H]+	C18H29ClN3O+	0.990	0.333	81.027	78.945	2.082	27	0.396	-2.496	2.496	-2.740		338.198	559	9.316	836961261255069858	836961034028637695	836961034028637694	912	
1	C18H35NO	[M + Na]+	C18H35NNaO+	0.244	0.252	4.268	1.861	2.406	0	0.000	-1.628	1.628	-1.300		304.261	559	9.317	836961253466246580	836961033919585779	836961033919585778	909	
1	C16H30O7S	[M + H3N + H]+	C16H34NO7S+	0.968	0.186	158.650	155.893	2.757	22	0.642	-3.358	3.789	-2.368		384.204	559	9.317	836961273481467171	836961033995083259	836961033990888954	911	
1	C13H22O	[M + H3N + H]+	C13H26NO+	0.992	0.333	113.143	113.143	0.000	19	0.276	0.670	0.670	1.033		212.201	559	9.317	836961261523505375	836961034099940871	836961034099940870	914	
1	C15H26O	[M + H3N + H]+	C15H30NO+	0.998	0.333	110.243	110.243	0.000	19	0.312	0.576	0.576	0.121		240.232	559	9.317	836961261821301030	836961034238352919	836961034238352918	918	
1	C18H32O	[M + H3N + H]+	C18H36NO+	1.000	0.333	199.426	192.856	6.570	45	0.857	2.413	2.413	0.527		282.279	559	9.317	836961278271362707	836961033957334519	836961033957334518	910	
1	C18H31ClFN3O	[M + Na]+	C18H31ClFN3NaO+	0.987	0.983	51.349	51.349	0.000	14	0.537	2.154	4.004	2.409		382.204	559	9.317	836961284902557748	836961034171244047	836961034171244046	916	
1	C36H67NO2	[M + H3N + H]+	C36H71N2O2+	1.000	0.333	100.868	92.326	8.542	36	0.799	3.253	3.253	0.894		563.552	559	9.318	836961259367632890	836961034066386435	836961034066386434	913	
1	C14H24O	[M + H3N + H]+	C14H28NO+	1.000	0.333	183.162	180.094	3.068	31	0.733	3.674	3.674	0.924		226.217	559	9.318	836961265273213657	836961034309656095	836961034309656094	920	
1	C15H31N4	[M + H3N + H]+	C15H35N5+	0.890	0.104	18.439	18.439	0.000	4	0.054	8.428	8.428	-4.022		285.288	559	9.318	836961301713329045	836961034271907355	836961034271907354	919	
1	C18H32O	[M - H2O + H]+	C18H31+	1.000	0.500	123.478	119.914	3.564	30	0.915	2.980	2.980	-72845.528		247.242	559	9.318	836961254762286662	836961034204798483	836961034204798482	917	
1	C9H29N8O	[M + H3N + H]+	C9H33N9O+	1.000	1.000	147.181	144.829	2.352	31	0.585	7.525	7.525	4.243		283.281	559	9.319	836961262001656111	836961034137689611	836961034137689610	915	
1	C13H18N2O6	[M - H2O + H]+	C13H17N2O5+	0.443	0.333	46.926	46.926	0.000	12	0.142	0.644	0.644	-64063.042		281.115	560	9.325	836961267844322239	836961034339016227	836961034339016226	921	
1	C29H48O15	[M + Na]+	C29H48NaO15+	0.078	0.127	4.404	4.404	0.000	0	0.000	-1.154	1.154	-1.079		659.288	561	9.344	836961267387143053	836961034410319403	836961034406125098	923	
1	C30H46N4O12	[M - H2O + H]+	C30H45N4O11+	0.398	0.211	32.525	26.708	5.817	25	0.819	-1.878	3.685	-28264.115		637.306	561	9.345	836961268997755938	836961034443873839	836961034443873838	924	
1	C29H48O15	[M + H3N + H]+	C29H52NO15+	0.703	0.008	54.114	48.025	6.088	9	0.447	-1.578	1.802	-1.156		654.332	561	9.345	836961284294383600	836961034481622579	836961034477428274	925	
1	C30H53N5O11	[M + Na]+	C30H53N5NaO11+	0.822	0.703	31.029	25.235	5.794	10	0.398	0.305	1.362	0.310		682.364	561	9.347	836961285040969797	836961034515177015	836961034515177014	926	
1	C3H4ClO4	[M + Na]+	C3H4ClNaO4+	1.000	0.089	4.269	4.269	0.000	1	0.088	3.523	3.523	3.414		161.970	562	9.374	836961323997667367	836961034620034627	836961034620034626	929	
1	C3H3ClFO3	[M + Na]+	C3H3ClFNaO3+	1.000	1.000	18.649	18.649	0.000	4	0.109	1.649	3.050	1.887		163.965	563	9.376	836961263960396239	836961034586480191	836961034586480190	928	
1	C6H4ClFO3	[M + Na]+	C6H4ClFNaO3+	1.000	1.000	50.388	50.388	0.000	11	0.228	-0.938	2.793	-0.351		200.972	563	9.379	836961274785895793	836961034691337803	836961034691337802	931	
1	C4H4ClNO4Se	[M + Na]+	C4H4ClNNaO4Se+	1.000	0.915	17.776	17.776	0.000	6	0.156	3.346	3.346	1.060		261.895	564	9.400	836961268276335600	836961034657783367	836961034657783366	930	
1	C18H32O	[M + H3N + H]+	C18H36NO+	1.000	0.333	204.833	199.712	5.121	47	0.877	2.273	2.273	0.102		282.279	564	9.401	836961262467223870	836961034729086543	836961034729086542	932	
1	C17H30O	[M + H]+	C17H31O+	1.000	0.500	183.266	179.460	3.806	28	0.652	4.608	4.608	-0.048		251.237	565	9.413	836961261703860490	836961034766835283	836961034766835282	933	
1	C6H4Cl3FO4	[M + Na]+	C6H4Cl3FNaO4+	0.587	0.025	27.741	27.741	0.000	9	0.166	-0.688	1.573	3.344		286.906	567	9.442	836961284063696841	836961034980744811	836961034980744810	939	
1	C17H32O	[M + H3N + H]+	C17H36NO+	0.998	0.333	68.507	64.608	3.899	27	0.790	3.815	3.815	-0.152		270.279	567	9.446	836961301763660696	836961034804584023	836961034804584022	934	
1	C22H42O5	[M - H2O + H]+	C22H41O4+	0.751	0.130	6.711	4.671	2.040	1	0.014	-5.272	5.272	-48776.537		369.297	567	9.449	836961274764924261	836961034838138459	836961034838138458	935	
1	C22H46O4	[M + H3N + H]+	C22H50NO4+	1.000	1.000	60.317	56.488	3.828	11	0.391	1.274	1.445	-0.422		392.373	567	9.450	836961269660456004	836961034875887199	836961034875887198	936	
1	C35H42O11	[M - H2O + H]+	C35H41O10+	0.762	0.439	80.644	80.644	0.000	15	0.476	1.942	1.942	-28987.514		621.271	567	9.455	836961349033469135	836961034913635939	836961034913635938	937	
1	C22H46N6O5	[M - H2O + H]+	C22H45N6O4+	0.502	0.333	88.111	88.111	0.000	22	0.469	0.053	0.202	-39379.783		457.350	567	9.456	836961265029943980	836961035047853683	836961035047853682	941	
1	C4H4ClNO4Se	[M + Na]+	C4H4ClNNaO4Se+	1.000	0.915	17.776	17.776	0.000	6	0.156	3.346	3.346	0.984		261.895	568	9.460	836961277763851831	836961035148516991	836961035148516990	944	
1	C24H50O5	[M + H3N + H]+	C24H54NO5+	1.000	1.000	35.878	32.002	3.876	6	0.242	0.303	0.593	0.022		436.400	568	9.462	836961275352126885	836961034947190375	836961034947190374	938	
1	C18H46N7O3	[M + H]+	C18H47N7O3+	0.711	0.500	55.886	55.886	0.000	19	0.421	-0.051	0.159	-4.396		409.372	568	9.462	836961265575203551	836961035114962555	836961035114962554	943	
1	C20H34O	[M + H3N + H]+	C20H38NO+	1.000	0.333	144.740	140.885	3.856	31	0.652	2.223	2.303	-0.555		308.295	569	9.480	836961261007605907	836961035081408119	836961035081408118	942	
1	C3H3ClFO3	[M + Na]+	C3H3ClFNaO3+	1.000	1.000	18.668	18.668	0.000	4	0.098	1.460	2.866	1.613		163.965	569	9.484	836961304221522939	836961035182071427	836961035182071426	945	
1	C20H46N3O5	[M - H2O + H]+	C20H45N3O4+	0.964	0.128	42.109	42.109	0.000	21	0.393	-0.075	0.196	-46019.941		391.342	570	9.497	836961269828228187	836961035014299247	836961035014299246	940	
1	C6H4ClFO3	[M + Na]+	C6H4ClFNaO3+	1.000	1.000	52.559	52.559	0.000	11	0.243	-0.922	1.762	-0.476		200.972	572	9.525	836961276832716258	836961035215625863	836961035215625862	946	
1	CHN2O3S	[M + Na]+	CHN2NaO3S+	1.000	1.000	17.763	17.763	0.000	5	0.114	-7.011	7.105	-7.145		143.959	572	9.536	836961315265125852	836961035421146779	836961035421146778	951	
1	C4H4ClNO4Se	[M + Na]+	C4H4ClNNaO4Se+	1.000	0.915	18.350	18.350	0.000	6	0.163	3.155	3.155	0.965		261.895	573	9.545	836961282935428954	836961035249180299	836961035249180298	947	
1	C28H56O2	[M + H3N + H]+	C28H60NO2+	0.721	0.500	73.243	66.798	6.445	22	0.865	6.148	6.148	0.121		442.462	574	9.561	836961333162222141	836961035286929039	836961035286929038	948	
1	C33H74N6O2S	[M + Na]+	C33H74N6NaO2S+	0.994	0.997	89.433	89.433	0.000	32	0.630	-0.384	1.892	-3.191		641.547	574	9.566	836961277604468241	836961035383398039	836961035383398038	950	
1	C37H72NO10P	[M - H2O + H]+	C37H71NO9P+	0.607	0.333	33.418	33.418	0.000	7	0.624	0.388	0.563	-25564.948		704.487	574	9.568	836961274651678032	836961035349843603	836961035349843602	949	
1	CH3N2O2S	[M + K]+	CH3KN2O2S+	1.000	0.999	7.285	7.285	0.000	3	0.005	-0.343	0.343	-1.894		145.954	574	9.575	836961285129050207	836961035521810087	836961035521810086	954	
1	C17H32O	[M + H3N + H]+	C17H36NO+	1.000	0.333	79.212	75.327	3.885	14	0.490	5.756	5.756	-0.078		270.279	575	9.589	836961277189232119	836961035488255651	836961035488255650	953	
1	C34H61O9P	[M + H3N + H]+	C34H65NO9P+	0.391	0.333	85.507	85.507	0.000	15	0.505	5.388	5.388	0.610		662.440	575	9.591	836961299440016133	836961035454701215	836961035454701214	952	
1	C33H68O11	[M + H]+	C33H69O11+	0.579	0.574	3.106	3.106	0.000	0	0.000	1.744	1.744	1.684		641.485	576	9.602	836961265763947296	836961035588918959	836961035588918958	956	
1	C34H59N5O7S	[M + H3N + H]+	C34H63N6O7S+	0.099	0.101	4.492	4.492	0.000	5	0.025	0.265	0.482	-2.846		699.445	576	9.602	836961277285701118	836961035622473395	836961035622473394	957	
1	C33H62N8O3	[M + H]+	C33H63N8O3+	0.107	0.105	0.952	0.952	0.000	0	0.000	0.590	0.590	0.566		619.502	576	9.603	836961267928208334	836961035656027831	836961035656027830	958	
1	C2OP3S6	[M + Na]+	C2NaOP3S6+	0.584	0.570	-9.436	-9.436	0.000	0	0.000	-2.873	2.873	-3.095		347.737	576	9.603	836961291785410973	836961035555364523	836961035555364522	955	
1	C35H65NO5	[M + H3N + H]+	C35H69N2O5+	0.990	0.333	64.433	55.121	9.312	32	0.841	2.868	2.868	0.653		597.520	577	9.609	836961263155089807	836961035693776571	836961035693776570	959	
1	C37H67NO5	[M + H3N + H]+	C37H71N2O5+	0.991	0.333	57.221	50.552	6.669	29	0.803	3.573	3.573	0.385		623.536	578	9.627	836961264241414640	836961035731525311	836961035727331006	960	
1	C34H42O10	[M - H2O + H]+	C34H41O9+	0.823	0.429	20.437	20.437	0.000	4	0.335	1.791	2.018	-30354.975		593.276	578	9.627	836961315701333513	836961035765079747	836961035765079746	961	
1	C20H30O3	[M - H2O + H]+	C20H29O2+	0.720	0.500	94.541	90.837	3.704	25	0.862	0.104	0.752	-59793.224		301.216	578	9.629	836961272634217714	836961035802828487	836961035798634182	962	
1	C28H59NO3	[M - H2O + H]+	C28H58NO2+	0.701	0.333	34.841	31.105	3.735	7	0.480	0.775	0.775	-40890.963		440.446	578	9.636	836961263356416432	836961035836382923	836961035836382922	963	
1	C23H28O17	[M - H2O + H]+	C23H27O16+	0.683	0.376	4.117	4.117	0.000	0	0.000	4.099	4.099	-32207.614		559.132	582	9.696	836961277759657511	836961035911880403	836961035911880402	965	
1	C10H30O5Si5	[M + H]+	C10H31O5Si5+	0.495	0.279	51.589	51.589	0.000	10	0.526	0.148	1.616	0.018		371.101	582	9.696	836961284546041872	836961035945434839	836961035945434838	966	
1	C18H43N5O7Si5	[M + H]+	C18H44N5O7Si5+	0.336	0.330	23.382	17.832	5.550	15	0.261	-0.821	1.984	-0.992		582.208	582	9.696	836961297196063405	836961035874131663	836961035874131662	964	
1	C16H36N4O7Si5	[M + H3N + H]+	C16H40N5O7Si5+	0.428	0.191	64.793	58.831	5.962	15	0.526	-0.622	1.797	-0.772		554.176	582	9.696	836961283367442348	836961035983183579	836961035983183578	967	
1	C29H58O2	[M + H3N + H]+	C29H62NO2+	0.569	0.500	69.105	65.261	3.845	16	0.729	4.914	4.914	0.183		456.478	583	9.715	836961266158211925	836961036016738015	836961036016738014	968	
1	C19H34O	[M + H3N + H]+	C19H38NO+	1.000	0.333	119.616	115.721	3.896	28	0.677	2.760	2.760	-0.173		296.295	584	9.728	836961275092080018	836961036054486755	836961036054486754	969	
1	C4H4ClNO4Se	[M + Na]+	C4H4ClNNaO4Se+	1.000	0.916	18.440	18.440	0.000	6	0.156	3.254	3.254	1.098		261.895	584	9.732	836961284382464003	836961036083846887	836961036083846886	970	
1	C19H39NO2	[M - H2O + H]+	C19H38NO+	0.994	0.333	39.315	39.315	0.000	9	0.182	0.091	0.179	-60786.184		296.295	584	9.734	836961263717126581	836961036155150063	836961036155150062	972	
1	C36H67NO5	[M + H3N + H]+	C36H71N2O5+	0.989	0.333	71.105	71.105	0.000	16	0.627	1.672	1.960	0.491		611.536	586	9.770	836961282264340266	836961036121595627	836961036121595626	971	
1	C23H42O3	[M + H3N + H]+	C23H46NO3+	1.000	0.333	190.764	187.241	3.523	25	0.549	3.401	3.401	0.024		384.347	591	9.847	836961300119493406	836961036192898803	836961036192898802	973	
1	C22H40O	[M + H3N + H]+	C22H44NO+	1.000	0.333	131.758	128.073	3.684	32	0.627	2.687	2.687	-0.448		338.342	591	9.855	836961264832811631	836961036230647543	836961036230647542	974	
1	C25H49NO3	[M + H3N + H]+	C25H53N2O3+	1.000	0.333	55.006	51.173	3.833	8	0.258	4.562	4.562	0.070		429.405	591	9.857	836961262987317627	836961036268396283	836961036268396282	975	
1	C23H45NO3	[M + Na]+	C23H45NNaO3+	0.898	0.910	14.966	11.516	3.450	1	0.134	-0.460	0.605	0.037		406.329	592	9.859	836961298026535649	836961036306145023	836961036306145022	976	
1	C30H60O2	[M + H3N + H]+	C30H64NO2+	0.599	0.500	81.318	81.318	0.000	24	0.847	4.893	4.893	0.198		470.493	592	9.862	836961266493756278	836961036339699459	836961036339699458	977	
1	C20H32N2O7	[M - H2O + H]+	C20H31N2O6+	0.683	0.333	167.937	165.584	2.354	30	0.600	-0.904	1.021	-45564.331		395.220	594	9.901	836961278158116480	836961036377448199	836961036377448198	978	
1	C32H51NO2	[M + K]+	C32H51KNO2+	0.817	0.813	36.179	36.179	0.000	8	0.186	-0.855	1.919	0.331		520.355	594	9.901	836961281765218035	836961036411002635	836961036411002634	979	
1	C40H82NO10S	[M + H3N + H]+	C40H86N2O10S+	0.337	0.339	78.786	78.786	0.000	33	0.723	0.022	0.469	1.558		786.601	594	9.903	836961353202607350	836961036549414683	836961036549414682	983	
1	C36H38N4O7	[M - H2O + H]+	C36H37N4O6+	0.766	0.176	35.315	35.315	0.000	12	0.314	-1.602	2.819	-28989.501		621.271	594	9.904	836961314057166242	836961036444557071	836961036444557070	980	
1	C44H80NO8P	[M + H]+	C44H81NO8P+	1.000	1.000	15.204	15.204	0.000	4	0.460	1.466	1.466	0.330		782.570	594	9.906	836961282964789093	836961036515860247	836961036515860246	982	
1	C42H78NO8P	[M + H]+	C42H79NO8P+	1.000	1.000	15.472	15.472	0.000	4	0.461	1.242	1.242	0.566		756.554	594	9.906	836961285850470541	836961036482305811	836961036482305810	981	
1	C37H72N2O5	[M + Na]+	C37H72N2NaO5+	1.000	1.000	32.079	25.230	6.850	8	0.512	0.528	0.832	0.395		647.534	595	9.923	836961263314473383	836961036582969119	836961036582969118	984	
1	C37H69NO5	[M + H3N + H]+	C37H73N2O5+	1.000	0.333	137.257	128.611	8.646	42	0.863	1.952	1.952	0.544		625.552	595	9.924	836961281853298435	836961036616523555	836961036616523554	985	
1	C30H63NO3	[M - H2O + H]+	C30H62NO2+	0.837	0.333	19.503	15.751	3.753	5	0.397	1.889	2.608	-38443.970		468.478	596	9.930	836961314799558107	836961036683632427	836961036683632426	987	
1	C44H64O5	[M + H3N + H]+	C44H68NO5+	1.000	1.000	32.340	32.340	0.000	13	0.240	0.029	0.201	-3.107	DG(20:6_21:5)	690.507	596	9.937	836961325004300417	836961036650077991	836961036650077990	986	
1	C39H71NO5	[M + H3N + H]+	C39H75N2O5+	0.988	0.333	78.156	71.270	6.885	36	0.863	2.221	2.221	0.507		651.567	596	9.939	836961265025749661	836961036721381167	836961036721381166	988	
1	C25H52ClN5O3	[M - H2O + H]+	C25H51ClN5O2+	0.411	0.327	80.413	80.413	0.000	25	0.592	-0.023	0.662	-36876.392		488.374	597	9.953	836961278455912093	836961036817850171	836961036817850170	991	
1	C26H41N3O3	[M - H2O + H]+	C26H40N3O2+	0.410	0.284	71.508	71.508	0.000	18	0.362	0.262	0.324	-42244.467		426.313	597	9.955	836961295447038467	836961036788490039	836961036788490038	990	
1	C18H35BFNO4Si	[M - H2O + H]+	C18H34BFNO3Si+	0.392	0.328	84.338	84.338	0.000	28	0.628	0.146	2.123	-48774.761		369.242	597	9.955	836961302778682287	836961036754935603	836961036754935602	989	
1	C39H78N2O5	[M + Na]+	C39H78N2NaO5+	1.000	1.000	105.809	98.031	7.778	40	0.943	3.136	3.136	4.111		677.583	598	9.961	836961268121146333	836961036855598911	836961036855598910	992	
1	C39H67N7O3	[M + H3N + H]+	C39H71N8O3+	0.914	0.308	7.117	7.117	0.000	3	0.127	0.545	0.825	0.594		699.565	598	9.967	836961264555987518	836961036893347651	836961036893347650	993	
1	C18H40Si	[M + H]+	C18H41Si+	1.000	1.000	26.290	26.290	0.000	7	0.091	6.994	6.994	2.824		285.298	600	10.000	836961265956885328	836961036960456523	836961036960456522	995	
1	C40H73NO5	[M + H3N + H]+	C40H77N2O5+	0.981	0.329	35.193	35.193	0.000	7	0.746	0.284	1.679	0.631		665.583	604	10.071	836961265650701049	836961037027565395	836961037027565394	997	
1	C20H36O	[M + H3N + H]+	C20H40NO+	1.000	0.333	160.466	154.145	6.321	37	0.746	1.965	2.433	-0.423		310.310	604	10.072	836961266313401199	836961037065314135	836961037065314134	998	
1	C5S2	[M + K]+	C5KS2+	0.590	0.584	0.269	0.269	0.000	0	0.000	-1.762	1.762	-1.934		162.907	606	10.094	836961271870854361	836961036994010959	836961036994010958	996	
1	C44H64O5	[M + H3N + H]+	C44H68NO5+	1.000	1.000	3.653	3.653	0.000	6	0.140	0.146	0.324	-3.035	DG(20:6_21:5)	690.507	606	10.104	836961275767362998	836961037098868571	836961037098868570	999	
1	C18H45NO3Si3	[M + H3N + H]+	C18H49N2O3Si3+	0.809	0.820	37.427	37.427	0.000	23	0.364	-0.013	0.337	0.954		425.305	607	10.114	836961278091007589	836961037296000883	836961037296000882	1005	
1	C5S2	[M + K]+	C5KS2+	0.582	0.580	0.255	0.255	0.000	0	0.000	-1.953	1.953	-1.934		162.907	607	10.119	836961327466356991	836961037572824975	836961037572824974	1012	
1	CH3N2O2S	[M + K]+	CH3KN2O2S+	1.000	0.977	3.963	3.963	0.000	2	0.005	-0.340	0.340	-1.894		145.954	607	10.123	836961279198303921	836961037165977443	836961037165977442	1001	
1	C3H3ClFO3	[M + Na]+	C3H3ClFNaO3+	1.000	0.904	10.959	10.959	0.000	3	0.112	2.008	2.861	1.918		163.965	608	10.133	836961269450740789	836961037199531879	836961037199531878	1002	
1	C32H64O2	[M + H3N + H]+	C32H68NO2+	0.575	0.500	62.126	58.504	3.622	12	0.804	4.556	4.556	0.327		498.525	608	10.133	836961279399630535	836961037333749623	836961037329555318	1006	
1	C3H4ClO4	[M + Na]+	C3H4ClNaO4+	1.000	0.106	3.799	3.799	0.000	1	0.083	3.514	3.514	3.414		161.970	608	10.134	836961286253123741	836961037459578755	836961037459578754	1009	
1	C3H2ClO3	[M + Na]+	C3H2ClNaO3+	0.968	0.826	12.838	12.838	0.000	5	0.020	6.542	6.542	3.735		143.959	608	10.136	836961333787173473	836961037497327495	836961037497327494	1010	
1	C3H4ClO4	[M + Na]+	C3H4ClNaO4+	1.000	0.089	4.034	4.034	0.000	1	0.091	3.468	3.468	3.414		161.970	608	10.139	836961300945771367	836961037266640751	836961037266640750	1004	
1	CH3N2O2S	[M + K]+	CH3KN2O2S+	1.000	0.979	4.075	4.075	0.000	2	0.005	-0.507	0.507	-1.928		145.954	608	10.140	836961327319556319	836961037606379411	836961037606379410	1013	
1	C42H75NO5	[M + H3N + H]+	C42H79N2O5+	0.935	0.333	41.500	34.447	7.053	18	0.767	3.639	3.639	0.564		691.599	608	10.141	836961282734102350	836961037421830015	836961037417635710	1008	
1	C3H2ClO3	[M + Na]+	C3H2ClNaO3+	0.972	0.867	12.633	12.633	0.000	5	0.020	6.871	6.871	3.666		143.959	609	10.142	836961279403824840	836961037233086315	836961037233086314	1003	
1	C39H77BN6O5	[M + K]+	C39H77BKN6O5+	0.992	0.702	59.038	59.038	0.000	23	0.606	-1.190	2.336	-2.392		758.570	610	10.159	836961312517856555	836961037379886971	836961037379886970	1007	
1	C3H6ClFO4	[M - H2O + H]+	C3H5ClFO3+	0.623	0.069	7.572	7.572	0.000	2	0.114	4.125	4.125	-125951.749		142.991	610	10.160	836961272051209443	836961037681876891	836961037681876890	1015	
1	C3HNO5S	[M + H]+	C3H2NO5S+	0.699	0.489	35.616	35.616	0.000	6	0.202	0.488	1.595	1.100		163.965	610	10.168	836961287511415000	836961037535076235	836961037535076234	1011	
1	C46H68O5	[M + H3N + H]+	C46H72NO5+	1.000	1.000	5.079	5.079	0.000	4	0.091	-0.057	0.349	-3.049	DG(22:6_21:5)	718.538	611	10.176	836961276220347832	836961037639933847	836961037639933846	1014	
1	C39H77BN6O5	[M + K]+	C39H77BKN6O5+	0.992	0.702	59.038	59.038	0.000	23	0.606	-1.190	2.336	-2.405		758.570	611	10.181	836961322940702694	836961037778345895	836961037778345894	1018	
1	C2HCl4F	[M + H]+	C2H2Cl4F+	0.430	0.433	-1.301	-1.301	0.000	0	0.000	1.074	1.074	0.647		184.889	611	10.188	836961294545263071	836961037744791459	836961037744791458	1017	
1	C41H75NO5	[M + H3N + H]+	C41H79N2O5+	0.985	0.333	80.041	70.954	9.087	35	0.840	2.156	2.444	0.603		679.599	612	10.205	836961284831254566	836961037849649071	836961037849649070	1020	
1	C30H44O4	[M - H2O + H]+	C30H43O3+	0.920	0.500	31.418	28.744	2.674	3	0.604	-1.013	1.013	-39906.132		451.321	614	10.231	836961277856126541	836961037920952247	836961037920952246	1022	
1	C28H42O4	[M - H2O + H]+	C28H41O3+	0.816	0.500	92.034	85.391	6.643	22	0.762	-0.642	0.766	-42347.484		425.305	614	10.240	836961288564185351	836961037958700987	836961037958700986	1023	
1	C30H47NO3	[M + H]+	C30H48NO3+	0.637	0.333	63.148	60.190	2.958	11	0.368	-0.690	1.221	0.275		470.363	614	10.241	836961276232930745	836961037992255423	836961037992255422	1024	
1	C16H26B9N3O4S	[M + H]+	C16H27B9N3O4S+	0.347	0.333	61.065	61.065	0.000	24	0.592	-2.169	2.331	-2.374		447.287	614	10.241	836961296915045015	836961038025809859	836961038025809858	1025	
1	C39H80NO8P	[M + Na]+	C39H80NNaO8P+	0.967	0.880	49.229	49.229	0.000	23	0.425	0.294	0.368	3.874		744.554	615	10.256	836961327378276580	836961037887397811	836961037887397810	1021	
1	C38H79N5O10S	[M - H2O + H]+	C38H78N5O9S+	0.379	0.325	58.373	58.373	0.000	29	0.593	0.292	1.710	-23073.736		780.552	616	10.260	836961380331365740	836961037816094635	836961037816094634	1019	
1	C44H83N3O9Si	[M - H2O + H]+	C44H82N3O8Si+	0.321	0.294	77.873	77.873	0.000	33	0.686	-1.667	2.706	-22278.620		808.583	616	10.264	836961349943633119	836961037711237023	836961037711237022	1016	
1	C43H77FN2O8	[M + H3N + H]+	C43H81FN3O8+	0.297	0.287	61.415	61.415	0.000	21	0.484	0.256	1.201	1.079		786.601	616	10.267	836961332721820149	836961038059364295	836961038059364294	1026	
1	C25H51NO3	[M - H2O + H]+	C25H50NO2+	0.537	0.333	65.035	61.176	3.859	11	0.504	4.783	4.783	-45437.595		396.383	616	10.273	836961298420800248	836961038092918731	836961038092918730	1027	
1	C40H57O3	[M - H2O + H]+	C40H56O2+	0.612	0.499	66.770	66.770	0.000	14	0.580	0.055	1.480	-31685.026		568.427	616	10.275	836961282092373778	836961038126473167	836961038126473166	1028	
1	C37H77N5O10S	[M - H2O + H]+	C37H76N5O9S+	0.229	0.202	44.877	44.877	0.000	30	0.564	-0.202	1.392	-23496.066		766.536	617	10.291	836961348723090615	836961038164221907	836961038164221906	1029	
1	C39H80NO8P	[M + Na]+	C39H80NNaO8P+	0.936	0.824	51.150	51.150	0.000	23	0.425	0.257	0.331	3.867		744.554	618	10.299	836961333577458244	836961038407491567	836961038407491566	1036	
1	C46H68O5	[M + H3N + H]+	C46H72NO5+	1.000	1.000	4.873	4.873	0.000	4	0.094	0.029	0.349	-3.007	DG(22:6_21:5)	718.538	618	10.304	836961269362660403	836961038306828259	836961038306828258	1033	
1	C38H79N5O10S	[M - H2O + H]+	C38H78N5O9S+	0.379	0.325	58.373	58.373	0.000	29	0.593	0.292	1.710	-23073.697		780.552	618	10.307	836961377563125058	836961038508154875	836961038508154874	1039	
1	C2HCl4F	[M + H]+	C2H2Cl4F+	0.446	0.439	-1.288	-1.288	0.000	0	0.000	0.912	0.912	0.809		184.889	618	10.307	836961319748837182	836961038340382695	836961038340382694	1034	
1	C39H77BN6O5	[M + K]+	C39H77BKN6O5+	0.976	0.603	54.411	54.411	0.000	25	0.608	-1.190	2.468	-2.392		758.570	619	10.310	836961347947144317	836961038273273823	836961038273273822	1032	
1	C28H46N6O6Si3	[M - H2O + H]+	C28H45N6O5Si3+	0.333	0.301	50.948	50.948	0.000	22	0.681	0.590	2.271	-28623.904		629.274	619	10.313	836961353710118155	836961038201970647	836961038201970646	1030	
1	C36H40N4O6	[M - H2O + H]+	C36H39N4O5+	0.771	0.333	123.643	117.067	6.575	26	0.634	-0.089	1.479	-29657.583		607.291	619	10.315	836961305630809165	836961038239719387	836961038239719386	1031	
1	C35H52O3	[M - H2O + H]+	C35H51O2+	0.971	0.500	74.573	70.830	3.744	17	0.402	0.668	1.350	-35778.250		503.389	620	10.334	836961335829799634	836961038373937131	836961038373937130	1035	
1	C45H76O12S	[M + H3N + H]+	C45H80NO12S+	1.000	1.000	143.217	143.217	0.000	24	0.581	0.963	1.809	0.519		858.540	621	10.349	836961277029848564	836961038441046003	836961038441046002	1037	
1	C35H30O9	[M + K]+	C35H30KO9+	0.813	0.804	4.264	4.264	0.000	0	0.000	-2.667	2.667	-2.733		633.150	621	10.357	836961275507316139	836961038579458051	836961038579458050	1041	
1	C28H33F2N7O8	[M + Na]+	C28H33F2N7NaO8+	0.092	0.250	10.615	10.615	0.000	5	0.091	1.833	2.773	2.106		656.226	621	10.358	836961333871059561	836961038545903615	836961038545903614	1040	
1	C18H42N4O8Si6	[M + H3N + H]+	C18H46N5O8Si6+	0.513	0.327	38.235	32.888	5.347	21	0.761	-0.558	1.322	-0.715		628.195	621	10.358	836961359699584292	836961038617206791	836961038617206790	1042	
1	C45H86NO8P	[M + H]+	C45H87NO8P+	1.000	1.000	19.706	19.706	0.000	5	0.432	1.016	1.016	0.360		800.617	622	10.368	836961284223080426	836961038474600439	836961038474600438	1038	
1	CHN2O3S	[M + Na]+	CHN2NaO3S+	0.998	0.193	6.140	6.140	0.000	3	0.009	-6.791	6.791	-6.867		143.959	623	10.380	836961285607200875	836961038751424535	836961038751424534	1046	
1	C37H72NO8P	[M + Na]+	C37H72NNaO8P+	1.000	1.000	18.523	18.523	0.000	9	0.331	1.007	3.335	0.455		712.489	624	10.406	836961286907435175	836961038684315663	836961038684315662	1044	
1	C46H68O5	[M + H3N + H]+	C46H72NO5+	1.000	1.000	3.675	3.675	0.000	4	0.095	0.324	0.545	-3.119	DG(22:6_21:5)	718.538	624	10.408	836961306348035203	836961038784978971	836961038784978970	1047	
1	C28H52F3N3O4Si	[M - H2O + H]+	C28H51F3N3O3Si+	0.197	0.202	39.127	39.127	0.000	22	0.495	0.236	1.397	-32024.241		562.366	625	10.412	836961329550926171	836961038650761227	836961038650761226	1043	
1	C30H44O4	[M - H2O + H]+	C30H43O3+	0.937	0.500	47.630	43.994	3.636	10	0.433	0.287	1.205	-39906.086		451.321	626	10.439	836961306264149097	836961038717870099	836961038717870098	1045	
1	C32H69N2O5P	[M - H2O + H]+	C32H68N2O4P+	0.466	0.329	8.662	4.979	3.683	6	0.109	5.282	5.282	-31295.492		575.491	630	10.492	836961279340910265	836961038818533407	836961038818533406	1048	
1	C31H55NO14	[M + H]+	C31H56NO14+	0.367	0.264	24.916	24.916	0.000	4	0.396	-1.304	1.304	-1.278		666.369	631	10.520	836961322647101383	836961038852087843	836961038852087842	1049	
1	C3H5O2PS	[M + Na]+	C3H5NaO2PS+	0.812	0.796	4.039	4.039	0.000	1	0.010	3.708	3.708	0.549		158.964	633	10.552	836961308482935964	836961038948556843	836961038948556842	1051	
1	C5H5Cl4FO5	[M + Na]+	C5H5Cl4FNaO5+	0.990	0.145	19.064	19.064	0.000	9	0.236	-0.260	0.991	-0.330		326.877	634	10.559	836961310986935553	836961038885642279	836961038881447974	1050	
1	C44H81N3O8Si	[M + H]+	C44H82N3O8Si+	0.239	0.154	80.852	80.852	0.000	30	0.642	-1.608	3.189	-4.483		808.583	636	10.596	836961610468632031	836961038982111279	836961038982111278	1052	
1	CHN2O3S	[M + Na]+	CHN2NaO3S+	1.000	0.235	5.446	5.446	0.000	3	0.007	-6.722	6.722	-6.902		143.959	638	10.629	836961316179484252	836961039154077763	836961039154077762	1057	
1	C20H43NO2	[M - H2O + H]+	C20H42NO+	0.770	0.333	25.069	21.416	3.652	5	0.321	4.678	4.678	-57666.479		312.326	642	10.701	836961306394172550	836961039019860019	836961039015665714	1053	
1	C32H42N2O2	[M + H3N + H]+	C32H46N3O2+	0.476	0.332	47.232	41.278	5.954	7	0.327	3.921	3.921	3.699		504.360	642	10.706	836961289809893702	836961039086968891	836961039086968890	1055	
1	C19H38N8O5	[M + H]+	C19H39N8O5+	0.359	0.333	58.952	58.952	0.000	17	0.506	0.091	1.048	-3.130		459.302	642	10.707	836961296638220883	836961039049220151	836961039049220150	1054	
1	C30H38N2O2	[M + H3N + H]+	C30H42N3O2+	0.677	0.032	43.866	43.866	0.000	11	0.359	0.472	0.884	3.729		476.329	642	10.707	836961295233128937	836961039120523327	836961039120523326	1056	
1	C22H40O	[M + H3N + H]+	C22H44NO+	1.000	0.333	119.054	115.133	3.922	31	0.692	2.875	2.875	-0.359		338.342	643	10.720	836961312790486339	836961039187632199	836961039187632198	1058	
1	C28H43O3	[M - H2O + H]+	C28H42O2+	0.554	0.487	46.081	42.579	3.503	7	0.822	-0.146	0.851	-43894.047		410.318	644	10.729	836961337306194755	836961039254741071	836961039254741070	1060	
1	C5H5Cl4FO5	[M + Na]+	C5H5Cl4FNaO5+	0.992	0.338	7.001	7.001	0.000	6	0.210	-0.498	1.035	-0.269		326.877	645	10.749	836961322240253883	836961039221186635	836961039221186634	1059	
1	C5H5Cl4FO5	[M + Na]+	C5H5Cl4FNaO5+	0.994	0.345	6.554	6.554	0.000	6	0.184	-0.660	1.141	-0.254		326.877	646	10.769	836961306238983260	836961039388958815	836961039388958814	1064	
1	C41H74O8	[M - H2O + H]+	C41H73O7+	0.366	0.362	4.209	4.209	0.000	0	0.000	-3.222	3.222	-26585.666		677.533	646	10.771	836961287091984553	836961039288295507	836961039288295506	1061	
1	C51H84O15	[M + Na]+	C51H84NaO15+	0.269	0.293	4.489	4.489	0.000	0	0.000	0.137	0.137	0.174		959.570	649	10.815	836961283224835968	836961039355404379	836961039355404378	1063	
1	C47H85N7O14	[M - H2O + H]+	C47H84N7O13+	0.238	0.227	97.611	97.611	0.000	17	0.696	3.466	3.963	-18863.426		954.615	649	10.817	836961315760053790	836961039321849943	836961039321849942	1062	
1	C30H34ClF3N4O7S	[M + Na]+	C30H34ClF3N4NaO7S+	0.106	0.400	21.982	21.982	0.000	16	0.361	-0.522	1.613	-0.315		709.168	652	10.870	836961563484038605	836961039460261991	836961039460261990	1066	
1	C28H34O21	[M + H]+	C28H35O21+	0.260	0.258	4.145	4.145	0.000	0	0.000	3.840	3.840	4.080		707.169	652	10.872	836961283132561255	836961039426707555	836961039426707554	1065	
1	C33H40IN3O4	[M + K]+	C33H40IKN3O4+	0.033	0.133	10.496	10.496	0.000	4	0.249	-0.814	0.814	0.758		708.170	652	10.872	836961343903835149	836961039569313907	836961039569313906	1069	
1	C29H47N3O6Si6	[M + H]+	C29H48N3O6Si6+	0.340	0.326	39.894	36.577	3.317	20	0.702	-0.378	0.712	-1.697		702.214	652	10.872	836961339491427243	836961039493816427	836961039493816426	1067	
1	C30H35N9O13	[M + H]+	C30H36N9O13+	0.274	0.284	6.078	6.078	0.000	3	0.037	3.755	3.755	3.412		730.245	652	10.873	836961348140082325	836961039531565167	836961039531565166	1068	
1	C35H54O4	[M - H2O + H]+	C35H53O3+	0.765	0.500	19.985	16.613	3.373	4	0.424	0.710	1.394	-34541.983		521.399	654	10.900	836961316968013412	836961039602868343	836961039602868342	1070	
1	C35H52O3	[M - H2O + H]+	C35H51O2+	0.983	0.499	10.207	6.548	3.658	1	0.097	0.388	0.388	-35778.148		503.389	655	10.912	836961313239276941	836961039636422779	836961039636422778	1071	
1	C8H13N3O	[M - H2O + H]+	C8H12N3+	1.000	0.333	23.882	23.882	0.000	3	0.731	2.011	2.011	-119987.998		150.103	659	10.984	836961332373692909	836961039665782911	836961039665782910	1072	
1	C32H60O	[M + H3N + H]+	C32H64NO+	0.984	0.333	60.659	56.972	3.687	13	0.426	4.674	4.674	0.414		478.498	659	10.984	836961287175870660	836961039737086087	836961039737086086	1074	
1	C30H58O	[M + H3N + H]+	C30H62NO+	0.629	0.333	14.263	14.263	0.000	5	0.160	0.321	0.321	0.106		452.483	660	10.993	836961332537270770	836961039766446219	836961039766446218	1075	
1	C45H86NO8P	[M + H]+	C45H87NO8P+	1.000	1.000	33.395	26.852	6.543	6	0.636	1.225	1.225	0.447		800.617	661	11.009	836961318268247747	836961039703531651	836961039703531650	1073	
1	C8H13N3O	[M - H2O + H]+	C8H12N3+	1.000	0.333	24.426	24.426	0.000	3	0.750	2.165	2.165	-119987.924		150.103	662	11.042	836961308558433451	836961039800000655	836961039800000654	1076	
1	C24H49N7O2Si	[M - H2O + H]+	C24H48N7OSi+	0.337	0.318	21.794	21.794	0.000	12	0.584	0.446	0.646	-37650.534		478.368	668	11.138	836961288870369561	836961039867109527	836961039867109526	1078	
1	C36H69NO	[M + H3N + H]+	C36H73N2O+	0.956	0.333	21.180	21.180	0.000	4	0.282	3.431	3.431	0.689		549.572	668	11.140	836961285066135643	836961039938412703	836961039938412702	1080	
1	C30H42O3	[M - H2O + H]+	C30H41O2+	0.836	0.500	62.196	58.329	3.867	12	0.625	-0.023	1.456	-41564.798		433.310	668	11.140	836961287683381484	836961039837749395	836961039837749394	1077	
1	C34H62O	[M + H3N + H]+	C34H66NO+	0.988	0.333	79.003	72.222	6.780	26	0.802	1.837	1.837	0.412		504.514	668	11.141	836961313897782682	836961039904858267	836961039904858266	1079	
1	C45H74O10	[M + Na]+	C45H74NaO10+	0.223	0.221	4.459	4.459	0.000	0	0.000	0.505	0.505	0.452		797.518	672	11.192	836961290183186777	836961040034881707	836961040034881706	1083	
1	C43H79NO10	[M + Na]+	C43H79NNaO10+	0.999	1.000	76.979	76.979	0.000	12	0.763	2.300	2.342	3.585		792.562	672	11.194	836961296713718381	836961040001327271	836961040001327270	1082	
1	CH7N4O2	[M + H3N + H]+	CH11N5O2+	0.508	0.500	-1.249	-1.249	0.000	0		-3.118	3.118	-2.926		125.090	672	11.202	836961287737907461	836961040068436143	836961040068436142	1084	
1	C8H13N3O	[M - H2O + H]+	C8H12N3+	1.000	0.333	29.486	29.486	0.000	4	0.834	3.097	3.097	-119987.886		150.103	674	11.235	836961287633049831	836961039967772835	836961039967772834	1081	
1	C32H46O2	[M + H3N + H]+	C32H50NO2+	0.179	0.042	13.063	13.063	0.000	4	0.138	0.419	0.419	0.632		480.384	674	11.240	836961317257420447	836961040101990579	836961040097796274	1085	
1	C8H13N3O	[M - H2O + H]+	C8H12N3+	1.000	0.333	25.893	25.893	0.000	3	0.799	2.631	2.631	-119987.886		150.103	676	11.272	836961318364716742	836961040135545015	836961040135545014	1086	
1	C42H69NO8	[M - H2O + H]+	C42H68NO7+	0.511	0.238	4.949	4.949	0.000	2	0.431	0.603	1.849	-25783.991		698.499	677	11.288	836961298005564115	836961040173293755	836961040173293754	1087	
1	C34H34N2O14	[M + H3N + H]+	C34H38N3O14+	0.201	0.225	5.020	5.020	0.000	3	0.039	0.301	0.363	-0.069		712.235	678	11.293	836961329974550909	836961040206848191	836961040206848190	1088	
1	C24H41F3N2O7Si5	[M + H3N + H]+	C24H45F3N3O7Si5+	0.334	0.321	91.067	91.067	0.000	24	0.661	-0.306	0.752	-2.360		684.203	678	11.298	836961347406079070	836961040244596931	836961040244596930	1089	
1	C35H52O4	[M - H2O + H]+	C35H51O3+	0.960	0.500	34.904	31.230	3.674	4	0.454	0.643	0.799	-34676.036		519.384	679	11.309	836961284135000022	836961040282345671	836961040282345670	1090	
1	C40H38O14	[M + K]+	C40H38KO14+	0.787	0.796	4.390	4.390	0.000	0	0.000	-1.307	1.307	-1.439		781.188	679	11.324	836961309929970880	836961040353648847	836961040353648846	1092	
1	C28H48BrN11O7S2	[M - H2O + H]+	C28H47BrN11O6S2+	0.345	0.328	44.672	44.672	0.000	19	0.525	0.400	0.773	-23202.594		776.233	679	11.325	836961533595428276	836961040315900107	836961040315900106	1091	
1	C41H37N7O11	[M + H]+	C41H38N7O11+	0.080	0.096	2.000	2.000	0.000	0	0.000			2.012		804.264	680	11.325	836961312891149660	836961040387203283	836961040387203282	1093	
1	C34H62O	[M + H3N + H]+	C34H66NO+	0.986	0.333	81.706	74.973	6.733	25	0.783	2.268	2.268	0.392		504.514	680	11.333	836961311108570380	836961040424952023	836961040424952022	1094	
1	C36H69NO	[M + H3N + H]+	C36H73N2O+	0.940	0.333	17.192	17.192	0.000	4	0.189	0.749	1.613	0.725		549.572	681	11.347	836961285502343270	836961040458506459	836961040458506458	1095	
1	C8H13N3O	[M - H2O + H]+	C8H12N3+	1.000	0.333	29.824	29.824	0.000	4	0.846	3.040	3.040	-119987.961		150.103	684	11.406	836961292297116108	836961040521421027	836961040521421026	1097	
1	CH7N4O2	[M + H3N + H]+	CH11N5O2+	0.514	0.500	-1.279	-1.279	0.000	0		-3.637	3.637	-3.046		125.090	685	11.411	836961292368419286	836961040487866591	836961040487866590	1096	
1	C8H13N3O	[M - H2O + H]+	C8H12N3+	1.000	0.333	28.305	28.305	0.000	4	0.818	3.244	3.244	-119987.961		150.103	687	11.449	836961319333601069	836961040554975463	836961040550781158	1098	
1	C35H52O4	[M - H2O + H]+	C35H51O3+	0.965	0.500	28.252	24.890	3.362	4	0.444	0.761	1.213	-34676.055		519.384	687	11.451	836961291156265355	836961040588529899	836961040588529898	1099	
1	C30H44O3	[M - H2O + H]+	C30H43O2+	0.774	0.500	44.102	40.467	3.635	10	0.236	0.751	1.215	-41372.248		435.326	690	11.507	836961292230007218	836961040622084335	836961040622084334	1100	
1	CH10N5O2	[M + H]+	CH11N5O2+	0.502	0.500	1.532	1.532	0.000	1	0.000	-7.014	7.014	-3.246		125.090	692	11.525	836961313352523159	836961040684998903	836961040684998902	1102	
1	C8H13N3O	[M - H2O + H]+	C8H12N3+	1.000	0.333	24.356	24.356	0.000	3	0.871	2.396	2.396	-119987.961		150.103	692	11.527	836961301834963871	836961040651444467	836961040651444466	1101	
1	C35H59FN4O2	[M + H3N + H]+	C35H63FN5O2+	0.932	0.936	32.476	32.476	0.000	14	0.640	1.517	1.995	1.487	DG(13:0_21:5)	604.497	695	11.589	836961292326476240	836961040932462867	836961040932462866	1109	
1	C61H110O15	[M + H]+	C61H111O15+	0.336	0.335	8.673	4.438	4.235	2	0.343	2.474	2.474	-1.116		1083.791	695	11.590	836961331429974461	836961040865353995	836961040865353994	1107	
1	C35H54O6	[M - H2O + H]+	C35H53O5+	0.919	0.496	12.474	7.126	5.347	2	0.434	2.369	2.369	-32543.232		553.390	695	11.590	836961317152562825	836961040794050819	836961040794050818	1105	
1	C31H62O6Si	[M + H3N + H]+	C31H66NO6Si+	0.367	0.333	61.785	57.084	4.701	23	0.778	4.749	4.749	0.916		576.466	695	11.590	836961320973574015	836961040756302079	836961040756302078	1104	
1	C29H60O7Si	[M - H2O + H]+	C29H59O6Si+	0.638	0.500	73.915	71.490	2.424	32	0.905	5.038	5.038	-33890.754		531.408	695	11.590	836961304997469225	836961040831799559	836961040831799558	1106	
1	C29H54O9	[M + Na]+	C29H54NaO9+	0.414	0.419	6.997	4.203	2.794	0	0.000	-3.281	3.281	-3.467		569.364	695	11.591	836961312836623688	836961040903102735	836961040898908430	1108	
1	C8H12N4O	[M - H2O + H]+	C8H11N4+	0.964	0.333	23.400	23.400	0.000	4	0.678	1.767	1.767	-110427.668		163.098	696	11.608	836961292599106009	836961040966017303	836961040966017302	1110	
1	C8H13N3O	[M - H2O + H]+	C8H12N3+	1.000	0.333	29.874	29.874	0.000	4	0.855	3.040	3.040	-119987.886		150.103	698	11.628	836961287171676351	836961040718553339	836961040718553338	1103	
1	C8H13N3O	[M - H2O + H]+	C8H12N3+	1.000	0.333	29.906	29.906	0.000	4	0.829	3.227	3.227	-119987.886		150.103	699	11.646	836961285615589492	836961040995377435	836961040995377434	1111	
1	C3H9NO3	[M + H3N + H]+	C3H13N2O3+	0.936	0.945	2.264	2.264	0.000	1	0.025	-7.945	7.945	-13.660		125.090	703	11.711	836961305228155958	836961041033126175	836961041033126174	1112	
1	C8H13N3O	[M - H2O + H]+	C8H12N3+	1.000	0.333	24.510	24.510	0.000	3	0.846	2.345	2.345	-119987.924		150.103	704	11.739	836961287259756744	836961041062486307	836961041062486306	1113	
1	C8H13N3O	[M - H2O + H]+	C8H12N3+	1.000	0.333	20.422	17.501	2.921	4	0.713	3.505	3.505	-119987.886		150.103	709	11.810	836961296059406898	836961041096040743	836961041096040742	1114	
1	C8H12N4O	[M - H2O + H]+	C8H11N4+	0.963	0.333	22.416	22.416	0.000	3	0.745	2.385	2.385	-110427.668		163.098	710	11.827	836961313033756038	836961041129595179	836961041129595178	1115	
1	C46H40O14	[M + K]+	C46H40KO14+	0.264	0.248	4.274	4.274	0.000	0	0.000	2.560	2.560	2.252		855.207	710	11.828	836961330695971232	836961041163149615	836961041163149614	1116	
1	C34H57N3O12Si6	[M - H2O + H]+	C34H56N3O11Si6+	0.271	0.097	50.606	50.606	0.000	13	0.656	0.120	1.734	-21183.610		850.252	710	11.829	836961344172270621	836961041234452791	836961041234452790	1118	
1	C42H49NO18	[M + Na]+	C42H49NNaO18+	0.081	0.128	2.000	2.000	0.000	0	0.000			-1.554		878.283	710	11.829	836961297271560899	836961041200898355	836961041200898354	1117	
1	C33H59N5O9	[M + H]+	C33H60N5O9+	0.496	0.333	45.248	45.248	0.000	9	0.448	1.879	1.879	2.096		670.440	713	11.886	836961330402369930	836961041268007227	836961041268007226	1119	
1	C33H56N4O9	[M + H3N + H]+	C33H60N5O9+	0.368	0.333	54.409	54.409	0.000	16	0.411	0.293	1.771	2.103		670.440	714	11.901	836961332868620816	836961041481916759	836961041477722454	1126	
1	C14H42O7Si7	[M + H3N + H]+	C14H46NO7Si7+	0.672	0.500	31.537	19.215	12.322	13	0.805	-0.114	0.362	1.035		536.166	715	11.919	836961318146612920	836961041372864839	836961041372864838	1122	
1	C29H35NO8	[M + K]+	C29H35KNO8+	0.103	0.122	2.000	2.000	0.000	0	0.000			-4.316		564.197	715	11.920	836961300358568754	836961041410613579	836961041410613578	1123	
1	C23H26O16	[M - H2O + H]+	C23H25O15+	0.636	0.332	5.384	5.384	0.000	2	0.084	2.553	2.562	-33280.800		541.120	715	11.921	836961309938359506	836961041477722451	836961041477722450	1125	
1	C8H12N4O	[M - H2O + H]+	C8H11N4+	0.961	0.333	31.579	31.579	0.000	5	0.724	2.101	2.101	-110427.736		163.098	715	11.922	836961296281705021	836961041305755967	836961041305755966	1120	
1	C8H13N3O	[M - H2O + H]+	C8H12N3+	0.716	0.333	38.853	38.853	0.000	6	0.852	2.975	2.975	-119987.961		150.103	717	11.942	836961287297505486	836961041444168015	836961041439973710	1124	
1	C8H13N3O	[M - H2O + H]+	C8H12N3+	0.723	0.333	34.165	34.165	0.000	5	0.848	2.705	2.705	-119987.961		150.103	717	11.946	836961287419140308	836961041481916763	836961041481916762	1127	
1	CH7N4O2	[M + H3N + H]+	CH11N5O2+	0.505	0.500	-1.301	-1.301	0.000	0		-4.005	4.005	-3.286		125.090	717	11.947	836961294624954854	836961041335116099	836961041335116098	1121	
