formulaRank	molecularFormula	adduct	precursorFormula	NPC#pathway	NPC#pathway Probability	NPC#superclass	NPC#superclass Probability	NPC#class	NPC#class Probability	ClassyFire#superclass	ClassyFire#superclass probability	ClassyFire#class	ClassyFire#class Probability	ClassyFire#subclass	ClassyFire#subclass Probability	ClassyFire#level 5	ClassyFire#level 5 Probability	ClassyFire#most specific class	ClassyFire#most specific class Probability	ClassyFire#all classifications	ionMass	retentionTimeInSeconds	retentionTimeInMinutes	formulaId	alignedFeatureId	compoundId	mappingFeatureId	overallFeatureQuality
1	C68H131NO2	[M + H3N + H]+	C68H135N2O2+	Fatty acids	0.976	Fatty amides	0.627	N-acyl amines	0.140	Lipids and lipid-like molecules	0.851							Lipids and lipid-like molecules	0.851	Organic compounds; Lipids and lipid-like molecules; Organic acids and derivatives; Carboxylic acids and derivatives; Organonitrogen compounds; Organooxygen compounds; Carboxylic acid amides; Carboxylic acid derivatives; Carbonyl compounds; Organic oxides; Hydrocarbon derivatives; Organopnictogen compounds; Organic oxygen compounds; Organic nitrogen compounds; Chemical entities	1012.050	27	0.450	839079740622999952	839079602856885986	839079602852691681	7	
1	C52H95N3O4	[M + K]+	C52H95KN3O4+	Terpenoids	0.397	Meroterpenoids	0.598	Prenyl quinone meroterpenoids	0.804	Organic oxygen compounds	1.000	Organooxygen compounds	0.998	Carbonyl compounds	0.744	Ketones	0.555	Benzoquinones	0.520	Organic compounds; Lipids and lipid-like molecules; Ketones; Prenol lipids; Organic acids and derivatives; Carboxylic acids and derivatives; Organonitrogen compounds; Organooxygen compounds; Carboxylic acid amides; Quinone and hydroquinone lipids; Carbonyl compounds; Benzoquinones; Organic oxides; Azacyclic compounds; Hydrocarbon derivatives; Organopnictogen compounds; Organic oxygen compounds; Organic nitrogen compounds; Chemical entities	864.697	28	0.464	839079746797015964	839079602064162506	839079602043190985	1	
1	C50H99NO9	[M + Na]+	C50H99NNaO9+	Terpenoids	0.876	Meroterpenoids	0.981	Prenyl quinone meroterpenoids	0.961	Lipids and lipid-like molecules	0.965	Prenol lipids	0.988	Quinone and hydroquinone lipids	0.897	Prenylquinones	0.952	Ubiquinones	0.869	Organic compounds; Lipids and lipid-like molecules; Ketones; Alcohols and polyols; Prenol lipids; Organic acids and derivatives; Organonitrogen compounds; Primary alcohols; Organooxygen compounds; Carboxylic acid amides; Quinone and hydroquinone lipids; Ubiquinones; Secondary carboxylic acid amides; Polyterpenoids; Carbonyl compounds; Benzoquinones; P-benzoquinones; Quinones; Prenylquinones; Cyclic ketones; Vinylogous esters; Fatty Acyls; Organic oxides; Hydrocarbon derivatives; Organopnictogen compounds; Organic oxygen compounds; Organic nitrogen compounds; Chemical entities	880.719	28	0.465	839079756183869416	839079602361958094	839079602353569485	2	
1	C50H99NO10	[M + Na]+	C50H99NNaO10+	Terpenoids	0.616	Meroterpenoids	0.519	Open-chain polyketides	0.574	Lipids and lipid-like molecules	0.922	Fatty Acyls	0.534	Fatty amides	0.538			Fatty amides	0.538	Organic compounds; Lipids and lipid-like molecules; Alcohols and polyols; Ethers; Prenol lipids; Organic acids and derivatives; Carboxylic acids and derivatives; Organonitrogen compounds; Primary alcohols; Organooxygen compounds; Fatty amides; Carboxylic acid amides; Carboxylic acid derivatives; Secondary alcohols; Secondary carboxylic acid amides; Carbonyl compounds; Fatty Acyls; Organic oxides; Hydrocarbon derivatives; Organopnictogen compounds; Organic oxygen compounds; Organic nitrogen compounds; Chemical entities	896.713	28	0.467	839079746503414625	839079602504564434	839079602500370129	3	
1	C68H129NO2	[M + H3N + H]+	C68H133N2O2+	Fatty acids	0.998	Spingolipids	0.840	Ceramides	0.299	Lipids and lipid-like molecules	0.922	Fatty Acyls	0.812	Fatty amides	0.706	N-acyl amines	0.636	N-acyl amines	0.636	Organic compounds; Lipids and lipid-like molecules; Organic acids and derivatives; Carboxylic acids and derivatives; Organonitrogen compounds; Organooxygen compounds; Fatty amides; Carboxylic acid amides; Carboxylic acid derivatives; N-acyl amines; Carbonyl compounds; Fatty Acyls; Organic oxides; Hydrocarbon derivatives; Organopnictogen compounds; Organic oxygen compounds; Organic nitrogen compounds; Chemical entities	1010.035	28	0.468	839079740744634772	839079602701696730	839079602701696729	5	
1	C56H99N5O7	[M - H2O + H]+	C56H98N5O6+	Fatty acids	0.740	Oligopeptides	0.729	Lipopeptides	0.350	Organic acids and derivatives	0.972	Carboxylic acids and derivatives	0.946	Amino acids, peptides, and analogues	0.607	Amino acids and derivatives	0.582	Amino acids and derivatives	0.582	Organic compounds; Organoheterocyclic compounds; Lipids and lipid-like molecules; Amino acids, peptides, and analogues; Alcohols and polyols; Organic acids and derivatives; Carboxylic acids and derivatives; Organonitrogen compounds; Organooxygen compounds; Fatty amides; Amino acids and derivatives; Carboxylic acid amides; Carboxylic acid derivatives; N-acyl amines; Secondary alcohols; Secondary carboxylic acid amides; Carbonyl compounds; Fatty Acyls; Organic oxides; Azacyclic compounds; Hydrocarbon derivatives; Organopnictogen compounds; Organic oxygen compounds; Organic nitrogen compounds; Chemical entities	936.750	28	0.468	839079749468787854	839079602622004950	839079602617810645	4	
1	C47H79NO4	[M + Na]+	C47H79NNaO4+	Terpenoids	0.934	Meroterpenoids	0.996	Prenyl quinone meroterpenoids	0.998	Lipids and lipid-like molecules	0.968	Prenol lipids	0.993	Quinone and hydroquinone lipids	0.985	Prenylquinones	0.975	Polyprenylbenzoquinones	0.643	Organic compounds; Lipids and lipid-like molecules; Ketones; Prenol lipids; Organic acids and derivatives; Organonitrogen compounds; Organooxygen compounds; Polyprenylbenzoquinones; Quinone and hydroquinone lipids; Ubiquinones; Carbonyl compounds; Benzoquinones; Benzenoids; P-benzoquinones; Quinones; Prenylquinones; Cyclic ketones; Vinylogous esters; Organic oxides; Hydrocarbon derivatives; Organopnictogen compounds; Organic oxygen compounds; Organic nitrogen compounds; Chemical entities	744.593	28	0.468	839079749477176480	839079603016269546	839079603012075241	9	
1	C49H76O5	[M - H2O + H]+	C49H75O4+	Terpenoids	0.999	Meroterpenoids	0.999	Prenyl quinone meroterpenoids	0.999	Lipids and lipid-like molecules	0.997	Prenol lipids	0.999	Quinone and hydroquinone lipids	0.995	Prenylquinones	0.995	Polyprenylbenzoquinones	0.988	Organic compounds; Lipids and lipid-like molecules; Ketones; Prenol lipids; Organic acids and derivatives; Organooxygen compounds; Polyprenylbenzoquinones; Fatty alcohols; Quinone and hydroquinone lipids; Ubiquinones; Polyterpenoids; Carbonyl compounds; Benzoquinones; P-benzoquinones; Quinones; Prenylquinones; Cyclic ketones; Vinylogous esters; Organic oxides; Hydrocarbon derivatives; Organic oxygen compounds; Chemical entities	727.566	28	0.468	839079750676747532	839079602932383462	839079602928189157	8	
1	C68H127NO2	[M + H3N + H]+	C68H131N2O2+	Fatty acids	0.998	Spingolipids	0.885	Ceramides	0.457	Lipids and lipid-like molecules	0.921	Fatty Acyls	0.772	Fatty amides	0.657	N-acyl amines	0.674	N-acyl amines	0.674	Organic compounds; Lipids and lipid-like molecules; Organic acids and derivatives; Carboxylic acids and derivatives; Organonitrogen compounds; Organooxygen compounds; Fatty amides; Carboxylic acid amides; Carboxylic acid derivatives; N-acyl amines; Secondary carboxylic acid amides; Carbonyl compounds; Fatty Acyls; Organic oxides; Hydrocarbon derivatives; Organopnictogen compounds; Organic oxygen compounds; Organic nitrogen compounds; Chemical entities	1008.020	28	0.468	839079742204252614	839079602781388510	839079602777194205	6	
1	C39H76FN5O7	[M - H2O + H]+	C39H75FN5O6+	Polyketides	0.664	Oligopeptides	0.338	Ansa macrolides	0.236	Organic acids and derivatives	0.914	Carboxylic acids and derivatives	0.899	Amino acids, peptides, and analogues	0.532	Amino acids and derivatives	0.529	Amino acids and derivatives	0.529	Organic compounds; Organoheterocyclic compounds; Amino acids, peptides, and analogues; Alcohols and polyols; Organic acids and derivatives; Carboxylic acids and derivatives; Organohalogen compounds; Organonitrogen compounds; Organooxygen compounds; Amino acids and derivatives; Azoles; Carboxylic acid amides; Aryl fluorides; Carboxylic acid derivatives; Organofluorides; Secondary alcohols; Secondary carboxylic acid amides; Carbonyl compounds; Benzene and substituted derivatives; Benzenoids; Aryl halides; Organic oxides; Azacyclic compounds; Heteroaromatic compounds; Hydrocarbon derivatives; Organopnictogen compounds; Organic oxygen compounds; Organic nitrogen compounds; Chemical entities	728.572	28	0.468	839079746805404600	839079603091767022	839079603087572717	10	
1	C42H83NO11	[M - H2O + H]+	C42H82NO10+	Polyketides	0.490	Macrolides	0.736	Open-chain polyketides	0.520	Organic oxygen compounds	1.000	Organooxygen compounds	0.999	Carbohydrates and carbohydrate conjugates	0.509	Monosaccharides	0.538	Monosaccharides	0.538	Organic compounds; Organoheterocyclic compounds; Carbohydrates and carbohydrate conjugates; Lipids and lipid-like molecules; Alcohols and polyols; Ethers; Prenol lipids; Organic acids and derivatives; Carboxylic acids and derivatives; Organonitrogen compounds; Organooxygen compounds; Carboxylic acid amides; Carboxylic acid derivatives; Monosaccharides; Secondary alcohols; Secondary carboxylic acid amides; Carbonyl compounds; Oxanes; Polyols; Fatty Acyls; Organic oxides; Oxacyclic compounds; Hydrocarbon derivatives; Organopnictogen compounds; Organic oxygen compounds; Organic nitrogen compounds; Chemical entities	760.587	28	0.470	839079750165042392	839079603305676538	839079603305676537	13	
1	C38H48N2O10Si5	[M + H3N + H]+	C38H52N3O10Si5+	Amino acids and Peptides	0.633	Macrolides	0.165	Cyanogenic glycosides	0.152	Organic oxygen compounds	0.999	Organooxygen compounds	0.997	Carbohydrates and carbohydrate conjugates	0.737	Glycosyl compounds	0.799	O-glycosyl compounds	0.840	Organic compounds; Organoheterocyclic compounds; Carbohydrates and carbohydrate conjugates; Lipids and lipid-like molecules; Alcohols and polyols; Ethers; Organic acids and derivatives; Carboxylic acids and derivatives; Organonitrogen compounds; Organooxygen compounds; Fatty acid esters; Dicarboxylic acids and derivatives; Carboxylic acid derivatives; Carboxylic acid esters; Acetals; Secondary alcohols; Carbonyl compounds; Oxanes; Glycosyl compounds; O-glycosyl compounds; Enoate esters; Alpha,beta-unsaturated carboxylic esters; Fatty Acyls; Organic oxides; Oxacyclic compounds; Hydrocarbon derivatives; Organopnictogen compounds; Organic oxygen compounds; Organic nitrogen compounds; Chemical entities	850.251	28	0.471	839079843119215304	839079603171458802	839079603167264497	11	
1	C10H14O5	[M - H2O + H]+	C10H13O4+	Polyketides	0.914	Phloroglucinols	0.948	Acyl phloroglucinols	0.910	Organic oxygen compounds	1.000	Organooxygen compounds	1.000	Carbonyl compounds	0.941	Ketones	0.783	Alkyl-phenylketones	0.951	Organic compounds; Ketones; Acetophenones; Alkyl aryl ethers; Phenols; Anisoles; Methoxyphenols; Ethers; Organic acids and derivatives; Benzoyl derivatives; Organooxygen compounds; Benzenediols; Carbonyl compounds; Benzene and substituted derivatives; Phenol ethers; Benzenoids; Aryl ketones; Aryl alkyl ketones; Vinylogous acids; Organic oxides; Methoxybenzenes; Hydrocarbon derivatives; Phenylketones; Alkyl-phenylketones; Organic oxygen compounds; Phenoxy compounds; Chemical entities	197.081	28	0.472	839079745320620731	839079603238567670	839079603234373365	12	
1	C34H64O	[M + H3N + H]+	C34H68NO+	Terpenoids	0.922	Diterpenoids	0.191	Prenyl quinone meroterpenoids	0.289	Lipids and lipid-like molecules	0.908	Prenol lipids	0.732					Prenol lipids	0.732	Organic compounds; Lipids and lipid-like molecules; Prenol lipids; Organooxygen compounds; Hydrocarbon derivatives; Organic oxygen compounds; Chemical entities	506.529	29	0.479	839079778958942138	839079603444088578	839079603439894273	15	
1	C40H60O7	[M + H3N + H]+	C40H64NO7+	Terpenoids	0.990	Triterpenoids	0.937	Ursane and Taraxastane triterpenoids	0.419	Lipids and lipid-like molecules	0.981	Prenol lipids	0.883	Triterpenoids	0.793			Triterpenoids	0.793	Organic compounds; Lipids and lipid-like molecules; Alcohols and polyols; Steroids and steroid derivatives; Prenol lipids; Organic acids and derivatives; Carboxylic acids and derivatives; Organooxygen compounds; Carboxylic acid derivatives; Carboxylic acid esters; Cyclic alcohols and derivatives; Hydroxysteroids; Triterpenoids; Secondary alcohols; Carbonyl compounds; Organic oxides; Hydrocarbon derivatives; Organic oxygen compounds; Chemical entities	670.468	29	0.480	839079746646020980	839079603569917706	839079603569917705	17	
1	C59H108N6O14	[M + H3N + H]+	C59H112N7O14+	Amino acids and Peptides	0.874	Oligopeptides	0.994	Lipopeptides	0.919	Organic acids and derivatives	0.996	Peptidomimetics	0.681	Depsipeptides	0.726	Cyclic depsipeptides	0.774	Cyclic depsipeptides	0.774	Organic compounds; Organoheterocyclic compounds; Lipids and lipid-like molecules; Amino acids, peptides, and analogues; Lactones; Alpha amino acids and derivatives; Macrolactams; Alcohols and polyols; Phenylpropanoids and polyketides; Organic acids and derivatives; Carboxylic acids and derivatives; Organonitrogen compounds; Primary alcohols; Organooxygen compounds; Fatty amides; Amino acids and derivatives; Alpha amino acid esters; Carboxylic acid amides; Carboxylic acid derivatives; N-acyl amines; N-acyl-alpha amino acids and derivatives; Carboxylic acids; Carboxylic acid esters; Secondary alcohols; Secondary carboxylic acid amides; Peptidomimetics; Carbonyl compounds; Macrolide lactams; Depsipeptides; Cyclic depsipeptides; Fatty Acyls; Organic oxides; Azacyclic compounds; Oxacyclic compounds; Hydrocarbon derivatives; Organopnictogen compounds; Organic oxygen compounds; Organic nitrogen compounds; Chemical entities	1142.826	29	0.481	839079741080179100	839079603641220878	839079603637026573	18	
1	C32H62O	[M + H3N + H]+	C32H66NO+	Fatty acids	0.903	Fatty acyls	0.315	Fatty alcohols	0.463	Lipids and lipid-like molecules	0.936	Fatty Acyls	0.627					Fatty Acyls	0.627	Organic compounds; Lipids and lipid-like molecules; Alcohols and polyols; Carboxylic acids and derivatives; Organooxygen compounds; Carbonyl compounds; Fatty Acyls; Organic oxides; Hydrocarbon derivatives; Organic oxygen compounds; Chemical entities	480.515	29	0.481	839079741281505707	839079603507003142	839079603502808837	16	
1	C34H60O	[M + H3N + H]+	C34H64NO+	Fatty acids	0.786	Fatty acyls	0.191	Prenyl quinone meroterpenoids	0.300	Lipids and lipid-like molecules	0.941	Fatty Acyls	0.681	Fatty alcohols	0.544			Fatty alcohols	0.544	Organic compounds; Lipids and lipid-like molecules; Prenol lipids; Primary alcohols; Organooxygen compounds; Fatty alcohols; Fatty Acyls; Hydrocarbon derivatives; Organic oxygen compounds; Chemical entities	502.499	29	0.483	839079744251073136	839079603783827222	839079603783827221	20	
1	C32H60O	[M + H3N + H]+	C32H64NO+	Fatty acids	0.808	Fatty acyls	0.247	Fatty alcohols	0.216	Lipids and lipid-like molecules	0.842							Lipids and lipid-like molecules	0.842	Organic compounds; Lipids and lipid-like molecules; Organooxygen compounds; Hydrocarbon derivatives; Organic oxygen compounds; Chemical entities	478.499	29	0.483	839079746809598925	839079603712524050	839079603708329745	19	
1	C34H62O	[M + H3N + H]+	C34H66NO+	Terpenoids	0.819	Fatty esters	0.144	Prenyl quinone meroterpenoids	0.480	Lipids and lipid-like molecules	0.851	Prenol lipids	0.651					Prenol lipids	0.651	Organic compounds; Lipids and lipid-like molecules; Prenol lipids; Organooxygen compounds; Hydrocarbon derivatives; Organic oxygen compounds; Chemical entities	504.514	29	0.483	839079844285231927	839079603855130394	839079603850936089	21	
1	C29H61N2O3	[M + H3N + H]+	C29H65N3O3+	Fatty acids	0.966	Fatty amides	0.792	N-acyl ethanolamines (endocannabinoids)	0.117	Lipids and lipid-like molecules	0.885	Fatty Acyls	0.830	Fatty amides	0.827	N-acyl amines	0.776	N-acyl amines	0.776	Organic compounds; Lipids and lipid-like molecules; Organic acids and derivatives; Carboxylic acids and derivatives; Organonitrogen compounds; Organooxygen compounds; Fatty amides; Carboxylic acid amides; Carboxylic acid derivatives; N-acyl amines; Secondary carboxylic acid amides; Carbonyl compounds; Fatty Acyls; Organic oxides; Hydrocarbon derivatives; Organopnictogen compounds; Organic oxygen compounds; Organic nitrogen compounds; Chemical entities	503.502	29	0.483	839079751234590026	839079603989348130	839079603989348129	23	
1	C34H62O2	[M + H3N + H]+	C34H66NO2+	Fatty acids	0.969	Fatty esters	0.930	Wax monoesters	0.752	Lipids and lipid-like molecules	0.955	Fatty Acyls	0.950	Fatty acid esters	0.922			Fatty acid esters	0.922	Organic compounds; Lipids and lipid-like molecules; Organic acids and derivatives; Carboxylic acids and derivatives; Organooxygen compounds; Fatty acid esters; Carboxylic acid derivatives; Monocarboxylic acids and derivatives; Carboxylic acid esters; Carbonyl compounds; Fatty Acyls; Organic oxides; Hydrocarbon derivatives; Organic oxygen compounds; Chemical entities	520.509	29	0.483	839079752434161152	839079603922239262	839079603918044957	22	
1	C34H58O	[M + H3N + H]+	C34H62NO+	Terpenoids	0.985	Triterpenoids	0.614	Lupane triterpenoids	0.128	Lipids and lipid-like molecules	0.978	Prenol lipids	0.857	Triterpenoids	0.550			Triterpenoids	0.550	Organic compounds; Lipids and lipid-like molecules; Alcohols and polyols; Steroids and steroid derivatives; Prenol lipids; Organooxygen compounds; Triterpenoids; Hydrocarbon derivatives; Organic oxygen compounds; Chemical entities	500.483	29	0.486	839079937168100500	839079604060651302	839079604056456997	24	
1	C28H54O	[M + H3N + H]+	C28H58NO+	Fatty acids	0.964	Fatty esters	0.811	Wax monoesters	0.595	Lipids and lipid-like molecules	0.775	Fatty Acyls	0.746					Fatty Acyls	0.746	Organic compounds; Lipids and lipid-like molecules; Organooxygen compounds; Carbonyl compounds; Fatty Acyls; Organic oxides; Hydrocarbon derivatives; Organic oxygen compounds; Chemical entities	424.451	29	0.488	839079755525363600	839079604123565866	839079604119371561	25	
1	C29H48O15	[M + H3N + H]+	C29H52NO15+	Terpenoids	0.677	Monoterpenoids	0.846	Secoiridoid monoterpenoids	0.862	Organic oxygen compounds	1.000	Organooxygen compounds	1.000	Carbohydrates and carbohydrate conjugates	0.980	Glycosyl compounds	0.781	O-glycosyl compounds	0.833	Organic compounds; Organoheterocyclic compounds; Carbohydrates and carbohydrate conjugates; Lipids and lipid-like molecules; Alcohols and polyols; Ethers; Organic acids and derivatives; Carboxylic acids and derivatives; Primary alcohols; Organooxygen compounds; Fatty acid esters; Carboxylic acid derivatives; Carboxylic acid esters; Acetals; Secondary alcohols; Carbonyl compounds; Oxanes; Glycosyl compounds; O-glycosyl compounds; Polyols; Enoate esters; Alpha,beta-unsaturated carboxylic esters; Fatty Acyls; Organic oxides; Oxacyclic compounds; Hydrocarbon derivatives; Organic oxygen compounds; Chemical entities	654.332	29	0.488	839079764262099723	839079604186480430	839079604182286125	26	
1	C26H50O	[M + H3N + H]+	C26H54NO+	Fatty acids	0.924	Fatty acyls	0.743	Fatty alcohols	0.861	Lipids and lipid-like molecules	0.920	Fatty Acyls	0.822	Fatty alcohols	0.650			Fatty alcohols	0.650	Organic compounds; Lipids and lipid-like molecules; Alcohols and polyols; Organooxygen compounds; Fatty alcohols; Fatty Acyls; Hydrocarbon derivatives; Organic oxygen compounds; Chemical entities	396.420	29	0.489	839079744548868742	839079604312309558	839079604312309557	28	
1	C26H46N8O8	[M + K]+	C26H46KN8O8+	Amino acids and Peptides	0.463	Small peptides	0.543	Tripeptides	0.229	Organic acids and derivatives	0.965	Carboxylic acids and derivatives	0.920	Amino acids, peptides, and analogues	0.667	Amino acids and derivatives	0.658	Amino acids and derivatives	0.658	Organic compounds; Amino acids, peptides, and analogues; Nitrobenzenes; Organic acids and derivatives; Carboxylic acids and derivatives; Organonitrogen compounds; Organooxygen compounds; Amino acids and derivatives; Azoles; Carboxylic acid amides; Carboxylic acid derivatives; Organic nitro compounds; Organic oxoazanium compounds; Secondary carboxylic acid amides; Carbonyl compounds; Benzene and substituted derivatives; Benzenoids; Organic 1,3-dipolar compounds; Allyl-type 1,3-dipolar organic compounds; Propargyl-type 1,3-dipolar organic compounds; Organic oxides; C-nitro compounds; Heteroaromatic compounds; Hydrocarbon derivatives; Organopnictogen compounds; Organic oxygen compounds; Nitroaromatic compounds; Organic nitrogen compounds; Chemical entities	637.306	29	0.489	839079974832951499	839079604253589298	839079604249394993	27	
1	C24H46O	[M + H3N + H]+	C24H50NO+	Fatty acids	0.948	Fatty acyls	0.834	Fatty alcohols	0.771	Lipids and lipid-like molecules	0.749	Fatty Acyls	0.722	Fatty alcohols	0.543			Fatty alcohols	0.543	Organic compounds; Lipids and lipid-like molecules; Organooxygen compounds; Fatty alcohols; Carbonyl compounds; Fatty Acyls; Organic oxides; Hydrocarbon derivatives; Organic oxygen compounds; Chemical entities	368.389	29	0.490	839079755525363603	839079604400389946	839079604396195641	29	
1	C33H38O6	[M + H3N + H]+	C33H42NO6+	Shikimates and Phenylpropanoids	0.869	Lignans	0.342	Neolignans	0.101	Benzenoids	0.953	Phenol ethers	0.599					Phenol ethers	0.599	Organic compounds; Organoheterocyclic compounds; Alkyl aryl ethers; Ethers; Phenylpropanoids and polyketides; Organic acids and derivatives; Organooxygen compounds; Carbonyl compounds; Benzene and substituted derivatives; Phenol ethers; Benzenoids; Organic oxides; Oxacyclic compounds; Hydrocarbon derivatives; Organic oxygen compounds; Phenoxy compounds; Chemical entities	548.301	29	0.490	839079766384417738	839079604480081726	839079604475887421	30	
1	C26H48O4	[M + H]+	C26H49O4+	Fatty acids	0.958	Fatty esters	0.942	Wax monoesters	0.518	Lipids and lipid-like molecules	0.862	Fatty Acyls	0.920	Fatty alcohol esters	0.622			Fatty alcohol esters	0.622	Organic compounds; Lipids and lipid-like molecules; Organic acids and derivatives; Carboxylic acids and derivatives; Organooxygen compounds; Fatty acid esters; Dicarboxylic acids and derivatives; Carboxylic acid derivatives; Carboxylic acid esters; Fatty alcohol esters; Carbonyl compounds; Fatty Acyls; Organic oxides; Hydrocarbon derivatives; Organic oxygen compounds; Chemical entities	425.362	29	0.490	839079947272179054	839079604542996290	839079604538801985	31	
1	C25H46O2	[M + H3N + H]+	C25H50NO2+	Fatty acids	0.966	Fatty esters	0.969	Wax monoesters	0.885	Lipids and lipid-like molecules	0.919	Fatty Acyls	0.927	Fatty acid esters	0.885			Fatty acid esters	0.885	Organic compounds; Lipids and lipid-like molecules; Organic acids and derivatives; Carboxylic acids and derivatives; Organooxygen compounds; Fatty acid esters; Carboxylic acid derivatives; Monocarboxylic acids and derivatives; Carboxylic acid esters; Carbonyl compounds; Fatty Acyls; Organic oxides; Hydrocarbon derivatives; Organic oxygen compounds; Chemical entities	396.384	29	0.491	839079747740734508	839079604605910854	839079604605910853	32	
1	C33H38O6	[M + H]+	C33H39O6+	Shikimates and Phenylpropanoids	0.438	Carotenoids (C40)	0.288	Neolignans	0.094	Benzenoids	0.865	Benzene and substituted derivatives	0.535					Benzene and substituted derivatives	0.535	Organic compounds; Organoheterocyclic compounds; Ethers; Organic acids and derivatives; Organooxygen compounds; Carbonyl compounds; Benzene and substituted derivatives; Benzenoids; Organic oxides; Oxacyclic compounds; Hydrocarbon derivatives; Organic oxygen compounds; Chemical entities	531.274	29	0.491	839079747216446447	839079604664631114	839079604664631113	33	
1	C34H60O2	[M + H3N + H]+	C34H64NO2+	Terpenoids	0.911	Steroids	0.381	Cholestane steroids	0.169	Lipids and lipid-like molecules	0.968	Prenol lipids	0.595					Prenol lipids	0.595	Organic compounds; Lipids and lipid-like molecules; Alcohols and polyols; Prenol lipids; Organic acids and derivatives; Carboxylic acids and derivatives; Organooxygen compounds; Carboxylic acid derivatives; Monocarboxylic acids and derivatives; Carboxylic acid esters; Carbonyl compounds; Organic oxides; Hydrocarbon derivatives; Organic oxygen compounds; Chemical entities	518.493	29	0.491	839079750672553217	839079604731739982	839079604731739981	34	
1	C34H60O3	[M + H3N + H]+	C34H64NO3+	Terpenoids	0.933	Sesquiterpenoids	0.136	Prenyl quinone meroterpenoids	0.531	Lipids and lipid-like molecules	0.957	Prenol lipids	0.755	Diterpenoids	0.567			Diterpenoids	0.567	Organic compounds; Lipids and lipid-like molecules; Prenol lipids; Organic acids and derivatives; Carboxylic acids and derivatives; Organooxygen compounds; Fatty acid esters; Carboxylic acid derivatives; Monocarboxylic acids and derivatives; Carboxylic acid esters; Diterpenoids; Carbonyl compounds; Fatty Acyls; Organic oxides; Hydrocarbon derivatives; Organic oxygen compounds; Chemical entities	534.489	30	0.493	839079751347836277	839079604786265938	839079604786265937	35	
1	C34H58O2	[M + H3N + H]+	C34H62NO2+	Terpenoids	0.921	Steroids	0.472	Cholestane steroids	0.277	Lipids and lipid-like molecules	0.990	Steroids and steroid derivatives	0.750	Steroid esters	0.704			Steroid esters	0.704	Organic compounds; Lipids and lipid-like molecules; Steroids and steroid derivatives; Prenol lipids; Organic acids and derivatives; Carboxylic acids and derivatives; Organooxygen compounds; Carboxylic acid derivatives; Monocarboxylic acids and derivatives; Carboxylic acid esters; Steroid esters; Carbonyl compounds; Delta-5-steroids; Fatty Acyls; Organic oxides; Hydrocarbon derivatives; Organic oxygen compounds; Chemical entities	516.478	30	0.493	839079942423563500	839079604840791894	839079604840791893	36	
1	C25H50	[M + H3N + H]+	C25H54N+	Fatty acids	0.593	Fatty acyls	0.899	Hydrocarbons	0.849	Lipids and lipid-like molecules	0.522							Lipids and lipid-like molecules	0.522	Organic compounds; Lipids and lipid-like molecules; Hydrocarbons; Saturated hydrocarbons; Unsaturated hydrocarbons; Chemical entities	368.425	30	0.497	839079748009170001	839079604954038110	839079604954038109	38	
1	C60H72N2O5	[M + H3N + H]+	C60H76N3O5+	Terpenoids	0.397	Meroterpenoids	0.343	Prenyl quinone meroterpenoids	0.440	Benzenoids	0.986	Benzene and substituted derivatives	0.759					Benzene and substituted derivatives	0.759	Organic compounds; Lipids and lipid-like molecules; Ketones; Organic acids and derivatives; Carboxylic acids and derivatives; Organonitrogen compounds; Organooxygen compounds; Carboxylic acid derivatives; Carbonyl compounds; Benzene and substituted derivatives; Benzenoids; Organic oxides; Hydrocarbon derivatives; Organopnictogen compounds; Organic oxygen compounds; Organic nitrogen compounds; Chemical entities	918.578	30	0.498	839079781601353989	839079605008564066	839079605008564065	39	
1	C20H36O	[M + H3N + H]+	C20H40NO+	Fatty acids	0.993	Fatty acyls	0.976	Fatty alcohols	0.694	Lipids and lipid-like molecules	0.686	Fatty Acyls	0.604					Fatty Acyls	0.604	Organic compounds; Lipids and lipid-like molecules; Ketones; Organooxygen compounds; Carbonyl compounds; Fatty Acyls; Organic oxides; Hydrocarbon derivatives; Organic oxygen compounds; Chemical entities	310.310	31	0.512	839079749594617041	839079605063090022	839079605063090021	40	
1	C18H32O	[M + H]+	C18H33O+	Fatty acids	0.999	Fatty acyls	0.993	Fatty alcohols	0.740	Lipids and lipid-like molecules	0.541	Fatty Acyls	0.582					Fatty Acyls	0.582	Organic compounds; Lipids and lipid-like molecules; Ketones; Organooxygen compounds; Carbonyl compounds; Fatty Acyls; Organic oxides; Hydrocarbon derivatives; Organic oxygen compounds; Chemical entities	265.253	31	0.517	839079743156359721	839079605184724846	839079605184724845	42	
1	C36H67NO2	[M + H3N + H]+	C36H71N2O2+	Fatty acids	1.000	Fatty amides	0.990	Primary amides	0.668	Lipids and lipid-like molecules	0.911	Fatty Acyls	0.900	Fatty amides	0.852	N-acyl amines	0.645	N-acyl amines	0.645	Organic compounds; Lipids and lipid-like molecules; Organic acids and derivatives; Carboxylic acids and derivatives; Organonitrogen compounds; Organooxygen compounds; Fatty amides; Carboxylic acid amides; Carboxylic acid derivatives; N-acyl amines; Secondary carboxylic acid amides; Carbonyl compounds; Fatty Acyls; Organic oxides; Hydrocarbon derivatives; Organopnictogen compounds; Organic oxygen compounds; Organic nitrogen compounds; Chemical entities	563.552	31	0.517	839079948274617794	839079605239250802	839079605239250801	43	
1	C16H36Si	[M + H]+	C16H37Si+	Terpenoids	0.721	Fatty acyls	0.638	Pinane monoterpenoids	0.146	Hydrocarbon derivatives	0.979							Hydrocarbon derivatives	0.979	Organic compounds; Hydrocarbon derivatives; Chemical entities	257.267	31	0.518	839079752438355462	839079605759344538	839079605759344537	53	
1	C20H34O2	[M + H3N + H]+	C20H38NO2+	Fatty acids	1.000	Fatty Acids and Conjugates	0.925	Unsaturated fatty acids	0.970	Lipids and lipid-like molecules	0.987	Fatty Acyls	0.975	Fatty acids and conjugates	0.967	Long-chain fatty acids	0.921	Long-chain fatty acids	0.921	Organic compounds; Lipids and lipid-like molecules; Fatty acids and conjugates; Organic acids and derivatives; Carboxylic acids and derivatives; Organooxygen compounds; Straight chain fatty acids; Unsaturated fatty acids; Monocarboxylic acids and derivatives; Carboxylic acids; Carbonyl compounds; Long-chain fatty acids; Fatty Acyls; Organic oxides; Hydrocarbon derivatives; Organic oxygen compounds; Chemical entities	324.290	31	0.521	839079757324720261	839079605344108410	839079605344108409	45	
1	C17H30O	[M + H3N + H]+	C17H34NO+	Fatty acids	0.944	Fatty acyls	0.925	Fatty alcohols	0.506	Lipids and lipid-like molecules	0.576							Lipids and lipid-like molecules	0.576	Organic compounds; Lipids and lipid-like molecules; Organooxygen compounds; Carbonyl compounds; Organic oxides; Hydrocarbon derivatives; Organic oxygen compounds; Chemical entities	268.264	31	0.523	839079757698013366	839079605394440062	839079605394440061	46	
1	C16H30O	[M + H3N + H]+	C16H34NO+	Fatty acids	0.988	Fatty acyls	0.976	Fatty alcohols	0.952	Lipids and lipid-like molecules	0.622	Fatty Acyls	0.646	Fatty alcohols	0.680	Long-chain fatty alcohols	0.660	Long-chain fatty alcohols	0.660	Organic compounds; Lipids and lipid-like molecules; Ketones; Organooxygen compounds; Fatty alcohols; Carbonyl compounds; Long-chain fatty alcohols; Fatty Acyls; Organic oxides; Hydrocarbon derivatives; Organic oxygen compounds; Chemical entities	256.264	31	0.523	839079741688353204	839079605448966018	839079605444771713	47	
1	C20H35NO2	[M + H3N + H]+	C20H39N2O2+	Fatty acids	1.000	Fatty amides	0.972	Primary amides	0.432	Lipids and lipid-like molecules	0.883	Fatty Acyls	0.853	Fatty amides	0.777	N-acyl amines	0.560	N-acyl amines	0.560	Organic compounds; Lipids and lipid-like molecules; Organic acids and derivatives; Carboxylic acids and derivatives; Organonitrogen compounds; Organooxygen compounds; Fatty amides; Carboxylic acid amides; Carboxylic acid derivatives; N-acyl amines; Secondary carboxylic acid amides; Carbonyl compounds; Fatty Acyls; Organic oxides; Hydrocarbon derivatives; Organopnictogen compounds; Organic oxygen compounds; Organic nitrogen compounds; Chemical entities	339.301	31	0.524	839079758872418564	839079605499297670	839079605495103365	48	
1	C16H28O	[M + H3N + H]+	C16H32NO+	Fatty acids	0.994	Fatty acyls	0.982	Fatty aldehydes	0.782	Lipids and lipid-like molecules	0.492	Fatty Acyls	0.440	Fatty aldehydes	0.622			Fatty aldehydes	0.622	Organic compounds; Aldehydes; Fatty aldehydes; Organooxygen compounds; Carbonyl compounds; Organic oxides; Hydrocarbon derivatives; Organic oxygen compounds; Chemical entities	254.248	31	0.525	839079765218401123	839079605549629322	839079605549629321	49	
1	C9H29N8O2	[M + H3N + H]+	C9H33N9O2+	Amino acids and Peptides	0.583	Small peptides	0.549	Aminoacids	0.414	Lipids and lipid-like molecules	0.682	Fatty Acyls	0.669	Fatty acids and conjugates	0.568			Fatty acids and conjugates	0.568	Organic compounds; Lipids and lipid-like molecules; Fatty acids and conjugates; Organic acids and derivatives; Carboxylic acids and derivatives; Organonitrogen compounds; Organooxygen compounds; Monocarboxylic acids and derivatives; Carboxylic acids; Carbonyl compounds; Fatty Acyls; Organic oxides; Hydrocarbon derivatives; Organopnictogen compounds; Organic oxygen compounds; Organic nitrogen compounds; Chemical entities	299.277	32	0.526	839079774252932706	839079605599960974	839079605595766669	50	
1	C18H32O2	[M + H3N + H]+	C18H36NO2+	Fatty acids	1.000	Fatty Acids and Conjugates	0.903	Unsaturated fatty acids	0.947	Lipids and lipid-like molecules	0.986	Fatty Acyls	0.981	Lineolic acids and derivatives	0.723			Lineolic acids and derivatives	0.723	Organic compounds; Lipids and lipid-like molecules; Fatty acids and conjugates; Organic acids and derivatives; Carboxylic acids and derivatives; Organooxygen compounds; Straight chain fatty acids; Unsaturated fatty acids; Lineolic acids and derivatives; Monocarboxylic acids and derivatives; Carboxylic acids; Carbonyl compounds; Long-chain fatty acids; Fatty Acyls; Organic oxides; Hydrocarbon derivatives; Organic oxygen compounds; Chemical entities	298.274	32	0.526	839079756934649934	839079605658681234	839079605654486929	51	
1	C13H31N2O4	[M + H3N + H]+	C13H35N3O4+	Fatty acids	0.969	Fatty Acids and Conjugates	0.682	N-acyl amines	0.235	Organic acids and derivatives	0.998	Carboxylic acids and derivatives	0.996	Amino acids, peptides, and analogues	0.539	Amino acids and derivatives	0.530	Amino acids and derivatives	0.530	Organic compounds; Lipids and lipid-like molecules; Amino acids, peptides, and analogues; Fatty acids and conjugates; Organic acids and derivatives; Carboxylic acids and derivatives; Organonitrogen compounds; Organooxygen compounds; Fatty amides; Amino acids and derivatives; Carboxylic acid amides; Carboxylic acid derivatives; N-acyl amines; Monocarboxylic acids and derivatives; Carboxylic acids; Secondary carboxylic acid amides; Carbonyl compounds; Fatty Acyls; Organic oxides; Hydrocarbon derivatives; Organopnictogen compounds; Organic oxygen compounds; Organic nitrogen compounds; Chemical entities	297.262	32	0.528	839079745509364451	839079605864202146	839079605864202145	55	
1	C18H30O2	[M + H3N + H]+	C18H34NO2+	Fatty acids	1.000	Fatty Acids and Conjugates	0.976	Unsaturated fatty acids	0.980	Lipids and lipid-like molecules	0.985	Fatty Acyls	0.983	Fatty acids and conjugates	0.979	Long-chain fatty acids	0.952	Long-chain fatty acids	0.952	Organic compounds; Lipids and lipid-like molecules; Fatty acids and conjugates; Organic acids and derivatives; Carboxylic acids and derivatives; Organooxygen compounds; Straight chain fatty acids; Unsaturated fatty acids; Monocarboxylic acids and derivatives; Carboxylic acids; Carbonyl compounds; Long-chain fatty acids; Fatty Acyls; Organic oxides; Hydrocarbon derivatives; Organic oxygen compounds; Chemical entities	296.258	32	0.528	839079750685136154	839079605818064798	839079605813870493	54	
1	C18H30O2	[M + H]+	C18H31O2+	Fatty acids	1.000	Fatty Acids and Conjugates	0.956	Unsaturated fatty acids	0.970	Lipids and lipid-like molecules	0.987	Fatty Acyls	0.983	Lineolic acids and derivatives	0.725			Lineolic acids and derivatives	0.725	Organic compounds; Lipids and lipid-like molecules; Fatty acids and conjugates; Organic acids and derivatives; Carboxylic acids and derivatives; Organooxygen compounds; Straight chain fatty acids; Unsaturated fatty acids; Lineolic acids and derivatives; Monocarboxylic acids and derivatives; Carboxylic acids; Carbonyl compounds; Long-chain fatty acids; Fatty Acyls; Organic oxides; Hydrocarbon derivatives; Organic oxygen compounds; Chemical entities	279.233	32	0.530	839079755856713643	839079605914533798	839079605914533797	56	
1	C18H30O	[M + H]+	C18H31O+	Fatty acids	0.986	Fatty acyls	0.976	Fatty aldehydes	0.522	Lipids and lipid-like molecules	0.631	Fatty Acyls	0.441	Fatty aldehydes	0.582			Fatty aldehydes	0.582	Organic compounds; Lipids and lipid-like molecules; Ketones; Fatty aldehydes; Organooxygen compounds; Carbonyl compounds; Organic oxides; Hydrocarbon derivatives; Organic oxygen compounds; Chemical entities	263.237	32	0.533	839079754011219651	839079606023585710	839079606023585709	58	
1	C14H33B3N2	[M + K]+	C14H33B3KN2+	Terpenoids	0.820	Monoterpenoids	0.978	Pinane monoterpenoids	0.978	Organometallic compounds	0.997	Organometalloid compounds	0.997	Organoboron compounds	0.952	Alkylboranes	0.916	Trialkylboranes	0.618	Organic compounds; Organoheterocyclic compounds; Organic acids and derivatives; Organonitrogen compounds; Organometallic compounds; Organometalloid compounds; Organoboron compounds; Organic salts; Organic metalloid salts; Organic metal salts; Hydrocarbon derivatives; Alkylboranes; Dialkylboranes; Trialkylboranes; Organic nitrogen compounds; Chemical entities	298.265	32	0.533	839079742120366522	839079605960671146	839079605960671145	57	
1	C13H31N2O3	[M + H3N + H]+	C13H35N3O3+	Fatty acids	0.936	Fatty amides	0.436	Nitro fatty acids	0.085	Lipids and lipid-like molecules	0.806	Fatty Acyls	0.797	Fatty acids and conjugates	0.610			Fatty acids and conjugates	0.610	Organic compounds; Lipids and lipid-like molecules; Fatty acids and conjugates; Organic acids and derivatives; Carboxylic acids and derivatives; Organonitrogen compounds; Organooxygen compounds; Carboxylic acid derivatives; Carbonyl compounds; Fatty Acyls; Organic oxides; Hydrocarbon derivatives; Organopnictogen compounds; Organic oxygen compounds; Organic nitrogen compounds; Chemical entities	281.267	32	0.534	839079743902945857	839079606170386362	839079606170386361	61	
1	C18H30O	[M + H3N + H]+	C18H34NO+	Fatty acids	0.987	Fatty acyls	0.978	Fatty alcohols	0.475	Lipids and lipid-like molecules	0.618							Lipids and lipid-like molecules	0.618	Organic compounds; Lipids and lipid-like molecules; Ketones; Organooxygen compounds; Carbonyl compounds; Organic oxides; Hydrocarbon derivatives; Organic oxygen compounds; Chemical entities	280.264	32	0.534	839079753268827815	839079606120054710	839079606120054709	60	
1	C18H30O	[M - H2O + H]+	C18H29+	Fatty acids	0.882	Fatty acyls	0.780	Fatty alcohols	0.399	Lipids and lipid-like molecules	0.883	Fatty Acyls	0.607					Fatty Acyls	0.607	Organic compounds; Lipids and lipid-like molecules; Organooxygen compounds; Carbonyl compounds; Fatty Acyls; Organic oxides; Hydrocarbon derivatives; Organic oxygen compounds; Chemical entities	245.227	32	0.534	839079742405579215	839079606229106622	839079606224912317	62	
1	C18H28O	[M + H3N + H]+	C18H32NO+	Fatty acids	0.773	Fatty acyls	0.783	Fatty aldehydes	0.347	Lipids and lipid-like molecules	0.741							Lipids and lipid-like molecules	0.741	Organic compounds; Lipids and lipid-like molecules; Organooxygen compounds; Carbonyl compounds; Organic oxides; Hydrocarbon derivatives; Organic oxygen compounds; Chemical entities	278.248	32	0.536	839079743181525556	839079606287826882	839079606283632577	63	
1	C18H26O2	[M + H3N + H]+	C18H30NO2+	Terpenoids	0.660	Diterpenoids	0.274	Fatty aldehydes	0.065	Organic oxygen compounds	1.000	Organooxygen compounds	0.998	Carbonyl compounds	0.988	Ketones	0.966	Cyclohexenones	0.511	Organic compounds; Lipids and lipid-like molecules; Ketones; Organooxygen compounds; Carbonyl compounds; Cyclic ketones; Organic oxides; Hydrocarbon derivatives; Cyclohexenones; Organic oxygen compounds; Chemical entities	292.227	32	0.537	839079744993464997	839079606359130054	839079606359130053	64	
1	C16H32NO2	[M + Na]+	C16H32NNaO2+	Fatty acids	0.999	Fatty amides	0.989	Primary amides	0.920	Lipids and lipid-like molecules	0.813	Fatty Acyls	0.837	Fatty amides	0.739			Fatty amides	0.739	Organic compounds; Lipids and lipid-like molecules; Organic acids and derivatives; Carboxylic acids and derivatives; Organonitrogen compounds; Organooxygen compounds; Fatty amides; Carboxylic acid amides; Carboxylic acid derivatives; Secondary carboxylic acid amides; Carbonyl compounds; Fatty Acyls; Organic oxides; Hydrocarbon derivatives; Organopnictogen compounds; Organic oxygen compounds; Organic nitrogen compounds; Chemical entities	293.231	32	0.539	839079742606905840	839079606073917362	839079606073917361	59	
1	C16H26O2	[M + H3N + H]+	C16H30NO2+	Fatty acids	0.968	Fatty Acids and Conjugates	0.605	Unsaturated fatty acids	0.526	Lipids and lipid-like molecules	0.557							Lipids and lipid-like molecules	0.557	Organic compounds; Lipids and lipid-like molecules; Organic acids and derivatives; Carboxylic acids and derivatives; Organooxygen compounds; Monocarboxylic acids and derivatives; Carbonyl compounds; Organic oxides; Hydrocarbon derivatives; Organic oxygen compounds; Chemical entities	268.227	33	0.542	839079744775361174	839079606409461706	839079606409461705	65	
1	C18H28O3	[M + H3N + H]+	C18H32NO3+	Fatty acids	0.904	Octadecanoids	0.859	Other Octadecanoids	0.803	Lipids and lipid-like molecules	0.958	Fatty Acyls	0.929	Lineolic acids and derivatives	0.709			Lineolic acids and derivatives	0.709	Organic compounds; Lipids and lipid-like molecules; Ketones; Fatty acids and conjugates; Organic acids and derivatives; Carboxylic acids and derivatives; Acryloyl compounds; Organooxygen compounds; Unsaturated fatty acids; Lineolic acids and derivatives; Monocarboxylic acids and derivatives; Carboxylic acids; Enones; Carbonyl compounds; Long-chain fatty acids; Alpha,beta-unsaturated carbonyl compounds; Alpha,beta-unsaturated ketones; Fatty Acyls; Organic oxides; Hydrocarbon derivatives; Organic oxygen compounds; Chemical entities	310.238	33	0.549	839079747224835076	839079606459793358	839079606459793357	66	
1	C18H32O3	[M + H3N + H]+	C18H36NO3+	Fatty acids	0.999	Octadecanoids	0.907	Other Octadecanoids	0.963	Lipids and lipid-like molecules	0.988	Fatty Acyls	0.985	Fatty acids and conjugates	0.943	Long-chain fatty acids	0.931	Long-chain fatty acids	0.931	Organic compounds; Lipids and lipid-like molecules; Alcohols and polyols; Fatty acids and conjugates; Organic acids and derivatives; Carboxylic acids and derivatives; Organooxygen compounds; Unsaturated fatty acids; Hydroxy fatty acids; Monocarboxylic acids and derivatives; Carboxylic acids; Secondary alcohols; Carbonyl compounds; Long-chain fatty acids; Fatty Acyls; Organic oxides; Hydrocarbon derivatives; Organic oxygen compounds; Chemical entities	314.269	34	0.560	839079745643582197	839079606514319314	839079606514319313	67	
1	C16H26O	[M + H3N + H]+	C16H30NO+	Terpenoids	0.914	Sesquiterpenoids	0.533	Farnesane sesquiterpenoids	0.082	Lipids and lipid-like molecules	0.717	Prenol lipids	0.577					Prenol lipids	0.577	Organic compounds; Lipids and lipid-like molecules; Ketones; Prenol lipids; Organooxygen compounds; Carbonyl compounds; Organic oxides; Hydrocarbon derivatives; Organic oxygen compounds; Chemical entities	252.232	34	0.563	839079744393679482	839079606560456662	839079606556262357	68	
1	C24H30O6	[M + Na]+	C24H30NaO6+	Shikimates and Phenylpropanoids	0.479	Lignans	0.305	Dibenzocyclooctadienes lignans	0.130	Benzenoids	0.886	Phenol ethers	0.708	Anisoles	0.699			Anisoles	0.699	Organic compounds; Organoheterocyclic compounds; Alkyl aryl ethers; Anisoles; Ethers; Organooxygen compounds; Phenol ethers; Benzenoids; Organic oxides; Oxacyclic compounds; Hydrocarbon derivatives; Organic oxygen compounds; Chemical entities	437.193	34	0.563	839079743970054729	839079606606594010	839079606606594009	69	
1	C18H30O3	[M + H3N + H]+	C18H34NO3+	Fatty acids	0.992	Octadecanoids	0.939	Other Octadecanoids	0.970	Lipids and lipid-like molecules	0.984	Fatty Acyls	0.980	Lineolic acids and derivatives	0.869			Lineolic acids and derivatives	0.869	Organic compounds; Lipids and lipid-like molecules; Ketones; Fatty acids and conjugates; Organic acids and derivatives; Carboxylic acids and derivatives; Acryloyl compounds; Organooxygen compounds; Unsaturated fatty acids; Lineolic acids and derivatives; Monocarboxylic acids and derivatives; Carboxylic acids; Enones; Carbonyl compounds; Long-chain fatty acids; Alpha,beta-unsaturated carbonyl compounds; Alpha,beta-unsaturated ketones; Fatty Acyls; Organic oxides; Hydrocarbon derivatives; Organic oxygen compounds; Chemical entities	312.253	34	0.570	839079748021752915	839079606707257314	839079606707257313	71	
1	C18H37NO7	[M + K]+	C18H37KNO7+	Fatty acids	1.000	Spingolipids	0.999	Sphingoid bases	0.999	Organic acids and derivatives	0.888	Carboxylic acids and derivatives	0.833	Amino acids, peptides, and analogues	0.642	Amino acids and derivatives	0.638	Alpha amino acids	0.509	Organic compounds; Lipids and lipid-like molecules; Amino acids, peptides, and analogues; Alcohols and polyols; Fatty acids and conjugates; Organic acids and derivatives; Carboxylic acids and derivatives; Organonitrogen compounds; Primary alcohols; Organooxygen compounds; Hydroxy fatty acids; Amino acids and derivatives; Monoalkylamines; Hydroxy acids and derivatives; Amino fatty acids; Monocarboxylic acids and derivatives; Carboxylic acids; Secondary alcohols; Beta hydroxy acids and derivatives; Carbonyl compounds; 1,3-aminoalcohols; 1,2-aminoalcohols; Polyols; Alpha amino acids; Amines; Primary amines; Alkanolamines; Long-chain fatty acids; Fatty Acyls; Organic oxides; Hydrocarbon derivatives; Amino acids; Organopnictogen compounds; Organic oxygen compounds; Organic nitrogen compounds; Chemical entities	418.219	34	0.571	839079752463521323	839079607009247226	839079607009247225	77	
1	C9H12O2	[M - H2O + H]+	C9H11O+	Terpenoids	0.844	Monoterpenoids	0.786	Apocarotenoids (β-)	0.345	Organic oxygen compounds	0.999	Organooxygen compounds	0.997	Carbonyl compounds	0.763			Carbonyl compounds	0.763	Organic compounds; Organooxygen compounds; Carbonyl compounds; Organic oxides; Hydrocarbon derivatives; Organic oxygen compounds; Chemical entities	135.081	34	0.572	839079742858564095	839079606757588966	839079606753394661	72	
1	C24H30O6	[M + H3N + H]+	C24H34NO6+	Shikimates and Phenylpropanoids	0.324	Lignans	0.164	Furanoid lignans	0.046	Benzenoids	0.863	Benzene and substituted derivatives	0.643					Benzene and substituted derivatives	0.643	Organic compounds; Organoheterocyclic compounds; Alcohols and polyols; Ethers; Organooxygen compounds; Dialkyl ethers; Acetals; Benzene and substituted derivatives; Benzenoids; Oxacyclic compounds; Hydrocarbon derivatives; Organic oxygen compounds; Chemical entities	432.238	34	0.572	839079747824620598	839079606803726314	839079606803726313	73	
1	C24H30O6	[M - H2O + H]+	C24H29O5+	Polyketides	0.394	Aromatic polyketides	0.088	Simple aromatic polyketides	0.087	Benzenoids	0.887	Benzene and substituted derivatives	0.555					Benzene and substituted derivatives	0.555	Organic compounds; Organoheterocyclic compounds; Alcohols and polyols; Ethers; Primary alcohols; Organooxygen compounds; Secondary alcohols; Benzene and substituted derivatives; Benzenoids; Organic oxides; Oxacyclic compounds; Hydrocarbon derivatives; Organic oxygen compounds; Chemical entities	397.201	34	0.572	839079743143776792	839079606904389618	839079606904389617	75	
1	C13H20N3O5	[M - H2O + H]+	C13H19N3O4+	Amino acids and Peptides	0.450	Small peptides	0.396	Dipeptides	0.127	Lipids and lipid-like molecules	0.609	Fatty Acyls	0.564					Fatty Acyls	0.564	Organic compounds; Lipids and lipid-like molecules; Alcohols and polyols; Organic acids and derivatives; Carboxylic acids and derivatives; Organonitrogen compounds; Organooxygen compounds; Organic nitro compounds; Secondary alcohols; Carbonyl compounds; Organic 1,3-dipolar compounds; Allyl-type 1,3-dipolar organic compounds; Propargyl-type 1,3-dipolar organic compounds; Fatty Acyls; Organic oxides; Hydrocarbon derivatives; Organopnictogen compounds; Organic oxygen compounds; Organic nitrogen compounds; Chemical entities	281.139	34	0.572	839079752455132697	839079606858252270	839079606858252269	74	
1	C24H30O6	[M + H]+	C24H31O6+	Shikimates and Phenylpropanoids	0.789	Lignans	0.936	Neolignans	0.387	Benzenoids	0.968	Phenol ethers	0.707					Phenol ethers	0.707	Organic compounds; Organoheterocyclic compounds; Alkyl aryl ethers; Alcohols and polyols; Ethers; Organooxygen compounds; Dialkyl ethers; Benzene and substituted derivatives; Phenol ethers; Benzenoids; Oxacyclic compounds; Hydrocarbon derivatives; Organic oxygen compounds; Phenoxy compounds; Chemical entities	415.212	34	0.573	839079917043829096	839079606954721270	839079606954721269	76	
1	C11H20N4O3	[M + K]+	C11H20KN4O3+	Amino acids and Peptides	0.946	Small peptides	0.950	Dipeptides	0.559	Organic acids and derivatives	0.922	Carboxylic acids and derivatives	0.863	Amino acids, peptides, and analogues	0.608	Amino acids and derivatives	0.606	Alpha amino acids and derivatives	0.640	Organic compounds; Organoheterocyclic compounds; Lipids and lipid-like molecules; Amino acids, peptides, and analogues; Alpha amino acids and derivatives; Organic acids and derivatives; Carboxylic acids and derivatives; Organonitrogen compounds; Organooxygen compounds; Amino acids and derivatives; Carboxylic acid derivatives; Monocarboxylic acids and derivatives; Carbonyl compounds; Fatty Acyls; Organic oxides; Azacyclic compounds; Hydrocarbon derivatives; Organopnictogen compounds; Organic oxygen compounds; Organic nitrogen compounds; Chemical entities	295.118	34	0.573	839079988619629225	839079607055384574	839079607055384573	78	
1	C11H21N3O4	[M + Na]+	C11H21N3NaO4+	Fatty acids	0.930	Fatty Acids and Conjugates	0.693	Dipeptides	0.151	Organic acids and derivatives	0.996	Carboxylic acids and derivatives	0.990	Amino acids, peptides, and analogues	0.549	Amino acids and derivatives	0.537	Amino acids and derivatives	0.537	Organic compounds; Lipids and lipid-like molecules; Amino acids, peptides, and analogues; Fatty acids and conjugates; Organic acids and derivatives; Carboxylic acids and derivatives; Organonitrogen compounds; Organooxygen compounds; Fatty amides; Branched fatty acids; Amino acids and derivatives; Carboxylic acid amides; Amino fatty acids; Carboxylic acid derivatives; Monocarboxylic acids and derivatives; Carboxylic acids; Primary carboxylic acid amides; Secondary carboxylic acid amides; Carbonyl compounds; Medium-chain fatty acids; Fatty Acyls; Organic oxides; Hydrocarbon derivatives; Organopnictogen compounds; Organic oxygen compounds; Organic nitrogen compounds; Chemical entities	282.142	34	0.573	839079757492492438	839079607151853574	839079607147659269	80	
1	C54H56N2O6	[M + H3N + H]+	C54H60N3O6+	Alkaloids	0.299	Tyrosine alkaloids	0.601	Isoquinoline alkaloids	0.442	Benzenoids	0.979	Phenol ethers	0.797	Anisoles	0.718			Anisoles	0.718	Organic compounds; Organoheterocyclic compounds; Alkyl aryl ethers; Anisoles; Ethers; Phenylpropanoids and polyketides; Organonitrogen compounds; Organooxygen compounds; Benzene and substituted derivatives; Phenol ethers; Benzenoids; Organic oxides; Methoxybenzenes; Hydrocarbon derivatives; Organic oxygen compounds; Organic nitrogen compounds; Phenoxy compounds; Chemical entities	846.444	34	0.574	839079757068867693	839079607105716226	839079607105716225	79	
1	C26H32O6	[M + H3N + H]+	C26H36NO6+	Shikimates and Phenylpropanoids	0.505	Lignans	0.222	Azaphilones	0.035	Benzenoids	0.884	Benzene and substituted derivatives	0.612					Benzene and substituted derivatives	0.612	Organic compounds; Organoheterocyclic compounds; Alcohols and polyols; Ethers; Organooxygen compounds; Dialkyl ethers; Benzene and substituted derivatives; Benzenoids; Organic oxides; Oxacyclic compounds; Hydrocarbon derivatives; Organic oxygen compounds; Chemical entities	458.254	35	0.576	839079749175186553	839079607193796618	839079607193796617	81	
1	C48H60O12	[M + Na]+	C48H60NaO12+	Terpenoids	0.607	Triterpenoids	0.337	Limonoids	0.165	Lipids and lipid-like molecules	0.781	Prenol lipids	0.505					Prenol lipids	0.505	Organic compounds; Organoheterocyclic compounds; Lipids and lipid-like molecules; Alcohols and polyols; Ethers; Prenol lipids; Organic acids and derivatives; Carboxylic acids and derivatives; Organooxygen compounds; Carboxylic acid derivatives; Carboxylic acid esters; Secondary alcohols; Carbonyl compounds; Enoate esters; Alpha,beta-unsaturated carboxylic esters; Organic oxides; Oxacyclic compounds; Hydrocarbon derivatives; Organic oxygen compounds; Chemical entities	851.399	35	0.580	839079746784433035	839079607244128270	839079607244128269	82	
1	C18H26O	[M + H3N + H]+	C18H30NO+	Terpenoids	0.919	Diterpenoids	0.426	Pinane monoterpenoids	0.071	Lipids and lipid-like molecules	0.807							Lipids and lipid-like molecules	0.807	Organic compounds; Lipids and lipid-like molecules; Ketones; Organooxygen compounds; Carbonyl compounds; Organic oxides; Hydrocarbon derivatives; Organic oxygen compounds; Chemical entities	276.233	35	0.587	839079743974249052	839079607294459922	839079607294459921	83	
1	C18H28O2	[M + H3N + H]+	C18H32NO2+	Fatty acids	0.995	Octadecanoids	0.548	Other Octadecanoids	0.628	Lipids and lipid-like molecules	0.960	Fatty Acyls	0.939	Lineolic acids and derivatives	0.725			Lineolic acids and derivatives	0.725	Organic compounds; Lipids and lipid-like molecules; Ketones; Fatty acids and conjugates; Organic acids and derivatives; Carboxylic acids and derivatives; Acryloyl compounds; Organooxygen compounds; Unsaturated fatty acids; Lineolic acids and derivatives; Monocarboxylic acids and derivatives; Carboxylic acids; Enones; Carbonyl compounds; Long-chain fatty acids; Alpha,beta-unsaturated carbonyl compounds; Alpha,beta-unsaturated ketones; Fatty Acyls; Organic oxides; Hydrocarbon derivatives; Organic oxygen compounds; Chemical entities	294.243	35	0.587	839079746826376144	839079607340597270	839079607340597269	84	
1	C13H29N2O4	[M + H3N + H]+	C13H33N3O4+	Fatty acids	0.839	Small peptides	0.330	Dipeptides	0.107	Lipids and lipid-like molecules	0.943	Fatty Acyls	0.955	Fatty acids and conjugates	0.938	Medium-chain fatty acids	0.660	Medium-chain fatty acids	0.660	Organic compounds; Lipids and lipid-like molecules; Fatty acids and conjugates; Organic acids and derivatives; Carboxylic acids and derivatives; Organonitrogen compounds; Organooxygen compounds; Fatty amides; Carboxylic acid amides; Amino fatty acids; Carboxylic acid derivatives; Monocarboxylic acids and derivatives; Carboxylic acids; Carbonyl compounds; Medium-chain fatty acids; Fatty Acyls; Organic oxides; Hydrocarbon derivatives; Organopnictogen compounds; Organic oxygen compounds; Organic nitrogen compounds; Chemical entities	295.246	35	0.588	839079745853297415	839079607386734618	839079607386734617	85	
1	C18H28O2	[M + H]+	C18H29O2+	Fatty acids	0.998	Octadecanoids	0.542	Other Octadecanoids	0.705	Lipids and lipid-like molecules	0.971	Fatty Acyls	0.956	Lineolic acids and derivatives	0.770			Lineolic acids and derivatives	0.770	Organic compounds; Lipids and lipid-like molecules; Ketones; Fatty acids and conjugates; Organic acids and derivatives; Carboxylic acids and derivatives; Acryloyl compounds; Organooxygen compounds; Straight chain fatty acids; Unsaturated fatty acids; Lineolic acids and derivatives; Monocarboxylic acids and derivatives; Carboxylic acids; Enones; Carbonyl compounds; Long-chain fatty acids; Alpha,beta-unsaturated carbonyl compounds; Alpha,beta-unsaturated ketones; Fatty Acyls; Organic oxides; Hydrocarbon derivatives; Organic oxygen compounds; Chemical entities	277.217	35	0.590	839079770893294954	839079607432871966	839079607432871965	86	
1	C22H21FN6O4	[M + H]+	C22H22FN6O4+	Alkaloids	0.276	Nucleosides	0.046	Purine nucleosides	0.016	Organic acids and derivatives	0.936	Carboxylic acids and derivatives	0.887	Amino acids, peptides, and analogues	0.587	Amino acids and derivatives	0.587	Amino acids and derivatives	0.587	Organic compounds; Organoheterocyclic compounds; Amino acids, peptides, and analogues; Halobenzenes; Ethers; Organic acids and derivatives; Carboxylic acids and derivatives; Organohalogen compounds; Organonitrogen compounds; Organooxygen compounds; Amino acids and derivatives; Azoles; Carboxylic acid amides; Aryl fluorides; Carboxylic acid derivatives; Fluorobenzenes; Organofluorides; Secondary carboxylic acid amides; Carbonyl compounds; Benzene and substituted derivatives; Benzenoids; Amines; Aryl halides; Organic oxides; Azacyclic compounds; Oxacyclic compounds; Heteroaromatic compounds; Hydrocarbon derivatives; Organopnictogen compounds; Organic oxygen compounds; Organic nitrogen compounds; Chemical entities	453.168	36	0.593	839079749099689060	839079607479009314	839079607474815009	87	
1	C11H16O2	[M + H3N + H]+	C11H20NO2+	Fatty acids	0.994	Fatty Acids and Conjugates	0.790	Unsaturated fatty acids	0.887	Lipids and lipid-like molecules	0.464	Fatty Acyls	0.486	Fatty acids and conjugates	0.375	Unsaturated fatty acids	0.555	Unsaturated fatty acids	0.555	Organic compounds; Organic acids and derivatives; Carboxylic acids and derivatives; Organooxygen compounds; Unsaturated fatty acids; Monocarboxylic acids and derivatives; Carboxylic acids; Carbonyl compounds; Organic oxides; Hydrocarbon derivatives; Organic oxygen compounds; Chemical entities	198.149	36	0.593	839079752341886402	839079607520952358	839079607520952357	88	
1	C18H28O3	[M + H3N + H]+	C18H32NO3+	Fatty acids	0.996	Octadecanoids	0.600	Other Octadecanoids	0.619	Lipids and lipid-like molecules	0.966	Fatty Acyls	0.945	Fatty acids and conjugates	0.914	Long-chain fatty acids	0.879	Long-chain fatty acids	0.879	Organic compounds; Lipids and lipid-like molecules; Fatty acids and conjugates; Organic acids and derivatives; Carboxylic acids and derivatives; Organooxygen compounds; Unsaturated fatty acids; Monocarboxylic acids and derivatives; Carboxylic acids; Carbonyl compounds; Long-chain fatty acids; Fatty Acyls; Organic oxides; Hydrocarbon derivatives; Organic oxygen compounds; Chemical entities	310.238	36	0.598	839079747732345879	839079608049434710	839079608049434709	100	
1	C18H28O4	[M + H3N + H]+	C18H32NO4+	Fatty acids	0.973	Octadecanoids	0.671	Other Octadecanoids	0.441	Lipids and lipid-like molecules	0.913	Fatty Acyls	0.894	Fatty acids and conjugates	0.732	Long-chain fatty acids	0.642	Long-chain fatty acids	0.642	Organic compounds; Lipids and lipid-like molecules; Alcohols and polyols; Fatty acids and conjugates; Organic acids and derivatives; Carboxylic acids and derivatives; Organooxygen compounds; Unsaturated fatty acids; Monocarboxylic acids and derivatives; Carboxylic acids; Secondary alcohols; Carbonyl compounds; Long-chain fatty acids; Fatty Acyls; Organic oxides; Hydrocarbon derivatives; Organic oxygen compounds; Chemical entities	326.233	36	0.608	839079980797252044	839079606652731358	839079606652731357	70	
1	C25H32O6	[M + H3N + H]+	C25H36NO6+	Shikimates and Phenylpropanoids	0.497	Lignans	0.247	Dibenzylbutane lignans	0.042	Benzenoids	0.867	Benzene and substituted derivatives	0.633					Benzene and substituted derivatives	0.633	Organic compounds; Organoheterocyclic compounds; Ethers; Organic acids and derivatives; Organooxygen compounds; Carbonyl compounds; Benzene and substituted derivatives; Benzenoids; Organic oxides; Oxacyclic compounds; Hydrocarbon derivatives; Organic oxygen compounds; Chemical entities	446.254	37	0.613	839079762974448269	839079607562895402	839079607562895401	89	
1	C34H64O	[M + H3N + H]+	C34H68NO+	Terpenoids	0.908	Diterpenoids	0.177	Prenyl quinone meroterpenoids	0.310	Lipids and lipid-like molecules	0.898	Prenol lipids	0.700					Prenol lipids	0.700	Organic compounds; Lipids and lipid-like molecules; Prenol lipids; Organooxygen compounds; Hydrocarbon derivatives; Organic oxygen compounds; Chemical entities	506.531	37	0.614	839079757496686766	839079608213012582	839079608208818277	104	
1	C18H33NO3	[M + O + H]+	C18H34NO4+	Fatty acids	1.000	Fatty Acids and Conjugates	0.983	Nitro fatty acids	0.998	Lipids and lipid-like molecules	0.979	Fatty Acyls	0.979	Fatty acids and conjugates	0.975	Long-chain fatty acids	0.920	Long-chain fatty acids	0.920	Organic compounds; Lipids and lipid-like molecules; Fatty acids and conjugates; Organic acids and derivatives; Carboxylic acids and derivatives; Organonitrogen compounds; Organooxygen compounds; Straight chain fatty acids; Unsaturated fatty acids; Nitro fatty acids; Monocarboxylic acids and derivatives; Organic nitro compounds; Carboxylic acids; Organic oxoazanium compounds; Carbonyl compounds; Long-chain fatty acids; Organic 1,3-dipolar compounds; Allyl-type 1,3-dipolar organic compounds; Propargyl-type 1,3-dipolar organic compounds; Fatty Acyls; Organic oxides; C-nitro compounds; Hydrocarbon derivatives; Organopnictogen compounds; Organic oxygen compounds; Organic nitrogen compounds; Chemical entities	328.248	37	0.615	839079801062926132	839079607604838446	839079607604838445	90	
1	C24H28O3	[M + Na]+	C24H28NaO3+	Shikimates and Phenylpropanoids	0.807	Flavonoids	0.219	Chalcones	0.104	Benzenoids	0.993	Benzene and substituted derivatives	0.868	Benzoyl derivatives	0.502			Benzoyl derivatives	0.502	Organic compounds; Phenylpropanoids and polyketides; Organic acids and derivatives; Carboxylic acids and derivatives; Benzoyl derivatives; Organooxygen compounds; Carbonyl compounds; Benzene and substituted derivatives; Benzenoids; Organic oxides; Hydrocarbon derivatives; Organic oxygen compounds; Chemical entities	387.193	37	0.615	839079750513169648	839079607650975794	839079607650975793	91	
1	C10H14O2	[M + H3N + H]+	C10H18NO2+	Fatty acids	0.631	Monoterpenoids	0.422	Unsaturated fatty acids	0.378	Organic oxygen compounds	0.999	Organooxygen compounds	0.997	Carbonyl compounds	0.858			Carbonyl compounds	0.858	Organic compounds; Organooxygen compounds; Carbonyl compounds; Organic oxides; Hydrocarbon derivatives; Organic oxygen compounds; Chemical entities	184.133	37	0.616	839079753273022132	839079607692918838	839079607692918837	92	
1	C9H14O2	[M + H3N + H]+	C9H18NO2+	Fatty acids	0.865	Fatty Acids and Conjugates	0.438	Unsaturated fatty acids	0.423	Lipids and lipid-like molecules	0.594							Lipids and lipid-like molecules	0.594	Organic compounds; Lipids and lipid-like molecules; Organic acids and derivatives; Carboxylic acids and derivatives; Organooxygen compounds; Monocarboxylic acids and derivatives; Carboxylic acids; Carbonyl compounds; Organic oxides; Hydrocarbon derivatives; Organic oxygen compounds; Chemical entities	172.133	37	0.619	839079747132560362	839079607734861882	839079607734861881	93	
1	C16H24O2	[M + H3N + H]+	C16H28NO2+	Fatty acids	0.921	Fatty Acids and Conjugates	0.446	Unsaturated fatty acids	0.439	Lipids and lipid-like molecules	0.787	Fatty Acyls	0.571					Fatty Acyls	0.571	Organic compounds; Lipids and lipid-like molecules; Ketones; Organic acids and derivatives; Carboxylic acids and derivatives; Organooxygen compounds; Monocarboxylic acids and derivatives; Carboxylic acids; Carbonyl compounds; Fatty Acyls; Organic oxides; Hydrocarbon derivatives; Organic oxygen compounds; Chemical entities	266.212	37	0.621	839079755076572986	839079607789387838	839079607789387837	94	
1	C9H14O2	[M + H]+	C9H15O2+	Fatty acids	0.996	Fatty Acids and Conjugates	0.576	Unsaturated fatty acids	0.644	Organic oxygen compounds	0.999	Organooxygen compounds	0.998	Carbonyl compounds	0.966	Ketones	0.558	Ketones	0.558	Organic compounds; Ketones; Organic acids and derivatives; Carboxylic acids and derivatives; Organooxygen compounds; Monocarboxylic acids and derivatives; Carbonyl compounds; Organic oxides; Hydrocarbon derivatives; Organic oxygen compounds; Chemical entities	155.107	37	0.621	839079783040000409	839079607831330882	839079607831330881	95	
1	C18H26O3	[M + H3N + H]+	C18H30NO3+	Terpenoids	0.715	Octadecanoids	0.633	Phytane diterpenoids	0.727	Lipids and lipid-like molecules	0.878	Fatty Acyls	0.685	Eicosanoids	0.510	Prostaglandins and related compounds	0.707	Prostaglandins and related compounds	0.707	Organic compounds; Lipids and lipid-like molecules; Ketones; Fatty acids and conjugates; Organic acids and derivatives; Carboxylic acids and derivatives; Organooxygen compounds; Eicosanoids; Prostaglandins and related compounds; Monocarboxylic acids and derivatives; Carboxylic acids; Carbonyl compounds; Cyclic ketones; Fatty Acyls; Organic oxides; Hydrocarbon derivatives; Organic oxygen compounds; Chemical entities	308.222	38	0.632	839079757840619711	839079607877468230	839079607877468229	96	
1	C18H24O3	[M + H3N + H]+	C18H28NO3+	Terpenoids	0.734	Octadecanoids	0.153	Jasmonic acids	0.046	Organic oxygen compounds	1.000	Organooxygen compounds	1.000	Carbonyl compounds	0.985	Ketones	0.912	Cyclohexenones	0.520	Organic compounds; Lipids and lipid-like molecules; Ketones; Organic acids and derivatives; Carboxylic acids and derivatives; Organooxygen compounds; Monocarboxylic acids and derivatives; Carbonyl compounds; Cyclic ketones; Organic oxides; Hydrocarbon derivatives; Cyclohexenones; Organic oxygen compounds; Chemical entities	306.206	38	0.633	839079754615199482	839079607923605578	839079607919411273	97	
1	C18H31NO3	[M + O + H]+	C18H32NO4+	Fatty acids	0.997	Fatty amides	0.672	Nitro fatty acids	0.723	Lipids and lipid-like molecules	0.972	Fatty Acyls	0.970	Fatty acids and conjugates	0.937	Long-chain fatty acids	0.784	Long-chain fatty acids	0.784	Organic compounds; Lipids and lipid-like molecules; Fatty acids and conjugates; Organic acids and derivatives; Carboxylic acids and derivatives; Organonitrogen compounds; Organooxygen compounds; Fatty amides; Unsaturated fatty acids; Carboxylic acid amides; Amino fatty acids; Carboxylic acid derivatives; Monocarboxylic acids and derivatives; Carboxylic acids; Primary carboxylic acid amides; Carbonyl compounds; Long-chain fatty acids; Fatty Acyls; Organic oxides; Hydrocarbon derivatives; Organopnictogen compounds; Organic oxygen compounds; Organic nitrogen compounds; Chemical entities	326.233	38	0.638	839079744360125048	839079607965548622	839079607965548621	98	
1	C18H29NO3	[M + O + H]+	C18H30NO4+	Fatty acids	0.932	Fatty amides	0.421	Primary amides	0.498	Lipids and lipid-like molecules	0.843	Fatty Acyls	0.860	Fatty acids and conjugates	0.768	Amino fatty acids	0.648	Amino fatty acids	0.648	Organic compounds; Lipids and lipid-like molecules; Fatty acids and conjugates; Organic acids and derivatives; Carboxylic acids and derivatives; Organonitrogen compounds; Organooxygen compounds; Unsaturated fatty acids; Carboxylic acid amides; Amino fatty acids; Carboxylic acid derivatives; Monocarboxylic acids and derivatives; Carboxylic acids; Primary carboxylic acid amides; Carbonyl compounds; Fatty Acyls; Organic oxides; Hydrocarbon derivatives; Organopnictogen compounds; Organic oxygen compounds; Organic nitrogen compounds; Chemical entities	324.217	39	0.647	839079754011219650	839079608007491666	839079608007491665	99	
1	C18H35NO3	[M + O + H]+	C18H36NO4+	Fatty acids	1.000	Fatty Acids and Conjugates	0.911	Nitro fatty acids	0.986	Lipids and lipid-like molecules	0.919	Fatty Acyls	0.928	Fatty acids and conjugates	0.902	Long-chain fatty acids	0.832	Long-chain fatty acids	0.832	Organic compounds; Lipids and lipid-like molecules; Alcohols and polyols; Fatty acids and conjugates; Organic acids and derivatives; Carboxylic acids and derivatives; Organonitrogen compounds; Organooxygen compounds; Unsaturated fatty acids; Nitro fatty acids; Monocarboxylic acids and derivatives; Organic nitro compounds; Carboxylic acids; Organic oxoazanium compounds; Secondary alcohols; Carbonyl compounds; Long-chain fatty acids; Organic 1,3-dipolar compounds; Allyl-type 1,3-dipolar organic compounds; Propargyl-type 1,3-dipolar organic compounds; Fatty Acyls; Organic oxides; C-nitro compounds; Hydrocarbon derivatives; Organopnictogen compounds; Organic oxygen compounds; Organic nitrogen compounds; Chemical entities	330.264	39	0.657	839079770624859496	839079608091377754	839079608091377753	101	
1	C16H29N7O3	[M - H2O + H]+	C16H28N7O2+	Amino acids and Peptides	0.312	Nucleosides	0.144	Purine nucleosides	0.110	Organic nitrogen compounds	1.000	Organonitrogen compounds	1.000	Amines	0.953	Tertiary amines	0.687	Dialkylarylamines	0.676	Organic compounds; Organoheterocyclic compounds; Alcohols and polyols; Organonitrogen compounds; Organooxygen compounds; Aminopyrimidines and derivatives; Diazines; Amines; Primary amines; Tertiary amines; Tertiary alkylarylamines; Imidolactams; Dialkylarylamines; Organic oxides; Azacyclic compounds; Heteroaromatic compounds; Hydrocarbon derivatives; Organopnictogen compounds; Organic oxygen compounds; Organic nitrogen compounds; Chemical entities	350.231	40	0.661	839079923846990442	839079608129126494	839079608129126493	102	
1	C18H30O5	[M + H3N + H]+	C18H34NO5+	Polyketides	0.809	Linear polyketides	0.616	Open-chain polyketides	0.524	Lipids and lipid-like molecules	0.814	Fatty Acyls	0.822	Fatty acids and conjugates	0.587			Fatty acids and conjugates	0.587	Organic compounds; Organoheterocyclic compounds; Lipids and lipid-like molecules; Alcohols and polyols; Fatty acids and conjugates; Organic acids and derivatives; Carboxylic acids and derivatives; Organooxygen compounds; Monocarboxylic acids and derivatives; Carboxylic acids; Secondary alcohols; Carbonyl compounds; Fatty Acyls; Organic oxides; Oxacyclic compounds; Hydrocarbon derivatives; Organic oxygen compounds; Chemical entities	344.243	40	0.664	839079762370468407	839079608171069538	839079608171069537	103	
1	C11H16O2	[M + H3N + H]+	C11H20NO2+	Fatty acids	0.708	Fatty Acids and Conjugates	0.325	Unsaturated fatty acids	0.495	Lipids and lipid-like molecules	0.759	Fatty Acyls	0.506					Fatty Acyls	0.506	Organic compounds; Lipids and lipid-like molecules; Organic acids and derivatives; Carboxylic acids and derivatives; Organooxygen compounds; Monocarboxylic acids and derivatives; Carboxylic acids; Carbonyl compounds; Fatty Acyls; Organic oxides; Hydrocarbon derivatives; Organic oxygen compounds; Chemical entities	198.149	40	0.673	839079943136595189	839079608716329110	839079608716329109	116	
1	C12H16O2	[M + H3N + H]+	C12H20NO2+	Terpenoids	0.638	Fatty Acids and Conjugates	0.287	Fatty aldehydes	0.139	Organoheterocyclic compounds	0.883	Furans	0.695					Furans	0.695	Organic compounds; Organoheterocyclic compounds; Furans; Organooxygen compounds; Carbonyl compounds; Organic oxides; Oxacyclic compounds; Heteroaromatic compounds; Hydrocarbon derivatives; Organic oxygen compounds; Chemical entities	210.149	41	0.680	839079759304431932	839079608250761322	839079608250761321	105	
1	C14H30O8	[M + H]+	C14H31O8+	Fatty acids	0.830	Fatty acyls	0.518	Fatty alcohols	0.438	Organic oxygen compounds	1.000	Organooxygen compounds	1.000	Ethers	0.992	Dialkyl ethers	0.993	Polyethylene glycols	0.992	Organic compounds; Alcohols and polyols; Ethers; Primary alcohols; Organooxygen compounds; Dialkyl ethers; Polyethylene glycols; Hydrocarbon derivatives; Organic oxygen compounds; Chemical entities	327.201	41	0.688	839079778698895266	839079608292704366	839079608292704365	106	
1	C9H12O3	[M + H3N + H]+	C9H16NO3+	Fatty acids	0.425	Macrolides	0.100	2-pyrone derivatives	0.193	Organic acids and derivatives	0.818	Carboxylic acids and derivatives	0.760	Monocarboxylic acids and derivatives	0.591			Monocarboxylic acids and derivatives	0.591	Organic compounds; Organic acids and derivatives; Carboxylic acids and derivatives; Organooxygen compounds; Monocarboxylic acids and derivatives; Carbonyl compounds; Organic oxides; Hydrocarbon derivatives; Organic oxygen compounds; Chemical entities	186.113	42	0.694	839079754862663443	839079608334647410	839079608334647409	107	
1	C11H24NO4S	[M + H3N + H]+	C11H28N2O4S+	Fatty acids	0.874	Fatty amides	0.841	N-acyl amines	0.374	Lipids and lipid-like molecules	0.797	Fatty Acyls	0.810	Fatty acids and conjugates	0.705			Fatty acids and conjugates	0.705	Organic compounds; Organosulfur compounds; Lipids and lipid-like molecules; Fatty acids and conjugates; Organic acids and derivatives; Carboxylic acids and derivatives; Organonitrogen compounds; Organooxygen compounds; Carboxylic acids; Carbonyl compounds; Fatty Acyls; Organic oxides; Hydrocarbon derivatives; Organopnictogen compounds; Organic oxygen compounds; Organic nitrogen compounds; Chemical entities	284.178	42	0.702	839079755361785721	839079608468865150	839079608464670845	110	
1	C44H84NO8P	[M + H]+	C44H85NO8P+	Fatty acids	0.984	Glycerophospholipids	0.997	Glycerophosphoethanolamines	0.906	Lipids and lipid-like molecules	0.963	Glycerophospholipids	0.995	Glycerophosphoethanolamines	0.767	Phosphatidylethanolamines	0.611	Phosphatidylethanolamines	0.611	Organic compounds; Lipids and lipid-like molecules; Amino acids, peptides, and analogues; Glycerophospholipids; Organic acids and derivatives; Carboxylic acids and derivatives; Organonitrogen compounds; Organooxygen compounds; Fatty acid esters; Dicarboxylic acids and derivatives; Amino acids and derivatives; Organic phosphoric acids and derivatives; Phosphate esters; Carboxylic acid derivatives; Carboxylic acid esters; Phosphoethanolamines; Phosphatidylethanolamines; Carbonyl compounds; Glycerophosphoethanolamines; Trialkylamines; Amines; Tertiary amines; Alkyl phosphates; Dialkyl phosphates; Fatty Acyls; Organic oxides; Hydrocarbon derivatives; Organopnictogen compounds; Organic oxygen compounds; Organic nitrogen compounds; Chemical entities	786.601	42	0.702	839079773334380029	839079608376590454	839079608376590453	108	
1	C48H79NO5	[M + Na]+	C48H79NNaO5+	Fatty acids	1.000	Glycerolipids	0.957	Triacylglycerols	0.980	Lipids and lipid-like molecules	0.970	Glycerolipids	0.903	Triradylcglycerols	0.982	Triacylglycerols	0.924	Triacylglycerols	0.924	Organic compounds; Lipids and lipid-like molecules; Amino acids, peptides, and analogues; Glycerolipids; Organic acids and derivatives; Carboxylic acids and derivatives; Organonitrogen compounds; Organooxygen compounds; Fatty acid esters; Amino acids and derivatives; Carboxylic acid derivatives; Triacylglycerols; Carboxylic acid esters; Carbonyl compounds; Tricarboxylic acids and derivatives; Trialkylamines; Amines; Tertiary amines; Triradylcglycerols; Fatty Acyls; Organic oxides; Hydrocarbon derivatives; Organopnictogen compounds; Organic oxygen compounds; Organic nitrogen compounds; Chemical entities	772.586	42	0.703	839079760952793545	839079608422727802	839079608422727801	109	
1	C40H82NO8P	[M + Na]+	C40H82NNaO8P+	Fatty acids	0.991	Glycerophospholipids	0.994	Glycerophosphoethanolamines	0.992	Lipids and lipid-like molecules	0.978	Glycerophospholipids	0.995	Glycerophosphoethanolamines	0.979	Phosphatidylethanolamines	0.973	Dimethylphosphatidylethanolamines	0.741	Organic compounds; Lipids and lipid-like molecules; Amino acids, peptides, and analogues; Glycerophospholipids; Organic acids and derivatives; Carboxylic acids and derivatives; Organonitrogen compounds; Organooxygen compounds; Fatty acid esters; Dicarboxylic acids and derivatives; Amino acids and derivatives; Organic phosphoric acids and derivatives; Phosphate esters; Carboxylic acid derivatives; Carboxylic acid esters; Phosphoethanolamines; Phosphatidylethanolamines; Carbonyl compounds; Glycerophosphoethanolamines; Trialkylamines; Amines; Tertiary amines; Dimethylphosphatidylethanolamines; Alkyl phosphates; Dialkyl phosphates; Fatty Acyls; Organic oxides; Hydrocarbon derivatives; Organopnictogen compounds; Organic oxygen compounds; Organic nitrogen compounds; Chemical entities	758.570	43	0.710	839079763750394583	839079608510808194	839079608506613889	111	
1	C39H80NO8P	[M + Na]+	C39H80NNaO8P+	Fatty acids	0.993	Glycerophospholipids	0.995	Glycerophosphoethanolamines	0.994	Lipids and lipid-like molecules	0.979	Glycerophospholipids	0.996	Glycerophosphoethanolamines	0.983	Phosphatidylethanolamines	0.978	Dimethylphosphatidylethanolamines	0.729	Organic compounds; Lipids and lipid-like molecules; Amino acids, peptides, and analogues; Glycerophospholipids; Organic acids and derivatives; Carboxylic acids and derivatives; Organonitrogen compounds; Organooxygen compounds; Fatty acid esters; Dicarboxylic acids and derivatives; Amino acids and derivatives; Organic phosphoric acids and derivatives; Phosphate esters; Carboxylic acid derivatives; Carboxylic acid esters; Phosphoethanolamines; Phosphatidylethanolamines; Carbonyl compounds; Glycerophosphoethanolamines; Trialkylamines; Amines; Tertiary amines; Dimethylphosphatidylethanolamines; Alkyl phosphates; Dialkyl phosphates; Fatty Acyls; Organic oxides; Hydrocarbon derivatives; Organopnictogen compounds; Organic oxygen compounds; Organic nitrogen compounds; Chemical entities	744.554	43	0.712	839079774550728355	839079608552751238	839079608552751237	112	
1	C16H29N7O4	[M - H2O + H]+	C16H28N7O3+	Carbohydrates	0.535	Nucleosides	0.617	Purine nucleosides	0.197	Organic nitrogen compounds	1.000	Organonitrogen compounds	1.000	Amines	0.971	Tertiary amines	0.724	Dialkylarylamines	0.795	Organic compounds; Organoheterocyclic compounds; Pyrimidines and pyrimidine derivatives; Alcohols and polyols; Organonitrogen compounds; Primary alcohols; Organooxygen compounds; Aminopyrimidines and derivatives; Diazines; Amines; Primary amines; Tertiary amines; Tertiary alkylarylamines; Imidolactams; Dialkylarylamines; 1,3,5-triazines; Azacyclic compounds; Oxacyclic compounds; Heteroaromatic compounds; Hydrocarbon derivatives; Organopnictogen compounds; Organic oxygen compounds; Organic nitrogen compounds; Chemical entities	366.225	43	0.715	839079752421578195	839079608594694282	839079608594694281	113	
1	C11H18O3	[M + H3N + H]+	C11H22NO3+	Fatty acids	0.971	Octadecanoids	0.442	Oxo fatty acids	0.613	Lipids and lipid-like molecules	0.561	Fatty Acyls	0.535					Fatty Acyls	0.535	Organic compounds; Lipids and lipid-like molecules; Ketones; Organic acids and derivatives; Carboxylic acids and derivatives; Organooxygen compounds; Monocarboxylic acids and derivatives; Carboxylic acids; Carbonyl compounds; Fatty Acyls; Organic oxides; Hydrocarbon derivatives; Organic oxygen compounds; Chemical entities	216.160	43	0.724	839079974442881216	839079608636637326	839079608636637325	114	
1	C10H16O3	[M + H3N + H]+	C10H20NO3+	Fatty acids	0.966	Fatty Acids and Conjugates	0.485	Oxo fatty acids	0.473	Lipids and lipid-like molecules	0.601	Fatty Acyls	0.511					Fatty Acyls	0.511	Organic compounds; Lipids and lipid-like molecules; Ketones; Organic acids and derivatives; Carboxylic acids and derivatives; Organooxygen compounds; Monocarboxylic acids and derivatives; Carboxylic acids; Carbonyl compounds; Fatty Acyls; Organic oxides; Hydrocarbon derivatives; Organic oxygen compounds; Chemical entities	202.144	44	0.727	839079847296742682	839079608678580370	839079608678580369	115	
1	C25H32O6	[M + H3N + H]+	C25H36NO6+	Shikimates and Phenylpropanoids	0.511	Lignans	0.345	Dibenzylbutane lignans	0.042	Benzenoids	0.915	Phenol ethers	0.566					Phenol ethers	0.566	Organic compounds; Organoheterocyclic compounds; Alkyl aryl ethers; Ethers; Organooxygen compounds; Benzene and substituted derivatives; Phenol ethers; Benzenoids; Organic oxides; Oxacyclic compounds; Hydrocarbon derivatives; Organic oxygen compounds; Phenoxy compounds; Chemical entities	446.254	45	0.742	839079928372644624	839079608837963938	839079608837963937	119	
1	C19H38O2	[M + H3N + H]+	C19H42NO2+	Fatty acids	0.998	Fatty Acids and Conjugates	0.807	Unsaturated fatty acids	0.449	Lipids and lipid-like molecules	0.977	Fatty Acyls	0.962	Fatty acids and conjugates	0.883	Long-chain fatty acids	0.877	Long-chain fatty acids	0.877	Organic compounds; Lipids and lipid-like molecules; Alcohols and polyols; Fatty acids and conjugates; Organic acids and derivatives; Carboxylic acids and derivatives; Organooxygen compounds; Straight chain fatty acids; Unsaturated fatty acids; Monocarboxylic acids and derivatives; Carboxylic acids; Carbonyl compounds; Long-chain fatty acids; Fatty Acyls; Organic oxides; Hydrocarbon derivatives; Organic oxygen compounds; Chemical entities	316.321	45	0.743	839079749481370807	839079608758272154	839079608758272153	117	
1	C9H21N2O2	[M + Na]+	C9H21N2NaO2+	Fatty acids	0.977	Fatty amides	0.789	Primary amides	0.861	Organic acids and derivatives	0.987	Carboxylic acids and derivatives	0.981	Amino acids, peptides, and analogues	0.564	Amino acids and derivatives	0.563	Amino acids and derivatives	0.563	Organic compounds; Lipids and lipid-like molecules; Amino acids, peptides, and analogues; Organic acids and derivatives; Carboxylic acids and derivatives; Organonitrogen compounds; Organooxygen compounds; Fatty amides; Amino acids and derivatives; Monoalkylamines; Carboxylic acid amides; Carboxylic acid derivatives; Primary carboxylic acid amides; Carbonyl compounds; Amines; Primary amines; Fatty Acyls; Organic oxides; Hydrocarbon derivatives; Organopnictogen compounds; Organic oxygen compounds; Organic nitrogen compounds; Chemical entities	212.149	45	0.748	839079752450938376	839079608796020894	839079608796020893	118	
1	C32H46O6	[M + H3N + H]+	C32H50NO6+	Terpenoids	0.606	Sesquiterpenoids	0.140	Dibenzylbutane lignans	0.023	Benzenoids	0.895	Benzene and substituted derivatives	0.763	Phenylpropanes	0.578			Phenylpropanes	0.578	Organic compounds; Organic acids and derivatives; Carboxylic acids and derivatives; Organooxygen compounds; Dicarboxylic acids and derivatives; Carboxylic acid derivatives; Carboxylic acid esters; Carbonyl compounds; Benzene and substituted derivatives; Benzenoids; Phenylpropanes; Organic oxides; Hydrocarbon derivatives; Organic oxygen compounds; Chemical entities	544.364	45	0.756	839079749493953727	839079608917655722	839079608917655721	121	
1	C18H29NO5	[M + H3N + H]+	C18H33N2O5+	Fatty acids	0.446	Macrolides	0.162	Open-chain polyketides	0.035	Organic acids and derivatives	0.998	Carboxylic acids and derivatives	0.993	Dicarboxylic acids and derivatives	0.506			Dicarboxylic acids and derivatives	0.506	Organic compounds; Organoheterocyclic compounds; Lactones; Organic acids and derivatives; Carboxylic acids and derivatives; Organonitrogen compounds; Organooxygen compounds; Dicarboxylic acids and derivatives; Carboxylic acid derivatives; Carboxylic acids; Carboxylic acid esters; Carbonyl compounds; Organic oxides; Oxacyclic compounds; Hydrocarbon derivatives; Organopnictogen compounds; Organic oxygen compounds; Organic nitrogen compounds; Chemical entities	357.238	45	0.756	839079994562958197	839079608879906982	839079608879906981	120	
1	C10H14O2	[M + H3N + H]+	C10H18NO2+	Fatty acids	0.466	Fatty Acids and Conjugates	0.156	Unsaturated fatty acids	0.323	Organic acids and derivatives	0.723	Carboxylic acids and derivatives	0.709	Monocarboxylic acids and derivatives	0.679			Monocarboxylic acids and derivatives	0.679	Organic compounds; Organic acids and derivatives; Carboxylic acids and derivatives; Organooxygen compounds; Monocarboxylic acids and derivatives; Carbonyl compounds; Organic oxides; Hydrocarbon derivatives; Organic oxygen compounds; Chemical entities	184.133	46	0.770	839079750924211499	839079608959598766	839079608959598765	122	
1	C8H14O2	[M + H3N + H]+	C8H18NO2+	Fatty acids	0.996	Fatty esters	0.763	Lactones	0.874	Organoheterocyclic compounds	0.366	Lactones	0.507					Lactones	0.507	Organic compounds; Lactones; Organic acids and derivatives; Carboxylic acids and derivatives; Organooxygen compounds; Monocarboxylic acids and derivatives; Carbonyl compounds; Organic oxides; Hydrocarbon derivatives; Organic oxygen compounds; Chemical entities	160.133	47	0.786	839079989068419817	839079608997347506	839079608997347505	123	
1	C16H24O3	[M + H3N + H]+	C16H28NO3+	Terpenoids	0.809	Sesquiterpenoids	0.679	Caryolane sesquiterpenoids	0.119	Lipids and lipid-like molecules	0.663							Lipids and lipid-like molecules	0.663	Organic compounds; Lipids and lipid-like molecules; Organic acids and derivatives; Carboxylic acids and derivatives; Organooxygen compounds; Carboxylic acid derivatives; Monocarboxylic acids and derivatives; Carboxylic acid esters; Carbonyl compounds; Organic oxides; Hydrocarbon derivatives; Organic oxygen compounds; Chemical entities	282.207	47	0.790	839079755529557913	839079609081233594	839079609081233593	125	
1	C7H10O3	[M + K]+	C7H10KO3+	Fatty acids	0.433	Cyclic polyketides	0.268	2-pyrone derivatives	0.489	Organic oxygen compounds	1.000	Organooxygen compounds	1.000	Ethers	0.508			Ethers	0.508	Organic compounds; Organoheterocyclic compounds; Ethers; Organooxygen compounds; Carbonyl compounds; Organic oxides; Oxacyclic compounds; Hydrocarbon derivatives; Organic oxygen compounds; Chemical entities	181.026	48	0.792	839079753218496129	839079609039290550	839079609039290549	124	
1	C12H18O4	[M + H3N + H]+	C12H22NO4+	Fatty acids	0.973	Fatty Acids and Conjugates	0.717	Dicarboxylic acids	0.557	Organic acids and derivatives	0.983	Carboxylic acids and derivatives	0.977	Dicarboxylic acids and derivatives	0.576			Dicarboxylic acids and derivatives	0.576	Organic compounds; Lipids and lipid-like molecules; Fatty acids and conjugates; Organic acids and derivatives; Carboxylic acids and derivatives; Organooxygen compounds; Dicarboxylic acids and derivatives; Carboxylic acids; Carbonyl compounds; Fatty Acyls; Organic oxides; Hydrocarbon derivatives; Organic oxygen compounds; Chemical entities	244.154	48	0.798	839079766631881733	839079609135759550	839079609135759549	126	
1	C18H26O4	[M + H3N + H]+	C18H30NO4+	Fatty acids	0.533	Octadecanoids	0.220	Erythromycins	0.078	Lipids and lipid-like molecules	0.786	Fatty Acyls	0.617					Fatty Acyls	0.617	Organic compounds; Lipids and lipid-like molecules; Ketones; Alcohols and polyols; Organic acids and derivatives; Carboxylic acids and derivatives; Organooxygen compounds; Monocarboxylic acids and derivatives; Secondary alcohols; Carbonyl compounds; Fatty Acyls; Organic oxides; Hydrocarbon derivatives; Organic oxygen compounds; Chemical entities	324.217	48	0.800	839079752568378942	839079609265782986	839079609265782985	129	
1	C17H27NO5	[M + H3N + H]+	C17H31N2O5+	Amino acids and Peptides	0.366	Ornithine alkaloids	0.257	Open-chain polyketides	0.083	Organic acids and derivatives	0.999	Carboxylic acids and derivatives	0.995	Carboxylic acid derivatives	0.911	Carboxylic acid esters	0.593	Carboxylic acid esters	0.593	Organic compounds; Organoheterocyclic compounds; Lactones; Organic acids and derivatives; Carboxylic acids and derivatives; Organonitrogen compounds; Organooxygen compounds; Carboxylic acid derivatives; Carboxylic acids; Carboxylic acid esters; Carbonyl compounds; Organic oxides; Azacyclic compounds; Oxacyclic compounds; Hydrocarbon derivatives; Organopnictogen compounds; Organic oxygen compounds; Organic nitrogen compounds; Chemical entities	343.222	48	0.801	839079752429966824	839079609177702594	839079609177702593	127	
1	C18H36Cl2N2O4	[M + K]+	C18H36Cl2KN2O4+	Fatty acids	0.986	Fatty amides	0.439	Halogenated fatty acids	0.246	Lipids and lipid-like molecules	0.879	Fatty Acyls	0.901	Fatty amides	0.713	N-acyl amines	0.667	N-acyl amines	0.667	Organic compounds; Lipids and lipid-like molecules; Alcohols and polyols; Organic acids and derivatives; Carboxylic acids and derivatives; Organohalogen compounds; Organonitrogen compounds; Organooxygen compounds; Fatty amides; Carboxylic acid amides; Alkyl chlorides; Carboxylic acid derivatives; N-acyl amines; Organochlorides; Secondary alcohols; Secondary carboxylic acid amides; Carbonyl compounds; Alkyl halides; Fatty Acyls; Organic oxides; Hydrocarbon derivatives; Organopnictogen compounds; Organic oxygen compounds; Organic nitrogen compounds; Chemical entities	453.167	48	0.801	839079766178896825	839079609219645638	839079609219645637	128	
1	C6H14O4	[M + H3N + H]+	C6H18NO4+	Fatty acids	0.967	Fatty acyls	0.987	Fatty alcohols	0.994	Organic oxygen compounds	1.000	Organooxygen compounds	1.000	Carbohydrates and carbohydrate conjugates	0.100	Sugar alcohols	0.544	Sugar alcohols	0.544	Organic compounds; Alcohols and polyols; Ethers; Primary alcohols; Organooxygen compounds; Dialkyl ethers; Sugar alcohols; Hydrocarbon derivatives; Organic oxygen compounds; Chemical entities	168.123	49	0.819	839079742606905831	839079609307726030	839079609303531725	130	
1	C19H30FNO4S2	[M + H3N + H]+	C19H34FN2O4S2+	Fatty acids	0.929	Fatty Acids and Conjugates	0.627	Halogenated fatty acids	0.596	Lipids and lipid-like molecules	0.850	Fatty Acyls	0.780	Fatty acids and conjugates	0.602			Fatty acids and conjugates	0.602	Organic compounds; Organosulfur compounds; Lipids and lipid-like molecules; Fatty acids and conjugates; Organic acids and derivatives; Carboxylic acids and derivatives; Organohalogen compounds; Organooxygen compounds; Alkyl fluorides; Monocarboxylic acids and derivatives; Organofluorides; Carbonyl compounds; Alkyl halides; Sulfenyl compounds; Fatty Acyls; Organic oxides; Hydrocarbon derivatives; Organic oxygen compounds; Chemical entities	437.193	49	0.821	839079772143197631	839079609353863378	839079609353863377	131	
1	C8H14O2	[M - H2O + H]+	C8H13O+	Fatty acids	0.996	Fatty esters	0.904	Lactones	0.974	Organic acids and derivatives	0.925	Carboxylic acids and derivatives	0.916	Carboxylic acid derivatives	0.631	Carboxylic acid esters	0.660	Carboxylic acid esters	0.660	Organic compounds; Organoheterocyclic compounds; Lactones; Organic acids and derivatives; Carboxylic acids and derivatives; Organooxygen compounds; Carboxylic acid derivatives; Monocarboxylic acids and derivatives; Carboxylic acid esters; Carbonyl compounds; Organic oxides; Oxacyclic compounds; Hydrocarbon derivatives; Organic oxygen compounds; Chemical entities	125.096	50	0.831	839079742598517209	839079609395806422	839079609395806421	132	
1	C8H10	[M + H3N + H]+	C8H14N+	Fatty acids	0.732	Fatty acyls	0.732	Hydrocarbons	0.157	Hydrocarbons	0.990	Unsaturated hydrocarbons	0.940	Olefins	0.566			Olefins	0.566	Organic compounds; Hydrocarbons; Olefins; Unsaturated hydrocarbons; Unsaturated aliphatic hydrocarbons; Chemical entities	124.112	50	0.832	839079754413872846	839079609446138074	839079609446138073	133	
1	C9H12O2	[M + H3N + H]+	C9H16NO2+	Fatty acids	0.960	Fatty Acids and Conjugates	0.633	Unsaturated fatty acids	0.824	Organic acids and derivatives	0.667	Carboxylic acids and derivatives	0.675	Monocarboxylic acids and derivatives	0.779			Monocarboxylic acids and derivatives	0.779	Organic compounds; Organic acids and derivatives; Carboxylic acids and derivatives; Organooxygen compounds; Monocarboxylic acids and derivatives; Carbonyl compounds; Organic oxides; Hydrocarbon derivatives; Organic oxygen compounds; Chemical entities	170.118	50	0.832	839079759157631275	839079609492275422	839079609488081117	134	
1	C11H12O3	[M + H3N + H]+	C11H16NO3+	Terpenoids	0.528	Cyclic polyketides	0.304	Unsaturated fatty acids	0.173	Organic acids and derivatives	0.766	Carboxylic acids and derivatives	0.755	Monocarboxylic acids and derivatives	0.578			Monocarboxylic acids and derivatives	0.578	Organic compounds; Organoheterocyclic compounds; Organic acids and derivatives; Carboxylic acids and derivatives; Organooxygen compounds; Monocarboxylic acids and derivatives; Carbonyl compounds; Organic oxides; Oxacyclic compounds; Hydrocarbon derivatives; Organic oxygen compounds; Chemical entities	210.110	50	0.833	839079756808820773	839079609530024162	839079609530024161	135	
1	C18H32O5	[M + H3N + H]+	C18H36NO5+	Fatty acids	0.999	Octadecanoids	0.934	Other Octadecanoids	0.927	Lipids and lipid-like molecules	0.995	Fatty Acyls	0.992	Lineolic acids and derivatives	0.563			Lineolic acids and derivatives	0.563	Organic compounds; Lipids and lipid-like molecules; Alcohols and polyols; Fatty acids and conjugates; Organic acids and derivatives; Carboxylic acids and derivatives; Organooxygen compounds; Unsaturated fatty acids; Hydroxy fatty acids; Lineolic acids and derivatives; Monocarboxylic acids and derivatives; Carboxylic acids; Secondary alcohols; Carbonyl compounds; Polyols; Long-chain fatty acids; Fatty Acyls; Organic oxides; Hydrocarbon derivatives; Organic oxygen compounds; Chemical entities	346.259	51	0.850	839079756238395406	839079609609715946	839079609609715945	137	
1	C25H32O6	[M + H3N + H]+	C25H36NO6+	Terpenoids	0.447	Diterpenoids	0.213	Eremophilane sesquiterpenoids	0.129	Lipids and lipid-like molecules	0.645	Prenol lipids	0.520					Prenol lipids	0.520	Organic compounds; Lipids and lipid-like molecules; Ethers; Prenol lipids; Organic acids and derivatives; Carboxylic acids and derivatives; Organooxygen compounds; Carboxylic acid derivatives; Carboxylic acid esters; Carbonyl compounds; Organic oxides; Oxacyclic compounds; Hydrocarbon derivatives; Organic oxygen compounds; Chemical entities	446.254	52	0.872	839079988942590678	839079609647464686	839079609647464685	138	
1	C14H20F3NO5	[M + H3N + H]+	C14H24F3N2O5+	Alkaloids	0.526	Ornithine alkaloids	0.578	Tropane alkaloids	0.144	Organic acids and derivatives	0.938	Carboxylic acids and derivatives	0.950	Amino acids, peptides, and analogues	0.661	Amino acids and derivatives	0.662	Amino acids and derivatives	0.662	Organic compounds; Lipids and lipid-like molecules; Amino acids, peptides, and analogues; Alcohols and polyols; Organic acids and derivatives; Carboxylic acids and derivatives; Organohalogen compounds; Organonitrogen compounds; Organooxygen compounds; Amino acids and derivatives; Alkyl fluorides; Carboxylic acid derivatives; Monocarboxylic acids and derivatives; Carboxylic acid esters; Organofluorides; Secondary alcohols; Carbonyl compounds; Benzene and substituted derivatives; Benzenoids; Alkyl halides; Organic oxides; Hydrocarbon derivatives; Organopnictogen compounds; Organic oxygen compounds; Organic nitrogen compounds; Chemical entities	357.163	53	0.877	839079751624660377	839079609760710906	839079609760710905	141	
1	C14H19NO5	[M + H3N + H]+	C14H23N2O5+	Amino acids and Peptides	0.795	Amino acid glycosides	0.298	Cyanogenic glycosides	0.444	Organic acids and derivatives	0.821	Carboxylic acids and derivatives	0.749	Carboxylic acid derivatives	0.619	Carboxylic acid amides	0.652	Secondary carboxylic acid amides	0.577	Organic compounds; Organoheterocyclic compounds; Alcohols and polyols; Ethers; Organic acids and derivatives; Carboxylic acids and derivatives; Organonitrogen compounds; Organooxygen compounds; Carboxylic acid amides; Carboxylic acid derivatives; Acetals; Secondary alcohols; Secondary carboxylic acid amides; Carbonyl compounds; Polyols; Organic oxides; Oxacyclic compounds; Hydrocarbon derivatives; Organopnictogen compounds; Organic oxygen compounds; Organic nitrogen compounds; Chemical entities	299.160	53	0.878	839079762739567222	839079609685213426	839079609685213425	139	
1	C14H21NO6	[M + H3N + H]+	C14H25N2O6+	Amino acids and Peptides	0.545	Cyclic polyketides	0.162	Cyanogenic glycosides	0.105	Organic acids and derivatives	0.795	Carboxylic acids and derivatives	0.726	Carboxylic acid derivatives	0.664	Carboxylic acid amides	0.624	Secondary carboxylic acid amides	0.549	Organic compounds; Organoheterocyclic compounds; Alcohols and polyols; Ethers; Organic acids and derivatives; Carboxylic acids and derivatives; Organonitrogen compounds; Organooxygen compounds; Carboxylic acid amides; Carboxylic acid derivatives; Secondary alcohols; Secondary carboxylic acid amides; Carbonyl compounds; Polyols; Organic oxides; Oxacyclic compounds; Hydrocarbon derivatives; Organopnictogen compounds; Organic oxygen compounds; Organic nitrogen compounds; Chemical entities	317.171	53	0.884	839079761527413252	839079609722962166	839079609722962165	140	
1	C14H20O3	[M + H3N + H]+	C14H24NO3+	Fatty acids	0.733	Octadecanoids	0.536	Jasmonic acids	0.173	Lipids and lipid-like molecules	0.813	Fatty Acyls	0.629	Fatty acids and conjugates	0.626			Fatty acids and conjugates	0.626	Organic compounds; Lipids and lipid-like molecules; Ketones; Fatty acids and conjugates; Organic acids and derivatives; Carboxylic acids and derivatives; Organooxygen compounds; Monocarboxylic acids and derivatives; Carboxylic acids; Carbonyl compounds; Cyclic ketones; Fatty Acyls; Organic oxides; Hydrocarbon derivatives; Organic oxygen compounds; Chemical entities	254.175	53	0.887	839079754468398823	839079609802653950	839079609798459645	142	
1	C9H12O2	[M - H2O + H]+	C9H11O+	Terpenoids	0.735	Monoterpenoids	0.723	Irregular monoterpenoids	0.420	Organic oxygen compounds	0.999	Organooxygen compounds	0.998	Carbonyl compounds	0.662			Carbonyl compounds	0.662	Organic compounds; Organooxygen compounds; Carbonyl compounds; Organic oxides; Hydrocarbon derivatives; Organic oxygen compounds; Chemical entities	135.080	53	0.890	839079845879067748	839079609567772902	839079609567772901	136	
1	C9H12O2	[M - H2O + H]+	C9H11O+	Terpenoids	0.735	Monoterpenoids	0.775	Irregular monoterpenoids	0.404	Organic oxygen compounds	0.999	Organooxygen compounds	0.997	Carbonyl compounds	0.625			Carbonyl compounds	0.625	Organic compounds; Organooxygen compounds; Carbonyl compounds; Organic oxides; Hydrocarbon derivatives; Organic oxygen compounds; Chemical entities	135.080	54	0.901	839079990960051012	839079610578600250	839079610574405945	157	
1	C12H16O4	[M + H3N + H]+	C12H20NO4+	Polyketides	0.880	Macrolides	0.888	Macrolide lactones	0.972	Organic acids and derivatives	0.924	Carboxylic acids and derivatives	0.894	Carboxylic acid derivatives	0.557	Carboxylic acid esters	0.587	Enoate esters	0.511	Organic compounds; Organoheterocyclic compounds; Lactones; Alcohols and polyols; Organic acids and derivatives; Carboxylic acids and derivatives; Organooxygen compounds; Carboxylic acid derivatives; Monocarboxylic acids and derivatives; Carboxylic acid esters; Secondary alcohols; Carbonyl compounds; Enoate esters; Alpha,beta-unsaturated carboxylic esters; Organic oxides; Oxacyclic compounds; Hydrocarbon derivatives; Organic oxygen compounds; Chemical entities	242.139	54	0.903	839079947762912660	839079610008174862	839079610008174861	146	
1	C14H23NO7	[M + H3N + H]+	C14H27N2O7+	Amino acids and Peptides	0.992	Amino acid glycosides	0.998	Cyanogenic glycosides	0.998	Organic oxygen compounds	1.000	Organooxygen compounds	1.000	Carbohydrates and carbohydrate conjugates	0.995	Monosaccharides	0.955	Hexoses	0.890	Organic compounds; Organoheterocyclic compounds; Carbohydrates and carbohydrate conjugates; Alcohols and polyols; Ethers; Organonitrogen compounds; Primary alcohols; Organooxygen compounds; Nitriles; Hexoses; Monosaccharides; Acetals; Secondary alcohols; Oxanes; Glycosyl compounds; O-glycosyl compounds; Polyols; Oxacyclic compounds; Hydrocarbon derivatives; Organic cyanides; Organopnictogen compounds; Organic oxygen compounds; Organic nitrogen compounds; Chemical entities	335.181	54	0.903	839080023407187244	839079610113032470	839079610113032469	148	
1	C8H12O3	[M + H3N + H]+	C8H16NO3+	Fatty acids	0.972	Fatty esters	0.498	Lactones	0.774	Organoheterocyclic compounds	0.435	Lactones	0.579					Lactones	0.579	Organic compounds; Lactones; Organic acids and derivatives; Carboxylic acids and derivatives; Organooxygen compounds; Carboxylic acid derivatives; Monocarboxylic acids and derivatives; Carbonyl compounds; Organic oxides; Hydrocarbon derivatives; Organic oxygen compounds; Chemical entities	174.113	54	0.904	839079875893509865	839079609945260298	839079609945260297	145	
1	C8H10O2	[M + H3N + H]+	C8H14NO2+	Fatty acids	0.773	Apocarotenoids	0.410	Fatty aldehydes	0.609	Organic oxygen compounds	0.998	Organooxygen compounds	0.997	Carbonyl compounds	0.936	Ketones	0.618	Ketones	0.618	Organic compounds; Ketones; Organooxygen compounds; Carbonyl compounds; Organic oxides; Hydrocarbon derivatives; Organic oxygen compounds; Chemical entities	156.102	54	0.904	839079752841008754	839079609840402690	839079609840402689	143	
1	C44H84NO8P	[M + Na]+	C44H84NNaO8P+	Fatty acids	1.000	Glycerophospholipids	1.000	Glycerophosphoethanolamines	0.768	Lipids and lipid-like molecules	0.996	Glycerophospholipids	1.000	Glycerophosphoethanolamines	0.604	Phosphatidylethanolamines	0.869	Phosphatidylethanolamines	0.869	Organic compounds; Lipids and lipid-like molecules; Glycerophospholipids; Organic acids and derivatives; Carboxylic acids and derivatives; Organonitrogen compounds; Organooxygen compounds; Fatty acid esters; Dicarboxylic acids and derivatives; Organic phosphoric acids and derivatives; Phosphate esters; Carboxylic acid derivatives; Carboxylic acid esters; Phosphoethanolamines; Phosphatidylethanolamines; Carbonyl compounds; Glycerophosphoethanolamines; Amines; Alkyl phosphates; Dialkyl phosphates; Fatty Acyls; Organic oxides; Hydrocarbon derivatives; Organopnictogen compounds; Organic oxygen compounds; Organic nitrogen compounds; Chemical entities	808.583	55	0.910	839079774508785294	839079610188529950	839079610188529949	150	
1	C8H12O3	[M - H2O + H]+	C8H11O2+	Fatty acids	0.973	Fatty Acids and Conjugates	0.659	Unsaturated fatty acids	0.418	Organic acids and derivatives	0.953	Carboxylic acids and derivatives	0.943	Carboxylic acids	0.631			Carboxylic acids	0.631	Organic compounds; Organic acids and derivatives; Carboxylic acids and derivatives; Organooxygen compounds; Monocarboxylic acids and derivatives; Carboxylic acids; Carbonyl compounds; Organic oxides; Hydrocarbon derivatives; Organic oxygen compounds; Chemical entities	139.075	55	0.912	839079745400312530	839079609882345734	839079609882345733	144	
1	C8H15NO3	[M + Na]+	C8H15NNaO3+	Amino acids and Peptides	0.873	Small peptides	0.837	Aminoacids	0.887	Organic acids and derivatives	0.982	Carboxylic acids and derivatives	0.980	Amino acids, peptides, and analogues	0.549	Amino acids and derivatives	0.548	Amino acids	0.625	Organic compounds; Lipids and lipid-like molecules; Amino acids, peptides, and analogues; Fatty acids and conjugates; Organic acids and derivatives; Carboxylic acids and derivatives; Organonitrogen compounds; Organooxygen compounds; Amino acids and derivatives; Monoalkylamines; Amino fatty acids; Monocarboxylic acids and derivatives; Carboxylic acids; Carbonyl compounds; Amines; Primary amines; Fatty Acyls; Organic oxides; Hydrocarbon derivatives; Amino acids; Organopnictogen compounds; Organic oxygen compounds; Organic nitrogen compounds; Chemical entities	196.094	55	0.918	839079746167870234	839079610071089426	839079610071089425	147	
1	C46H88NO8P	[M + H]+	C46H89NO8P+	Fatty acids	1.000	Glycerophospholipids	1.000	Glycerophosphocholines	0.999	Lipids and lipid-like molecules	0.991	Glycerophospholipids	0.999	Glycerophosphocholines	0.997	Phosphatidylcholines	0.992	Phosphatidylcholines	0.992	Organic compounds; Lipids and lipid-like molecules; Glycerophospholipids; Organic acids and derivatives; Carboxylic acids and derivatives; Organonitrogen compounds; Organooxygen compounds; Fatty acid esters; Dicarboxylic acids and derivatives; Organic phosphoric acids and derivatives; Phosphate esters; Quaternary ammonium salts; Cholines; Carboxylic acid derivatives; Carboxylic acid esters; Phosphocholines; Phosphatidylcholines; Carbonyl compounds; Glycerophosphocholines; Amines; Alkyl phosphates; Dialkyl phosphates; Organic cations; Organic salts; Fatty Acyls; Organic oxides; Hydrocarbon derivatives; Tetraalkylammonium salts; Organopnictogen compounds; Organic oxygen compounds; Organic nitrogen compounds; Chemical entities	814.632	55	0.922	839079740555891086	839079610230472994	839079610230472993	151	
1	C13H21NO3S2	[M + H3N + H]+	C13H25N2O3S2+	Fatty acids	0.523	Fatty Acids and Conjugates	0.193	Menthane monoterpenoids	0.159	Lipids and lipid-like molecules	0.628	Fatty Acyls	0.617	Fatty acids and conjugates	0.589			Fatty acids and conjugates	0.589	Organic compounds; Organosulfur compounds; Lipids and lipid-like molecules; Fatty acids and conjugates; Organic acids and derivatives; Carboxylic acids and derivatives; Organonitrogen compounds; Organooxygen compounds; Monocarboxylic acids and derivatives; Carboxylic acids; Carbonyl compounds; Fatty Acyls; Organic oxides; Hydrocarbon derivatives; Organic oxygen compounds; Organic nitrogen compounds; Chemical entities	321.131	55	0.924	839079968650547245	839079610268221734	839079610268221733	152	
1	C11H15N5O4	[M + H3N + H]+	C11H19N6O4+	Carbohydrates	0.987	Nucleosides	0.988	Purine nucleosides	0.744	Organic oxygen compounds	1.000	Organooxygen compounds	0.999	Carbohydrates and carbohydrate conjugates	0.653	Monosaccharides	0.506	Monosaccharides	0.506	Organic compounds; Organoheterocyclic compounds; Carbohydrates and carbohydrate conjugates; Imidazoles; Alcohols and polyols; Organonitrogen compounds; Primary alcohols; Nucleosides, nucleotides, and analogues; Organooxygen compounds; Monosaccharides; Secondary alcohols; Substituted imidazoles; N-substituted imidazoles; Amines; Primary amines; Azacyclic compounds; Oxacyclic compounds; Heteroaromatic compounds; Hydrocarbon derivatives; Organopnictogen compounds; Organic oxygen compounds; Organic nitrogen compounds; Chemical entities	299.149	56	0.928	839079768758394101	839079610310164778	839079610305970473	153	
1	C6H12O5	[M + H]+	C6H13O5+	Carbohydrates	0.935	Saccharides	0.861	Monosaccharides	0.816	Organic oxygen compounds	1.000	Organooxygen compounds	0.999	Carbohydrates and carbohydrate conjugates	0.701	Monosaccharides	0.731	Monosaccharides	0.731	Organic compounds; Carbohydrates and carbohydrate conjugates; Alcohols and polyols; Primary alcohols; Organooxygen compounds; Monosaccharides; Secondary alcohols; Carbonyl compounds; Short-chain aldehydes; Polyols; Organic oxides; Hydrocarbon derivatives; Organic oxygen compounds; Chemical entities	165.076	56	0.931	839079767848230015	839079610368885038	839079610368885037	154	
1	C45H86NO8P	[M + H]+	C45H87NO8P+	Fatty acids	1.000	Glycerophospholipids	1.000	Glycerophosphocholines	0.999	Lipids and lipid-like molecules	0.990	Glycerophospholipids	0.999	Glycerophosphocholines	0.997	Phosphatidylcholines	0.991	Phosphatidylcholines	0.991	Organic compounds; Lipids and lipid-like molecules; Glycerophospholipids; Organic acids and derivatives; Carboxylic acids and derivatives; Organonitrogen compounds; Organooxygen compounds; Fatty acid esters; Dicarboxylic acids and derivatives; Organic phosphoric acids and derivatives; Phosphate esters; Quaternary ammonium salts; Cholines; Carboxylic acid derivatives; Carboxylic acid esters; Phosphocholines; Phosphatidylcholines; Carbonyl compounds; Glycerophosphocholines; Amines; Alkyl phosphates; Dialkyl phosphates; Organic cations; Organic salts; Fatty Acyls; Organic oxides; Hydrocarbon derivatives; Tetraalkylammonium salts; Organopnictogen compounds; Organic oxygen compounds; Organic nitrogen compounds; Chemical entities	800.616	56	0.932	839079759119882537	839079610649903422	839079610645709117	158	
1	C71H88Br6N2O5	[M + Na]+	C71H88Br6N2NaO5+	Alkaloids	0.347	Tyrosine alkaloids	0.292	Prenyl quinone meroterpenoids	0.370	Benzenoids	0.844	Benzene and substituted derivatives	0.625					Benzene and substituted derivatives	0.625	Organic compounds; Lipids and lipid-like molecules; Carboxylic acids and derivatives; Organohalogen compounds; Organonitrogen compounds; Organooxygen compounds; Quaternary ammonium salts; Carboxylic acid derivatives; Carboxylic acid esters; Organobromides; Carbonyl compounds; Benzene and substituted derivatives; Benzenoids; Amines; Alkyl halides; Organic cations; Organic salts; Organic oxides; Hydrocarbon derivatives; Tetraalkylammonium salts; Organopnictogen compounds; Organic oxygen compounds; Organic nitrogen compounds; Chemical entities	1545.168	56	0.933	839080029669283193	839079610993836370	839079610993836369	163	
1	C44H84NO8P	[M + H]+	C44H85NO8P+	Fatty acids	1.000	Glycerophospholipids	1.000	Glycerophosphocholines	0.999	Lipids and lipid-like molecules	0.991	Glycerophospholipids	0.999	Glycerophosphocholines	0.997	Phosphatidylcholines	0.992	Phosphatidylcholines	0.992	Organic compounds; Lipids and lipid-like molecules; Glycerophospholipids; Organic acids and derivatives; Carboxylic acids and derivatives; Organonitrogen compounds; Organooxygen compounds; Fatty acid esters; Dicarboxylic acids and derivatives; Organic phosphoric acids and derivatives; Phosphate esters; Quaternary ammonium salts; Cholines; Carboxylic acid derivatives; Carboxylic acid esters; Phosphocholines; Phosphatidylcholines; Carbonyl compounds; Glycerophosphocholines; Amines; Alkyl phosphates; Dialkyl phosphates; Organic cations; Organic salts; Fatty Acyls; Organic oxides; Hydrocarbon derivatives; Tetraalkylammonium salts; Organopnictogen compounds; Organic oxygen compounds; Organic nitrogen compounds; Chemical entities	786.602	56	0.935	839079981363483109	839079610868007242	839079610868007241	161	
1	C9H13O5	[M - H2O + H]+	C9H12O4+	Polyketides	0.423	Cyclic polyketides	0.259	2-pyrone derivatives	0.383	Organic oxygen compounds	1.000	Organooxygen compounds	1.000	Alcohols and polyols	0.639	Secondary alcohols	0.562	Secondary alcohols	0.562	Organic compounds; Alcohols and polyols; Organic acids and derivatives; Carboxylic acids and derivatives; Organooxygen compounds; Monocarboxylic acids and derivatives; Secondary alcohols; Carbonyl compounds; Organic oxides; Oxacyclic compounds; Hydrocarbon derivatives; Organic oxygen compounds; Chemical entities	184.073	56	0.937	839079953358114365	839079610930921806	839079610930921805	162	
1	C18H29NO4	[M + H3N + H]+	C18H33N2O4+	Fatty acids	0.690	Fatty Acids and Conjugates	0.182	Piperidine alkaloids	0.169	Lipids and lipid-like molecules	0.772	Fatty Acyls	0.738	Fatty acids and conjugates	0.723	Medium-chain fatty acids	0.539	Medium-chain fatty acids	0.539	Organic compounds; Organoheterocyclic compounds; Lipids and lipid-like molecules; Fatty acids and conjugates; Organic acids and derivatives; Carboxylic acids and derivatives; Organonitrogen compounds; Organooxygen compounds; Carboxylic acid amides; Amino fatty acids; Carboxylic acid derivatives; Monocarboxylic acids and derivatives; Carboxylic acids; Carbonyl compounds; Medium-chain fatty acids; Fatty Acyls; Organic oxides; Hydrocarbon derivatives; Organopnictogen compounds; Organic oxygen compounds; Organic nitrogen compounds; Chemical entities	341.243	56	0.939	839079976988823861	839079611333575014	839079611333575013	168	
1	C42H80NO8P	[M + H]+	C42H81NO8P+	Fatty acids	0.988	Glycerophospholipids	0.998	Glycerophosphoethanolamines	0.831	Lipids and lipid-like molecules	0.957	Glycerophospholipids	0.995	Glycerophosphocholines	0.630	Phosphatidylcholines	0.569	Phosphatidylcholines	0.569	Organic compounds; Lipids and lipid-like molecules; Amino acids, peptides, and analogues; Glycerophospholipids; Organic acids and derivatives; Carboxylic acids and derivatives; Organonitrogen compounds; Organooxygen compounds; Fatty acid esters; Dicarboxylic acids and derivatives; Amino acids and derivatives; Organic phosphoric acids and derivatives; Phosphate esters; Carboxylic acid derivatives; Carboxylic acid esters; Phosphocholines; Phosphoethanolamines; Phosphatidylcholines; Carbonyl compounds; Glycerophosphocholines; Glycerophosphoethanolamines; Amines; Alkyl phosphates; Dialkyl phosphates; Fatty Acyls; Organic oxides; Hydrocarbon derivatives; Organopnictogen compounds; Organic oxygen compounds; Organic nitrogen compounds; Chemical entities	758.571	56	0.941	839079766157925288	839079611400683882	839079611396489577	169	
1	C43H82NO8P	[M + H]+	C43H83NO8P+	Fatty acids	0.991	Glycerophospholipids	0.999	Glycerophosphocholines	0.965	Lipids and lipid-like molecules	0.964	Glycerophospholipids	0.995	Glycerophosphocholines	0.965	Phosphatidylcholines	0.924	Phosphatidylcholines	0.924	Organic compounds; Lipids and lipid-like molecules; Glycerophospholipids; Organic acids and derivatives; Carboxylic acids and derivatives; Organonitrogen compounds; Organooxygen compounds; Fatty acid esters; Dicarboxylic acids and derivatives; Organic phosphoric acids and derivatives; Phosphate esters; Quaternary ammonium salts; Cholines; Carboxylic acid derivatives; Carboxylic acid esters; Phosphocholines; Phosphatidylcholines; Carbonyl compounds; Glycerophosphocholines; Amines; Alkyl phosphates; Dialkyl phosphates; Organic cations; Organic salts; Fatty Acyls; Organic oxides; Hydrocarbon derivatives; Tetraalkylammonium salts; Organopnictogen compounds; Organic oxygen compounds; Organic nitrogen compounds; Chemical entities	772.586	57	0.942	839079876711399229	839079611467792750	839079611463598445	170	
1	C82H152N10O16	[M - H2O + H]+	C82H151N10O15+	Amino acids and Peptides	0.944	Oligopeptides	0.999	Lipopeptides	0.993	Organic acids and derivatives	0.998	Peptidomimetics	0.797	Depsipeptides	0.790	Cyclic depsipeptides	0.821	Cyclic depsipeptides	0.821	Organic compounds; Organoheterocyclic compounds; Lipids and lipid-like molecules; Amino acids, peptides, and analogues; Lactones; Alpha amino acids and derivatives; Macrolactams; Alcohols and polyols; Lactams; Phenylpropanoids and polyketides; Organic acids and derivatives; Carboxylic acids and derivatives; Organonitrogen compounds; Primary alcohols; Organooxygen compounds; Fatty amides; Amino acids and derivatives; Carboxylic acid amides; Carboxylic acid derivatives; N-acyl amines; Carboxylic acid esters; Secondary alcohols; Secondary carboxylic acid amides; Peptidomimetics; Carbonyl compounds; Macrolide lactams; Depsipeptides; Cyclic depsipeptides; Fatty Acyls; Organic oxides; Azacyclic compounds; Oxacyclic compounds; Hydrocarbon derivatives; Organopnictogen compounds; Organic oxygen compounds; Organic nitrogen compounds; Chemical entities	1516.132	57	0.943	839079972454781070	839079611551678834	839079611551678833	171	
1	C93H160O17	[M - H2O + H]+	C93H159O16+	Fatty acids	0.998	Glycerolipids	0.999	Triacylglycerols	1.000	Lipids and lipid-like molecules	0.998	Glycerolipids	0.996	Triradylcglycerols	1.000	Triacylglycerols	1.000	Triacylglycerols	1.000	Organic compounds; Lipids and lipid-like molecules; Glycerolipids; Organic acids and derivatives; Carboxylic acids and derivatives; Organooxygen compounds; Fatty acid esters; Carboxylic acid derivatives; Triacylglycerols; Carboxylic acid esters; Fatty alcohols; Carbonyl compounds; Tricarboxylic acids and derivatives; Triradylcglycerols; Fatty Acyls; Organic oxides; Hydrocarbon derivatives; Organic oxygen compounds; Chemical entities	1532.159	57	0.945	839079774445870717	839079611593621878	839079611593621877	172	
1	C96H154N2O10	[M + Na]+	C96H154N2NaO10+	Fatty acids	1.000	Spingolipids	1.000	Neutral glycosphingolipids	0.344	Lipids and lipid-like molecules	0.994	Sphingolipids	0.937	Glycosphingolipids	0.617	Neutral glycosphingolipids	0.586	Glycosyl-N-acylsphingosines	0.609	Organic compounds; Lipids and lipid-like molecules; Alcohols and polyols; Sphingolipids; Organic acids and derivatives; Carboxylic acids and derivatives; Organonitrogen compounds; Organooxygen compounds; Fatty acid esters; Fatty amides; Carboxylic acid amides; Quaternary ammonium salts; Cholines; Carboxylic acid derivatives; N-acyl amines; Carboxylic acid esters; Neutral glycosphingolipids; Simple glycosylceramides; Secondary alcohols; Secondary carboxylic acid amides; Carbonyl compounds; Amines; Glycosphingolipids; Organic salts; Fatty Acyls; Organic oxides; Hydrocarbon derivatives; Tetraalkylammonium salts; Glycosyl-N-acylsphingosines; Organopnictogen compounds; Organic oxygen compounds; Organic nitrogen compounds; Chemical entities	1518.146	57	0.945	839079804959434826	839079611639759226	839079611635564921	173	
1	C42H82NO8P	[M + H]+	C42H83NO8P+	Fatty acids	1.000	Glycerophospholipids	1.000	Glycerophosphocholines	0.998	Lipids and lipid-like molecules	0.987	Glycerophospholipids	0.999	Glycerophosphocholines	0.994	Phosphatidylcholines	0.982	Phosphatidylcholines	0.982	Organic compounds; Lipids and lipid-like molecules; Glycerophospholipids; Organic acids and derivatives; Carboxylic acids and derivatives; Organonitrogen compounds; Organooxygen compounds; Fatty acid esters; Dicarboxylic acids and derivatives; Organic phosphoric acids and derivatives; Phosphate esters; Quaternary ammonium salts; Cholines; Carboxylic acid derivatives; Carboxylic acid esters; Phosphocholines; Phosphatidylcholines; Carbonyl compounds; Glycerophosphocholines; Amines; Alkyl phosphates; Dialkyl phosphates; Organic cations; Organic salts; Fatty Acyls; Organic oxides; Hydrocarbon derivatives; Tetraalkylammonium salts; Organopnictogen compounds; Organic oxygen compounds; Organic nitrogen compounds; Chemical entities	760.584	57	0.946	839079764761221940	839079611681702270	839079611681702269	174	
1	C41H78NO8P	[M + H]+	C41H79NO8P+	Fatty acids	0.996	Glycerophospholipids	0.998	Glycerophosphoethanolamines	0.997	Lipids and lipid-like molecules	0.980	Glycerophospholipids	0.997	Glycerophosphoethanolamines	0.988	Phosphatidylethanolamines	0.976	Phosphatidylethanolamines	0.976	Organic compounds; Lipids and lipid-like molecules; Amino acids, peptides, and analogues; Glycerophospholipids; Organic acids and derivatives; Carboxylic acids and derivatives; Organonitrogen compounds; Organooxygen compounds; Fatty acid esters; Dicarboxylic acids and derivatives; Amino acids and derivatives; Organic phosphoric acids and derivatives; Phosphate esters; Carboxylic acid derivatives; Carboxylic acid esters; Phosphoethanolamines; Phosphatidylethanolamines; Carbonyl compounds; Glycerophosphoethanolamines; Trialkylamines; Amines; Tertiary amines; Alkyl phosphates; Dialkyl phosphates; Fatty Acyls; Organic oxides; Hydrocarbon derivatives; Organopnictogen compounds; Organic oxygen compounds; Organic nitrogen compounds; Chemical entities	744.554	57	0.948	839079891693454597	839079611727839618	839079611723645313	175	
1	C37H70FN5O7	[M + H3N + H]+	C37H74FN6O7+	Amino acids and Peptides	0.944	Oligopeptides	0.982	Lipopeptides	0.156	Organic acids and derivatives	0.997	Carboxylic acids and derivatives	0.993	Amino acids, peptides, and analogues	0.963	Peptides	0.502	Peptides	0.502	Organic compounds; Organoheterocyclic compounds; Lipids and lipid-like molecules; Amino acids, peptides, and analogues; Alpha amino acids and derivatives; Alcohols and polyols; Organic acids and derivatives; Carboxylic acids and derivatives; Organohalogen compounds; Organonitrogen compounds; Organooxygen compounds; Fatty amides; Amino acids and derivatives; Peptides; Carboxylic acid amides; Alkyl fluorides; Carboxylic acid derivatives; N-acyl amines; N-acyl-alpha amino acids and derivatives; Organofluorides; Secondary carboxylic acid amides; Tertiary carboxylic acid amides; Carbonyl compounds; Alpha amino acid amides; Alkyl halides; Fatty Acyls; Organic oxides; Azacyclic compounds; Hydrocarbon derivatives; Valine and derivatives; Organopnictogen compounds; Organic oxygen compounds; Organic nitrogen compounds; Chemical entities	733.558	57	0.948	839079776262004527	839079611262271842	839079611262271841	167	
1	C9H12O2	[M + H3N + H]+	C9H16NO2+	Terpenoids	0.698	Monoterpenoids	0.522	Jasmonic acids	0.387	Organic acids and derivatives	0.415	Carboxylic acids and derivatives	0.460	Monocarboxylic acids and derivatives	0.535			Monocarboxylic acids and derivatives	0.535	Organic compounds; Organooxygen compounds; Monocarboxylic acids and derivatives; Carbonyl compounds; Organic oxides; Hydrocarbon derivatives; Organic oxygen compounds; Chemical entities	170.118	57	0.949	839079766740933684	839079612336013758	839079612336013757	190	
1	C40H76NO8P	[M + H]+	C40H77NO8P+	Fatty acids	0.993	Glycerophospholipids	0.999	Glycerophosphocholines	0.964	Lipids and lipid-like molecules	0.963	Glycerophospholipids	0.995	Glycerophosphocholines	0.970	Phosphatidylcholines	0.927	Phosphatidylcholines	0.927	Organic compounds; Lipids and lipid-like molecules; Glycerophospholipids; Organic acids and derivatives; Carboxylic acids and derivatives; Organonitrogen compounds; Organooxygen compounds; Fatty acid esters; Dicarboxylic acids and derivatives; Organic phosphoric acids and derivatives; Phosphate esters; Quaternary ammonium salts; Cholines; Carboxylic acid derivatives; Carboxylic acid esters; Phosphocholines; Phosphatidylcholines; Carbonyl compounds; Glycerophosphocholines; Amines; Alkyl phosphates; Dialkyl phosphates; Organic cations; Organic salts; Fatty Acyls; Organic oxides; Hydrocarbon derivatives; Tetraalkylammonium salts; Organopnictogen compounds; Organic oxygen compounds; Organic nitrogen compounds; Chemical entities	730.539	57	0.951	839079752400606672	839079611769782662	839079611769782661	176	
1	C6H3NO	[M + H3N + H]+	C6H7N2O+	Alkaloids	0.899	Nicotinic acid alkaloids	0.884	Pyridine alkaloids	0.884	Organoheterocyclic compounds	0.522	Heteroaromatic compounds	0.620					Heteroaromatic compounds	0.620	Organic compounds; Organoheterocyclic compounds; Organonitrogen compounds; Organooxygen compounds; Azacyclic compounds; Heteroaromatic compounds; Hydrocarbon derivatives; Organopnictogen compounds; Organic oxygen compounds; Organic nitrogen compounds; Chemical entities	123.055	57	0.952	839079989462684408	839079611811725706	839079611811725705	177	
1	C45H86NO10P	[M - H2O + H]+	C45H85NO9P+	Fatty acids	1.000	Glycerophospholipids	1.000	Glycerophosphocholines	0.998	Lipids and lipid-like molecules	0.993	Glycerophospholipids	1.000	Glycerophosphocholines	0.999	Phosphatidylcholines	0.997	Phosphatidylcholines	0.997	Organic compounds; Lipids and lipid-like molecules; Glycerophospholipids; Organic acids and derivatives; Carboxylic acids and derivatives; Organonitrogen compounds; Organooxygen compounds; Fatty acid esters; Dicarboxylic acids and derivatives; Organic phosphoric acids and derivatives; Phosphate esters; Quaternary ammonium salts; Cholines; Carboxylic acid derivatives; Carboxylic acid esters; Phosphocholines; Phosphatidylcholines; Carbonyl compounds; Glycerophosphocholines; Amines; Alkyl phosphates; Dialkyl phosphates; Organic cations; Organic salts; Fatty Acyls; Organic oxides; Hydrocarbon derivatives; Tetraalkylammonium salts; Organopnictogen compounds; Organic oxygen compounds; Organic nitrogen compounds; Chemical entities	814.595	57	0.952	839080004251800610	839079611899806098	839079611895611793	179	
1	C44H84NO10P	[M - H2O + H]+	C44H83NO9P+	Fatty acids	1.000	Glycerophospholipids	1.000	Glycerophosphocholines	0.997	Lipids and lipid-like molecules	0.994	Glycerophospholipids	1.000	Glycerophosphocholines	0.999	Phosphatidylcholines	0.997	Phosphatidylcholines	0.997	Organic compounds; Lipids and lipid-like molecules; Glycerophospholipids; Organic acids and derivatives; Carboxylic acids and derivatives; Organonitrogen compounds; Organooxygen compounds; Fatty acid esters; Dicarboxylic acids and derivatives; Organic phosphoric acids and derivatives; Phosphate esters; Quaternary ammonium salts; Cholines; Carboxylic acid derivatives; Carboxylic acid esters; Phosphocholines; Phosphatidylcholines; Carbonyl compounds; Glycerophosphocholines; Amines; Alkyl phosphates; Dialkyl phosphates; Organic cations; Organic salts; Fatty Acyls; Organic oxides; Hydrocarbon derivatives; Tetraalkylammonium salts; Organopnictogen compounds; Organic oxygen compounds; Organic nitrogen compounds; Chemical entities	800.580	57	0.953	839079988695126716	839079611941749142	839079611941749141	180	
1	C42H86N2O7S	[M + K]+	C42H86KN2O7S+	Fatty acids	1.000	Spingolipids	0.958	Phosphosphingolipids	0.764	Lipids and lipid-like molecules	0.963	Fatty Acyls	0.953	Fatty amides	0.935	N-acyl amines	0.950	N-acyl amines	0.950	Organic compounds; Organosulfur compounds; Lipids and lipid-like molecules; Alcohols and polyols; Organic acids and derivatives; Carboxylic acids and derivatives; Organonitrogen compounds; Organooxygen compounds; Fatty amides; Organic phosphoric acids and derivatives; Phosphate esters; Carboxylic acid amides; Quaternary ammonium salts; Cholines; Carboxylic acid derivatives; N-acyl amines; Thioethers; Phosphocholines; Secondary alcohols; Secondary carboxylic acid amides; Carbonyl compounds; Amines; Sulfenyl compounds; Alkyl phosphates; Dialkyl phosphates; Organic cations; Dialkylthioethers; Organic salts; Fatty Acyls; Organic oxides; Hydrocarbon derivatives; Tetraalkylammonium salts; Organopnictogen compounds; Organic oxygen compounds; Organic nitrogen compounds; Chemical entities	801.582	57	0.956	839079924815874730	839079611987886490	839079611987886489	181	
1	C45H74N4O5	[M + Na]+	C45H74N4NaO5+	Fatty acids	0.999	Spingolipids	0.993	Ceramides	0.102	Lipids and lipid-like molecules	0.963	Sphingolipids	0.891	Ceramides	0.776			Ceramides	0.776	Organic compounds; Lipids and lipid-like molecules; Alcohols and polyols; Sphingolipids; Organic acids and derivatives; Carboxylic acids and derivatives; Organonitrogen compounds; Organooxygen compounds; Fatty amides; Carboxylic acid amides; Carboxylic acid derivatives; N-acyl amines; Organic nitro compounds; Ceramides; Organic oxoazanium compounds; Secondary alcohols; Secondary carboxylic acid amides; Carbonyl compounds; Amines; Organic zwitterions; Organic 1,3-dipolar compounds; Allyl-type 1,3-dipolar organic compounds; Fatty Acyls; Organic oxides; C-nitro compounds; Hydrocarbon derivatives; Organopnictogen compounds; Organic oxygen compounds; Organic nitrogen compounds; Chemical entities	773.554	57	0.956	839079765876906902	839079611853668750	839079611853668749	178	
1	C41H75N5O7	[M + Na]+	C41H75N5NaO7+	Fatty acids	0.817	Oligopeptides	0.823	Lipopeptides	0.610	Lipids and lipid-like molecules	0.790	Sphingolipids	0.660	Ceramides	0.661			Ceramides	0.661	Organic compounds; Organoheterocyclic compounds; Lipids and lipid-like molecules; Amino acids, peptides, and analogues; Alcohols and polyols; Sphingolipids; Organic acids and derivatives; Carboxylic acids and derivatives; Organonitrogen compounds; Organooxygen compounds; Fatty amides; Amino acids and derivatives; Carboxylic acid amides; Carboxylic acid derivatives; N-acyl amines; Organic nitro compounds; Ceramides; Organic oxoazanium compounds; Secondary alcohols; Secondary carboxylic acid amides; Carbonyl compounds; Benzoxadiazoles; Furazans; Amines; Organic zwitterions; Organic 1,3-dipolar compounds; Allyl-type 1,3-dipolar organic compounds; Propargyl-type 1,3-dipolar organic compounds; Fatty Acyls; Organic oxides; C-nitro compounds; Azacyclic compounds; Hydrocarbon derivatives; Organopnictogen compounds; Organic oxygen compounds; Nitroaromatic compounds; Organic nitrogen compounds; Chemical entities	772.551	57	0.957	839079973528522923	839079612029829534	839079612029829533	182	
1	C30H33NO7	[M + H3N + H]+	C30H37N2O7+	Polyketides	0.498	Macrolides	0.642	Triketide meroterpenoids	0.085	Lipids and lipid-like molecules	0.526							Lipids and lipid-like molecules	0.526	Organic compounds; Organoheterocyclic compounds; Lipids and lipid-like molecules; Lactones; Ketones; Alcohols and polyols; Ethers; Organic acids and derivatives; Carboxylic acids and derivatives; Organonitrogen compounds; Organooxygen compounds; Carboxylic acid derivatives; Carboxylic acid esters; Carbonyl compounds; Organic oxides; Azacyclic compounds; Oxacyclic compounds; Heteroaromatic compounds; Hydrocarbon derivatives; Organopnictogen compounds; Organic oxygen compounds; Organic nitrogen compounds; Chemical entities	537.260	58	0.962	839079826341997850	839079612109521318	839079612109521317	184	
1	C10H18ClN3O3	[M + H3N + H]+	C10H22ClN4O3+	Fatty acids	0.153	Small peptides	0.057	Halogenated fatty acids	0.117	Organic nitrogen compounds	1.000	Organonitrogen compounds	0.996	Hydrazines and derivatives	0.443	Semicarbazides	0.544	Semicarbazides	0.544	Organic compounds; Semicarbazides; Organic acids and derivatives; Carboxylic acids and derivatives; Organohalogen compounds; Organonitrogen compounds; Organooxygen compounds; Alkyl chlorides; Organochlorides; Carbonyl compounds; Alkyl halides; Organic oxides; Hydrocarbon derivatives; Organopnictogen compounds; Organic oxygen compounds; Organic nitrogen compounds; Organic N-nitroso compounds; Chemical entities	281.138	58	0.967	839079768158608576	839079612755444202	839079612755444201	201	
1	C18H26O3	[M + H3N + H]+	C18H30NO3+	Fatty acids	0.734	Eicosanoids	0.196	3-Spirotetramic acids	0.077	Lipids and lipid-like molecules	0.829	Fatty Acyls	0.680					Fatty Acyls	0.680	Organic compounds; Lipids and lipid-like molecules; Ketones; Organic acids and derivatives; Carboxylic acids and derivatives; Organooxygen compounds; Monocarboxylic acids and derivatives; Carboxylic acids; Carbonyl compounds; Fatty Acyls; Organic oxides; Hydrocarbon derivatives; Organic oxygen compounds; Chemical entities	308.222	58	0.972	839079769865690405	839079612524757458	839079612524757457	195	
1	C44H82NO10P	[M + H]+	C44H83NO10P+	Fatty acids	1.000	Glycerophospholipids	1.000	Glycerophosphocholines	0.996	Lipids and lipid-like molecules	0.994	Glycerophospholipids	1.000	Glycerophosphocholines	0.999	Phosphatidylcholines	0.997	Phosphatidylcholines	0.997	Organic compounds; Lipids and lipid-like molecules; Glycerophospholipids; Organic acids and derivatives; Carboxylic acids and derivatives; Organonitrogen compounds; Organooxygen compounds; Fatty acid esters; Dicarboxylic acids and derivatives; Organic phosphoric acids and derivatives; Phosphate esters; Quaternary ammonium salts; Cholines; Carboxylic acid derivatives; Carboxylic acid esters; Phosphocholines; Phosphatidylcholines; Carbonyl compounds; Glycerophosphocholines; Amines; Alkyl phosphates; Dialkyl phosphates; Organic cations; Organic salts; Fatty Acyls; Organic oxides; Hydrocarbon derivatives; Tetraalkylammonium salts; Organopnictogen compounds; Organic oxygen compounds; Organic nitrogen compounds; Chemical entities	816.571	59	0.977	839079756209035260	839079612147270058	839079612147270057	185	
1	C9H10O3	[M + H3N + H]+	C9H14NO3+	Polyketides	0.455	Cyclic polyketides	0.373	2-pyrone derivatives	0.301	Organic acids and derivatives	0.785	Carboxylic acids and derivatives	0.668	Monocarboxylic acids and derivatives	0.565			Monocarboxylic acids and derivatives	0.565	Organic compounds; Organic acids and derivatives; Carboxylic acids and derivatives; Organooxygen compounds; Monocarboxylic acids and derivatives; Carbonyl compounds; Organic oxides; Hydrocarbon derivatives; Organic oxygen compounds; Chemical entities	184.097	59	0.981	839079774752054990	839079612260516278	839079612260516277	188	
1	C13H31N2O3	[M + H3N + H]+	C13H35N3O3+	Amino acids and Peptides	0.391	Ornithine alkaloids	0.195	Open-chain polyketides	0.214	Lipids and lipid-like molecules	0.615	Fatty Acyls	0.587					Fatty Acyls	0.587	Organic compounds; Lipids and lipid-like molecules; Organic acids and derivatives; Carboxylic acids and derivatives; Organonitrogen compounds; Organooxygen compounds; Carboxylic acid amides; Carboxylic acid derivatives; Carbonyl compounds; Fatty Acyls; Organic oxides; Hydrocarbon derivatives; Organopnictogen compounds; Organic oxygen compounds; Organic nitrogen compounds; Chemical entities	281.267	59	0.986	839079752887146110	839079612675752418	839079612675752417	199	
1	C12H26BNO5	[M + H3N + H]+	C12H30BN2O5+	Amino acids and Peptides	0.246	Monoterpenoids	0.174	Pinane monoterpenoids	0.367	Lipids and lipid-like molecules	0.685	Fatty Acyls	0.671					Fatty Acyls	0.671	Organic compounds; Organoheterocyclic compounds; Lipids and lipid-like molecules; Organic acids and derivatives; Carboxylic acids and derivatives; Organonitrogen compounds; Organooxygen compounds; Organometallic compounds; Carboxylic acid amides; Boronic acid derivatives; Carboxylic acid derivatives; Organometalloid compounds; Secondary carboxylic acid amides; Carbonyl compounds; Organoboron compounds; Organic salts; Fatty Acyls; Organic oxides; Organic metalloid salts; Organic metal salts; Oxacyclic compounds; Hydrocarbon derivatives; Alkylboranes; Monoalkylboranes; Organic oxygen compounds; Organic nitrogen compounds; Chemical entities	292.227	59	0.986	839079779005079486	839079612839330290	839079612839330289	203	
1	C16H28O	[M + H3N + H]+	C16H32NO+	Terpenoids	0.973	Sesquiterpenoids	0.920	Caryophyllane sesquiterpenoids	0.253	Lipids and lipid-like molecules	0.831	Prenol lipids	0.712					Prenol lipids	0.712	Organic compounds; Lipids and lipid-like molecules; Alcohols and polyols; Prenol lipids; Primary alcohols; Organooxygen compounds; Hydrocarbon derivatives; Organic oxygen compounds; Chemical entities	254.248	59	0.987	839079741340225966	839079612491203022	839079612491203021	194	
1	C15H31FO2	[M + H3N + H]+	C15H35FNO2+	Terpenoids	0.867	Diterpenoids	0.271	Fatty alcohols	0.075	Lipids and lipid-like molecules	0.670							Lipids and lipid-like molecules	0.670	Organic compounds; Lipids and lipid-like molecules; Alcohols and polyols; Organohalogen compounds; Organooxygen compounds; Alkyl fluorides; Organofluorides; Alkyl halides; Hydrocarbon derivatives; Organic oxygen compounds; Chemical entities	280.264	59	0.987	839079744624366219	839079612801581550	839079612797387245	202	
1	C18H28O2	[M + H3N + H]+	C18H32NO2+	Terpenoids	0.701	Diterpenoids	0.608	Unsaturated fatty acids	0.244	Lipids and lipid-like molecules	0.850	Prenol lipids	0.604					Prenol lipids	0.604	Organic compounds; Lipids and lipid-like molecules; Prenol lipids; Organooxygen compounds; Carbonyl compounds; Organic oxides; Hydrocarbon derivatives; Organic oxygen compounds; Chemical entities	294.243	59	0.987	839079751356224903	839079612919022074	839079612919022073	205	
1	C18H30O2	[M + H3N + H]+	C18H34NO2+	Fatty acids	0.930	Fatty Acids and Conjugates	0.438	Unsaturated fatty acids	0.556	Lipids and lipid-like molecules	0.879	Fatty Acyls	0.745	Fatty acids and conjugates	0.425	Long-chain fatty acids	0.578	Long-chain fatty acids	0.578	Organic compounds; Lipids and lipid-like molecules; Organic acids and derivatives; Carboxylic acids and derivatives; Organooxygen compounds; Unsaturated fatty acids; Monocarboxylic acids and derivatives; Carbonyl compounds; Long-chain fatty acids; Fatty Acyls; Organic oxides; Hydrocarbon derivatives; Organic oxygen compounds; Chemical entities	296.258	59	0.987	839079751117149498	839079612717695462	839079612717695461	200	
1	C9H15NO2	[M + H3N + H]+	C9H19N2O2+	Fatty acids	0.599	Fatty amides	0.740	Primary amides	0.963	Lipids and lipid-like molecules	0.782	Fatty Acyls	0.751	Fatty acids and conjugates	0.503			Fatty acids and conjugates	0.503	Organic compounds; Lipids and lipid-like molecules; Fatty acids and conjugates; Organic acids and derivatives; Carboxylic acids and derivatives; Organonitrogen compounds; Organooxygen compounds; Carboxylic acid amides; Carboxylic acid derivatives; Monocarboxylic acids and derivatives; Carboxylic acids; Primary carboxylic acid amides; Carbonyl compounds; Fatty Acyls; Organic oxides; Hydrocarbon derivatives; Organopnictogen compounds; Organic oxygen compounds; Organic nitrogen compounds; Chemical entities	187.144	59	0.988	839079758331353308	839079612185018798	839079612185018797	186	
1	C18H28O3	[M + H3N + H]+	C18H32NO3+	Fatty acids	0.972	Octadecanoids	0.415	Other Octadecanoids	0.314	Lipids and lipid-like molecules	0.928	Fatty Acyls	0.870	Fatty acids and conjugates	0.717	Long-chain fatty acids	0.731	Long-chain fatty acids	0.731	Organic compounds; Lipids and lipid-like molecules; Fatty acids and conjugates; Organic acids and derivatives; Carboxylic acids and derivatives; Organooxygen compounds; Unsaturated fatty acids; Monocarboxylic acids and derivatives; Carboxylic acids; Carbonyl compounds; Long-chain fatty acids; Fatty Acyls; Organic oxides; Hydrocarbon derivatives; Organic oxygen compounds; Chemical entities	310.238	59	0.989	839079756041263058	839079612998713858	839079612998713857	207	
1	C31H64FNO5	[M + H3N + H]+	C31H68FN2O5+	Fatty acids	0.980	Spingolipids	0.251	Sphingoid bases	0.098	Lipids and lipid-like molecules	0.862	Fatty Acyls	0.889	Fatty acid esters	0.654			Fatty acid esters	0.654	Organic compounds; Lipids and lipid-like molecules; Halobenzenes; Alcohols and polyols; Organic acids and derivatives; Carboxylic acids and derivatives; Organohalogen compounds; Organonitrogen compounds; Primary alcohols; Organooxygen compounds; Fatty acid esters; Aryl fluorides; Carboxylic acid derivatives; Fluorobenzenes; Carboxylic acid esters; Organofluorides; Secondary alcohols; Carbonyl compounds; Benzene and substituted derivatives; Benzenoids; Amines; Aryl halides; Fatty Acyls; Organic oxides; Hydrocarbon derivatives; Organopnictogen compounds; Organic oxygen compounds; Organic nitrogen compounds; Chemical entities	567.510	59	0.991	839079761162508772	839079612071772578	839079612071772577	183	
1	C8H10O2	[M + H3N + H]+	C8H14NO2+	Fatty acids	0.905	Fatty acyls	0.451	Fatty aldehydes	0.571	Organic oxygen compounds	1.000	Organooxygen compounds	0.999	Carbonyl compounds	0.906	Ketones	0.584	Ketones	0.584	Organic compounds; Ketones; Organooxygen compounds; Carbonyl compounds; Organic oxides; Hydrocarbon derivatives; Organic oxygen compounds; Chemical entities	156.102	60	0.998	839079751242978643	839079612298265018	839079612298265017	189	
1	C8H12O3	[M - H2O + H]+	C8H11O2+	Fatty acids	0.986	Fatty Acids and Conjugates	0.802	Unsaturated fatty acids	0.701	Organic acids and derivatives	0.959	Carboxylic acids and derivatives	0.950	Carboxylic acids	0.660			Carboxylic acids	0.660	Organic compounds; Organic acids and derivatives; Carboxylic acids and derivatives; Organooxygen compounds; Monocarboxylic acids and derivatives; Carboxylic acids; Carbonyl compounds; Organic oxides; Hydrocarbon derivatives; Organic oxygen compounds; Chemical entities	139.075	60	1.003	839079752329303473	839079612373762498	839079612373762497	191	
1	C44H86NO11P	[M - H2O + H]+	C44H85NO10P+	Fatty acids	1.000	Glycerophospholipids	1.000	Glycerophosphocholines	0.970	Lipids and lipid-like molecules	0.994	Glycerophospholipids	1.000	Glycerophosphocholines	0.999	Phosphatidylcholines	0.996	Phosphatidylcholines	0.996	Organic compounds; Lipids and lipid-like molecules; Glycerophospholipids; Organic acids and derivatives; Carboxylic acids and derivatives; Organonitrogen compounds; Organooxygen compounds; Fatty acid esters; Dicarboxylic acids and derivatives; Organic phosphoric acids and derivatives; Phosphate esters; Quaternary ammonium salts; Cholines; Carboxylic acid derivatives; Carboxylic acid esters; Phosphocholines; Phosphatidylcholines; Carbonyl compounds; Glycerophosphocholines; Amines; Alkyl phosphates; Dialkyl phosphates; Organic cations; Organic salts; Fatty Acyls; Organic oxides; Hydrocarbon derivatives; Tetraalkylammonium salts; Organopnictogen compounds; Organic oxygen compounds; Organic nitrogen compounds; Chemical entities	818.590	60	1.005	839079746427917134	839079612453454282	839079612453454281	193	
1	C12H24O	[M + H3N + H]+	C12H28NO+	Fatty acids	0.926	Fatty acyls	0.899	Fatty alcohols	0.788	Lipids and lipid-like molecules	0.599							Lipids and lipid-like molecules	0.599	Organic compounds; Lipids and lipid-like molecules; Alcohols and polyols; Organooxygen compounds; Hydrocarbon derivatives; Organic oxygen compounds; Chemical entities	202.217	60	1.005	839079747069645797	839079613036462598	839079613036462597	208	
1	C24H30O6	[M + H3N + H]+	C24H34NO6+	Terpenoids	0.720	Diterpenoids	0.188	Eremophilane sesquiterpenoids	0.061	Lipids and lipid-like molecules	0.661							Lipids and lipid-like molecules	0.661	Organic compounds; Organoheterocyclic compounds; Lipids and lipid-like molecules; Ketones; Alcohols and polyols; Ethers; Organic acids and derivatives; Carboxylic acids and derivatives; Organooxygen compounds; Carboxylic acid derivatives; Carbonyl compounds; Organic oxides; Oxacyclic compounds; Hydrocarbon derivatives; Organic oxygen compounds; Chemical entities	432.238	60	1.007	839079763259660962	839079612956770814	839079612956770813	206	
1	C22H33ClN2O2	[M + Na]+	C22H33ClN2NaO2+	Polyketides	0.640	Linear polyketides	0.793	Open-chain polyketides	0.845	Benzenoids	0.586	Benzene and substituted derivatives	0.699					Benzene and substituted derivatives	0.699	Organic compounds; Organic acids and derivatives; Carboxylic acids and derivatives; Organohalogen compounds; Organonitrogen compounds; Organooxygen compounds; Fatty amides; Carboxylic acid amides; Alkyl chlorides; Carboxylic acid derivatives; Organochlorides; Secondary carboxylic acid amides; Carbonyl compounds; Benzene and substituted derivatives; Benzenoids; Alkyl halides; Organic oxides; Hydrocarbon derivatives; Organopnictogen compounds; Organic oxygen compounds; Organic nitrogen compounds; Chemical entities	415.212	61	1.012	839079766547995633	839079612881273334	839079612881273333	204	
1	C8H14F3NO2	[M - H2O + H]+	C8H13F3NO+	Alkaloids	0.532	Pseudoalkaloids (transamidation)	0.118	Phenylalanine-derived alkaloids	0.076	Organic nitrogen compounds	0.993	Organonitrogen compounds	0.985	Amines	0.971	Alkanolamines	0.672	1,2-aminoalcohols	0.520	Organic compounds; Alcohols and polyols; Organohalogen compounds; Organonitrogen compounds; Organooxygen compounds; Monoalkylamines; Alkyl fluorides; Organofluorides; 1,2-aminoalcohols; Amines; Primary amines; Alkanolamines; Halohydrins; Fluorohydrins; Alkyl halides; Hydrocarbon derivatives; Organopnictogen compounds; Organic oxygen compounds; Organic nitrogen compounds; Chemical entities	196.094	61	1.015	839079746423722806	839079612415705542	839079612411511237	192	
1	C25H32O6	[M + H3N + H]+	C25H36NO6+	Terpenoids	0.495	Diterpenoids	0.136	Eremophilane sesquiterpenoids	0.125	Lipids and lipid-like molecules	0.611	Prenol lipids	0.518					Prenol lipids	0.518	Organic compounds; Organoheterocyclic compounds; Lipids and lipid-like molecules; Ketones; Ethers; Prenol lipids; Organic acids and derivatives; Carboxylic acids and derivatives; Organooxygen compounds; Carboxylic acid derivatives; Carbonyl compounds; Organic oxides; Oxacyclic compounds; Hydrocarbon derivatives; Organic oxygen compounds; Chemical entities	446.254	61	1.022	839079768221523149	839079612226961842	839079612226961841	187	
1	C16H30O	[M + H3N + H]+	C16H34NO+	Terpenoids	0.919	Sesquiterpenoids	0.834	Caryophyllane sesquiterpenoids	0.278	Lipids and lipid-like molecules	0.818	Prenol lipids	0.600					Prenol lipids	0.600	Organic compounds; Lipids and lipid-like molecules; Alcohols and polyols; Prenol lipids; Primary alcohols; Organooxygen compounds; Hydrocarbon derivatives; Organic oxygen compounds; Chemical entities	256.263	61	1.024	839079746604077936	839079612638003678	839079612638003677	198	
1	C34H64O	[M + H3N + H]+	C34H68NO+	Terpenoids	0.681	Steroids	0.427	Unsaturated fatty acids	0.325	Lipids and lipid-like molecules	0.955	Steroids and steroid derivatives	0.472	Delta-5-steroids	0.558			Delta-5-steroids	0.558	Organic compounds; Lipids and lipid-like molecules; Alcohols and polyols; Organooxygen compounds; Delta-5-steroids; Fatty Acyls; Organic oxides; Hydrocarbon derivatives; Organic oxygen compounds; Chemical entities	506.530	62	1.027	839079747992392782	839079612558311894	839079612558311893	196	
1	C25H32O6	[M + H3N + H]+	C25H36NO6+	Shikimates and Phenylpropanoids	0.342	Lignans	0.220	Dibenzylbutane lignans	0.037	Benzenoids	0.829	Benzene and substituted derivatives	0.522					Benzene and substituted derivatives	0.522	Organic compounds; Organoheterocyclic compounds; Ethers; Organic acids and derivatives; Organooxygen compounds; Carbonyl compounds; Benzene and substituted derivatives; Benzenoids; Organic oxides; Oxacyclic compounds; Hydrocarbon derivatives; Organic oxygen compounds; Chemical entities	446.254	63	1.058	839079756032874430	839079613116154382	839079613116154381	210	
1	C18H36Cl2N2O4	[M + K]+	C18H36Cl2KN2O4+	Fatty acids	0.990	Fatty amides	0.440	Halogenated fatty acids	0.110	Lipids and lipid-like molecules	0.838	Fatty Acyls	0.830	Fatty amides	0.766	N-acyl amines	0.746	N-acyl amines	0.746	Organic compounds; Lipids and lipid-like molecules; Alcohols and polyols; Organic acids and derivatives; Carboxylic acids and derivatives; Organohalogen compounds; Organonitrogen compounds; Organooxygen compounds; Fatty amides; Carboxylic acid amides; Alkyl chlorides; Carboxylic acid derivatives; N-acyl amines; Organochlorides; Secondary alcohols; Secondary carboxylic acid amides; Carbonyl compounds; Alkyl halides; Fatty Acyls; Organic oxides; Hydrocarbon derivatives; Organopnictogen compounds; Organic oxygen compounds; Organic nitrogen compounds; Chemical entities	453.167	65	1.076	839079922890689071	839079613153903122	839079613153903121	211	
1	C95H151N3O12	[M + H3N + H]+	C95H155N4O12+	Fatty acids	0.473	Oligopeptides	0.843	Lipopeptides	0.705	Phenylpropanoids and polyketides	0.286	Macrolactams	0.557					Macrolactams	0.557	Organic compounds; Organoheterocyclic compounds; Lipids and lipid-like molecules; Macrolactams; Ketones; Alcohols and polyols; Organic acids and derivatives; Carboxylic acids and derivatives; Organonitrogen compounds; Organooxygen compounds; Fatty amides; Carboxylic acid amides; Carboxylic acid derivatives; N-acyl amines; Carboxylic acid esters; Secondary alcohols; Secondary carboxylic acid amides; Carbonyl compounds; Fatty Acyls; Organic oxides; Oxacyclic compounds; Hydrocarbon derivatives; Organopnictogen compounds; Organic oxygen compounds; Organic nitrogen compounds; Chemical entities	1544.164	65	1.084	839080022920647960	839079613191651862	839079613191651861	212	
1	C94H154N6O6S2	[M + H3N + H]+	C94H158N7O6S2+	Amino acids and Peptides	0.989	Oligopeptides	0.997	Cyclic peptides	0.608	Organic acids and derivatives	0.987	Carboxylic acids and derivatives	0.978	Amino acids, peptides, and analogues	0.966	Amino acids and derivatives	0.960	Alpha amino acids and derivatives	0.947	Organic compounds; Organoheterocyclic compounds; Organosulfur compounds; Lipids and lipid-like molecules; Amino acids, peptides, and analogues; Alpha amino acids and derivatives; Thiazoles; Pyrrolidines; Organic acids and derivatives; Carboxylic acids and derivatives; Organonitrogen compounds; Organooxygen compounds; Fatty amides; Amino acids and derivatives; Azoles; Carboxylic acid amides; Carboxylic acid derivatives; N-acyl amines; Secondary carboxylic acid amides; Tertiary carboxylic acid amides; Carbonyl compounds; Benzenoids; Fatty Acyls; Organic oxides; Azacyclic compounds; Heteroaromatic compounds; Hydrocarbon derivatives; Organopnictogen compounds; Organic oxygen compounds; Organic nitrogen compounds; Chemical entities	1545.167	65	1.086	839079827763867100	839079613229400602	839079613229400601	213	
1	C4H12FN3O5	[M - H2O + H]+	C4H11FN3O4+	Amino acids and Peptides	0.167	Small peptides	0.498	Aminoacids	0.335	Organic 1,3-dipolar compounds	0.656	Allyl-type 1,3-dipolar organic compounds	0.727	Organic nitro compounds	0.777	C-nitro compounds	0.406	Fluorodinitromethyl compounds	0.721	Organic compounds; Organohalogen compounds; Organonitrogen compounds; Organooxygen compounds; Alkyl fluorides; Organic nitro compounds; Organofluorides; Alkyl halides; Organic 1,3-dipolar compounds; Allyl-type 1,3-dipolar organic compounds; Organic oxides; Hydrocarbon derivatives; Organopnictogen compounds; Organic oxygen compounds; Fluorodinitromethyl compounds; Organic nitrogen compounds; Chemical entities	184.073	66	1.100	839079754866857765	839079613300703778	839079613300703777	215	
1	C18H33Cl2NO4	[M + H3N + H]+	C18H37Cl2N2O4+	Fatty acids	0.965	Fatty Acids and Conjugates	0.282	Halogenated fatty acids	0.292	Lipids and lipid-like molecules	0.908	Fatty Acyls	0.917	Fatty amides	0.609			Fatty amides	0.609	Organic compounds; Lipids and lipid-like molecules; Organic acids and derivatives; Carboxylic acids and derivatives; Organohalogen compounds; Organonitrogen compounds; Organooxygen compounds; Fatty amides; Carboxylic acid amides; Carboxylic acid derivatives; Monocarboxylic acids and derivatives; Organochlorides; Carbonyl compounds; Alkyl halides; Fatty Acyls; Organic oxides; Hydrocarbon derivatives; Organopnictogen compounds; Organic oxygen compounds; Organic nitrogen compounds; Chemical entities	415.212	66	1.106	839080004046279701	839079613569139262	839079613569139261	222	
1	C7H13NO3	[M + Na]+	C7H13NNaO3+	Amino acids and Peptides	0.747	Fatty amides	0.370	Aminoacids	0.270	Lipids and lipid-like molecules	0.561	Fatty Acyls	0.571					Fatty Acyls	0.571	Organic compounds; Lipids and lipid-like molecules; Organic acids and derivatives; Carboxylic acids and derivatives; Organonitrogen compounds; Organooxygen compounds; Carboxylic acid amides; Carboxylic acid derivatives; Monocarboxylic acids and derivatives; Carboxylic acids; Carbonyl compounds; Fatty Acyls; Organic oxides; Hydrocarbon derivatives; Organopnictogen compounds; Organic oxygen compounds; Organic nitrogen compounds; Chemical entities	182.079	67	1.115	839080003626849276	839079613267149342	839079613262955037	214	
1	C46H74N2O8	[M + H3N + H]+	C46H78N3O8+	Polyketides	0.537	Oligopeptides	0.876	Lipopeptides	0.297	Organic acids and derivatives	0.986	Carboxylic acids and derivatives	0.965	Amino acids, peptides, and analogues	0.716	Amino acids and derivatives	0.701	Amino acids and derivatives	0.701	Organic compounds; Organoheterocyclic compounds; Amino acids, peptides, and analogues; Lactones; Macrolactams; Ketones; Alcohols and polyols; Macrolides and analogues; Lactams; Phenylpropanoids and polyketides; Organic acids and derivatives; Carboxylic acids and derivatives; Organonitrogen compounds; Organooxygen compounds; Amino acids and derivatives; Carboxylic acid amides; Carboxylic acid derivatives; Dialkyl ethers; Carboxylic acid esters; Secondary alcohols; Tertiary carboxylic acid amides; Carbonyl compounds; Organic oxides; Azacyclic compounds; Oxacyclic compounds; Hydrocarbon derivatives; Organopnictogen compounds; Organic oxygen compounds; Organic nitrogen compounds; Chemical entities	800.579	68	1.130	839079800635107076	839079613455893042	839079613455893041	219	
1	C45H66N6O4	[M + H3N + H]+	C45H70N7O4+	Amino acids and Peptides	0.754	Oligopeptides	0.355	Cyclic peptides	0.053	Organic acids and derivatives	0.945	Carboxylic acids and derivatives	0.926	Amino acids, peptides, and analogues	0.887	Amino acids and derivatives	0.880	Alpha amino acids and derivatives	0.706	Organic compounds; Organoheterocyclic compounds; Lipids and lipid-like molecules; Amino acids, peptides, and analogues; Alpha amino acids and derivatives; Amphetamines and derivatives; Ethers; Organic acids and derivatives; Carboxylic acids and derivatives; Organonitrogen compounds; Organooxygen compounds; Amino acids and derivatives; Carboxylic acid amides; Carboxylic acid derivatives; Tertiary carboxylic acid amides; Carbonyl compounds; Benzene and substituted derivatives; Phenol ethers; Benzenoids; Amines; Tertiary amines; Organic oxides; Azacyclic compounds; Heteroaromatic compounds; Hydrocarbon derivatives; Organopnictogen compounds; Organic oxygen compounds; Organic nitrogen compounds; Chemical entities	772.550	68	1.130	839079838786498843	839079613380395562	839079613376201257	217	
1	C44H73N5O7	[M + H3N + H]+	C44H77N6O7+	Amino acids and Peptides	0.980	Oligopeptides	0.996	Linear peptides	0.349	Organic acids and derivatives	0.998	Carboxylic acids and derivatives	0.995	Amino acids, peptides, and analogues	0.985	Peptides	0.687	Peptides	0.687	Organic compounds; Organoheterocyclic compounds; Lipids and lipid-like molecules; Amino acids, peptides, and analogues; Alpha amino acids and derivatives; Alcohols and polyols; Phenethylamines; Amphetamines and derivatives; Pyrrolidines; Organic acids and derivatives; Carboxylic acids and derivatives; Organonitrogen compounds; Organooxygen compounds; Fatty amides; Amino acids and derivatives; Peptides; Carboxylic acid amides; Carboxylic acid derivatives; N-acyl amines; N-acyl-alpha amino acids and derivatives; Primary carboxylic acid amides; Secondary carboxylic acid amides; Tertiary carboxylic acid amides; Carbonyl compounds; Benzene and substituted derivatives; Alpha amino acid amides; Benzenoids; N-acylpyrrolidines; Fatty Acyls; Organic oxides; Azacyclic compounds; Hydrocarbon derivatives; Valine and derivatives; Organopnictogen compounds; Organic oxygen compounds; Organic nitrogen compounds; Chemical entities	801.582	68	1.132	839079779256737806	839079613493641782	839079613489447477	220	
1	C11H19NO4	[M + H]+	C11H20NO4+	Amino acids and Peptides	0.923	Small peptides	0.930	Aminoacids	0.918	Organic acids and derivatives	1.000	Carboxylic acids and derivatives	1.000	Amino acids, peptides, and analogues	0.991	Amino acids and derivatives	0.991	Alpha amino acids	0.851	Organic compounds; Lipids and lipid-like molecules; Amino acids, peptides, and analogues; Alpha amino acids and derivatives; Fatty acids and conjugates; Organic acids and derivatives; Carboxylic acids and derivatives; Organonitrogen compounds; Organooxygen compounds; Dicarboxylic acids and derivatives; Amino acids and derivatives; Monoalkylamines; Amino fatty acids; Carboxylic acids; Carbonyl compounds; Alpha amino acids; Amines; Primary amines; Medium-chain fatty acids; Fatty Acyls; Organic oxides; Hydrocarbon derivatives; Amino acids; Organopnictogen compounds; Organic oxygen compounds; Organic nitrogen compounds; Chemical entities	230.139	68	1.132	839079758641731824	839079613342646822	839079613338452517	216	
1	C40H73O8P	[M + H3N + H]+	C40H77NO8P+	Fatty acids	0.998	Glycerophospholipids	0.990	Glycerophosphates	0.934	Lipids and lipid-like molecules	0.978	Fatty Acyls	0.951	Fatty acid esters	0.975			Fatty acid esters	0.975	Organic compounds; Lipids and lipid-like molecules; Organic acids and derivatives; Carboxylic acids and derivatives; Organooxygen compounds; Fatty acid esters; Dicarboxylic acids and derivatives; Organic phosphoric acids and derivatives; Phosphate esters; Carboxylic acid derivatives; Monocarboxylic acids and derivatives; Carboxylic acid esters; Carbonyl compounds; Alkyl phosphates; Fatty Acyls; Organic oxides; Hydrocarbon derivatives; Organic oxygen compounds; Chemical entities	730.539	68	1.140	839079780234010773	839079613413949998	839079613413949997	218	
1	C11H20O5P	[M + H3N + H]+	C11H24NO5P+	Terpenoids	0.832	Monoterpenoids	0.762	Acyclic monoterpenoids	0.149	Organic oxygen compounds	1.000	Organic oxoanionic compounds	0.636					Organic oxoanionic compounds	0.636	Organic compounds; Organic acids and derivatives; Organooxygen compounds; Organophosphorus compounds; Organic oxoanionic compounds; Organic oxides; Hydrocarbon derivatives; Organic oxygen compounds; Chemical entities	281.138	69	1.147	839079763578428100	839079613686579786	839079613686579785	225	
1	C44H84NO8P	[M + Na]+	C44H84NNaO8P+	Fatty acids	0.996	Glycerophospholipids	1.000	Glycerophosphocholines	0.987	Lipids and lipid-like molecules	0.977	Glycerophospholipids	0.997	Glycerophosphocholines	0.986	Phosphatidylcholines	0.966	Phosphatidylcholines	0.966	Organic compounds; Lipids and lipid-like molecules; Glycerophospholipids; Organic acids and derivatives; Carboxylic acids and derivatives; Organonitrogen compounds; Organooxygen compounds; Fatty acid esters; Dicarboxylic acids and derivatives; Organic phosphoric acids and derivatives; Phosphate esters; Quaternary ammonium salts; Cholines; Carboxylic acid derivatives; Carboxylic acid esters; Phosphocholines; Phosphatidylcholines; Carbonyl compounds; Glycerophosphocholines; Amines; Alkyl phosphates; Dialkyl phosphates; Organic cations; Organic salts; Fatty Acyls; Organic oxides; Hydrocarbon derivatives; Tetraalkylammonium salts; Organopnictogen compounds; Organic oxygen compounds; Organic nitrogen compounds; Chemical entities	808.582	70	1.163	839079773309214201	839079613531390522	839079613531390521	221	
1	C31H64FNO5	[M + H3N + H]+	C31H68FN2O5+	Fatty acids	0.999	Spingolipids	0.947	Sphingoid bases	0.436	Lipids and lipid-like molecules	0.930	Fatty Acyls	0.938	Fatty acid esters	0.781			Fatty acid esters	0.781	Organic compounds; Lipids and lipid-like molecules; Alcohols and polyols; Organic acids and derivatives; Carboxylic acids and derivatives; Organohalogen compounds; Organonitrogen compounds; Primary alcohols; Organooxygen compounds; Fatty acid esters; Carboxylic acid amides; Alkyl fluorides; Carboxylic acid derivatives; Carboxylic acid esters; Organofluorides; Secondary alcohols; Secondary carboxylic acid amides; Carbonyl compounds; Alkyl halides; Fatty Acyls; Organic oxides; Hydrocarbon derivatives; Organopnictogen compounds; Organic oxygen compounds; Organic nitrogen compounds; Chemical entities	567.510	71	1.181	839079779508396070	839079613611082306	839079613611082305	223	
1	C37H52N4O9	[M + K]+	C37H52KN4O9+	Polyketides	0.441	Oligopeptides	0.385	Erythromycins	0.233	Organic acids and derivatives	0.997	Carboxylic acids and derivatives	0.986	Amino acids, peptides, and analogues	0.798	Amino acids and derivatives	0.792	Amino acids and derivatives	0.792	Organic compounds; Organoheterocyclic compounds; Amino acids, peptides, and analogues; Alcohols and polyols; Organic acids and derivatives; Carboxylic acids and derivatives; Organonitrogen compounds; Organooxygen compounds; Amino acids and derivatives; Carboxylic acid amides; Carboxylic acid derivatives; Carboxylic acid esters; Secondary carboxylic acid amides; Carbonyl compounds; Trialkylamines; Amines; Tertiary amines; Organic oxides; Azacyclic compounds; Heteroaromatic compounds; Hydrocarbon derivatives; Organopnictogen compounds; Organic oxygen compounds; Organic nitrogen compounds; Chemical entities	735.336	72	1.195	839079764786387769	839079613648831046	839079613648831045	224	
1	C15H22O6	[M + H3N + H]+	C15H26NO6+	Polyketides	0.312	Macrolides	0.323	Macrolide lactones	0.476	Organic oxygen compounds	1.000	Organooxygen compounds	1.000	Carbohydrates and carbohydrate conjugates	0.408	Monosaccharides	0.516	Monosaccharides	0.516	Organic compounds; Organoheterocyclic compounds; Lipids and lipid-like molecules; Alcohols and polyols; Ethers; Organic acids and derivatives; Carboxylic acids and derivatives; Organooxygen compounds; Carboxylic acid derivatives; Carboxylic acid esters; Monosaccharides; Secondary alcohols; Carbonyl compounds; Polyols; Enoate esters; Alpha,beta-unsaturated carboxylic esters; Fatty Acyls; Organic oxides; Oxacyclic compounds; Hydrocarbon derivatives; Organic oxygen compounds; Chemical entities	316.175	73	1.222	839079765100960588	839079613770465874	839079613770465873	227	
1	C15H22O6	[M + H]+	C15H23O6+	Terpenoids	0.423	Phenylpropanoids (C6-C3)	0.227	Cinnamic acids and derivatives	0.252	Organic oxygen compounds	1.000	Organooxygen compounds	1.000	Carbohydrates and carbohydrate conjugates	0.857	Glycosyl compounds	0.668	O-glycosyl compounds	0.729	Organic compounds; Organoheterocyclic compounds; Carbohydrates and carbohydrate conjugates; Lipids and lipid-like molecules; Alcohols and polyols; Ethers; Primary alcohols; Organooxygen compounds; Monosaccharides; Acetals; Secondary alcohols; Oxanes; Glycosyl compounds; O-glycosyl compounds; Polyols; Oxacyclic compounds; Hydrocarbon derivatives; Organic oxygen compounds; Chemical entities	299.149	74	1.225	839079755231762252	839079613850157658	839079613850157657	229	
1	C10H20O	[M + H3N + H]+	C10H24NO+	Fatty acids	0.904	Fatty acyls	0.865	Fatty alcohols	0.530	Lipids and lipid-like molecules	0.584							Lipids and lipid-like molecules	0.584	Organic compounds; Lipids and lipid-like molecules; Ketones; Alcohols and polyols; Organooxygen compounds; Carbonyl compounds; Organic oxides; Hydrocarbon derivatives; Organic oxygen compounds; Chemical entities	174.185	74	1.226	839079783304241603	839079613808214614	839079613808214613	228	
1	C18H29NO8S	[M + H3N + H]+	C18H33N2O8S+	Fatty acids	0.636	Eicosanoids	0.390	Leukotrienes	0.240	Organic acids and derivatives	0.984	Carboxylic acids and derivatives	0.961	Amino acids, peptides, and analogues	0.884	Amino acids and derivatives	0.884	Alpha amino acids	0.760	Organic compounds; Organosulfur compounds; Lipids and lipid-like molecules; Amino acids, peptides, and analogues; Alpha amino acids and derivatives; Alcohols and polyols; Fatty acids and conjugates; Organic acids and derivatives; Carboxylic acids and derivatives; Organonitrogen compounds; Organooxygen compounds; Unsaturated fatty acids; Hydroxy fatty acids; Dicarboxylic acids and derivatives; Amino acids and derivatives; Monoalkylamines; Thioethers; Carboxylic acids; Secondary alcohols; Carbonyl compounds; Alpha amino acids; Amines; Primary amines; Sulfenyl compounds; Dialkylthioethers; Fatty Acyls; Organic oxides; Hydrocarbon derivatives; Amino acids; Cysteine and derivatives; Organopnictogen compounds; Organic oxygen compounds; Organic nitrogen compounds; Chemical entities	437.193	74	1.226	839080020919964929	839079614164730490	839079614164730489	237	
1	C9H12O2	[M - H2O + H]+	C9H11O+	Terpenoids	0.832	Monoterpenoids	0.650	Menthane monoterpenoids	0.278	Organic oxygen compounds	0.999	Organooxygen compounds	0.998	Carbonyl compounds	0.731			Carbonyl compounds	0.731	Organic compounds; Organooxygen compounds; Carbonyl compounds; Organic oxides; Hydrocarbon derivatives; Organic oxygen compounds; Chemical entities	135.081	74	1.228	839079874207399473	839079613887906398	839079613887906397	230	
1	C6H12O5	[M + H]+	C6H13O5+	Carbohydrates	0.981	Saccharides	0.945	Monosaccharides	0.885	Organic oxygen compounds	1.000	Organooxygen compounds	1.000	Carbohydrates and carbohydrate conjugates	0.889	Monosaccharides	0.863	Monosaccharides	0.863	Organic compounds; Carbohydrates and carbohydrate conjugates; Alcohols and polyols; Primary alcohols; Organooxygen compounds; Monosaccharides; Secondary alcohols; Polyols; Hydrocarbon derivatives; Organic oxygen compounds; Chemical entities	165.076	74	1.229	839079766178896809	839079613929849442	839079613925655137	231	
1	C44H86NO11P	[M - H2O + H]+	C44H85NO10P+	Fatty acids	1.000	Glycerophospholipids	1.000	Glycerophosphocholines	0.980	Lipids and lipid-like molecules	0.993	Glycerophospholipids	1.000	Glycerophosphocholines	0.999	Phosphatidylcholines	0.995	Phosphatidylcholines	0.995	Organic compounds; Lipids and lipid-like molecules; Glycerophospholipids; Organic acids and derivatives; Carboxylic acids and derivatives; Organonitrogen compounds; Organooxygen compounds; Fatty acid esters; Dicarboxylic acids and derivatives; Organic phosphoric acids and derivatives; Phosphate esters; Quaternary ammonium salts; Cholines; Carboxylic acid derivatives; Carboxylic acid esters; Phosphocholines; Phosphatidylcholines; Carbonyl compounds; Glycerophosphocholines; Amines; Alkyl phosphates; Dialkyl phosphates; Organic cations; Organic salts; Fatty Acyls; Organic oxides; Hydrocarbon derivatives; Tetraalkylammonium salts; Organopnictogen compounds; Organic oxygen compounds; Organic nitrogen compounds; Chemical entities	818.590	74	1.235	839079760898267574	839079613967598182	839079613967598181	232	
1	C46H74N2O9	[M + H3N + H]+	C46H78N3O9+	Polyketides	0.717	Macrolides	0.836	Open-chain polyketides	0.320	Organic acids and derivatives	0.983	Carboxylic acids and derivatives	0.948	Amino acids, peptides, and analogues	0.514			Amino acids, peptides, and analogues	0.514	Organic compounds; Organoheterocyclic compounds; Amino acids, peptides, and analogues; Lactones; Macrolactams; Ketones; Alcohols and polyols; Macrolides and analogues; Lactams; Ethers; Phenylpropanoids and polyketides; Organic acids and derivatives; Carboxylic acids and derivatives; Organonitrogen compounds; Organooxygen compounds; Carboxylic acid amides; Carboxylic acid derivatives; Dialkyl ethers; Carboxylic acid esters; Secondary alcohols; Carbonyl compounds; Organic oxides; Azacyclic compounds; Oxacyclic compounds; Hydrocarbon derivatives; Organopnictogen compounds; Organic oxygen compounds; Organic nitrogen compounds; Chemical entities	816.573	75	1.249	839079791743181876	839079613724328526	839079613724328525	226	
1	C43H74N4O9	[M + H3N + H]+	C43H78N5O9+	Polyketides	0.745	Oligopeptides	0.970	Depsipeptides	0.384	Organic acids and derivatives	0.997	Carboxylic acids and derivatives	0.989	Amino acids, peptides, and analogues	0.944	Amino acids and derivatives	0.934	Alpha amino acids and derivatives	0.716	Organic compounds; Organoheterocyclic compounds; Amino acids, peptides, and analogues; Lactones; Alpha amino acids and derivatives; Macrolactams; Alcohols and polyols; Macrolides and analogues; Lactams; Phenylpropanoids and polyketides; Organic acids and derivatives; Carboxylic acids and derivatives; Organonitrogen compounds; Organooxygen compounds; Amino acids and derivatives; Carboxylic acid amides; Carboxylic acid derivatives; Carboxylic acid esters; Secondary alcohols; Secondary carboxylic acid amides; Tertiary carboxylic acid amides; Peptidomimetics; Carbonyl compounds; Macrolide lactams; Organic oxides; Azacyclic compounds; Oxacyclic compounds; Hydrocarbon derivatives; Organopnictogen compounds; Organic oxygen compounds; Organic nitrogen compounds; Chemical entities	808.583	75	1.257	839079890997199996	839079614408000146	839079614408000145	243	
1	C12H17NO8	[M + H3N + H]+	C12H21N2O8+	Amino acids and Peptides	0.687	Amino acid glycosides	0.842	Cyanogenic glycosides	0.910	Organic oxygen compounds	1.000	Organooxygen compounds	0.997	Carbohydrates and carbohydrate conjugates	0.651	Monosaccharides	0.565	Monosaccharides	0.565	Organic compounds; Carbohydrates and carbohydrate conjugates; Alcohols and polyols; Ethers; Organic acids and derivatives; Carboxylic acids and derivatives; Organonitrogen compounds; Primary alcohols; Organooxygen compounds; Monosaccharides; Secondary alcohols; Carbonyl compounds; Polyols; Organic oxides; Hydrocarbon derivatives; Organopnictogen compounds; Organic oxygen compounds; Organic nitrogen compounds; Chemical entities	321.131	76	1.262	839079762479520328	839079614122787446	839079614122787445	236	
1	C11H14O3	[M + H3N + H]+	C11H18NO3+	Fatty acids	0.832	Fatty Acids and Conjugates	0.168	Jasmonic acids	0.250	Organic acids and derivatives	0.771	Carboxylic acids and derivatives	0.755	Monocarboxylic acids and derivatives	0.678			Monocarboxylic acids and derivatives	0.678	Organic compounds; Organic acids and derivatives; Carboxylic acids and derivatives; Organooxygen compounds; Monocarboxylic acids and derivatives; Carbonyl compounds; Organic oxides; Hydrocarbon derivatives; Organic oxygen compounds; Chemical entities	212.128	77	1.280	839079754464204501	839079614206673534	839079614202479229	238	
1	C47H76N4O5	[M + Na]+	C47H76N4NaO5+	Fatty acids	0.999	Spingolipids	0.995	Phosphosphingolipids	0.702	Lipids and lipid-like molecules	0.935	Sphingolipids	0.690					Sphingolipids	0.690	Organic compounds; Lipids and lipid-like molecules; Alcohols and polyols; Sphingolipids; Organic acids and derivatives; Carboxylic acids and derivatives; Organonitrogen compounds; Organooxygen compounds; Fatty amides; Carboxylic acid amides; Quaternary ammonium salts; Cholines; Carboxylic acid derivatives; N-acyl amines; Phosphocholines; Secondary alcohols; Secondary carboxylic acid amides; Carbonyl compounds; Amines; Organic salts; Fatty Acyls; Organic oxides; Hydrocarbon derivatives; Tetraalkylammonium salts; Organopnictogen compounds; Organic oxygen compounds; Organic nitrogen compounds; Chemical entities	799.568	78	1.305	839079947326705021	839079614005346922	839079614005346921	233	
1	C40H63NO6	[M + Na]+	C40H63NNaO6+	Fatty acids	0.937	Fatty esters	0.737	Fatty acyl carnitines	0.347	Lipids and lipid-like molecules	0.767	Fatty Acyls	0.722	Fatty acid esters	0.625			Fatty acid esters	0.625	Organic compounds; Lipids and lipid-like molecules; Organic acids and derivatives; Carboxylic acids and derivatives; Organonitrogen compounds; Organooxygen compounds; Fatty acid esters; Dicarboxylic acids and derivatives; Quaternary ammonium salts; Carboxylic acid derivatives; Carboxylic acid esters; Carbonyl compounds; Amines; Organic cations; Organic salts; Fatty Acyls; Organic oxides; Hydrocarbon derivatives; Tetraalkylammonium salts; Organopnictogen compounds; Organic oxygen compounds; Organic nitrogen compounds; Chemical entities	676.455	79	1.309	839079767214890088	839079614248616578	839079614244422273	239	
1	C13H24O4	[M + H3N + H]+	C13H28NO4+	Fatty acids	0.629	Macrolides	0.182	Macrolide lactones	0.257	Lipids and lipid-like molecules	0.519							Lipids and lipid-like molecules	0.519	Organic compounds; Lipids and lipid-like molecules; Alcohols and polyols; Organic acids and derivatives; Carboxylic acids and derivatives; Organooxygen compounds; Carboxylic acid derivatives; Monocarboxylic acids and derivatives; Carboxylic acid esters; Carbonyl compounds; Organic oxides; Hydrocarbon derivatives; Organic oxygen compounds; Chemical entities	262.201	79	1.317	839079773372128792	839079614324114058	839079614324114057	241	
1	C44H82NO10P	[M + H]+	C44H83NO10P+	Fatty acids	1.000	Glycerophospholipids	1.000	Glycerophosphocholines	0.993	Lipids and lipid-like molecules	0.992	Glycerophospholipids	1.000	Glycerophosphocholines	0.998	Phosphatidylcholines	0.994	Phosphatidylcholines	0.994	Organic compounds; Lipids and lipid-like molecules; Glycerophospholipids; Organic acids and derivatives; Carboxylic acids and derivatives; Organonitrogen compounds; Organooxygen compounds; Fatty acid esters; Dicarboxylic acids and derivatives; Organic phosphoric acids and derivatives; Phosphate esters; Quaternary ammonium salts; Cholines; Carboxylic acid derivatives; Carboxylic acid esters; Phosphocholines; Phosphatidylcholines; Carbonyl compounds; Glycerophosphocholines; Amines; Alkyl phosphates; Dialkyl phosphates; Organic cations; Organic salts; Fatty Acyls; Organic oxides; Hydrocarbon derivatives; Tetraalkylammonium salts; Organopnictogen compounds; Organic oxygen compounds; Organic nitrogen compounds; Chemical entities	816.574	79	1.318	839079759908411757	839079614286365318	839079614286365317	240	
1	C38H74NO10P	[M - H2O + H]+	C38H73NO9P+	Fatty acids	1.000	Glycerophospholipids	1.000	Glycerophosphocholines	0.899	Lipids and lipid-like molecules	0.992	Glycerophospholipids	1.000	Glycerophosphocholines	0.999	Phosphatidylcholines	0.994	Phosphatidylcholines	0.994	Organic compounds; Lipids and lipid-like molecules; Glycerophospholipids; Organic acids and derivatives; Carboxylic acids and derivatives; Organonitrogen compounds; Organooxygen compounds; Fatty acid esters; Dicarboxylic acids and derivatives; Organic phosphoric acids and derivatives; Phosphate esters; Quaternary ammonium salts; Cholines; Carboxylic acid derivatives; Carboxylic acid esters; Phosphocholines; Phosphatidylcholines; Carbonyl compounds; Glycerophosphocholines; Amines; Alkyl phosphates; Dialkyl phosphates; Organic cations; Organic salts; Fatty Acyls; Organic oxides; Hydrocarbon derivatives; Tetraalkylammonium salts; Organopnictogen compounds; Organic oxygen compounds; Organic nitrogen compounds; Chemical entities	718.502	79	1.319	839079762563406432	839079614370251406	839079614370251405	242	
1	C34H64O	[M + H3N + H]+	C34H68NO+	Terpenoids	0.972	Meroterpenoids	0.555	Prenyl quinone meroterpenoids	0.903	Lipids and lipid-like molecules	0.915	Prenol lipids	0.767	Quinone and hydroquinone lipids	0.620	Vitamin E compounds	0.535	Vitamin E compounds	0.535	Organic compounds; Lipids and lipid-like molecules; Prenol lipids; Organooxygen compounds; Carboxylic acid esters; Quinone and hydroquinone lipids; Vitamin E compounds; Diterpenoids; Carbonyl compounds; Organic oxides; Hydrocarbon derivatives; Organic oxygen compounds; Chemical entities	506.530	79	1.324	839079751213618503	839079614533829278	839079614529634973	246	
1	C37H72NO10P	[M - H2O + H]+	C37H71NO9P+	Fatty acids	1.000	Glycerophospholipids	1.000	Oxidized glycerophospholipids	0.892	Lipids and lipid-like molecules	0.992	Glycerophospholipids	0.999	Glycerophosphocholines	0.999	Phosphatidylcholines	0.994	Phosphatidylcholines	0.994	Organic compounds; Lipids and lipid-like molecules; Glycerophospholipids; Organic acids and derivatives; Carboxylic acids and derivatives; Organonitrogen compounds; Organooxygen compounds; Fatty acid esters; Dicarboxylic acids and derivatives; Organic phosphoric acids and derivatives; Phosphate esters; Quaternary ammonium salts; Cholines; Carboxylic acid derivatives; Carboxylic acids; Carboxylic acid esters; Phosphocholines; Phosphatidylcholines; Carbonyl compounds; Glycerophosphocholines; Amines; Alkyl phosphates; Dialkyl phosphates; Organic cations; Organic salts; Fatty Acyls; Organic oxides; Hydrocarbon derivatives; Tetraalkylammonium salts; Organopnictogen compounds; Organic oxygen compounds; Organic nitrogen compounds; Chemical entities	704.487	80	1.335	839079752786482779	839079614449943190	839079614449943189	244	
1	C10H14O4	[M + H3N + H]+	C10H18NO4+	Fatty acids	0.968	Fatty Acids and Conjugates	0.830	Dicarboxylic acids	0.906	Organic acids and derivatives	0.997	Carboxylic acids and derivatives	0.996	Dicarboxylic acids and derivatives	0.777			Dicarboxylic acids and derivatives	0.777	Organic compounds; Lipids and lipid-like molecules; Fatty acids and conjugates; Organic acids and derivatives; Carboxylic acids and derivatives; Organooxygen compounds; Unsaturated fatty acids; Dicarboxylic acids and derivatives; Carboxylic acids; Carbonyl compounds; Fatty Acyls; Organic oxides; Hydrocarbon derivatives; Organic oxygen compounds; Chemical entities	216.123	81	1.343	839079759648364892	839079614496080538	839079614491886233	245	
1	C11H17NO7	[M + K]+	C11H17KNO7+	Amino acids and Peptides	0.633	Aminosugars and aminoglycosides	0.437	Aminosugars	0.285	Organic acids and derivatives	0.994	Carboxylic acids and derivatives	0.989	Amino acids, peptides, and analogues	0.552	Amino acids and derivatives	0.553	Amino acids and derivatives	0.553	Organic compounds; Carbohydrates and carbohydrate conjugates; Lipids and lipid-like molecules; Amino acids, peptides, and analogues; Alcohols and polyols; Organic acids and derivatives; Carboxylic acids and derivatives; Organonitrogen compounds; Organooxygen compounds; Amino acids and derivatives; Carboxylic acid amides; Carboxylic acid derivatives; Monocarboxylic acids and derivatives; Carboxylic acids; Secondary alcohols; Secondary carboxylic acid amides; Carbonyl compounds; Fatty Acyls; Acetamides; Organic oxides; Hydrocarbon derivatives; Organopnictogen compounds; Organic oxygen compounds; Organic nitrogen compounds; Chemical entities	314.063	82	1.364	839079779193823216	839079614730961586	839079614730961585	251	
1	C11H14O7	[M + H3N + H]+	C11H18NO7+	Carbohydrates	0.456	Phloroglucinols	0.358	Acyl phloroglucinols	0.445	Organic oxygen compounds	1.000	Organooxygen compounds	1.000	Carbohydrates and carbohydrate conjugates	0.958	Monosaccharides	0.910	Hexoses	0.594	Organic compounds; Organoheterocyclic compounds; Carbohydrates and carbohydrate conjugates; Alcohols and polyols; Ethers; Organic acids and derivatives; Primary alcohols; Organooxygen compounds; Hexoses; Monosaccharides; Acetals; Secondary alcohols; Carbonyl compounds; Oxanes; Glycosyl compounds; O-glycosyl compounds; Benzene and substituted derivatives; Polyols; Benzenoids; Organic oxides; Oxacyclic compounds; Hydrocarbon derivatives; Organic oxygen compounds; Chemical entities	276.108	82	1.365	839079751335253344	839079614651269802	839079614651269801	249	
1	C11H17NO7	[M + Na]+	C11H17NNaO7+	Carbohydrates	0.853	Aminosugars and aminoglycosides	0.723	Cyanogenic glycosides	0.596	Organic oxygen compounds	1.000	Organooxygen compounds	0.999	Carbohydrates and carbohydrate conjugates	0.821	Monosaccharides	0.756	Monosaccharides	0.756	Organic compounds; Organoheterocyclic compounds; Carbohydrates and carbohydrate conjugates; Alcohols and polyols; Ethers; Organic acids and derivatives; Organonitrogen compounds; Primary alcohols; Organooxygen compounds; Monosaccharides; Secondary alcohols; Carbonyl compounds; Oxanes; Polyols; Organic oxides; Oxacyclic compounds; Hydrocarbon derivatives; Organopnictogen compounds; Organic oxygen compounds; Organic nitrogen compounds; Chemical entities	298.090	82	1.365	839079766489275361	839079614613521062	839079614613521061	248	
1	C8H8O4	[M + H3N + H]+	C8H12NO4+	Polyketides	0.833	Cyclic polyketides	0.837	2-pyrone derivatives	0.775	Organoheterocyclic compounds	0.763	Pyrans	0.500					Pyrans	0.500	Organic compounds; Organoheterocyclic compounds; Pyrans; Organic acids and derivatives; Organooxygen compounds; Carbonyl compounds; Organic oxides; Oxacyclic compounds; Hydrocarbon derivatives; Organic oxygen compounds; Chemical entities	186.076	82	1.367	839079766900317244	839079614693212846	839079614689018541	250	
1	C22H34N2O14	[M + Na]+	C22H34N2NaO14+	Carbohydrates	1.000	Aminosugars and aminoglycosides	0.972	Aminosugars	0.976	Organic oxygen compounds	1.000	Organooxygen compounds	1.000	Carbohydrates and carbohydrate conjugates	0.998	Sugar acids and derivatives	0.989	N-acylneuraminic acids	0.985	Organic compounds; Organoheterocyclic compounds; Carbohydrates and carbohydrate conjugates; Pyrans; Alcohols and polyols; Sugar acids and derivatives; Ethers; Organic acids and derivatives; Carboxylic acids and derivatives; Organonitrogen compounds; Primary alcohols; Organooxygen compounds; Glucuronides; Carboxylic acid amides; Hemiacetals; Carboxylic acid derivatives; Monocarboxylic acids and derivatives; Carboxylic acids; Neuraminic acids and derivatives; Sugar amino acids and derivatives; Acetals; Secondary alcohols; Secondary carboxylic acid amides; Pyranoid amino acids and derivatives; Carbonyl compounds; Oxanes; Glucuronic acid derivatives; Glycosyl compounds; C-glycosyl compounds; O-glycosyl compounds; N-acyl-alpha-hexosamines; Polyols; C-glucuronides; N-acylneuraminic acids; N-acylneuraminic acids and derivatives; Neuraminic acids; Aminosaccharides; Acetamides; Organic oxides; Oxacyclic compounds; Hydrocarbon derivatives; Ketals; Organopnictogen compounds; Organic oxygen compounds; Organic nitrogen compounds; Chemical entities	573.191	82	1.368	839079755332425568	839079614848402110	839079614848402109	254	
1	C7H9NO3	[M - H2O + H]+	C7H8NO2+	Amino acids and Peptides	0.760	Nicotinic acid alkaloids	0.353	Aminoacids	0.416	Organoheterocyclic compounds	0.891	Heteroaromatic compounds	0.725					Heteroaromatic compounds	0.725	Organic compounds; Organoheterocyclic compounds; Organic acids and derivatives; Carboxylic acids and derivatives; Organonitrogen compounds; Organooxygen compounds; Monocarboxylic acids and derivatives; Carboxylic acids; Carbonyl compounds; Organic oxides; Azacyclic compounds; Heteroaromatic compounds; Hydrocarbon derivatives; Organopnictogen compounds; Organic oxygen compounds; Organic nitrogen compounds; Chemical entities	138.055	82	1.371	839079929010178871	839079614764516022	839079614764516021	252	
1	C47H76N4O5	[M + Na]+	C47H76N4NaO5+	Amino acids and Peptides	0.768	Oligopeptides	0.907	Linear peptides	0.121	Organic acids and derivatives	0.984	Carboxylic acids and derivatives	0.977	Amino acids, peptides, and analogues	0.888	Amino acids and derivatives	0.868	Valine and derivatives	0.551	Organic compounds; Organoheterocyclic compounds; Lipids and lipid-like molecules; Amino acids, peptides, and analogues; Alpha amino acids and derivatives; Alcohols and polyols; Organic acids and derivatives; Carboxylic acids and derivatives; Organonitrogen compounds; Organooxygen compounds; Fatty amides; Amino acids and derivatives; Carboxylic acid amides; Carboxylic acid derivatives; N-acyl amines; Secondary alcohols; Secondary carboxylic acid amides; Carbonyl compounds; Amines; Fatty Acyls; Organic oxides; Azacyclic compounds; Hydrocarbon derivatives; Valine and derivatives; Organopnictogen compounds; Organic oxygen compounds; Organic nitrogen compounds; Chemical entities	799.568	82	1.373	839079820469971832	839079614928093894	839079614928093893	256	
1	C25H32O6	[M + H3N + H]+	C25H36NO6+	Shikimates and Phenylpropanoids	0.579	Lignans	0.309	Dibenzylbutane lignans	0.037	Benzenoids	0.897	Benzene and substituted derivatives	0.631					Benzene and substituted derivatives	0.631	Organic compounds; Organoheterocyclic compounds; Alcohols and polyols; Ethers; Organooxygen compounds; Dialkyl ethers; Benzene and substituted derivatives; Benzenoids; Organic oxides; Oxacyclic compounds; Hydrocarbon derivatives; Organic oxygen compounds; Chemical entities	446.254	83	1.384	839079781085454544	839079614890345154	839079614890345153	255	
1	C44H82NO10P	[M - H2O + H]+	C44H81NO9P+	Fatty acids	1.000	Glycerophospholipids	1.000	Glycerophosphocholines	0.995	Lipids and lipid-like molecules	0.993	Glycerophospholipids	1.000	Glycerophosphocholines	0.999	Phosphatidylcholines	0.997	Phosphatidylcholines	0.997	Organic compounds; Lipids and lipid-like molecules; Glycerophospholipids; Organic acids and derivatives; Carboxylic acids and derivatives; Organonitrogen compounds; Organooxygen compounds; Fatty acid esters; Dicarboxylic acids and derivatives; Organic phosphoric acids and derivatives; Phosphate esters; Quaternary ammonium salts; Cholines; Carboxylic acid derivatives; Carboxylic acid esters; Phosphocholines; Phosphatidylcholines; Carbonyl compounds; Glycerophosphocholines; Amines; Alkyl phosphates; Dialkyl phosphates; Organic cations; Organic salts; Fatty Acyls; Organic oxides; Hydrocarbon derivatives; Tetraalkylammonium salts; Organopnictogen compounds; Organic oxygen compounds; Organic nitrogen compounds; Chemical entities	798.564	83	1.384	839079753222690450	839079614970036938	839079614965842633	257	
1	C41H68BN7O7	[M + H3N + H]+	C41H72BN8O7+	Amino acids and Peptides	0.953	Oligopeptides	0.994	Lipopeptides	0.180	Organic acids and derivatives	0.999	Carboxylic acids and derivatives	0.994	Amino acids, peptides, and analogues	0.982	Peptides	0.780	Peptides	0.780	Organic compounds; Organoheterocyclic compounds; Lipids and lipid-like molecules; Amino acids, peptides, and analogues; Alpha amino acids and derivatives; Pyrrolidines; Organic acids and derivatives; Carboxylic acids and derivatives; Organonitrogen compounds; Organooxygen compounds; Fatty amides; Amino acids and derivatives; Peptides; Organometallic compounds; Carboxylic acid amides; Carboxylic acid derivatives; N-acyl amines; N-acyl-alpha amino acids and derivatives; Organometalloid compounds; Secondary carboxylic acid amides; Tertiary carboxylic acid amides; Carbonyl compounds; Pyrrolidine carboxylic acids and derivatives; Pyrrolidinecarboxamides; Alpha amino acid amides; Organoboron compounds; N-acylpyrrolidines; Organic salts; Fatty Acyls; Organic oxides; Organic metalloid salts; Organic metal salts; Azacyclic compounds; Hydrocarbon derivatives; Proline and derivatives; Organopnictogen compounds; Alkylboranes; Organic oxygen compounds; Organic nitrogen compounds; Chemical entities	798.564	84	1.400	839079832369213252	839079614575772322	839079614571578017	247	
1	C36H70NO10P	[M - H2O + H]+	C36H69NO9P+	Fatty acids	0.998	Glycerophospholipids	0.999	Oxidized glycerophospholipids	0.888	Lipids and lipid-like molecules	0.989	Glycerophospholipids	0.998	Glycerophosphocholines	0.994	Phosphatidylcholines	0.969	Phosphatidylcholines	0.969	Organic compounds; Lipids and lipid-like molecules; Glycerophospholipids; Organic acids and derivatives; Carboxylic acids and derivatives; Organonitrogen compounds; Organooxygen compounds; Fatty acid esters; Dicarboxylic acids and derivatives; Organic phosphoric acids and derivatives; Phosphate esters; Quaternary ammonium salts; Cholines; Carboxylic acid derivatives; Carboxylic acids; Carboxylic acid esters; Phosphocholines; Phosphatidylcholines; Carbonyl compounds; Glycerophosphocholines; Amines; Alkyl phosphates; Dialkyl phosphates; Organic cations; Organic salts; Fatty Acyls; Organic oxides; Hydrocarbon derivatives; Tetraalkylammonium salts; Organopnictogen compounds; Organic oxygen compounds; Organic nitrogen compounds; Chemical entities	690.471	84	1.400	839079784730305077	839079615007785678	839079615007785677	258	
1	C43H60O6	[M + H3N + H]+	C43H64NO6+	Terpenoids	0.996	Carotenoids (C40)	0.990	Carotenoids (C40, β-β)	0.654	Lipids and lipid-like molecules	0.976	Prenol lipids	0.970	Tetraterpenoids	0.865	Carotenoids	0.838	Xanthophylls	0.866	Organic compounds; Lipids and lipid-like molecules; Alcohols and polyols; Ethers; Prenol lipids; Organooxygen compounds; Dialkyl ethers; Carotenoids; Xanthophylls; Tetraterpenoids; Secondary alcohols; Tertiary alcohols; Carbonyl compounds; Fatty Acyls; Organic oxides; Hydrocarbon derivatives; Organic oxygen compounds; Chemical entities	690.471	85	1.409	839079803923441670	839079614806459066	839079614806459065	253	
1	C25H32O6	[M + H3N + H]+	C25H36NO6+	Terpenoids	0.381	Diterpenoids	0.109	Open-chain polyketides	0.115	Lipids and lipid-like molecules	0.851	Prenol lipids	0.637					Prenol lipids	0.637	Organic compounds; Organoheterocyclic compounds; Lipids and lipid-like molecules; Alcohols and polyols; Prenol lipids; Organic acids and derivatives; Carboxylic acids and derivatives; Organooxygen compounds; Carboxylic acid derivatives; Monocarboxylic acids and derivatives; Carboxylic acid esters; Secondary alcohols; Carbonyl compounds; Fatty Acyls; Organic oxides; Oxacyclic compounds; Hydrocarbon derivatives; Organic oxygen compounds; Chemical entities	446.254	87	1.457	839079788165440303	839079615188140770	839079615188140769	263	
1	C22H41NO	[M + H3N + H]+	C22H45N2O+	Fatty acids	1.000	Fatty amides	1.000	Primary amides	0.901	Lipids and lipid-like molecules	0.966	Fatty Acyls	0.970	Fatty amides	0.966	N-acyl amines	0.885	N-acyl amines	0.885	Organic compounds; Lipids and lipid-like molecules; Organic acids and derivatives; Carboxylic acids and derivatives; Organonitrogen compounds; Organooxygen compounds; Fatty amides; Carboxylic acid amides; Carboxylic acid derivatives; N-acyl amines; Secondary carboxylic acid amides; Carbonyl compounds; Fatty Acyls; Organic oxides; Hydrocarbon derivatives; Organopnictogen compounds; Organic oxygen compounds; Organic nitrogen compounds; Chemical entities	353.353	87	1.457	839079929186339654	839079615045534418	839079615045534417	259	
1	C10H19NO4	[M + Na]+	C10H19NNaO4+	Amino acids and Peptides	0.680	Small peptides	0.468	Aminoacids	0.367	Organic acids and derivatives	0.994	Carboxylic acids and derivatives	0.990	Amino acids, peptides, and analogues	0.653	Amino acids and derivatives	0.650	Alpha amino acids and derivatives	0.501	Organic compounds; Lipids and lipid-like molecules; Amino acids, peptides, and analogues; Alpha amino acids and derivatives; Fatty acids and conjugates; Organic acids and derivatives; Carboxylic acids and derivatives; Organonitrogen compounds; Organooxygen compounds; Branched fatty acids; Amino acids and derivatives; Carboxylic acid amides; Carboxylic acid derivatives; Monocarboxylic acids and derivatives; Carboxylic acids; Carbonyl compounds; Fatty Acyls; Organic oxides; Hydrocarbon derivatives; Organopnictogen compounds; Organic oxygen compounds; Organic nitrogen compounds; Chemical entities	240.121	88	1.463	839079762085255708	839079615116837594	839079615116837593	261	
1	C9H14O5	[M + H3N + H]+	C9H18NO5+	Fatty acids	0.708	Fatty Acids and Conjugates	0.510	Dicarboxylic acids	0.532	Lipids and lipid-like molecules	0.618	Fatty Acyls	0.624	Fatty acids and conjugates	0.534	Branched fatty acids	0.601	Branched fatty acids	0.601	Organic compounds; Lipids and lipid-like molecules; Alcohols and polyols; Fatty acids and conjugates; Organic acids and derivatives; Carboxylic acids and derivatives; Organooxygen compounds; Branched fatty acids; Carboxylic acids; Secondary alcohols; Tertiary alcohols; Carbonyl compounds; Fatty Acyls; Organic oxides; Hydrocarbon derivatives; Organic oxygen compounds; Chemical entities	220.118	88	1.471	839079768120859810	839079615083283158	839079615079088853	260	
1	C10H14O3	[M + H3N + H]+	C10H18NO3+	Terpenoids	0.618	Monoterpenoids	0.437	2-pyrone derivatives	0.328	Organoheterocyclic compounds	0.478	Oxacyclic compounds	0.527					Oxacyclic compounds	0.527	Organic compounds; Alcohols and polyols; Organooxygen compounds; Carbonyl compounds; Organic oxides; Oxacyclic compounds; Hydrocarbon derivatives; Organic oxygen compounds; Chemical entities	200.128	89	1.488	839079757022730331	839079615154586334	839079615150392029	262	
1	C20H39NO	[M + H3N + H]+	C20H43N2O+	Fatty acids	1.000	Fatty amides	0.999	Primary amides	0.859	Lipids and lipid-like molecules	0.985	Fatty Acyls	0.984	Fatty amides	0.985	N-acyl amines	0.933	N-acyl amines	0.933	Organic compounds; Lipids and lipid-like molecules; Organic acids and derivatives; Carboxylic acids and derivatives; Organonitrogen compounds; Organooxygen compounds; Fatty amides; Carboxylic acid amides; Carboxylic acid derivatives; N-acyl amines; Secondary carboxylic acid amides; Carbonyl compounds; Fatty Acyls; Organic oxides; Hydrocarbon derivatives; Organopnictogen compounds; Organic oxygen compounds; Organic nitrogen compounds; Chemical entities	327.337	91	1.515	839079973415276710	839079615225889510	839079615225889509	264	
1	C35H45N5O9S	[M + H]+	C35H46N5O9S+	Carbohydrates	0.993	Nucleosides	0.990	Purine nucleosides	0.971	Nucleosides, nucleotides, and analogues	0.973	5'-deoxyribonucleosides	0.967	5'-deoxy-5'-thionucleosides	0.927			5'-deoxy-5'-thionucleosides	0.927	Organic compounds; Organoheterocyclic compounds; Organosulfur compounds; Carbohydrates and carbohydrate conjugates; Lipids and lipid-like molecules; Amino acids, peptides, and analogues; Pyrimidines and pyrimidine derivatives; Imidazoles; Alcohols and polyols; Purines and purine derivatives; Fatty acids and conjugates; Organic acids and derivatives; Carboxylic acids and derivatives; Organonitrogen compounds; Nucleosides, nucleotides, and analogues; Organooxygen compounds; Hydroxy fatty acids; Amino acids and derivatives; Azoles; Monoalkylamines; Monocarboxylic acids and derivatives; Thioethers; Carboxylic acids; Aminopyrimidines and derivatives; Diazines; Thia fatty acids; Pentoses; Monosaccharides; Secondary alcohols; Imidazopyrimidines; Carbonyl compounds; Glycosyl compounds; Glycosylamines; Benzene and substituted derivatives; Polyols; Substituted imidazoles; N-substituted imidazoles; Amines; Primary amines; 1,2-diols; Tetrahydrofurans; 6-aminopurines; Sulfenyl compounds; Dialkylthioethers; Imidolactams; Fatty Acyls; Organic oxides; Azacyclic compounds; Oxacyclic compounds; Heteroaromatic compounds; Hydrocarbon derivatives; Amino acids; 5'-deoxyribonucleosides; 5'-deoxy-5'-thionucleosides; Organopnictogen compounds; Organic oxygen compounds; Organic nitrogen compounds; Chemical entities	712.302	91	1.524	839079787884421872	839079615267832554	839079615267832553	265	
1	C5H3NO2	[M + H3N + H]+	C5H7N2O2+	Alkaloids	0.948	Nicotinic acid alkaloids	0.907	Pyridine alkaloids	0.908	Organoheterocyclic compounds	0.988	Pyridines and derivatives	0.706	Hydropyridines	0.524	Dihydropyridines	0.506	Dihydropyridines	0.506	Organic compounds; Organoheterocyclic compounds; Pyridines and derivatives; Organonitrogen compounds; Organooxygen compounds; Dihydropyridines; Hydropyridines; Organic oxides; Azacyclic compounds; Heteroaromatic compounds; Hydrocarbon derivatives; Organopnictogen compounds; Organic oxygen compounds; Organic nitrogen compounds; Chemical entities	127.050	92	1.531	839079895367665164	839079615301386990	839079615301386989	266	
1	C18H36N4	[M + H3N + H]+	C18H40N5+	Alkaloids	0.945	Pseudoalkaloids (transamidation)	0.309	Tricyclic guanidine alkaloids	0.167	Organoheterocyclic compounds	0.853	Diazines	0.503	Pyrimidines and pyrimidine derivatives	0.608			Pyrimidines and pyrimidine derivatives	0.608	Organic compounds; Organoheterocyclic compounds; Pyrimidines and pyrimidine derivatives; Organonitrogen compounds; Diazines; Dialkylamines; Amines; Secondary amines; Azacyclic compounds; Hydrocarbon derivatives; Organopnictogen compounds; Organic nitrogen compounds; Chemical entities	326.325	92	1.536	839079773573455400	839079615414633210	839079615414633209	269	
1	C11H17N5O4S	[M - H2O + H]+	C11H16N5O3S+	Carbohydrates	1.000	Nucleosides	1.000	Purine nucleosides	0.999	Nucleosides, nucleotides, and analogues	0.977	5'-deoxyribonucleosides	0.995	5'-deoxy-5'-thionucleosides	0.995			5'-deoxy-5'-thionucleosides	0.995	Organic compounds; Organoheterocyclic compounds; Organosulfur compounds; Carbohydrates and carbohydrate conjugates; Pyrimidines and pyrimidine derivatives; Imidazoles; Alcohols and polyols; Purines and purine derivatives; Organonitrogen compounds; Nucleosides, nucleotides, and analogues; Organooxygen compounds; Azoles; Thioethers; Aminopyrimidines and derivatives; Diazines; Pentoses; Monosaccharides; Secondary alcohols; Imidazopyrimidines; Glycosyl compounds; Glycosylamines; Polyols; Substituted imidazoles; N-substituted imidazoles; Amines; Primary amines; 1,2-diols; Tetrahydrofurans; 6-aminopurines; Sulfenyl compounds; Dialkylthioethers; Imidolactams; Azacyclic compounds; Oxacyclic compounds; Heteroaromatic compounds; Hydrocarbon derivatives; 5'-deoxyribonucleosides; 5'-deoxy-5'-thionucleosides; Organopnictogen compounds; Organic oxygen compounds; Organic nitrogen compounds; Chemical entities	298.097	93	1.543	839079810860820925	839079615343330034	839079615339135729	267	
1	C20H37NO	[M + H3N + H]+	C20H41N2O+	Fatty acids	1.000	Fatty amides	0.996	Primary amides	0.845	Lipids and lipid-like molecules	0.809	Fatty Acyls	0.834	Fatty amides	0.802	N-acyl amines	0.569	N-acyl amines	0.569	Organic compounds; Lipids and lipid-like molecules; Organic acids and derivatives; Carboxylic acids and derivatives; Organonitrogen compounds; Organooxygen compounds; Fatty amides; Carboxylic acid amides; Carboxylic acid derivatives; N-acyl amines; Secondary carboxylic acid amides; Carbonyl compounds; Fatty Acyls; Organic oxides; Hydrocarbon derivatives; Organopnictogen compounds; Organic oxygen compounds; Organic nitrogen compounds; Chemical entities	325.321	93	1.546	839079764257905413	839079615381078774	839079615381078773	268	
1	C37H68NO10P	[M + H]+	C37H69NO10P+	Fatty acids	1.000	Glycerophospholipids	1.000	Oxidized glycerophospholipids	0.898	Lipids and lipid-like molecules	0.988	Glycerophospholipids	0.999	Glycerophosphocholines	0.994	Phosphatidylcholines	0.973	Phosphatidylcholines	0.973	Organic compounds; Lipids and lipid-like molecules; Glycerophospholipids; Organic acids and derivatives; Carboxylic acids and derivatives; Organonitrogen compounds; Organooxygen compounds; Fatty acid esters; Dicarboxylic acids and derivatives; Organic phosphoric acids and derivatives; Phosphate esters; Quaternary ammonium salts; Cholines; Carboxylic acid derivatives; Carboxylic acids; Carboxylic acid esters; Phosphocholines; Phosphatidylcholines; Carbonyl compounds; Glycerophosphocholines; Amines; Alkyl phosphates; Dialkyl phosphates; Organic cations; Organic salts; Fatty Acyls; Organic oxides; Hydrocarbon derivatives; Tetraalkylammonium salts; Organopnictogen compounds; Organic oxygen compounds; Organic nitrogen compounds; Chemical entities	718.467	96	1.595	839079765377784704	839079615456576254	839079615456576253	270	
1	C18H35NO	[M + H3N + H]+	C18H39N2O+	Fatty acids	0.973	Fatty amides	0.877	Primary amides	0.828	Organic oxygen compounds	0.998	Organooxygen compounds	0.972	Carbonyl compounds	0.504			Carbonyl compounds	0.504	Organic compounds; Organonitrogen compounds; Organooxygen compounds; Carbonyl compounds; Organic oxides; Hydrocarbon derivatives; Organopnictogen compounds; Organic oxygen compounds; Organic nitrogen compounds; Chemical entities	299.305	96	1.605	839079759614810454	839079615490130690	839079615490130689	271	
1	C39H60N2O9	[M + H3N + H]+	C39H64N3O9+	Amino acids and Peptides	0.594	Oligopeptides	0.818	Lipopeptides	0.298	Organic acids and derivatives	0.995	Carboxylic acids and derivatives	0.981	Amino acids, peptides, and analogues	0.898	Amino acids and derivatives	0.890	Alpha amino acid esters	0.737	Organic compounds; Organoheterocyclic compounds; Amino acids, peptides, and analogues; Lactones; Alpha amino acids and derivatives; Macrolactams; Alcohols and polyols; Macrolides and analogues; Lactams; Organic acids and derivatives; Carboxylic acids and derivatives; Organonitrogen compounds; Organooxygen compounds; Amino acids and derivatives; Alpha amino acid esters; Carboxylic acid amides; Carboxylic acid derivatives; Carboxylic acid esters; Carbonyl compounds; Macrolide lactams; Organic oxides; Azacyclic compounds; Oxacyclic compounds; Hydrocarbon derivatives; Organopnictogen compounds; Organic oxygen compounds; Organic nitrogen compounds; Chemical entities	718.467	96	1.605	839079912870496533	839079615829869346	839079615829869345	279	
1	C30H60O2	[M + H3N + H]+	C30H64NO2+	Terpenoids	0.933	Steroids	0.595	Cholestane steroids	0.354	Lipids and lipid-like molecules	0.979	Steroids and steroid derivatives	0.771	Hydroxysteroids	0.590			Hydroxysteroids	0.590	Organic compounds; Lipids and lipid-like molecules; Alcohols and polyols; Steroids and steroid derivatives; Prenol lipids; Organooxygen compounds; Cyclic alcohols and derivatives; Hydroxysteroids; Secondary alcohols; Hydrocarbon derivatives; Organic oxygen compounds; Chemical entities	470.493	96	1.607	839079768762588424	839079615527879430	839079615527879429	272	
1	C23H41NO3	[M + H3N + H]+	C23H45N2O3+	Fatty acids	1.000	Fatty amides	0.992	N-acyl amines	0.632	Organic acids and derivatives	0.998	Carboxylic acids and derivatives	0.994	Amino acids, peptides, and analogues	0.516	Amino acids and derivatives	0.514	N-acyl-alpha amino acids and derivatives	0.545	Organic compounds; Lipids and lipid-like molecules; Amino acids, peptides, and analogues; Alcohols and polyols; Fatty acids and conjugates; Organic acids and derivatives; Carboxylic acids and derivatives; Organonitrogen compounds; Organooxygen compounds; Fatty amides; Amino acids and derivatives; Carboxylic acid amides; Carboxylic acid derivatives; N-acyl amines; Monocarboxylic acids and derivatives; N-acyl-alpha amino acids and derivatives; Carboxylic acids; Secondary carboxylic acid amides; Carbonyl compounds; Fatty Acyls; Organic oxides; Hydrocarbon derivatives; Organopnictogen compounds; Organic oxygen compounds; Organic nitrogen compounds; Chemical entities	397.343	96	1.607	839079961792860022	839079615565628170	839079615565628169	273	
1	C47H72N6O3	[M + H3N + H]+	C47H76N7O3+	Alkaloids	0.745	Pseudoalkaloids (transamidation)	0.311	Pyrrole alkaloids	0.047	Benzenoids	0.897	Phenol ethers	0.670					Phenol ethers	0.670	Organic compounds; Organoheterocyclic compounds; Alkyl aryl ethers; Ethers; Organonitrogen compounds; Organooxygen compounds; Aminotriazines; Trialkylamines; Benzene and substituted derivatives; Phenol ethers; Benzenoids; Amines; Tertiary amines; Tertiary alkylarylamines; Dialkylarylamines; Organic oxides; 1,3,5-triazines; Azacyclic compounds; Heteroaromatic compounds; Hydrocarbon derivatives; Organopnictogen compounds; Organic oxygen compounds; Organic nitrogen compounds; Chemical entities	786.601	97	1.611	839079979794813337	839079615603376910	839079615603376909	274	
1	C9H14O2	[M + H3N + H]+	C9H18NO2+	Fatty acids	0.826	Fatty acyls	0.374	Fatty aldehydes	0.209	Organic oxygen compounds	0.999	Organooxygen compounds	0.998	Carbonyl compounds	0.934	Ketones	0.734	Ketones	0.734	Organic compounds; Ketones; Organooxygen compounds; Carbonyl compounds; Organic oxides; Hydrocarbon derivatives; Organic oxygen compounds; Chemical entities	172.133	97	1.624	839079772554239460	839079615641125650	839079615641125649	275	
1	C46H83NO9	[M + K]+	C46H83KNO9+	Fatty acids	0.999	Glycerophospholipids	0.881	Glycerophosphocholines	0.552	Lipids and lipid-like molecules	0.942	Glycerophospholipids	0.600	Glycerophosphocholines	0.876	Phosphatidylcholines	0.541	Phosphatidylcholines	0.541	Organic compounds; Lipids and lipid-like molecules; Alcohols and polyols; Glycerophospholipids; Organic acids and derivatives; Carboxylic acids and derivatives; Organonitrogen compounds; Organooxygen compounds; Fatty acid esters; Dicarboxylic acids and derivatives; Organic phosphoric acids and derivatives; Phosphate esters; Quaternary ammonium salts; Cholines; Carboxylic acid derivatives; Carboxylic acid esters; Phosphocholines; Phosphatidylcholines; Secondary alcohols; Carbonyl compounds; Glycerophosphocholines; Amines; Alkyl phosphates; Dialkyl phosphates; Organic cations; Organic salts; Fatty Acyls; Organic oxides; Hydrocarbon derivatives; Tetraalkylammonium salts; Organopnictogen compounds; Organic oxygen compounds; Organic nitrogen compounds; Chemical entities	832.569	98	1.630	839079791235671073	839079615678874390	839079615678874389	276	
1	C42H80NO8P	[M + H]+	C42H81NO8P+	Fatty acids	0.998	Glycerophospholipids	0.999	Glycerophosphoethanolamines	0.998	Lipids and lipid-like molecules	0.981	Glycerophospholipids	0.998	Glycerophosphoethanolamines	0.992	Phosphatidylethanolamines	0.970	Phosphatidylethanolamines	0.970	Organic compounds; Lipids and lipid-like molecules; Amino acids, peptides, and analogues; Glycerophospholipids; Organic acids and derivatives; Carboxylic acids and derivatives; Organonitrogen compounds; Organooxygen compounds; Fatty acid esters; Dicarboxylic acids and derivatives; Amino acids and derivatives; Organic phosphoric acids and derivatives; Phosphate esters; Monoalkylamines; Carboxylic acid derivatives; Carboxylic acid esters; Phosphoethanolamines; Phosphatidylethanolamines; Carbonyl compounds; Glycerophosphoethanolamines; Amines; Primary amines; Alkyl phosphates; Dialkyl phosphates; Fatty Acyls; Organic oxides; Hydrocarbon derivatives; Organopnictogen compounds; Organic oxygen compounds; Organic nitrogen compounds; Chemical entities	758.569	98	1.634	839079896823088761	839079615779537694	839079615779537693	278	
1	C21H39NO3	[M + H3N + H]+	C21H43N2O3+	Fatty acids	1.000	Fatty amides	0.999	N-acyl amines	0.950	Organic acids and derivatives	1.000	Carboxylic acids and derivatives	0.998	Amino acids, peptides, and analogues	0.506	Amino acids and derivatives	0.506	N-acyl-alpha amino acids and derivatives	0.605	Organic compounds; Lipids and lipid-like molecules; Amino acids, peptides, and analogues; Fatty acids and conjugates; Organic acids and derivatives; Carboxylic acids and derivatives; Organonitrogen compounds; Organooxygen compounds; Fatty amides; Amino acids and derivatives; Carboxylic acid amides; Carboxylic acid derivatives; N-acyl amines; Monocarboxylic acids and derivatives; N-acyl-alpha amino acids and derivatives; Carboxylic acids; Secondary carboxylic acid amides; Carbonyl compounds; Fatty Acyls; Organic oxides; Hydrocarbon derivatives; Organopnictogen compounds; Organic oxygen compounds; Organic nitrogen compounds; Chemical entities	371.327	98	1.638	839079964158447540	839079615716623130	839079615716623129	277	
1	C28H56O2	[M + H3N + H]+	C28H60NO2+	Terpenoids	0.979	Steroids	0.981	Cholestane steroids	0.852	Lipids and lipid-like molecules	0.993	Steroids and steroid derivatives	0.973	Cholestane steroids	0.668	Cholesterols and derivatives	0.647	Cholesterols and derivatives	0.647	Organic compounds; Lipids and lipid-like molecules; Alcohols and polyols; Steroids and steroid derivatives; Organooxygen compounds; Cyclic alcohols and derivatives; Hydroxysteroids; Cholesterols and derivatives; Secondary alcohols; 3-hydroxy delta-5-steroids; 3-hydroxysteroids; Cholestane steroids; Hydrocarbon derivatives; Organic oxygen compounds; Chemical entities	442.462	99	1.649	839079870860344547	839079615867618086	839079615867618085	280	
1	C82H147N6O14P	[M + H3N + H]+	C82H151N7O14P+	Amino acids and Peptides	0.880	Oligopeptides	0.999	Lipopeptides	0.625	Organic acids and derivatives	0.997	Carboxylic acids and derivatives	0.992	Amino acids, peptides, and analogues	0.964	Amino acids and derivatives	0.954	Alpha amino acids and derivatives	0.943	Organic compounds; Organoheterocyclic compounds; Lipids and lipid-like molecules; Amino acids, peptides, and analogues; Alpha amino acids and derivatives; Macrolactams; Lactams; Phenylpropanoids and polyketides; Organic acids and derivatives; Carboxylic acids and derivatives; Organonitrogen compounds; Organooxygen compounds; Amino acids and derivatives; Carboxylic acid amides; Carboxylic acid derivatives; Carboxylic acid esters; Secondary carboxylic acid amides; Tertiary carboxylic acid amides; Carbonyl compounds; Fatty Acyls; Organic oxides; Azacyclic compounds; Hydrocarbon derivatives; Organopnictogen compounds; Organic oxygen compounds; Organic nitrogen compounds; Chemical entities	1489.105	100	1.662	839079944009010474	839079615947309870	839079615947309869	282	
1	C98H150O12	[M - H2O + H]+	C98H149O11+	Terpenoids	0.681	Glycerolipids	0.270	Triacylglycerols	0.139	Lipids and lipid-like molecules	0.996	Fatty Acyls	0.978	Fatty acyl glycosides	0.954	Alkyl glycosides	0.930	Alkyl glycosides	0.930	Organic compounds; Organoheterocyclic compounds; Carbohydrates and carbohydrate conjugates; Lipids and lipid-like molecules; Alcohols and polyols; Prenol lipids; Organic acids and derivatives; Primary alcohols; Organooxygen compounds; Fatty acid esters; Fatty alcohols; Monosaccharides; Acetals; Secondary alcohols; Fatty acyl glycosides; Polyterpenoids; Carbonyl compounds; Oxanes; Glycosyl compounds; Alkyl glycosides; O-glycosyl compounds; Polyols; Fatty acyl glycosides of mono- and disaccharides; Fatty Acyls; Organic oxides; Oxacyclic compounds; Hydrocarbon derivatives; Organic oxygen compounds; Chemical entities	1502.115	100	1.663	839079764627004202	839079615985058610	839079615985058609	283	
1	C41H78NO8P	[M + H]+	C41H79NO8P+	Fatty acids	0.999	Glycerophospholipids	1.000	Glycerophosphoethanolamines	0.989	Lipids and lipid-like molecules	0.978	Glycerophospholipids	0.999	Glycerophosphoethanolamines	0.980	Phosphatidylethanolamines	0.919	Phosphatidylethanolamines	0.919	Organic compounds; Lipids and lipid-like molecules; Amino acids, peptides, and analogues; Glycerophospholipids; Organic acids and derivatives; Carboxylic acids and derivatives; Organonitrogen compounds; Organooxygen compounds; Fatty acid esters; Dicarboxylic acids and derivatives; Amino acids and derivatives; Organic phosphoric acids and derivatives; Phosphate esters; Monoalkylamines; Carboxylic acid derivatives; Carboxylic acid esters; Phosphoethanolamines; Phosphatidylethanolamines; Carbonyl compounds; Glycerophosphoethanolamines; Amines; Primary amines; Alkyl phosphates; Dialkyl phosphates; Fatty Acyls; Organic oxides; Hydrocarbon derivatives; Organopnictogen compounds; Organic oxygen compounds; Organic nitrogen compounds; Chemical entities	744.554	100	1.664	839079769404316962	839079615909561130	839079615909561129	281	
1	C84H150N4O17	[M + H]+	C84H151N4O17+	Fatty acids	0.902	Spingolipids	0.784	Lipopeptides	0.481	Lipids and lipid-like molecules	0.892	Sphingolipids	0.438	Glycosphingolipids	0.533	Neutral glycosphingolipids	0.605	Glycosyl-N-acylsphingosines	0.605	Organic compounds; Organoheterocyclic compounds; Carbohydrates and carbohydrate conjugates; Lipids and lipid-like molecules; Lactones; Alcohols and polyols; Ethers; Phenylpropanoids and polyketides; Organic acids and derivatives; Carboxylic acids and derivatives; Organonitrogen compounds; Primary alcohols; Organooxygen compounds; Fatty amides; Carboxylic acid amides; Carboxylic acid derivatives; N-acyl amines; Carboxylic acid esters; Neutral glycosphingolipids; Simple glycosylceramides; Monosaccharides; Acetals; Secondary alcohols; Secondary carboxylic acid amides; Carbonyl compounds; Oxanes; Glycosyl compounds; O-glycosyl compounds; Polyols; Glycosphingolipids; Fatty Acyls; Organic oxides; Oxacyclic compounds; Hydrocarbon derivatives; Glycosyl-N-acylsphingosines; Organopnictogen compounds; Organic oxygen compounds; Organic nitrogen compounds; Chemical entities	1488.101	100	1.668	839079781760737563	839079616022807350	839079616022807349	284	
1	C39H80NO8P	[M + Na]+	C39H80NNaO8P+	Fatty acids	0.999	Glycerophospholipids	0.999	Glycerophosphoethanolamines	0.961	Lipids and lipid-like molecules	0.977	Glycerophospholipids	0.998	Glycerophosphoethanolamines	0.932	Phosphatidylethanolamines	0.876	Phosphatidylethanolamines	0.876	Organic compounds; Lipids and lipid-like molecules; Amino acids, peptides, and analogues; Glycerophospholipids; Organic acids and derivatives; Carboxylic acids and derivatives; Organonitrogen compounds; Organooxygen compounds; Fatty acid esters; Dicarboxylic acids and derivatives; Amino acids and derivatives; Organic phosphoric acids and derivatives; Phosphate esters; Monoalkylamines; Carboxylic acid derivatives; Carboxylic acid esters; Phosphoethanolamines; Phosphatidylethanolamines; Carbonyl compounds; Glycerophosphoethanolamines; Amines; Primary amines; Alkyl phosphates; Dialkyl phosphates; Fatty Acyls; Organic oxides; Hydrocarbon derivatives; Organopnictogen compounds; Organic oxygen compounds; Organic nitrogen compounds; Chemical entities	744.555	100	1.672	839079780489863341	839079616391906138	839079616391906137	293	
1	C84H144N6O14	[M + H]+	C84H145N6O14+	Fatty acids	0.557	Oligopeptides	0.988	Lipopeptides	0.877	Organic acids and derivatives	0.999	Peptidomimetics	0.463	Depsipeptides	0.577	Cyclic depsipeptides	0.770	Cyclic depsipeptides	0.770	Organic compounds; Organoheterocyclic compounds; Lipids and lipid-like molecules; Amino acids, peptides, and analogues; Lactones; Alpha amino acids and derivatives; Macrolactams; Alcohols and polyols; Lactams; Phenylpropanoids and polyketides; Organic acids and derivatives; Carboxylic acids and derivatives; Organonitrogen compounds; Primary alcohols; Organooxygen compounds; Fatty amides; Amino acids and derivatives; Carboxylic acid amides; Carboxylic acid derivatives; N-acyl amines; Carboxylic acid esters; Secondary alcohols; Secondary carboxylic acid amides; Carbonyl compounds; Macrolide lactams; Depsipeptides; Cyclic depsipeptides; Fatty Acyls; Organic oxides; Azacyclic compounds; Oxacyclic compounds; Hydrocarbon derivatives; Organopnictogen compounds; Organic oxygen compounds; Organic nitrogen compounds; Chemical entities	1462.084	101	1.688	839079780162707586	839079616144442178	839079616144442177	287	
1	C78H148N2O16P2	[M + H]+	C78H149N2O16P2+	Fatty acids	0.999	Glycerophospholipids	0.999	Glycerophosphoserines	0.967	Lipids and lipid-like molecules	0.985	Glycerophospholipids	0.998	Glycerophosphoserines	0.920	Phosphatidylserines	0.974	Phosphatidylserines	0.974	Organic compounds; Lipids and lipid-like molecules; Amino acids, peptides, and analogues; Alpha amino acids and derivatives; Glycerophospholipids; Organic acids and derivatives; Carboxylic acids and derivatives; Organonitrogen compounds; Organooxygen compounds; Fatty acid esters; Amino acids and derivatives; Organic phosphoric acids and derivatives; Phosphate esters; Monoalkylamines; Carboxylic acid derivatives; Carboxylic acids; Carboxylic acid esters; Phosphoethanolamines; Phosphatidylserines; Carbonyl compounds; Tricarboxylic acids and derivatives; Glycerophosphoserines; Alpha amino acids; Amines; Primary amines; Alkyl phosphates; Dialkyl phosphates; Fatty Acyls; Organic oxides; L-alpha-amino acids; Hydrocarbon derivatives; Amino acids; Organopnictogen compounds; Organic oxygen compounds; Organic nitrogen compounds; Chemical entities	1432.038	102	1.693	839079766732545045	839079616106693438	839079616106693437	286	
1	C84H146O16	[M + Na]+	C84H146NaO16+	Terpenoids	0.737	Glycerolipids	0.649	Triacylglycerols	0.883	Lipids and lipid-like molecules	0.985	Glycerolipids	0.643	Triradylcglycerols	0.892	Triacylglycerols	0.848	Triacylglycerols	0.848	Organic compounds; Lipids and lipid-like molecules; Glycerolipids; Prenol lipids; Organic acids and derivatives; Organooxygen compounds; Triacylglycerols; Fatty alcohols; Fatty acyl glycosides; Polyterpenoids; Tricarboxylic acids and derivatives; Alkyl glycosides; Triradylcglycerols; Fatty acyl glycosides of mono- and disaccharides; Fatty Acyls; Organic oxides; Hydrocarbon derivatives; Organic oxygen compounds; Chemical entities	1434.053	102	1.695	839079987415863925	839079616509346662	839079616509346661	296	
1	C40H63N9O2	[M + H3N + H]+	C40H67N10O2+	Alkaloids	0.935	Pseudoalkaloids (transamidation)	0.067	Purine alkaloids	0.059	Organoheterocyclic compounds	0.999	Diazanaphthalenes	0.548	Benzodiazines	0.467	Quinazolines	0.556	Quinazolinamines	0.638	Organic compounds; Organoheterocyclic compounds; Pyrimidines and pyrimidine derivatives; Alkyl aryl ethers; Anisoles; Piperidines; Ethers; Organonitrogen compounds; Organooxygen compounds; Quinazolines; Aminopyrimidines and derivatives; Diazines; Trialkylamines; Quinazolinamines; Phenol ethers; Benzenoids; Amines; Tertiary amines; Tertiary alkylarylamines; N-alkylpiperazines; Imidolactams; Dialkylarylamines; Azacyclic compounds; Heteroaromatic compounds; Hydrocarbon derivatives; Organopnictogen compounds; Organic oxygen compounds; Organic nitrogen compounds; Diazanaphthalenes; Chemical entities	719.541	102	1.696	839079975797641505	839079616354157398	839079616354157397	292	
1	C40H76NO8P	[M + H]+	C40H77NO8P+	Fatty acids	0.998	Glycerophospholipids	0.999	Glycerophosphoethanolamines	0.993	Lipids and lipid-like molecules	0.977	Glycerophospholipids	0.998	Glycerophosphoethanolamines	0.983	Phosphatidylethanolamines	0.933	Phosphatidylethanolamines	0.933	Organic compounds; Lipids and lipid-like molecules; Amino acids, peptides, and analogues; Glycerophospholipids; Organic acids and derivatives; Carboxylic acids and derivatives; Organonitrogen compounds; Organooxygen compounds; Fatty acid esters; Dicarboxylic acids and derivatives; Amino acids and derivatives; Organic phosphoric acids and derivatives; Phosphate esters; Monoalkylamines; Carboxylic acid derivatives; Carboxylic acid esters; Phosphoethanolamines; Phosphatidylethanolamines; Carbonyl compounds; Glycerophosphoethanolamines; Amines; Primary amines; Alkyl phosphates; Dialkyl phosphates; Fatty Acyls; Organic oxides; Hydrocarbon derivatives; Organopnictogen compounds; Organic oxygen compounds; Organic nitrogen compounds; Chemical entities	730.539	102	1.698	839079764492786469	839079616186385222	839079616186385221	288	
1	C37H73BNO9P	[M + H]+	C37H74BNO9P+	Fatty acids	0.982	Glycerophospholipids	0.978	Glycerophosphoethanolamines	0.212	Organic acids and derivatives	0.998	Carboxylic acids and derivatives	0.993	Amino acids, peptides, and analogues	0.859	Amino acids and derivatives	0.856	Amino acids and derivatives	0.856	Organic compounds; Lipids and lipid-like molecules; Amino acids, peptides, and analogues; Glycerophospholipids; Organic acids and derivatives; Carboxylic acids and derivatives; Organonitrogen compounds; Organooxygen compounds; Fatty acid esters; Amino acids and derivatives; Organic phosphoric acids and derivatives; Phosphate esters; Organometallic compounds; Monoalkylamines; Carboxylic acid derivatives; Carboxylic acid esters; Phosphoethanolamines; Organometalloid compounds; Carbonyl compounds; Amines; Primary amines; Alkyl phosphates; Dialkyl phosphates; Organic salts; Fatty Acyls; Organic oxides; Organic metalloid salts; Organic metal salts; Hydrocarbon derivatives; Organopnictogen compounds; Organic oxygen compounds; Organic nitrogen compounds; Chemical entities	717.526	102	1.702	839079784336040457	839079616266077006	839079616266077005	290	
1	C10H13N5O4	[M - H2O + H]+	C10H12N5O3+	Carbohydrates	1.000	Nucleosides	1.000	Purine nucleosides	0.999	Nucleosides, nucleotides, and analogues	0.989	Purine nucleosides	0.975					Purine nucleosides	0.975	Organic compounds; Organoheterocyclic compounds; Carbohydrates and carbohydrate conjugates; Pyrimidines and pyrimidine derivatives; Imidazoles; Alcohols and polyols; Purines and purine derivatives; Organonitrogen compounds; Primary alcohols; Nucleosides, nucleotides, and analogues; Organooxygen compounds; Azoles; Purine nucleosides; Aminopyrimidines and derivatives; Diazines; Pentoses; Monosaccharides; Secondary alcohols; Imidazopyrimidines; Glycosyl compounds; Glycosylamines; Substituted imidazoles; N-substituted imidazoles; Amines; Primary amines; Tetrahydrofurans; 6-aminopurines; Imidolactams; Azacyclic compounds; Oxacyclic compounds; Heteroaromatic compounds; Hydrocarbon derivatives; Organopnictogen compounds; Organic oxygen compounds; Organic nitrogen compounds; Chemical entities	250.093	102	1.707	839079802421880705	839079616232522570	839079616228328265	289	
1	C39H76NO8P	[M + H]+	C39H77NO8P+	Fatty acids	0.998	Glycerophospholipids	0.999	Glycerophosphoethanolamines	0.997	Lipids and lipid-like molecules	0.978	Glycerophospholipids	0.998	Glycerophosphoethanolamines	0.991	Phosphatidylethanolamines	0.948	Phosphatidylethanolamines	0.948	Organic compounds; Lipids and lipid-like molecules; Amino acids, peptides, and analogues; Glycerophospholipids; Organic acids and derivatives; Carboxylic acids and derivatives; Organonitrogen compounds; Organooxygen compounds; Fatty acid esters; Dicarboxylic acids and derivatives; Amino acids and derivatives; Organic phosphoric acids and derivatives; Phosphate esters; Monoalkylamines; Carboxylic acid derivatives; Carboxylic acid esters; Phosphoethanolamines; Phosphatidylethanolamines; Carbonyl compounds; Glycerophosphoethanolamines; Amines; Primary amines; Alkyl phosphates; Dialkyl phosphates; Fatty Acyls; Organic oxides; Hydrocarbon derivatives; Organopnictogen compounds; Organic oxygen compounds; Organic nitrogen compounds; Chemical entities	718.537	103	1.709	839079781387444481	839079616308020050	839079616308020049	291	
1	C84H146O16	[M + Na]+	C84H146NaO16+	Terpenoids	0.798	Glycerolipids	0.562	Triacylglycerols	0.885	Lipids and lipid-like molecules	0.984	Glycerolipids	0.593	Triradylcglycerols	0.888	Triacylglycerols	0.845	Triacylglycerols	0.845	Organic compounds; Lipids and lipid-like molecules; Glycerolipids; Prenol lipids; Organic acids and derivatives; Organooxygen compounds; Triacylglycerols; Fatty alcohols; Polyterpenoids; Tricarboxylic acids and derivatives; Alkyl glycosides; Triradylcglycerols; Fatty Acyls; Organic oxides; Hydrocarbon derivatives; Organic oxygen compounds; Chemical entities	1434.053	103	1.709	839080011826713731	839079616060556090	839079616060556089	285	
1	C39H74NO8P	[M + H]+	C39H75NO8P+	Fatty acids	0.999	Glycerophospholipids	1.000	Glycerophosphoethanolamines	0.988	Lipids and lipid-like molecules	0.979	Glycerophospholipids	0.999	Glycerophosphoethanolamines	0.977	Phosphatidylethanolamines	0.916	Phosphatidylethanolamines	0.916	Organic compounds; Lipids and lipid-like molecules; Amino acids, peptides, and analogues; Glycerophospholipids; Organic acids and derivatives; Carboxylic acids and derivatives; Organonitrogen compounds; Organooxygen compounds; Fatty acid esters; Dicarboxylic acids and derivatives; Amino acids and derivatives; Organic phosphoric acids and derivatives; Phosphate esters; Monoalkylamines; Carboxylic acid derivatives; Carboxylic acid esters; Phosphoethanolamines; Phosphatidylethanolamines; Carbonyl compounds; Glycerophosphoethanolamines; Amines; Primary amines; Alkyl phosphates; Dialkyl phosphates; Fatty Acyls; Organic oxides; Hydrocarbon derivatives; Organopnictogen compounds; Organic oxygen compounds; Organic nitrogen compounds; Chemical entities	716.523	103	1.716	839079935930780771	839079616433849182	839079616433849181	294	
1	C76H146N2O16P2	[M + H]+	C76H147N2O16P2+	Fatty acids	0.998	Glycerophospholipids	0.998	Glycerophosphoserines	0.641	Lipids and lipid-like molecules	0.979	Glycerophospholipids	0.998	Glycerophosphoserines	0.405	Phosphatidylserines	0.747	Phosphatidylserines	0.747	Organic compounds; Lipids and lipid-like molecules; Amino acids, peptides, and analogues; Glycerophospholipids; Organic acids and derivatives; Carboxylic acids and derivatives; Organonitrogen compounds; Organooxygen compounds; Fatty acid esters; Amino acids and derivatives; Organic phosphoric acids and derivatives; Phosphate esters; Monoalkylamines; Carboxylic acid derivatives; Carboxylic acid esters; Phosphoethanolamines; Phosphatidylserines; Carbonyl compounds; Glycerophosphoethanolamines; Alpha amino acids; Amines; Primary amines; Alkyl phosphates; Dialkyl phosphates; Fatty Acyls; Organic oxides; Hydrocarbon derivatives; Organopnictogen compounds; Organic oxygen compounds; Organic nitrogen compounds; Chemical entities	1406.023	103	1.719	839079803822778345	839079616471597922	839079616471597921	295	
1	C40H74O8	[M + Na]+	C40H74NaO8+	Fatty acids	0.999	Glycerolipids	1.000	Diacylglycerols	0.741	Lipids and lipid-like molecules	0.970	Glycerolipids	0.993	Triradylcglycerols	0.641	Triacylglycerols	0.698	Triacylglycerols	0.698	Organic compounds; Lipids and lipid-like molecules; Alcohols and polyols; Glycerolipids; Organic acids and derivatives; Carboxylic acids and derivatives; Organooxygen compounds; Fatty acid esters; Carboxylic acid derivatives; Triacylglycerols; Carboxylic acid esters; Carbonyl compounds; Tricarboxylic acids and derivatives; Triradylcglycerols; Fatty Acyls; Organic oxides; Hydrocarbon derivatives; Organic oxygen compounds; Chemical entities	705.526	104	1.736	839079784814191173	839079616626787186	839079616626787185	299	
1	C45H76O10	[M - H2O + H]+	C45H75O9+	Fatty acids	0.939	Glycerolipids	0.826	Acetogenins	0.158	Lipids and lipid-like molecules	0.944	Fatty Acyls	0.956	Fatty alcohols	0.882	Long-chain fatty alcohols	0.540	Long-chain fatty alcohols	0.540	Organic compounds; Lipids and lipid-like molecules; Alcohols and polyols; Glycerolipids; Organic acids and derivatives; Carboxylic acids and derivatives; Organooxygen compounds; Fatty acid esters; Carboxylic acid derivatives; Carboxylic acid esters; Fatty alcohols; Secondary alcohols; Carbonyl compounds; Long-chain fatty alcohols; Fatty Acyls; Organic oxides; Hydrocarbon derivatives; Organic oxygen compounds; Chemical entities	759.536	104	1.738	839079794083603732	839079616966525842	839079616962331537	307	
1	C35H66O5	[M - H2O + H]+	C35H65O4+	Fatty acids	1.000	Glycerolipids	1.000	Diacylglycerols	0.999	Lipids and lipid-like molecules	0.991	Glycerolipids	0.994	Diradylglycerols	0.990	Diacylglycerols	0.995	1,2-diacylglycerols	0.980	Organic compounds; Lipids and lipid-like molecules; Alcohols and polyols; Glycerolipids; Organic acids and derivatives; Carboxylic acids and derivatives; Primary alcohols; Organooxygen compounds; Fatty acid esters; Dicarboxylic acids and derivatives; Carboxylic acid derivatives; Diacylglycerols; Carboxylic acid esters; 1,2-diacylglycerols; Carbonyl compounds; Diradylglycerols; Fatty Acyls; Organic oxides; Hydrocarbon derivatives; Organic oxygen compounds; Chemical entities	549.488	104	1.738	839079774848524015	839079616672924534	839079616672924533	300	
1	C37H72NO8P	[M + H]+	C37H73NO8P+	Fatty acids	1.000	Glycerophospholipids	1.000	Glycerophosphoethanolamines	0.995	Lipids and lipid-like molecules	0.992	Glycerophospholipids	1.000	Glycerophosphoethanolamines	0.988	Phosphatidylethanolamines	0.979	Phosphatidylethanolamines	0.979	Organic compounds; Lipids and lipid-like molecules; Amino acids, peptides, and analogues; Glycerophospholipids; Organic acids and derivatives; Carboxylic acids and derivatives; Organonitrogen compounds; Organooxygen compounds; Fatty acid esters; Dicarboxylic acids and derivatives; Amino acids and derivatives; Organic phosphoric acids and derivatives; Phosphate esters; Monoalkylamines; Carboxylic acid derivatives; Carboxylic acid esters; Phosphoethanolamines; Phosphatidylethanolamines; Carbonyl compounds; Glycerophosphoethanolamines; Amines; Primary amines; Alkyl phosphates; Dialkyl phosphates; Fatty Acyls; Organic oxides; Hydrocarbon derivatives; Organopnictogen compounds; Organic oxygen compounds; Organic nitrogen compounds; Chemical entities	690.508	104	1.738	839079787263664828	839079617385956286	839079617385956285	318	
1	C41H80NO10P	[M - H2O + H]+	C41H79NO9P+	Fatty acids	0.983	Glycerophospholipids	0.993	Glycerophosphoserines	0.310	Lipids and lipid-like molecules	0.957	Glycerophospholipids	0.987	Glycerophosphocholines	0.715	Phosphatidylcholines	0.558	Phosphatidylcholines	0.558	Organic compounds; Lipids and lipid-like molecules; Amino acids, peptides, and analogues; Alpha amino acids and derivatives; Glycerophospholipids; Organic acids and derivatives; Carboxylic acids and derivatives; Organonitrogen compounds; Organooxygen compounds; Fatty acid esters; Dicarboxylic acids and derivatives; Amino acids and derivatives; Organic phosphoric acids and derivatives; Phosphate esters; Monoalkylamines; Quaternary ammonium salts; Cholines; Carboxylic acid derivatives; Carboxylic acids; Carboxylic acid esters; Phosphocholines; Phosphatidylcholines; Carbonyl compounds; Glycerophosphocholines; Alpha amino acids; Amines; Primary amines; Alkyl phosphates; Dialkyl phosphates; Fatty Acyls; Organic oxides; Hydrocarbon derivatives; Organopnictogen compounds; Organic oxygen compounds; Organic nitrogen compounds; Chemical entities	760.545	104	1.739	839079786189922955	839079616547095402	839079616547095401	297	
1	C43H77NO7	[M + K]+	C43H77KNO7+	Fatty acids	0.999	Glycerolipids	0.475	Triacylglycerols	0.269	Organic acids and derivatives	0.999	Carboxylic acids and derivatives	1.000	Amino acids, peptides, and analogues	0.980	Amino acids and derivatives	0.980	Amino acids and derivatives	0.980	Organic compounds; Lipids and lipid-like molecules; Amino acids, peptides, and analogues; Organic acids and derivatives; Carboxylic acids and derivatives; Organonitrogen compounds; Organooxygen compounds; Fatty acid esters; Amino acids and derivatives; Carboxylic acid derivatives; Carboxylic acid esters; Carbonyl compounds; Tricarboxylic acids and derivatives; Trialkylamines; Amines; Tertiary amines; Triradylcglycerols; Fatty Acyls; Organic oxides; Hydrocarbon derivatives; Organopnictogen compounds; Organic oxygen compounds; Organic nitrogen compounds; Chemical entities	758.533	104	1.741	839079789486646119	839079616714867578	839079616714867577	301	
1	C74H146N2O17P2	[M - H2O + H]+	C74H145N2O16P2+	Fatty acids	1.000	Glycerophospholipids	0.999	Glycerophosphoserines	0.947	Lipids and lipid-like molecules	0.989	Glycerophospholipids	0.997	Glycerophosphoserines	0.909	Phosphatidylserines	0.968	Phosphatidylserines	0.968	Organic compounds; Lipids and lipid-like molecules; Amino acids, peptides, and analogues; Alpha amino acids and derivatives; Glycerophospholipids; Organic acids and derivatives; Carboxylic acids and derivatives; Organonitrogen compounds; Organooxygen compounds; Fatty acid esters; Amino acids and derivatives; Organic phosphoric acids and derivatives; Phosphate esters; Monoalkylamines; Carboxylic acid derivatives; Carboxylic acids; Carboxylic acid esters; Phosphoethanolamines; Phosphatidylserines; Carbonyl compounds; Tricarboxylic acids and derivatives; Glycerophosphoserines; Alpha amino acids; Amines; Primary amines; Alkyl phosphates; Dialkyl phosphates; Fatty Acyls; Organic oxides; L-alpha-amino acids; Hydrocarbon derivatives; Amino acids; Organopnictogen compounds; Organic oxygen compounds; Organic nitrogen compounds; Chemical entities	1380.007	105	1.743	839079774714306239	839079616794559362	839079616794559361	303	
1	C74H144N2O17P2	[M - H2O + H]+	C74H143N2O16P2+	Fatty acids	0.999	Glycerophospholipids	0.999	Glycerophosphoethanolamines	0.787	Lipids and lipid-like molecules	0.980	Glycerophospholipids	0.999	Glycerophosphoethanolamines	0.860	Phosphatidylethanolamines	0.767	Phosphatidylethanolamines	0.767	Organic compounds; Lipids and lipid-like molecules; Amino acids, peptides, and analogues; Glycerophospholipids; Organic acids and derivatives; Carboxylic acids and derivatives; Organonitrogen compounds; Organooxygen compounds; Fatty acid esters; Dicarboxylic acids and derivatives; Amino acids and derivatives; Organic phosphoric acids and derivatives; Phosphate esters; Monoalkylamines; Carboxylic acid derivatives; Carboxylic acid esters; Phosphoethanolamines; Phosphatidylethanolamines; Carbonyl compounds; Glycerophosphoethanolamines; Amines; Primary amines; Alkyl phosphates; Dialkyl phosphates; Fatty Acyls; Organic oxides; Hydrocarbon derivatives; Organopnictogen compounds; Organic oxygen compounds; Organic nitrogen compounds; Chemical entities	1377.992	105	1.743	839079800337311460	839079616836502406	839079616836502405	304	
1	C75H148N2O17P2	[M - H2O + H]+	C75H147N2O16P2+	Fatty acids	0.999	Glycerophospholipids	0.998	Glycerophosphoserines	0.701	Lipids and lipid-like molecules	0.979	Glycerophospholipids	0.998	Glycerophosphoserines	0.480	Phosphatidylserines	0.811	Phosphatidylserines	0.811	Organic compounds; Lipids and lipid-like molecules; Amino acids, peptides, and analogues; Glycerophospholipids; Organic acids and derivatives; Carboxylic acids and derivatives; Organonitrogen compounds; Organooxygen compounds; Fatty acid esters; Amino acids and derivatives; Organic phosphoric acids and derivatives; Phosphate esters; Monoalkylamines; Carboxylic acid derivatives; Carboxylic acids; Carboxylic acid esters; Phosphoethanolamines; Phosphatidylserines; Carbonyl compounds; Tricarboxylic acids and derivatives; Glycerophosphoethanolamines; Alpha amino acids; Amines; Primary amines; Alkyl phosphates; Dialkyl phosphates; Fatty Acyls; Organic oxides; Hydrocarbon derivatives; Amino acids; Organopnictogen compounds; Organic oxygen compounds; Organic nitrogen compounds; Chemical entities	1394.020	105	1.743	839079858524895315	839079616878445450	839079616878445449	305	
1	C38H72NO8P	[M + H]+	C38H73NO8P+	Fatty acids	0.999	Glycerophospholipids	1.000	Glycerophosphoethanolamines	0.987	Lipids and lipid-like molecules	0.982	Glycerophospholipids	0.999	Glycerophosphoethanolamines	0.972	Phosphatidylethanolamines	0.929	Phosphatidylethanolamines	0.929	Organic compounds; Lipids and lipid-like molecules; Amino acids, peptides, and analogues; Glycerophospholipids; Organic acids and derivatives; Carboxylic acids and derivatives; Organonitrogen compounds; Organooxygen compounds; Fatty acid esters; Dicarboxylic acids and derivatives; Amino acids and derivatives; Organic phosphoric acids and derivatives; Phosphate esters; Monoalkylamines; Carboxylic acid derivatives; Carboxylic acid esters; Phosphoethanolamines; Phosphatidylethanolamines; Carbonyl compounds; Glycerophosphoethanolamines; Amines; Primary amines; Alkyl phosphates; Dialkyl phosphates; Fatty Acyls; Organic oxides; Hydrocarbon derivatives; Organopnictogen compounds; Organic oxygen compounds; Organic nitrogen compounds; Chemical entities	702.506	105	1.743	839080000049107889	839079616920388494	839079616920388493	306	
1	C36H77N2O6P	[M + K]+	C36H77KN2O6P+	Fatty acids	1.000	Spingolipids	0.962	Glycerophosphoethanolamines	0.726	Lipids and lipid-like molecules	0.945	Sphingolipids	0.562	Phosphosphingolipids	0.627			Phosphosphingolipids	0.627	Organic compounds; Lipids and lipid-like molecules; Amino acids, peptides, and analogues; Sphingolipids; Organic acids and derivatives; Carboxylic acids and derivatives; Organonitrogen compounds; Organooxygen compounds; Fatty acid esters; Fatty amides; Amino acids and derivatives; Organic phosphoric acids and derivatives; Phosphate esters; Monoalkylamines; Carboxylic acid amides; Carboxylic acid derivatives; N-acyl amines; Carboxylic acid esters; Phosphoethanolamines; Secondary carboxylic acid amides; Carbonyl compounds; Amines; Primary amines; Phosphosphingolipids; Alkyl phosphates; Dialkyl phosphates; Fatty Acyls; Organic oxides; Hydrocarbon derivatives; Organopnictogen compounds; Organic oxygen compounds; Organic nitrogen compounds; Chemical entities	703.510	105	1.745	839079802648373142	839079616584844142	839079616584844141	298	
1	C38H74NO8P	[M + H]+	C38H75NO8P+	Fatty acids	0.997	Glycerophospholipids	0.998	Glycerophosphoethanolamines	0.995	Lipids and lipid-like molecules	0.978	Glycerophospholipids	0.998	Glycerophosphoethanolamines	0.986	Phosphatidylethanolamines	0.956	Phosphatidylethanolamines	0.956	Organic compounds; Lipids and lipid-like molecules; Amino acids, peptides, and analogues; Glycerophospholipids; Organic acids and derivatives; Carboxylic acids and derivatives; Organonitrogen compounds; Organooxygen compounds; Fatty acid esters; Dicarboxylic acids and derivatives; Amino acids and derivatives; Organic phosphoric acids and derivatives; Phosphate esters; Monoalkylamines; Carboxylic acid derivatives; Carboxylic acid esters; Phosphoethanolamines; Phosphatidylethanolamines; Carbonyl compounds; Glycerophosphoethanolamines; Amines; Primary amines; Alkyl phosphates; Dialkyl phosphates; Fatty Acyls; Organic oxides; Hydrocarbon derivatives; Organopnictogen compounds; Organic oxygen compounds; Organic nitrogen compounds; Chemical entities	704.522	105	1.745	839079884064014724	839079616756810622	839079616752616317	302	
1	C76H133N9O14	[M - H2O + H]+	C76H132N9O13+	Amino acids and Peptides	0.823	Oligopeptides	1.000	Lipopeptides	0.986	Organic acids and derivatives	0.999	Peptidomimetics	0.976	Depsipeptides	0.985	Cyclic depsipeptides	0.987	Cyclic depsipeptides	0.987	Organic compounds; Organoheterocyclic compounds; Lipids and lipid-like molecules; Amino acids, peptides, and analogues; Lactones; Alpha amino acids and derivatives; Macrolactams; Alcohols and polyols; Lactams; Phenylpropanoids and polyketides; Organic acids and derivatives; Carboxylic acids and derivatives; Organonitrogen compounds; Organooxygen compounds; Fatty amides; Amino acids and derivatives; Alpha amino acid esters; Carboxylic acid amides; Carboxylic acid derivatives; Monocarboxylic acids and derivatives; Carboxylic acid esters; Secondary alcohols; Secondary carboxylic acid amides; Peptidomimetics; Carbonyl compounds; Macrolide lactams; Depsipeptides; Cyclic depsipeptides; Organic oxides; Azacyclic compounds; Oxacyclic compounds; Hydrocarbon derivatives; Organopnictogen compounds; Organic oxygen compounds; Organic nitrogen compounds; Chemical entities	1378.995	105	1.751	839079846755677385	839079617008468886	839079617004274581	308	
1	C37H72NO8P	[M + H]+	C37H73NO8P+	Fatty acids	0.998	Glycerophospholipids	0.999	Glycerophosphoethanolamines	0.991	Lipids and lipid-like molecules	0.976	Glycerophospholipids	0.998	Glycerophosphoethanolamines	0.981	Phosphatidylethanolamines	0.924	Phosphatidylethanolamines	0.924	Organic compounds; Lipids and lipid-like molecules; Amino acids, peptides, and analogues; Glycerophospholipids; Organic acids and derivatives; Carboxylic acids and derivatives; Organonitrogen compounds; Organooxygen compounds; Fatty acid esters; Dicarboxylic acids and derivatives; Amino acids and derivatives; Organic phosphoric acids and derivatives; Phosphate esters; Monoalkylamines; Carboxylic acid derivatives; Carboxylic acid esters; Phosphoethanolamines; Phosphatidylethanolamines; Carbonyl compounds; Glycerophosphoethanolamines; Amines; Primary amines; Alkyl phosphates; Dialkyl phosphates; Fatty Acyls; Organic oxides; Hydrocarbon derivatives; Organopnictogen compounds; Organic oxygen compounds; Organic nitrogen compounds; Chemical entities	690.508	106	1.760	839079781051900109	839079617130103714	839079617130103713	311	
1	C9H14O2	[M + H3N + H]+	C9H18NO2+	Fatty acids	0.692	Fatty acyls	0.420	Apocarotenoids(ε-)	0.258	Organic oxygen compounds	0.999	Organooxygen compounds	0.999	Carbonyl compounds	0.953	Ketones	0.868	Cyclic ketones	0.634	Organic compounds; Ketones; Organooxygen compounds; Carbonyl compounds; Cyclic ketones; Organic oxides; Hydrocarbon derivatives; Organic oxygen compounds; Chemical entities	172.133	106	1.767	839079831064784584	839079617167852454	839079617167852453	312	
1	C40H66N4O4	[M + Na]+	C40H66N4NaO4+	Fatty acids	0.852	Fatty Acids and Conjugates	0.147	Imidazole alkaloids	0.031	Lipids and lipid-like molecules	0.824	Fatty Acyls	0.809					Fatty Acyls	0.809	Organic compounds; Organoheterocyclic compounds; Lipids and lipid-like molecules; Organic acids and derivatives; Carboxylic acids and derivatives; Organonitrogen compounds; Organooxygen compounds; Organic carbonic acids and derivatives; Ureas; Carboxylic acid derivatives; Monocarboxylic acids and derivatives; Carbonyl compounds; Fatty Acyls; Organic oxides; Azacyclic compounds; Hydrocarbon derivatives; Organopnictogen compounds; Organic oxygen compounds; Organic nitrogen compounds; Chemical entities	689.497	106	1.768	839079776157146904	839079617616643030	839079617616643029	324	
1	C37H70NO8P	[M + H]+	C37H71NO8P+	Fatty acids	0.999	Glycerophospholipids	1.000	Glycerophosphoethanolamines	0.977	Lipids and lipid-like molecules	0.980	Glycerophospholipids	0.999	Glycerophosphoethanolamines	0.961	Phosphatidylethanolamines	0.908	Phosphatidylethanolamines	0.908	Organic compounds; Lipids and lipid-like molecules; Amino acids, peptides, and analogues; Glycerophospholipids; Organic acids and derivatives; Carboxylic acids and derivatives; Organonitrogen compounds; Organooxygen compounds; Fatty acid esters; Dicarboxylic acids and derivatives; Amino acids and derivatives; Organic phosphoric acids and derivatives; Phosphate esters; Monoalkylamines; Carboxylic acid derivatives; Carboxylic acid esters; Phosphoethanolamines; Phosphatidylethanolamines; Carbonyl compounds; Glycerophosphoethanolamines; Amines; Primary amines; Alkyl phosphates; Dialkyl phosphates; Fatty Acyls; Organic oxides; Hydrocarbon derivatives; Organopnictogen compounds; Organic oxygen compounds; Organic nitrogen compounds; Chemical entities	688.493	106	1.769	839079764459232036	839079617578894290	839079617578894289	323	
1	C37H70NO9P	[M + H]+	C37H71NO9P+	Fatty acids	0.999	Glycerophospholipids	1.000	Glycerophosphoethanolamines	0.989	Lipids and lipid-like molecules	0.985	Glycerophospholipids	0.999	Glycerophosphoethanolamines	0.982	Phosphatidylethanolamines	0.961	Phosphatidylethanolamines	0.961	Organic compounds; Lipids and lipid-like molecules; Amino acids, peptides, and analogues; Glycerophospholipids; Organic acids and derivatives; Carboxylic acids and derivatives; Organonitrogen compounds; Organooxygen compounds; Fatty acid esters; Dicarboxylic acids and derivatives; Amino acids and derivatives; Organic phosphoric acids and derivatives; Phosphate esters; Monoalkylamines; Carboxylic acid derivatives; Carboxylic acid esters; Phosphoethanolamines; Phosphatidylethanolamines; Carbonyl compounds; Glycerophosphoethanolamines; Amines; Primary amines; Alkyl phosphates; Dialkyl phosphates; Fatty Acyls; Organic oxides; Hydrocarbon derivatives; Organopnictogen compounds; Organic oxygen compounds; Organic nitrogen compounds; Chemical entities	704.486	107	1.779	839079795237037427	839079617654391770	839079617654391769	325	
1	C36H70NO8P	[M + H]+	C36H71NO8P+	Fatty acids	0.999	Glycerophospholipids	1.000	Glycerophosphoethanolamines	0.994	Lipids and lipid-like molecules	0.983	Glycerophospholipids	0.999	Glycerophosphoethanolamines	0.987	Phosphatidylethanolamines	0.954	Phosphatidylethanolamines	0.954	Organic compounds; Lipids and lipid-like molecules; Amino acids, peptides, and analogues; Glycerophospholipids; Organic acids and derivatives; Carboxylic acids and derivatives; Organonitrogen compounds; Organooxygen compounds; Fatty acid esters; Dicarboxylic acids and derivatives; Amino acids and derivatives; Organic phosphoric acids and derivatives; Phosphate esters; Monoalkylamines; Carboxylic acid derivatives; Carboxylic acid esters; Phosphoethanolamines; Phosphatidylethanolamines; Carbonyl compounds; Glycerophosphoethanolamines; Amines; Primary amines; Alkyl phosphates; Dialkyl phosphates; Fatty Acyls; Organic oxides; Hydrocarbon derivatives; Organopnictogen compounds; Organic oxygen compounds; Organic nitrogen compounds; Chemical entities	676.492	107	1.781	839079980574953927	839079617205601194	839079617205601193	313	
1	C32H66N8O10	[M - H2O + H]+	C32H65N8O9+	Amino acids and Peptides	0.809	Oligopeptides	0.957	Lipopeptides	0.748	Organic acids and derivatives	0.972	Carboxylic acids and derivatives	0.958	Amino acids, peptides, and analogues	0.811	Amino acids and derivatives	0.784	N-acyl-alpha amino acids and derivatives	0.505	Organic compounds; Organoheterocyclic compounds; Lipids and lipid-like molecules; Amino acids, peptides, and analogues; Alpha amino acids and derivatives; Alcohols and polyols; Organic acids and derivatives; Carboxylic acids and derivatives; Organonitrogen compounds; Primary alcohols; Organooxygen compounds; Fatty amides; Amino acids and derivatives; Azoles; Carboxylic acid amides; Carboxylic acid derivatives; N-acyl amines; Organic nitro compounds; N-acyl-alpha amino acids and derivatives; Organic oxoazanium compounds; Secondary alcohols; Secondary carboxylic acid amides; Carbonyl compounds; Benzoxadiazoles; Furazans; Amines; Organic zwitterions; Organic 1,3-dipolar compounds; Allyl-type 1,3-dipolar organic compounds; Propargyl-type 1,3-dipolar organic compounds; Fatty Acyls; Organic oxides; C-nitro compounds; Azacyclic compounds; Hydrocarbon derivatives; Organopnictogen compounds; Organic oxygen compounds; Nitroaromatic compounds; Organic nitrogen compounds; Chemical entities	705.490	107	1.783	839079863939742339	839079617692140510	839079617692140509	326	
1	C41H73NO7	[M + K]+	C41H73KNO7+	Fatty acids	1.000	Glycerophospholipids	0.996	Glycerophosphoserines	0.421	Lipids and lipid-like molecules	0.989	Glycerophospholipids	0.989	Glycerophosphoethanolamines	0.442	Phosphatidylethanolamines	0.636	Phosphatidylethanolamines	0.636	Organic compounds; Lipids and lipid-like molecules; Amino acids, peptides, and analogues; Glycerophospholipids; Organic acids and derivatives; Carboxylic acids and derivatives; Organonitrogen compounds; Organooxygen compounds; Fatty acid esters; Dicarboxylic acids and derivatives; Amino acids and derivatives; Organic phosphoric acids and derivatives; Phosphate esters; Monoalkylamines; Carboxylic acid derivatives; Carboxylic acid esters; Phosphoethanolamines; Phosphatidylethanolamines; Carbonyl compounds; Amines; Primary amines; Alkyl phosphates; Dialkyl phosphates; Fatty Acyls; Organic oxides; Hydrocarbon derivatives; Organopnictogen compounds; Organic oxygen compounds; Organic nitrogen compounds; Chemical entities	730.503	107	1.785	839079930423659339	839079617243349934	839079617243349933	314	
1	C40H66N4O4	[M + Na]+	C40H66N4NaO4+	Alkaloids	0.460	Oligopeptides	0.413	Open-chain polyketides	0.241	Organic acids and derivatives	0.971	Carboxylic acids and derivatives	0.953	Amino acids, peptides, and analogues	0.831	Amino acids and derivatives	0.820	Amino acids and derivatives	0.820	Organic compounds; Organoheterocyclic compounds; Lipids and lipid-like molecules; Amino acids, peptides, and analogues; Organic acids and derivatives; Carboxylic acids and derivatives; Organonitrogen compounds; Organooxygen compounds; Amino acids and derivatives; Carboxylic acid amides; Carboxylic acid derivatives; Secondary carboxylic acid amides; Carbonyl compounds; Amines; Fatty Acyls; Organic oxides; Azacyclic compounds; Hydrocarbon derivatives; Organopnictogen compounds; Organic oxygen compounds; Organic nitrogen compounds; Chemical entities	689.497	107	1.786	839079794410759482	839079617050411930	839079617050411929	309	
1	C37H70NO8P	[M + H]+	C37H71NO8P+	Fatty acids	1.000	Glycerophospholipids	1.000	Glycerophosphoethanolamines	0.988	Lipids and lipid-like molecules	0.986	Glycerophospholipids	0.999	Glycerophosphoethanolamines	0.975	Phosphatidylethanolamines	0.962	Phosphatidylethanolamines	0.962	Organic compounds; Lipids and lipid-like molecules; Amino acids, peptides, and analogues; Glycerophospholipids; Organic acids and derivatives; Carboxylic acids and derivatives; Organonitrogen compounds; Organooxygen compounds; Fatty acid esters; Dicarboxylic acids and derivatives; Amino acids and derivatives; Organic phosphoric acids and derivatives; Phosphate esters; Monoalkylamines; Carboxylic acid derivatives; Carboxylic acid esters; Phosphoethanolamines; Phosphatidylethanolamines; Carbonyl compounds; Glycerophosphoethanolamines; Amines; Primary amines; Alkyl phosphates; Dialkyl phosphates; Fatty Acyls; Organic oxides; Hydrocarbon derivatives; Organopnictogen compounds; Organic oxygen compounds; Organic nitrogen compounds; Chemical entities	688.494	107	1.787	839079944701070672	839079617088160670	839079617088160669	310	
1	C9H12O3	[M - H2O + H]+	C9H11O2+	Terpenoids	0.455	Cyclic polyketides	0.163	Macrolide lactones	0.115	Organic acids and derivatives	0.915	Carboxylic acids and derivatives	0.895	Carboxylic acids	0.655			Carboxylic acids	0.655	Organic compounds; Organic acids and derivatives; Carboxylic acids and derivatives; Organooxygen compounds; Monocarboxylic acids and derivatives; Carboxylic acids; Carbonyl compounds; Organic oxides; Hydrocarbon derivatives; Organic oxygen compounds; Chemical entities	151.075	108	1.798	839079956176686730	839079617314653110	839079617314653109	316	
1	C8H12O2	[M - H2O + H]+	C8H11O+	Fatty acids	0.991	Fatty Acids and Conjugates	0.882	Unsaturated fatty acids	0.899	Organic acids and derivatives	0.861	Carboxylic acids and derivatives	0.872	Carboxylic acids	0.792			Carboxylic acids	0.792	Organic compounds; Organic acids and derivatives; Carboxylic acids and derivatives; Organooxygen compounds; Monocarboxylic acids and derivatives; Carboxylic acids; Carbonyl compounds; Organic oxides; Hydrocarbon derivatives; Organic oxygen compounds; Chemical entities	123.081	108	1.799	839079987495555736	839079617281098674	839079617281098673	315	
1	C9H14O4	[M + H3N + H]+	C9H18NO4+	Fatty acids	0.683	Fatty Acids and Conjugates	0.373	Dicarboxylic acids	0.339	Organic acids and derivatives	0.933	Carboxylic acids and derivatives	0.923	Carboxylic acids	0.687			Carboxylic acids	0.687	Organic compounds; Organic acids and derivatives; Carboxylic acids and derivatives; Organooxygen compounds; Monocarboxylic acids and derivatives; Carboxylic acids; Carbonyl compounds; Organic oxides; Hydrocarbon derivatives; Organic oxygen compounds; Chemical entities	204.123	108	1.799	839079988850315977	839079617352401850	839079617352401849	317	
1	C9H12O3	[M + H3N + H]+	C9H16NO3+	Terpenoids	0.296	Cyclic polyketides	0.208	2-pyrone derivatives	0.254	Organic acids and derivatives	0.867	Carboxylic acids and derivatives	0.834	Monocarboxylic acids and derivatives	0.621			Monocarboxylic acids and derivatives	0.621	Organic compounds; Organic acids and derivatives; Carboxylic acids and derivatives; Organooxygen compounds; Monocarboxylic acids and derivatives; Carbonyl compounds; Organic oxides; Oxacyclic compounds; Hydrocarbon derivatives; Organic oxygen compounds; Chemical entities	186.113	108	1.801	839079990712587059	839079617427899330	839079617423705025	319	
1	C9H10O2	[M + H3N + H]+	C9H14NO2+	Terpenoids	0.570	Sesquiterpenoids	0.271	Cinnamic acids and derivatives	0.201	Benzenoids	0.546							Benzenoids	0.546	Organic compounds; Ketones; Organooxygen compounds; Carbonyl compounds; Benzenoids; Organic oxides; Hydrocarbon derivatives; Organic oxygen compounds; Chemical entities	168.102	108	1.803	839079796122035612	839079617461453766	839079617461453765	320	
1	C35H68NO8P	[M + H]+	C35H69NO8P+	Fatty acids	0.999	Glycerophospholipids	1.000	Glycerophosphoethanolamines	0.989	Lipids and lipid-like molecules	0.980	Glycerophospholipids	0.999	Glycerophosphoethanolamines	0.978	Phosphatidylethanolamines	0.936	Phosphatidylethanolamines	0.936	Organic compounds; Lipids and lipid-like molecules; Amino acids, peptides, and analogues; Glycerophospholipids; Organic acids and derivatives; Carboxylic acids and derivatives; Organonitrogen compounds; Organooxygen compounds; Fatty acid esters; Dicarboxylic acids and derivatives; Amino acids and derivatives; Organic phosphoric acids and derivatives; Phosphate esters; Monoalkylamines; Carboxylic acid derivatives; Carboxylic acid esters; Phosphoethanolamines; Phosphatidylethanolamines; Carbonyl compounds; Glycerophosphoethanolamines; Amines; Primary amines; Alkyl phosphates; Dialkyl phosphates; Fatty Acyls; Organic oxides; Hydrocarbon derivatives; Organopnictogen compounds; Organic oxygen compounds; Organic nitrogen compounds; Chemical entities	662.476	108	1.805	839079892003833117	839079617499202506	839079617499202505	321	
1	C9H16F3NO3	[M - H2O + H]+	C9H15F3NO2+	Fatty acids	0.324	Fatty amides	0.056	Halogenated fatty acids	0.051	Organic acids and derivatives	0.858	Carboxylic acids and derivatives	0.837	Carboxylic acid derivatives	0.816	Carboxylic acid amides	0.814	Secondary carboxylic acid amides	0.710	Organic compounds; Alcohols and polyols; Organic acids and derivatives; Carboxylic acids and derivatives; Organohalogen compounds; Organonitrogen compounds; Organooxygen compounds; Carboxylic acid amides; Alkyl fluorides; Carboxylic acid derivatives; Organofluorides; Secondary carboxylic acid amides; Carbonyl compounds; Fluorohydrins; Alkyl halides; Organic oxides; Hydrocarbon derivatives; Organopnictogen compounds; Organic oxygen compounds; Organic nitrogen compounds; Chemical entities	226.105	109	1.808	839079764006247155	839079617536951246	839079617536951245	322	
1	C19H35NO3	[M + H3N + H]+	C19H39N2O3+	Fatty acids	1.000	Fatty amides	0.998	N-acyl amines	0.902	Organic acids and derivatives	1.000	Carboxylic acids and derivatives	0.999	Amino acids, peptides, and analogues	0.800	Amino acids and derivatives	0.800	N-acyl-alpha amino acids and derivatives	0.619	Organic compounds; Lipids and lipid-like molecules; Amino acids, peptides, and analogues; Alpha amino acids and derivatives; Organic acids and derivatives; Carboxylic acids and derivatives; Organonitrogen compounds; Organooxygen compounds; Fatty amides; Straight chain fatty acids; Amino acids and derivatives; Carboxylic acid amides; Carboxylic acid derivatives; N-acyl amines; Monocarboxylic acids and derivatives; N-acyl-alpha amino acids and derivatives; Carboxylic acids; Secondary carboxylic acid amides; Carbonyl compounds; Fatty Acyls; Organic oxides; Hydrocarbon derivatives; Organopnictogen compounds; Organic oxygen compounds; Organic nitrogen compounds; Chemical entities	343.295	110	1.838	839079774034828866	839079617734083554	839079617734083553	327	
1	C41H78NO10P	[M + H]+	C41H79NO10P+	Fatty acids	0.999	Glycerophospholipids	1.000	Glycerophosphoethanolamines	0.692	Lipids and lipid-like molecules	0.980	Glycerophospholipids	0.999	Glycerophosphoethanolamines	0.809	Phosphatidylethanolamines	0.750	Phosphatidylethanolamines	0.750	Organic compounds; Lipids and lipid-like molecules; Amino acids, peptides, and analogues; Glycerophospholipids; Organic acids and derivatives; Carboxylic acids and derivatives; Organonitrogen compounds; Organooxygen compounds; Fatty acid esters; Dicarboxylic acids and derivatives; Amino acids and derivatives; Organic phosphoric acids and derivatives; Phosphate esters; Monoalkylamines; Carboxylic acid derivatives; Carboxylic acid esters; Phosphoethanolamines; Phosphatidylethanolamines; Carbonyl compounds; Glycerophosphoethanolamines; Amines; Primary amines; Alkyl phosphates; Dialkyl phosphates; Fatty Acyls; Organic oxides; Hydrocarbon derivatives; Organopnictogen compounds; Organic oxygen compounds; Organic nitrogen compounds; Chemical entities	776.543	110	1.841	839079870612880583	839079617771832294	839079617771832293	328	
1	C37H68NO10P	[M + H]+	C37H69NO10P+	Fatty acids	0.999	Glycerophospholipids	1.000	Glycerophosphoserines	0.983	Lipids and lipid-like molecules	0.983	Glycerophospholipids	0.999	Glycerophosphoserines	0.967	Phosphatidylserines	0.966	Phosphatidylserines	0.966	Organic compounds; Lipids and lipid-like molecules; Amino acids, peptides, and analogues; Alpha amino acids and derivatives; Glycerophospholipids; Organic acids and derivatives; Carboxylic acids and derivatives; Organonitrogen compounds; Organooxygen compounds; Fatty acid esters; Amino acids and derivatives; Organic phosphoric acids and derivatives; Phosphate esters; Monoalkylamines; Carboxylic acid derivatives; Carboxylic acids; Carboxylic acid esters; Phosphoethanolamines; Phosphatidylserines; Carbonyl compounds; Tricarboxylic acids and derivatives; Glycerophosphoserines; Alpha amino acids; Amines; Primary amines; Alkyl phosphates; Dialkyl phosphates; Fatty Acyls; Organic oxides; L-alpha-amino acids; Hydrocarbon derivatives; Amino acids; Organopnictogen compounds; Organic oxygen compounds; Organic nitrogen compounds; Chemical entities	718.468	111	1.858	839079792141640797	839079617922827254	839079617922827253	332	
1	C20H34N3O5S	[M + H3N + H]+	C20H38N4O5S+	Amino acids and Peptides	0.905	Oligopeptides	0.858	Open-chain polyketides	0.209	Organic acids and derivatives	0.984	Carboxylic acids and derivatives	0.964	Amino acids, peptides, and analogues	0.575	Amino acids and derivatives	0.554	Amino acids and derivatives	0.554	Organic compounds; Organoheterocyclic compounds; Organosulfur compounds; Lipids and lipid-like molecules; Amino acids, peptides, and analogues; Alcohols and polyols; Organic acids and derivatives; Carboxylic acids and derivatives; Organonitrogen compounds; Organooxygen compounds; Fatty amides; Amino acids and derivatives; Carboxylic acid amides; Carboxylic acid derivatives; N-acyl amines; Monocarboxylic acids and derivatives; Secondary carboxylic acid amides; Carbonyl compounds; Fatty Acyls; Organic oxides; Azacyclic compounds; Hydrocarbon derivatives; Organopnictogen compounds; Organic oxygen compounds; Organic nitrogen compounds; Chemical entities	446.254	112	1.865	839079981464146407	839079618031879170	839079618031879169	335	
1	C18H30O2	[M + H3N + H]+	C18H34NO2+	Fatty acids	0.815	Fatty acyls	0.641	Fatty alcohols	0.451	Lipids and lipid-like molecules	0.720							Lipids and lipid-like molecules	0.720	Organic compounds; Lipids and lipid-like molecules; Organooxygen compounds; Hydrocarbon derivatives; Organic oxygen compounds; Chemical entities	296.258	112	1.865	839079772554239466	839079618145125390	839079618145125389	338	
1	C37H70NO10P	[M + H]+	C37H71NO10P+	Fatty acids	0.998	Glycerophospholipids	0.999	Oxidized glycerophospholipids	0.628	Lipids and lipid-like molecules	0.986	Glycerophospholipids	0.998	Glycerophosphocholines	0.991	Phosphatidylcholines	0.967	Phosphatidylcholines	0.967	Organic compounds; Lipids and lipid-like molecules; Glycerophospholipids; Organic acids and derivatives; Carboxylic acids and derivatives; Organonitrogen compounds; Organooxygen compounds; Fatty acid esters; Dicarboxylic acids and derivatives; Organic phosphoric acids and derivatives; Phosphate esters; Quaternary ammonium salts; Cholines; Carboxylic acid derivatives; Carboxylic acids; Carboxylic acid esters; Phosphocholines; Phosphatidylcholines; Carbonyl compounds; Glycerophosphocholines; Amines; Alkyl phosphates; Dialkyl phosphates; Organic cations; Organic salts; Fatty Acyls; Organic oxides; Hydrocarbon derivatives; Tetraalkylammonium salts; Organopnictogen compounds; Organic oxygen compounds; Organic nitrogen compounds; Chemical entities	720.481	112	1.868	839079768594816226	839079617809581034	839079617809581033	329	
1	C19H32N3O5S	[M + H3N + H]+	C19H36N4O5S+	Amino acids and Peptides	0.615	Linear polyketides	0.375	Imidazole alkaloids	0.291	Lipids and lipid-like molecules	0.796	Fatty Acyls	0.808	Fatty amides	0.652	N-acyl amines	0.590	N-acyl amines	0.590	Organic compounds; Organoheterocyclic compounds; Organosulfur compounds; Lipids and lipid-like molecules; Organic acids and derivatives; Carboxylic acids and derivatives; Organonitrogen compounds; Organooxygen compounds; Fatty amides; Carboxylic acid amides; Carboxylic acid derivatives; N-acyl amines; Monocarboxylic acids and derivatives; Secondary carboxylic acid amides; Carbonyl compounds; Fatty Acyls; Organic oxides; Hydrocarbon derivatives; Organopnictogen compounds; Organic oxygen compounds; Organic nitrogen compounds; Chemical entities	432.238	112	1.870	839079792447825059	839079618178679826	839079618178679825	339	
1	C17H27N5O4S	[M + H3N + H]+	C17H31N6O4S+	Alkaloids	0.367	Guanidine alkaloids	0.095	Cyclamides	0.251	Organoheterocyclic compounds	0.990	Diazines	0.506	Pyrimidines and pyrimidine derivatives	0.544			Pyrimidines and pyrimidine derivatives	0.544	Organic compounds; Organoheterocyclic compounds; Organosulfur compounds; Pyrimidines and pyrimidine derivatives; Alcohols and polyols; Organic acids and derivatives; Organonitrogen compounds; Organooxygen compounds; Azoles; Thioethers; Diazines; Carbonyl compounds; Amines; Dialkylthioethers; Organic oxides; Azacyclic compounds; Heteroaromatic compounds; Hydrocarbon derivatives; Organopnictogen compounds; Organic oxygen compounds; Organic nitrogen compounds; Chemical entities	415.212	112	1.872	839079857744754717	839079617960575994	839079617960575993	333	
1	C14H26O5	[M + H3N + H]+	C14H30NO5+	Fatty acids	0.770	Fatty Acids and Conjugates	0.403	Dicarboxylic acids	0.499	Lipids and lipid-like molecules	0.799	Fatty Acyls	0.747					Fatty Acyls	0.747	Organic compounds; Lipids and lipid-like molecules; Alcohols and polyols; Organic acids and derivatives; Carboxylic acids and derivatives; Organooxygen compounds; Carboxylic acid derivatives; Carboxylic acid esters; Secondary alcohols; Carbonyl compounds; Fatty Acyls; Organic oxides; Hydrocarbon derivatives; Organic oxygen compounds; Chemical entities	292.212	113	1.883	839079807924807888	839079617847329774	839079617847329773	330	
1	C13H24O3	[M + H3N + H]+	C13H28NO3+	Fatty acids	0.711	Fatty esters	0.178	Wax monoesters	0.151	Lipids and lipid-like molecules	0.700	Fatty Acyls	0.610					Fatty Acyls	0.610	Organic compounds; Lipids and lipid-like molecules; Alcohols and polyols; Organic acids and derivatives; Carboxylic acids and derivatives; Organooxygen compounds; Carboxylic acid derivatives; Monocarboxylic acids and derivatives; Carboxylic acid esters; Carbonyl compounds; Fatty Acyls; Organic oxides; Hydrocarbon derivatives; Organic oxygen compounds; Chemical entities	246.206	113	1.889	839079761363835387	839079617885078514	839079617885078513	331	
1	C18H31NO3	[M + H3N + H]+	C18H35N2O3+	Fatty acids	0.903	Fatty Acids and Conjugates	0.323	Nitro fatty acids	0.789	Lipids and lipid-like molecules	0.819	Fatty Acyls	0.818	Fatty acids and conjugates	0.796	Long-chain fatty acids	0.526	Long-chain fatty acids	0.526	Organic compounds; Lipids and lipid-like molecules; Fatty acids and conjugates; Organic acids and derivatives; Carboxylic acids and derivatives; Organonitrogen compounds; Organooxygen compounds; Unsaturated fatty acids; Carboxylic acid derivatives; Monocarboxylic acids and derivatives; Carboxylic acids; Carbonyl compounds; Long-chain fatty acids; Fatty Acyls; Organic oxides; Hydrocarbon derivatives; Organopnictogen compounds; Organic oxygen compounds; Organic nitrogen compounds; Chemical entities	327.264	115	1.911	839079797082531390	839079617994130430	839079617994130429	334	
1	C42H75NO5	[M + H3N + H]+	C42H79N2O5+	Fatty acids	0.998	Spingolipids	0.993	Ceramides	0.558	Lipids and lipid-like molecules	0.976	Sphingolipids	0.877	Ceramides	0.672			Ceramides	0.672	Organic compounds; Lipids and lipid-like molecules; Alcohols and polyols; Sphingolipids; Organic acids and derivatives; Carboxylic acids and derivatives; Organonitrogen compounds; Organooxygen compounds; Fatty amides; Carboxylic acid amides; Carboxylic acid derivatives; N-acyl amines; Ceramides; Secondary alcohols; Secondary carboxylic acid amides; Carbonyl compounds; Fatty Acyls; Organic oxides; Hydrocarbon derivatives; Organopnictogen compounds; Organic oxygen compounds; Organic nitrogen compounds; Chemical entities	691.598	115	1.925	839079769093938442	839079618069627910	839079618069627909	336	
1	C39H78N2O5	[M + Na]+	C39H78N2NaO5+	Fatty acids	1.000	Fatty amides	0.992	N-acyl amines	0.991	Organic acids and derivatives	1.000	Carboxylic acids and derivatives	0.999	Amino acids, peptides, and analogues	0.984	Amino acids and derivatives	0.984	N-acyl-alpha amino acids	0.943	Organic compounds; Lipids and lipid-like molecules; Amino acids, peptides, and analogues; Alpha amino acids and derivatives; Alcohols and polyols; Fatty acids and conjugates; Organic acids and derivatives; Carboxylic acids and derivatives; Organonitrogen compounds; Organooxygen compounds; Fatty amides; Amino acids and derivatives; Monoalkylamines; Carboxylic acid amides; Carboxylic acid derivatives; N-acyl amines; Monocarboxylic acids and derivatives; N-acyl-alpha amino acids and derivatives; Carboxylic acids; Secondary alcohols; Secondary carboxylic acid amides; Carbonyl compounds; N-acyl-alpha amino acids; Amines; Primary amines; Fatty Acyls; Organic oxides; Hydrocarbon derivatives; Organopnictogen compounds; Organic oxygen compounds; Organic nitrogen compounds; Chemical entities	677.584	116	1.926	839079765247761256	839079618111570954	839079618107376649	337	
1	C37H72NO10P	[M + H]+	C37H73NO10P+	Fatty acids	0.999	Glycerophospholipids	1.000	Glycerophosphoethanolamines	0.869	Lipids and lipid-like molecules	0.990	Glycerophospholipids	1.000	Glycerophosphoethanolamines	0.922	Phosphatidylethanolamines	0.824	Phosphatidylethanolamines	0.824	Organic compounds; Lipids and lipid-like molecules; Amino acids, peptides, and analogues; Glycerophospholipids; Organic acids and derivatives; Carboxylic acids and derivatives; Organonitrogen compounds; Organooxygen compounds; Fatty acid esters; Dicarboxylic acids and derivatives; Amino acids and derivatives; Organic phosphoric acids and derivatives; Phosphate esters; Monoalkylamines; Carboxylic acid derivatives; Carboxylic acid esters; Phosphoethanolamines; Phosphatidylethanolamines; Carbonyl compounds; Glycerophosphoethanolamines; Amines; Primary amines; Alkyl phosphates; Dialkyl phosphates; Fatty Acyls; Organic oxides; Hydrocarbon derivatives; Organopnictogen compounds; Organic oxygen compounds; Organic nitrogen compounds; Chemical entities	722.496	116	1.940	839079821120089049	839079618262565914	839079618262565913	341	
1	C30H58NO11P	[M - H2O + H]+	C30H57NO10P+	Fatty acids	1.000	Glycerophospholipids	1.000	Oxidized glycerophospholipids	0.993	Lipids and lipid-like molecules	0.994	Glycerophospholipids	0.998	Glycerophosphocholines	0.998	Phosphatidylcholines	0.971	Phosphatidylcholines	0.971	Organic compounds; Lipids and lipid-like molecules; Ketones; Glycerophospholipids; Organic acids and derivatives; Carboxylic acids and derivatives; Acryloyl compounds; Organonitrogen compounds; Organooxygen compounds; Fatty acid esters; Dicarboxylic acids and derivatives; Organic phosphoric acids and derivatives; Phosphate esters; Quaternary ammonium salts; Cholines; Carboxylic acid derivatives; Carboxylic acids; Carboxylic acid esters; Phosphocholines; Enones; Phosphatidylcholines; Carbonyl compounds; Glycerophosphocholines; Amines; Alpha,beta-unsaturated carbonyl compounds; Alkyl phosphates; Dialkyl phosphates; Organic cations; Alpha,beta-unsaturated ketones; Organic salts; Fatty Acyls; Organic oxides; Hydrocarbon derivatives; Tetraalkylammonium salts; Organopnictogen compounds; Organic oxygen compounds; Organic nitrogen compounds; Chemical entities	622.372	116	1.940	839079766929677393	839079618220622870	839079618220622869	340	
1	C36H68NO10P	[M - H2O + H]+	C36H67NO9P+	Fatty acids	1.000	Glycerophospholipids	1.000	Glycerophosphocholines	0.747	Lipids and lipid-like molecules	0.989	Glycerophospholipids	0.999	Glycerophosphocholines	0.993	Phosphatidylcholines	0.981	Phosphatidylcholines	0.981	Organic compounds; Lipids and lipid-like molecules; Glycerophospholipids; Organic acids and derivatives; Carboxylic acids and derivatives; Organonitrogen compounds; Organooxygen compounds; Fatty acid esters; Dicarboxylic acids and derivatives; Organic phosphoric acids and derivatives; Phosphate esters; Quaternary ammonium salts; Cholines; Carboxylic acid derivatives; Carboxylic acid esters; Phosphocholines; Phosphatidylcholines; Carbonyl compounds; Glycerophosphocholines; Amines; Alkyl phosphates; Dialkyl phosphates; Organic cations; Organic salts; Fatty Acyls; Organic oxides; Hydrocarbon derivatives; Tetraalkylammonium salts; Organopnictogen compounds; Organic oxygen compounds; Organic nitrogen compounds; Chemical entities	688.455	116	1.941	839079986811884104	839079618300314654	839079618300314653	342	
1	C34H66NO10P	[M - H2O + H]+	C34H65NO9P+	Fatty acids	1.000	Glycerophospholipids	1.000	Glycerophosphoethanolamines	0.590	Lipids and lipid-like molecules	0.986	Glycerophospholipids	1.000	Glycerophosphoethanolamines	0.872	Phosphatidylethanolamines	0.765	Phosphatidylethanolamines	0.765	Organic compounds; Lipids and lipid-like molecules; Amino acids, peptides, and analogues; Glycerophospholipids; Organic acids and derivatives; Carboxylic acids and derivatives; Organonitrogen compounds; Organooxygen compounds; Fatty acid esters; Dicarboxylic acids and derivatives; Amino acids and derivatives; Organic phosphoric acids and derivatives; Phosphate esters; Monoalkylamines; Carboxylic acid derivatives; Carboxylic acids; Carboxylic acid esters; Phosphoethanolamines; Phosphatidylserines; Phosphatidylethanolamines; Carbonyl compounds; Glycerophosphoethanolamines; Glycerophosphoserines; Amines; Primary amines; Alkyl phosphates; Dialkyl phosphates; Fatty Acyls; Organic oxides; Hydrocarbon derivatives; Amino acids; Organopnictogen compounds; Organic oxygen compounds; Organic nitrogen compounds; Chemical entities	662.440	117	1.952	839079935368743978	839079618338063394	839079618338063393	343	
1	C7H12O3	[M + H3N + H]+	C7H16NO3+	Fatty acids	0.973	Fatty Acids and Conjugates	0.573	Lactones	0.716	Organic acids and derivatives	0.950	Carboxylic acids and derivatives	0.945	Carboxylic acids	0.573			Carboxylic acids	0.573	Organic compounds; Organic acids and derivatives; Carboxylic acids and derivatives; Organooxygen compounds; Monocarboxylic acids and derivatives; Carboxylic acids; Carbonyl compounds; Organic oxides; Hydrocarbon derivatives; Organic oxygen compounds; Chemical entities	162.112	118	1.959	839079913180875058	839079618417755178	839079618417755177	345	
1	C8H14O2	[M + H3N + H]+	C8H18NO2+	Fatty acids	0.988	Fatty Acids and Conjugates	0.605	Unsaturated fatty acids	0.491	Lipids and lipid-like molecules	0.782	Fatty Acyls	0.763					Fatty Acyls	0.763	Organic compounds; Lipids and lipid-like molecules; Organic acids and derivatives; Carboxylic acids and derivatives; Organooxygen compounds; Monocarboxylic acids and derivatives; Carboxylic acids; Carbonyl compounds; Fatty Acyls; Organic oxides; Hydrocarbon derivatives; Organic oxygen compounds; Chemical entities	160.133	118	1.959	839079762504686169	839079618455503918	839079618455503917	346	
1	C39H71NO5	[M + H3N + H]+	C39H75N2O5+	Fatty acids	0.997	Spingolipids	0.538	N-acyl amines	0.106	Organic acids and derivatives	0.998	Carboxylic acids and derivatives	0.995	Amino acids, peptides, and analogues	0.697	Amino acids and derivatives	0.692	Alpha amino acids and derivatives	0.650	Organic compounds; Lipids and lipid-like molecules; Amino acids, peptides, and analogues; Alpha amino acids and derivatives; Alcohols and polyols; Organic acids and derivatives; Carboxylic acids and derivatives; Organonitrogen compounds; Organooxygen compounds; Fatty amides; Amino acids and derivatives; Carboxylic acid amides; Carboxylic acid derivatives; N-acyl amines; Monocarboxylic acids and derivatives; Carboxylic acid esters; Secondary alcohols; Secondary carboxylic acid amides; Carbonyl compounds; Fatty Acyls; Organic oxides; Hydrocarbon derivatives; Organopnictogen compounds; Organic oxygen compounds; Organic nitrogen compounds; Chemical entities	651.568	118	1.961	839079763507124917	839079618380006438	839079618380006437	344	
1	C40H71FN2O9	[M + H3N + H]+	C40H75FN3O9+	Polyketides	0.935	Macrolides	0.921	Erythromycins	0.848	Organic acids and derivatives	0.979	Carboxylic acids and derivatives	0.949	Amino acids, peptides, and analogues	0.716	Amino acids and derivatives	0.709	Amino acids and derivatives	0.709	Organic compounds; Organoheterocyclic compounds; Amino acids, peptides, and analogues; Lactones; Alcohols and polyols; Macrolides and analogues; Ethers; Phenylpropanoids and polyketides; Organic acids and derivatives; Carboxylic acids and derivatives; Organohalogen compounds; Organonitrogen compounds; Organooxygen compounds; Amino acids and derivatives; Carboxylic acid amides; Carboxylic acid derivatives; Dialkyl ethers; Carboxylic acid esters; Organofluorides; Secondary alcohols; Carbonyl compounds; Trialkylamines; Tertiary amines; Organic oxides; Azacyclic compounds; Oxacyclic compounds; Hydrocarbon derivatives; Organopnictogen compounds; Organic oxygen compounds; Organic nitrogen compounds; Chemical entities	760.547	119	1.980	839080013751899313	839079618652636226	839079618652636225	351	
1	C37H69NO5	[M + H3N + H]+	C37H73N2O5+	Fatty acids	1.000	Spingolipids	0.824	N-acyl amines	0.208	Organic acids and derivatives	0.998	Carboxylic acids and derivatives	0.994	Amino acids, peptides, and analogues	0.646	Amino acids and derivatives	0.644	Alpha amino acids and derivatives	0.684	Organic compounds; Lipids and lipid-like molecules; Amino acids, peptides, and analogues; Alpha amino acids and derivatives; Alcohols and polyols; Organic acids and derivatives; Carboxylic acids and derivatives; Organonitrogen compounds; Organooxygen compounds; Fatty amides; Amino acids and derivatives; Carboxylic acid amides; Carboxylic acid derivatives; N-acyl amines; Monocarboxylic acids and derivatives; Carboxylic acids; Carboxylic acid esters; Secondary alcohols; Secondary carboxylic acid amides; Carbonyl compounds; Fatty Acyls; Organic oxides; Hydrocarbon derivatives; Organopnictogen compounds; Organic oxygen compounds; Organic nitrogen compounds; Chemical entities	625.551	119	1.988	839079966503063538	839079618497446962	839079618493252657	347	
1	C43H71N3O9	[M - H2O + H]+	C43H70N3O8+	Polyketides	0.741	Macrolides	0.777	Polyene macrolides	0.277	Organic acids and derivatives	0.997	Carboxylic acids and derivatives	0.988	Amino acids, peptides, and analogues	0.514			Amino acids, peptides, and analogues	0.514	Organic compounds; Organoheterocyclic compounds; Amino acids, peptides, and analogues; Lactones; Ketones; Alcohols and polyols; Macrolides and analogues; Phenylpropanoids and polyketides; Organic acids and derivatives; Carboxylic acids and derivatives; Organonitrogen compounds; Organooxygen compounds; Carboxylic acid amides; Carboxylic acid derivatives; Monocarboxylic acids and derivatives; Carboxylic acid esters; Secondary alcohols; Carbonyl compounds; Macrolide lactams; Organic oxides; Azacyclic compounds; Oxacyclic compounds; Hydrocarbon derivatives; Organopnictogen compounds; Organic oxygen compounds; Organic nitrogen compounds; Chemical entities	756.518	120	1.992	839079796856038923	839079618535195702	839079618535195701	348	
1	C33H64NO10P	[M - H2O + H]+	C33H63NO9P+	Fatty acids	1.000	Glycerophospholipids	1.000	Glycerophosphoserines	0.752	Lipids and lipid-like molecules	0.989	Glycerophospholipids	1.000	Glycerophosphoethanolamines	0.654	Phosphatidylethanolamines	0.646	Phosphatidylethanolamines	0.646	Organic compounds; Lipids and lipid-like molecules; Amino acids, peptides, and analogues; Alcohols and polyols; Glycerophospholipids; Organic acids and derivatives; Carboxylic acids and derivatives; Organonitrogen compounds; Organooxygen compounds; Fatty acid esters; Dicarboxylic acids and derivatives; Amino acids and derivatives; Organic phosphoric acids and derivatives; Phosphate esters; Monoalkylamines; Carboxylic acid derivatives; Carboxylic acids; Carboxylic acid esters; Phosphoethanolamines; Phosphatidylserines; Phosphatidylethanolamines; Carbonyl compounds; Glycerophosphoethanolamines; Glycerophosphoserines; Alpha amino acids; Amines; Primary amines; Alkyl phosphates; Dialkyl phosphates; Fatty Acyls; Organic oxides; Hydrocarbon derivatives; Amino acids; Organopnictogen compounds; Organic oxygen compounds; Organic nitrogen compounds; Chemical entities	648.424	120	1.993	839079786294780580	839079618577138746	839079618572944441	349	
1	C38H66FN5O8	[M + H3N + H]+	C38H70FN6O8+	Polyketides	0.594	Oligopeptides	0.963	Depsipeptides	0.535	Organic acids and derivatives	0.995	Carboxylic acids and derivatives	0.990	Amino acids, peptides, and analogues	0.957	Amino acids and derivatives	0.950	Valine and derivatives	0.600	Organic compounds; Organoheterocyclic compounds; Lipids and lipid-like molecules; Amino acids, peptides, and analogues; Halobenzenes; Alpha amino acids and derivatives; Alcohols and polyols; Organic acids and derivatives; Carboxylic acids and derivatives; Organohalogen compounds; Organonitrogen compounds; Organooxygen compounds; Fatty amides; Amino acids and derivatives; Carboxylic acid amides; Aryl fluorides; Carboxylic acid derivatives; Fluorobenzenes; Carboxylic acid esters; Organofluorides; Secondary alcohols; Secondary carboxylic acid amides; Tertiary carboxylic acid amides; Carbonyl compounds; Benzene and substituted derivatives; Benzenoids; Amines; Aryl halides; Fatty Acyls; Organic oxides; Azacyclic compounds; Heteroaromatic compounds; Hydrocarbon derivatives; Valine and derivatives; Organopnictogen compounds; Organic oxygen compounds; Organic nitrogen compounds; Chemical entities	757.521	120	1.995	839079823250795675	839079618690384966	839079618690384965	352	
1	C36H68NO10P	[M + H]+	C36H69NO10P+	Fatty acids	1.000	Glycerophospholipids	1.000	Oxidized glycerophospholipids	0.892	Lipids and lipid-like molecules	0.991	Glycerophospholipids	0.999	Glycerophosphocholines	0.998	Phosphatidylcholines	0.990	Phosphatidylcholines	0.990	Organic compounds; Lipids and lipid-like molecules; Glycerophospholipids; Organic acids and derivatives; Carboxylic acids and derivatives; Organonitrogen compounds; Organooxygen compounds; Fatty acid esters; Dicarboxylic acids and derivatives; Organic phosphoric acids and derivatives; Phosphate esters; Quaternary ammonium salts; Cholines; Carboxylic acid derivatives; Carboxylic acids; Carboxylic acid esters; Phosphocholines; Phosphatidylcholines; Carbonyl compounds; Glycerophosphocholines; Amines; Alkyl phosphates; Dialkyl phosphates; Organic cations; Organic salts; Fatty Acyls; Organic oxides; Hydrocarbon derivatives; Tetraalkylammonium salts; Organopnictogen compounds; Organic oxygen compounds; Organic nitrogen compounds; Chemical entities	706.465	120	2.000	839079979329245568	839079618614887486	839079618614887485	350	
1	C37H67NO5	[M + H3N + H]+	C37H71N2O5+	Fatty acids	0.995	Spingolipids	0.764	Sphingoid bases	0.088	Organic acids and derivatives	0.998	Carboxylic acids and derivatives	0.994	Amino acids, peptides, and analogues	0.760	Amino acids and derivatives	0.757	Alpha amino acids and derivatives	0.739	Organic compounds; Lipids and lipid-like molecules; Amino acids, peptides, and analogues; Alpha amino acids and derivatives; Alcohols and polyols; Organic acids and derivatives; Carboxylic acids and derivatives; Organonitrogen compounds; Organooxygen compounds; Fatty amides; Amino acids and derivatives; Carboxylic acid amides; Carboxylic acid derivatives; Monocarboxylic acids and derivatives; Carboxylic acids; Carboxylic acid esters; Secondary alcohols; Carbonyl compounds; Fatty Acyls; Organic oxides; Hydrocarbon derivatives; Organopnictogen compounds; Organic oxygen compounds; Organic nitrogen compounds; Chemical entities	623.536	120	2.008	839079779101548503	839079618732328010	839079618732328009	353	
1	C32H62NO10P	[M - H2O + H]+	C32H61NO9P+	Fatty acids	0.999	Glycerophospholipids	1.000	Glycerophosphoserines	0.890	Lipids and lipid-like molecules	0.983	Glycerophospholipids	0.999	Glycerophosphoserines	0.895	Phosphatidylserines	0.832	Phosphatidylserines	0.832	Organic compounds; Lipids and lipid-like molecules; Amino acids, peptides, and analogues; Alpha amino acids and derivatives; Glycerophospholipids; Organic acids and derivatives; Carboxylic acids and derivatives; Organonitrogen compounds; Organooxygen compounds; Fatty acid esters; Dicarboxylic acids and derivatives; Amino acids and derivatives; Organic phosphoric acids and derivatives; Phosphate esters; Monoalkylamines; Carboxylic acid derivatives; Carboxylic acids; Carboxylic acid esters; Phosphoethanolamines; Phosphatidylserines; Carbonyl compounds; Tricarboxylic acids and derivatives; Glycerophosphoserines; Alpha amino acids; Amines; Primary amines; Alkyl phosphates; Dialkyl phosphates; Fatty Acyls; Organic oxides; L-alpha-amino acids; Hydrocarbon derivatives; Amino acids; Organopnictogen compounds; Organic oxygen compounds; Organic nitrogen compounds; Chemical entities	634.408	122	2.031	839079796629546464	839079618778465358	839079618774271053	354	
1	C39H69NO9	[M + K]+	C39H69KNO9+	Fatty acids	0.978	Fatty esters	0.610	Fatty acyl carnitines	0.587	Organic nitrogen compounds	1.000	Organonitrogen compounds	1.000	Quaternary ammonium salts	0.982	Cholines	0.725	Cholines	0.725	Organic compounds; Lipids and lipid-like molecules; Alcohols and polyols; Ethers; Organic acids and derivatives; Carboxylic acids and derivatives; Organonitrogen compounds; Organooxygen compounds; Dicarboxylic acids and derivatives; Quaternary ammonium salts; Cholines; Carboxylic acid derivatives; Carboxylic acids; Carboxylic acid esters; Secondary alcohols; Carbonyl compounds; Amines; Organic cations; Organic salts; Fatty Acyls; Organic oxides; Hydrocarbon derivatives; Tetraalkylammonium salts; Organopnictogen compounds; Organic oxygen compounds; Organic nitrogen compounds; Chemical entities	734.461	122	2.034	839079981929714188	839079618816214098	839079618816214097	355	
1	C39H72O5	[M - H2O + H]+	C39H71O4+	Fatty acids	0.999	Glycerolipids	1.000	Diacylglycerols	0.998	Lipids and lipid-like molecules	0.992	Glycerolipids	0.993	Diradylglycerols	0.980	Diacylglycerols	0.990	1,2-diacylglycerols	0.965	Organic compounds; Lipids and lipid-like molecules; Alcohols and polyols; Glycerolipids; Organic acids and derivatives; Carboxylic acids and derivatives; Primary alcohols; Organooxygen compounds; Fatty acid esters; Dicarboxylic acids and derivatives; Carboxylic acid derivatives; Diacylglycerols; Carboxylic acid esters; 1,2-diacylglycerols; Carbonyl compounds; Diradylglycerols; Fatty Acyls; Organic oxides; Hydrocarbon derivatives; Organic oxygen compounds; Chemical entities	603.535	122	2.036	839079989236191983	839079618858157142	839079618858157141	356	
1	C42H79O10P	[M + H]+	C42H80O10P+	Fatty acids	0.999	Glycerophospholipids	1.000	Glycerophosphoglycerols	0.878	Lipids and lipid-like molecules	0.988	Glycerophospholipids	0.998	Glycerophosphoglycerols	0.850	Phosphatidylglycerols	0.742	Phosphatidylglycerols	0.742	Organic compounds; Lipids and lipid-like molecules; Alcohols and polyols; Glycerophospholipids; Organic acids and derivatives; Carboxylic acids and derivatives; Organooxygen compounds; Fatty acid esters; Dicarboxylic acids and derivatives; Organic phosphoric acids and derivatives; Phosphate esters; Carboxylic acid derivatives; Carboxylic acid esters; Phosphatidylglycerols; Secondary alcohols; Carbonyl compounds; Glycerophosphoglycerols; 1,2-diols; Alkyl phosphates; Dialkyl phosphates; Fatty Acyls; Organic oxides; Hydrocarbon derivatives; Organic oxygen compounds; Chemical entities	775.549	122	2.037	839079913742911801	839079618904294490	839079618904294489	357	
1	C35H66NO10P	[M + H]+	C35H67NO10P+	Fatty acids	1.000	Glycerophospholipids	1.000	Oxidized glycerophospholipids	0.980	Lipids and lipid-like molecules	0.994	Glycerophospholipids	0.999	Glycerophosphocholines	0.998	Phosphatidylcholines	0.984	Phosphatidylcholines	0.984	Organic compounds; Lipids and lipid-like molecules; Glycerophospholipids; Organic acids and derivatives; Carboxylic acids and derivatives; Acryloyl compounds; Organonitrogen compounds; Organooxygen compounds; Fatty acid esters; Dicarboxylic acids and derivatives; Organic phosphoric acids and derivatives; Phosphate esters; Quaternary ammonium salts; Cholines; Carboxylic acid derivatives; Carboxylic acids; Carboxylic acid esters; Phosphocholines; Enones; Phosphatidylcholines; Carbonyl compounds; Glycerophosphocholines; Amines; Alpha,beta-unsaturated carbonyl compounds; Alkyl phosphates; Dialkyl phosphates; Organic cations; Organic salts; Fatty Acyls; Organic oxides; Hydrocarbon derivatives; Tetraalkylammonium salts; Organopnictogen compounds; Organic oxygen compounds; Organic nitrogen compounds; Chemical entities	692.450	122	2.038	839079766736739360	839079618950431838	839079618950431837	358	
1	C42H79O10P	[M + H3N + H]+	C42H83NO10P+	Fatty acids	0.999	Glycerophospholipids	1.000	Glycerophosphoglycerols	0.494	Lipids and lipid-like molecules	0.986	Glycerophospholipids	0.998	Glycerophosphoglycerols	0.550			Glycerophosphoglycerols	0.550	Organic compounds; Lipids and lipid-like molecules; Glycerophospholipids; Organic acids and derivatives; Carboxylic acids and derivatives; Organooxygen compounds; Fatty acid esters; Dicarboxylic acids and derivatives; Organic phosphoric acids and derivatives; Phosphate esters; Carboxylic acid derivatives; Carboxylic acid esters; 1,2-diacylglycerol-3-phosphates; Diacylglycerophosphates; Carbonyl compounds; Glycerophosphoglycerols; Alkyl phosphates; Dialkyl phosphates; Fatty Acyls; Organic oxides; Hydrocarbon derivatives; Organic oxygen compounds; Chemical entities	792.575	122	2.038	839079775339257593	839079618988180578	839079618988180577	359	
1	C35H65NO5	[M + H3N + H]+	C35H69N2O5+	Fatty acids	0.999	Fatty amides	0.726	N-acyl amines	0.419	Organic acids and derivatives	0.999	Carboxylic acids and derivatives	0.995	Amino acids, peptides, and analogues	0.607	Amino acids and derivatives	0.607	Alpha amino acids and derivatives	0.659	Organic compounds; Lipids and lipid-like molecules; Amino acids, peptides, and analogues; Alpha amino acids and derivatives; Alcohols and polyols; Organic acids and derivatives; Carboxylic acids and derivatives; Organonitrogen compounds; Organooxygen compounds; Fatty amides; Amino acids and derivatives; Carboxylic acid amides; Carboxylic acid derivatives; N-acyl amines; Monocarboxylic acids and derivatives; Carboxylic acids; Carboxylic acid esters; Secondary alcohols; Secondary carboxylic acid amides; Carbonyl compounds; Fatty Acyls; Organic oxides; Hydrocarbon derivatives; Organopnictogen compounds; Organic oxygen compounds; Organic nitrogen compounds; Chemical entities	597.521	123	2.045	839079830657937061	839079619030123622	839079619025929317	360	
1	C35H63NO5	[M + H3N + H]+	C35H67N2O5+	Fatty acids	0.998	Spingolipids	0.954	Sphingoid bases	0.483	Organic acids and derivatives	0.991	Carboxylic acids and derivatives	0.978	Amino acids, peptides, and analogues	0.574	Amino acids and derivatives	0.567	Alpha amino acids and derivatives	0.512	Organic compounds; Lipids and lipid-like molecules; Amino acids, peptides, and analogues; Alpha amino acids and derivatives; Alcohols and polyols; Organic acids and derivatives; Carboxylic acids and derivatives; Organonitrogen compounds; Organooxygen compounds; Fatty amides; Amino acids and derivatives; Carboxylic acid amides; Carboxylic acid derivatives; Monocarboxylic acids and derivatives; Carboxylic acids; Secondary alcohols; Secondary carboxylic acid amides; Carbonyl compounds; Fatty Acyls; Organic oxides; Hydrocarbon derivatives; Organopnictogen compounds; Organic oxygen compounds; Organic nitrogen compounds; Chemical entities	595.505	123	2.047	839079918218234270	839079619063678058	839079619063678057	361	
1	C37H67NO6	[M + H3N + H]+	C37H71N2O6+	Fatty acids	0.993	Spingolipids	0.828	Sphingoid bases	0.235	Organic acids and derivatives	0.996	Carboxylic acids and derivatives	0.988	Amino acids, peptides, and analogues	0.700	Amino acids and derivatives	0.694	Alpha amino acids and derivatives	0.674	Organic compounds; Lipids and lipid-like molecules; Amino acids, peptides, and analogues; Alpha amino acids and derivatives; Alcohols and polyols; Organic acids and derivatives; Carboxylic acids and derivatives; Organonitrogen compounds; Organooxygen compounds; Fatty amides; Amino acids and derivatives; Carboxylic acid amides; Carboxylic acid derivatives; N-acyl amines; Carboxylic acids; Carboxylic acid esters; Secondary alcohols; Secondary carboxylic acid amides; Carbonyl compounds; Fatty Acyls; Organic oxides; Hydrocarbon derivatives; Organopnictogen compounds; Organic oxygen compounds; Organic nitrogen compounds; Chemical entities	639.531	124	2.066	839079784453480995	839079619101426798	839079619101426797	362	
1	C37H68O5	[M - H2O + H]+	C37H67O4+	Fatty acids	1.000	Glycerolipids	1.000	Diacylglycerols	0.999	Lipids and lipid-like molecules	0.994	Glycerolipids	0.995	Diradylglycerols	0.988	Diacylglycerols	0.995	1,2-diacylglycerols	0.978	Organic compounds; Lipids and lipid-like molecules; Alcohols and polyols; Glycerolipids; Organic acids and derivatives; Carboxylic acids and derivatives; Primary alcohols; Organooxygen compounds; Fatty acid esters; Dicarboxylic acids and derivatives; Carboxylic acid derivatives; Diacylglycerols; Carboxylic acid esters; 1,2-diacylglycerols; Carbonyl compounds; Diradylglycerols; Fatty Acyls; Organic oxides; Hydrocarbon derivatives; Organic oxygen compounds; Chemical entities	575.504	124	2.067	839079782364717422	839079619139175538	839079619139175537	363	
1	C37H67NO6S2	[M + H3N + H]+	C37H71N2O6S2+	Fatty acids	0.735	Spingolipids	0.272	Open-chain polyketides	0.070	Lipids and lipid-like molecules	0.764	Fatty Acyls	0.643					Fatty Acyls	0.643	Organic compounds; Organoheterocyclic compounds; Organosulfur compounds; Lipids and lipid-like molecules; Alcohols and polyols; Organic acids and derivatives; Carboxylic acids and derivatives; Organonitrogen compounds; Organooxygen compounds; Carboxylic acid derivatives; Carboxylic acid esters; Secondary alcohols; Carbonyl compounds; Alkanesulfonic acids and derivatives; Sulfenyl compounds; Alkanesulfonic acids; Fatty Acyls; Organic oxides; Hydrocarbon derivatives; Organopnictogen compounds; Organic oxygen compounds; Organic nitrogen compounds; Chemical entities	703.474	124	2.067	839079830389501578	839079619332113542	839079619332113541	368	
1	C37H70O5	[M - H2O + H]+	C37H69O4+	Fatty acids	0.999	Glycerolipids	0.999	Diacylglycerols	0.998	Lipids and lipid-like molecules	0.986	Glycerolipids	0.989	Diradylglycerols	0.979	Diacylglycerols	0.990	1,2-diacylglycerols	0.966	Organic compounds; Lipids and lipid-like molecules; Alcohols and polyols; Glycerolipids; Organic acids and derivatives; Carboxylic acids and derivatives; Primary alcohols; Organooxygen compounds; Fatty acid esters; Dicarboxylic acids and derivatives; Carboxylic acid derivatives; Diacylglycerols; Carboxylic acid esters; 1,2-diacylglycerols; Carbonyl compounds; Diradylglycerols; Fatty Acyls; Organic oxides; Hydrocarbon derivatives; Organic oxygen compounds; Chemical entities	577.520	124	2.067	839079783321018824	839079619218867322	839079619218867321	365	
1	C32H55N3O9	[M - H2O + H]+	C32H54N3O8+	Amino acids and Peptides	0.873	Oligopeptides	0.936	Lipopeptides	0.498	Organic acids and derivatives	0.999	Peptidomimetics	0.603	Depsipeptides	0.567	Cyclic depsipeptides	0.623	Cyclic depsipeptides	0.623	Organic compounds; Organoheterocyclic compounds; Lipids and lipid-like molecules; Amino acids, peptides, and analogues; Lactones; Alpha amino acids and derivatives; Macrolactams; Alcohols and polyols; Macrolides and analogues; Lactams; Organic acids and derivatives; Carboxylic acids and derivatives; Organonitrogen compounds; Organooxygen compounds; Amino acids and derivatives; Alpha amino acid esters; Carboxylic acid amides; Carboxylic acid derivatives; Monocarboxylic acids and derivatives; Carboxylic acid esters; Secondary alcohols; Secondary carboxylic acid amides; Peptidomimetics; Carbonyl compounds; Macrolide lactams; Depsipeptides; Cyclic depsipeptides; Fatty Acyls; Organic oxides; Azacyclic compounds; Oxacyclic compounds; Hydrocarbon derivatives; Organopnictogen compounds; Organic oxygen compounds; Organic nitrogen compounds; Chemical entities	608.392	124	2.069	839079782012395833	839079619294364802	839079619294364801	367	
1	C40H77O10P	[M + H3N + H]+	C40H81NO10P+	Fatty acids	0.996	Glycerophospholipids	0.999	Glycerophosphoglycerols	0.977	Lipids and lipid-like molecules	0.974	Glycerophospholipids	0.995	Glycerophosphoglycerols	0.959	Phosphatidylglycerols	0.935	Phosphatidylglycerols	0.935	Organic compounds; Lipids and lipid-like molecules; Alcohols and polyols; Glycerophospholipids; Organic acids and derivatives; Carboxylic acids and derivatives; Primary alcohols; Organooxygen compounds; Fatty acid esters; Dicarboxylic acids and derivatives; Organic phosphoric acids and derivatives; Phosphate esters; Carboxylic acid derivatives; Carboxylic acid esters; Phosphatidylglycerols; Secondary alcohols; Carbonyl compounds; Glycerophosphoglycerols; Polyols; 1,2-diols; Alkyl phosphates; Dialkyl phosphates; Fatty Acyls; Organic oxides; Hydrocarbon derivatives; Organic oxygen compounds; Chemical entities	766.562	124	2.069	839079954813537889	839079619176924278	839079619176924277	364	
1	C45H65N3O	[M + K]+	C45H65KN3O+	Fatty acids	0.602	Fatty amides	0.271	Steroidal alkaloids	0.181	Organic acids and derivatives	0.928	Carboxylic acids and derivatives	0.872	Amino acids, peptides, and analogues	0.529	Amino acids and derivatives	0.527	Amino acids and derivatives	0.527	Organic compounds; Organoheterocyclic compounds; Lipids and lipid-like molecules; Amino acids, peptides, and analogues; Organic acids and derivatives; Carboxylic acids and derivatives; Organonitrogen compounds; Organooxygen compounds; Amino acids and derivatives; Carboxylic acid amides; Carboxylic acid derivatives; Carbonyl compounds; Trialkylamines; Amines; Tertiary amines; Organic oxides; Azacyclic compounds; Hydrocarbon derivatives; Organopnictogen compounds; Organic oxygen compounds; Organic nitrogen compounds; Chemical entities	702.471	124	2.069	839079999197664150	839079619256616062	839079619256616061	366	
1	C45H70N6O7	[M - H2O + H]+	C45H69N6O6+	Fatty acids	0.742	Oligopeptides	0.872	Lipopeptides	0.492	Organic acids and derivatives	0.992	Carboxylic acids and derivatives	0.981	Amino acids, peptides, and analogues	0.912	Amino acids and derivatives	0.901	Alpha amino acids and derivatives	0.848	Organic compounds; Organoheterocyclic compounds; Lipids and lipid-like molecules; Amino acids, peptides, and analogues; Alpha amino acids and derivatives; Alcohols and polyols; Organic acids and derivatives; Carboxylic acids and derivatives; Organonitrogen compounds; Organooxygen compounds; Fatty amides; Amino acids and derivatives; Carboxylic acid amides; Carboxylic acid derivatives; N-acyl amines; Secondary alcohols; Secondary carboxylic acid amides; Carbonyl compounds; Fatty Acyls; Organic oxides; Azacyclic compounds; Oxacyclic compounds; Hydrocarbon derivatives; Organopnictogen compounds; Organic oxygen compounds; Organic nitrogen compounds; Chemical entities	789.528	125	2.077	839079956784860843	839079619369862282	839079619369862281	369	
1	C4H14N4O2	[M + Na]+	C4H14N4NaO2+	Amino acids and Peptides	0.977	Small peptides	0.971	Aminoacids	0.988	Organic acids and derivatives	0.851	Carboxylic acids and derivatives	0.769	Amino acids, peptides, and analogues	0.524	Amino acids and derivatives	0.520	Amino acids and derivatives	0.520	Organic compounds; Amino acids, peptides, and analogues; Organic acids and derivatives; Carboxylic acids and derivatives; Organonitrogen compounds; Organooxygen compounds; Amino acids and derivatives; Monoalkylamines; Monocarboxylic acids and derivatives; Carboxylic acids; Carbonyl compounds; Amines; Primary amines; Fatty Acyls; Organic oxides; Hydrocarbon derivatives; Organopnictogen compounds; Organic oxygen compounds; Organic nitrogen compounds; Chemical entities	173.100	125	2.088	839079840103510537	839079619659269290	839079619659269289	377	
1	C35H66O5	[M - H2O + H]+	C35H65O4+	Fatty acids	1.000	Glycerolipids	1.000	Diacylglycerols	1.000	Lipids and lipid-like molecules	0.991	Glycerolipids	0.994	Diradylglycerols	0.991	Diacylglycerols	0.996	1,2-diacylglycerols	0.982	Organic compounds; Lipids and lipid-like molecules; Alcohols and polyols; Glycerolipids; Organic acids and derivatives; Carboxylic acids and derivatives; Primary alcohols; Organooxygen compounds; Fatty acid esters; Dicarboxylic acids and derivatives; Carboxylic acid derivatives; Diacylglycerols; Carboxylic acid esters; 1,2-diacylglycerols; Carbonyl compounds; Diradylglycerols; Fatty Acyls; Organic oxides; Hydrocarbon derivatives; Organic oxygen compounds; Chemical entities	549.488	125	2.089	839079862102637032	839079619407611022	839079619407611021	370	
1	C38H73O10P	[M + H3N + H]+	C38H77NO10P+	Fatty acids	0.998	Glycerophospholipids	1.000	Glycerophosphoglycerols	0.979	Lipids and lipid-like molecules	0.979	Glycerophospholipids	0.997	Glycerophosphoglycerols	0.971	Phosphatidylglycerols	0.946	Phosphatidylglycerols	0.946	Organic compounds; Lipids and lipid-like molecules; Alcohols and polyols; Glycerophospholipids; Organic acids and derivatives; Carboxylic acids and derivatives; Primary alcohols; Organooxygen compounds; Fatty acid esters; Dicarboxylic acids and derivatives; Organic phosphoric acids and derivatives; Phosphate esters; Carboxylic acid derivatives; Carboxylic acid esters; Phosphatidylglycerols; Secondary alcohols; Carbonyl compounds; Glycerophosphoglycerols; Polyols; 1,2-diols; Alkyl phosphates; Dialkyl phosphates; Fatty Acyls; Organic oxides; Hydrocarbon derivatives; Organic oxygen compounds; Chemical entities	738.529	125	2.089	839079954368941660	839079619445359762	839079619441165457	371	
1	C33H61NO5	[M + H3N + H]+	C33H65N2O5+	Fatty acids	1.000	Spingolipids	0.659	N-acyl amines	0.323	Organic acids and derivatives	1.000	Carboxylic acids and derivatives	0.998	Amino acids, peptides, and analogues	0.476	Amino acids and derivatives	0.473	Alpha amino acids and derivatives	0.535	Organic compounds; Lipids and lipid-like molecules; Alpha amino acids and derivatives; Alcohols and polyols; Organic acids and derivatives; Carboxylic acids and derivatives; Organonitrogen compounds; Organooxygen compounds; Fatty amides; Dicarboxylic acids and derivatives; Carboxylic acid amides; Carboxylic acid derivatives; N-acyl amines; Carboxylic acids; Carboxylic acid esters; Secondary alcohols; Secondary carboxylic acid amides; Carbonyl compounds; Fatty Acyls; Organic oxides; Hydrocarbon derivatives; Organopnictogen compounds; Organic oxygen compounds; Organic nitrogen compounds; Chemical entities	569.489	125	2.090	839079767995030674	839079619516662938	839079619516662937	373	
1	C8H12O4	[M + H3N + H]+	C8H16NO4+	Fatty acids	0.738	Fatty Acids and Conjugates	0.535	Iridoids monoterpenoids	0.378	Organic acids and derivatives	0.673	Carboxylic acids and derivatives	0.700	Carboxylic acids	0.526			Carboxylic acids	0.526	Organic compounds; Alcohols and polyols; Organic acids and derivatives; Carboxylic acids and derivatives; Organooxygen compounds; Monocarboxylic acids and derivatives; Carboxylic acids; Carbonyl compounds; Organic oxides; Hydrocarbon derivatives; Organic oxygen compounds; Chemical entities	190.108	125	2.091	839079981682250233	839079619478914198	839079619478914197	372	
1	C8H8O2	[M + H3N + H]+	C8H12NO2+	Terpenoids	0.336	Cyclic polyketides	0.196	Cinnamic acids and derivatives	0.112	Organic oxygen compounds	0.999	Organooxygen compounds	0.998	Carbonyl compounds	0.683			Carbonyl compounds	0.683	Organic compounds; Organooxygen compounds; Carbonyl compounds; Organic oxides; Hydrocarbon derivatives; Organic oxygen compounds; Chemical entities	154.086	126	2.093	839079936840944776	839079619554411678	839079619554411677	374	
1	C8H10O3	[M - H2O + H]+	C8H9O2+	Polyketides	0.522	Monoterpenoids	0.321	2-pyrone derivatives	0.174	Organic oxygen compounds	1.000	Organooxygen compounds	0.999	Carbonyl compounds	0.573			Carbonyl compounds	0.573	Organic compounds; Organooxygen compounds; Carbonyl compounds; Organic oxides; Hydrocarbon derivatives; Organic oxygen compounds; Chemical entities	137.060	126	2.093	839079781760737572	839079619587966114	839079619587966113	375	
1	C8H10O3	[M + H3N + H]+	C8H14NO3+	Terpenoids	0.491	Monoterpenoids	0.517	2-pyrone derivatives	0.272	Organoheterocyclic compounds	0.582	Oxacyclic compounds	0.624					Oxacyclic compounds	0.624	Organic compounds; Organoheterocyclic compounds; Organooxygen compounds; Carbonyl compounds; Organic oxides; Oxacyclic compounds; Hydrocarbon derivatives; Organic oxygen compounds; Chemical entities	172.097	126	2.094	839079794536588622	839079619625714854	839079619625714853	376	
1	C37H53NO7	[M - H2O + H]+	C37H52NO6+	Polyketides	0.566	Linear polyketides	0.826	Open-chain polyketides	0.705	Lipids and lipid-like molecules	0.798	Fatty Acyls	0.739					Fatty Acyls	0.739	Organic compounds; Organoheterocyclic compounds; Lipids and lipid-like molecules; Lactones; Alcohols and polyols; Organic acids and derivatives; Carboxylic acids and derivatives; Organonitrogen compounds; Organooxygen compounds; Carboxylic acid derivatives; Monocarboxylic acids and derivatives; Carboxylic acid esters; Secondary alcohols; Carbonyl compounds; Polyols; Fatty Acyls; Organic oxides; Oxacyclic compounds; Hydrocarbon derivatives; Organopnictogen compounds; Organic oxygen compounds; Organic nitrogen compounds; Chemical entities	606.377	126	2.097	839079882956718305	839079619806069946	839079619806069945	381	
1	C38H71O10P	[M + H3N + H]+	C38H75NO10P+	Fatty acids	0.999	Glycerophospholipids	1.000	Glycerophosphoglycerols	0.980	Lipids and lipid-like molecules	0.987	Glycerophospholipids	0.998	Glycerophosphoglycerols	0.975	Phosphatidylglycerols	0.925	Phosphatidylglycerols	0.925	Organic compounds; Lipids and lipid-like molecules; Alcohols and polyols; Glycerophospholipids; Organic acids and derivatives; Carboxylic acids and derivatives; Primary alcohols; Organooxygen compounds; Fatty acid esters; Dicarboxylic acids and derivatives; Organic phosphoric acids and derivatives; Phosphate esters; Carboxylic acid derivatives; Carboxylic acid esters; Phosphatidylglycerols; Secondary alcohols; Carbonyl compounds; Glycerophosphoglycerols; Polyols; 1,2-diols; Alkyl phosphates; Dialkyl phosphates; Fatty Acyls; Organic oxides; Hydrocarbon derivatives; Organic oxygen compounds; Chemical entities	736.513	126	2.098	839080039953716647	839079619697018030	839079619692823725	378	
1	C35H64O5	[M - H2O + H]+	C35H63O4+	Fatty acids	1.000	Glycerolipids	1.000	Diacylglycerols	0.999	Lipids and lipid-like molecules	0.996	Glycerolipids	0.997	Diradylglycerols	0.992	Diacylglycerols	0.996	1,2-diacylglycerols	0.986	Organic compounds; Lipids and lipid-like molecules; Alcohols and polyols; Glycerolipids; Organic acids and derivatives; Carboxylic acids and derivatives; Primary alcohols; Organooxygen compounds; Fatty acid esters; Dicarboxylic acids and derivatives; Carboxylic acid derivatives; Diacylglycerols; Carboxylic acid esters; 1,2-diacylglycerols; Carbonyl compounds; Diradylglycerols; Fatty Acyls; Organic oxides; Hydrocarbon derivatives; Organic oxygen compounds; Chemical entities	547.473	126	2.100	839079983850705439	839079619730572466	839079619730572465	379	
1	C8H9F3O2	[M + H3N + H]+	C8H13F3NO2+	Fatty acids	0.712	Fatty Acids and Conjugates	0.541	Halogenated fatty acids	0.812	Organohalogen compounds	1.000	Alkyl halides	0.995	Alkyl fluorides	0.994			Alkyl fluorides	0.994	Organic compounds; Organohalogen compounds; Organooxygen compounds; Alkyl fluorides; Organofluorides; Carbonyl compounds; Alkyl halides; Organic oxides; Hydrocarbon derivatives; Organic oxygen compounds; Chemical entities	212.089	126	2.102	839080018504045802	839079619768321206	839079619768321205	380	
1	C42H69NO6	[M + Na]+	C42H69NNaO6+	Fatty acids	1.000	Glycerolipids	0.933	Glycerophosphoserines	0.291	Organic acids and derivatives	1.000	Carboxylic acids and derivatives	1.000	Amino acids, peptides, and analogues	0.816	Amino acids and derivatives	0.818	Amino acids and derivatives	0.818	Organic compounds; Lipids and lipid-like molecules; Amino acids, peptides, and analogues; Glycerolipids; Organic acids and derivatives; Carboxylic acids and derivatives; Organonitrogen compounds; Organooxygen compounds; Fatty acid esters; Dicarboxylic acids and derivatives; Amino acids and derivatives; Carboxylic acid derivatives; Carboxylic acid esters; Carbonyl compounds; Tricarboxylic acids and derivatives; Amines; Fatty Acyls; Organic oxides; Hydrocarbon derivatives; Organopnictogen compounds; Organic oxygen compounds; Organic nitrogen compounds; Chemical entities	706.501	127	2.124	839079869962763427	839079619868984510	839079619868984509	382	
1	C20H39NO2	[M + H3N + H]+	C20H43N2O2+	Fatty acids	0.990	Fatty amides	0.977	N-acyl ethanolamines (endocannabinoids)	0.822	Lipids and lipid-like molecules	0.833	Fatty Acyls	0.837	Fatty amides	0.836	N-acyl amines	0.868	N-acyl amines	0.868	Organic compounds; Lipids and lipid-like molecules; Alcohols and polyols; Organic acids and derivatives; Carboxylic acids and derivatives; Organonitrogen compounds; Organooxygen compounds; Fatty amides; Carboxylic acid amides; Carboxylic acid derivatives; N-acyl amines; Tertiary carboxylic acid amides; Carbonyl compounds; Fatty Acyls; Organic oxides; Hydrocarbon derivatives; Organopnictogen compounds; Organic oxygen compounds; Organic nitrogen compounds; Chemical entities	343.332	128	2.127	839079770297703743	839079619915121858	839079619915121857	383	
1	C5H2N4O	[M + H3N + H]+	C5H6N5O+	Alkaloids	0.991	Pseudoalkaloids (transamidation)	0.946	Purine alkaloids	0.982	Organoheterocyclic compounds	0.999	Imidazopyrimidines	0.776	Purines and purine derivatives	0.660			Purines and purine derivatives	0.660	Organic compounds; Organoheterocyclic compounds; Pyrimidines and pyrimidine derivatives; Imidazoles; Purines and purine derivatives; Organic acids and derivatives; Organonitrogen compounds; Pyrimidones; Organooxygen compounds; Azoles; Diazines; Imidazopyrimidines; Organic oxides; Azacyclic compounds; Heteroaromatic compounds; Hydrocarbon derivatives; Organopnictogen compounds; Organic oxygen compounds; Organic nitrogen compounds; Chemical entities	152.057	128	2.132	839079785917293170	839079619961259206	839079619961259205	384	
1	C35H63NO6	[M + H3N + H]+	C35H67N2O6+	Fatty acids	0.923	Spingolipids	0.287	Aminoacids	0.251	Organic acids and derivatives	0.998	Carboxylic acids and derivatives	0.994	Amino acids, peptides, and analogues	0.869	Amino acids and derivatives	0.867	Alpha amino acids and derivatives	0.866	Organic compounds; Organoheterocyclic compounds; Lipids and lipid-like molecules; Amino acids, peptides, and analogues; Alpha amino acids and derivatives; Alcohols and polyols; Organic acids and derivatives; Carboxylic acids and derivatives; Organonitrogen compounds; Organooxygen compounds; Dicarboxylic acids and derivatives; Amino acids and derivatives; Carboxylic acid amides; Carboxylic acid derivatives; Monocarboxylic acids and derivatives; Carboxylic acids; Carboxylic acid esters; Secondary alcohols; Carbonyl compounds; Fatty Acyls; Organic oxides; Hydrocarbon derivatives; Organopnictogen compounds; Organic oxygen compounds; Organic nitrogen compounds; Chemical entities	611.500	128	2.135	839079924371278490	839079620015785162	839079620015785161	385	
1	C9H16O2	[M + H3N + H]+	C9H20NO2+	Fatty acids	0.967	Fatty acyls	0.904	Oxygenated hydrocarbons	0.484	Organic oxygen compounds	1.000	Organooxygen compounds	1.000	Carbonyl compounds	0.859	Ketones	0.655	Ketones	0.655	Organic compounds; Ketones; Alcohols and polyols; Organooxygen compounds; Carbonyl compounds; Organic oxides; Hydrocarbon derivatives; Organic oxygen compounds; Chemical entities	174.149	128	2.136	839079830628576927	839079620053533902	839079620053533901	386	
1	C8H18NO3	[M + H3N + H]+	C8H22N2O3+	Amino acids and Peptides	0.953	Small peptides	0.954	Aminoacids	0.923	Organic acids and derivatives	0.997	Carboxylic acids and derivatives	0.996	Amino acids, peptides, and analogues	0.920	Amino acids and derivatives	0.918	Alpha amino acids and derivatives	0.620	Organic compounds; Lipids and lipid-like molecules; Amino acids, peptides, and analogues; Alpha amino acids and derivatives; Alcohols and polyols; Fatty acids and conjugates; Organic acids and derivatives; Carboxylic acids and derivatives; Organonitrogen compounds; Organooxygen compounds; Branched fatty acids; Amino acids and derivatives; Monoalkylamines; Monocarboxylic acids and derivatives; Carboxylic acids; Carbonyl compounds; Amines; Primary amines; Methyl-branched fatty acids; Fatty Acyls; Organic oxides; Hydrocarbon derivatives; Amino acids; Organopnictogen compounds; Organic oxygen compounds; Organic nitrogen compounds; Chemical entities	194.164	128	2.137	839079831098339022	839079620129031382	839079620129031381	388	
1	C9H18O3	[M + H3N + H]+	C9H22NO3+	Fatty acids	0.932	Fatty acyls	0.543	Fatty alcohols	0.669	Lipids and lipid-like molecules	0.615	Fatty Acyls	0.583					Fatty Acyls	0.583	Organic compounds; Lipids and lipid-like molecules; Alcohols and polyols; Primary alcohols; Organooxygen compounds; Fatty Acyls; Hydrocarbon derivatives; Organic oxygen compounds; Chemical entities	192.159	128	2.138	839079765059017542	839079620091282642	839079620091282641	387	
1	C11H14N2	[M + H3N + H]+	C11H18N3+	Alkaloids	0.971	Tryptophan alkaloids	0.681	Simple indole alkaloids	0.780	Benzenoids	0.619							Benzenoids	0.619	Organic compounds; Organoheterocyclic compounds; Organonitrogen compounds; Benzenoids; Azacyclic compounds; Hydrocarbon derivatives; Organopnictogen compounds; Organic nitrogen compounds; Chemical entities	192.150	128	2.138	839079774332624493	839079620162585818	839079620162585817	389	
1	C9H21NO3	[M + Na]+	C9H21NNaO3+	Fatty acids	0.982	Fatty amides	0.486	Sphingoid bases	0.491	Organic nitrogen compounds	0.997	Organonitrogen compounds	0.993	Amines	0.756	Alkanolamines	0.623	Alkanolamines	0.623	Organic compounds; Alcohols and polyols; Organonitrogen compounds; Primary alcohols; Organooxygen compounds; Amines; Alkanolamines; Hydrocarbon derivatives; Organopnictogen compounds; Organic oxygen compounds; Organic nitrogen compounds; Chemical entities	214.141	130	2.159	839079802879059882	839079620368106738	839079620368106737	395	
1	C10H23NO3S2	[M - H2O + H]+	C10H22NO2S2+	Fatty acids	0.910	Fatty amides	0.593	N-acyl amines	0.278	Organosulfur compounds	0.925	Sulfenyl compounds	0.643					Sulfenyl compounds	0.643	Organic compounds; Organosulfur compounds; Organic acids and derivatives; Organonitrogen compounds; Organooxygen compounds; Carbonyl compounds; Sulfenyl compounds; Organic oxides; Hydrocarbon derivatives; Organic oxygen compounds; Organic nitrogen compounds; Chemical entities	252.109	130	2.163	839079777339940736	839079620401661174	839079620401661173	396	
1	C33H51NO6	[M + Na]+	C33H51NNaO6+	Fatty acids	1.000	Spingolipids	0.255	Triacylglycerols	0.053	Lipids and lipid-like molecules	0.961	Fatty Acyls	0.981	Fatty acid esters	0.979			Fatty acid esters	0.979	Organic compounds; Lipids and lipid-like molecules; Organic acids and derivatives; Carboxylic acids and derivatives; Organonitrogen compounds; Organooxygen compounds; Fatty acid esters; Dicarboxylic acids and derivatives; Carboxylic acid derivatives; Carboxylic acid esters; Carbonyl compounds; Fatty Acyls; Organic oxides; Hydrocarbon derivatives; Organopnictogen compounds; Organic oxygen compounds; Organic nitrogen compounds; Chemical entities	580.362	132	2.196	839079772529073609	839079620439409914	839079620439409913	397	
1	C25H32O6	[M + H3N + H]+	C25H36NO6+	Shikimates and Phenylpropanoids	0.894	Coumarins	0.369	Furocoumarins	0.454	Organoheterocyclic compounds	0.696	Benzopyrans	0.508	1-benzopyrans	0.537			1-benzopyrans	0.537	Organic compounds; Organoheterocyclic compounds; Benzopyrans; Alkyl aryl ethers; Anisoles; Ethers; Phenylpropanoids and polyketides; Organooxygen compounds; Carbonyl compounds; Phenol ethers; Benzenoids; 1-benzopyrans; Organic oxides; Oxacyclic compounds; Hydrocarbon derivatives; Organic oxygen compounds; Chemical entities	446.254	132	2.200	839079797044782631	839079620540073222	839079620540073221	400	
1	C37H68NO10P	[M + H]+	C37H69NO10P+	Fatty acids	1.000	Glycerophospholipids	1.000	Glycerophosphoserines	0.909	Lipids and lipid-like molecules	0.994	Glycerophospholipids	1.000	Glycerophosphoethanolamines	0.588	Phosphatidylethanolamines	0.559	Phosphatidylethanolamines	0.559	Organic compounds; Lipids and lipid-like molecules; Amino acids, peptides, and analogues; Alpha amino acids and derivatives; Glycerophospholipids; Organic acids and derivatives; Carboxylic acids and derivatives; Organonitrogen compounds; Organooxygen compounds; Fatty acid esters; Amino acids and derivatives; Organic phosphoric acids and derivatives; Phosphate esters; Monoalkylamines; Carboxylic acid derivatives; Carboxylic acids; Carboxylic acid esters; Phosphoethanolamines; Phosphatidylserines; Phosphatidylethanolamines; Carbonyl compounds; Tricarboxylic acids and derivatives; Glycerophosphoethanolamines; Glycerophosphoserines; Alpha amino acids; Amines; Primary amines; Alkyl phosphates; Dialkyl phosphates; Fatty Acyls; Organic oxides; L-alpha-amino acids; Hydrocarbon derivatives; Amino acids; Organopnictogen compounds; Organic oxygen compounds; Organic nitrogen compounds; Chemical entities	718.467	132	2.208	839079968050761743	839079620506518786	839079620506518785	399	
1	C6H8N2O3	[M - H2O + H]+	C6H7N2O2+	Alkaloids	0.572	Small peptides	0.224	Aminoacids	0.219	Organoheterocyclic compounds	0.964	Heteroaromatic compounds	0.935					Heteroaromatic compounds	0.935	Organic compounds; Organoheterocyclic compounds; Organic acids and derivatives; Carboxylic acids and derivatives; Organonitrogen compounds; Organooxygen compounds; Monocarboxylic acids and derivatives; Carboxylic acids; Carbonyl compounds; Organic oxides; Azacyclic compounds; Heteroaromatic compounds; Hydrocarbon derivatives; Organopnictogen compounds; Organic oxygen compounds; Organic nitrogen compounds; Chemical entities	139.050	133	2.214	839079968759599183	839079620472964350	839079620472964349	398	
1	C35H61NO7	[M + H3N + H]+	C35H65N2O7+	Fatty acids	0.963	Spingolipids	0.964	Sphingoid bases	0.617	Organic acids and derivatives	0.980	Carboxylic acids and derivatives	0.957	Amino acids, peptides, and analogues	0.674	Amino acids and derivatives	0.668	Alpha amino acids and derivatives	0.588	Organic compounds; Organoheterocyclic compounds; Lipids and lipid-like molecules; Amino acids, peptides, and analogues; Alpha amino acids and derivatives; Alcohols and polyols; Organic acids and derivatives; Carboxylic acids and derivatives; Organonitrogen compounds; Organooxygen compounds; Amino acids and derivatives; Carboxylic acid amides; Carboxylic acid derivatives; Carboxylic acid esters; Secondary alcohols; Secondary carboxylic acid amides; Carbonyl compounds; Fatty Acyls; Organic oxides; Oxacyclic compounds; Hydrocarbon derivatives; Organopnictogen compounds; Organic oxygen compounds; Organic nitrogen compounds; Chemical entities	625.479	133	2.216	839079771405000080	839079620615570702	839079620615570701	402	
1	C27H54NO7P	[M + H]+	C27H55NO7P+	Fatty acids	1.000	Glycerophospholipids	1.000	Glycerophosphocholines	1.000	Lipids and lipid-like molecules	0.991	Glycerophospholipids	0.999	Glycerophosphocholines	0.999	Lysophosphatidylcholines	0.988	1-acyl-sn-glycero-3-phosphocholines	0.980	Organic compounds; Lipids and lipid-like molecules; Alcohols and polyols; Glycerophospholipids; Organic acids and derivatives; Carboxylic acids and derivatives; Organonitrogen compounds; Organooxygen compounds; Fatty acid esters; Organic phosphoric acids and derivatives; Phosphate esters; Quaternary ammonium salts; Cholines; Carboxylic acid derivatives; Monocarboxylic acids and derivatives; Carboxylic acid esters; Phosphocholines; Lysophosphatidylcholines; 1-acyl-sn-glycero-3-phosphocholines; Secondary alcohols; Carbonyl compounds; Glycerophosphocholines; Amines; Alkyl phosphates; Dialkyl phosphates; Organic cations; Organic salts; Fatty Acyls; Organic oxides; Hydrocarbon derivatives; Tetraalkylammonium salts; Organopnictogen compounds; Organic oxygen compounds; Organic nitrogen compounds; Chemical entities	536.371	134	2.227	839079767181335654	839079620653319442	839079620653319441	403	
1	C27H45N5O5	[M + H3N + H]+	C27H49N6O5+	Fatty acids	0.975	Spingolipids	0.883	Ceramides	0.122	Lipids and lipid-like molecules	0.963	Sphingolipids	0.913	Ceramides	0.925			Ceramides	0.925	Organic compounds; Lipids and lipid-like molecules; Amino acids, peptides, and analogues; Alcohols and polyols; Sphingolipids; Organic acids and derivatives; Carboxylic acids and derivatives; Organonitrogen compounds; Primary alcohols; Organooxygen compounds; Fatty amides; Amino acids and derivatives; Azoles; Carboxylic acid amides; Carboxylic acid derivatives; N-acyl amines; Organic nitro compounds; Ceramides; Organic oxoazanium compounds; Secondary alcohols; Secondary carboxylic acid amides; Carbonyl compounds; Benzoxadiazoles; Furazans; Amines; Organic zwitterions; Organic 1,3-dipolar compounds; Allyl-type 1,3-dipolar organic compounds; Propargyl-type 1,3-dipolar organic compounds; Fatty Acyls; Organic oxides; C-nitro compounds; Azacyclic compounds; Heteroaromatic compounds; Hydrocarbon derivatives; Organopnictogen compounds; Organic oxygen compounds; Nitroaromatic compounds; Organic nitrogen compounds; Chemical entities	537.375	134	2.227	839079770427727179	839079620577821962	839079620577821961	401	
1	C24H48NO7P	[M + H]+	C24H49NO7P+	Fatty acids	1.000	Glycerophospholipids	1.000	Glycerophosphoethanolamines	0.998	Organic acids and derivatives	0.999	Carboxylic acids and derivatives	0.993	Amino acids, peptides, and analogues	0.952	Amino acids and derivatives	0.951	Amino acids and derivatives	0.951	Organic compounds; Lipids and lipid-like molecules; Amino acids, peptides, and analogues; Alcohols and polyols; Glycerophospholipids; Organic acids and derivatives; Carboxylic acids and derivatives; Organonitrogen compounds; Organooxygen compounds; Fatty acid esters; Amino acids and derivatives; Organic phosphoric acids and derivatives; Phosphate esters; Monoalkylamines; Carboxylic acid derivatives; Monocarboxylic acids and derivatives; Carboxylic acid esters; Phosphoethanolamines; Lysophosphatidylethanolamines; Secondary alcohols; 1-acyl-sn-glycero-3-phosphoethanolamines; Carbonyl compounds; Glycerophosphoethanolamines; Amines; Primary amines; Alkyl phosphates; Dialkyl phosphates; Fatty Acyls; Organic oxides; Hydrocarbon derivatives; Organopnictogen compounds; Organic oxygen compounds; Organic nitrogen compounds; Chemical entities	494.324	134	2.233	839079793605453007	839079620691068182	839079620691068181	404	
1	C30H58NO11P	[M - H2O + H]+	C30H57NO10P+	Fatty acids	1.000	Glycerophospholipids	1.000	Glycerophosphoserines	0.989	Lipids and lipid-like molecules	0.993	Glycerophospholipids	1.000	Glycerophosphoserines	0.998	Phosphatidylserines	0.809	Phosphatidylserines	0.809	Organic compounds; Lipids and lipid-like molecules; Amino acids, peptides, and analogues; Alpha amino acids and derivatives; Alcohols and polyols; Glycerophospholipids; Organic acids and derivatives; Carboxylic acids and derivatives; Organonitrogen compounds; Organooxygen compounds; Fatty acid esters; Amino acids and derivatives; Organic phosphoric acids and derivatives; Phosphate esters; Monoalkylamines; Carboxylic acid derivatives; Carboxylic acids; Carboxylic acid esters; Phosphoethanolamines; Phosphatidylserines; Lysophosphatidylserines; Secondary alcohols; 1-acyl-glycerol-3-phosphoserines; Carbonyl compounds; Tricarboxylic acids and derivatives; Glycerophosphoserines; Alpha amino acids; Amines; Primary amines; Alkyl phosphates; Dialkyl phosphates; Fatty Acyls; Organic oxides; L-alpha-amino acids; Hydrocarbon derivatives; Amino acids; Organopnictogen compounds; Organic oxygen compounds; Organic nitrogen compounds; Chemical entities	622.372	134	2.236	839079791017567242	839079620829480230	839079620829480229	408	
1	C7H14O2	[M + H3N + H]+	C7H18NO2+	Fatty acids	0.925	Fatty acyls	0.584	Fatty alcohols	0.590	Organic oxygen compounds	0.999	Organooxygen compounds	0.999	Alcohols and polyols	0.837			Alcohols and polyols	0.837	Organic compounds; Alcohols and polyols; Organooxygen compounds; Hydrocarbon derivatives; Organic oxygen compounds; Chemical entities	148.133	134	2.239	839079772134809012	839079620724622618	839079620724622617	405	
1	C37H69NO6	[M + H3N + H]+	C37H73N2O6+	Fatty acids	1.000	Spingolipids	0.968	Sphingoid bases	0.388	Organic acids and derivatives	0.999	Carboxylic acids and derivatives	0.998	Amino acids, peptides, and analogues	0.832	Amino acids and derivatives	0.830	Alpha amino acids and derivatives	0.864	Organic compounds; Lipids and lipid-like molecules; Amino acids, peptides, and analogues; Alpha amino acids and derivatives; Alcohols and polyols; Organic acids and derivatives; Carboxylic acids and derivatives; Organonitrogen compounds; Organooxygen compounds; Fatty acid esters; Fatty amides; Dicarboxylic acids and derivatives; Amino acids and derivatives; Carboxylic acid amides; Carboxylic acid derivatives; N-acyl amines; Carboxylic acids; Carboxylic acid esters; Secondary alcohols; Secondary carboxylic acid amides; Carbonyl compounds; Fatty Acyls; Organic oxides; Hydrocarbon derivatives; Organopnictogen compounds; Organic oxygen compounds; Organic nitrogen compounds; Chemical entities	641.547	134	2.240	839079774001274419	839079620758177054	839079620758177053	406	
1	C8H9N5O3	[M - H2O + H]+	C8H8N5O2+	Alkaloids	0.534	Pseudoalkaloids (transamidation)	0.360	Purine alkaloids	0.504	Organoheterocyclic compounds	0.998	Pteridines and derivatives	0.946	Pterins and derivatives	0.972	Biopterins and derivatives	0.635	Biopterins and derivatives	0.635	Organic compounds; Organoheterocyclic compounds; Pyrimidines and pyrimidine derivatives; Pteridines and derivatives; Pterins and derivatives; Alcohols and polyols; Organic acids and derivatives; Organonitrogen compounds; Pyrimidones; Organooxygen compounds; Aminopyrimidines and derivatives; Diazines; Biopterins and derivatives; Amines; Primary amines; Vinylogous amides; Organic oxides; Azacyclic compounds; Heteroaromatic compounds; Hydrocarbon derivatives; Organopnictogen compounds; Organic oxygen compounds; Organic nitrogen compounds; Chemical entities	206.067	135	2.243	839079776815652700	839079620863034666	839079620863034665	409	
1	C10H21NO3S2	[M - H2O + H]+	C10H20NO2S2+	Fatty acids	0.943	Fatty amides	0.550	Primary amides	0.100	Lipids and lipid-like molecules	0.923	Fatty Acyls	0.938	Fatty acids and conjugates	0.927	Medium-chain fatty acids	0.697	Medium-chain fatty acids	0.697	Organic compounds; Organosulfur compounds; Lipids and lipid-like molecules; Fatty acids and conjugates; Organic acids and derivatives; Carboxylic acids and derivatives; Organonitrogen compounds; Organooxygen compounds; Monocarboxylic acids and derivatives; Carboxylic acids; Carbonyl compounds; Heterocyclic fatty acids; Medium-chain fatty acids; Sulfenyl compounds; Fatty Acyls; Dithiocarbamic acids and derivatives; Dithiocarbamic acid esters; Organic oxides; Hydrocarbon derivatives; Organopnictogen compounds; Organic oxygen compounds; Organic nitrogen compounds; Chemical entities	250.093	135	2.247	839079792263275641	839079620896589102	839079620896589101	410	
1	C41H62N2O7	[M + H3N + H]+	C41H66N3O7+	Fatty acids	0.601	Linear polyketides	0.286	Open-chain polyketides	0.153	Lipids and lipid-like molecules	0.833	Fatty Acyls	0.669					Fatty Acyls	0.669	Organic compounds; Lipids and lipid-like molecules; Ketones; Alcohols and polyols; Organic acids and derivatives; Carboxylic acids and derivatives; Organonitrogen compounds; Organooxygen compounds; Carboxylic acid derivatives; Carboxylic acid esters; Secondary alcohols; Carbonyl compounds; Amines; Fatty Acyls; Organic oxides; Hydrocarbon derivatives; Organopnictogen compounds; Organic oxygen compounds; Organic nitrogen compounds; Chemical entities	712.489	136	2.261	839079804569364529	839079620791731490	839079620791731489	407	
1	C42H60O8	[M + H3N + H]+	C42H64NO8+	Fatty acids	0.573	Glycerolipids	0.892	Diacylglycerols	0.512	Lipids and lipid-like molecules	0.957	Fatty Acyls	0.904	Fatty alcohols	0.665			Fatty alcohols	0.665	Organic compounds; Lipids and lipid-like molecules; Alcohols and polyols; Glycerolipids; Organic acids and derivatives; Carboxylic acids and derivatives; Primary alcohols; Organooxygen compounds; Fatty acid esters; Carboxylic acid derivatives; Carboxylic acid esters; Fatty alcohols; Secondary alcohols; Carbonyl compounds; Fatty Acyls; Organic oxides; Hydrocarbon derivatives; Organic oxygen compounds; Chemical entities	710.461	136	2.263	839079814056880715	839079621014029626	839079621014029625	413	
1	C32H58O6	[M - H2O + H]+	C32H57O5+	Fatty acids	1.000	Glycerolipids	0.999	Diacylglycerols	0.995	Lipids and lipid-like molecules	0.985	Glycerolipids	0.992	Diradylglycerols	0.968	Diacylglycerols	0.976	1,2-diacylglycerols	0.960	Organic compounds; Lipids and lipid-like molecules; Alcohols and polyols; Glycerolipids; Organic acids and derivatives; Carboxylic acids and derivatives; Primary alcohols; Organooxygen compounds; Fatty acid esters; Dicarboxylic acids and derivatives; Carboxylic acid derivatives; Diacylglycerols; Carboxylic acid esters; 1,2-diacylglycerols; Secondary alcohols; Carbonyl compounds; Diradylglycerols; Fatty Acyls; Organic oxides; Hydrocarbon derivatives; Organic oxygen compounds; Chemical entities	521.421	136	2.263	839079882184966262	839079620934337842	839079620934337841	411	
1	C37H64O8	[M + K]+	C37H64KO8+	Polyketides	0.945	Linear polyketides	0.579	Open-chain polyketides	0.250	Lipids and lipid-like molecules	0.937	Fatty Acyls	0.947	Fatty alcohols	0.558			Fatty alcohols	0.558	Organic compounds; Lipids and lipid-like molecules; Alcohols and polyols; Glycerolipids; Organic acids and derivatives; Carboxylic acids and derivatives; Organooxygen compounds; Fatty acid esters; Dicarboxylic acids and derivatives; Carboxylic acid derivatives; Carboxylic acid esters; Fatty alcohols; Secondary alcohols; Carbonyl compounds; Fatty Acyls; Organic oxides; Hydrocarbon derivatives; Organic oxygen compounds; Chemical entities	675.424	136	2.265	839079832767672232	839079620972086582	839079620972086581	412	
1	C35H51N7O8	[M + H3N + H]+	C35H55N8O8+	Amino acids and Peptides	0.975	Oligopeptides	0.989	Lipopeptides	0.251	Organic acids and derivatives	0.999	Carboxylic acids and derivatives	0.996	Amino acids, peptides, and analogues	0.983	Peptides	0.699	Peptides	0.699	Organic compounds; Lipids and lipid-like molecules; Amino acids, peptides, and analogues; Alpha amino acids and derivatives; Organic acids and derivatives; Carboxylic acids and derivatives; Organonitrogen compounds; Organooxygen compounds; Fatty amides; Amino acids and derivatives; Peptides; Carboxylic acid amides; Carboxylic acid derivatives; N-acyl amines; Monocarboxylic acids and derivatives; N-acyl-alpha amino acids and derivatives; Carboxylic acids; Primary carboxylic acid amides; Secondary carboxylic acid amides; Tertiary carboxylic acid amides; Carbonyl compounds; Alpha amino acid amides; N-acyl-alpha amino acids; Fatty Acyls; Organic oxides; Hydrocarbon derivatives; Organopnictogen compounds; Organic oxygen compounds; Organic nitrogen compounds; Chemical entities	715.416	136	2.266	839079896223303243	839079621047584062	839079621047584061	414	
1	C26H52NO7P	[M + H]+	C26H53NO7P+	Fatty acids	1.000	Glycerophospholipids	1.000	Glycerophosphocholines	0.999	Lipids and lipid-like molecules	0.987	Glycerophospholipids	0.999	Glycerophosphocholines	0.999	Lysophosphatidylcholines	0.990	1-acyl-sn-glycero-3-phosphocholines	0.981	Organic compounds; Lipids and lipid-like molecules; Alcohols and polyols; Glycerophospholipids; Organic acids and derivatives; Carboxylic acids and derivatives; Organonitrogen compounds; Organooxygen compounds; Fatty acid esters; Organic phosphoric acids and derivatives; Phosphate esters; Quaternary ammonium salts; Cholines; Carboxylic acid derivatives; Monocarboxylic acids and derivatives; Carboxylic acid esters; Phosphocholines; Lysophosphatidylcholines; 1-acyl-sn-glycero-3-phosphocholines; Secondary alcohols; Carbonyl compounds; Glycerophosphocholines; Amines; Alkyl phosphates; Dialkyl phosphates; Organic cations; Organic salts; Fatty Acyls; Organic oxides; Hydrocarbon derivatives; Tetraalkylammonium salts; Organopnictogen compounds; Organic oxygen compounds; Organic nitrogen compounds; Chemical entities	522.356	136	2.267	839079783618814440	839079621089527106	839079621089527105	415	
1	C47H72O8	[M + Na]+	C47H72NaO8+	Fatty acids	0.953	Glycerolipids	0.994	Diacylglycerols	0.546	Lipids and lipid-like molecules	0.977	Glycerolipids	0.983	Triradylcglycerols	0.618	Triacylglycerols	0.578	Triacylglycerols	0.578	Organic compounds; Lipids and lipid-like molecules; Alcohols and polyols; Glycerolipids; Organic acids and derivatives; Carboxylic acids and derivatives; Organooxygen compounds; Fatty acid esters; Carboxylic acid derivatives; Triacylglycerols; Carboxylic acid esters; Carbonyl compounds; Triradylcglycerols; Fatty Acyls; Organic oxides; Hydrocarbon derivatives; Organic oxygen compounds; Chemical entities	787.514	137	2.278	839079788039611145	839079621165024586	839079621165024585	417	
1	C30H42N2O6	[M + H3N + H]+	C30H46N3O6+	Alkaloids	0.415	Tyrosine alkaloids	0.457	Isoquinoline alkaloids	0.242	Benzenoids	0.628							Benzenoids	0.628	Organic compounds; Organoheterocyclic compounds; Ethers; Organic acids and derivatives; Carboxylic acids and derivatives; Organonitrogen compounds; Organooxygen compounds; Carboxylic acid derivatives; Carbonyl compounds; Benzenoids; Amines; Organic oxides; Azacyclic compounds; Oxacyclic compounds; Hydrocarbon derivatives; Organopnictogen compounds; Organic oxygen compounds; Organic nitrogen compounds; Chemical entities	544.338	137	2.279	839079809522837843	839079621127275846	839079621127275845	416	
1	C38H65N11O7	[M + H]+	C38H66N11O7+	Fatty acids	0.797	Oligopeptides	0.745	Lipopeptides	0.209	Organic acids and derivatives	0.982	Carboxylic acids and derivatives	0.974	Amino acids, peptides, and analogues	0.897	Amino acids and derivatives	0.883	Alpha amino acid amides	0.569	Organic compounds; Organoheterocyclic compounds; Lipids and lipid-like molecules; Amino acids, peptides, and analogues; Alpha amino acids and derivatives; Alcohols and polyols; Organic acids and derivatives; Carboxylic acids and derivatives; Organonitrogen compounds; Organooxygen compounds; Fatty amides; Amino acids and derivatives; Azoles; Carboxylic acid amides; Carboxylic acid derivatives; N-acyl amines; Organic nitro compounds; Organic oxoazanium compounds; Secondary alcohols; Secondary carboxylic acid amides; Carbonyl compounds; Benzoxadiazoles; Furazans; Alpha amino acid amides; Amines; Organic zwitterions; Organic 1,3-dipolar compounds; Allyl-type 1,3-dipolar organic compounds; Propargyl-type 1,3-dipolar organic compounds; Fatty Acyls; Organic oxides; C-nitro compounds; Azacyclic compounds; Heteroaromatic compounds; Hydrocarbon derivatives; Organopnictogen compounds; Organic oxygen compounds; Nitroaromatic compounds; Organic nitrogen compounds; Chemical entities	788.515	137	2.280	839079799641056963	839079621202773326	839079621202773325	418	
1	C7H13NO4	[M + Na]+	C7H13NNaO4+	Amino acids and Peptides	0.962	Small peptides	0.874	Aminoacids	0.794	Organic acids and derivatives	0.989	Carboxylic acids and derivatives	0.982	Amino acids, peptides, and analogues	0.663	Amino acids and derivatives	0.660	Amino acids and derivatives	0.660	Organic compounds; Lipids and lipid-like molecules; Amino acids, peptides, and analogues; Alcohols and polyols; Fatty acids and conjugates; Organic acids and derivatives; Carboxylic acids and derivatives; Organonitrogen compounds; Organooxygen compounds; Amino acids and derivatives; Carboxylic acid amides; Carboxylic acid derivatives; Monocarboxylic acids and derivatives; Carboxylic acids; Carbonyl compounds; Fatty Acyls; Organic oxides; Hydrocarbon derivatives; Organopnictogen compounds; Organic oxygen compounds; Organic nitrogen compounds; Chemical entities	198.074	137	2.286	839079777377689487	839079621236327762	839079621236327761	419	
1	C7H8O3	[M + H3N + H]+	C7H12NO3+	Polyketides	0.597	Cyclic polyketides	0.536	2-pyrone derivatives	0.422	Organic acids and derivatives	0.776	Carboxylic acids and derivatives	0.727	Monocarboxylic acids and derivatives	0.573			Monocarboxylic acids and derivatives	0.573	Organic compounds; Organic acids and derivatives; Carboxylic acids and derivatives; Organooxygen compounds; Monocarboxylic acids and derivatives; Carbonyl compounds; Organic oxides; Oxacyclic compounds; Hydrocarbon derivatives; Organic oxygen compounds; Chemical entities	158.081	137	2.287	839079775548972796	839079621274076502	839079621274076501	420	
1	C35H65NO6	[M + H3N + H]+	C35H69N2O6+	Fatty acids	0.999	Spingolipids	0.863	Sphingoid bases	0.351	Organic acids and derivatives	0.999	Carboxylic acids and derivatives	0.997	Amino acids, peptides, and analogues	0.881	Amino acids and derivatives	0.879	Alpha amino acids and derivatives	0.905	Organic compounds; Lipids and lipid-like molecules; Amino acids, peptides, and analogues; Alpha amino acids and derivatives; Alcohols and polyols; Organic acids and derivatives; Carboxylic acids and derivatives; Organonitrogen compounds; Organooxygen compounds; Fatty acid esters; Fatty amides; Dicarboxylic acids and derivatives; Amino acids and derivatives; Carboxylic acid amides; Carboxylic acid derivatives; N-acyl amines; Carboxylic acids; Carboxylic acid esters; Secondary alcohols; Carbonyl compounds; Fatty Acyls; Organic oxides; Hydrocarbon derivatives; Organopnictogen compounds; Organic oxygen compounds; Organic nitrogen compounds; Chemical entities	613.515	138	2.299	839079771430165923	839079621311825242	839079621311825241	421	
1	C47H68O8	[M + H]+	C47H69O8+	Fatty acids	1.000	Glycerolipids	1.000	Diacylglycerols	0.949	Lipids and lipid-like molecules	0.992	Glycerolipids	0.999	Triradylcglycerols	0.502	Triacylglycerols	0.691	Triacylglycerols	0.691	Organic compounds; Lipids and lipid-like molecules; Alcohols and polyols; Glycerolipids; Organic acids and derivatives; Carboxylic acids and derivatives; Primary alcohols; Organooxygen compounds; Fatty acid esters; Dicarboxylic acids and derivatives; Carboxylic acid derivatives; Diacylglycerols; Triacylglycerols; Carboxylic acid esters; 1,2-diacylglycerols; Carbonyl compounds; Tricarboxylic acids and derivatives; Diradylglycerols; Triradylcglycerols; Fatty Acyls; Organic oxides; Hydrocarbon derivatives; Organic oxygen compounds; Chemical entities	761.497	139	2.311	839079828615310870	839079621345379678	839079621345379677	422	
1	C24H50NO7P	[M + H]+	C24H51NO7P+	Fatty acids	1.000	Glycerophospholipids	1.000	Glycerophosphocholines	0.999	Lipids and lipid-like molecules	0.985	Glycerophospholipids	0.998	Glycerophosphocholines	0.996	Lysophosphatidylcholines	0.987	1-acyl-sn-glycero-3-phosphocholines	0.980	Organic compounds; Lipids and lipid-like molecules; Alcohols and polyols; Glycerophospholipids; Organic acids and derivatives; Carboxylic acids and derivatives; Organonitrogen compounds; Organooxygen compounds; Fatty acid esters; Organic phosphoric acids and derivatives; Phosphate esters; Quaternary ammonium salts; Cholines; Carboxylic acid derivatives; Monocarboxylic acids and derivatives; Carboxylic acid esters; Phosphocholines; Lysophosphatidylcholines; 1-acyl-sn-glycero-3-phosphocholines; Secondary alcohols; Carbonyl compounds; Glycerophosphocholines; Amines; Alkyl phosphates; Dialkyl phosphates; Organic cations; Organic salts; Fatty Acyls; Organic oxides; Hydrocarbon derivatives; Tetraalkylammonium salts; Organopnictogen compounds; Organic oxygen compounds; Organic nitrogen compounds; Chemical entities	496.340	139	2.321	839079769110715676	839079621383128418	839079621383128417	423	
1	C37H68N2O7	[M + H]+	C37H69N2O7+	Fatty acids	0.864	Spingolipids	0.318	Lipopeptides	0.180	Organic acids and derivatives	0.998	Carboxylic acids and derivatives	0.995	Amino acids, peptides, and analogues	0.932	Amino acids and derivatives	0.928	N-acyl-alpha amino acids	0.666	Organic compounds; Organoheterocyclic compounds; Lipids and lipid-like molecules; Amino acids, peptides, and analogues; Alpha amino acids and derivatives; Alcohols and polyols; Organic acids and derivatives; Carboxylic acids and derivatives; Organonitrogen compounds; Organooxygen compounds; Fatty amides; Amino acids and derivatives; Carboxylic acid amides; Carboxylic acid derivatives; N-acyl amines; Monocarboxylic acids and derivatives; N-acyl-alpha amino acids and derivatives; Carboxylic acids; Carboxylic acid esters; Secondary alcohols; Tertiary carboxylic acid amides; Carbonyl compounds; N-acyl-alpha amino acids; Fatty Acyls; Organic oxides; Hydrocarbon derivatives; Organopnictogen compounds; Organic oxygen compounds; Organic nitrogen compounds; Chemical entities	653.511	140	2.339	839079770910072189	839079621420877158	839079621416682853	424	
1	C37H67NO7	[M + H3N + H]+	C37H71N2O7+	Amino acids and Peptides	0.716	Spingolipids	0.785	Sphingoid bases	0.203	Organic acids and derivatives	0.992	Carboxylic acids and derivatives	0.978	Amino acids, peptides, and analogues	0.546	Amino acids and derivatives	0.535	Amino acids and derivatives	0.535	Organic compounds; Organoheterocyclic compounds; Lipids and lipid-like molecules; Amino acids, peptides, and analogues; Alcohols and polyols; Organic acids and derivatives; Carboxylic acids and derivatives; Organonitrogen compounds; Organooxygen compounds; Amino acids and derivatives; Carboxylic acid amides; Carboxylic acid derivatives; Monocarboxylic acids and derivatives; Carboxylic acid esters; Secondary alcohols; Secondary carboxylic acid amides; Carbonyl compounds; Fatty Acyls; Organic oxides; Hydrocarbon derivatives; Organopnictogen compounds; Organic oxygen compounds; Organic nitrogen compounds; Chemical entities	655.526	141	2.351	839079797350966866	839079621454431594	839079621454431593	425	
1	C45H64O8	[M + H]+	C45H65O8+	Fatty acids	0.914	Glycerolipids	0.977	Diacylglycerols	0.826	Lipids and lipid-like molecules	0.930	Glycerolipids	0.957	Diradylglycerols	0.685	Diacylglycerols	0.663	1,2-diacylglycerols	0.562	Organic compounds; Lipids and lipid-like molecules; Alcohols and polyols; Glycerolipids; Organic acids and derivatives; Carboxylic acids and derivatives; Organooxygen compounds; Fatty acid esters; Dicarboxylic acids and derivatives; Carboxylic acid derivatives; Diacylglycerols; Carboxylic acid esters; Fatty alcohols; 1,2-diacylglycerols; Secondary alcohols; Carbonyl compounds; Diradylglycerols; Fatty Acyls; Organic oxides; Hydrocarbon derivatives; Organic oxygen compounds; Chemical entities	733.465	141	2.356	839080000229462962	839079621496374638	839079621492180333	426	
1	C26H40N2O6	[M + H3N + H]+	C26H44N3O6+	Amino acids and Peptides	0.528	Macrolides	0.575	Open-chain polyketides	0.362	Lipids and lipid-like molecules	0.505							Lipids and lipid-like molecules	0.505	Organic compounds; Organoheterocyclic compounds; Lipids and lipid-like molecules; Alcohols and polyols; Ethers; Organic acids and derivatives; Carboxylic acids and derivatives; Organonitrogen compounds; Organooxygen compounds; Carboxylic acid amides; Carboxylic acid derivatives; Secondary alcohols; Carbonyl compounds; Organic oxides; Oxacyclic compounds; Hydrocarbon derivatives; Organopnictogen compounds; Organic oxygen compounds; Organic nitrogen compounds; Chemical entities	494.324	142	2.367	839079782389883253	839079621525734770	839079621525734769	427	
1	C41H56O7	[M + H3N + H]+	C41H60NO7+	Terpenoids	0.989	Carotenoids (C40)	0.984	Carotenoids (C40, β-β)	0.629	Lipids and lipid-like molecules	0.914	Prenol lipids	0.906	Tetraterpenoids	0.673	Carotenoids	0.676	Xanthophylls	0.717	Organic compounds; Lipids and lipid-like molecules; Alcohols and polyols; Ethers; Prenol lipids; Organooxygen compounds; Carotenoids; Xanthophylls; Tetraterpenoids; Secondary alcohols; Carbonyl compounds; Organic oxides; Hydrocarbon derivatives; Organic oxygen compounds; Chemical entities	678.435	142	2.372	839079820545469325	839079621601232250	839079621601232249	429	
1	C13H24O3	[M + H3N + H]+	C13H28NO3+	Terpenoids	0.507	Sesquiterpenoids	0.245	Fatty alcohols	0.097	Lipids and lipid-like molecules	0.705							Lipids and lipid-like molecules	0.705	Organic compounds; Lipids and lipid-like molecules; Alcohols and polyols; Organic acids and derivatives; Carboxylic acids and derivatives; Organooxygen compounds; Secondary alcohols; Carbonyl compounds; Organic oxides; Hydrocarbon derivatives; Organic oxygen compounds; Chemical entities	246.206	143	2.377	839079776131981074	839079621634786686	839079621634786685	430	
1	C35H61NO6	[M + H3N + H]+	C35H65N2O6+	Amino acids and Peptides	0.831	Linear polyketides	0.148	Aminoacids	0.337	Organic acids and derivatives	0.995	Carboxylic acids and derivatives	0.979	Amino acids, peptides, and analogues	0.724	Amino acids and derivatives	0.722	Alpha amino acids and derivatives	0.700	Organic compounds; Organoheterocyclic compounds; Lipids and lipid-like molecules; Amino acids, peptides, and analogues; Alpha amino acids and derivatives; Alcohols and polyols; Pyrrolidines; Organic acids and derivatives; Carboxylic acids and derivatives; Organonitrogen compounds; Organooxygen compounds; Amino acids and derivatives; Carboxylic acid amides; Carboxylic acid derivatives; Monocarboxylic acids and derivatives; Carboxylic acid esters; Secondary alcohols; Tertiary carboxylic acid amides; Carbonyl compounds; Fatty Acyls; Organic oxides; Azacyclic compounds; Hydrocarbon derivatives; Organopnictogen compounds; Organic oxygen compounds; Organic nitrogen compounds; Chemical entities	609.484	143	2.378	839079790002545569	839079621563483510	839079621563483509	428	
1	C36H59N5O3	[M + H3N + H]+	C36H63N6O3+	Amino acids and Peptides	0.297	Guanidine alkaloids	0.211	Steroidal alkaloids	0.061	Organic acids and derivatives	0.848	Carboxylic acids and derivatives	0.828	Amino acids, peptides, and analogues	0.694	Amino acids and derivatives	0.681	Alpha amino acids and derivatives	0.500	Organic compounds; Organoheterocyclic compounds; Lipids and lipid-like molecules; Amino acids, peptides, and analogues; Alpha amino acids and derivatives; Organic acids and derivatives; Carboxylic acids and derivatives; Organonitrogen compounds; Organooxygen compounds; Fatty amides; Amino acids and derivatives; Guanidines; Carboxylic acid amides; Carboxylic acid derivatives; N-acyl amines; Secondary carboxylic acid amides; Carbonyl compounds; Amines; Carboximidamides; Fatty Acyls; Organic oxides; Azacyclic compounds; Heteroaromatic compounds; Hydrocarbon derivatives; Organopnictogen compounds; Organic oxygen compounds; Organic nitrogen compounds; Chemical entities	627.495	143	2.379	839079799443924631	839079621672535426	839079621672535425	431	
1	C41H54O6	[M + H3N + H]+	C41H58NO6+	Terpenoids	0.994	Carotenoids (C40)	0.995	Carotenoids (C40, β-β)	0.764	Lipids and lipid-like molecules	0.910	Prenol lipids	0.894	Tetraterpenoids	0.786	Carotenoids	0.777	Xanthophylls	0.836	Organic compounds; Lipids and lipid-like molecules; Ketones; Alcohols and polyols; Ethers; Prenol lipids; Organooxygen compounds; Carotenoids; Xanthophylls; Tetraterpenoids; Secondary alcohols; Carbonyl compounds; Organic oxides; Hydrocarbon derivatives; Organic oxygen compounds; Chemical entities	660.424	143	2.380	839079774311652971	839079621706089862	839079621706089861	432	
1	C14H26N2O6S2	[M - H2O + H]+	C14H25N2O5S2+	Amino acids and Peptides	0.649	Small peptides	0.299	N-acyl amines	0.130	Organic acids and derivatives	0.994	Carboxylic acids and derivatives	0.961	Amino acids, peptides, and analogues	0.677	Amino acids and derivatives	0.667	Amino acids and derivatives	0.667	Organic compounds; Organosulfur compounds; Lipids and lipid-like molecules; Amino acids, peptides, and analogues; Alcohols and polyols; Fatty acids and conjugates; Organic acids and derivatives; Carboxylic acids and derivatives; Organonitrogen compounds; Organooxygen compounds; Fatty amides; Amino acids and derivatives; Carboxylic acid amides; Carboxylic acid derivatives; N-acyl amines; Monocarboxylic acids and derivatives; Carboxylic acids; Secondary carboxylic acid amides; Carbonyl compounds; Fatty Acyls; Organic oxides; Hydrocarbon derivatives; Organopnictogen compounds; Organic oxygen compounds; Organic nitrogen compounds; Chemical entities	365.121	143	2.385	839079800773519131	839079621739644298	839079621739644297	433	
1	C33H44N6O6	[M + H3N + H]+	C33H48N7O6+	Amino acids and Peptides	0.950	Oligopeptides	0.950	Cyclic peptides	0.309	Organic acids and derivatives	0.992	Carboxylic acids and derivatives	0.962	Amino acids, peptides, and analogues	0.876	Amino acids and derivatives	0.860	Alpha amino acids and derivatives	0.806	Organic compounds; Organoheterocyclic compounds; Lipids and lipid-like molecules; Amino acids, peptides, and analogues; Alpha amino acids and derivatives; Organic acids and derivatives; Carboxylic acids and derivatives; Organonitrogen compounds; Organooxygen compounds; Fatty amides; Amino acids and derivatives; Carboxylic acid amides; Carboxylic acid derivatives; N-acyl amines; Secondary carboxylic acid amides; Carbonyl compounds; Benzene and substituted derivatives; Benzenoids; Fatty Acyls; Organic oxides; Azacyclic compounds; Heteroaromatic compounds; Hydrocarbon derivatives; Organopnictogen compounds; Organic oxygen compounds; Organic nitrogen compounds; Chemical entities	638.367	143	2.389	839079888023438197	839079621806753170	839079621806753169	435	
1	C38H63N7O6	[M + Na]+	C38H63N7NaO6+	Amino acids and Peptides	0.924	Oligopeptides	0.866	Linear peptides	0.410	Organic acids and derivatives	0.977	Carboxylic acids and derivatives	0.966	Amino acids, peptides, and analogues	0.953	Amino acids and derivatives	0.942	N-acyl-alpha amino acids and derivatives	0.701	Organic compounds; Lipids and lipid-like molecules; Amino acids, peptides, and analogues; Alpha amino acids and derivatives; Alcohols and polyols; Phenethylamines; Amphetamines and derivatives; Organic acids and derivatives; Carboxylic acids and derivatives; Organonitrogen compounds; Organooxygen compounds; Fatty amides; Amino acids and derivatives; Carboxylic acid amides; Carboxylic acid derivatives; N-acyl amines; N-acyl-alpha amino acids and derivatives; Secondary alcohols; Secondary carboxylic acid amides; Carbonyl compounds; Benzene and substituted derivatives; Alpha amino acid amides; Benzenoids; Amines; Fatty Acyls; Organic oxides; Azacyclic compounds; Heteroaromatic compounds; Hydrocarbon derivatives; Organopnictogen compounds; Organic oxygen compounds; Organic nitrogen compounds; Chemical entities	736.477	144	2.392	839079799561365161	839079621844501910	839079621844501909	436	
1	C42H58O8	[M + H3N + H]+	C42H62NO8+	Terpenoids	0.963	Carotenoids (C40)	0.940	Carotenoids (C40, β-β)	0.567	Lipids and lipid-like molecules	0.881	Prenol lipids	0.820	Tetraterpenoids	0.498	Carotenoids	0.503	Xanthophylls	0.548	Organic compounds; Lipids and lipid-like molecules; Alcohols and polyols; Ethers; Prenol lipids; Organooxygen compounds; Carotenoids; Xanthophylls; Secondary alcohols; Carbonyl compounds; Organic oxides; Hydrocarbon derivatives; Organic oxygen compounds; Chemical entities	708.445	144	2.405	839079883841716552	839079621773198734	839079621773198733	434	
1	C46H84O12S	[M + H3N + H]+	C46H88NO12S+	Fatty acids	1.000	Glycerolipids	1.000	Glycosyldiacylglycerols	0.963	Lipids and lipid-like molecules	0.993	Glycerolipids	0.992	Glycosylglycerols	0.997	Glycosyldiradylglycerols	0.984	Sulfoquinovosyldiacylglycerols	0.916	Organic compounds; Organoheterocyclic compounds; Organosulfur compounds; Carbohydrates and carbohydrate conjugates; Lipids and lipid-like molecules; Alcohols and polyols; Glycerolipids; Ethers; Organic acids and derivatives; Carboxylic acids and derivatives; Organosulfonic acids and derivatives; Organooxygen compounds; Fatty acid esters; Dicarboxylic acids and derivatives; Glycosylglycerols; Carboxylic acid derivatives; Sulfonyls; Organosulfonic acids; Carboxylic acid esters; Hexoses; Monosaccharides; Acetals; Secondary alcohols; Fatty acyl glycosides; Carbonyl compounds; Oxanes; Glycosyl compounds; O-glycosyl compounds; Sulfoquinovosyldiacylglycerols; Polyols; Glycosyldiacylglycerols; Alkanesulfonic acids and derivatives; Alkanesulfonic acids; Glycosyldiradylglycerols; Fatty acyl glycosides of mono- and disaccharides; Fatty Acyls; Organic oxides; Oxacyclic compounds; Hydrocarbon derivatives; Organic sulfonic acids and derivatives; Organic oxygen compounds; Chemical entities	878.603	145	2.417	839079771442748850	839079621878056346	839079621878056345	437	
1	C45H82O12S	[M + H3N + H]+	C45H86NO12S+	Fatty acids	1.000	Glycerolipids	1.000	Glycosyldiacylglycerols	0.640	Lipids and lipid-like molecules	0.996	Glycerolipids	0.997	Glycosylglycerols	0.988	Glycosyldiradylglycerols	0.909	Sulfoquinovosyldiacylglycerols	0.849	Organic compounds; Organosulfur compounds; Carbohydrates and carbohydrate conjugates; Lipids and lipid-like molecules; Alcohols and polyols; Glycerolipids; Organic acids and derivatives; Carboxylic acids and derivatives; Organosulfonic acids and derivatives; Organooxygen compounds; Fatty acid esters; Dicarboxylic acids and derivatives; Glycosylglycerols; Carboxylic acid derivatives; Sulfonyls; Organosulfonic acids; Carboxylic acid esters; Hexoses; Monosaccharides; Secondary alcohols; Carbonyl compounds; Glycosyl compounds; O-glycosyl compounds; Sulfoquinovosyldiacylglycerols; Polyols; Glycosyldiacylglycerols; Alkanesulfonic acids and derivatives; Alkanesulfonic acids; Glycosyldiradylglycerols; Fatty Acyls; Organic oxides; Hydrocarbon derivatives; Organic sulfonic acids and derivatives; Organic oxygen compounds; Chemical entities	864.587	145	2.423	839079801096480566	839079621919999390	839079621915805085	438	
1	C37H68NO10P	[M + H]+	C37H69NO10P+	Fatty acids	1.000	Glycerophospholipids	1.000	Glycerophosphoethanolamines	0.908	Lipids and lipid-like molecules	0.990	Glycerophospholipids	1.000	Glycerophosphoethanolamines	0.942	Phosphatidylethanolamines	0.915	Phosphatidylethanolamines	0.915	Organic compounds; Lipids and lipid-like molecules; Amino acids, peptides, and analogues; Glycerophospholipids; Organic acids and derivatives; Carboxylic acids and derivatives; Organonitrogen compounds; Organooxygen compounds; Fatty acid esters; Dicarboxylic acids and derivatives; Amino acids and derivatives; Organic phosphoric acids and derivatives; Phosphate esters; Monoalkylamines; Carboxylic acid derivatives; Carboxylic acid esters; Phosphoethanolamines; Phosphatidylethanolamines; Carbonyl compounds; Glycerophosphoethanolamines; Amines; Primary amines; Alkyl phosphates; Dialkyl phosphates; Fatty Acyls; Organic oxides; Hydrocarbon derivatives; Organopnictogen compounds; Organic oxygen compounds; Organic nitrogen compounds; Chemical entities	718.466	145	2.425	839079828200074743	839079621953553826	839079621953553825	439	
1	C47H72N4O8	[M + H3N + H]+	C47H76N5O8+	Fatty acids	0.851	Oligopeptides	0.236	Lipopeptides	0.081	Lipids and lipid-like molecules	0.927	Fatty Acyls	0.900	Fatty amides	0.680	N-acyl amines	0.607	N-acyl amines	0.607	Organic compounds; Organoheterocyclic compounds; Lipids and lipid-like molecules; Alcohols and polyols; Organic acids and derivatives; Carboxylic acids and derivatives; Organonitrogen compounds; Primary alcohols; Organooxygen compounds; Fatty acid esters; Fatty amides; Carboxylic acid amides; Carboxylic acid derivatives; N-acyl amines; Carboxylic acid esters; Secondary alcohols; Secondary carboxylic acid amides; Carbonyl compounds; Fatty Acyls; Organic oxides; Azacyclic compounds; Oxacyclic compounds; Hydrocarbon derivatives; Organopnictogen compounds; Organic oxygen compounds; Organic nitrogen compounds; Chemical entities	838.571	147	2.453	839080026393531724	839079621991302566	839079621991302565	440	
1	C40H52O6	[M + H3N + H]+	C40H56NO6+	Terpenoids	0.991	Carotenoids (C40)	0.990	Carotenoids (C40, β-β)	0.726	Lipids and lipid-like molecules	0.886	Prenol lipids	0.867	Tetraterpenoids	0.755	Carotenoids	0.754	Xanthophylls	0.808	Organic compounds; Lipids and lipid-like molecules; Ketones; Alcohols and polyols; Prenol lipids; Organooxygen compounds; Carotenoids; Xanthophylls; Tetraterpenoids; Secondary alcohols; Carbonyl compounds; Organic oxides; Hydrocarbon derivatives; Organic oxygen compounds; Chemical entities	646.408	148	2.463	839080021746242838	839079622091965874	839079622091965873	443	
1	C7H9N5O2	[M - H2O + H]+	C7H8N5O+	Alkaloids	0.749	Pseudoalkaloids (transamidation)	0.773	Purine alkaloids	0.797	Organic acids and derivatives	0.595	Carboxylic acids and derivatives	0.585	Amino acids, peptides, and analogues	0.549	Amino acids and derivatives	0.549	Amino acids	0.513	Organic compounds; Organoheterocyclic compounds; Amino acids, peptides, and analogues; Pyrimidines and pyrimidine derivatives; Imidazoles; Alcohols and polyols; Purines and purine derivatives; Organic acids and derivatives; Carboxylic acids and derivatives; Organonitrogen compounds; Organooxygen compounds; Amino acids and derivatives; Azoles; Monocarboxylic acids and derivatives; Carboxylic acids; Aminopyrimidines and derivatives; Diazines; Imidazopyrimidines; Carbonyl compounds; Substituted imidazoles; Amines; Primary amines; 6-aminopurines; Imidolactams; Organic oxides; Azacyclic compounds; Heteroaromatic compounds; Hydrocarbon derivatives; Amino acids; Organopnictogen compounds; Organic oxygen compounds; Organic nitrogen compounds; Chemical entities	178.072	148	2.463	839079774827552483	839079622058411438	839079622058411437	442	
1	C7H9N5O2	[M + H]+	C7H10N5O2+	Alkaloids	0.826	Pseudoalkaloids (transamidation)	0.886	Purine alkaloids	0.941	Organoheterocyclic compounds	0.991	Imidazopyrimidines	0.769	Purines and purine derivatives	0.772			Purines and purine derivatives	0.772	Organic compounds; Organoheterocyclic compounds; Pyrimidines and pyrimidine derivatives; Imidazoles; Purines and purine derivatives; Organonitrogen compounds; Organooxygen compounds; Azoles; Aminopyrimidines and derivatives; Diazines; Imidazopyrimidines; Amines; Imidolactams; Organic oxides; Azacyclic compounds; Heteroaromatic compounds; Hydrocarbon derivatives; Organopnictogen compounds; Organic oxygen compounds; Organic nitrogen compounds; Chemical entities	196.083	148	2.465	839080026888459606	839079622159074746	839079622159074745	445	
1	C37H72NO8P	[M + Na]+	C37H72NNaO8P+	Fatty acids	0.999	Glycerophospholipids	1.000	Glycerophosphoethanolamines	0.999	Lipids and lipid-like molecules	0.992	Glycerophospholipids	1.000	Glycerophosphoethanolamines	0.997	Phosphatidylethanolamines	0.971	Phosphatidylethanolamines	0.971	Organic compounds; Lipids and lipid-like molecules; Amino acids, peptides, and analogues; Glycerophospholipids; Organic acids and derivatives; Carboxylic acids and derivatives; Organonitrogen compounds; Organooxygen compounds; Fatty acid esters; Dicarboxylic acids and derivatives; Amino acids and derivatives; Organic phosphoric acids and derivatives; Phosphate esters; Monoalkylamines; Carboxylic acid derivatives; Carboxylic acid esters; Phosphoethanolamines; Phosphatidylethanolamines; Carbonyl compounds; Glycerophosphoethanolamines; Amines; Primary amines; Alkyl phosphates; Dialkyl phosphates; Fatty Acyls; Organic oxides; Hydrocarbon derivatives; Organopnictogen compounds; Organic oxygen compounds; Organic nitrogen compounds; Chemical entities	712.489	149	2.476	839079775737716493	839079622024857002	839079622024857001	441	
1	C41H76O12S	[M + H3N + H]+	C41H80NO12S+	Fatty acids	1.000	Glycerolipids	1.000	Glycosyldiacylglycerols	1.000	Lipids and lipid-like molecules	0.998	Glycerolipids	1.000	Glycosylglycerols	1.000	Glycosyldiradylglycerols	1.000	Sulfoquinovosyldiacylglycerols	1.000	Organic compounds; Organoheterocyclic compounds; Organosulfur compounds; Carbohydrates and carbohydrate conjugates; Lipids and lipid-like molecules; Alcohols and polyols; Glycerolipids; Ethers; Organic acids and derivatives; Carboxylic acids and derivatives; Organosulfonic acids and derivatives; Organooxygen compounds; Fatty acid esters; Dicarboxylic acids and derivatives; Glycosylglycerols; Carboxylic acid derivatives; Sulfonyls; Organosulfonic acids; Carboxylic acid esters; Hexoses; Monosaccharides; Acetals; Secondary alcohols; Fatty acyl glycosides; Carbonyl compounds; Oxanes; Glycosyl compounds; O-glycosyl compounds; Sulfoquinovosyldiacylglycerols; Polyols; Glycosyldiacylglycerols; Alkanesulfonic acids and derivatives; Alkanesulfonic acids; Glycosyldiradylglycerols; Fatty acyl glycosides of mono- and disaccharides; Fatty Acyls; Organic oxides; Oxacyclic compounds; Hydrocarbon derivatives; Organic sulfonic acids and derivatives; Organic oxygen compounds; Chemical entities	810.540	149	2.478	839079885494272570	839079622196823486	839079622196823485	446	
1	C37H67NO6	[M + H3N + H]+	C37H71N2O6+	Fatty acids	0.996	Spingolipids	0.500	N-acyl amines	0.350	Organic acids and derivatives	0.999	Carboxylic acids and derivatives	0.998	Amino acids, peptides, and analogues	0.960	Amino acids and derivatives	0.959	Alpha amino acids	0.563	Organic compounds; Lipids and lipid-like molecules; Amino acids, peptides, and analogues; Alpha amino acids and derivatives; Alcohols and polyols; Organic acids and derivatives; Carboxylic acids and derivatives; Organonitrogen compounds; Organooxygen compounds; Fatty acid esters; Fatty amides; Dicarboxylic acids and derivatives; Amino acids and derivatives; Carboxylic acid amides; Carboxylic acid derivatives; N-acyl amines; Carboxylic acids; Carboxylic acid esters; Secondary alcohols; Carbonyl compounds; Alpha amino acids; Amines; Fatty Acyls; Organic oxides; Hydrocarbon derivatives; Organopnictogen compounds; Organic oxygen compounds; Organic nitrogen compounds; Chemical entities	639.532	149	2.481	839079777142808430	839079622234572226	839079622234572225	447	
1	C41H78O12S	[M + H3N + H]+	C41H82NO12S+	Fatty acids	1.000	Glycerolipids	1.000	Glycosyldiacylglycerols	0.998	Lipids and lipid-like molecules	0.996	Glycerolipids	0.999	Glycosylglycerols	1.000	Glycosyldiradylglycerols	1.000	Sulfoquinovosyldiacylglycerols	0.999	Organic compounds; Organoheterocyclic compounds; Organosulfur compounds; Carbohydrates and carbohydrate conjugates; Lipids and lipid-like molecules; Alcohols and polyols; Glycerolipids; Ethers; Organic acids and derivatives; Carboxylic acids and derivatives; Organosulfonic acids and derivatives; Organooxygen compounds; Fatty acid esters; Dicarboxylic acids and derivatives; Glycosylglycerols; Carboxylic acid derivatives; Sulfonyls; Organosulfonic acids; Carboxylic acid esters; Hexoses; Monosaccharides; Acetals; Secondary alcohols; Fatty acyl glycosides; Carbonyl compounds; Oxanes; Glycosyl compounds; O-glycosyl compounds; Sulfoquinovosyldiacylglycerols; Polyols; Glycosyldiacylglycerols; Alkanesulfonic acids and derivatives; Alkanesulfonic acids; Glycosyldiradylglycerols; Fatty acyl glycosides of mono- and disaccharides; Fatty Acyls; Organic oxides; Oxacyclic compounds; Hydrocarbon derivatives; Organic sulfonic acids and derivatives; Organic oxygen compounds; Chemical entities	812.555	149	2.482	839079775855157007	839079622305875402	839079622305875401	449	
1	C7H17NO3	[M - H2O + H]+	C7H16NO2+	Fatty acids	0.987	Fatty esters	0.512	Fatty acyl carnitines	0.390	Lipids and lipid-like molecules	0.576	Fatty Acyls	0.593					Fatty Acyls	0.593	Organic compounds; Lipids and lipid-like molecules; Alcohols and polyols; Organic acids and derivatives; Carboxylic acids and derivatives; Organonitrogen compounds; Organooxygen compounds; Quaternary ammonium salts; Monocarboxylic acids and derivatives; Carboxylic acids; Carbonyl compounds; 1,2-aminoalcohols; Amines; Alkanolamines; Organic cations; Organic salts; Fatty Acyls; Organic oxides; Hydrocarbon derivatives; Tetraalkylammonium salts; Organopnictogen compounds; Organic oxygen compounds; Organic nitrogen compounds; Chemical entities	146.118	149	2.486	839079779189628908	839079622268126662	839079622268126661	448	
1	C29H34N4O2	[M + H3N + H]+	C29H38N5O2+	Alkaloids	0.878	Tryptophan alkaloids	0.255	Carboline alkaloids	0.043	Benzenoids	0.963	Benzene and substituted derivatives	0.719					Benzene and substituted derivatives	0.719	Organic compounds; Organoheterocyclic compounds; Imidazoles; Organonitrogen compounds; Organooxygen compounds; Azoles; Benzene and substituted derivatives; Substituted imidazoles; Benzenoids; Amines; Azacyclic compounds; Heteroaromatic compounds; Hydrocarbon derivatives; Organopnictogen compounds; Organic oxygen compounds; Organic nitrogen compounds; Chemical entities	488.301	150	2.502	839079900761540477	839079622339429838	839079622339429837	450	
1	C4H5NO3	[M + H3N + H]+	C4H9N2O3+	Fatty acids	0.600	Fatty Acids and Conjugates	0.620	Halogenated fatty acids	0.181	Organic acids and derivatives	1.000	Carboxylic acids and derivatives	0.997	Carboxylic acid derivatives	0.441	Carboxylic acid imides	0.536	Dicarboximides	0.540	Organic compounds; Organic acids and derivatives; Carboxylic acids and derivatives; Organonitrogen compounds; Organooxygen compounds; Organic carbonic acids and derivatives; Monocarboxylic acids and derivatives; Carboxylic acids; Carboxylic acid imides; Carbonyl compounds; Dicarboximides; Organic oxides; Hydrocarbon derivatives; Organopnictogen compounds; Organic oxygen compounds; Organic nitrogen compounds; Chemical entities	133.061	151	2.510	839079833468121063	839079622377178578	839079622377178577	451	
1	C34H50N2O8	[M + H3N + H]+	C34H54N3O8+	Amino acids and Peptides	0.567	Macrolides	0.852	Ansa macrolides	0.106	Benzenoids	0.664	Benzene and substituted derivatives	0.513					Benzene and substituted derivatives	0.513	Organic compounds; Lipids and lipid-like molecules; Alcohols and polyols; Organic acids and derivatives; Carboxylic acids and derivatives; Organonitrogen compounds; Organooxygen compounds; Fatty amides; Carboxylic acid amides; Carboxylic acid derivatives; Monocarboxylic acids and derivatives; Carboxylic acid esters; Secondary alcohols; Secondary carboxylic acid amides; Carbonyl compounds; Benzene and substituted derivatives; Benzenoids; Fatty Acyls; Organic oxides; Hydrocarbon derivatives; Organopnictogen compounds; Organic oxygen compounds; Organic nitrogen compounds; Chemical entities	632.393	151	2.510	839079838417400035	839079622414927318	839079622414927317	452	
1	C29H35N5O6	[M + H]+	C29H36N5O6+	Carbohydrates	0.606	Pseudoalkaloids (transamidation)	0.740	Purine nucleosides	0.651	Nucleosides, nucleotides, and analogues	0.871	Purine nucleosides	0.546					Purine nucleosides	0.546	Organic compounds; Organoheterocyclic compounds; Carbohydrates and carbohydrate conjugates; Pyrimidines and pyrimidine derivatives; Imidazoles; Alcohols and polyols; Anisoles; Purines and purine derivatives; Organic acids and derivatives; Carboxylic acids and derivatives; Organonitrogen compounds; Nucleosides, nucleotides, and analogues; Organooxygen compounds; Azoles; Purine nucleosides; Carboxylic acid derivatives; Aminopyrimidines and derivatives; Diazines; Monosaccharides; Secondary alcohols; Imidazopyrimidines; Carbonyl compounds; Glycosyl compounds; Glycosylamines; Benzene and substituted derivatives; Substituted imidazoles; N-substituted imidazoles; Benzenoids; Amines; Tetrahydrofurans; 6-aminopurines; Imidolactams; Organic oxides; Methoxybenzenes; Azacyclic compounds; Oxacyclic compounds; Heteroaromatic compounds; Hydrocarbon derivatives; Organopnictogen compounds; Organic oxygen compounds; Organic nitrogen compounds; Chemical entities	550.266	152	2.539	839079809392814390	839079622452676058	839079622452676057	453	
1	C40H69N7O8	[M + Na]+	C40H69N7NaO8+	Amino acids and Peptides	0.560	Oligopeptides	0.932	Lipopeptides	0.206	Organic acids and derivatives	0.993	Carboxylic acids and derivatives	0.985	Amino acids, peptides, and analogues	0.944	Amino acids and derivatives	0.934	Alpha amino acid esters	0.569	Organic compounds; Organoheterocyclic compounds; Lipids and lipid-like molecules; Amino acids, peptides, and analogues; Alpha amino acids and derivatives; Imidazoles; Alcohols and polyols; Organic acids and derivatives; Carboxylic acids and derivatives; Organonitrogen compounds; Organooxygen compounds; Fatty amides; Amino acids and derivatives; Alpha amino acid esters; Azoles; Carboxylic acid amides; Carboxylic acid derivatives; N-acyl amines; Carboxylic acid esters; Secondary alcohols; Secondary carboxylic acid amides; Carbonyl compounds; Amines; Fatty Acyls; Organic oxides; Azacyclic compounds; Hydrocarbon derivatives; Organopnictogen compounds; Organic oxygen compounds; Organic nitrogen compounds; Chemical entities	798.508	153	2.542	839079783492985295	839079622528173538	839079622523979233	455	
1	C6H3N2O	[M + H3N + H]+	C6H7N3O+	Alkaloids	0.913	Nicotinic acid alkaloids	0.787	Pyridine alkaloids	0.787	Organoheterocyclic compounds	0.902	Heteroaromatic compounds	0.883					Heteroaromatic compounds	0.883	Organic compounds; Organoheterocyclic compounds; Organonitrogen compounds; Organooxygen compounds; Nitriles; Azacyclic compounds; Heteroaromatic compounds; Hydrocarbon derivatives; Organic cyanides; Organic oxygen compounds; Organic nitrogen compounds; Chemical entities	137.059	153	2.543	839079887981495132	839079622561727974	839079622561727973	456	
1	C37H53NO7	[M - H2O + H]+	C37H52NO6+	Fatty acids	0.952	Spingolipids	0.782	Neutral glycosphingolipids	0.385	Lipids and lipid-like molecules	0.923	Fatty Acyls	0.897	Fatty amides	0.713	N-acyl amines	0.613	N-acyl amines	0.613	Organic compounds; Lipids and lipid-like molecules; Alcohols and polyols; Organic acids and derivatives; Carboxylic acids and derivatives; Organonitrogen compounds; Organooxygen compounds; Fatty amides; Carboxylic acid amides; Carboxylic acid derivatives; N-acyl amines; Carboxylic acid esters; Secondary alcohols; Secondary carboxylic acid amides; Carbonyl compounds; Fatty Acyls; Organic oxides; Oxacyclic compounds; Hydrocarbon derivatives; Organopnictogen compounds; Organic oxygen compounds; Organic nitrogen compounds; Chemical entities	606.377	153	2.551	839079842188079721	839079622599476714	839079622599476713	457	
1	C10H20N6O4S	[M - H2O + H]+	C10H19N6O3S+	Carbohydrates	1.000	Nucleosides	1.000	Purine nucleosides	0.999	Nucleosides, nucleotides, and analogues	0.979	5'-deoxyribonucleosides	0.999	5'-deoxy-5'-thionucleosides	0.993			5'-deoxy-5'-thionucleosides	0.993	Organic compounds; Organoheterocyclic compounds; Organosulfur compounds; Carbohydrates and carbohydrate conjugates; Pyrimidines and pyrimidine derivatives; Imidazoles; Alcohols and polyols; Purines and purine derivatives; Organonitrogen compounds; Nucleosides, nucleotides, and analogues; Organooxygen compounds; Azoles; Monoalkylamines; Aminopyrimidines and derivatives; Diazines; Pentoses; Monosaccharides; Secondary alcohols; Imidazopyrimidines; Glycosyl compounds; Glycosylamines; Polyols; Substituted imidazoles; N-substituted imidazoles; Amines; Primary amines; 1,2-diols; Tetrahydrofurans; 6-aminopurines; Dialkylthioethers; Imidolactams; Azacyclic compounds; Oxacyclic compounds; Heteroaromatic compounds; Hydrocarbon derivatives; 5'-deoxyribonucleosides; 5'-deoxy-5'-thionucleosides; Organopnictogen compounds; Organic oxygen compounds; Organic nitrogen compounds; Chemical entities	303.123	153	2.557	839079779881689167	839079622670779890	839079622670779889	459	
1	C11H25NO6	[M - H2O + H]+	C11H24NO5+	Fatty acids	0.901	Fatty amides	0.303	N-acyl amines	0.400	Organic oxygen compounds	0.998	Organooxygen compounds	0.992	Alcohols and polyols	0.969	Secondary alcohols	0.579	Secondary alcohols	0.579	Organic compounds; Alcohols and polyols; Organonitrogen compounds; Primary alcohols; Organooxygen compounds; Secondary alcohols; Polyols; Amines; Alkanolamines; Hydrocarbon derivatives; Organopnictogen compounds; Organic oxygen compounds; Organic nitrogen compounds; Chemical entities	250.165	155	2.576	839079776735960903	839079622704334326	839079622704334325	460	
1	C15H25ClN2O7S	[M - H2O + H]+	C15H24ClN2O6S+	Carbohydrates	0.685	Aminosugars and aminoglycosides	0.882	Aminoglycosides	0.905	Organic acids and derivatives	0.992	Carboxylic acids and derivatives	0.963	Amino acids, peptides, and analogues	0.907	Amino acids and derivatives	0.902	Alpha amino acid amides	0.712	Organic compounds; Organoheterocyclic compounds; Organosulfur compounds; Carbohydrates and carbohydrate conjugates; Amino acids, peptides, and analogues; Alpha amino acids and derivatives; Alcohols and polyols; Organic acids and derivatives; Carboxylic acids and derivatives; Organohalogen compounds; Organonitrogen compounds; Organooxygen compounds; Amino acids and derivatives; Carboxylic acid amides; Alkyl chlorides; Carboxylic acid derivatives; Sulfonyls; Organochlorides; Monosaccharides; Secondary alcohols; Secondary carboxylic acid amides; Carbonyl compounds; Oxanes; Glycosyl compounds; Monothioacetals; Polyols; Alpha amino acid amides; Amines; Alkyl halides; Organic oxides; Oxacyclic compounds; Hydrocarbon derivatives; Organopnictogen compounds; Organic oxygen compounds; Organic nitrogen compounds; Chemical entities	395.102	156	2.606	839079805689243771	839079622775637502	839079622775637501	462	
1	C28H24F4N6O3	[M + H3N + H]+	C28H28F4N7O3+	Alkaloids	0.716	Pseudoalkaloids (transamidation)	0.163	Purine nucleosides	0.283	Organoheterocyclic compounds	0.997	Imidazopyrimidines	0.941	Purines and purine derivatives	0.952	6-aminopurines	0.737	6-aminopurines	0.737	Organic compounds; Organoheterocyclic compounds; Pyrimidines and pyrimidine derivatives; Imidazoles; Purines and purine derivatives; Ethers; Organic acids and derivatives; Carboxylic acids and derivatives; Organohalogen compounds; Organonitrogen compounds; Organooxygen compounds; Azoles; Alkyl fluorides; Aminopyrimidines and derivatives; Diazines; Organofluorides; Imidazopyrimidines; Benzene and substituted derivatives; Substituted imidazoles; N-substituted imidazoles; Benzenoids; Amines; Benzylethers; Alkyl halides; 6-aminopurines; Imidolactams; Organic oxides; Azacyclic compounds; Oxacyclic compounds; Heteroaromatic compounds; Hydrocarbon derivatives; Organopnictogen compounds; Organic oxygen compounds; Organic nitrogen compounds; Chemical entities	586.219	156	2.608	839079783069360552	839079622742083066	839079622742083065	461	
1	C21H27N2O7P	[M + H3N + H]+	C21H31N3O7P+	Alkaloids	0.303	Pseudoalkaloids (transamidation)	0.097	Simple coumarins	0.148	Organic acids and derivatives	0.994	Organic phosphonic acids and derivatives	0.990	Phosphonic acid diesters	0.977	Dialkyl alkylphosphonates	0.885	Dialkyl alkylphosphonates	0.885	Organic compounds; Organoheterocyclic compounds; Organic acids and derivatives; Organonitrogen compounds; Organooxygen compounds; Organophosphorus compounds; Organic phosphonic acids and derivatives; Phosphonic acid esters; Benzene and substituted derivatives; Benzenoids; Phosphonic acid diesters; Organic oxides; Azacyclic compounds; Hydrocarbon derivatives; Dialkyl alkylphosphonates; Organopnictogen compounds; Organic oxygen compounds; Organic nitrogen compounds; Chemical entities	468.191	157	2.610	839079866250804134	839079622813386242	839079622813386241	463	
1	C22H27ClN2O6	[M + Na]+	C22H27ClN2NaO6+	Polyketides	0.729	Chromanes	0.939	Azaphilones	0.926	Organic acids and derivatives	0.983	Carboxylic acids and derivatives	0.888	Amino acids, peptides, and analogues	0.727	Amino acids and derivatives	0.728	Amino acids and derivatives	0.728	Organic compounds; Organoheterocyclic compounds; Amino acids, peptides, and analogues; Halobenzenes; Ketones; Ethers; Organic acids and derivatives; Carboxylic acids and derivatives; Organohalogen compounds; Organonitrogen compounds; Organooxygen compounds; Amino acids and derivatives; Dihydropyridines; Enamines; Aryl chlorides; Carboxylic acid derivatives; Chlorobenzenes; Carboxylic acid esters; Organochlorides; Carbonyl compounds; Hydropyridines; Benzene and substituted derivatives; Benzenoids; Amines; Aryl halides; Cyclic ketones; Vinylogous amides; Organic oxides; Azacyclic compounds; Hydrocarbon derivatives; Cyclohexenones; Organopnictogen compounds; Organic oxygen compounds; Organic nitrogen compounds; Chemical entities	473.147	157	2.610	839079820134427497	839079622851134982	839079622851134981	464	
1	C26H24N2O4	[M + Na]+	C26H24N2NaO4+	Alkaloids	0.189	Anthranilic acid alkaloids	0.151	Acridone alkaloids	0.145	Benzenoids	0.999	Benzene and substituted derivatives	0.952	Anilides	0.593	Aromatic anilides	0.599	Aromatic anilides	0.599	Organic compounds; Organoheterocyclic compounds; Phenols; Benzoic acids and derivatives; Organic acids and derivatives; Carboxylic acids and derivatives; Organonitrogen compounds; Anilides; Organooxygen compounds; Carboxylic acid amides; Carboxylic acid derivatives; Secondary carboxylic acid amides; Benzene and substituted derivatives; Benzenoids; Phenylpropanes; Organic oxides; Hydrocarbon derivatives; Organopnictogen compounds; Organic oxygen compounds; Organic nitrogen compounds; Aromatic anilides; Chemical entities	451.165	157	2.612	839079790115791797	839079622888883722	839079622888883721	465	
1	C11H13NO5	[M + H3N + H]+	C11H17N2O5+	Amino acids and Peptides	0.491	Amino acid glycosides	0.233	Cyanogenic glycosides	0.250	Benzenoids	0.899	Benzene and substituted derivatives	0.767					Benzene and substituted derivatives	0.767	Organic compounds; Organoheterocyclic compounds; Carbohydrates and carbohydrate conjugates; Alcohols and polyols; Ethers; Organic acids and derivatives; Carboxylic acids and derivatives; Organonitrogen compounds; Primary alcohols; Organooxygen compounds; Monosaccharides; Secondary alcohols; Benzene and substituted derivatives; Benzenoids; Organic oxides; Oxacyclic compounds; Hydrocarbon derivatives; Organopnictogen compounds; Organic oxygen compounds; Organic nitrogen compounds; Chemical entities	257.113	158	2.642	839079788115108637	839079622926632462	839079622926632461	466	
1	C31H51N3O9	[M - H2O + H]+	C31H50N3O8+	Amino acids and Peptides	0.883	Oligopeptides	0.952	Lipopeptides	0.598	Organic acids and derivatives	0.998	Peptidomimetics	0.624	Depsipeptides	0.718	Cyclic depsipeptides	0.773	Cyclic depsipeptides	0.773	Organic compounds; Organoheterocyclic compounds; Amino acids, peptides, and analogues; Lactones; Alpha amino acids and derivatives; Macrolactams; Alcohols and polyols; Macrolides and analogues; Lactams; Phenylpropanoids and polyketides; Organic acids and derivatives; Carboxylic acids and derivatives; Organonitrogen compounds; Organooxygen compounds; Amino acids and derivatives; Carboxylic acid amides; Carboxylic acid derivatives; Monocarboxylic acids and derivatives; Carboxylic acid esters; Secondary alcohols; Secondary carboxylic acid amides; Peptidomimetics; Carbonyl compounds; Macrolide lactams; Depsipeptides; Cyclic depsipeptides; Organic oxides; Azacyclic compounds; Oxacyclic compounds; Hydrocarbon derivatives; Organopnictogen compounds; Organic oxygen compounds; Organic nitrogen compounds; Chemical entities	592.361	158	2.642	839079792565265594	839079622964381202	839079622964381201	467	
1	C35H49NO7	[M - H2O + H]+	C35H48NO6+	Amino acids and Peptides	0.561	Linear polyketides	0.888	Open-chain polyketides	0.477	Lipids and lipid-like molecules	0.698	Fatty Acyls	0.669					Fatty Acyls	0.669	Organic compounds; Organoheterocyclic compounds; Lipids and lipid-like molecules; Alcohols and polyols; Ethers; Organic acids and derivatives; Carboxylic acids and derivatives; Organonitrogen compounds; Organooxygen compounds; Carboxylic acid amides; Carboxylic acid derivatives; Dialkyl ethers; Carboxylic acid esters; Secondary alcohols; Secondary carboxylic acid amides; Carbonyl compounds; Fatty Acyls; Organic oxides; Oxacyclic compounds; Hydrocarbon derivatives; Organopnictogen compounds; Organic oxygen compounds; Organic nitrogen compounds; Chemical entities	578.346	161	2.678	839079868129852498	839079622997935638	839079622997935637	468	
1	C9H15N5O6	[M - H2O + H]+	C9H14N5O5+	Carbohydrates	1.000	Nucleosides	0.999	Purine nucleosides	0.996	Nucleosides, nucleotides, and analogues	0.884	Purine nucleosides	0.749					Purine nucleosides	0.749	Organic compounds; Organoheterocyclic compounds; Carbohydrates and carbohydrate conjugates; Pyrimidines and pyrimidine derivatives; Imidazoles; Alcohols and polyols; Purines and purine derivatives; Organonitrogen compounds; Primary alcohols; Nucleosides, nucleotides, and analogues; Organooxygen compounds; Azoles; Purine nucleosides; Aminopyrimidines and derivatives; Diazines; Pentoses; Monosaccharides; Secondary alcohols; Imidazopyrimidines; Glycosyl compounds; Glycosylamines; Polyols; Substituted imidazoles; N-substituted imidazoles; Amines; Primary amines; 1,2-diols; Tetrahydrofurans; 6-aminopurines; Imidolactams; Azacyclic compounds; Oxacyclic compounds; Heteroaromatic compounds; Hydrocarbon derivatives; Organopnictogen compounds; Organic oxygen compounds; Organic nitrogen compounds; Chemical entities	272.100	161	2.680	839079787599209176	839079623035684378	839079623035684377	469	
1	C10H12N5O3	[M + Na]+	C10H12N5NaO3+	Carbohydrates	0.999	Nucleosides	0.999	Purine nucleosides	0.998	Nucleosides, nucleotides, and analogues	0.919	Purine nucleosides	0.817					Purine nucleosides	0.817	Organic compounds; Organoheterocyclic compounds; Carbohydrates and carbohydrate conjugates; Pyrimidines and pyrimidine derivatives; Imidazoles; Alcohols and polyols; Purines and purine derivatives; Organonitrogen compounds; Primary alcohols; Nucleosides, nucleotides, and analogues; Organooxygen compounds; Azoles; Purine nucleosides; Aminopyrimidines and derivatives; Diazines; Secondary alcohols; Imidazopyrimidines; Glycosyl compounds; Glycosylamines; Substituted imidazoles; N-substituted imidazoles; Amines; Primary amines; Tetrahydrofurans; 6-aminopurines; Imidolactams; Azacyclic compounds; Oxacyclic compounds; Heteroaromatic compounds; Hydrocarbon derivatives; Organopnictogen compounds; Organic oxygen compounds; Organic nitrogen compounds; Chemical entities	273.084	161	2.691	839079871447547161	839079623102793250	839079623102793249	471	
1	C10H8N8O2	[M + Na]+	C10H8N8NaO2+	Carbohydrates	0.898	Nucleosides	0.870	Purine alkaloids	0.749	Organoheterocyclic compounds	1.000	Imidazopyrimidines	0.997	Purines and purine derivatives	0.996	Purinones	0.975	6-oxopurines	0.945	Organic compounds; Organoheterocyclic compounds; Pyrimidines and pyrimidine derivatives; Imidazoles; Purines and purine derivatives; Hypoxanthines; Organic acids and derivatives; Organonitrogen compounds; Nucleosides, nucleotides, and analogues; Pyrimidones; Organooxygen compounds; Azoles; Purinones; Diazines; 6-oxopurines; Imidazopyrimidines; Substituted imidazoles; N-substituted imidazoles; Vinylogous amides; Organic oxides; Azacyclic compounds; Oxacyclic compounds; Heteroaromatic compounds; Hydrocarbon derivatives; Organopnictogen compounds; Organic oxygen compounds; Organic nitrogen compounds; Chemical entities	295.066	161	2.692	839079787574043337	839079623207650862	839079623207650861	474	
1	C14H27NO2	[M + H3N + H]+	C14H31N2O2+	Fatty acids	0.955	Fatty amides	0.986	N-acyl ethanolamines (endocannabinoids)	0.520	Lipids and lipid-like molecules	0.637	Fatty Acyls	0.590	Fatty amides	0.640	N-acyl amines	0.583	N-acyl amines	0.583	Organic compounds; Lipids and lipid-like molecules; Alcohols and polyols; Organic acids and derivatives; Carboxylic acids and derivatives; Organonitrogen compounds; Organooxygen compounds; Fatty amides; Carboxylic acid amides; Carboxylic acid derivatives; N-acyl amines; Secondary carboxylic acid amides; Carbonyl compounds; Fatty Acyls; Organic oxides; Hydrocarbon derivatives; Organopnictogen compounds; Organic oxygen compounds; Organic nitrogen compounds; Chemical entities	259.238	162	2.693	839079783673340395	839079623073433118	839079623069238813	470	
1	C4H8BNO4S	[M - H2O + H]+	C4H7BNO3S+	Amino acids and Peptides	0.785	Small peptides	0.713	Aminoacids	0.685	Organic acids and derivatives	0.967	Carboxylic acids and derivatives	0.509					Carboxylic acids and derivatives	0.509	Organic compounds; Organosulfur compounds; Organic acids and derivatives; Carboxylic acids and derivatives; Organonitrogen compounds; Organooxygen compounds; Organometallic compounds; Organometalloid compounds; Carbonyl compounds; Organic salts; Organic oxides; Organic metalloid salts; Organic metal salts; Hydrocarbon derivatives; Organopnictogen compounds; Organic oxygen compounds; Organic nitrogen compounds; Chemical entities	159.028	162	2.695	839079789780247441	839079623140541990	839079623140541989	472	
1	C5H6N4O2	[M - H2O + H]+	C5H5N4O+	Alkaloids	0.989	Pseudoalkaloids (transamidation)	0.987	Purine alkaloids	0.995	Organoheterocyclic compounds	0.998	Pteridines and derivatives	0.420	Pterins and derivatives	0.591			Pterins and derivatives	0.591	Organic compounds; Organoheterocyclic compounds; Pyrimidines and pyrimidine derivatives; Imidazoles; Pterins and derivatives; Purines and purine derivatives; Organic acids and derivatives; Organonitrogen compounds; Pyrimidones; Organooxygen compounds; Azoles; Purinones; Diazines; 6-oxopurines; Imidazopyrimidines; Vinylogous amides; Organic oxides; Azacyclic compounds; Heteroaromatic compounds; Hydrocarbon derivatives; Organopnictogen compounds; Organic oxygen compounds; Organic nitrogen compounds; Chemical entities	137.046	162	2.697	839079779818774584	839079623249593906	839079623249593905	475	
1	C3H10ClN3O2	[M - H2O + H]+	C3H9ClN3O+	Amino acids and Peptides	0.175	Small peptides	0.129	Aminoacids	0.185	Organohalogen compounds	0.987	Alkyl halides	0.973	Alkyl chlorides	0.983			Alkyl chlorides	0.983	Organic compounds; Organic acids and derivatives; Organohalogen compounds; Organonitrogen compounds; Organooxygen compounds; Alkyl chlorides; Organochlorides; Carbonyl compounds; Alkyl halides; Organic oxides; Hydrocarbon derivatives; Organopnictogen compounds; Organic oxygen compounds; Organic nitrogen compounds; Chemical entities	138.043	162	2.697	839079780083015786	839079623283148342	839079623283148341	476	
1	C3H10FN3OS	[M - H2O + H]+	C3H9FN3S+	Alkaloids	0.278	Small peptides	0.109	Aminoacids	0.106	Organohalogen compounds	0.737	Alkyl halides	0.841	Alkyl fluorides	0.628			Alkyl fluorides	0.628	Organic compounds; Organosulfur compounds; Organohalogen compounds; Organonitrogen compounds; Organooxygen compounds; Alkyl fluorides; Organofluorides; Alkyl halides; Hydrocarbon derivatives; Organopnictogen compounds; Organic oxygen compounds; Organic nitrogen compounds; Chemical entities	138.049	162	2.698	839079790568776692	839079623320897082	839079623320897081	477	
1	C14H29N6O4	[M - H2O + H]+	C14H28N6O3+	Carbohydrates	0.993	Nucleosides	0.979	Purine nucleosides	0.983	Nucleosides, nucleotides, and analogues	0.810	5'-deoxyribonucleosides	0.643					5'-deoxyribonucleosides	0.643	Organic compounds; Organoheterocyclic compounds; Carbohydrates and carbohydrate conjugates; Pyrimidines and pyrimidine derivatives; Imidazoles; Alcohols and polyols; Purines and purine derivatives; Organonitrogen compounds; Nucleosides, nucleotides, and analogues; Organooxygen compounds; Azoles; Monoalkylamines; Aminopyrimidines and derivatives; Diazines; Pentoses; Monosaccharides; Secondary alcohols; Imidazopyrimidines; Glycosyl compounds; Glycosylamines; Substituted imidazoles; N-substituted imidazoles; Amines; Primary amines; Tetrahydrofurans; 6-aminopurines; Imidolactams; Azacyclic compounds; Oxacyclic compounds; Heteroaromatic compounds; Hydrocarbon derivatives; 5'-deoxyribonucleosides; Organopnictogen compounds; Organic oxygen compounds; Organic nitrogen compounds; Chemical entities	328.223	162	2.700	839079782289219921	839079623358645822	839079623358645821	478	
1	C14H23N5O10	[M - H2O + H]+	C14H22N5O9+	Carbohydrates	0.997	Nucleosides	0.991	Purine nucleosides	0.989	Nucleosides, nucleotides, and analogues	0.908	Purine nucleosides	0.843					Purine nucleosides	0.843	Organic compounds; Organoheterocyclic compounds; Carbohydrates and carbohydrate conjugates; Amino acids, peptides, and analogues; Pyrimidines and pyrimidine derivatives; Imidazoles; Alcohols and polyols; Purines and purine derivatives; Organic acids and derivatives; Carboxylic acids and derivatives; Organonitrogen compounds; Primary alcohols; Nucleosides, nucleotides, and analogues; Organooxygen compounds; Amino acids and derivatives; Azoles; Purine nucleosides; Monocarboxylic acids and derivatives; Carboxylic acids; Aminopyrimidines and derivatives; Diazines; Pentoses; Monosaccharides; Secondary alcohols; Imidazopyrimidines; Carbonyl compounds; Glycosyl compounds; Glycosylamines; Polyols; Substituted imidazoles; N-substituted imidazoles; Amines; Primary amines; Tetrahydrofurans; 6-aminopurines; Imidolactams; Organic oxides; Azacyclic compounds; Oxacyclic compounds; Heteroaromatic compounds; Hydrocarbon derivatives; Amino acids; Organopnictogen compounds; Organic oxygen compounds; Organic nitrogen compounds; Chemical entities	404.143	163	2.714	839079793848722687	839079623429948998	839079623425754693	480	
1	C10H15N5O5	[M - H2O + H]+	C10H14N5O4+	Carbohydrates	1.000	Nucleosides	1.000	Purine nucleosides	0.999	Nucleosides, nucleotides, and analogues	0.992	Purine nucleosides	0.980					Purine nucleosides	0.980	Organic compounds; Organoheterocyclic compounds; Carbohydrates and carbohydrate conjugates; Pyrimidines and pyrimidine derivatives; Imidazoles; Alcohols and polyols; Purines and purine derivatives; Organonitrogen compounds; Primary alcohols; Nucleosides, nucleotides, and analogues; Organooxygen compounds; Azoles; Purine nucleosides; Aminopyrimidines and derivatives; Diazines; Pentoses; Monosaccharides; Secondary alcohols; Imidazopyrimidines; Glycosyl compounds; Glycosylamines; Substituted imidazoles; N-substituted imidazoles; Amines; Primary amines; Tetrahydrofurans; 6-aminopurines; Imidolactams; Azacyclic compounds; Oxacyclic compounds; Heteroaromatic compounds; Hydrocarbon derivatives; Organopnictogen compounds; Organic oxygen compounds; Organic nitrogen compounds; Chemical entities	268.104	163	2.722	839079781240643816	839079623547389522	839079623547389521	483	
1	C35H41N9O7	[M - H2O + H]+	C35H40N9O6+	Alkaloids	0.172	Oligopeptides	0.352	Purine nucleosides	0.498	Nucleosides, nucleotides, and analogues	0.759	Purine nucleosides	0.704					Purine nucleosides	0.704	Organic compounds; Organoheterocyclic compounds; Carbohydrates and carbohydrate conjugates; Lipids and lipid-like molecules; Pyrimidines and pyrimidine derivatives; Imidazoles; Alcohols and polyols; Phenethylamines; Amphetamines and derivatives; Purines and purine derivatives; Organic acids and derivatives; Carboxylic acids and derivatives; Organonitrogen compounds; Primary alcohols; Nucleosides, nucleotides, and analogues; Organooxygen compounds; Azoles; Carboxylic acid amides; Purine nucleosides; Carboxylic acid derivatives; Diazines; Monosaccharides; Secondary alcohols; Secondary carboxylic acid amides; Imidazopyrimidines; Carbonyl compounds; Glycosylamines; Benzene and substituted derivatives; Substituted imidazoles; N-substituted imidazoles; Benzenoids; Amines; Primary amines; 6-aminopurines; Imidolactams; Fatty Acyls; Organic oxides; Azacyclic compounds; Oxacyclic compounds; Heteroaromatic compounds; Hydrocarbon derivatives; Organopnictogen compounds; Organic oxygen compounds; Organic nitrogen compounds; Chemical entities	682.309	163	2.723	839079788530344777	839079623513835086	839079623509640781	482	
1	C13H22F2N10O6	[M - H2O + H]+	C13H21F2N10O5+	Carbohydrates	1.000	Nucleosides	1.000	Purine nucleosides	0.998	Nucleosides, nucleotides, and analogues	0.959	Purine nucleosides	0.915					Purine nucleosides	0.915	Organic compounds; Organoheterocyclic compounds; Carbohydrates and carbohydrate conjugates; Pyrimidines and pyrimidine derivatives; Imidazoles; Alcohols and polyols; Purines and purine derivatives; Organohalogen compounds; Organonitrogen compounds; Primary alcohols; Nucleosides, nucleotides, and analogues; Organooxygen compounds; Azoles; Purine nucleosides; Alkyl fluorides; Aminopyrimidines and derivatives; Diazines; Organofluorides; Monosaccharides; Secondary alcohols; Imidazopyrimidines; Oxolanes; Glycosyl compounds; Glycosylamines; Substituted imidazoles; N-substituted imidazoles; Amines; Primary amines; Fluorohydrins; Tetrahydrofurans; Alkyl halides; 6-aminopurines; Imidolactams; Azacyclic compounds; Oxacyclic compounds; Heteroaromatic compounds; Hydrocarbon derivatives; Organopnictogen compounds; Organic oxygen compounds; Organic nitrogen compounds; Chemical entities	435.166	164	2.732	839079793777419498	839079623585138262	839079623585138261	484	
1	C19H17F3N6O2	[M + H3N + H]+	C19H21F3N7O2+	Alkaloids	0.764	Pseudoalkaloids (transamidation)	0.138	Purine alkaloids	0.194	Benzenoids	0.956	Benzene and substituted derivatives	0.858	Trifluoromethylbenzenes	0.524			Trifluoromethylbenzenes	0.524	Organic compounds; Organoheterocyclic compounds; Halobenzenes; Pyrimidines and pyrimidine derivatives; Imidazoles; Organic acids and derivatives; Carboxylic acids and derivatives; Organohalogen compounds; Organonitrogen compounds; Organooxygen compounds; Azoles; Carboxylic acid amides; Alkyl fluorides; Aryl fluorides; Carboxylic acid derivatives; Fluorobenzenes; Diazines; Organofluorides; Benzene and substituted derivatives; Substituted imidazoles; N-substituted imidazoles; Benzenoids; Amines; Aryl halides; Alkyl halides; Organic oxides; Azacyclic compounds; Heteroaromatic compounds; Hydrocarbon derivatives; Trifluoromethylbenzenes; Organopnictogen compounds; Organic oxygen compounds; Organic nitrogen compounds; Chemical entities	436.169	164	2.734	839079801121646393	839079623471892042	839079623471892041	481	
1	C30H45N7O9S	[M + K]+	C30H45KN7O9S+	Carbohydrates	0.841	Nucleosides	0.857	Purine nucleosides	0.940	Organic acids and derivatives	0.994	Carboxylic acids and derivatives	0.983	Amino acids, peptides, and analogues	0.983	Amino acids and derivatives	0.981	Phenylalanine and derivatives	0.602	Organic compounds; Organoheterocyclic compounds; Organosulfur compounds; Carbohydrates and carbohydrate conjugates; Lipids and lipid-like molecules; Amino acids, peptides, and analogues; Alpha amino acids and derivatives; Pyrimidines and pyrimidine derivatives; Imidazoles; Alcohols and polyols; Phenethylamines; Amphetamines and derivatives; Purines and purine derivatives; Fatty acids and conjugates; Organic acids and derivatives; Carboxylic acids and derivatives; Organonitrogen compounds; Nucleosides, nucleotides, and analogues; Organooxygen compounds; Fatty amides; Hydroxy fatty acids; Amino acids and derivatives; Azoles; Monoalkylamines; Carboxylic acid amides; Carboxylic acid derivatives; N-acyl amines; Monocarboxylic acids and derivatives; Carboxylic acids; Aminopyrimidines and derivatives; Diazines; Monosaccharides; Secondary alcohols; Secondary carboxylic acid amides; Imidazopyrimidines; Carbonyl compounds; Glycosyl compounds; Glycosylamines; Benzene and substituted derivatives; Alpha amino acid amides; Substituted imidazoles; N-substituted imidazoles; Benzenoids; Amines; Primary amines; Tetrahydrofurans; 6-aminopurines; Imidolactams; Fatty Acyls; Organic oxides; Azacyclic compounds; Oxacyclic compounds; Heteroaromatic compounds; Hydrocarbon derivatives; Amino acids; Phenylalanine and derivatives; 5'-deoxyribonucleosides; Organopnictogen compounds; Organic oxygen compounds; Organic nitrogen compounds; Chemical entities	718.262	165	2.743	839079933867183058	839079623622887002	839079623622887001	485	
1	C21H20N8O2S	[M + H]+	C21H21N8O2S+	Carbohydrates	0.788	Nucleosides	0.671	Purine nucleosides	0.695	Organoheterocyclic compounds	0.999	Imidazopyrimidines	0.997	Purines and purine derivatives	0.998	6-aminopurines	0.979	6-aminopurines	0.979	Organic compounds; Organoheterocyclic compounds; Organosulfur compounds; Pyrimidines and pyrimidine derivatives; Imidazoles; Alcohols and polyols; Purines and purine derivatives; Organonitrogen compounds; Nucleosides, nucleotides, and analogues; Organooxygen compounds; Azoles; Thioethers; Aminopyrimidines and derivatives; Diazines; Imidazopyrimidines; Benzene and substituted derivatives; Substituted imidazoles; N-substituted imidazoles; Benzenoids; Amines; Primary amines; 6-aminopurines; Sulfenyl compounds; Imidolactams; Azacyclic compounds; Oxacyclic compounds; Heteroaromatic compounds; Hydrocarbon derivatives; Organopnictogen compounds; Organic oxygen compounds; Organic nitrogen compounds; Chemical entities	449.149	165	2.747	839079872827473335	839079623694190178	839079623694190177	487	
1	C19H28O10S	[M + H3N + H]+	C19H32NO10S+	Shikimates and Phenylpropanoids	0.376	Phenolic acids (C6-C1)	0.110	Macrolide lactones	0.076	Benzenoids	0.825	Benzene and substituted derivatives	0.833					Benzene and substituted derivatives	0.833	Organic compounds; Organosulfur compounds; Organic acids and derivatives; Carboxylic acids and derivatives; Organooxygen compounds; Dicarboxylic acids and derivatives; Carboxylic acid derivatives; Carboxylic acid esters; Carbonyl compounds; Benzene and substituted derivatives; Benzenoids; Organic oxides; Hydrocarbon derivatives; Organic oxygen compounds; Chemical entities	466.176	165	2.747	839079814342093420	839079623656441438	839079623656441437	486	
1	C21H27N2O7P	[M + H3N + H]+	C21H31N3O7P+	Carbohydrates	0.178	Coumarins	0.359	Simple coumarins	0.395	Organoheterocyclic compounds	0.910	Diazines	0.779	Pyrimidines and pyrimidine derivatives	0.635	Pyrimidones	0.563	Pyrimidones	0.563	Organic compounds; Organoheterocyclic compounds; Pyrimidines and pyrimidine derivatives; Organic acids and derivatives; Organonitrogen compounds; Pyrimidones; Organooxygen compounds; Organic carbonic acids and derivatives; Organophosphorus compounds; Organic phosphonic acids and derivatives; Ureas; Phosphonic acid esters; Diazines; Benzene and substituted derivatives; Benzenoids; Phosphonic acid diesters; Organic oxides; Azacyclic compounds; Heteroaromatic compounds; Hydrocarbon derivatives; Organopnictogen compounds; Organic oxygen compounds; Organic nitrogen compounds; Chemical entities	468.191	165	2.750	839079826279083270	839079623731938918	839079623731938917	488	
1	C26H24N2O4	[M + Na]+	C26H24N2NaO4+	Alkaloids	0.304	Anthranilic acid alkaloids	0.152	Acridone alkaloids	0.098	Benzenoids	0.998	Benzene and substituted derivatives	0.943	Anilides	0.614	Aromatic anilides	0.569	Aromatic anilides	0.569	Organic compounds; Organoheterocyclic compounds; Phenols; Benzoic acids and derivatives; Organic acids and derivatives; Carboxylic acids and derivatives; Organonitrogen compounds; Anilides; Organooxygen compounds; Carboxylic acid amides; Carboxylic acid derivatives; Secondary carboxylic acid amides; Carbonyl compounds; Benzene and substituted derivatives; Benzenoids; Phenylpropanes; Organic oxides; Hydrocarbon derivatives; Organopnictogen compounds; Organic oxygen compounds; Organic nitrogen compounds; Aromatic anilides; Chemical entities	451.165	165	2.750	839079798928025215	839079623790659178	839079623786464873	489	
1	C7H9N5O2	[M - H2O + H]+	C7H8N5O+	Alkaloids	0.695	Pseudoalkaloids (transamidation)	0.915	Purine alkaloids	0.943	Organic acids and derivatives	0.885	Carboxylic acids and derivatives	0.823	Amino acids, peptides, and analogues	0.726	Amino acids and derivatives	0.726	Amino acids	0.737	Organic compounds; Organoheterocyclic compounds; Amino acids, peptides, and analogues; Pyrimidines and pyrimidine derivatives; Imidazoles; Purines and purine derivatives; Organic acids and derivatives; Carboxylic acids and derivatives; Organonitrogen compounds; Organooxygen compounds; Amino acids and derivatives; Azoles; Monocarboxylic acids and derivatives; Carboxylic acids; Aminopyrimidines and derivatives; Diazines; Imidazopyrimidines; Carbonyl compounds; Substituted imidazoles; Amines; Primary amines; 6-aminopurines; Imidolactams; Organic oxides; Azacyclic compounds; Heteroaromatic compounds; Hydrocarbon derivatives; Amino acids; Organopnictogen compounds; Organic oxygen compounds; Organic nitrogen compounds; Chemical entities	178.072	165	2.750	839079820553857958	839079623392200258	839079623392200257	479	
1	C22H27ClN2O6	[M + Na]+	C22H27ClN2NaO6+	Alkaloids	0.208	Anthranilic acid alkaloids	0.086	Acridone alkaloids	0.054	Organic acids and derivatives	0.937	Carboxylic acids and derivatives	0.851	Amino acids, peptides, and analogues	0.599	Amino acids and derivatives	0.598	Amino acids and derivatives	0.598	Organic compounds; Organoheterocyclic compounds; Amino acids, peptides, and analogues; Halobenzenes; Alkyl aryl ethers; Ethers; Organic acids and derivatives; Carboxylic acids and derivatives; Organohalogen compounds; Organonitrogen compounds; Organooxygen compounds; Amino acids and derivatives; Aryl chlorides; Carboxylic acid derivatives; Organochlorides; Carbonyl compounds; Benzene and substituted derivatives; Phenol ethers; Benzenoids; Amines; Aryl halides; Organic oxides; Azacyclic compounds; Oxacyclic compounds; Heteroaromatic compounds; Hydrocarbon derivatives; Organopnictogen compounds; Organic oxygen compounds; Organic nitrogen compounds; Chemical entities	473.147	165	2.752	839079825192758515	839079623832602222	839079623828407917	490	
1	C22H30N4O6S	[M + H3N + H]+	C22H34N5O6S+	Amino acids and Peptides	0.382	Oligopeptides	0.220	Cyclamides	0.406	Benzenoids	0.744	Benzene and substituted derivatives	0.536					Benzene and substituted derivatives	0.536	Organic compounds; Organoheterocyclic compounds; Organosulfur compounds; Organic acids and derivatives; Carboxylic acids and derivatives; Organonitrogen compounds; Organooxygen compounds; Azoles; Carboxylic acid amides; Carboxylic acid derivatives; Carbonyl compounds; Benzene and substituted derivatives; Benzenoids; Vinylogous amides; Organic oxides; Azacyclic compounds; Heteroaromatic compounds; Hydrocarbon derivatives; Organopnictogen compounds; Organic oxygen compounds; Organic nitrogen compounds; Chemical entities	496.223	165	2.756	839079861486074272	839079623866156658	839079623866156657	491	
1	C7H3N5O	[M + H3N + H]+	C7H7N6O+	Alkaloids	0.930	Pseudoalkaloids (transamidation)	0.787	Purine alkaloids	0.897	Organoheterocyclic compounds	1.000	Pteridines and derivatives	0.914	Pterins and derivatives	0.797			Pterins and derivatives	0.797	Organic compounds; Organoheterocyclic compounds; Pyrazines; Pyrimidines and pyrimidine derivatives; Pteridines and derivatives; Pterins and derivatives; Organic acids and derivatives; Organonitrogen compounds; Pyrimidones; Organooxygen compounds; Aminopyrimidines and derivatives; Diazines; Amines; Primary amines; Vinylogous amides; Organic oxides; Azacyclic compounds; Heteroaromatic compounds; Hydrocarbon derivatives; Organopnictogen compounds; Organic oxygen compounds; Organic nitrogen compounds; Chemical entities	191.068	165	2.757	839079784088576499	839079623899711094	839079623899711093	492	
1	C7H9N5O2	[M - H2O + H]+	C7H8N5O+	Alkaloids	0.816	Pseudoalkaloids (transamidation)	0.916	Purine alkaloids	0.961	Organic acids and derivatives	0.935	Carboxylic acids and derivatives	0.889	Amino acids, peptides, and analogues	0.658	Amino acids and derivatives	0.659	Amino acids and derivatives	0.659	Organic compounds; Organoheterocyclic compounds; Amino acids, peptides, and analogues; Pyrimidines and pyrimidine derivatives; Imidazoles; Purines and purine derivatives; Organic acids and derivatives; Carboxylic acids and derivatives; Organonitrogen compounds; Organooxygen compounds; Amino acids and derivatives; Azoles; Aminopyrimidines and derivatives; Diazines; Imidazopyrimidines; Carbonyl compounds; Amines; Primary amines; 6-aminopurines; Imidolactams; Organic oxides; Azacyclic compounds; Heteroaromatic compounds; Hydrocarbon derivatives; Organopnictogen compounds; Organic oxygen compounds; Organic nitrogen compounds; Chemical entities	178.072	167	2.789	839079790384227279	839079624147175058	839079624147175057	499	
1	C23H46NO7P	[M + H]+	C23H47NO7P+	Fatty acids	1.000	Glycerophospholipids	1.000	Glycerophosphoethanolamines	0.998	Organic acids and derivatives	0.999	Carboxylic acids and derivatives	0.998	Amino acids, peptides, and analogues	0.984	Amino acids and derivatives	0.983	Amino acids and derivatives	0.983	Organic compounds; Lipids and lipid-like molecules; Amino acids, peptides, and analogues; Alcohols and polyols; Glycerophospholipids; Organic acids and derivatives; Carboxylic acids and derivatives; Organonitrogen compounds; Organooxygen compounds; Fatty acid esters; Amino acids and derivatives; Organic phosphoric acids and derivatives; Phosphate esters; Monoalkylamines; Carboxylic acid derivatives; Monocarboxylic acids and derivatives; Carboxylic acid esters; Phosphoethanolamines; Lysophosphatidylethanolamines; Secondary alcohols; 1-acyl-sn-glycero-3-phosphoethanolamines; Carbonyl compounds; Glycerophosphoethanolamines; Amines; Primary amines; Alkyl phosphates; Dialkyl phosphates; Fatty Acyls; Organic oxides; Hydrocarbon derivatives; Organopnictogen compounds; Organic oxygen compounds; Organic nitrogen compounds; Chemical entities	480.309	167	2.791	839079789302096741	839079623937459834	839079623937459833	493	
1	C17H38N7O7S	[M + H3N + H]+	C17H42N8O7S+	Carbohydrates	1.000	Nucleosides	1.000	Purine nucleosides	0.999	Nucleosides, nucleotides, and analogues	0.972	5'-deoxyribonucleosides	0.999	5'-deoxy-5'-thionucleosides	0.993			5'-deoxy-5'-thionucleosides	0.993	Organic compounds; Organoheterocyclic compounds; Organosulfur compounds; Carbohydrates and carbohydrate conjugates; Lipids and lipid-like molecules; Amino acids, peptides, and analogues; Alpha amino acids and derivatives; Pyrimidines and pyrimidine derivatives; Imidazoles; Alcohols and polyols; Purines and purine derivatives; Fatty acids and conjugates; Organic acids and derivatives; Carboxylic acids and derivatives; Organonitrogen compounds; Nucleosides, nucleotides, and analogues; Organooxygen compounds; Hydroxy fatty acids; Amino acids and derivatives; Azoles; Monoalkylamines; Monocarboxylic acids and derivatives; Carboxylic acids; Aminopyrimidines and derivatives; Diazines; Thia fatty acids; Pentoses; Monosaccharides; Secondary alcohols; Imidazopyrimidines; Carbonyl compounds; Glycosyl compounds; Glycosylamines; Polyols; Substituted imidazoles; N-substituted imidazoles; Alpha amino acids; Amines; Primary amines; 1,2-diols; Tetrahydrofurans; 6-aminopurines; Dialkylthioethers; Imidolactams; Fatty Acyls; Organic oxides; Azacyclic compounds; Oxacyclic compounds; Heteroaromatic compounds; Hydrocarbon derivatives; Amino acids; 5'-deoxyribonucleosides; 5'-deoxy-5'-thionucleosides; Organopnictogen compounds; Organic oxygen compounds; Organic nitrogen compounds; Chemical entities	502.292	168	2.796	839079833283571659	839079623971014270	839079623971014269	494	
1	C21H23F7N4O9	[M + Na]+	C21H23F7N4NaO9+	Carbohydrates	0.333	Ornithine alkaloids	0.105	Pyrimidine nucleosides	0.150	Benzenoids	0.934	Benzene and substituted derivatives	0.882					Benzene and substituted derivatives	0.882	Organic compounds; Alcohols and polyols; Organic acids and derivatives; Carboxylic acids and derivatives; Organohalogen compounds; Organonitrogen compounds; Organooxygen compounds; Alkyl fluorides; Carboxylic acid derivatives; Organofluorides; Carbonyl compounds; Benzene and substituted derivatives; Benzenoids; Alkyl halides; Organic oxides; Hydrocarbon derivatives; Organopnictogen compounds; Organic oxygen compounds; Organic nitrogen compounds; Chemical entities	631.123	168	2.800	839079956885524159	839079624008763010	839079624008763009	495	
1	C11H20O2	[M + H3N + H]+	C11H24NO2+	Terpenoids	0.689	Monoterpenoids	0.292	Fatty alcohols	0.088	Organic oxygen compounds	0.999	Organooxygen compounds	0.998	Alcohols and polyols	0.612			Alcohols and polyols	0.612	Organic compounds; Alcohols and polyols; Organooxygen compounds; Carbonyl compounds; Organic oxides; Hydrocarbon derivatives; Organic oxygen compounds; Chemical entities	202.180	168	2.801	839079782649930131	839079624046511750	839079624042317445	496	
1	C5HN3O2	[M + H3N + H]+	C5H5N4O2+	Alkaloids	0.991	Pseudoalkaloids (transamidation)	0.979	Purine alkaloids	0.996	Organoheterocyclic compounds	0.998	Imidazopyrimidines	0.581	Purines and purine derivatives	0.582	Xanthines	0.600	Xanthines	0.600	Organic compounds; Organoheterocyclic compounds; Pyrimidines and pyrimidine derivatives; Imidazoles; Lactams; Purines and purine derivatives; Xanthines; Organic acids and derivatives; Organonitrogen compounds; Pyrimidones; Organooxygen compounds; Organic carbonic acids and derivatives; Azoles; Ureas; Purinones; Diazines; Imidazopyrimidines; Vinylogous amides; Organic oxides; Azacyclic compounds; Heteroaromatic compounds; Hydrocarbon derivatives; Organopnictogen compounds; Organic oxygen compounds; Organic nitrogen compounds; Chemical entities	153.041	168	2.802	839079959364357912	839079624080066186	839079624080066185	497	
1	C10H20N6O4S	[M - H2O + H]+	C10H19N6O3S+	Carbohydrates	0.998	Nucleosides	0.999	Purine nucleosides	0.996	Nucleosides, nucleotides, and analogues	0.938	5'-deoxyribonucleosides	0.997	5'-deoxy-5'-thionucleosides	0.986			5'-deoxy-5'-thionucleosides	0.986	Organic compounds; Organoheterocyclic compounds; Organosulfur compounds; Carbohydrates and carbohydrate conjugates; Pyrimidines and pyrimidine derivatives; Imidazoles; Alcohols and polyols; Purines and purine derivatives; Fatty acids and conjugates; Organic acids and derivatives; Organonitrogen compounds; Nucleosides, nucleotides, and analogues; Organooxygen compounds; Hydroxy fatty acids; Azoles; Monoalkylamines; Aminopyrimidines and derivatives; Diazines; Thia fatty acids; Pentoses; Monosaccharides; Secondary alcohols; Imidazopyrimidines; Glycosyl compounds; Glycosylamines; Polyols; Substituted imidazoles; N-substituted imidazoles; Alpha amino acids; Amines; Primary amines; 1,2-diols; Tetrahydrofurans; 6-aminopurines; Imidolactams; Organic oxides; Azacyclic compounds; Oxacyclic compounds; Heteroaromatic compounds; Hydrocarbon derivatives; 5'-deoxyribonucleosides; 5'-deoxy-5'-thionucleosides; Organopnictogen compounds; Organic oxygen compounds; Organic nitrogen compounds; Chemical entities	303.123	169	2.816	839079796474357188	839079624247838366	839079624247838365	502	
1	C30H60O2	[M + H3N + H]+	C30H64NO2+	Terpenoids	0.959	Steroids	0.238	Carotenoids (C40, Ψ-Ψ)	0.052	Lipids and lipid-like molecules	0.956	Prenol lipids	0.696					Prenol lipids	0.696	Organic compounds; Lipids and lipid-like molecules; Alcohols and polyols; Prenol lipids; Organooxygen compounds; Cyclic alcohols and derivatives; Secondary alcohols; Hydrocarbon derivatives; Organic oxygen compounds; Chemical entities	470.493	169	2.819	839079784243765767	839079624113620622	839079624113620621	498	
1	C6H4N4O2	[M + H3N + H]+	C6H8N5O2+	Alkaloids	0.986	Pseudoalkaloids (transamidation)	0.987	Purine alkaloids	0.998	Organoheterocyclic compounds	1.000	Diazines	0.878	Pyrimidines and pyrimidine derivatives	0.831	Pyrimidones	0.772	Pyrimidones	0.772	Organic compounds; Organoheterocyclic compounds; Pyrimidines and pyrimidine derivatives; Imidazoles; Lactams; Organic acids and derivatives; Organonitrogen compounds; Pyrimidones; Organooxygen compounds; Azoles; Diazines; Vinylogous amides; Organic oxides; Azacyclic compounds; Heteroaromatic compounds; Hydrocarbon derivatives; Organopnictogen compounds; Organic oxygen compounds; Organic nitrogen compounds; Chemical entities	182.067	170	2.830	839079785002934873	839079624352695978	839079624352695977	505	
1	C9H11NO	[M + H]+	C9H12NO+	Alkaloids	0.994	Nicotinic acid alkaloids	0.855	Pyridine alkaloids	0.855	Organoheterocyclic compounds	0.954	Pyridines and derivatives	0.681					Pyridines and derivatives	0.681	Organic compounds; Organoheterocyclic compounds; Pyridines and derivatives; Organonitrogen compounds; Organooxygen compounds; Organic oxides; Azacyclic compounds; Heteroaromatic compounds; Hydrocarbon derivatives; Organopnictogen compounds; Organic oxygen compounds; Organic nitrogen compounds; Chemical entities	150.091	170	2.830	839079833883357195	839079624180729494	839079624180729493	500	
1	C9H11NO	[M + H3N + H]+	C9H15N2O+	Alkaloids	0.949	Lysine alkaloids	0.416	Pyridine alkaloids	0.357	Organoheterocyclic compounds	0.621	Azacyclic compounds	0.620					Azacyclic compounds	0.620	Organic compounds; Organoheterocyclic compounds; Organonitrogen compounds; Organooxygen compounds; Amines; Azacyclic compounds; Hydrocarbon derivatives; Organopnictogen compounds; Organic oxygen compounds; Organic nitrogen compounds; Chemical entities	167.118	170	2.832	839079959628599088	839079624214283930	839079624214283929	501	
1	C24H35N7O2	[M + H]+	C24H36N7O2+	Alkaloids	0.655	Pseudoalkaloids (transamidation)	0.743	Purine nucleosides	0.746	Organoheterocyclic compounds	0.996	Imidazopyrimidines	0.992	Purines and purine derivatives	0.993	6-aminopurines	0.985	6-alkylaminopurines	0.818	Organic compounds; Organoheterocyclic compounds; Pyrimidines and pyrimidine derivatives; Imidazoles; Alcohols and polyols; Purines and purine derivatives; Organonitrogen compounds; Organooxygen compounds; Azoles; Aminopyrimidines and derivatives; Diazines; Secondary alcohols; Imidazopyrimidines; Substituted imidazoles; N-substituted imidazoles; Benzenoids; Amines; Primary amines; 6-aminopurines; 6-alkylaminopurines; Imidolactams; Azacyclic compounds; Oxacyclic compounds; Heteroaromatic compounds; Hydrocarbon derivatives; Organopnictogen compounds; Organic oxygen compounds; Organic nitrogen compounds; Chemical entities	454.293	170	2.833	839079798126913124	839079624314947238	839079624314947237	504	
1	C22H44NO7P	[M + H]+	C22H45NO7P+	Fatty acids	1.000	Glycerophospholipids	1.000	Glycerophosphoethanolamines	0.999	Organic acids and derivatives	0.999	Carboxylic acids and derivatives	0.998	Amino acids, peptides, and analogues	0.985	Amino acids and derivatives	0.985	Amino acids and derivatives	0.985	Organic compounds; Lipids and lipid-like molecules; Amino acids, peptides, and analogues; Alcohols and polyols; Glycerophospholipids; Organic acids and derivatives; Carboxylic acids and derivatives; Organonitrogen compounds; Organooxygen compounds; Fatty acid esters; Amino acids and derivatives; Organic phosphoric acids and derivatives; Phosphate esters; Monoalkylamines; Carboxylic acid derivatives; Monocarboxylic acids and derivatives; Carboxylic acid esters; Phosphoethanolamines; Lysophosphatidylethanolamines; Secondary alcohols; 1-acyl-sn-glycero-3-phosphoethanolamines; Carbonyl compounds; Glycerophosphoethanolamines; Amines; Primary amines; Alkyl phosphates; Dialkyl phosphates; Fatty Acyls; Organic oxides; Hydrocarbon derivatives; Organopnictogen compounds; Organic oxygen compounds; Organic nitrogen compounds; Chemical entities	466.293	170	2.836	839079801830483837	839079624281392802	839079624281392801	503	
1	C7H9N5O2	[M + H]+	C7H10N5O2+	Alkaloids	0.867	Pseudoalkaloids (transamidation)	0.941	Purine alkaloids	0.979	Organic acids and derivatives	0.849	Carboxylic acids and derivatives	0.766	Amino acids, peptides, and analogues	0.593	Amino acids and derivatives	0.594	Amino acids and derivatives	0.594	Organic compounds; Organoheterocyclic compounds; Amino acids, peptides, and analogues; Pyrimidines and pyrimidine derivatives; Imidazoles; Purines and purine derivatives; Organic acids and derivatives; Carboxylic acids and derivatives; Organonitrogen compounds; Organooxygen compounds; Amino acids and derivatives; Azoles; Monocarboxylic acids and derivatives; Carboxylic acids; Aminopyrimidines and derivatives; Diazines; Imidazopyrimidines; Carbonyl compounds; Amines; Primary amines; 6-aminopurines; Imidolactams; Organic oxides; Azacyclic compounds; Heteroaromatic compounds; Hydrocarbon derivatives; Organopnictogen compounds; Organic oxygen compounds; Organic nitrogen compounds; Chemical entities	196.083	171	2.851	839079790551999458	839079624491108026	839079624491108025	509	
1	C19H33NO3	[M + H3N + H]+	C19H37N2O3+	Fatty acids	0.974	Spingolipids	0.292	Sphingoid bases	0.480	Lipids and lipid-like molecules	0.649	Fatty Acyls	0.518					Fatty Acyls	0.518	Organic compounds; Lipids and lipid-like molecules; Alcohols and polyols; Organonitrogen compounds; Organooxygen compounds; Secondary alcohols; Amines; Fatty Acyls; Hydrocarbon derivatives; Organopnictogen compounds; Organic oxygen compounds; Organic nitrogen compounds; Chemical entities	341.280	172	2.865	839079804976212055	839079624423999154	839079624423999153	507	
1	C28H56O2	[M + H3N + H]+	C28H60NO2+	Fatty acids	0.873	Fatty Acids and Conjugates	0.210	Fatty alcohols	0.438	Lipids and lipid-like molecules	0.978	Fatty Acyls	0.774					Fatty Acyls	0.774	Organic compounds; Lipids and lipid-like molecules; Alcohols and polyols; Carboxylic acids and derivatives; Organooxygen compounds; Monocarboxylic acids and derivatives; Secondary alcohols; Carbonyl compounds; Fatty Acyls; Organic oxides; Hydrocarbon derivatives; Organic oxygen compounds; Chemical entities	442.462	172	2.866	839079798357599869	839079624386250414	839079624386250413	506	
1	C23H48NO7P	[M + H]+	C23H49NO7P+	Fatty acids	1.000	Glycerophospholipids	1.000	Glycerophosphoethanolamines	1.000	Organic acids and derivatives	1.000	Carboxylic acids and derivatives	0.999	Amino acids, peptides, and analogues	0.987	Amino acids and derivatives	0.987	Amino acids and derivatives	0.987	Organic compounds; Lipids and lipid-like molecules; Amino acids, peptides, and analogues; Alcohols and polyols; Glycerophospholipids; Organic acids and derivatives; Carboxylic acids and derivatives; Organonitrogen compounds; Organooxygen compounds; Fatty acid esters; Amino acids and derivatives; Organic phosphoric acids and derivatives; Phosphate esters; Monoalkylamines; Carboxylic acid derivatives; Monocarboxylic acids and derivatives; Carboxylic acid esters; Phosphoethanolamines; Lysophosphatidylethanolamines; Secondary alcohols; 1-acyl-sn-glycero-3-phosphoethanolamines; Carbonyl compounds; Glycerophosphoethanolamines; Amines; Primary amines; Alkyl phosphates; Dialkyl phosphates; Fatty Acyls; Organic oxides; Hydrocarbon derivatives; Organopnictogen compounds; Organic oxygen compounds; Organic nitrogen compounds; Chemical entities	482.324	172	2.873	839079815239674496	839079624566605506	839079624566605505	511	
1	C21H42NO7P	[M + Na]+	C21H42NNaO7P+	Fatty acids	1.000	Glycerophospholipids	1.000	Glycerophosphoethanolamines	0.999	Organic acids and derivatives	0.999	Carboxylic acids and derivatives	0.997	Amino acids, peptides, and analogues	0.983	Amino acids and derivatives	0.982	Amino acids and derivatives	0.982	Organic compounds; Lipids and lipid-like molecules; Amino acids, peptides, and analogues; Alcohols and polyols; Glycerophospholipids; Organic acids and derivatives; Carboxylic acids and derivatives; Organonitrogen compounds; Organooxygen compounds; Fatty acid esters; Amino acids and derivatives; Organic phosphoric acids and derivatives; Phosphate esters; Monoalkylamines; Carboxylic acid derivatives; Monocarboxylic acids and derivatives; Carboxylic acid esters; Phosphoethanolamines; Lysophosphatidylethanolamines; Secondary alcohols; 1-acyl-sn-glycero-3-phosphoethanolamines; Carbonyl compounds; Glycerophosphoethanolamines; Amines; Primary amines; Alkyl phosphates; Dialkyl phosphates; Fatty Acyls; Organic oxides; Hydrocarbon derivatives; Organopnictogen compounds; Organic oxygen compounds; Organic nitrogen compounds; Chemical entities	474.259	172	2.873	839079799548782248	839079624604354246	839079624600159941	512	
1	C21H38N6O6	[M - H2O + H]+	C21H37N6O5+	Carbohydrates	0.609	Oligopeptides	0.530	Purine nucleosides	0.168	Organic acids and derivatives	0.738	Carboxylic acids and derivatives	0.625	Amino acids, peptides, and analogues	0.557	Amino acids and derivatives	0.541	Alpha amino acids and derivatives	0.529	Organic compounds; Lipids and lipid-like molecules; Amino acids, peptides, and analogues; Alpha amino acids and derivatives; Alcohols and polyols; Organic acids and derivatives; Carboxylic acids and derivatives; Organonitrogen compounds; Primary alcohols; Organooxygen compounds; Fatty amides; Amino acids and derivatives; Monoalkylamines; Carboxylic acid amides; N-acyl amines; Secondary alcohols; Carbonyl compounds; Amines; Primary amines; Fatty Acyls; Organic oxides; Hydrocarbon derivatives; Organopnictogen compounds; Organic oxygen compounds; Organic nitrogen compounds; Chemical entities	453.281	172	2.874	839079817219386055	839079624457553590	839079624457553589	508	
1	C21H42NO7P	[M + H]+	C21H43NO7P+	Fatty acids	1.000	Glycerophospholipids	1.000	Glycerophosphoethanolamines	0.997	Organic acids and derivatives	0.999	Carboxylic acids and derivatives	0.998	Amino acids, peptides, and analogues	0.984	Amino acids and derivatives	0.983	Amino acids and derivatives	0.983	Organic compounds; Lipids and lipid-like molecules; Amino acids, peptides, and analogues; Alcohols and polyols; Glycerophospholipids; Organic acids and derivatives; Carboxylic acids and derivatives; Organonitrogen compounds; Organooxygen compounds; Fatty acid esters; Amino acids and derivatives; Organic phosphoric acids and derivatives; Phosphate esters; Monoalkylamines; Carboxylic acid derivatives; Monocarboxylic acids and derivatives; Carboxylic acid esters; Phosphoethanolamines; Lysophosphatidylethanolamines; Secondary alcohols; 1-acyl-sn-glycero-3-phosphoethanolamines; Carbonyl compounds; Glycerophosphoethanolamines; Amines; Primary amines; Alkyl phosphates; Dialkyl phosphates; Fatty Acyls; Organic oxides; Hydrocarbon derivatives; Organopnictogen compounds; Organic oxygen compounds; Organic nitrogen compounds; Chemical entities	452.277	173	2.875	839079794595308894	839079624642102986	839079624642102985	513	
1	C19H36O4	[M - H2O + H]+	C19H35O3+	Fatty acids	1.000	Glycerolipids	0.988	Monoacylglycerols	0.997	Lipids and lipid-like molecules	0.998	Glycerolipids	0.979	Monoradylglycerols	0.992	Monoacylglycerols	0.988	1-monoacylglycerols	0.936	Organic compounds; Lipids and lipid-like molecules; Alcohols and polyols; Glycerolipids; Organic acids and derivatives; Carboxylic acids and derivatives; Primary alcohols; Organooxygen compounds; Fatty acid esters; Carboxylic acid derivatives; Monoacylglycerols; Monocarboxylic acids and derivatives; Carboxylic acid esters; 1-monoacylglycerols; Secondary alcohols; Carbonyl compounds; Polyols; 1,2-diols; Monoradylglycerols; Fatty Acyls; Organic oxides; Hydrocarbon derivatives; Organic oxygen compounds; Chemical entities	311.258	173	2.875	839079810982455767	839079624528856766	839079624528856765	510	
1	C11H19FN3O3S	[M - H2O + H]+	C11H18FN3O2S+	Alkaloids	0.629	Ornithine alkaloids	0.094	Imidazole alkaloids	0.081	Benzenoids	0.225	Benzene and substituted derivatives	0.365	Halobenzenes	0.410	Fluorobenzenes	0.514	Fluorobenzenes	0.514	Organic compounds; Organoheterocyclic compounds; Organosulfur compounds; Organic acids and derivatives; Organohalogen compounds; Organonitrogen compounds; Organooxygen compounds; Aryl fluorides; Fluorobenzenes; Sulfonyls; Organofluorides; Aryl halides; Organic oxides; Hydrocarbon derivatives; Organopnictogen compounds; Organic oxygen compounds; Organic nitrogen compounds; Chemical entities	275.110	173	2.885	839079808834971932	839079624675657422	839079624675657421	514	
1	C26H34N6O2	[M + H3N + H]+	C26H38N7O2+	Alkaloids	0.842	Tryptophan alkaloids	0.329	Carboline alkaloids	0.034	Organic acids and derivatives	0.487	Carboxylic acids and derivatives	0.552	Amino acids, peptides, and analogues	0.548	Amino acids and derivatives	0.545	Amino acids and derivatives	0.545	Organic compounds; Organoheterocyclic compounds; Amino acids, peptides, and analogues; Pyrimidines and pyrimidine derivatives; Carboxylic acids and derivatives; Organonitrogen compounds; Organooxygen compounds; Amino acids and derivatives; Aminopyrimidines and derivatives; Diazines; Trialkylamines; Benzenoids; Amines; Primary amines; Tertiary amines; Imidolactams; Aralkylamines; Organic oxides; Azacyclic compounds; Heteroaromatic compounds; Hydrocarbon derivatives; Organopnictogen compounds; Organic oxygen compounds; Organic nitrogen compounds; Chemical entities	480.309	174	2.904	839079805764741262	839079624709211858	839079624709211857	515	
1	C13H21NO	[M + H3N + H]+	C13H25N2O+	Alkaloids	0.671	Pseudoalkaloids (transamidation)	0.549	Terpenoid alkaloids	0.266	Organic nitrogen compounds	1.000	Organonitrogen compounds	0.999					Organonitrogen compounds	0.999	Organic compounds; Organonitrogen compounds; Organooxygen compounds; Organic oxides; Hydrocarbon derivatives; Organopnictogen compounds; Organic oxygen compounds; Organic nitrogen compounds; Chemical entities	225.196	175	2.908	839079790401004506	839079624742766294	839079624742766293	516	
1	C7H17NO3	[M - H2O + H]+	C7H16NO2+	Fatty acids	0.935	Spingolipids	0.061	Sphingoid bases	0.210	Organic nitrogen compounds	1.000	Organonitrogen compounds	1.000	Quaternary ammonium salts	0.649			Quaternary ammonium salts	0.649	Organic compounds; Alcohols and polyols; Organonitrogen compounds; Primary alcohols; Organooxygen compounds; Quaternary ammonium salts; 1,2-aminoalcohols; Amines; Alkanolamines; Hydrocarbon derivatives; Organopnictogen compounds; Organic oxygen compounds; Organic nitrogen compounds; Chemical entities	146.118	176	2.942	839079811116673514	839079625095087870	839079625095087869	526	
1	C8H5NO	[M + H3N + H]+	C8H9N2O+	Alkaloids	0.361	Amino acid glycosides	0.027	Cyanogenic glycosides	0.035	Benzenoids	0.988	Benzene and substituted derivatives	0.765	Benzonitriles	0.936			Benzonitriles	0.936	Organic compounds; Organonitrogen compounds; Organooxygen compounds; Nitriles; Benzonitriles; Benzene and substituted derivatives; Benzenoids; Hydrocarbon derivatives; Organic cyanides; Organopnictogen compounds; Organic oxygen compounds; Organic nitrogen compounds; Chemical entities	149.071	177	2.944	839079795081848170	839079624776320730	839079624776320729	517	
1	C27H33N5O3	[M + H3N + H]+	C27H37N6O3+	Alkaloids	0.753	Tryptophan alkaloids	0.154	Carboline alkaloids	0.027	Organic acids and derivatives	0.938	Carboxylic acids and derivatives	0.914	Amino acids, peptides, and analogues	0.802	Amino acids and derivatives	0.798	Amino acids and derivatives	0.798	Organic compounds; Organoheterocyclic compounds; Amino acids, peptides, and analogues; Alcohols and polyols; Organic acids and derivatives; Carboxylic acids and derivatives; Organonitrogen compounds; Organooxygen compounds; Amino acids and derivatives; Carboxylic acid amides; Carboxylic acid derivatives; Secondary carboxylic acid amides; Carbonyl compounds; Trialkylamines; Benzenoids; Amines; Tertiary amines; Aralkylamines; Organic oxides; Azacyclic compounds; Heteroaromatic compounds; Hydrocarbon derivatives; Organopnictogen compounds; Organic oxygen compounds; Organic nitrogen compounds; Chemical entities	493.293	177	2.953	839079853680473841	839079624881178342	839079624881178341	520	
1	C21H44NO7P	[M + H]+	C21H45NO7P+	Fatty acids	1.000	Glycerophospholipids	1.000	Glycerophosphoethanolamines	1.000	Organic acids and derivatives	1.000	Carboxylic acids and derivatives	0.998	Amino acids, peptides, and analogues	0.991	Amino acids and derivatives	0.991	Amino acids and derivatives	0.991	Organic compounds; Lipids and lipid-like molecules; Amino acids, peptides, and analogues; Alcohols and polyols; Glycerophospholipids; Organic acids and derivatives; Carboxylic acids and derivatives; Organonitrogen compounds; Organooxygen compounds; Fatty acid esters; Amino acids and derivatives; Organic phosphoric acids and derivatives; Phosphate esters; Monoalkylamines; Carboxylic acid derivatives; Monocarboxylic acids and derivatives; Carboxylic acid esters; Phosphoethanolamines; Lysophosphatidylethanolamines; Secondary alcohols; 1-acyl-sn-glycero-3-phosphoethanolamines; Carbonyl compounds; Glycerophosphoethanolamines; Amines; Primary amines; Alkyl phosphates; Dialkyl phosphates; Fatty Acyls; Organic oxides; Hydrocarbon derivatives; Organopnictogen compounds; Organic oxygen compounds; Organic nitrogen compounds; Chemical entities	454.293	177	2.953	839079854099904286	839079624847623906	839079624847623905	519	
1	C27H36O6	[M + H3N + H]+	C27H40NO6+	Terpenoids	0.666	Sesquiterpenoids	0.209	Eremophilane sesquiterpenoids	0.113	Benzenoids	0.543							Benzenoids	0.543	Organic compounds; Organoheterocyclic compounds; Lipids and lipid-like molecules; Alcohols and polyols; Ethers; Organic acids and derivatives; Carboxylic acids and derivatives; Organooxygen compounds; Carboxylic acid derivatives; Carboxylic acid esters; Carbonyl compounds; Benzenoids; Organic oxides; Oxacyclic compounds; Hydrocarbon derivatives; Organic oxygen compounds; Chemical entities	474.285	177	2.954	839079808566536455	839079624914732778	839079624914732777	521	
1	C11H17NO3	[M + H3N + H]+	C11H21N2O3+	Fatty acids	0.542	Fatty Acids and Conjugates	0.154	Fatty alcohols	0.040	Organic acids and derivatives	0.750	Carboxylic acids and derivatives	0.721					Carboxylic acids and derivatives	0.721	Organic compounds; Alcohols and polyols; Organic acids and derivatives; Carboxylic acids and derivatives; Organonitrogen compounds; Organooxygen compounds; Carbonyl compounds; Organic oxides; Hydrocarbon derivatives; Organic oxygen compounds; Organic nitrogen compounds; Chemical entities	229.155	177	2.956	839079811418663405	839079624809875166	839079624809875165	518	
1	C24H47O9P	[M + Na]+	C24H47NaO9P+	Fatty acids	1.000	Glycerophospholipids	1.000	Glycerophosphoglycerols	0.789	Lipids and lipid-like molecules	0.995	Glycerophospholipids	0.998	Glycerophosphoglycerols	0.816	Lysophosphatidylglycerols	0.830	Lysophosphatidylglycerols	0.830	Organic compounds; Lipids and lipid-like molecules; Alcohols and polyols; Glycerophospholipids; Organic acids and derivatives; Carboxylic acids and derivatives; Primary alcohols; Lysophosphatidylglycerols; Organooxygen compounds; Fatty acid esters; Organic phosphoric acids and derivatives; Phosphate esters; Carboxylic acid derivatives; Monocarboxylic acids and derivatives; Carboxylic acid esters; Secondary alcohols; Carbonyl compounds; Glycerophosphoglycerols; Alkyl phosphates; Dialkyl phosphates; Fatty Acyls; Organic oxides; Hydrocarbon derivatives; Organic oxygen compounds; Chemical entities	533.285	177	2.956	839079838983631163	839079625128642306	839079625128642305	527	
1	C21H40O4	[M - H2O + H]+	C21H39O3+	Fatty acids	0.999	Glycerolipids	0.995	Monoacylglycerols	0.998	Lipids and lipid-like molecules	0.997	Glycerolipids	0.985	Monoradylglycerols	0.991	Monoacylglycerols	0.981	1-monoacylglycerols	0.936	Organic compounds; Lipids and lipid-like molecules; Alcohols and polyols; Glycerolipids; Organic acids and derivatives; Carboxylic acids and derivatives; Primary alcohols; Organooxygen compounds; Fatty acid esters; Carboxylic acid derivatives; Monoacylglycerols; Monocarboxylic acids and derivatives; Carboxylic acid esters; 1-monoacylglycerols; Secondary alcohols; Carbonyl compounds; Polyols; 1,2-diols; Monoradylglycerols; Fatty Acyls; Organic oxides; Hydrocarbon derivatives; Organic oxygen compounds; Chemical entities	339.289	177	2.957	839079867987246141	839079625023784694	839079625023784693	524	
1	C35H73N5O11	[M - H2O + H]+	C35H72N5O10+	Amino acids and Peptides	0.900	Oligopeptides	0.845	Lipopeptides	0.305	Organic acids and derivatives	0.996	Carboxylic acids and derivatives	0.988	Amino acids, peptides, and analogues	0.906	Peptides	0.552	Peptides	0.552	Organic compounds; Lipids and lipid-like molecules; Amino acids, peptides, and analogues; Alpha amino acids and derivatives; Alcohols and polyols; Organic acids and derivatives; Carboxylic acids and derivatives; Organonitrogen compounds; Organooxygen compounds; Fatty amides; Amino acids and derivatives; Peptides; Carboxylic acid amides; Carboxylic acid derivatives; N-acyl amines; N-acyl-alpha amino acids and derivatives; Carboxylic acids; Secondary alcohols; Secondary carboxylic acid amides; Carbonyl compounds; Fatty Acyls; Organic oxides; Hydrocarbon derivatives; Organopnictogen compounds; Organic oxygen compounds; Organic nitrogen compounds; Chemical entities	722.528	177	2.957	839079813339654690	839079625057339130	839079625057339129	525	
1	C25H34N2O6	[M + H3N + H]+	C25H38N3O6+	Amino acids and Peptides	0.522	Linear polyketides	0.455	Open-chain polyketides	0.137	Lipids and lipid-like molecules	0.580							Lipids and lipid-like molecules	0.580	Organic compounds; Organoheterocyclic compounds; Lipids and lipid-like molecules; Organic acids and derivatives; Carboxylic acids and derivatives; Organonitrogen compounds; Organooxygen compounds; Carboxylic acid amides; Carboxylic acid derivatives; Monocarboxylic acids and derivatives; Secondary carboxylic acid amides; Carbonyl compounds; Organic oxides; Oxacyclic compounds; Hydrocarbon derivatives; Organopnictogen compounds; Organic oxygen compounds; Organic nitrogen compounds; Chemical entities	476.275	177	2.958	839079857178523651	839079624948287214	839079624948287213	522	
1	C26H42N2O8	[M + H]+	C26H43N2O8+	Amino acids and Peptides	0.882	Macrolides	0.420	Erythromycins	0.141	Organic acids and derivatives	0.997	Carboxylic acids and derivatives	0.981	Amino acids, peptides, and analogues	0.508	Amino acids and derivatives	0.500	Alpha amino acids and derivatives	0.531	Organic compounds; Organoheterocyclic compounds; Lipids and lipid-like molecules; Amino acids, peptides, and analogues; Alpha amino acids and derivatives; Alcohols and polyols; Organic acids and derivatives; Carboxylic acids and derivatives; Organonitrogen compounds; Organooxygen compounds; Amino acids and derivatives; Carboxylic acid amides; Carboxylic acid derivatives; Carboxylic acids; Carboxylic acid esters; Secondary alcohols; Secondary carboxylic acid amides; Carbonyl compounds; Fatty Acyls; Organic oxides; Azacyclic compounds; Oxacyclic compounds; Hydrocarbon derivatives; Organopnictogen compounds; Organic oxygen compounds; Organic nitrogen compounds; Chemical entities	511.303	178	2.958	839079851361023541	839079624986035954	839079624986035953	523	
1	C7H7N3O	[M + H3N + H]+	C7H11N4O+	Alkaloids	0.981	Nicotinic acid alkaloids	0.496	Pyridine alkaloids	0.496	Organoheterocyclic compounds	0.992	Pyridines and derivatives	0.543					Pyridines and derivatives	0.543	Organic compounds; Organoheterocyclic compounds; Pyridines and derivatives; Organonitrogen compounds; Organooxygen compounds; Azoles; Organic oxides; Azacyclic compounds; Heteroaromatic compounds; Hydrocarbon derivatives; Organopnictogen compounds; Organic oxygen compounds; Organic nitrogen compounds; Chemical entities	167.093	179	2.991	839079871615319344	839079625162196742	839079625162196741	528	
1	C19H36O3	[M + H]+	C19H37O3+	Fatty acids	0.958	Fatty acyls	0.493	Fatty alcohols	0.721	Lipids and lipid-like molecules	0.949	Fatty Acyls	0.911	Fatty alcohols	0.597	Long-chain fatty alcohols	0.616	Long-chain fatty alcohols	0.616	Organic compounds; Lipids and lipid-like molecules; Alcohols and polyols; Organic acids and derivatives; Carboxylic acids and derivatives; Organooxygen compounds; Monocarboxylic acids and derivatives; Fatty alcohols; Secondary alcohols; Carbonyl compounds; Long-chain fatty alcohols; Fatty Acyls; Organic oxides; Hydrocarbon derivatives; Organic oxygen compounds; Chemical entities	313.274	180	3.001	839079809900325242	839079625195751178	839079625195751177	529	
1	C20H24N8O8	[M + H]+	C20H25N8O8+	Carbohydrates	0.999	Nucleosides	0.997	Purine nucleosides	0.998	Nucleosides, nucleotides, and analogues	0.977	Purine nucleosides	0.785					Purine nucleosides	0.785	Organic compounds; Organoheterocyclic compounds; Carbohydrates and carbohydrate conjugates; Amino acids, peptides, and analogues; Pyrimidines and pyrimidine derivatives; Imidazoles; Alcohols and polyols; Benzoic acids and derivatives; Purines and purine derivatives; Hypoxanthines; Organic acids and derivatives; Carboxylic acids and derivatives; Organonitrogen compounds; Nucleosides, nucleotides, and analogues; Pyrimidones; Benzoyl derivatives; Organooxygen compounds; Amino acids and derivatives; Azoles; Purine nucleosides; Purinones; Carboxylic acid derivatives; Carboxylic acids; Aminopyrimidines and derivatives; Diazines; 6-oxopurines; Monosaccharides; Secondary alcohols; Imidazopyrimidines; Carbonyl compounds; Oxolanes; Glycosyl compounds; Glycosylamines; Benzene and substituted derivatives; Substituted imidazoles; N-substituted imidazoles; Benzenoids; Amines; Primary amines; Tetrahydrofurans; 6-aminopurines; Vinylogous amides; Organic oxides; Azacyclic compounds; Oxacyclic compounds; Heteroaromatic compounds; Hydrocarbon derivatives; Amino acids; 5'-deoxyribonucleosides; Organopnictogen compounds; Organic oxygen compounds; Organic nitrogen compounds; Chemical entities	505.179	180	3.006	839079816929979064	839079625233499918	839079625233499917	530	
1	C20H24N8O8	[M + Na]+	C20H24N8NaO8+	Carbohydrates	1.000	Nucleosides	0.999	Purine nucleosides	0.999	Nucleosides, nucleotides, and analogues	0.980	Purine nucleosides	0.871					Purine nucleosides	0.871	Organic compounds; Organoheterocyclic compounds; Pyrimidines and pyrimidine derivatives; Imidazoles; Alcohols and polyols; Benzoic acids and derivatives; Purines and purine derivatives; Hypoxanthines; Organic acids and derivatives; Carboxylic acids and derivatives; Organonitrogen compounds; Nucleosides, nucleotides, and analogues; Pyrimidones; Benzoyl derivatives; Organooxygen compounds; Azoles; Purine nucleosides; Purinones; Carboxylic acid derivatives; Diazines; 6-oxopurines; Secondary alcohols; Imidazopyrimidines; Carbonyl compounds; Oxolanes; Glycosyl compounds; Glycosylamines; Benzene and substituted derivatives; Substituted imidazoles; N-substituted imidazoles; Benzenoids; Tetrahydrofurans; Vinylogous amides; Organic oxides; Azacyclic compounds; Oxacyclic compounds; Heteroaromatic compounds; Hydrocarbon derivatives; 5'-deoxyribonucleosides; Organopnictogen compounds; Organic oxygen compounds; Organic nitrogen compounds; Chemical entities	527.161	180	3.006	839079839709245907	839079625275442962	839079625275442961	531	
1	C10H12N4O4	[M + H]+	C10H13N4O4+	Carbohydrates	1.000	Nucleosides	1.000	Purine nucleosides	0.999	Nucleosides, nucleotides, and analogues	0.933	Purine nucleosides	0.969	Purine 2'-deoxyribonucleosides	0.771			Purine 2'-deoxyribonucleosides	0.771	Organic compounds; Organoheterocyclic compounds; Pyrimidines and pyrimidine derivatives; Imidazoles; Alcohols and polyols; Purines and purine derivatives; Hypoxanthines; Organic acids and derivatives; Organonitrogen compounds; Primary alcohols; Nucleosides, nucleotides, and analogues; Pyrimidones; Organooxygen compounds; Azoles; Purine nucleosides; Purinones; Diazines; 6-oxopurines; Secondary alcohols; Imidazopyrimidines; Purine 2'-deoxyribonucleosides; Substituted imidazoles; N-substituted imidazoles; Tetrahydrofurans; Vinylogous amides; Organic oxides; Azacyclic compounds; Oxacyclic compounds; Heteroaromatic compounds; Hydrocarbon derivatives; Organopnictogen compounds; Organic oxygen compounds; Organic nitrogen compounds; Chemical entities	253.093	180	3.008	839079893778023871	839079625388689182	839079625384494877	534	
1	C5H6N4O2	[M - H2O + H]+	C5H5N4O+	Alkaloids	0.990	Pseudoalkaloids (transamidation)	0.988	Purine alkaloids	0.996	Organoheterocyclic compounds	0.998	Pteridines and derivatives	0.321	Pterins and derivatives	0.570			Pterins and derivatives	0.570	Organic compounds; Organoheterocyclic compounds; Pyrimidines and pyrimidine derivatives; Imidazoles; Pterins and derivatives; Purines and purine derivatives; Organic acids and derivatives; Organonitrogen compounds; Pyrimidones; Organooxygen compounds; Azoles; Purinones; Diazines; 6-oxopurines; Imidazopyrimidines; Vinylogous amides; Organic oxides; Azacyclic compounds; Heteroaromatic compounds; Hydrocarbon derivatives; Organopnictogen compounds; Organic oxygen compounds; Organic nitrogen compounds; Chemical entities	137.046	180	3.008	839079897263490689	839079625350940442	839079625350940441	533	
1	C7H9N8O2P	[M + Na]+	C7H9N8NaO2P+	Alkaloids	0.562	Pseudoalkaloids (transamidation)	0.742	Purine alkaloids	0.852	Organoheterocyclic compounds	0.994	Imidazopyrimidines	0.961	Purines and purine derivatives	0.948	6-aminopurines	0.736	6-aminopurines	0.736	Organic compounds; Organoheterocyclic compounds; Pyrimidines and pyrimidine derivatives; Imidazoles; Purines and purine derivatives; Organic acids and derivatives; Organonitrogen compounds; Organooxygen compounds; Azoles; Aminopyrimidines and derivatives; Diazines; Imidazopyrimidines; Substituted imidazoles; N-substituted imidazoles; Amines; Primary amines; 6-aminopurines; Imidolactams; Organic oxides; Azacyclic compounds; Heteroaromatic compounds; Hydrocarbon derivatives; Organopnictogen compounds; Organic oxygen compounds; Organic nitrogen compounds; Chemical entities	291.049	180	3.008	839079974992335067	839079625464186662	839079625459992357	536	
1	C10H12N4O4	[M + Na]+	C10H12N4NaO4+	Carbohydrates	1.000	Nucleosides	1.000	Purine nucleosides	0.999	Nucleosides, nucleotides, and analogues	0.939	Purine nucleosides	0.973	Purine 2'-deoxyribonucleosides	0.843			Purine 2'-deoxyribonucleosides	0.843	Organic compounds; Organoheterocyclic compounds; Pyrimidines and pyrimidine derivatives; Imidazoles; Alcohols and polyols; Purines and purine derivatives; Hypoxanthines; Organic acids and derivatives; Organonitrogen compounds; Primary alcohols; Nucleosides, nucleotides, and analogues; Pyrimidones; Organooxygen compounds; Azoles; Purine nucleosides; Purinones; Diazines; 6-oxopurines; Secondary alcohols; Imidazopyrimidines; Purine 2'-deoxyribonucleosides; Substituted imidazoles; N-substituted imidazoles; Tetrahydrofurans; Vinylogous amides; Organic oxides; Azacyclic compounds; Oxacyclic compounds; Heteroaromatic compounds; Hydrocarbon derivatives; Organopnictogen compounds; Organic oxygen compounds; Organic nitrogen compounds; Chemical entities	275.075	181	3.010	839079801532688231	839079625497741098	839079625497741097	537	
1	C3H10ClN3O2	[M - H2O + H]+	C3H9ClN3O+	Alkaloids	0.265	Small peptides	0.170	Aminoacids	0.229	Organohalogen compounds	0.912	Alkyl halides	0.869	Alkyl chlorides	0.861			Alkyl chlorides	0.861	Organic compounds; Organic acids and derivatives; Organohalogen compounds; Organonitrogen compounds; Organooxygen compounds; Alkyl chlorides; Organochlorides; Alkyl halides; Organic oxides; Hydrocarbon derivatives; Organopnictogen compounds; Organic oxygen compounds; Organic nitrogen compounds; Chemical entities	138.043	181	3.013	839079792280052873	839079625426437922	839079625426437921	535	
1	C7H14N2O3	[M - H2O + H]+	C7H13N2O2+	Alkaloids	0.112	Fatty amides	0.273	Imidazole alkaloids	0.063	Organic nitrogen compounds	1.000	Organonitrogen compounds	1.000	Amines	0.526	Alkanolamines	0.670	Alkanolamines	0.670	Organic compounds; Alcohols and polyols; Organic acids and derivatives; Carboxylic acids and derivatives; Organonitrogen compounds; Primary alcohols; Organooxygen compounds; Carbonyl compounds; Amines; Alkanolamines; Organic oxides; Hydrocarbon derivatives; Organopnictogen compounds; Organic oxygen compounds; Organic nitrogen compounds; Chemical entities	157.097	181	3.018	839079794301707563	839079625535489838	839079625535489837	538	
1	C29H38O6	[M + H]+	C29H39O6+	Polyketides	0.438	Linear polyketides	0.171	Open-chain polyketides	0.173	Lipids and lipid-like molecules	0.869	Prenol lipids	0.518					Prenol lipids	0.518	Organic compounds; Lipids and lipid-like molecules; Alcohols and polyols; Prenol lipids; Organic acids and derivatives; Carboxylic acids and derivatives; Organooxygen compounds; Carboxylic acid derivatives; Monocarboxylic acids and derivatives; Carboxylic acid esters; Cyclic alcohols and derivatives; Secondary alcohols; Carbonyl compounds; Fatty Acyls; Organic oxides; Hydrocarbon derivatives; Organic oxygen compounds; Chemical entities	483.272	182	3.031	839079847665841472	839079625610987318	839079625610987317	540	
1	C25H29N5O3	[M + H3N + H]+	C25H33N6O3+	Alkaloids	0.607	Pseudoalkaloids (transamidation)	0.313	Purine nucleosides	0.043	Benzenoids	0.894	Benzene and substituted derivatives	0.616					Benzene and substituted derivatives	0.616	Organic compounds; Organoheterocyclic compounds; Alcohols and polyols; Organic acids and derivatives; Carboxylic acids and derivatives; Organonitrogen compounds; Organooxygen compounds; Azoles; Carboxylic acid amides; Carboxylic acid derivatives; Carbonyl compounds; Benzene and substituted derivatives; Benzenoids; Amines; Organic oxides; Azacyclic compounds; Heteroaromatic compounds; Hydrocarbon derivatives; Organopnictogen compounds; Organic oxygen compounds; Organic nitrogen compounds; Chemical entities	465.261	182	3.032	839079861096003917	839079625573238578	839079625569044273	539	
1	C19H36O4	[M - H2O + H]+	C19H35O3+	Fatty acids	1.000	Glycerolipids	0.986	Monoacylglycerols	0.996	Lipids and lipid-like molecules	0.998	Glycerolipids	0.978	Monoradylglycerols	0.991	Monoacylglycerols	0.987	1-monoacylglycerols	0.930	Organic compounds; Lipids and lipid-like molecules; Alcohols and polyols; Glycerolipids; Organic acids and derivatives; Carboxylic acids and derivatives; Primary alcohols; Organooxygen compounds; Fatty acid esters; Carboxylic acid derivatives; Monoacylglycerols; Monocarboxylic acids and derivatives; Carboxylic acid esters; 1-monoacylglycerols; Secondary alcohols; Carbonyl compounds; Polyols; 1,2-diols; Monoradylglycerols; Fatty Acyls; Organic oxides; Hydrocarbon derivatives; Organic oxygen compounds; Chemical entities	311.258	182	3.034	839079796767958521	839079625648736058	839079625648736057	541	
1	C6H2N4O	[M + H3N + H]+	C6H6N5O+	Alkaloids	0.963	Pseudoalkaloids (transamidation)	0.811	Purine alkaloids	0.897	Organoheterocyclic compounds	1.000	Pteridines and derivatives	0.968	Pterins and derivatives	0.865			Pterins and derivatives	0.865	Organic compounds; Organoheterocyclic compounds; Pyrazines; Pyrimidines and pyrimidine derivatives; Pteridines and derivatives; Pterins and derivatives; Organic acids and derivatives; Organonitrogen compounds; Pyrimidones; Organooxygen compounds; Diazines; Vinylogous amides; Organic oxides; Azacyclic compounds; Heteroaromatic compounds; Hydrocarbon derivatives; Organopnictogen compounds; Organic oxygen compounds; Organic nitrogen compounds; Chemical entities	164.057	182	3.038	839079792003228742	839079625686484798	839079625686484797	542	
1	C6H5N5O	[M + Na]+	C6H5N5NaO+	Alkaloids	0.952	Pseudoalkaloids (transamidation)	0.882	Purine alkaloids	0.963	Organoheterocyclic compounds	1.000	Pteridines and derivatives	0.456	Pterins and derivatives	0.503			Pterins and derivatives	0.503	Organic compounds; Organoheterocyclic compounds; Pyrimidines and pyrimidine derivatives; Imidazoles; Pterins and derivatives; Purines and purine derivatives; Organic acids and derivatives; Organonitrogen compounds; Pyrimidones; Organooxygen compounds; Azoles; Diazines; Imidazopyrimidines; Organic oxides; Azacyclic compounds; Heteroaromatic compounds; Hydrocarbon derivatives; Organopnictogen compounds; Organic oxygen compounds; Organic nitrogen compounds; Chemical entities	186.039	182	3.039	839079818116967137	839079625720039234	839079625720039233	543	
1	C25H34N6O4	[M + Na]+	C25H34N6NaO4+	Carbohydrates	0.438	Nucleosides	0.423	Purine nucleosides	0.594	Organoheterocyclic compounds	0.979	Imidazopyrimidines	0.626	Purines and purine derivatives	0.631			Purines and purine derivatives	0.631	Organic compounds; Organoheterocyclic compounds; Pyrimidines and pyrimidine derivatives; Imidazoles; Alcohols and polyols; Purines and purine derivatives; Organic acids and derivatives; Carboxylic acids and derivatives; Organonitrogen compounds; Organooxygen compounds; Azoles; Carboxylic acid amides; Carboxylic acid derivatives; Diazines; Secondary alcohols; Secondary carboxylic acid amides; Imidazopyrimidines; Carbonyl compounds; Substituted imidazoles; Benzenoids; Amines; Organic oxides; Azacyclic compounds; Oxacyclic compounds; Heteroaromatic compounds; Hydrocarbon derivatives; Organopnictogen compounds; Organic oxygen compounds; Organic nitrogen compounds; Chemical entities	505.254	183	3.042	839079849146430882	839079625787148106	839079625787148105	545	
1	C20H30N6O5S2	[M - H2O + H]+	C20H29N6O4S2+	Amino acids and Peptides	0.974	Oligopeptides	0.977	Cyclamides	0.956	Organoheterocyclic compounds	0.966	Azoles	0.881	Thiazoles	0.819	2,4-disubstituted thiazoles	0.729	2,4-disubstituted thiazoles	0.729	Organic compounds; Organoheterocyclic compounds; Organosulfur compounds; Thiazoles; Organic acids and derivatives; Carboxylic acids and derivatives; Organonitrogen compounds; Organooxygen compounds; Azoles; Carboxylic acid amides; Carboxylic acid derivatives; Secondary carboxylic acid amides; Carbonyl compounds; 2,4-disubstituted thiazoles; Organic oxides; Azacyclic compounds; Heteroaromatic compounds; Hydrocarbon derivatives; Organopnictogen compounds; Organic oxygen compounds; Organic nitrogen compounds; Chemical entities	481.168	183	3.042	839079846826980572	839079625753593670	839079625753593669	544	
1	C10H17NO2Si2	[M + H3N + H]+	C10H21N2O2Si2+	Terpenoids	0.653	Monoterpenoids	0.567	Halogenated fatty acids	0.258	Organic oxygen compounds	0.998	Organooxygen compounds	0.990	Carbonyl compounds	0.708			Carbonyl compounds	0.708	Organic compounds; Organohalogen compounds; Organooxygen compounds; Carbonyl compounds; Organic oxides; Hydrocarbon derivatives; Organic oxygen compounds; Chemical entities	257.113	185	3.086	839079822109944918	839079625854256978	839079625854256977	547	
1	C11H24N2O4	[M - H2O + H]+	C11H23N2O3+	Amino acids and Peptides	0.950	Small peptides	0.943	Dipeptides	0.695	Organic acids and derivatives	0.979	Carboxylic acids and derivatives	0.969	Amino acids, peptides, and analogues	0.807	Amino acids and derivatives	0.800	Alpha amino acid amides	0.557	Organic compounds; Lipids and lipid-like molecules; Amino acids, peptides, and analogues; Alpha amino acids and derivatives; Alcohols and polyols; Fatty acids and conjugates; Organic acids and derivatives; Carboxylic acids and derivatives; Organonitrogen compounds; Organooxygen compounds; Branched fatty acids; Amino acids and derivatives; Monoalkylamines; Carboxylic acid amides; Carboxylic acid derivatives; N-acyl amines; Monocarboxylic acids and derivatives; Carboxylic acids; Secondary carboxylic acid amides; Carbonyl compounds; Alpha amino acid amides; Amines; Primary amines; Fatty Acyls; Organic oxides; Hydrocarbon derivatives; Amino acids; Organopnictogen compounds; Organic oxygen compounds; Organic nitrogen compounds; Chemical entities	231.170	188	3.126	839079894444918246	839079625925560154	839079625925560153	549	
1	C14H28O6	[M + H3N + H]+	C14H32NO6+	Fatty acids	0.969	Fatty Acids and Conjugates	0.724	Dicarboxylic acids	0.481	Lipids and lipid-like molecules	0.766	Fatty Acyls	0.739					Fatty Acyls	0.739	Organic compounds; Lipids and lipid-like molecules; Alcohols and polyols; Ethers; Primary alcohols; Organooxygen compounds; Secondary alcohols; Fatty Acyls; Hydrocarbon derivatives; Organic oxygen compounds; Chemical entities	310.222	190	3.164	839079803361404854	839079625996863330	839079625992669025	551	
1	C26H31N5O4	[M + H3N + H]+	C26H35N6O4+	Alkaloids	0.655	Pseudoalkaloids (transamidation)	0.208	Imidazole alkaloids	0.132	Benzenoids	0.891							Benzenoids	0.891	Organic compounds; Organoheterocyclic compounds; Organic acids and derivatives; Carboxylic acids and derivatives; Organonitrogen compounds; Organooxygen compounds; Carbonyl compounds; Benzenoids; Organic oxides; Azacyclic compounds; Heteroaromatic compounds; Hydrocarbon derivatives; Organopnictogen compounds; Organic oxygen compounds; Organic nitrogen compounds; Chemical entities	495.270	190	3.166	839079855131703144	839079625959114590	839079625959114589	550	
1	C11H24N4O2	[M - H2O + H]+	C11H23N4O+	Amino acids and Peptides	0.883	Small peptides	0.899	Dipeptides	0.472	Organic acids and derivatives	0.921	Carboxylic acids and derivatives	0.902	Amino acids, peptides, and analogues	0.820	Amino acids and derivatives	0.813	Alpha amino acid amides	0.605	Organic compounds; Lipids and lipid-like molecules; Amino acids, peptides, and analogues; Alpha amino acids and derivatives; Organic acids and derivatives; Carboxylic acids and derivatives; Organonitrogen compounds; Organooxygen compounds; Fatty amides; Amino acids and derivatives; Monoalkylamines; Carboxylic acid amides; Carboxylic acid derivatives; Secondary carboxylic acid amides; Carbonyl compounds; Alpha amino acid amides; Amines; Primary amines; Fatty Acyls; Organic oxides; Hydrocarbon derivatives; Organopnictogen compounds; Organic oxygen compounds; Organic nitrogen compounds; Chemical entities	227.187	191	3.184	839079794675000676	839079626026223462	839079626026223461	552	
1	C9H11N5O4	[M - H2O + H]+	C9H10N5O3+	Carbohydrates	0.999	Nucleosides	0.996	Purine nucleosides	0.996	Organic oxygen compounds	1.000	Organooxygen compounds	1.000	Carbohydrates and carbohydrate conjugates	0.745	Glycosyl compounds	0.435	Glycosylamines	0.540	Organic compounds; Organoheterocyclic compounds; Carbohydrates and carbohydrate conjugates; Pyrimidines and pyrimidine derivatives; Imidazoles; Alcohols and polyols; Purines and purine derivatives; Hypoxanthines; Organic acids and derivatives; Organonitrogen compounds; Primary alcohols; Nucleosides, nucleotides, and analogues; Organooxygen compounds; Azoles; Aminopyrimidines and derivatives; Diazines; Monosaccharides; Secondary alcohols; Imidazopyrimidines; Glycosylamines; Polyols; Substituted imidazoles; N-substituted imidazoles; Amines; Primary amines; 1,2-diols; 6-aminopurines; Organic oxides; Azacyclic compounds; Oxacyclic compounds; Heteroaromatic compounds; Hydrocarbon derivatives; Organopnictogen compounds; Organic oxygen compounds; Organic nitrogen compounds; Chemical entities	236.078	191	3.186	839079803613063120	839079626093332334	839079626093332333	554	
1	C13H20N2O	[M + H3N + H]+	C13H24N3O+	Alkaloids	0.930	Pseudoalkaloids (transamidation)	0.558	Quinolizidine alkaloids	0.532	Organoheterocyclic compounds	0.581	Azacyclic compounds	0.612					Azacyclic compounds	0.612	Organic compounds; Organoheterocyclic compounds; Organonitrogen compounds; Organooxygen compounds; Amines; Azacyclic compounds; Hydrocarbon derivatives; Organopnictogen compounds; Organic oxygen compounds; Organic nitrogen compounds; Chemical entities	238.191	191	3.188	839079796348528053	839079626059777898	839079626059777897	553	
1	C21H39NO4	[M + H3N + H]+	C21H43N2O4+	Fatty acids	1.000	Fatty amides	0.834	N-acyl amines	0.651	Organic acids and derivatives	0.997	Carboxylic acids and derivatives	0.994	Amino acids, peptides, and analogues	0.707	Amino acids and derivatives	0.702	N-acyl-alpha amino acids	0.736	Organic compounds; Lipids and lipid-like molecules; Amino acids, peptides, and analogues; Alpha amino acids and derivatives; Alcohols and polyols; Fatty acids and conjugates; Organic acids and derivatives; Carboxylic acids and derivatives; Organonitrogen compounds; Organooxygen compounds; Fatty amides; Hydroxy fatty acids; Amino acids and derivatives; Hydroxy acids and derivatives; Carboxylic acid amides; Amino fatty acids; Carboxylic acid derivatives; N-acyl amines; Monocarboxylic acids and derivatives; N-acyl-alpha amino acids and derivatives; Carboxylic acids; Secondary alcohols; Secondary carboxylic acid amides; Carbonyl compounds; N-acyl-alpha amino acids; Long-chain fatty acids; Fatty Acyls; Organic oxides; Hydrocarbon derivatives; Organopnictogen compounds; Organic oxygen compounds; Organic nitrogen compounds; Chemical entities	387.322	192	3.199	839079959255305987	839079626126886770	839079626126886769	555	
1	C25H33NO7	[M + H3N + H]+	C25H37N2O7+	Alkaloids	0.376	Pseudoalkaloids (transamidation)	0.481	Cytochalasan alkaloids	0.395	Benzenoids	0.608	Benzene and substituted derivatives	0.514					Benzene and substituted derivatives	0.514	Organic compounds; Organoheterocyclic compounds; Lipids and lipid-like molecules; Alcohols and polyols; Ethers; Organic acids and derivatives; Carboxylic acids and derivatives; Organonitrogen compounds; Organooxygen compounds; Carboxylic acid derivatives; Carboxylic acid esters; Secondary alcohols; Carbonyl compounds; Benzene and substituted derivatives; Benzenoids; Organic oxides; Oxacyclic compounds; Hydrocarbon derivatives; Organopnictogen compounds; Organic oxygen compounds; Organic nitrogen compounds; Chemical entities	477.260	192	3.206	839079839705051580	839079626164635510	839079626164635509	556	
1	C14H25N3O	[M + H3N + H]+	C14H29N4O+	Alkaloids	0.843	Lysine alkaloids	0.487	Quinolizidine alkaloids	0.574	Organoheterocyclic compounds	0.609	Azacyclic compounds	0.701					Azacyclic compounds	0.701	Organic compounds; Organoheterocyclic compounds; Organonitrogen compounds; Organooxygen compounds; Amines; Azacyclic compounds; Hydrocarbon derivatives; Organopnictogen compounds; Organic oxygen compounds; Organic nitrogen compounds; Chemical entities	269.234	192	3.208	839079806205143210	839079626198189946	839079626198189945	557	
1	C7H11N5O3	[M - H2O + H]+	C7H10N5O2+	Alkaloids	0.866	Pseudoalkaloids (transamidation)	0.531	Purine alkaloids	0.578	Organic acids and derivatives	0.764	Carboxylic acids and derivatives	0.627	Amino acids, peptides, and analogues	0.527	Amino acids and derivatives	0.526	Amino acids and derivatives	0.526	Organic compounds; Organoheterocyclic compounds; Amino acids, peptides, and analogues; Pyrimidines and pyrimidine derivatives; Imidazoles; Pterins and derivatives; Purines and purine derivatives; Organic acids and derivatives; Carboxylic acids and derivatives; Organonitrogen compounds; Organooxygen compounds; Amino acids and derivatives; Monocarboxylic acids and derivatives; Aminopyrimidines and derivatives; Diazines; Imidazopyrimidines; Carbonyl compounds; Amines; Primary amines; Organic oxides; Azacyclic compounds; Heteroaromatic compounds; Hydrocarbon derivatives; Organopnictogen compounds; Organic oxygen compounds; Organic nitrogen compounds; Chemical entities	196.083	195	3.250	839079795958457742	839079626227550078	839079626227550077	558	
1	C8H15N3O4	[M - H2O + H]+	C8H14N3O3+	Amino acids and Peptides	0.924	Small peptides	0.916	Aminoacids	0.705	Organic acids and derivatives	0.710	Carboxylic acids and derivatives	0.664	Amino acids, peptides, and analogues	0.524	Amino acids and derivatives	0.526	Amino acids and derivatives	0.526	Organic compounds; Amino acids, peptides, and analogues; Organic acids and derivatives; Carboxylic acids and derivatives; Organonitrogen compounds; Organooxygen compounds; Amino acids and derivatives; Carbonyl compounds; Organic oxides; Hydrocarbon derivatives; Organopnictogen compounds; Organic oxygen compounds; Organic nitrogen compounds; Chemical entities	200.103	197	3.291	839079813964606011	839079626261104514	839079626261104513	559	
1	C26H31N5O4	[M + H3N + H]+	C26H35N6O4+	Alkaloids	0.578	Tryptophan alkaloids	0.105	Imidazole alkaloids	0.067	Benzenoids	0.729							Benzenoids	0.729	Organic compounds; Organoheterocyclic compounds; Alcohols and polyols; Organic acids and derivatives; Carboxylic acids and derivatives; Organonitrogen compounds; Organooxygen compounds; Azoles; Carboxylic acid amides; Carboxylic acid derivatives; Carbonyl compounds; Benzenoids; Organic oxides; Azacyclic compounds; Heteroaromatic compounds; Hydrocarbon derivatives; Organopnictogen compounds; Organic oxygen compounds; Organic nitrogen compounds; Chemical entities	495.270	198	3.303	839079845598049296	839079626294658950	839079626294658949	560	
1	C7H14N2O5	[M - H2O + H]+	C7H13N2O4+	Amino acids and Peptides	1.000	Small peptides	1.000	Aminoacids	0.958	Organic acids and derivatives	1.000	Carboxylic acids and derivatives	1.000	Amino acids, peptides, and analogues	0.998	Amino acids and derivatives	0.997	N-acyl-alpha amino acids and derivatives	0.550	Organic compounds; Lipids and lipid-like molecules; Amino acids, peptides, and analogues; Alpha amino acids and derivatives; Alcohols and polyols; Fatty acids and conjugates; Organic acids and derivatives; Carboxylic acids and derivatives; Organonitrogen compounds; Organooxygen compounds; Fatty amides; Dicarboxylic acids and derivatives; Amino acids and derivatives; Monoalkylamines; Carboxylic acid amides; Carboxylic acid derivatives; N-acyl-alpha amino acids and derivatives; Carboxylic acids; Secondary carboxylic acid amides; Carbonyl compounds; Alpha amino acids; Amines; Primary amines; Fatty Acyls; Organic oxides; Hydrocarbon derivatives; Amino acids; Glutamic acid and derivatives; Organopnictogen compounds; Organic oxygen compounds; Organic nitrogen compounds; Chemical entities	189.087	199	3.311	839079827059223952	839079626328213386	839079626328213385	561	
1	C25H33NO7	[M + H3N + H]+	C25H37N2O7+	Amino acids and Peptides	0.431	Macrolides	0.545	Cytochalasan alkaloids	0.270	Lipids and lipid-like molecules	0.508							Lipids and lipid-like molecules	0.508	Organic compounds; Organoheterocyclic compounds; Lipids and lipid-like molecules; Alcohols and polyols; Ethers; Organic acids and derivatives; Carboxylic acids and derivatives; Organonitrogen compounds; Organooxygen compounds; Carboxylic acid derivatives; Carboxylic acid esters; Secondary alcohols; Carbonyl compounds; Organic oxides; Oxacyclic compounds; Hydrocarbon derivatives; Organopnictogen compounds; Organic oxygen compounds; Organic nitrogen compounds; Chemical entities	477.260	199	3.319	839079832302104347	839079626361767822	839079626361767821	562	
1	C10H21N3O3	[M - H2O + H]+	C10H20N3O2+	Amino acids and Peptides	0.933	Small peptides	0.974	Dipeptides	0.724	Organic acids and derivatives	0.973	Carboxylic acids and derivatives	0.943	Amino acids, peptides, and analogues	0.698	Amino acids and derivatives	0.692	Alpha amino acids and derivatives	0.543	Organic compounds; Lipids and lipid-like molecules; Amino acids, peptides, and analogues; Alpha amino acids and derivatives; Fatty acids and conjugates; Organic acids and derivatives; Carboxylic acids and derivatives; Organonitrogen compounds; Organooxygen compounds; Amino acids and derivatives; Carboxylic acid derivatives; Monocarboxylic acids and derivatives; Carboxylic acids; Carbonyl compounds; Amines; Fatty Acyls; Organic oxides; Azacyclic compounds; Hydrocarbon derivatives; Organopnictogen compounds; Organic oxygen compounds; Organic nitrogen compounds; Chemical entities	214.155	199	3.323	839079804556781609	839079626395322258	839079626395322257	563	
1	C14H26N2O4S2	[M - H2O + H]+	C14H25N2O3S2+	Amino acids and Peptides	0.606	Oligopeptides	0.072	Thiodiketopiperazine alkaloids	0.046	Organic acids and derivatives	0.988	Carboxylic acids and derivatives	0.969	Amino acids, peptides, and analogues	0.577	Amino acids and derivatives	0.569	Amino acids and derivatives	0.569	Organic compounds; Organosulfur compounds; Lipids and lipid-like molecules; Amino acids, peptides, and analogues; Alcohols and polyols; Organic acids and derivatives; Carboxylic acids and derivatives; Organonitrogen compounds; Organooxygen compounds; Amino acids and derivatives; Carboxylic acid amides; Carboxylic acid derivatives; Monocarboxylic acids and derivatives; Carboxylic acids; Secondary carboxylic acid amides; Carbonyl compounds; Sulfenyl compounds; Fatty Acyls; Organic oxides; Hydrocarbon derivatives; Organopnictogen compounds; Organic oxygen compounds; Organic nitrogen compounds; Chemical entities	333.129	200	3.332	839079826430078255	839079626462431130	839079626462431129	565	
1	C14H32N2O4	[M - H2O + H]+	C14H31N2O3+	Fatty acids	0.981	Fatty amides	0.727	N-acyl amines	0.768	Lipids and lipid-like molecules	0.552	Fatty Acyls	0.625	Fatty amides	0.515	N-acyl amines	0.631	N-acyl amines	0.631	Organic compounds; Lipids and lipid-like molecules; Alcohols and polyols; Organic acids and derivatives; Organonitrogen compounds; Primary alcohols; Organooxygen compounds; Fatty amides; Carboxylic acid amides; N-acyl amines; Secondary alcohols; Amines; Alkanolamines; Fatty Acyls; Organic oxides; Hydrocarbon derivatives; Organopnictogen compounds; Organic oxygen compounds; Organic nitrogen compounds; Chemical entities	275.233	200	3.341	839079845946176631	839079626495985566	839079626495985565	566	
1	C19H35NO4	[M + H3N + H]+	C19H39N2O4+	Fatty acids	0.997	Fatty amides	0.564	Sphingoid bases	0.383	Organic acids and derivatives	0.962	Carboxylic acids and derivatives	0.952	Amino acids, peptides, and analogues	0.696	Amino acids and derivatives	0.694	Alpha amino acids and derivatives	0.603	Organic compounds; Lipids and lipid-like molecules; Amino acids, peptides, and analogues; Alpha amino acids and derivatives; Alcohols and polyols; Fatty acids and conjugates; Organic acids and derivatives; Carboxylic acids and derivatives; Organonitrogen compounds; Organooxygen compounds; Amino acids and derivatives; Carboxylic acid derivatives; Monocarboxylic acids and derivatives; Carboxylic acids; Secondary alcohols; Carbonyl compounds; Fatty Acyls; Organic oxides; Hydrocarbon derivatives; Organopnictogen compounds; Organic oxygen compounds; Organic nitrogen compounds; Chemical entities	359.290	201	3.342	839079839088488786	839079626433070998	839079626433070997	564	
1	C5H10O2	[M + H3N + H]+	C5H14NO2+	Fatty acids	0.995	Fatty Acids and Conjugates	0.866	Branched fatty acids	0.668	Lipids and lipid-like molecules	0.712	Fatty Acyls	0.723	Fatty acids and conjugates	0.615			Fatty acids and conjugates	0.615	Organic compounds; Lipids and lipid-like molecules; Fatty acids and conjugates; Organic acids and derivatives; Carboxylic acids and derivatives; Organooxygen compounds; Monocarboxylic acids and derivatives; Carboxylic acids; Carbonyl compounds; Fatty Acyls; Organic oxides; Hydrocarbon derivatives; Organic oxygen compounds; Chemical entities	120.102	202	3.361	839079810453973430	839079626600843178	839079626600843177	569	
1	C14H27N3O5	[M - H2O + H]+	C14H26N3O4+	Amino acids and Peptides	0.905	Small peptides	0.826	Dipeptides	0.638	Organic acids and derivatives	0.998	Carboxylic acids and derivatives	0.995	Amino acids, peptides, and analogues	0.936	Peptides	0.591	Peptides	0.591	Organic compounds; Lipids and lipid-like molecules; Amino acids, peptides, and analogues; Alpha amino acids and derivatives; Alcohols and polyols; Fatty acids and conjugates; Organic acids and derivatives; Carboxylic acids and derivatives; Organonitrogen compounds; Organooxygen compounds; Fatty amides; Branched fatty acids; Amino acids and derivatives; Peptides; Carboxylic acid amides; Carboxylic acid derivatives; N-acyl amines; Monocarboxylic acids and derivatives; N-acyl-alpha amino acids and derivatives; Carboxylic acids; Secondary carboxylic acid amides; Carbonyl compounds; Alpha amino acid amides; N-acyl-alpha amino acids; Amines; Fatty Acyls; Organic oxides; Hydrocarbon derivatives; Amino acids; Organopnictogen compounds; Organic oxygen compounds; Organic nitrogen compounds; Chemical entities	300.192	202	3.365	839079844595610528	839079626529540002	839079626529540001	567	
1	C10H22N4O2	[M - H2O + H]+	C10H21N4O+	Amino acids and Peptides	0.713	Small peptides	0.881	Dipeptides	0.254	Organic acids and derivatives	0.733	Carboxylic acids and derivatives	0.723	Amino acids, peptides, and analogues	0.616	Amino acids and derivatives	0.610	Alpha amino acids and derivatives	0.563	Organic compounds; Lipids and lipid-like molecules; Amino acids, peptides, and analogues; Alpha amino acids and derivatives; Organic acids and derivatives; Carboxylic acids and derivatives; Organonitrogen compounds; Organooxygen compounds; Amino acids and derivatives; Guanidines; Carboxylic acid amides; Carboxylic acid derivatives; Carbonyl compounds; Amines; Carboximidamides; Organic 1,3-dipolar compounds; Propargyl-type 1,3-dipolar organic compounds; Fatty Acyls; Organic oxides; Hydrocarbon derivatives; Organopnictogen compounds; Organic oxygen compounds; Organic nitrogen compounds; Chemical entities	213.171	202	3.369	839079842360046212	839079626567288742	839079626567288741	568	
1	C11H17N5O5S	[M - H2O + H]+	C11H16N5O4S+	Carbohydrates	1.000	Nucleosides	1.000	Purine nucleosides	0.997	Nucleosides, nucleotides, and analogues	0.972	5'-deoxyribonucleosides	0.981	5'-deoxy-5'-thionucleosides	0.795			5'-deoxy-5'-thionucleosides	0.795	Organic compounds; Organoheterocyclic compounds; Organosulfur compounds; Carbohydrates and carbohydrate conjugates; Pyrimidines and pyrimidine derivatives; Imidazoles; Alcohols and polyols; Purines and purine derivatives; Organonitrogen compounds; Nucleosides, nucleotides, and analogues; Organooxygen compounds; Azoles; Sulfoxides; Aminopyrimidines and derivatives; Diazines; Pentoses; Monosaccharides; Secondary alcohols; Imidazopyrimidines; Glycosyl compounds; Glycosylamines; Polyols; Substituted imidazoles; N-substituted imidazoles; Amines; Primary amines; 1,2-diols; Tetrahydrofurans; 6-aminopurines; Sulfinyl compounds; Imidolactams; Organic oxides; Azacyclic compounds; Oxacyclic compounds; Heteroaromatic compounds; Hydrocarbon derivatives; 5'-deoxyribonucleosides; 5'-deoxy-5'-thionucleosides; Organopnictogen compounds; Organic oxygen compounds; Organic nitrogen compounds; Chemical entities	314.092	203	3.388	839079856482269139	839079626638591918	839079626638591917	570	
1	C8H11NO	[M + H3N + H]+	C8H15N2O+	Fatty acids	0.618	Fatty amides	0.566	Primary amides	0.393	Organoheterocyclic compounds	0.794	Lactams	0.555					Lactams	0.555	Organic compounds; Organoheterocyclic compounds; Lactams; Pyrrolidines; Organic acids and derivatives; Carboxylic acids and derivatives; Organonitrogen compounds; Organooxygen compounds; Carboxylic acid amides; Carboxylic acid derivatives; Carbonyl compounds; Organic oxides; Azacyclic compounds; Hydrocarbon derivatives; Organopnictogen compounds; Organic oxygen compounds; Organic nitrogen compounds; Chemical entities	155.118	203	3.389	839079846734705854	839079626672146354	839079626672146353	571	
1	C6H12O2	[M + H3N + H]+	C6H16NO2+	Fatty acids	0.729	Fatty acyls	0.633	Fatty alcohols	0.442	Organic oxygen compounds	0.999	Organooxygen compounds	0.999	Alcohols and polyols	0.819	Primary alcohols	0.629	Primary alcohols	0.629	Organic compounds; Alcohols and polyols; Primary alcohols; Organooxygen compounds; Hydrocarbon derivatives; Organic oxygen compounds; Chemical entities	134.118	204	3.396	839079801700460408	839079626709895094	839079626709895093	572	
1	C17H24N3O3	[M - H2O + H]+	C17H23N3O2+	Alkaloids	0.493	Small peptides	0.321	Dipeptides	0.237	Organic acids and derivatives	0.942	Carboxylic acids and derivatives	0.890	Amino acids, peptides, and analogues	0.558	Amino acids and derivatives	0.557	Amino acids and derivatives	0.557	Organic compounds; Amino acids, peptides, and analogues; Organic acids and derivatives; Carboxylic acids and derivatives; Organonitrogen compounds; Organooxygen compounds; Amino acids and derivatives; Carboxylic acid amides; Carboxylic acid derivatives; Secondary carboxylic acid amides; Carbonyl compounds; Benzene and substituted derivatives; Benzenoids; Amines; Organic oxides; Hydrocarbon derivatives; Organopnictogen compounds; Organic oxygen compounds; Organic nitrogen compounds; Chemical entities	301.179	205	3.417	839079852459931299	839079626743449530	839079626743449529	573	
1	C5H8N2O	[M + H3N + H]+	C5H12N3O+	Alkaloids	0.386	Fatty acyls	0.209	Aminoacids	0.193	Organoheterocyclic compounds	0.508	Azacyclic compounds	0.539					Azacyclic compounds	0.539	Organic compounds; Organoheterocyclic compounds; Organonitrogen compounds; Organooxygen compounds; Organic oxides; Azacyclic compounds; Hydrocarbon derivatives; Organopnictogen compounds; Organic oxygen compounds; Organic nitrogen compounds; Chemical entities	130.098	205	3.419	839079959389523757	839079626814752702	839079626814752701	574	
1	C20H46N4O10	[M + H3N + H]+	C20H50N5O10+	Carbohydrates	0.980	Aminosugars and aminoglycosides	0.792	Aminoglycosides	0.782	Organic oxygen compounds	1.000	Organooxygen compounds	0.998	Carbohydrates and carbohydrate conjugates	0.953	Aminosaccharides	0.981	4,6-disubstituted 2-deoxystreptamines	0.523	Organic compounds; Organoheterocyclic compounds; Carbohydrates and carbohydrate conjugates; Alcohols and polyols; Ethers; Organonitrogen compounds; Aminoglycosides; Primary alcohols; Organooxygen compounds; Monoalkylamines; Cyclic alcohols and derivatives; Monosaccharides; Acetals; Secondary alcohols; Aminocyclitol glycosides; 1,2-aminoalcohols; Oxanes; Glycosyl compounds; O-glycosyl compounds; Amines; Primary amines; Alkanolamines; Cyclitols and derivatives; Aminocyclitols and derivatives; Cyclohexanols; Cyclohexylamines; Aminosaccharides; 4,6-disubstituted 2-deoxystreptamines; 2-deoxystreptamine aminoglycosides; Oxacyclic compounds; Hydrocarbon derivatives; Organopnictogen compounds; Organic oxygen compounds; Organic nitrogen compounds; Chemical entities	520.355	206	3.441	839079839579222430	839079626848307138	839079626848307137	575	
1	C7H17NO3S	[M + H3N + H]+	C7H21N2O3S+	Fatty acids	0.950	Fatty acyls	0.174	Fatty alcohols	0.239	Organosulfur compounds	0.979	Sulfenyl compounds	0.673					Sulfenyl compounds	0.673	Organic compounds; Organosulfur compounds; Organic acids and derivatives; Organooxygen compounds; Sulfenyl compounds; Organic oxides; Hydrocarbon derivatives; Organic oxygen compounds; Organic nitrogen compounds; Chemical entities	213.127	207	3.447	839079806544881846	839079626881861574	839079626881861573	576	
1	C10H22ClNO4	[M + H]+	C10H23ClNO4+	Fatty acids	0.848	Fatty Acids and Conjugates	0.296	N-acyl amines	0.383	Lipids and lipid-like molecules	0.581	Fatty Acyls	0.520					Fatty Acyls	0.520	Organic compounds; Lipids and lipid-like molecules; Alcohols and polyols; Organic acids and derivatives; Carboxylic acids and derivatives; Organohalogen compounds; Organonitrogen compounds; Organooxygen compounds; Carboxylic acid amides; Alkyl chlorides; Carboxylic acid derivatives; Organochlorides; Carbonyl compounds; Alkyl halides; Fatty Acyls; Organic oxides; Hydrocarbon derivatives; Organopnictogen compounds; Organic oxygen compounds; Organic nitrogen compounds; Chemical entities	256.131	207	3.452	839079812307855887	839079626915416010	839079626915416009	577	
1	C14H29N3O5	[M - H2O + H]+	C14H28N3O4+	Amino acids and Peptides	0.698	Small peptides	0.685	Dipeptides	0.481	Organic acids and derivatives	0.998	Carboxylic acids and derivatives	0.994	Amino acids, peptides, and analogues	0.847	Amino acids and derivatives	0.834	N-acyl-alpha amino acids and derivatives	0.726	Organic compounds; Lipids and lipid-like molecules; Amino acids, peptides, and analogues; Alpha amino acids and derivatives; Fatty acids and conjugates; Organic acids and derivatives; Carboxylic acids and derivatives; Organonitrogen compounds; Organooxygen compounds; Fatty amides; Branched fatty acids; Amino acids and derivatives; Hydroxamic acids; Monoalkylamines; Carboxylic acid amides; Carboxylic acid derivatives; N-acyl amines; Monocarboxylic acids and derivatives; N-acyl-alpha amino acids and derivatives; Carboxylic acids; Secondary carboxylic acid amides; Carbonyl compounds; Alpha amino acid amides; Amines; Fatty Acyls; Organic oxides; Hydrocarbon derivatives; Organopnictogen compounds; Organic oxygen compounds; Organic nitrogen compounds; Chemical entities	302.207	208	3.462	839079818532203280	839079626953164750	839079626953164749	578	
1	C10H23NO4S2	[M - H2O + H]+	C10H22NO3S2+	Fatty acids	0.985	Fatty amides	0.910	N-acyl amines	0.921	Lipids and lipid-like molecules	0.859	Fatty Acyls	0.880	Fatty amides	0.626	N-acyl amines	0.634	N-acyl amines	0.634	Organic compounds; Organosulfur compounds; Lipids and lipid-like molecules; Organic acids and derivatives; Carboxylic acids and derivatives; Organonitrogen compounds; Primary alcohols; Organooxygen compounds; Fatty amides; Carboxylic acid amides; Carboxylic acid derivatives; N-acyl amines; Carboxylic acids; Secondary carboxylic acid amides; Carbonyl compounds; Sulfenyl compounds; Fatty Acyls; Organic oxides; Hydrocarbon derivatives; Organopnictogen compounds; Organic oxygen compounds; Organic nitrogen compounds; Chemical entities	268.104	213	3.544	839079822776839280	839079627087382494	839079627087382493	582	
1	C6H4N2O2	[M + H3N + H]+	C6H8N3O2+	Alkaloids	0.980	Nicotinic acid alkaloids	0.973	Pyridine alkaloids	0.972	Organoheterocyclic compounds	0.985	Pyridines and derivatives	0.882					Pyridines and derivatives	0.882	Organic compounds; Organoheterocyclic compounds; Pyridines and derivatives; Organic acids and derivatives; Carboxylic acids and derivatives; Organonitrogen compounds; Organooxygen compounds; Organic oxides; Azacyclic compounds; Heteroaromatic compounds; Hydrocarbon derivatives; Organopnictogen compounds; Organic oxygen compounds; Organic nitrogen compounds; Chemical entities	154.061	213	3.552	839079823401790646	839079626986719186	839079626986719185	579	
1	C17H30N6O4S	[M + H]+	C17H31N6O4S+	Carbohydrates	0.696	Nucleosides	0.472	Cyclamides	0.368	Organic oxygen compounds	0.999	Organooxygen compounds	0.965	Carbohydrates and carbohydrate conjugates	0.519	Glycosyl compounds	0.595	Glycosyl compounds	0.595	Organic compounds; Organoheterocyclic compounds; Organosulfur compounds; Carbohydrates and carbohydrate conjugates; Pyrimidines and pyrimidine derivatives; Alcohols and polyols; Organonitrogen compounds; Organooxygen compounds; Azoles; Thioethers; Secondary alcohols; Glycosyl compounds; Amines; Primary amines; Sulfenyl compounds; Dialkylthioethers; Organic oxides; Azacyclic compounds; Oxacyclic compounds; Heteroaromatic compounds; Hydrocarbon derivatives; Organopnictogen compounds; Organic oxygen compounds; Organic nitrogen compounds; Chemical entities	415.212	213	3.556	839079821958949924	839079627020273622	839079627020273621	580	
1	C26H33NO6	[M + H3N + H]+	C26H37N2O6+	Polyketides	0.554	Macrolides	0.280	Linear polyenes	0.087	Lipids and lipid-like molecules	0.518							Lipids and lipid-like molecules	0.518	Organic compounds; Organoheterocyclic compounds; Lipids and lipid-like molecules; Ketones; Alcohols and polyols; Ethers; Organic acids and derivatives; Carboxylic acids and derivatives; Organonitrogen compounds; Organooxygen compounds; Carboxylic acid derivatives; Carbonyl compounds; Organic oxides; Oxacyclic compounds; Hydrocarbon derivatives; Organopnictogen compounds; Organic oxygen compounds; Organic nitrogen compounds; Chemical entities	473.265	215	3.589	839079832499236705	839079627129325538	839079627129325537	583	
1	C5H4N2O	[M + H3N + H]+	C5H8N3O+	Alkaloids	0.930	Nicotinic acid alkaloids	0.907	Pyridine alkaloids	0.907	Organoheterocyclic compounds	0.919	Pyridines and derivatives	0.590					Pyridines and derivatives	0.590	Organic compounds; Organoheterocyclic compounds; Pyridines and derivatives; Organonitrogen compounds; Organooxygen compounds; Nitriles; Organic oxides; Azacyclic compounds; Heteroaromatic compounds; Hydrocarbon derivatives; Organic cyanides; Organopnictogen compounds; Organic oxygen compounds; Organic nitrogen compounds; Chemical entities	126.066	216	3.603	839079827398962600	839079627171268582	839079627171268581	584	
1	C17H30N6O4S	[M + H3N + H]+	C17H34N7O4S+	Carbohydrates	0.668	Nucleosides	0.288	Cyclamides	0.328	Organoheterocyclic compounds	0.994	Azoles	0.904					Azoles	0.904	Organic compounds; Organoheterocyclic compounds; Organosulfur compounds; Alcohols and polyols; Organonitrogen compounds; Organooxygen compounds; Azoles; Thioethers; Amines; Primary amines; Sulfenyl compounds; Dialkylthioethers; Azacyclic compounds; Oxacyclic compounds; Heteroaromatic compounds; Hydrocarbon derivatives; Organopnictogen compounds; Organic oxygen compounds; Organic nitrogen compounds; Chemical entities	432.238	216	3.606	839079839851852260	839079627053828058	839079627053828057	581	
1	C17H30N6O4S	[M + H3N + H]+	C17H34N7O4S+	Carbohydrates	0.673	Nucleosides	0.297	Cyclamides	0.329	Organoheterocyclic compounds	0.994	Azoles	0.904					Azoles	0.904	Organic compounds; Organoheterocyclic compounds; Organosulfur compounds; Alcohols and polyols; Organonitrogen compounds; Organooxygen compounds; Azoles; Thioethers; Amines; Primary amines; Sulfenyl compounds; Dialkylthioethers; Azacyclic compounds; Oxacyclic compounds; Heteroaromatic compounds; Hydrocarbon derivatives; Organopnictogen compounds; Organic oxygen compounds; Organic nitrogen compounds; Chemical entities	432.238	219	3.650	839079874089958937	839079627246766062	839079627242571757	586	
1	C24H30O6	[M + H]+	C24H31O6+	Shikimates and Phenylpropanoids	0.904	Lignans	0.968	Neolignans	0.615	Lignans, neolignans and related compounds	0.539							Lignans, neolignans and related compounds	0.539	Organic compounds; Alkyl aryl ethers; Alcohols and polyols; Anisoles; Ethers; Organooxygen compounds; Dialkyl ethers; Lignans, neolignans and related compounds; Benzene and substituted derivatives; Phenol ethers; Benzenoids; Phenylpropanes; Oxacyclic compounds; Hydrocarbon derivatives; Organic oxygen compounds; Phenoxy compounds; Chemical entities	415.212	220	3.660	839079808033859815	839079627209017322	839079627209017321	585	
1	C7H11N	[M + H3N + H]+	C7H15N2+	Alkaloids	0.944	Ornithine alkaloids	0.282	Piperidine alkaloids	0.372	Organic nitrogen compounds	1.000	Organonitrogen compounds	1.000	Amines	0.954	Secondary amines	0.889	Dialkylamines	0.882	Organic compounds; Organoheterocyclic compounds; Organonitrogen compounds; Dialkylamines; Amines; Secondary amines; Azacyclic compounds; Hydrocarbon derivatives; Organopnictogen compounds; Organic nitrogen compounds; Chemical entities	127.123	223	3.712	839079808067414267	839079627515201550	839079627515201549	594	
1	C7H11N	[M + H3N + H]+	C7H15N2+	Alkaloids	0.908	Ornithine alkaloids	0.288	Acetate-derived alkaloids	0.514	Organoheterocyclic compounds	0.645	Azacyclic compounds	0.714					Azacyclic compounds	0.714	Organic compounds; Organoheterocyclic compounds; Organonitrogen compounds; Amines; Azacyclic compounds; Hydrocarbon derivatives; Organopnictogen compounds; Organic nitrogen compounds; Chemical entities	127.123	223	3.713	839079818200853238	839079627280320498	839079627280320497	587	
1	C7H11N3O2	[M + H3N + H]+	C7H15N4O2+	Amino acids and Peptides	0.675	Small peptides	0.688	Aminoacids	0.506	Organoheterocyclic compounds	0.890	Heteroaromatic compounds	0.689					Heteroaromatic compounds	0.689	Organic compounds; Organoheterocyclic compounds; Organic acids and derivatives; Carboxylic acids and derivatives; Organonitrogen compounds; Organooxygen compounds; Monocarboxylic acids and derivatives; Carbonyl compounds; Organic oxides; Azacyclic compounds; Heteroaromatic compounds; Hydrocarbon derivatives; Organopnictogen compounds; Organic oxygen compounds; Organic nitrogen compounds; Chemical entities	187.119	224	3.733	839079805194315880	839079627309680630	839079627309680629	588	
1	C5H6N4O2	[M - H2O + H]+	C5H5N4O+	Alkaloids	0.967	Pseudoalkaloids (transamidation)	0.952	Purine alkaloids	0.985	Organoheterocyclic compounds	0.998	Imidazopyrimidines	0.869	Purines and purine derivatives	0.839	Purinones	0.785	6-oxopurines	0.717	Organic compounds; Organoheterocyclic compounds; Pyrimidines and pyrimidine derivatives; Imidazoles; Purines and purine derivatives; Hypoxanthines; Organic acids and derivatives; Organonitrogen compounds; Pyrimidones; Organooxygen compounds; Azoles; Purinones; Diazines; 6-oxopurines; Imidazopyrimidines; Vinylogous amides; Organic oxides; Azacyclic compounds; Heteroaromatic compounds; Hydrocarbon derivatives; Organopnictogen compounds; Organic oxygen compounds; Organic nitrogen compounds; Chemical entities	137.046	224	3.740	839079805500500080	839079627347429370	839079627347429369	589	
1	C5H6N2O2	[M + H3N + H]+	C5H10N3O2+	Alkaloids	0.675	Nicotinic acid alkaloids	0.200	Pyridine alkaloids	0.201	Organoheterocyclic compounds	0.955	Heteroaromatic compounds	0.917					Heteroaromatic compounds	0.917	Organic compounds; Organoheterocyclic compounds; Organic acids and derivatives; Organonitrogen compounds; Organooxygen compounds; Organic oxides; Azacyclic compounds; Heteroaromatic compounds; Hydrocarbon derivatives; Organopnictogen compounds; Organic oxygen compounds; Organic nitrogen compounds; Chemical entities	144.077	225	3.742	839079809447340363	839079627380983806	839079627380983805	590	
1	C6H4N2O2	[M + H3N + H]+	C6H8N3O2+	Alkaloids	0.974	Nicotinic acid alkaloids	0.965	Pyridine alkaloids	0.965	Organoheterocyclic compounds	0.961	Pyridines and derivatives	0.798					Pyridines and derivatives	0.798	Organic compounds; Organoheterocyclic compounds; Pyridines and derivatives; Organonitrogen compounds; Organooxygen compounds; Organic oxides; Azacyclic compounds; Heteroaromatic compounds; Hydrocarbon derivatives; Organopnictogen compounds; Organic oxygen compounds; Organic nitrogen compounds; Chemical entities	154.061	225	3.755	839079827096972701	839079627414538242	839079627414538241	591	
1	C15H26N2O2	[M + H3N + H]+	C15H30N3O2+	Amino acids and Peptides	0.435	Small peptides	0.312	Piperidine alkaloids	0.126	Organic acids and derivatives	0.940	Carboxylic acids and derivatives	0.925	Amino acids, peptides, and analogues	0.573	Amino acids and derivatives	0.567	Amino acids and derivatives	0.567	Organic compounds; Lipids and lipid-like molecules; Amino acids, peptides, and analogues; Organic acids and derivatives; Carboxylic acids and derivatives; Organonitrogen compounds; Organooxygen compounds; Amino acids and derivatives; Carboxylic acid amides; Carboxylic acid derivatives; Carbonyl compounds; Amines; Organic oxides; Hydrocarbon derivatives; Organopnictogen compounds; Organic oxygen compounds; Organic nitrogen compounds; Chemical entities	284.233	225	3.757	839079820742601674	839079627448092678	839079627448092677	592	
1	C11H16N4O3	[M - H2O + H]+	C11H15N4O2+	Amino acids and Peptides	0.906	Small peptides	0.975	Dipeptides	0.757	Organic acids and derivatives	0.997	Carboxylic acids and derivatives	0.961	Amino acids, peptides, and analogues	0.778	Amino acids and derivatives	0.774	Histidine and derivatives	0.652	Organic compounds; Organoheterocyclic compounds; Amino acids, peptides, and analogues; Alpha amino acids and derivatives; Pyrimidines and pyrimidine derivatives; Imidazoles; Lactams; Purines and purine derivatives; Organic acids and derivatives; Carboxylic acids and derivatives; Organonitrogen compounds; Pyrimidones; Organooxygen compounds; Amino acids and derivatives; Azoles; Carboxylic acid derivatives; Monocarboxylic acids and derivatives; Carboxylic acids; Diazines; Imidazopyrimidines; Carbonyl compounds; Substituted imidazoles; N-substituted imidazoles; Vinylogous amides; Organic oxides; Azacyclic compounds; Heteroaromatic compounds; Hydrocarbon derivatives; Histidine and derivatives; Organopnictogen compounds; Organic oxygen compounds; Organic nitrogen compounds; Chemical entities	235.119	226	3.762	839079818221824762	839079627481647114	839079627481647113	593	
1	C5H6N4O	[M + H3N + H]+	C5H10N5O+	Alkaloids	0.959	Pseudoalkaloids (transamidation)	0.905	Purine alkaloids	0.974	Organoheterocyclic compounds	0.998	Imidazopyrimidines	0.842	Purines and purine derivatives	0.774	Purinones	0.582	Hypoxanthines	0.529	Organic compounds; Organoheterocyclic compounds; Pyrimidines and pyrimidine derivatives; Imidazoles; Purines and purine derivatives; Hypoxanthines; Organic acids and derivatives; Organonitrogen compounds; Pyrimidones; Organooxygen compounds; Azoles; Purinones; Diazines; Imidazopyrimidines; Vinylogous amides; Organic oxides; Azacyclic compounds; Heteroaromatic compounds; Hydrocarbon derivatives; Organopnictogen compounds; Organic oxygen compounds; Organic nitrogen compounds; Chemical entities	156.088	227	3.784	839079818586729250	839079627544561682	839079627544561681	595	
1	C9H11NO2	[M + H3N + H]+	C9H15N2O2+	Alkaloids	0.885	Nicotinic acid alkaloids	0.368	Pyrrolidine alkaloids	0.478	Organoheterocyclic compounds	0.693	Azacyclic compounds	0.701					Azacyclic compounds	0.701	Organic compounds; Organoheterocyclic compounds; Organonitrogen compounds; Organooxygen compounds; Organic oxides; Azacyclic compounds; Hydrocarbon derivatives; Organopnictogen compounds; Organic oxygen compounds; Organic nitrogen compounds; Chemical entities	183.113	229	3.810	839079810223286661	839079627611670554	839079627611670553	597	
1	C6H4N4O2	[M + H3N + H]+	C6H8N5O2+	Alkaloids	0.991	Pseudoalkaloids (transamidation)	0.933	Purine alkaloids	0.973	Organoheterocyclic compounds	0.999	Diazines	0.868	Pyrimidines and pyrimidine derivatives	0.721	Pyrimidones	0.619	Pyrimidones	0.619	Organic compounds; Organoheterocyclic compounds; Pyrimidines and pyrimidine derivatives; Imidazoles; Organic acids and derivatives; Organonitrogen compounds; Pyrimidones; Organooxygen compounds; Azoles; Diazines; Vinylogous amides; Organic oxides; Azacyclic compounds; Heteroaromatic compounds; Hydrocarbon derivatives; Organopnictogen compounds; Organic oxygen compounds; Organic nitrogen compounds; Chemical entities	182.067	229	3.813	839079848072689021	839079627578116118	839079627578116117	596	
1	C8H15N3O4	[M + Na]+	C8H15N3NaO4+	Amino acids and Peptides	0.994	Small peptides	0.998	Aminoacids	0.904	Organic acids and derivatives	1.000	Carboxylic acids and derivatives	1.000	Amino acids, peptides, and analogues	0.990	Amino acids and derivatives	0.990	N-acyl-alpha amino acids	0.711	Organic compounds; Lipids and lipid-like molecules; Amino acids, peptides, and analogues; Alpha amino acids and derivatives; Fatty acids and conjugates; Organic acids and derivatives; Carboxylic acids and derivatives; Organonitrogen compounds; Organooxygen compounds; Amino acids and derivatives; Monoalkylamines; Carboxylic acid amides; Carboxylic acid derivatives; Monocarboxylic acids and derivatives; N-acyl-alpha amino acids and derivatives; Carboxylic acids; Secondary carboxylic acid amides; Carbonyl compounds; N-acyl-alpha amino acids; Alpha amino acids; Amines; Primary amines; Fatty Acyls; Acetamides; Organic oxides; Hydrocarbon derivatives; Amino acids; Organopnictogen compounds; Organic oxygen compounds; Organic nitrogen compounds; Chemical entities	240.095	229	3.819	839079902594451391	839079627645224990	839079627645224989	598	
1	C13H25N3O5	[M - H2O + H]+	C13H24N3O4+	Amino acids and Peptides	0.967	Small peptides	0.959	Dipeptides	0.745	Organic acids and derivatives	1.000	Carboxylic acids and derivatives	0.998	Amino acids, peptides, and analogues	0.947	Peptides	0.582	Peptides	0.582	Organic compounds; Lipids and lipid-like molecules; Amino acids, peptides, and analogues; Alpha amino acids and derivatives; Fatty acids and conjugates; Organic acids and derivatives; Carboxylic acids and derivatives; Organonitrogen compounds; Organooxygen compounds; Fatty amides; Branched fatty acids; Amino acids and derivatives; Peptides; Carboxylic acid amides; Carboxylic acid derivatives; N-acyl amines; Monocarboxylic acids and derivatives; N-acyl-alpha amino acids and derivatives; Carboxylic acids; Secondary carboxylic acid amides; Carbonyl compounds; Alpha amino acid amides; N-acyl-alpha amino acids; Fatty Acyls; Organic oxides; Hydrocarbon derivatives; Amino acids; Organopnictogen compounds; Organic oxygen compounds; Organic nitrogen compounds; Chemical entities	286.176	229	3.819	839079908395174070	839079627808802862	839079627808802861	602	
1	C8H12N2O4	[M + H]+	C8H13N2O4+	Amino acids and Peptides	0.976	Small peptides	0.994	Aminoacids	0.807	Organic acids and derivatives	1.000	Carboxylic acids and derivatives	1.000	Amino acids, peptides, and analogues	0.983	Amino acids and derivatives	0.982	N-acyl-alpha amino acids	0.928	Organic compounds; Lipids and lipid-like molecules; Amino acids, peptides, and analogues; Alpha amino acids and derivatives; Fatty acids and conjugates; Organic acids and derivatives; Carboxylic acids and derivatives; Organonitrogen compounds; Organooxygen compounds; Amino acids and derivatives; Carboxylic acid amides; Carboxylic acid derivatives; Monocarboxylic acids and derivatives; N-acyl-alpha amino acids and derivatives; Carboxylic acids; Secondary carboxylic acid amides; Carbonyl compounds; N-acyl-alpha amino acids; Fatty Acyls; Acetamides; Organic oxides; Hydrocarbon derivatives; Organopnictogen compounds; Organic oxygen compounds; Organic nitrogen compounds; Chemical entities	201.087	229	3.819	839079816124672666	839079627674585122	839079627674585121	599	
1	C8H12N2O4	[M + H3N + H]+	C8H16N3O4+	Amino acids and Peptides	0.961	Small peptides	0.984	Aminoacids	0.846	Organic acids and derivatives	1.000	Carboxylic acids and derivatives	0.999	Amino acids, peptides, and analogues	0.870	Amino acids and derivatives	0.868	N-acyl-alpha amino acids	0.614	Organic compounds; Amino acids, peptides, and analogues; Alpha amino acids and derivatives; Organic acids and derivatives; Carboxylic acids and derivatives; Organonitrogen compounds; Organooxygen compounds; Amino acids and derivatives; Carboxylic acid amides; Carboxylic acid derivatives; Monocarboxylic acids and derivatives; N-acyl-alpha amino acids and derivatives; Carboxylic acids; Secondary carboxylic acid amides; Carbonyl compounds; N-acyl-alpha amino acids; Acetamides; Organic oxides; Hydrocarbon derivatives; Organopnictogen compounds; Organic oxygen compounds; Organic nitrogen compounds; Chemical entities	218.114	229	3.820	839079809883548012	839079627741693990	839079627741693989	600	
1	C8H15N3O4	[M + K]+	C8H15KN3O4+	Amino acids and Peptides	0.983	Small peptides	0.996	Dipeptides	0.796	Organic acids and derivatives	1.000	Carboxylic acids and derivatives	1.000	Amino acids, peptides, and analogues	0.980	Amino acids and derivatives	0.980	N-acyl-alpha amino acids	0.857	Organic compounds; Lipids and lipid-like molecules; Amino acids, peptides, and analogues; Alpha amino acids and derivatives; Fatty acids and conjugates; Organic acids and derivatives; Carboxylic acids and derivatives; Organonitrogen compounds; Organooxygen compounds; Amino acids and derivatives; Carboxylic acid amides; Carboxylic acid derivatives; Monocarboxylic acids and derivatives; N-acyl-alpha amino acids and derivatives; Carboxylic acids; Secondary carboxylic acid amides; Carbonyl compounds; N-acyl-alpha amino acids; Fatty Acyls; Acetamides; Organic oxides; Hydrocarbon derivatives; Organopnictogen compounds; Organic oxygen compounds; Organic nitrogen compounds; Chemical entities	256.069	229	3.821	839079834126626891	839079627775248426	839079627775248425	601	
1	C3H8N4O2	[M + Na]+	C3H8N4NaO2+	Alkaloids	0.495	Small peptides	0.181	Aminoacids	0.231	Organic nitrogen compounds	1.000	Organonitrogen compounds	0.998	Hydrazines and derivatives	0.445	Semicarbazides	0.503	Semicarbazides	0.503	Organic compounds; Semicarbazides; Organic acids and derivatives; Organonitrogen compounds; Organooxygen compounds; Organic carbonic acids and derivatives; Carbonyl compounds; Organic oxides; Hydrocarbon derivatives; Organopnictogen compounds; Organic oxygen compounds; Organic nitrogen compounds; Chemical entities	155.054	230	3.829	839079822055418939	839079627875911734	839079627875911733	604	
1	C9H13N5O6	[M - H2O + H]+	C9H12N5O5+	Carbohydrates	0.983	Nucleosides	0.934	Purine nucleosides	0.846	Organoheterocyclic compounds	0.997	Pteridines and derivatives	0.528	Pterins and derivatives	0.449	Biopterins and derivatives	0.690	Biopterins and derivatives	0.690	Organic compounds; Organoheterocyclic compounds; Carbohydrates and carbohydrate conjugates; Pyrimidines and pyrimidine derivatives; Pteridines and derivatives; Alcohols and polyols; Organic acids and derivatives; Organonitrogen compounds; Primary alcohols; Pyrimidones; Organooxygen compounds; Azoles; Aminopyrimidines and derivatives; Diazines; Pentoses; Monosaccharides; Biopterins and derivatives; Secondary alcohols; Glycosyl compounds; Polyols; Amines; Primary amines; Vinylogous amides; Organic oxides; Azacyclic compounds; Heteroaromatic compounds; Hydrocarbon derivatives; Organopnictogen compounds; Organic oxygen compounds; Organic nitrogen compounds; Chemical entities	270.083	230	3.832	839079820562246578	839079627842357298	839079627842357297	603	
1	C17H32N6O5S	[M - H2O + H]+	C17H31N6O4S+	Carbohydrates	0.843	Nucleosides	0.477	Purine nucleosides	0.472	Organic oxygen compounds	1.000	Organooxygen compounds	0.972	Carbohydrates and carbohydrate conjugates	0.513	Glycosyl compounds	0.576	Glycosyl compounds	0.576	Organic compounds; Organoheterocyclic compounds; Organosulfur compounds; Carbohydrates and carbohydrate conjugates; Alcohols and polyols; Organic acids and derivatives; Organonitrogen compounds; Organooxygen compounds; Azoles; Thioethers; Secondary alcohols; Carbonyl compounds; Glycosyl compounds; Amines; Primary amines; Sulfenyl compounds; Dialkylthioethers; Organic oxides; Azacyclic compounds; Oxacyclic compounds; Heteroaromatic compounds; Hydrocarbon derivatives; Organopnictogen compounds; Organic oxygen compounds; Organic nitrogen compounds; Chemical entities	415.212	230	3.840	839079833765916658	839079628190484570	839079628190484569	613	
1	C23H37N3O8	[M - H2O + H]+	C23H36N3O7+	Amino acids and Peptides	0.480	Aminosugars and aminoglycosides	0.307	Aminoglycosides	0.305	Organic acids and derivatives	0.966	Carboxylic acids and derivatives	0.917	Amino acids, peptides, and analogues	0.545	Amino acids and derivatives	0.542	Amino acids and derivatives	0.542	Organic compounds; Lipids and lipid-like molecules; Amino acids, peptides, and analogues; Alcohols and polyols; Organic acids and derivatives; Carboxylic acids and derivatives; Organonitrogen compounds; Organooxygen compounds; Fatty amides; Amino acids and derivatives; Carboxylic acid amides; Carboxylic acid derivatives; Secondary alcohols; Secondary carboxylic acid amides; Carbonyl compounds; Polyols; Fatty Acyls; Organic oxides; Hydrocarbon derivatives; Organopnictogen compounds; Organic oxygen compounds; Organic nitrogen compounds; Chemical entities	466.257	232	3.868	839079852271187570	839079627909466170	839079627909466169	605	
1	C10H21NO4S2	[M - H2O + H]+	C10H20NO3S2+	Fatty acids	0.872	Fatty amides	0.790	N-acyl amines	0.642	Lipids and lipid-like molecules	0.908	Fatty Acyls	0.914	Fatty acids and conjugates	0.841			Fatty acids and conjugates	0.841	Organic compounds; Organosulfur compounds; Lipids and lipid-like molecules; Fatty acids and conjugates; Organic acids and derivatives; Carboxylic acids and derivatives; Organonitrogen compounds; Organooxygen compounds; Carboxylic acid amides; Carboxylic acid derivatives; Monocarboxylic acids and derivatives; Carboxylic acids; Secondary carboxylic acid amides; Carbonyl compounds; Sulfenyl compounds; Fatty Acyls; Dithiocarbamic acids and derivatives; Dithiocarbamic acid esters; Organic oxides; Hydrocarbon derivatives; Organopnictogen compounds; Organic oxygen compounds; Organic nitrogen compounds; Chemical entities	266.088	232	3.870	839079810277812639	839079627943020606	839079627943020605	606	
1	C5H10O2	[M + H3N + H]+	C5H14NO2+	Fatty acids	0.976	Fatty acyls	0.782	Fatty alcohols	0.573	Organic oxygen compounds	0.999	Organooxygen compounds	0.998	Alcohols and polyols	0.669			Alcohols and polyols	0.669	Organic compounds; Alcohols and polyols; Organooxygen compounds; Hydrocarbon derivatives; Organic oxygen compounds; Chemical entities	120.102	232	3.871	839079810466556344	839079627980769346	839079627980769345	607	
1	C11H16F2N2O3	[M + Na]+	C11H16F2N2NaO3+	Alkaloids	0.644	Small peptides	0.461	Dipeptides	0.060	Organic acids and derivatives	0.976	Carboxylic acids and derivatives	0.959	Amino acids, peptides, and analogues	0.704	Amino acids and derivatives	0.704	Amino acids and derivatives	0.704	Organic compounds; Organoheterocyclic compounds; Amino acids, peptides, and analogues; Organic acids and derivatives; Carboxylic acids and derivatives; Organohalogen compounds; Organonitrogen compounds; Organooxygen compounds; Amino acids and derivatives; Carboxylic acid amides; Alkyl fluorides; Carboxylic acid derivatives; Organofluorides; Carbonyl compounds; Amines; Alkyl halides; Organic oxides; Azacyclic compounds; Hydrocarbon derivatives; Organopnictogen compounds; Organic oxygen compounds; Organic nitrogen compounds; Chemical entities	285.102	233	3.881	839079818662226733	839079628018518086	839079628018518085	608	
1	C10H13N5O5	[M + H]+	C10H14N5O5+	Carbohydrates	1.000	Nucleosides	0.999	Purine nucleosides	0.993	Nucleosides, nucleotides, and analogues	0.955	Purine nucleosides	0.873					Purine nucleosides	0.873	Organic compounds; Organoheterocyclic compounds; Carbohydrates and carbohydrate conjugates; Pyrimidines and pyrimidine derivatives; Imidazoles; Alcohols and polyols; Purines and purine derivatives; Organonitrogen compounds; Primary alcohols; Nucleosides, nucleotides, and analogues; Organooxygen compounds; Azoles; Purine nucleosides; Aminopyrimidines and derivatives; Diazines; Pentoses; Monosaccharides; Secondary alcohols; Imidazopyrimidines; Glycosyl compounds; Glycosylamines; Substituted imidazoles; N-substituted imidazoles; Amines; Primary amines; Tetrahydrofurans; 6-aminopurines; Imidolactams; Azacyclic compounds; Oxacyclic compounds; Heteroaromatic compounds; Hydrocarbon derivatives; Organopnictogen compounds; Organic oxygen compounds; Organic nitrogen compounds; Chemical entities	284.099	233	3.882	839079936316656754	839079628056266826	839079628056266825	609	
1	C15H32N4O7S	[M + K]+	C15H32KN4O7S+	Amino acids and Peptides	0.813	Small peptides	0.788	Tripeptides	0.350	Organic acids and derivatives	0.996	Carboxylic acids and derivatives	0.988	Amino acids, peptides, and analogues	0.940	Peptides	0.654	Peptides	0.654	Organic compounds; Organosulfur compounds; Lipids and lipid-like molecules; Amino acids, peptides, and analogues; Alpha amino acids and derivatives; Fatty acids and conjugates; Organic acids and derivatives; Carboxylic acids and derivatives; Organonitrogen compounds; Organooxygen compounds; Fatty amides; Hydroxy fatty acids; Amino acids and derivatives; Peptides; Monoalkylamines; Carboxylic acid amides; Carboxylic acid derivatives; N-acyl amines; Monocarboxylic acids and derivatives; N-acyl-alpha amino acids and derivatives; Carboxylic acids; Secondary carboxylic acid amides; Carbonyl compounds; Heterocyclic fatty acids; Alpha amino acid amides; N-acyl-alpha amino acids; Alpha amino acids; Amines; Primary amines; Dialkylthioethers; Fatty Acyls; Organic oxides; Hydrocarbon derivatives; Amino acids; Organopnictogen compounds; Organic oxygen compounds; Organic nitrogen compounds; Chemical entities	451.161	233	3.885	839079896437212768	839079628089821262	839079628089821261	610	
1	C6H8N2O	[M + H3N + H]+	C6H12N3O+	Alkaloids	0.720	Nicotinic acid alkaloids	0.739	Pyridine alkaloids	0.738	Organoheterocyclic compounds	0.523	Azacyclic compounds	0.546					Azacyclic compounds	0.546	Organic compounds; Organoheterocyclic compounds; Organonitrogen compounds; Organooxygen compounds; Organic oxides; Azacyclic compounds; Hydrocarbon derivatives; Organopnictogen compounds; Organic oxygen compounds; Organic nitrogen compounds; Chemical entities	142.098	234	3.899	839079843479925508	839079628123375698	839079628123375697	611	
1	C8H11NO	[M + H3N + H]+	C8H15N2O+	Alkaloids	0.570	Fatty amides	0.459	Primary amides	0.362	Organoheterocyclic compounds	0.824	Lactams	0.623					Lactams	0.623	Organic compounds; Organoheterocyclic compounds; Lactams; Pyrrolidines; Organic acids and derivatives; Carboxylic acids and derivatives; Organonitrogen compounds; Organooxygen compounds; Carboxylic acid amides; Carboxylic acid derivatives; Carbonyl compounds; Organic oxides; Azacyclic compounds; Hydrocarbon derivatives; Organopnictogen compounds; Organic oxygen compounds; Organic nitrogen compounds; Chemical entities	155.118	234	3.904	839079822781033615	839079628156930134	839079628156930133	612	
1	C7H9N5O2	[M - H2O + H]+	C7H8N5O+	Alkaloids	0.640	Pseudoalkaloids (transamidation)	0.485	Purine alkaloids	0.469	Organic acids and derivatives	0.700	Carboxylic acids and derivatives	0.626	Amino acids, peptides, and analogues	0.590	Amino acids and derivatives	0.589	Amino acids	0.581	Organic compounds; Organoheterocyclic compounds; Amino acids, peptides, and analogues; Pyrimidines and pyrimidine derivatives; Organic acids and derivatives; Carboxylic acids and derivatives; Organonitrogen compounds; Organooxygen compounds; Amino acids and derivatives; Monocarboxylic acids and derivatives; Carboxylic acids; Aminopyrimidines and derivatives; Diazines; Carbonyl compounds; Amines; Primary amines; Imidolactams; Organic oxides; Azacyclic compounds; Heteroaromatic compounds; Hydrocarbon derivatives; Amino acids; Organopnictogen compounds; Organic oxygen compounds; Organic nitrogen compounds; Chemical entities	178.072	237	3.944	839079829244456522	839079628224039006	839079628224039005	614	
1	C6H4N2O2	[M + H3N + H]+	C6H8N3O2+	Alkaloids	0.971	Nicotinic acid alkaloids	0.976	Pyridine alkaloids	0.976	Organoheterocyclic compounds	0.962	Pyridines and derivatives	0.827					Pyridines and derivatives	0.827	Organic compounds; Organoheterocyclic compounds; Pyridines and derivatives; Organic acids and derivatives; Organonitrogen compounds; Organooxygen compounds; Organic oxides; Azacyclic compounds; Heteroaromatic compounds; Hydrocarbon derivatives; Organopnictogen compounds; Organic oxygen compounds; Organic nitrogen compounds; Chemical entities	154.061	238	3.964	839079848244655497	839079628291147878	839079628291147877	616	
1	C14H28N4O8S	[M - H2O + H]+	C14H27N4O7S+	Amino acids and Peptides	0.588	Aminosugars and aminoglycosides	0.540	Aminoglycosides	0.503	Organic acids and derivatives	0.993	Carboxylic acids and derivatives	0.968	Amino acids, peptides, and analogues	0.857	Amino acids and derivatives	0.854	Alpha amino acids	0.834	Organic compounds; Organoheterocyclic compounds; Organosulfur compounds; Lipids and lipid-like molecules; Amino acids, peptides, and analogues; Alpha amino acids and derivatives; Alcohols and polyols; Fatty acids and conjugates; Organic acids and derivatives; Carboxylic acids and derivatives; Organonitrogen compounds; Organooxygen compounds; Fatty amides; Hydroxy fatty acids; Amino acids and derivatives; Monoalkylamines; Carboxylic acid amides; Carboxylic acid derivatives; N-acyl amines; Monocarboxylic acids and derivatives; Carboxylic acids; Secondary alcohols; Secondary carboxylic acid amides; Carbonyl compounds; Heterocyclic fatty acids; Alpha amino acids; Amines; Primary amines; Dialkylthioethers; Fatty Acyls; Organic oxides; Hydrocarbon derivatives; Amino acids; Organopnictogen compounds; Organic oxygen compounds; Organic nitrogen compounds; Chemical entities	395.159	239	3.976	839079838614532351	839079628257593442	839079628257593441	615	
1	C18H26N6O8	[M + H]+	C18H27N6O8+	Carbohydrates	1.000	Nucleosides	1.000	Pyrimidine nucleosides	1.000	Nucleosides, nucleotides, and analogues	0.983	Pyrimidine nucleosides	0.985	Pyrimidine 2'-deoxyribonucleosides	0.787			Pyrimidine 2'-deoxyribonucleosides	0.787	Organic compounds; Organoheterocyclic compounds; Pyrimidines and pyrimidine derivatives; Alcohols and polyols; Organic acids and derivatives; Carboxylic acids and derivatives; Organonitrogen compounds; Primary alcohols; Nucleosides, nucleotides, and analogues; Pyrimidones; Organooxygen compounds; Carboxylic acid amides; Pyrimidine nucleosides; Carboxylic acid derivatives; Aminopyrimidines and derivatives; Diazines; Secondary alcohols; Secondary carboxylic acid amides; Carbonyl compounds; Pyrimidine 2'-deoxyribonucleosides; Hydropyrimidines; Amines; Primary amines; Tetrahydrofurans; Imidolactams; Organic oxides; Azacyclic compounds; Oxacyclic compounds; Heteroaromatic compounds; Hydrocarbon derivatives; Organopnictogen compounds; Organic oxygen compounds; Organic nitrogen compounds; Chemical entities	455.189	239	3.988	839079818976799556	839079628328896618	839079628328896617	617	
1	C9H13N3O4	[M + Na]+	C9H13N3NaO4+	Carbohydrates	0.998	Nucleosides	0.998	Pyrimidine nucleosides	0.994	Nucleosides, nucleotides, and analogues	0.898	Pyrimidine nucleosides	0.874					Pyrimidine nucleosides	0.874	Organic compounds; Organoheterocyclic compounds; Pyrimidines and pyrimidine derivatives; Alcohols and polyols; Organonitrogen compounds; Primary alcohols; Nucleosides, nucleotides, and analogues; Pyrimidones; Organooxygen compounds; Pyrimidine nucleosides; Aminopyrimidines and derivatives; Diazines; Secondary alcohols; Hydropyrimidines; Amines; Primary amines; Imidolactams; Organic oxides; Azacyclic compounds; Oxacyclic compounds; Heteroaromatic compounds; Hydrocarbon derivatives; Organopnictogen compounds; Organic oxygen compounds; Organic nitrogen compounds; Chemical entities	250.080	239	3.991	839079832042057456	839079628362451054	839079628362451053	618	
1	C9H13N3O4	[M + K]+	C9H13KN3O4+	Amino acids and Peptides	0.943	Small peptides	0.973	Aminoacids	0.959	Organic acids and derivatives	0.977	Carboxylic acids and derivatives	0.949	Amino acids, peptides, and analogues	0.880	Amino acids and derivatives	0.879	Alpha amino acids	0.683	Organic compounds; Organoheterocyclic compounds; Amino acids, peptides, and analogues; Alpha amino acids and derivatives; Organic acids and derivatives; Carboxylic acids and derivatives; Organonitrogen compounds; Organooxygen compounds; Amino acids and derivatives; Monoalkylamines; Monocarboxylic acids and derivatives; Carboxylic acids; Carbonyl compounds; Alpha amino acids; Amines; Primary amines; Organic oxides; Azacyclic compounds; Hydrocarbon derivatives; Amino acids; Organopnictogen compounds; Organic oxygen compounds; Organic nitrogen compounds; Chemical entities	266.054	240	3.993	839079826966949239	839079628396005490	839079628396005489	619	
1	C9H13N3O4	[M + H]+	C9H14N3O4+	Carbohydrates	1.000	Nucleosides	1.000	Pyrimidine nucleosides	0.999	Nucleosides, nucleotides, and analogues	0.974	Pyrimidine nucleosides	0.972	Pyrimidine 2'-deoxyribonucleosides	0.905			Pyrimidine 2'-deoxyribonucleosides	0.905	Organic compounds; Organoheterocyclic compounds; Pyrimidines and pyrimidine derivatives; Alcohols and polyols; Organonitrogen compounds; Primary alcohols; Nucleosides, nucleotides, and analogues; Pyrimidones; Organooxygen compounds; Pyrimidine nucleosides; Aminopyrimidines and derivatives; Diazines; Secondary alcohols; Pyrimidine 2'-deoxyribonucleosides; Hydropyrimidines; Amines; Primary amines; Tetrahydrofurans; Imidolactams; Organic oxides; Azacyclic compounds; Oxacyclic compounds; Heteroaromatic compounds; Hydrocarbon derivatives; Organopnictogen compounds; Organic oxygen compounds; Organic nitrogen compounds; Chemical entities	228.098	240	3.995	839079875239198396	839079628429559926	839079628429559925	620	
1	C13H18N6O5	[M + H]+	C13H19N6O5+	Carbohydrates	1.000	Nucleosides	1.000	Pyrimidine nucleosides	1.000	Nucleosides, nucleotides, and analogues	0.958	Pyrimidine nucleosides	0.978	Pyrimidine 2'-deoxyribonucleosides	0.668			Pyrimidine 2'-deoxyribonucleosides	0.668	Organic compounds; Organoheterocyclic compounds; Carbohydrates and carbohydrate conjugates; Pyrimidines and pyrimidine derivatives; Alcohols and polyols; Organonitrogen compounds; Primary alcohols; Nucleosides, nucleotides, and analogues; Pyrimidones; Organooxygen compounds; Pyrimidine nucleosides; Aminopyrimidines and derivatives; Diazines; Secondary alcohols; Pyrimidine 2'-deoxyribonucleosides; Hydropyrimidines; Amines; Primary amines; Tetrahydrofurans; Imidolactams; Organic oxides; Azacyclic compounds; Oxacyclic compounds; Heteroaromatic compounds; Hydrocarbon derivatives; Organopnictogen compounds; Organic oxygen compounds; Organic nitrogen compounds; Chemical entities	339.141	240	3.996	839079811443829241	839079628467308666	839079628467308665	621	
1	C13H18N6O5	[M + Na]+	C13H18N6NaO5+	Carbohydrates	0.990	Nucleosides	0.992	Purine nucleosides	0.799	Organic oxygen compounds	1.000	Organooxygen compounds	0.994	Carbohydrates and carbohydrate conjugates	0.420	Glycosyl compounds	0.421	Glycosylamines	0.590	Organic compounds; Organoheterocyclic compounds; Pyrimidines and pyrimidine derivatives; Imidazoles; Alcohols and polyols; Organonitrogen compounds; Primary alcohols; Nucleosides, nucleotides, and analogues; Organooxygen compounds; Azoles; Aminopyrimidines and derivatives; Diazines; Secondary alcohols; Glycosylamines; Substituted imidazoles; N-substituted imidazoles; Amines; Primary amines; Organic 1,3-dipolar compounds; Allyl-type 1,3-dipolar organic compounds; Imidolactams; Organic oxides; Azacyclic compounds; Oxacyclic compounds; Heteroaromatic compounds; Hydrocarbon derivatives; Organopnictogen compounds; Organic oxygen compounds; Organic nitrogen compounds; Chemical entities	361.123	240	4.000	839079827671592389	839079628500863102	839079628500863101	622	
1	C6H12BFN4O2	[M + Na]+	C6H12BFN4NaO2+	Carbohydrates	0.965	Nucleosides	0.966	Pyrimidine nucleosides	0.415	Organoheterocyclic compounds	0.999	Diazines	0.978	Pyrimidines and pyrimidine derivatives	0.959	Aminopyrimidines and derivatives	0.914	Aminopyrimidines and derivatives	0.914	Organic compounds; Organoheterocyclic compounds; Pyrimidines and pyrimidine derivatives; Organonitrogen compounds; Nucleosides, nucleotides, and analogues; Pyrimidones; Organooxygen compounds; Organometallic compounds; Alkyl fluorides; Aminopyrimidines and derivatives; Diazines; Organometalloid compounds; Organofluorides; Hydropyrimidines; Amines; Primary amines; Organic salts; Imidolactams; Organic metalloid salts; Organic metal salts; Azacyclic compounds; Oxacyclic compounds; Heteroaromatic compounds; Hydrocarbon derivatives; Organopnictogen compounds; Organic oxygen compounds; Organic nitrogen compounds; Chemical entities	224.097	240	4.006	839079842582344353	839079628538611842	839079628538611841	623	
1	C8H16FN6O2P	[M + H]+	C8H17FN6O2P+	Alkaloids	0.550	Pseudoalkaloids (transamidation)	0.234	Imidazole alkaloids	0.064	Organic acids and derivatives	0.634	Organic phosphoric acids and derivatives	0.823	Organic phosphoramides	0.766			Organic phosphoramides	0.766	Organic compounds; Organoheterocyclic compounds; Organic acids and derivatives; Organohalogen compounds; Organonitrogen compounds; Organooxygen compounds; Organic phosphoric acids and derivatives; Alkyl fluorides; Organic phosphoramides; Organofluorides; Alkyl halides; Organic oxides; Azacyclic compounds; Heteroaromatic compounds; Hydrocarbon derivatives; Organopnictogen compounds; Organic oxygen compounds; Organic nitrogen compounds; Chemical entities	279.112	241	4.012	839079823720557758	839079628643469454	839079628643469453	626	
1	C9H17F2N5O2Si	[M - H2O + H]+	C9H16F2N5OSi+	Alkaloids	0.233	Small peptides	0.108	Imidazole alkaloids	0.040	Organohalogen compounds	0.998	Aryl halides	0.659	Aryl fluorides	0.532			Aryl fluorides	0.532	Organic compounds; Organoheterocyclic compounds; Organohalogen compounds; Organonitrogen compounds; Organooxygen compounds; Alkyl fluorides; Aryl fluorides; Organofluorides; Amines; Aryl halides; Alkyl halides; Organic oxides; Azacyclic compounds; Heteroaromatic compounds; Hydrocarbon derivatives; Organopnictogen compounds; Organic oxygen compounds; Organic nitrogen compounds; Chemical entities	276.108	242	4.026	839079828984409649	839079628677023890	839079628672829585	627	
1	C6H10N2	[M + H3N + H]+	C6H14N3+	Alkaloids	0.799	Pseudoalkaloids (transamidation)	0.219	Acetate-derived alkaloids	0.790	Organic nitrogen compounds	1.000	Organonitrogen compounds	0.999					Organonitrogen compounds	0.999	Organic compounds; Organonitrogen compounds; Hydrocarbon derivatives; Organopnictogen compounds; Organic nitrogen compounds; Chemical entities	128.118	243	4.046	839079828149743090	839079628706384022	839079628706384021	628	
1	C13H24BN3O5	[M - H2O + H]+	C13H23BN3O4+	Amino acids and Peptides	0.907	Small peptides	0.788	Dipeptides	0.135	Organic acids and derivatives	0.996	Carboxylic acids and derivatives	0.945	Amino acids, peptides, and analogues	0.849	Amino acids and derivatives	0.842	N-acyl-alpha amino acids and derivatives	0.597	Organic compounds; Organoheterocyclic compounds; Lipids and lipid-like molecules; Amino acids, peptides, and analogues; Alpha amino acids and derivatives; Organic acids and derivatives; Carboxylic acids and derivatives; Organonitrogen compounds; Organooxygen compounds; Fatty amides; Amino acids and derivatives; Boronic acids; Organometallic compounds; Carboxylic acid amides; Boronic acid derivatives; Carboxylic acid derivatives; N-acyl amines; N-acyl-alpha amino acids and derivatives; Organometalloid compounds; Secondary carboxylic acid amides; Carbonyl compounds; Alpha amino acid amides; Organoboron compounds; Organic salts; Fatty Acyls; Organic oxides; Organic metalloid salts; Organic metal salts; Hydrocarbon derivatives; Alkylboranes; Monoalkylboranes; Organic oxygen compounds; Organic nitrogen compounds; Chemical entities	295.180	244	4.061	839079826908228959	839079628773492894	839079628773492893	630	
1	C3H3N5	[M + H3N + H]+	C3H7N6+	Alkaloids	0.929	Histidine alkaloids	0.754	Imidazole alkaloids	0.757	Organoheterocyclic compounds	1.000	Triazines	0.945	Aminotriazines	0.870			Aminotriazines	0.870	Organic compounds; Organoheterocyclic compounds; Triazines; Organonitrogen compounds; Aminotriazines; Amines; Primary amines; 1,3,5-triazines; Azacyclic compounds; Heteroaromatic compounds; Hydrocarbon derivatives; Organopnictogen compounds; Organic nitrogen compounds; Chemical entities	127.073	244	4.062	839079896751785588	839079628739938458	839079628739938457	629	
1	C7H13NO	[M + H3N + H]+	C7H17N2O+	Fatty acids	0.961	Fatty amides	0.642	N-acyl amines	0.246	Organic acids and derivatives	0.999	Carboxylic acids and derivatives	0.998	Carboxylic acid derivatives	0.997	Carboxylic acid amides	0.992	Tertiary carboxylic acid amides	0.829	Organic compounds; Organic acids and derivatives; Carboxylic acids and derivatives; Organonitrogen compounds; Organooxygen compounds; Carboxylic acid amides; Carboxylic acid derivatives; Tertiary carboxylic acid amides; Carbonyl compounds; Acetamides; Organic oxides; Hydrocarbon derivatives; Organopnictogen compounds; Organic oxygen compounds; Organic nitrogen compounds; Chemical entities	145.134	244	4.067	839079896961500796	839079628807047330	839079628807047329	631	
1	C13H24N2O2	[M + H3N + H]+	C13H28N3O2+	Alkaloids	0.424	Lysine alkaloids	0.264	Pyrrolidine alkaloids	0.234	Organic acids and derivatives	0.883	Carboxylic acids and derivatives	0.876	Carboxylic acid derivatives	0.728	Carboxylic acid amides	0.669	Carboxylic acid amides	0.669	Organic compounds; Organoheterocyclic compounds; Organic acids and derivatives; Carboxylic acids and derivatives; Organonitrogen compounds; Organooxygen compounds; Carboxylic acid amides; Carboxylic acid derivatives; Carbonyl compounds; Organic oxides; Azacyclic compounds; Hydrocarbon derivatives; Organopnictogen compounds; Organic oxygen compounds; Organic nitrogen compounds; Chemical entities	258.218	246	4.100	839079819161348956	839079628874156202	839079628874156201	633	
1	C5H10N2O	[M + H3N + H]+	C5H14N3O+	Alkaloids	0.796	Ornithine alkaloids	0.112	Acetate-derived alkaloids	0.053	Organic nitrogen compounds	1.000	Organonitrogen compounds	0.999	Organic nitroso compounds	0.643	Organic N-nitroso compounds	0.735	Organic N-nitroso compounds	0.735	Organic compounds; Organonitrogen compounds; Organic oxides; Hydrocarbon derivatives; Organopnictogen compounds; Organic oxygen compounds; Organic nitrogen compounds; Organic nitroso compounds; Organic N-nitroso compounds; Chemical entities	132.113	246	4.100	839079828330098194	839079628840601766	839079628840601765	632	
1	C10H14F2N2O2	[M + Na]+	C10H14F2N2NaO2+	Amino acids and Peptides	0.482	Small peptides	0.763	Aminoacids	0.538	Organic acids and derivatives	0.807	Carboxylic acids and derivatives	0.826	Amino acids, peptides, and analogues	0.770	Amino acids and derivatives	0.772	Amino acids	0.659	Organic compounds; Amino acids, peptides, and analogues; Halobenzenes; Organic acids and derivatives; Carboxylic acids and derivatives; Organohalogen compounds; Organonitrogen compounds; Aniline and substituted anilines; Organooxygen compounds; Amino acids and derivatives; Aryl fluorides; Fluorobenzenes; Carboxylic acids; Organofluorides; Benzene and substituted derivatives; Benzenoids; Amines; Secondary amines; Aryl halides; Aminobenzoic acids; Halobenzoic acids and derivatives; Phenylalkylamines; Organic oxides; Hydrocarbon derivatives; Amino acids; Organopnictogen compounds; Organic oxygen compounds; Organic nitrogen compounds; Chemical entities	255.091	247	4.122	839079838287376590	839079628911904942	839079628907710637	634	
1	C11H11N3O2	[M + H3N + H]+	C11H15N4O2+	Alkaloids	0.797	Small peptides	0.479	Dipeptides	0.508	Organic acids and derivatives	0.971	Carboxylic acids and derivatives	0.944	Amino acids, peptides, and analogues	0.684	Amino acids and derivatives	0.679	Alpha amino acids and derivatives	0.718	Organic compounds; Organoheterocyclic compounds; Amino acids, peptides, and analogues; Alpha amino acids and derivatives; Lactams; Piperazines; Organic acids and derivatives; Carboxylic acids and derivatives; Organonitrogen compounds; Organooxygen compounds; Amino acids and derivatives; Azoles; Carboxylic acid amides; Carboxylic acid derivatives; Secondary carboxylic acid amides; Dioxopiperazines; Carbonyl compounds; Diazinanes; 2,5-dioxopiperazines; Organic oxides; Azacyclic compounds; Heteroaromatic compounds; Hydrocarbon derivatives; Organopnictogen compounds; Organic oxygen compounds; Organic nitrogen compounds; Chemical entities	235.119	249	4.142	839079821782789110	839079628945459378	839079628945459377	635	
1	C7H17NO4	[M - H2O + H]+	C7H16NO3+	Fatty acids	0.997	Fatty esters	0.525	Fatty acyl carnitines	0.832	Organic nitrogen compounds	1.000	Organonitrogen compounds	1.000	Quaternary ammonium salts	0.966	Tetraalkylammonium salts	0.974	Tetraalkylammonium salts	0.974	Organic compounds; Alcohols and polyols; Organonitrogen compounds; Primary alcohols; Organooxygen compounds; Quaternary ammonium salts; Secondary alcohols; 1,2-aminoalcohols; Amines; Alkanolamines; Organic cations; Organic salts; Hydrocarbon derivatives; Tetraalkylammonium salts; Organopnictogen compounds; Organic oxygen compounds; Organic nitrogen compounds; Chemical entities	162.112	249	4.142	839079819413007201	839079628979013814	839079628979013813	636	
1	C6H10O4S	[M + H3N + H]+	C6H14NO4S+	Terpenoids	0.183	Monoterpenoids	0.186	Oxygenated hydrocarbons	0.009	Organoheterocyclic compounds	0.963	Oxathianes	0.790	Delta sultones	0.807			Delta sultones	0.807	Organic compounds; Organoheterocyclic compounds; Organic acids and derivatives; Organosulfonic acids and derivatives; Organooxygen compounds; Organosulfonic acid esters; Oxathianes; Delta sultones; Organic oxides; Oxacyclic compounds; Hydrocarbon derivatives; Organic sulfonic acids and derivatives; Sulfonic acid esters; Organic oxygen compounds; Chemical entities	196.064	249	4.153	839079841479242289	839079629155174602	839079629155174601	641	
1	C9H9BF2N4O4	[M + H3N + H]+	C9H13BF2N5O4+	Carbohydrates	0.993	Nucleosides	0.989	Purine nucleosides	0.693	Nucleosides, nucleotides, and analogues	0.846	Purine nucleosides	0.641					Purine nucleosides	0.641	Organic compounds; Organoheterocyclic compounds; Pyrimidines and pyrimidine derivatives; Imidazoles; Alcohols and polyols; Purines and purine derivatives; Hypoxanthines; Organic acids and derivatives; Organohalogen compounds; Organonitrogen compounds; Nucleosides, nucleotides, and analogues; Pyrimidones; Organooxygen compounds; Azoles; Organometallic compounds; Purine nucleosides; Purinones; Alkyl fluorides; Aminopyrimidines and derivatives; Diazines; Organometalloid compounds; 6-oxopurines; Organofluorides; Imidazopyrimidines; Substituted imidazoles; N-substituted imidazoles; Amines; Primary amines; Alkyl halides; Organic salts; Vinylogous amides; Organic oxides; Organic metalloid salts; Organic metal salts; Azacyclic compounds; Oxacyclic compounds; Heteroaromatic compounds; Hydrocarbon derivatives; Organopnictogen compounds; Organic oxygen compounds; Organic nitrogen compounds; Chemical entities	303.106	249	4.153	839079835804348562	839079629188729038	839079629188729037	642	
1	C10H16ClN5O	[M - H2O + H]+	C10H15ClN5+	Alkaloids	0.523	Proline alkaloids	0.064	Pyrrole alkaloids	0.063	Organohalogen compounds	0.997	Aryl halides	0.859	Aryl chlorides	0.923			Aryl chlorides	0.923	Organic compounds; Organoheterocyclic compounds; Organohalogen compounds; Organonitrogen compounds; Organooxygen compounds; Aryl chlorides; Diazines; Organochlorides; Amines; Aryl halides; Imidolactams; Organic oxides; Azacyclic compounds; Heteroaromatic compounds; Hydrocarbon derivatives; Organopnictogen compounds; Organic oxygen compounds; Organic nitrogen compounds; Chemical entities	240.101	249	4.154	839079842032890446	839079629117425862	839079629117425861	640	
1	C6H13NO4S	[M + K]+	C6H13KNO4S+	Amino acids and Peptides	0.996	Small peptides	0.998	Aminoacids	0.998	Organic acids and derivatives	0.996	Carboxylic acids and derivatives	0.951	Amino acids, peptides, and analogues	0.951	Amino acids and derivatives	0.950	Alpha amino acids	0.808	Organic compounds; Organosulfur compounds; Lipids and lipid-like molecules; Amino acids, peptides, and analogues; Alpha amino acids and derivatives; Fatty acids and conjugates; Organic acids and derivatives; Carboxylic acids and derivatives; Organonitrogen compounds; Organooxygen compounds; Amino acids and derivatives; Monoalkylamines; Monocarboxylic acids and derivatives; Sulfonyls; Carboxylic acids; Thia fatty acids; Carbonyl compounds; Alpha amino acids; Amines; Primary amines; Fatty Acyls; Organic oxides; Hydrocarbon derivatives; Amino acids; Organic sulfonamides; Organopnictogen compounds; Organic oxygen compounds; Organic nitrogen compounds; Chemical entities	234.020	249	4.154	839079859128875178	839079629050316990	839079629050316989	638	
1	C23H28N10O10	[M + Na]+	C23H28N10NaO10+	Carbohydrates	0.998	Nucleosides	0.990	Purine nucleosides	0.984	Nucleosides, nucleotides, and analogues	0.779	Purine nucleosides	0.671					Purine nucleosides	0.671	Organic compounds; Organoheterocyclic compounds; Carbohydrates and carbohydrate conjugates; Amino acids, peptides, and analogues; Pyrimidines and pyrimidine derivatives; Imidazoles; Pteridines and derivatives; Alcohols and polyols; Benzoic acids and derivatives; Benzamides; Purines and purine derivatives; Hypoxanthines; Organic acids and derivatives; Carboxylic acids and derivatives; Organonitrogen compounds; Nucleosides, nucleotides, and analogues; Pyrimidones; Benzoyl derivatives; Organooxygen compounds; Amino acids and derivatives; Azoles; Carboxylic acid amides; Purine nucleosides; Purinones; Carboxylic acid derivatives; Carboxylic acids; Aminopyrimidines and derivatives; Diazines; 6-oxopurines; Monosaccharides; Secondary alcohols; Secondary carboxylic acid amides; Imidazopyrimidines; Carbonyl compounds; Glycosyl compounds; Glycosylamines; Benzene and substituted derivatives; Substituted imidazoles; N-substituted imidazoles; Benzenoids; Amines; Primary amines; Vinylogous amides; Organic oxides; Azacyclic compounds; Oxacyclic compounds; Heteroaromatic compounds; Hydrocarbon derivatives; Amino acids; Organopnictogen compounds; Organic oxygen compounds; Organic nitrogen compounds; Chemical entities	627.187	249	4.155	839079827604483503	839079629264226518	839079629264226517	644	
1	C5H4N4O2	[M - H2O + H]+	C5H3N4O+	Alkaloids	0.994	Pseudoalkaloids (transamidation)	0.990	Purine alkaloids	0.998	Organoheterocyclic compounds	0.999	Pteridines and derivatives	0.376	Pterins and derivatives	0.516			Pterins and derivatives	0.516	Organic compounds; Organoheterocyclic compounds; Pyrimidines and pyrimidine derivatives; Imidazoles; Pterins and derivatives; Purines and purine derivatives; Organic acids and derivatives; Organonitrogen compounds; Pyrimidones; Organooxygen compounds; Azoles; Purinones; Diazines; 6-oxopurines; Imidazopyrimidines; Vinylogous amides; Organic oxides; Azacyclic compounds; Heteroaromatic compounds; Hydrocarbon derivatives; Organopnictogen compounds; Organic oxygen compounds; Organic nitrogen compounds; Chemical entities	135.030	249	4.155	839079829802298967	839079629369084130	839079629369084129	647	
1	C7H10FNO2S	[M - H2O + H]+	C7H9FNOS+	Amino acids and Peptides	0.866	Small peptides	0.607	Aminoacids	0.493	Benzenoids	0.892	Benzene and substituted derivatives	0.926	Halobenzenes	0.932	Fluorobenzenes	0.933	Fluorobenzenes	0.933	Organic compounds; Organosulfur compounds; Halobenzenes; Organic acids and derivatives; Organohalogen compounds; Organonitrogen compounds; Organooxygen compounds; Aryl fluorides; Fluorobenzenes; Organofluorides; Benzene and substituted derivatives; Benzenoids; Aryl halides; Sulfenyl compounds; Organic oxides; Hydrocarbon derivatives; Organopnictogen compounds; Organic oxygen compounds; Organic nitrogen compounds; Chemical entities	174.039	249	4.155	839079825012403422	839079629301975258	839079629297780953	645	
1	C5H2N4O	[M + H3N + H]+	C5H6N5O+	Alkaloids	0.992	Pseudoalkaloids (transamidation)	0.940	Purine alkaloids	0.980	Organoheterocyclic compounds	0.999	Imidazopyrimidines	0.717	Purines and purine derivatives	0.626			Purines and purine derivatives	0.626	Organic compounds; Organoheterocyclic compounds; Pyrimidines and pyrimidine derivatives; Imidazoles; Purines and purine derivatives; Organonitrogen compounds; Pyrimidones; Organooxygen compounds; Azoles; Diazines; Imidazopyrimidines; Organic oxides; Azacyclic compounds; Heteroaromatic compounds; Hydrocarbon derivatives; Organopnictogen compounds; Organic oxygen compounds; Organic nitrogen compounds; Chemical entities	152.057	249	4.156	839079829865213545	839079629335529694	839079629335529693	646	
1	C6H3N2O2	[M + H3N + H]+	C6H7N3O2+	Alkaloids	0.981	Nicotinic acid alkaloids	0.981	Pyridine alkaloids	0.981	Organoheterocyclic compounds	0.990	Pyridines and derivatives	0.921					Pyridines and derivatives	0.921	Organic compounds; Organoheterocyclic compounds; Pyridines and derivatives; Organonitrogen compounds; Organooxygen compounds; Organic oxides; Azacyclic compounds; Heteroaromatic compounds; Hydrocarbon derivatives; Organic cyanides; Organopnictogen compounds; Organic oxygen compounds; Organic nitrogen compounds; Chemical entities	153.054	249	4.156	839079826673347911	839079629440387306	839079629440387305	649	
1	C13H25N3O5	[M - H2O + H]+	C13H24N3O4+	Amino acids and Peptides	0.887	Small peptides	0.671	Dipeptides	0.595	Organic acids and derivatives	0.948	Carboxylic acids and derivatives	0.918	Amino acids, peptides, and analogues	0.671	Amino acids and derivatives	0.667	Alpha amino acids and derivatives	0.637	Organic compounds; Lipids and lipid-like molecules; Amino acids, peptides, and analogues; Alpha amino acids and derivatives; Organic acids and derivatives; Carboxylic acids and derivatives; Organonitrogen compounds; Organooxygen compounds; Fatty amides; Amino acids and derivatives; Carboxylic acid amides; Carboxylic acid derivatives; Monocarboxylic acids and derivatives; Secondary carboxylic acid amides; Carbonyl compounds; Fatty Acyls; Organic oxides; Hydrocarbon derivatives; Organopnictogen compounds; Organic oxygen compounds; Organic nitrogen compounds; Chemical entities	286.176	249	4.156	839079832243384072	839079629788514578	839079629784320273	659	
1	C11H18N6O5S	[M + Na]+	C11H18N6NaO5S+	Carbohydrates	0.430	Nucleosides	0.450	Purine nucleosides	0.447	Organoheterocyclic compounds	0.951	Diazines	0.525	Pyrimidines and pyrimidine derivatives	0.589	Aminopyrimidines and derivatives	0.505	Aminopyrimidines and derivatives	0.505	Organic compounds; Organoheterocyclic compounds; Organosulfur compounds; Pyrimidines and pyrimidine derivatives; Organic acids and derivatives; Organonitrogen compounds; Organooxygen compounds; Aminopyrimidines and derivatives; Diazines; Carbonyl compounds; Amines; Primary amines; Organic oxides; Azacyclic compounds; Heteroaromatic compounds; Hydrocarbon derivatives; Organopnictogen compounds; Organic oxygen compounds; Organic nitrogen compounds; Chemical entities	369.095	249	4.157	839079874790407819	839079629541050614	839079629541050613	652	
1	C22H19N5O4S	[M + H3N + H]+	C22H23N6O4S+	Alkaloids	0.341	Histidine alkaloids	0.021	Cyclamides	0.077	Organoheterocyclic compounds	0.992	Benzodioxoles	0.555					Benzodioxoles	0.555	Organic compounds; Organoheterocyclic compounds; Organosulfur compounds; Ethers; Organic acids and derivatives; Carboxylic acids and derivatives; Organonitrogen compounds; Benzodioxoles; Organooxygen compounds; Azoles; Carboxylic acid amides; Carboxylic acid derivatives; Thioethers; Secondary carboxylic acid amides; Carbonyl compounds; Benzene and substituted derivatives; Benzenoids; Sulfenyl compounds; Alkylarylthioethers; Organic oxides; Azacyclic compounds; Oxacyclic compounds; Heteroaromatic compounds; Hydrocarbon derivatives; Organopnictogen compounds; Organic oxygen compounds; Aryl thioethers; Organic nitrogen compounds; Chemical entities	467.150	249	4.157	839079895157949938	839079629083871426	839079629083871425	639	
1	C11H15N5O5S	[M + H3N + H]+	C11H19N6O5S+	Amino acids and Peptides	0.380	Nucleosides	0.104	Cyclamides	0.225	Organoheterocyclic compounds	0.959	Azoles	0.717					Azoles	0.717	Organic compounds; Organoheterocyclic compounds; Organosulfur compounds; Organic acids and derivatives; Organonitrogen compounds; Organooxygen compounds; Azoles; Thioethers; Carbonyl compounds; Organic oxides; Azacyclic compounds; Heteroaromatic compounds; Hydrocarbon derivatives; Organopnictogen compounds; Organic oxygen compounds; Organic nitrogen compounds; Chemical entities	347.113	249	4.157	839079977420837191	839079629507496178	839079629507496177	651	
1	C12H12N4O4	[M + H3N + H]+	C12H16N5O4+	Carbohydrates	0.894	Nucleosides	0.909	Purine nucleosides	0.788	Organoheterocyclic compounds	0.996	Imidazopyrimidines	0.773	Purines and purine derivatives	0.809	Purinones	0.675	6-oxopurines	0.756	Organic compounds; Organoheterocyclic compounds; Pyrimidines and pyrimidine derivatives; Imidazoles; Alcohols and polyols; Purines and purine derivatives; Organic acids and derivatives; Organonitrogen compounds; Nucleosides, nucleotides, and analogues; Pyrimidones; Organooxygen compounds; Azoles; Purinones; Diazines; 6-oxopurines; Secondary alcohols; Imidazopyrimidines; Substituted imidazoles; N-substituted imidazoles; Vinylogous amides; Organic oxides; Azacyclic compounds; Heteroaromatic compounds; Hydrocarbon derivatives; Organopnictogen compounds; Organic oxygen compounds; Organic nitrogen compounds; Chemical entities	294.118	250	4.159	839079842477486728	839079629750765838	839079629750765837	658	
1	C15H25ClN4O3	[M - H2O + H]+	C15H24ClN4O2+	Alkaloids	0.530	Oligopeptides	0.195	Pyrrole alkaloids	0.056	Organohalogen compounds	0.997	Aryl halides	0.921	Aryl chlorides	0.940			Aryl chlorides	0.940	Organic compounds; Organoheterocyclic compounds; Organic acids and derivatives; Carboxylic acids and derivatives; Organohalogen compounds; Organonitrogen compounds; Organooxygen compounds; Aryl chlorides; Organochlorides; Amines; Aryl halides; Organic oxides; Azacyclic compounds; Heteroaromatic compounds; Hydrocarbon derivatives; Organopnictogen compounds; Organic oxygen compounds; Organic nitrogen compounds; Chemical entities	327.158	250	4.159	839079897393514136	839079629683656966	839079629683656965	656	
1	C22H23NO12	[M + H3N + H]+	C22H27N2O12+	Carbohydrates	0.635	Amino acid glycosides	0.504	Cyanogenic glycosides	0.519	Organic oxygen compounds	1.000	Organooxygen compounds	0.999	Carbohydrates and carbohydrate conjugates	0.929	Glycosyl compounds	0.925	O-glycosyl compounds	0.837	Organic compounds; Organoheterocyclic compounds; Carbohydrates and carbohydrate conjugates; Alcohols and polyols; Phenols; Ethers; Organic acids and derivatives; Carboxylic acids and derivatives; Organonitrogen compounds; Primary alcohols; Organooxygen compounds; Carboxylic acid derivatives; Monosaccharides; Acetals; Secondary alcohols; Oxanes; Glycosyl compounds; O-glycosyl compounds; Benzene and substituted derivatives; Polyols; Benzenoids; Organic oxides; Oxacyclic compounds; Heteroaromatic compounds; Hydrocarbon derivatives; Organopnictogen compounds; Organic oxygen compounds; 1-hydroxy-2-unsubstituted benzenoids; Organic nitrogen compounds; Chemical entities	511.157	250	4.160	839079844557861768	839079629650102530	839079629650102529	655	
1	C15H25ClN4O5S	[M - H2O + H]+	C15H24ClN4O4S+	Alkaloids	0.152	Oligopeptides	0.083	Cyclamides	0.030	Benzenoids	0.971	Benzene and substituted derivatives	0.972	Benzenesulfonamides	0.750			Benzenesulfonamides	0.750	Organic compounds; Organoheterocyclic compounds; Organosulfur compounds; Benzenesulfonamides; Halobenzenes; Benzoic acids and derivatives; Organic acids and derivatives; Carboxylic acids and derivatives; Organohalogen compounds; Organosulfonic acids and derivatives; Organonitrogen compounds; Benzoyl derivatives; Organooxygen compounds; Azoles; Aryl chlorides; Chlorobenzenes; Organic nitro compounds; Sulfonyls; Organic oxoazanium compounds; Organochlorides; Organosulfonamides; Benzene and substituted derivatives; Benzenoids; Aryl halides; Halobenzoic acids and derivatives; 4-halobenzoic acids and derivatives; Aminosulfonyl compounds; Organic 1,3-dipolar compounds; Allyl-type 1,3-dipolar organic compounds; Propargyl-type 1,3-dipolar organic compounds; Organic oxides; C-nitro compounds; Azacyclic compounds; Heteroaromatic compounds; Hydrocarbon derivatives; Benzenesulfonyl compounds; Organic sulfonic acids and derivatives; Organopnictogen compounds; Organic oxygen compounds; Nitroaromatic compounds; Organic nitrogen compounds; Chemical entities	391.120	250	4.160	839079886186332815	839079629578799354	839079629578799353	653	
1	C11H14O7	[M + H3N + H]+	C11H18NO7+	Carbohydrates	0.534	Phenolic acids (C6-C1)	0.411	Acyl phloroglucinols	0.426	Organic oxygen compounds	1.000	Organooxygen compounds	1.000	Carbohydrates and carbohydrate conjugates	0.915	Monosaccharides	0.863	Hexoses	0.501	Organic compounds; Organoheterocyclic compounds; Carbohydrates and carbohydrate conjugates; Alcohols and polyols; Ethers; Organic acids and derivatives; Carboxylic acids and derivatives; Primary alcohols; Organooxygen compounds; Hexoses; Monosaccharides; Acetals; Secondary alcohols; Carbonyl compounds; Oxanes; Glycosyl compounds; O-glycosyl compounds; Polyols; Benzenoids; Organic oxides; Oxacyclic compounds; Hydrocarbon derivatives; Organic oxygen compounds; Chemical entities	276.108	250	4.163	839079830754406067	839079629721405706	839079629717211401	657	
1	C28H36N10O13	[M + Na]+	C28H36N10NaO13+	Carbohydrates	0.951	Nucleosides	0.937	Purine nucleosides	0.948	Nucleosides, nucleotides, and analogues	0.701	Purine nucleosides	0.641					Purine nucleosides	0.641	Organic compounds; Organoheterocyclic compounds; Carbohydrates and carbohydrate conjugates; Amino acids, peptides, and analogues; Alpha amino acids and derivatives; Pyrimidines and pyrimidine derivatives; Imidazoles; Alcohols and polyols; Purines and purine derivatives; Organic acids and derivatives; Carboxylic acids and derivatives; Organonitrogen compounds; Nucleosides, nucleotides, and analogues; Pyrimidones; Benzoyl derivatives; Organooxygen compounds; Amino acids and derivatives; Azoles; Monoalkylamines; Carboxylic acid amides; Purine nucleosides; Purinones; Carboxylic acid derivatives; N-acyl-alpha amino acids and derivatives; Carboxylic acids; Aminopyrimidines and derivatives; Diazines; 6-oxopurines; Monosaccharides; Secondary alcohols; Secondary carboxylic acid amides; Imidazopyrimidines; Carbonyl compounds; Glycosyl compounds; Glycosylamines; Benzene and substituted derivatives; Substituted imidazoles; N-substituted imidazoles; Benzenoids; Amines; Primary amines; Vinylogous amides; Organic oxides; Azacyclic compounds; Oxacyclic compounds; Heteroaromatic compounds; Hydrocarbon derivatives; Organopnictogen compounds; Organic oxygen compounds; 1-hydroxy-2-unsubstituted benzenoids; Organic nitrogen compounds; Chemical entities	743.235	250	4.165	839080050028434991	839079629822069014	839079629822069013	660	
1	C8H18N2	[M + H3N + H]+	C8H22N3+	Fatty acids	0.728	Fatty acyls	0.762	Acetate-derived alkaloids	0.300	Organic nitrogen compounds	0.974	Organonitrogen compounds	0.949					Organonitrogen compounds	0.949	Organic compounds; Organonitrogen compounds; Hydrocarbon derivatives; Organic nitrogen compounds; Chemical entities	160.181	250	4.165	839079825087900913	839079629889177886	839079629889177885	662	
1	C12H14N2O4S2	[M + H3N + H]+	C12H18N3O4S2+	Amino acids and Peptides	0.883	Peptide alkaloids	0.132	Thiodiketopiperazine alkaloids	0.092	Organic acids and derivatives	0.911	Carboxylic acids and derivatives	0.867	Carboxylic acid derivatives	0.502			Carboxylic acid derivatives	0.502	Organic compounds; Organoheterocyclic compounds; Organosulfur compounds; Organic acids and derivatives; Carboxylic acids and derivatives; Organonitrogen compounds; Organooxygen compounds; Carboxylic acid derivatives; Monocarboxylic acids and derivatives; Carboxylic acids; Carbonyl compounds; Organic oxides; Hydrocarbon derivatives; Organic oxygen compounds; Organic nitrogen compounds; Chemical entities	332.074	250	4.166	839079847166719219	839079629952092454	839079629952092453	664	
1	C11H19NO8	[M + Na]+	C11H19NNaO8+	Carbohydrates	0.999	Aminosugars and aminoglycosides	0.999	Aminosugars	1.000	Organic oxygen compounds	1.000	Organooxygen compounds	1.000	Carbohydrates and carbohydrate conjugates	0.949	Aminosaccharides	0.686	Acylaminosugars	0.685	Organic compounds; Organoheterocyclic compounds; Carbohydrates and carbohydrate conjugates; Alcohols and polyols; Acylaminosugars; Ethers; Organic acids and derivatives; Carboxylic acids and derivatives; Organonitrogen compounds; Primary alcohols; Organooxygen compounds; Carboxylic acid amides; Hemiacetals; Carboxylic acid derivatives; Monocarboxylic acids and derivatives; Amino sugars; Carboxylic acids; Monosaccharides; Secondary alcohols; Secondary carboxylic acid amides; Carbonyl compounds; Oxanes; N-acyl-alpha-hexosamines; Polyols; Aminosaccharides; Acetamides; Organic oxides; Oxacyclic compounds; Hydrocarbon derivatives; Organopnictogen compounds; Organic oxygen compounds; Organic nitrogen compounds; Chemical entities	316.100	250	4.166	839079864338201284	839079629855623450	839079629855623449	661	
1	C16H25NO8S2	[M + H3N + H]+	C16H29N2O8S2+	Amino acids and Peptides	0.855	Macrolides	0.312	Aminoacids	0.068	Organic acids and derivatives	0.989	Carboxylic acids and derivatives	0.813	Amino acids, peptides, and analogues	0.609	Amino acids and derivatives	0.605	Alpha amino acids and derivatives	0.543	Organic compounds; Organoheterocyclic compounds; Organosulfur compounds; Amino acids, peptides, and analogues; Alpha amino acids and derivatives; Alcohols and polyols; Organic acids and derivatives; Carboxylic acids and derivatives; Organonitrogen compounds; Organooxygen compounds; Amino acids and derivatives; Organic sulfuric acids and derivatives; Carbonyl compounds; Sulfenyl compounds; Organic oxides; Hydrocarbon derivatives; Organopnictogen compounds; Organic oxygen compounds; Organic nitrogen compounds; Chemical entities	441.135	250	4.168	839079884726714853	839079629922732322	839079629922732321	663	
1	C10H15N5O5	[M - H2O + H]+	C10H14N5O4+	Carbohydrates	1.000	Nucleosides	0.999	Purine nucleosides	0.999	Nucleosides, nucleotides, and analogues	0.966	Purine nucleosides	0.967	Purine 2'-deoxyribonucleosides	0.912			Purine 2'-deoxyribonucleosides	0.912	Organic compounds; Organoheterocyclic compounds; Pyrimidines and pyrimidine derivatives; Imidazoles; Alcohols and polyols; Purines and purine derivatives; Hypoxanthines; Organic acids and derivatives; Organonitrogen compounds; Primary alcohols; Nucleosides, nucleotides, and analogues; Pyrimidones; Organooxygen compounds; Azoles; Purine nucleosides; Purinones; Aminopyrimidines and derivatives; Diazines; 6-oxopurines; Secondary alcohols; Imidazopyrimidines; Purine 2'-deoxyribonucleosides; Substituted imidazoles; N-substituted imidazoles; Amines; Primary amines; Tetrahydrofurans; Vinylogous amides; Organic oxides; Azacyclic compounds; Oxacyclic compounds; Heteroaromatic compounds; Hydrocarbon derivatives; Organopnictogen compounds; Organic oxygen compounds; Organic nitrogen compounds; Chemical entities	268.104	250	4.170	839079886639317733	839079629989841194	839079629985646889	665	
1	C12H16FN5O2	[M + H3N + H]+	C12H20FN6O2+	Alkaloids	0.458	Pseudoalkaloids (transamidation)	0.411	Purine nucleosides	0.412	Organoheterocyclic compounds	0.982	Imidazopyrimidines	0.552	Purines and purine derivatives	0.597	Purinones	0.502	Purinones	0.502	Organic compounds; Organoheterocyclic compounds; Halobenzenes; Pyrimidines and pyrimidine derivatives; Purines and purine derivatives; Organic acids and derivatives; Organohalogen compounds; Organonitrogen compounds; Organooxygen compounds; Azoles; Purinones; Aryl fluorides; Diazines; Organofluorides; Imidazopyrimidines; Substituted imidazoles; Amines; Primary amines; Aryl halides; Organic oxides; Azacyclic compounds; Heteroaromatic compounds; Hydrocarbon derivatives; Organopnictogen compounds; Organic oxygen compounds; Organic nitrogen compounds; Chemical entities	299.163	250	4.173	839079845753238578	839079630019201326	839079630019201325	666	
1	C14H13NO8	[M - H2O + H]+	C14H12NO7+	Amino acids and Peptides	0.541	Amino acid glycosides	0.244	Cyanogenic glycosides	0.307	Benzenoids	0.868	Benzene and substituted derivatives	0.641					Benzene and substituted derivatives	0.641	Organic compounds; Organoheterocyclic compounds; Alcohols and polyols; Organic acids and derivatives; Carboxylic acids and derivatives; Organonitrogen compounds; Organooxygen compounds; Carboxylic acid derivatives; Secondary alcohols; Carbonyl compounds; Benzene and substituted derivatives; Polyols; Benzenoids; Organic oxides; Oxacyclic compounds; Hydrocarbon derivatives; Organopnictogen compounds; Organic oxygen compounds; Organic nitrogen compounds; Chemical entities	306.060	251	4.175	839079851939837515	839079630094698806	839079630094698805	668	
1	C12H18FNO5S	[M - H2O + H]+	C12H17FNO4S+	Amino acids and Peptides	0.388	Small peptides	0.338	Aminoacids	0.174	Organic acids and derivatives	0.999	Carboxylic acids and derivatives	0.960	Amino acids, peptides, and analogues	0.602	Amino acids and derivatives	0.602	Amino acids and derivatives	0.602	Organic compounds; Organosulfur compounds; Amino acids, peptides, and analogues; Halobenzenes; Organic acids and derivatives; Carboxylic acids and derivatives; Organohalogen compounds; Organosulfonic acids and derivatives; Organonitrogen compounds; Organooxygen compounds; Amino acids and derivatives; Aryl fluorides; Fluorobenzenes; Monocarboxylic acids and derivatives; Sulfonyls; Carboxylic acids; Organofluorides; Organosulfonamides; Carbonyl compounds; Benzene and substituted derivatives; Benzenoids; Aryl halides; Aminosulfonyl compounds; Organic oxides; Hydrocarbon derivatives; Organic sulfonic acids and derivatives; Organic sulfonamides; Organopnictogen compounds; Organic oxygen compounds; Organic nitrogen compounds; Chemical entities	290.086	251	4.177	839079862551427583	839079630056950066	839079630056950065	667	
1	C8H6	[M + H3N + H]+	C8H10N+	Shikimates and Phenylpropanoids	0.397	Phenylpropanoids (C6-C3)	0.601	Cinnamic acids and derivatives	0.563	Benzenoids	0.941	Benzene and substituted derivatives	0.631					Benzene and substituted derivatives	0.631	Organic compounds; Benzene and substituted derivatives; Benzenoids; Hydrocarbons; Olefins; Unsaturated hydrocarbons; Aromatic hydrocarbons; Chemical entities	120.081	251	4.185	839079830167203456	839079630128253242	839079630128253241	669	
1	C9H8O2	[M + H3N + H]+	C9H12NO2+	Shikimates and Phenylpropanoids	0.740	Phenylpropanoids (C6-C3)	0.863	Cinnamic acids and derivatives	0.854	Benzenoids	0.995	Benzene and substituted derivatives	0.955					Benzene and substituted derivatives	0.955	Organic compounds; Phenylpropanoids and polyketides; Organic acids and derivatives; Carboxylic acids and derivatives; Organooxygen compounds; Monocarboxylic acids and derivatives; Carboxylic acids; Carbonyl compounds; Benzene and substituted derivatives; Benzenoids; Organic oxides; Hydrocarbon derivatives; Organic oxygen compounds; Chemical entities	166.086	251	4.186	839079831643598553	839079630161807678	839079630161807677	670	
1	C4H9N2O4	[M + H3N + H]+	C4H13N3O4+	Amino acids and Peptides	0.997	Small peptides	0.997	Aminoacids	0.996	Organic acids and derivatives	0.999	Carboxylic acids and derivatives	0.998	Amino acids, peptides, and analogues	0.975	Amino acids and derivatives	0.974	Alpha amino acids	0.797	Organic compounds; Amino acids, peptides, and analogues; Alpha amino acids and derivatives; Organic acids and derivatives; Carboxylic acids and derivatives; Organonitrogen compounds; Organooxygen compounds; Amino acids and derivatives; Monoalkylamines; Monocarboxylic acids and derivatives; Carboxylic acids; Carbonyl compounds; Alpha amino acids; Amines; Primary amines; Organic oxides; Hydrocarbon derivatives; Amino acids; Organopnictogen compounds; Organic oxygen compounds; Organic nitrogen compounds; Chemical entities	167.090	251	4.190	839079832708951959	839079630199556418	839079630199556417	671	
1	C7H20N4O5S	[M - H2O + H]+	C7H19N4O4S+	Amino acids and Peptides	0.996	Small peptides	0.987	Aminoacids	0.994	Organic acids and derivatives	0.998	Carboxylic acids and derivatives	0.918	Amino acids, peptides, and analogues	0.799	Amino acids and derivatives	0.794	Alpha amino acids	0.712	Organic compounds; Organosulfur compounds; Lipids and lipid-like molecules; Amino acids, peptides, and analogues; Alpha amino acids and derivatives; Fatty acids and conjugates; Organic acids and derivatives; Carboxylic acids and derivatives; Organosulfonic acids and derivatives; Organonitrogen compounds; Organooxygen compounds; Amino acids and derivatives; Monoalkylamines; Monocarboxylic acids and derivatives; Sulfonyls; Carboxylic acids; Carbonyl compounds; Alpha amino acids; Amines; Primary amines; Alkanesulfonic acids and derivatives; Alkanesulfonic acids; Fatty Acyls; Organic oxides; Hydrocarbon derivatives; Amino acids; Organic sulfonic acids and derivatives; Organopnictogen compounds; Organic oxygen compounds; Organic nitrogen compounds; Chemical entities	255.112	252	4.196	839079874551332429	839079630233110854	839079630233110853	672	
1	C7H18N4O4	[M - H2O + H]+	C7H17N4O3+	Amino acids and Peptides	0.984	Small peptides	0.983	Aminoacids	0.930	Organic acids and derivatives	0.977	Carboxylic acids and derivatives	0.968	Amino acids, peptides, and analogues	0.904	Amino acids and derivatives	0.901	Alpha amino acids	0.781	Organic compounds; Lipids and lipid-like molecules; Amino acids, peptides, and analogues; Alpha amino acids and derivatives; Fatty acids and conjugates; Organic acids and derivatives; Carboxylic acids and derivatives; Organonitrogen compounds; Organooxygen compounds; Amino acids and derivatives; Monoalkylamines; Monocarboxylic acids and derivatives; Carboxylic acids; Carbonyl compounds; Alpha amino acids; Amines; Primary amines; Fatty Acyls; Organic oxides; Hydrocarbon derivatives; Amino acids; Organopnictogen compounds; Organic oxygen compounds; Organic nitrogen compounds; Chemical entities	205.130	253	4.217	839079834382479461	839079630266665290	839079630262470985	673	
1	C7H9NO3	[M - H2O + H]+	C7H8NO2+	Alkaloids	0.929	Nicotinic acid alkaloids	0.936	Pyridine alkaloids	0.936	Organoheterocyclic compounds	0.977	Pyridines and derivatives	0.640	Methylpyridines	0.740			Methylpyridines	0.740	Organic compounds; Organoheterocyclic compounds; Pyridines and derivatives; Organic acids and derivatives; Carboxylic acids and derivatives; Organonitrogen compounds; Organooxygen compounds; Monocarboxylic acids and derivatives; Carboxylic acids; Organic oxides; Azacyclic compounds; Heteroaromatic compounds; Hydrocarbon derivatives; Methylpyridines; Organopnictogen compounds; Organic oxygen compounds; Organic nitrogen compounds; Chemical entities	138.055	253	4.225	839079843849024268	839079630296025422	839079630296025421	674	
1	C11H25NO2S	[M + H]+	C11H26NO2S+	Amino acids and Peptides	0.814	Small peptides	0.514	Aminoacids	0.693	Organic acids and derivatives	0.962	Carboxylic acids and derivatives	0.865	Amino acids, peptides, and analogues	0.742	Amino acids and derivatives	0.742	Amino acids and derivatives	0.742	Organic compounds; Organosulfur compounds; Amino acids, peptides, and analogues; Organic acids and derivatives; Carboxylic acids and derivatives; Organonitrogen compounds; Organooxygen compounds; Amino acids and derivatives; Monocarboxylic acids and derivatives; Thioethers; Carbonyl compounds; Amines; Sulfenyl compounds; Dialkylthioethers; Organic oxides; Hydrocarbon derivatives; Organopnictogen compounds; Organic oxygen compounds; Organic nitrogen compounds; Chemical entities	236.168	254	4.227	839079833031913401	839079630539295082	839079630539295081	681	
1	C20H44N4O8	[M + Na]+	C20H44N4NaO8+	Amino acids and Peptides	0.520	Small peptides	0.375	N-acyl amines	0.269	Organic acids and derivatives	0.987	Carboxylic acids and derivatives	0.975	Amino acids, peptides, and analogues	0.920	Amino acids and derivatives	0.912	N-acyl-alpha amino acids and derivatives	0.712	Organic compounds; Lipids and lipid-like molecules; Amino acids, peptides, and analogues; Alpha amino acids and derivatives; Alcohols and polyols; Fatty acids and conjugates; Organic acids and derivatives; Carboxylic acids and derivatives; Organonitrogen compounds; Organooxygen compounds; Fatty amides; Branched fatty acids; Amino acids and derivatives; Monoalkylamines; Carboxylic acid amides; Carboxylic acid derivatives; N-acyl amines; Monocarboxylic acids and derivatives; N-acyl-alpha amino acids and derivatives; Carboxylic acids; Secondary alcohols; Secondary carboxylic acid amides; Carbonyl compounds; Fatty Acyls; Organic oxides; Hydrocarbon derivatives; Valine and derivatives; Organopnictogen compounds; Organic oxygen compounds; Organic nitrogen compounds; Chemical entities	491.305	254	4.228	839079843928716064	839079630333774162	839079630333774161	675	
1	C10H22N2O4	[M + H]+	C10H23N2O4+	Amino acids and Peptides	0.968	Small peptides	0.983	Dipeptides	0.508	Organic acids and derivatives	1.000	Carboxylic acids and derivatives	0.999	Amino acids, peptides, and analogues	0.993	Amino acids and derivatives	0.993	Alpha amino acid esters	0.551	Organic compounds; Lipids and lipid-like molecules; Amino acids, peptides, and analogues; Alpha amino acids and derivatives; Fatty acids and conjugates; Organic acids and derivatives; Carboxylic acids and derivatives; Organonitrogen compounds; Organooxygen compounds; Fatty acid esters; Branched fatty acids; Amino acids and derivatives; Alpha amino acid esters; Carboxylic acid amides; Carboxylic acid derivatives; N-acyl amines; Monocarboxylic acids and derivatives; N-acyl-alpha amino acids and derivatives; Carboxylic acid esters; Secondary carboxylic acid amides; Carbonyl compounds; Methyl-branched fatty acids; Fatty Acyls; Organic oxides; Hydrocarbon derivatives; Valine and derivatives; Organopnictogen compounds; Organic oxygen compounds; Organic nitrogen compounds; Chemical entities	235.165	254	4.230	839079969225166972	839079630438631774	839079630438631773	678	
1	C8H15NO6	[M - H2O + H]+	C8H14NO5+	Carbohydrates	0.998	Aminosugars and aminoglycosides	0.998	Aminosugars	0.999	Organic oxygen compounds	1.000	Organooxygen compounds	1.000	Carbohydrates and carbohydrate conjugates	0.941	Monosaccharides	0.936	Hexoses	0.776	Organic compounds; Organoheterocyclic compounds; Carbohydrates and carbohydrate conjugates; Alcohols and polyols; Ethers; Organic acids and derivatives; Carboxylic acids and derivatives; Organonitrogen compounds; Primary alcohols; Organooxygen compounds; Carboxylic acid amides; Hemiacetals; Carboxylic acid derivatives; Hexoses; Monosaccharides; Secondary alcohols; Secondary carboxylic acid amides; Carbonyl compounds; Oxanes; Polyols; Aminosaccharides; Acetamides; Organic oxides; Oxacyclic compounds; Hydrocarbon derivatives; Organopnictogen compounds; Organic oxygen compounds; Organic nitrogen compounds; Chemical entities	204.087	254	4.231	839079891299189955	839079630367328598	839079630367328597	676	
1	C10H22N2O4	[M + Na]+	C10H22N2NaO4+	Amino acids and Peptides	0.949	Small peptides	0.977	Aminoacids	0.547	Organic acids and derivatives	1.000	Carboxylic acids and derivatives	0.999	Amino acids, peptides, and analogues	0.998	Amino acids and derivatives	0.998	Carbamate esters	0.904	Organic compounds; Lipids and lipid-like molecules; Amino acids, peptides, and analogues; Alpha amino acids and derivatives; Fatty acids and conjugates; Organic acids and derivatives; Carboxylic acids and derivatives; Organonitrogen compounds; Carbamic acids and derivatives; Organooxygen compounds; Fatty acid esters; Branched fatty acids; Amino acids and derivatives; Organic carbonic acids and derivatives; Carboxylic acid derivatives; Monocarboxylic acids and derivatives; Carbamate esters; Carboxylic acids; Carbonyl compounds; Methyl-branched fatty acids; Fatty Acyls; Organic oxides; Hydrocarbon derivatives; Valine and derivatives; Organopnictogen compounds; Organic oxygen compounds; Organic nitrogen compounds; Chemical entities	257.147	254	4.232	839079839151403368	839079630509934950	839079630505740645	680	
1	C8H15BN2O5S	[M - H2O + H]+	C8H14BN2O4S+	Amino acids and Peptides	0.986	Small peptides	0.980	Aminoacids	0.804	Organic acids and derivatives	0.994	Carboxylic acids and derivatives	0.947	Amino acids, peptides, and analogues	0.927	Amino acids and derivatives	0.925	N-acyl-alpha amino acids and derivatives	0.630	Organic compounds; Organosulfur compounds; Lipids and lipid-like molecules; Amino acids, peptides, and analogues; Alpha amino acids and derivatives; Fatty acids and conjugates; Organic acids and derivatives; Carboxylic acids and derivatives; Organonitrogen compounds; Organooxygen compounds; Amino acids and derivatives; Boronic acids; Organometallic compounds; Monoalkylamines; Carboxylic acid amides; Boronic acid derivatives; Carboxylic acid derivatives; Monocarboxylic acids and derivatives; N-acyl-alpha amino acids and derivatives; Carboxylic acids; Organometalloid compounds; Secondary carboxylic acid amides; Carbonyl compounds; Alpha amino acids; Amines; Primary amines; Organoboron compounds; Sulfenyl compounds; Organic salts; Fatty Acyls; Organic oxides; Organic metalloid salts; Organic metal salts; Hydrocarbon derivatives; Amino acids; Organopnictogen compounds; Alkylboranes; Monoalkylboranes; Organic oxygen compounds; Organic nitrogen compounds; Chemical entities	244.079	254	4.233	839079874748464759	839079630472186210	839079630472186209	679	
1	C15H33N3O6	[M + H]+	C15H34N3O6+	Amino acids and Peptides	0.927	Small peptides	0.953	Dipeptides	0.331	Organic acids and derivatives	1.000	Carboxylic acids and derivatives	0.999	Amino acids, peptides, and analogues	0.996	Amino acids and derivatives	0.995	Alpha amino acid esters	0.670	Organic compounds; Lipids and lipid-like molecules; Amino acids, peptides, and analogues; Alpha amino acids and derivatives; Organic acids and derivatives; Carboxylic acids and derivatives; Organonitrogen compounds; Organooxygen compounds; Fatty acid esters; Fatty amides; Branched fatty acids; Amino acids and derivatives; Alpha amino acid esters; Carboxylic acid amides; Carboxylic acid derivatives; N-acyl amines; Monocarboxylic acids and derivatives; N-acyl-alpha amino acids and derivatives; Carboxylic acid esters; Secondary carboxylic acid amides; Carbonyl compounds; Alpha amino acid amides; Fatty Acyls; Organic oxides; Hydrocarbon derivatives; Valine and derivatives; Organopnictogen compounds; Organic oxygen compounds; Organic nitrogen compounds; Chemical entities	352.244	254	4.233	839079879731298369	839079630644152694	839079630644152693	684	
1	C4H12FN3O	[M - H2O + H]+	C4H11FN3+	Alkaloids	0.447	Small peptides	0.078	Aminoacids	0.068	Organohalogen compounds	0.900	Alkyl halides	0.597					Alkyl halides	0.597	Organic compounds; Organohalogen compounds; Organonitrogen compounds; Organooxygen compounds; Organofluorides; Amines; Alkyl halides; Hydrocarbon derivatives; Organopnictogen compounds; Organic oxygen compounds; Organic nitrogen compounds; Chemical entities	120.093	254	4.235	839079846013285502	839079630606403954	839079630606403953	683	
1	C10H22N2O4	[M + K]+	C10H22KN2O4+	Amino acids and Peptides	0.991	Small peptides	0.994	Dipeptides	0.850	Organic acids and derivatives	0.999	Carboxylic acids and derivatives	0.997	Amino acids, peptides, and analogues	0.977	Peptides	0.539	Peptides	0.539	Organic compounds; Lipids and lipid-like molecules; Amino acids, peptides, and analogues; Alpha amino acids and derivatives; Fatty acids and conjugates; Organic acids and derivatives; Carboxylic acids and derivatives; Organonitrogen compounds; Organooxygen compounds; Fatty amides; Branched fatty acids; Amino acids and derivatives; Peptides; Monoalkylamines; Carboxylic acid amides; Carboxylic acid derivatives; N-acyl amines; Monocarboxylic acids and derivatives; N-acyl-alpha amino acids and derivatives; Carboxylic acids; Secondary carboxylic acid amides; Carbonyl compounds; Alpha amino acid amides; Amines; Primary amines; Methyl-branched fatty acids; Fatty Acyls; Organic oxides; Hydrocarbon derivatives; Amino acids; Valine and derivatives; Organopnictogen compounds; Organic oxygen compounds; Organic nitrogen compounds; Chemical entities	273.121	254	4.237	839079883732664621	839079630572849518	839079630572849517	682	
1	C13H22FNO4	[M - H2O + H]+	C13H21FNO3+	Amino acids and Peptides	0.605	Small peptides	0.838	Aminoacids	0.495	Organic acids and derivatives	0.998	Carboxylic acids and derivatives	0.996	Amino acids, peptides, and analogues	0.887	Amino acids and derivatives	0.886	Alpha amino acids and derivatives	0.538	Organic compounds; Lipids and lipid-like molecules; Amino acids, peptides, and analogues; Alpha amino acids and derivatives; Fatty acids and conjugates; Organic acids and derivatives; Carboxylic acids and derivatives; Organohalogen compounds; Organonitrogen compounds; Organooxygen compounds; Amino acids and derivatives; Carboxylic acid amides; Halogenated fatty acids; Aryl fluorides; Carboxylic acid derivatives; Monocarboxylic acids and derivatives; Carboxylic acids; Organofluorides; Secondary carboxylic acid amides; Carbonyl compounds; Fatty Acyls; Organic oxides; Hydrocarbon derivatives; Organopnictogen compounds; Organic oxygen compounds; Organic nitrogen compounds; Chemical entities	258.151	255	4.244	839079835800154237	839079630677707130	839079630677707129	685	
1	C5H11NO2	[M + Na]+	C5H11NNaO2+	Amino acids and Peptides	0.737	Small peptides	0.870	Aminoacids	0.827	Organic acids and derivatives	0.976	Carboxylic acids and derivatives	0.967	Amino acids, peptides, and analogues	0.753	Amino acids and derivatives	0.750	Alpha amino acids and derivatives	0.703	Organic compounds; Amino acids, peptides, and analogues; Alpha amino acids and derivatives; Organic acids and derivatives; Carboxylic acids and derivatives; Organonitrogen compounds; Organooxygen compounds; Amino acids and derivatives; Quaternary ammonium salts; Carboxylic acid derivatives; Monocarboxylic acids and derivatives; Carbonyl compounds; Amines; Organic cations; Organic salts; Organic oxides; Hydrocarbon derivatives; Tetraalkylammonium salts; Organopnictogen compounds; Organic oxygen compounds; Organic nitrogen compounds; Chemical entities	140.068	255	4.253	839079840048984576	839079630744816002	839079630744816001	687	
1	C11H24N3O2S	[M + Na]+	C11H24N3NaO2S+	Amino acids and Peptides	0.440	Small peptides	0.428	Menthane monoterpenoids	0.285	Lipids and lipid-like molecules	0.515							Lipids and lipid-like molecules	0.515	Organic compounds; Organosulfur compounds; Lipids and lipid-like molecules; Organic acids and derivatives; Organonitrogen compounds; Organooxygen compounds; Carbonyl compounds; Organic oxides; Hydrocarbon derivatives; Organopnictogen compounds; Organic oxygen compounds; Organic nitrogen compounds; Chemical entities	285.148	255	4.254	839079843270210279	839079630774176134	839079630774176133	688	
1	C11H20N2O7	[M - H2O + H]+	C11H19N2O6+	Amino acids and Peptides	0.957	Small peptides	0.890	Dipeptides	0.574	Organic acids and derivatives	0.991	Carboxylic acids and derivatives	0.986	Amino acids, peptides, and analogues	0.860	Amino acids and derivatives	0.857	Alpha amino acids and derivatives	0.845	Organic compounds; Lipids and lipid-like molecules; Amino acids, peptides, and analogues; Alpha amino acids and derivatives; Alcohols and polyols; Fatty acids and conjugates; Organic acids and derivatives; Carboxylic acids and derivatives; Organonitrogen compounds; Organooxygen compounds; Fatty amides; Branched fatty acids; Hydroxy fatty acids; Dicarboxylic acids and derivatives; Amino acids and derivatives; Monoalkylamines; Carboxylic acid amides; Carboxylic acid derivatives; N-acyl amines; Carboxylic acids; Secondary carboxylic acid amides; Carbonyl compounds; Amines; Fatty Acyls; Organic oxides; Hydrocarbon derivatives; Amino acids; Organopnictogen compounds; Organic oxygen compounds; Organic nitrogen compounds; Chemical entities	275.124	257	4.279	839079833925300250	839079630807730570	839079630807730569	689	
1	C6H11N3O	[M + H3N + H]+	C6H15N4O+	Alkaloids	0.969	Guanidine alkaloids	0.607	Imidazole alkaloids	0.256	Organic nitrogen compounds	1.000	Organonitrogen compounds	1.000	Guanidines	0.982			Guanidines	0.982	Organic compounds; Organoheterocyclic compounds; Organonitrogen compounds; Organooxygen compounds; Guanidines; Carboximidamides; Organic 1,3-dipolar compounds; Propargyl-type 1,3-dipolar organic compounds; Organic oxides; Azacyclic compounds; Hydrocarbon derivatives; Organopnictogen compounds; Organic oxygen compounds; Organic nitrogen compounds; Chemical entities	159.124	257	4.281	839079842280354430	839079630841285006	839079630841285005	690	
1	C17H32N6O5S	[M - H2O + H]+	C17H31N6O4S+	Carbohydrates	0.806	Nucleosides	0.474	Purine nucleosides	0.393	Organoheterocyclic compounds	0.951	Biotin and derivatives	0.558					Biotin and derivatives	0.558	Organic compounds; Organoheterocyclic compounds; Organosulfur compounds; Lipids and lipid-like molecules; Alcohols and polyols; Thiolanes; Biotin and derivatives; Organic acids and derivatives; Organonitrogen compounds; Organooxygen compounds; Thioethers; Carbonyl compounds; Amines; Primary amines; Organic 1,3-dipolar compounds; Propargyl-type 1,3-dipolar organic compounds; Dialkylthioethers; Fatty Acyls; Organic oxides; Azacyclic compounds; Oxacyclic compounds; Heteroaromatic compounds; Hydrocarbon derivatives; Organopnictogen compounds; Organic oxygen compounds; Organic nitrogen compounds; Chemical entities	415.212	261	4.347	839079854632580924	839079631084554666	839079631080360361	697	
1	C42H68N8O4Si	[M + H3N + H]+	C42H72N9O4Si+	Amino acids and Peptides	0.930	Oligopeptides	0.938	Linear peptides	0.156	Organic acids and derivatives	0.983	Carboxylic acids and derivatives	0.966	Amino acids, peptides, and analogues	0.955	Amino acids and derivatives	0.950	Alpha amino acid amides	0.615	Organic compounds; Organoheterocyclic compounds; Lipids and lipid-like molecules; Amino acids, peptides, and analogues; Alpha amino acids and derivatives; Phenethylamines; Amphetamines and derivatives; Organic acids and derivatives; Carboxylic acids and derivatives; Organohalogen compounds; Organonitrogen compounds; Organooxygen compounds; Fatty amides; Amino acids and derivatives; Carboxylic acid amides; Carboxylic acid derivatives; N-acyl amines; Secondary carboxylic acid amides; Carbonyl compounds; Benzene and substituted derivatives; Alpha amino acid amides; Benzenoids; Amines; Primary amines; Fatty Acyls; Organic oxides; Azacyclic compounds; Heteroaromatic compounds; Hydrocarbon derivatives; Valine and derivatives; Organopnictogen compounds; Organic oxygen compounds; Organic nitrogen compounds; Chemical entities	794.549	261	4.348	839079868633169015	839079630904199574	839079630904199573	692	
1	C37H80N4O10Si	[M + H3N + H]+	C37H84N5O10Si+	Polyketides	0.728	Oligopeptides	0.823	Erythromycins	0.437	Organic acids and derivatives	0.989	Carboxylic acids and derivatives	0.971	Amino acids, peptides, and analogues	0.890	Amino acids and derivatives	0.880	Alpha amino acids and derivatives	0.590	Organic compounds; Organoheterocyclic compounds; Lipids and lipid-like molecules; Amino acids, peptides, and analogues; Alpha amino acids and derivatives; Alcohols and polyols; Organic acids and derivatives; Carboxylic acids and derivatives; Organohalogen compounds; Organonitrogen compounds; Organooxygen compounds; Amino acids and derivatives; Carboxylic acid amides; Carboxylic acid derivatives; Carboxylic acid esters; Secondary alcohols; Secondary carboxylic acid amides; Carbonyl compounds; Trialkylamines; Amines; Tertiary amines; Fatty Acyls; Organic oxides; Hydrocarbon derivatives; Organopnictogen compounds; Organic oxygen compounds; Organic nitrogen compounds; Chemical entities	786.601	261	4.350	839079891320161491	839079630874839442	839079630870645137	691	
1	C12H16FN5O2	[M + H3N + H]+	C12H20FN6O2+	Alkaloids	0.359	Small peptides	0.185	Aminoacids	0.058	Benzenoids	0.709	Benzene and substituted derivatives	0.632	Halobenzenes	0.639	Fluorobenzenes	0.649	Fluorobenzenes	0.649	Organic compounds; Organoheterocyclic compounds; Halobenzenes; Organohalogen compounds; Organonitrogen compounds; Organooxygen compounds; Azoles; Aryl fluorides; Fluorobenzenes; Organofluorides; Benzene and substituted derivatives; Benzenoids; Amines; Aryl halides; Organic oxides; Azacyclic compounds; Heteroaromatic compounds; Hydrocarbon derivatives; Organopnictogen compounds; Organic oxygen compounds; Organic nitrogen compounds; Chemical entities	299.163	261	4.355	839079834059517999	839079630937754010	839079630937754009	693	
1	C13H25N3O5	[M - H2O + H]+	C13H24N3O4+	Amino acids and Peptides	0.979	Small peptides	0.961	Dipeptides	0.815	Organic acids and derivatives	0.999	Carboxylic acids and derivatives	0.998	Amino acids, peptides, and analogues	0.920	Amino acids and derivatives	0.914	N-acyl-alpha amino acids	0.577	Organic compounds; Lipids and lipid-like molecules; Amino acids, peptides, and analogues; Alpha amino acids and derivatives; Fatty acids and conjugates; Organic acids and derivatives; Carboxylic acids and derivatives; Organonitrogen compounds; Organooxygen compounds; Fatty amides; Amino acids and derivatives; Carboxylic acid amides; Carboxylic acid derivatives; N-acyl amines; Monocarboxylic acids and derivatives; N-acyl-alpha amino acids and derivatives; Carboxylic acids; Secondary carboxylic acid amides; Carbonyl compounds; N-acyl-alpha amino acids; Fatty Acyls; Organic oxides; Hydrocarbon derivatives; Amino acids; Organopnictogen compounds; Organic oxygen compounds; Organic nitrogen compounds; Chemical entities	286.176	262	4.358	839079840300642846	839079630971308446	839079630971308445	694	
1	C17H30N6O4S	[M + H3N + H]+	C17H34N7O4S+	Amino acids and Peptides	0.392	Oligopeptides	0.214	Cyclamides	0.417	Organoheterocyclic compounds	0.984	Azoles	0.896					Azoles	0.896	Organic compounds; Organoheterocyclic compounds; Organosulfur compounds; Organic acids and derivatives; Organonitrogen compounds; Organooxygen compounds; Azoles; Thioethers; Carbonyl compounds; Amines; Primary amines; Sulfenyl compounds; Organic 1,3-dipolar compounds; Dialkylthioethers; Organic oxides; Azacyclic compounds; Oxacyclic compounds; Heteroaromatic compounds; Hydrocarbon derivatives; Organopnictogen compounds; Organic oxygen compounds; Organic nitrogen compounds; Chemical entities	432.238	263	4.375	839079879345422377	839079631214578106	839079631214578105	701	
1	C6H15F2N3O3S	[M + H]+	C6H16F2N3O3S+	Alkaloids	0.143	Small peptides	0.211	Aminoacids	0.278	Organohalogen compounds	0.938	Alkyl halides	0.967	Alkyl fluorides	0.919			Alkyl fluorides	0.919	Organic compounds; Organosulfur compounds; Organohalogen compounds; Organonitrogen compounds; Organooxygen compounds; Alkyl fluorides; Organofluorides; Alkyl halides; Organic oxides; Hydrocarbon derivatives; Organopnictogen compounds; Organic oxygen compounds; Organic nitrogen compounds; Chemical entities	248.088	263	4.382	839079839545667974	839079631009057186	839079631009057185	695	
1	C19H27NO12	[M + H3N + H]+	C19H31N2O12+	Carbohydrates	0.997	Aminosugars and aminoglycosides	0.948	Aminosugars	0.900	Organic oxygen compounds	1.000	Organooxygen compounds	1.000	Carbohydrates and carbohydrate conjugates	0.997	Aminosaccharides	0.985	N-acyl-alpha-hexosamines	0.985	Organic compounds; Organoheterocyclic compounds; Carbohydrates and carbohydrate conjugates; Alcohols and polyols; Ethers; Organic acids and derivatives; Carboxylic acids and derivatives; Organonitrogen compounds; Primary alcohols; Organooxygen compounds; Carboxylic acid amides; Carboxylic acid derivatives; Acetals; Secondary alcohols; Secondary carboxylic acid amides; Carbonyl compounds; Oxanes; Glycosyl compounds; O-glycosyl compounds; N-acyl-alpha-hexosamines; Benzene and substituted derivatives; Benzenoids; Aminosaccharides; Acetamides; Organic oxides; Oxacyclic compounds; Hydrocarbon derivatives; Organopnictogen compounds; Organic oxygen compounds; Organic nitrogen compounds; Chemical entities	479.187	263	4.383	839079897536120495	839079631046805926	839079631046805925	696	
1	C25H30N2O8S	[M - H2O + H]+	C25H29N2O7S+	Amino acids and Peptides	0.805	β-lactams	0.350	Penicillins	0.177	Organic acids and derivatives	0.996	Carboxylic acids and derivatives	0.984	Amino acids, peptides, and analogues	0.823	Amino acids and derivatives	0.817	N-acyl-alpha amino acids and derivatives	0.522	Organic compounds; Organoheterocyclic compounds; Organosulfur compounds; Amino acids, peptides, and analogues; Alpha amino acids and derivatives; Alcohols and polyols; Lactams; Ethers; Organic acids and derivatives; Carboxylic acids and derivatives; Organonitrogen compounds; Organooxygen compounds; Amino acids and derivatives; Carboxylic acid amides; Carboxylic acid derivatives; Monocarboxylic acids and derivatives; N-acyl-alpha amino acids and derivatives; Carboxylic acid esters; Secondary alcohols; Secondary carboxylic acid amides; Tertiary carboxylic acid amides; Carbonyl compounds; Benzene and substituted derivatives; Benzenoids; Organic oxides; Azacyclic compounds; Oxacyclic compounds; Hydrocarbon derivatives; Organopnictogen compounds; Organic oxygen compounds; Organic nitrogen compounds; Chemical entities	501.169	263	4.388	839079882365321358	839079631118109102	839079631118109101	698	
1	C11H24N3O2S	[M + Na]+	C11H24N3NaO2S+	Amino acids and Peptides	0.599	Small peptides	0.524	Tripeptides	0.145	Organic oxygen compounds	0.993	Organooxygen compounds	0.752	Carbonyl compounds	0.651			Carbonyl compounds	0.651	Organic compounds; Organosulfur compounds; Organic acids and derivatives; Organonitrogen compounds; Organooxygen compounds; Carbonyl compounds; Organic oxides; Hydrocarbon derivatives; Organopnictogen compounds; Organic oxygen compounds; Organic nitrogen compounds; Chemical entities	285.148	264	4.406	839079847875556692	839079631147469234	839079631147469233	699	
1	C5H8N2O2	[M + H3N + H]+	C5H12N3O2+	Amino acids and Peptides	0.527	Small peptides	0.520	Aminoacids	0.720	Lipids and lipid-like molecules	0.492	Fatty Acyls	0.534	Fatty acids and conjugates	0.577	Straight chain fatty acids	0.608	Straight chain fatty acids	0.608	Organic compounds; Fatty acids and conjugates; Organic acids and derivatives; Carboxylic acids and derivatives; Organonitrogen compounds; Organooxygen compounds; Straight chain fatty acids; Monocarboxylic acids and derivatives; Carboxylic acids; Carbonyl compounds; Fatty Acyls; Organic oxides; Hydrocarbon derivatives; Organopnictogen compounds; Organic oxygen compounds; Organic nitrogen compounds; Chemical entities	146.092	265	4.418	839079844117459763	839079631185217974	839079631185217973	700	
1	C11H21N5O3	[M - H2O + H]+	C11H20N5O2+	Amino acids and Peptides	0.809	Small peptides	0.880	Dipeptides	0.309	Organoheterocyclic compounds	0.799	Azoles	0.507					Azoles	0.507	Organic compounds; Organoheterocyclic compounds; Organic acids and derivatives; Carboxylic acids and derivatives; Organonitrogen compounds; Organooxygen compounds; Guanidines; Azoles; Carbonyl compounds; Amines; Primary amines; Carboximidamides; Organic oxides; Azacyclic compounds; Heteroaromatic compounds; Hydrocarbon derivatives; Organopnictogen compounds; Organic oxygen compounds; Organic nitrogen compounds; Chemical entities	254.161	266	4.432	839079846701151401	839079631252326846	839079631248132541	702	
1	C9H20N4O3	[M + H]+	C9H21N4O3+	Amino acids and Peptides	0.994	Small peptides	0.995	Dipeptides	0.863	Organic acids and derivatives	1.000	Carboxylic acids and derivatives	1.000	Amino acids, peptides, and analogues	0.996	Peptides	0.831	Dipeptides	0.618	Organic compounds; Lipids and lipid-like molecules; Amino acids, peptides, and analogues; Alpha amino acids and derivatives; Fatty acids and conjugates; Organic acids and derivatives; Carboxylic acids and derivatives; Organonitrogen compounds; Organooxygen compounds; Fatty amides; Branched fatty acids; Amino acids and derivatives; Peptides; Carboxylic acid amides; Carboxylic acid derivatives; N-acyl amines; Monocarboxylic acids and derivatives; N-acyl-alpha amino acids and derivatives; Carboxylic acids; Secondary carboxylic acid amides; Carbonyl compounds; Alpha amino acid amides; N-acyl-alpha amino acids; Methyl-branched fatty acids; Fatty Acyls; Organic oxides; Hydrocarbon derivatives; Valine and derivatives; Organopnictogen compounds; Organic oxygen compounds; Organic nitrogen compounds; Dipeptides; Chemical entities	233.161	268	4.459	839079837809225918	839079631323630022	839079631323630021	704	
1	C9H22N4O4S	[M + H]+	C9H23N4O4S+	Amino acids and Peptides	0.906	Small peptides	0.931	Dipeptides	0.509	Organic acids and derivatives	0.749	Carboxylic acids and derivatives	0.627	Amino acids, peptides, and analogues	0.549	Amino acids and derivatives	0.544	Alpha amino acids and derivatives	0.503	Organic compounds; Organosulfur compounds; Lipids and lipid-like molecules; Amino acids, peptides, and analogues; Alpha amino acids and derivatives; Fatty acids and conjugates; Organic acids and derivatives; Carboxylic acids and derivatives; Organonitrogen compounds; Organooxygen compounds; Amino acids and derivatives; Monoalkylamines; Carboxylic acids; Carbonyl compounds; Amines; Primary amines; Fatty Acyls; Organic oxides; Hydrocarbon derivatives; Organopnictogen compounds; Organic oxygen compounds; Organic nitrogen compounds; Chemical entities	283.143	268	4.461	839079845048595441	839079631390738894	839079631390738893	706	
1	C7H9NO3	[M - H2O + H]+	C7H8NO2+	Alkaloids	0.972	Nicotinic acid alkaloids	0.987	Pyridine alkaloids	0.987	Organoheterocyclic compounds	0.994	Pyridines and derivatives	0.973	Pyridinecarboxylic acids and derivatives	0.834	Pyridinecarboxylic acids	0.833	Pyridinecarboxylic acids	0.833	Organic compounds; Organoheterocyclic compounds; Pyridines and derivatives; Organic acids and derivatives; Carboxylic acids and derivatives; Organonitrogen compounds; Organooxygen compounds; Monocarboxylic acids and derivatives; Carboxylic acids; Pyridinecarboxylic acids and derivatives; Pyridinecarboxylic acids; Organic oxides; Azacyclic compounds; Heteroaromatic compounds; Hydrocarbon derivatives; Methylpyridines; Organopnictogen compounds; Organic oxygen compounds; Organic nitrogen compounds; Chemical entities	138.055	268	4.463	839079845006652379	839079631357184458	839079631357184457	705	
1	C14H18N3O3S	[M - H2O + H]+	C14H17N3O2S+	Amino acids and Peptides	0.569	Histidine alkaloids	0.290	Imidazole alkaloids	0.291	Organic acids and derivatives	0.940	Carboxylic acids and derivatives	0.900	Carboxylic acid derivatives	0.573			Carboxylic acid derivatives	0.573	Organic compounds; Organoheterocyclic compounds; Organosulfur compounds; Organic acids and derivatives; Carboxylic acids and derivatives; Organonitrogen compounds; Organooxygen compounds; Carboxylic acid derivatives; Carboxylic acids; Carbonyl compounds; Dialkylthioethers; Organic oxides; Azacyclic compounds; Hydrocarbon derivatives; Organopnictogen compounds; Organic oxygen compounds; Organic nitrogen compounds; Chemical entities	291.105	268	4.474	839079980348461487	839079631420099026	839079631420099025	707	
1	C8H18N2	[M + H3N + H]+	C8H22N3+	Terpenoids	0.272	Monoterpenoids	0.467	Acetate-derived alkaloids	0.640	Organic nitrogen compounds	0.997	Organonitrogen compounds	0.994					Organonitrogen compounds	0.994	Organic compounds; Organonitrogen compounds; Hydrocarbon derivatives; Organopnictogen compounds; Organic nitrogen compounds; Chemical entities	160.181	272	4.526	839079844700468152	839079631285881282	839079631285881281	703	
1	C17H30N6O4S	[M + H]+	C17H31N6O4S+	Amino acids and Peptides	0.640	Oligopeptides	0.318	Cyclamides	0.574	Organoheterocyclic compounds	0.973	Azoles	0.887					Azoles	0.887	Organic compounds; Organoheterocyclic compounds; Organosulfur compounds; Organonitrogen compounds; Organooxygen compounds; Azoles; Thioethers; Carbonyl compounds; Amines; Sulfenyl compounds; Dialkylthioethers; Organic oxides; Azacyclic compounds; Oxacyclic compounds; Heteroaromatic compounds; Hydrocarbon derivatives; Organopnictogen compounds; Organic oxygen compounds; Organic nitrogen compounds; Chemical entities	415.211	273	4.543	839079866502462395	839079631617231334	839079631617231333	712	
1	C17H28N2O6S	[M + Na]+	C17H28N2NaO6S+	Amino acids and Peptides	0.918	Small peptides	0.226	Aminoglycosides	0.165	Organic acids and derivatives	0.990	Carboxylic acids and derivatives	0.982	Amino acids, peptides, and analogues	0.906	Amino acids and derivatives	0.900	N-acyl-alpha amino acids and derivatives	0.533	Organic compounds; Organoheterocyclic compounds; Organosulfur compounds; Lipids and lipid-like molecules; Amino acids, peptides, and analogues; Alpha amino acids and derivatives; Alcohols and polyols; Organic acids and derivatives; Carboxylic acids and derivatives; Organonitrogen compounds; Organooxygen compounds; Amino acids and derivatives; Carboxylic acid amides; Carboxylic acid derivatives; Monocarboxylic acids and derivatives; N-acyl-alpha amino acids and derivatives; Carboxylic acids; Secondary alcohols; Secondary carboxylic acid amides; Carbonyl compounds; Sulfenyl compounds; Fatty Acyls; Organic oxides; Hydrocarbon derivatives; Organopnictogen compounds; Organic oxygen compounds; Organic nitrogen compounds; Chemical entities	411.154	274	4.570	839079906620983385	839079631487207898	839079631487207897	709	
1	C27H23N3O3S	[M + H3N + H]+	C27H27N4O3S+	Amino acids and Peptides	0.792	Tryptophan alkaloids	0.135	Other indole diketopiperazine alkaloids	0.039	Benzenoids	0.993	Benzene and substituted derivatives	0.920					Benzene and substituted derivatives	0.920	Organic compounds; Organoheterocyclic compounds; Organosulfur compounds; Organic acids and derivatives; Carboxylic acids and derivatives; Organonitrogen compounds; Organooxygen compounds; Carboxylic acid derivatives; Carbonyl compounds; Benzene and substituted derivatives; Benzenoids; Organic oxides; Azacyclic compounds; Heteroaromatic compounds; Hydrocarbon derivatives; Organopnictogen compounds; Organic oxygen compounds; Organic nitrogen compounds; Chemical entities	487.179	274	4.570	839079919069678030	839079631579482594	839079631575288289	711	
1	C7H17F2N3O3S	[M - H2O + H]+	C7H16F2N3O2S+	Alkaloids	0.155	Ornithine alkaloids	0.127	Aminoacids	0.116	Organohalogen compounds	0.979	Alkyl halides	0.984	Alkyl fluorides	0.966			Alkyl fluorides	0.966	Organic compounds; Organosulfur compounds; Organohalogen compounds; Organonitrogen compounds; Organooxygen compounds; Alkyl fluorides; Organofluorides; Alkyl halides; Organic oxides; Hydrocarbon derivatives; Organopnictogen compounds; Organic oxygen compounds; Organic nitrogen compounds; Chemical entities	244.093	274	4.573	839079851352634910	839079631520762334	839079631520762333	710	
1	C8H15BClFN2O5	[M - H2O + H]+	C8H14BClFN2O4+	Amino acids and Peptides	0.586	Small peptides	0.632	Aminoacids	0.387	Organic salts	0.877	Organic metal salts	0.904	Organic metalloid salts	0.904			Organic metalloid salts	0.904	Organic compounds; Organic acids and derivatives; Organohalogen compounds; Organonitrogen compounds; Organooxygen compounds; Organometallic compounds; Alkyl fluorides; Organometalloid compounds; Organofluorides; Carbonyl compounds; Organoboron compounds; Alkyl halides; Organic salts; Organic oxides; Organic metalloid salts; Organic metal salts; Hydrocarbon derivatives; Organopnictogen compounds; Alkylboranes; Organic oxygen compounds; Organic nitrogen compounds; Chemical entities	266.075	274	4.573	839079915655514444	839079631453653462	839079631453653461	708	
1	C8H18N3O3PS2	[M - H2O + H]+	C8H17N3O2PS2+	Alkaloids	0.276	Histidine alkaloids	0.155	Imidazole alkaloids	0.158	Organosulfur compounds	0.849	Sulfenyl compounds	0.649					Sulfenyl compounds	0.649	Organic compounds; Organosulfur compounds; Organic acids and derivatives; Organonitrogen compounds; Organooxygen compounds; Sulfenyl compounds; Organic oxides; Hydrocarbon derivatives; Organopnictogen compounds; Organic oxygen compounds; Organic nitrogen compounds; Chemical entities	282.049	274	4.573	839079891710231816	839079631646591466	839079631646591465	713	
1	C12H21N5O5	[M + K]+	C12H21KN5O5+	Amino acids and Peptides	0.783	Small peptides	0.662	Dipeptides	0.312	Lipids and lipid-like molecules	0.572	Fatty Acyls	0.569					Fatty Acyls	0.569	Organic compounds; Organoheterocyclic compounds; Lipids and lipid-like molecules; Organic acids and derivatives; Carboxylic acids and derivatives; Organonitrogen compounds; Organooxygen compounds; Monoalkylamines; Carbonyl compounds; Amines; Primary amines; Fatty Acyls; Organic oxides; Oxacyclic compounds; Hydrocarbon derivatives; Organopnictogen compounds; Organic oxygen compounds; Organic nitrogen compounds; Chemical entities	354.117	275	4.578	839079861016312123	839079631717894642	839079631717894641	715	
1	C12H18N4O5	[M + H3N + H]+	C12H22N5O5+	Amino acids and Peptides	0.959	Small peptides	0.917	Dipeptides	0.701	Organic acids and derivatives	0.990	Carboxylic acids and derivatives	0.974	Amino acids, peptides, and analogues	0.861	Amino acids and derivatives	0.853	Alpha amino acids and derivatives	0.844	Organic compounds; Lipids and lipid-like molecules; Amino acids, peptides, and analogues; Alpha amino acids and derivatives; Organic acids and derivatives; Carboxylic acids and derivatives; Organonitrogen compounds; Organooxygen compounds; Fatty amides; Amino acids and derivatives; Carboxylic acid amides; Carboxylic acid derivatives; N-acyl amines; Monocarboxylic acids and derivatives; Carboxylic acids; Primary carboxylic acid amides; Secondary carboxylic acid amides; Carbonyl compounds; Amines; Fatty Acyls; Organic oxides; Hydrocarbon derivatives; Organopnictogen compounds; Organic oxygen compounds; Organic nitrogen compounds; Chemical entities	316.161	275	4.579	839079860911454495	839079631751449078	839079631747254773	716	
1	C12H21N5O5	[M + Na]+	C12H21N5NaO5+	Amino acids and Peptides	0.997	Small peptides	0.999	Dipeptides	0.913	Organic acids and derivatives	1.000	Carboxylic acids and derivatives	1.000	Amino acids, peptides, and analogues	0.998	Peptides	0.987	Oligopeptides	0.511	Organic compounds; Lipids and lipid-like molecules; Amino acids, peptides, and analogues; Alpha amino acids and derivatives; Fatty acids and conjugates; Organic acids and derivatives; Carboxylic acids and derivatives; Organonitrogen compounds; Organooxygen compounds; Fatty amides; Amino acids and derivatives; Peptides; Monoalkylamines; Carboxylic acid amides; Carboxylic acid derivatives; N-acyl amines; Monocarboxylic acids and derivatives; N-acyl-alpha amino acids and derivatives; Carboxylic acids; Primary carboxylic acid amides; Secondary carboxylic acid amides; Carbonyl compounds; Alpha amino acid amides; N-acyl-alpha amino acids; Amines; Primary amines; Fatty Acyls; Organic oxides; Hydrocarbon derivatives; Amino acids; Glutamine and derivatives; Organopnictogen compounds; Organic oxygen compounds; Organic nitrogen compounds; Dipeptides; Oligopeptides; Chemical entities	338.143	275	4.580	839079900174337866	839079631684340206	839079631684340205	714	
1	C11H27N3O4S	[M + H]+	C11H28N3O4S+	Amino acids and Peptides	0.690	Small peptides	0.477	N-acyl amines	0.359	Lipids and lipid-like molecules	0.720	Fatty Acyls	0.731	Fatty amides	0.370	N-acyl amines	0.536	N-acyl amines	0.536	Organic compounds; Organosulfur compounds; Lipids and lipid-like molecules; Fatty acids and conjugates; Organic acids and derivatives; Carboxylic acids and derivatives; Organonitrogen compounds; Organooxygen compounds; Monoalkylamines; N-acyl amines; Carboxylic acids; Carbonyl compounds; Amines; Fatty Acyls; Organic oxides; Hydrocarbon derivatives; Organopnictogen compounds; Organic oxygen compounds; Organic nitrogen compounds; Chemical entities	298.179	275	4.589	839079844335563581	839079631780809210	839079631780809209	717	
1	C7H9N5O4	[M - H2O + H]+	C7H8N5O3+	Carbohydrates	0.568	Pseudoalkaloids (transamidation)	0.258	Purine alkaloids	0.247	Organoheterocyclic compounds	0.989	Pteridines and derivatives	0.946	Pterins and derivatives	0.978	Biopterins and derivatives	0.888	Biopterins and derivatives	0.888	Organic compounds; Organoheterocyclic compounds; Pyrimidines and pyrimidine derivatives; Pteridines and derivatives; Pterins and derivatives; Alcohols and polyols; Organic acids and derivatives; Organonitrogen compounds; Pyrimidones; Organooxygen compounds; Aminopyrimidines and derivatives; Diazines; Biopterins and derivatives; Secondary alcohols; Polyols; Amines; Primary amines; Secondary amines; Secondary alkylarylamines; 1,2-diols; Vinylogous amides; Organic oxides; Azacyclic compounds; Heteroaromatic compounds; Hydrocarbon derivatives; Organopnictogen compounds; Organic oxygen compounds; Organic nitrogen compounds; Chemical entities	210.062	276	4.606	839079844926960584	839079631818557950	839079631818557949	718	
1	C11H9NO3	[M + H3N + H]+	C11H13N2O3+	Alkaloids	0.942	Anthranilic acid alkaloids	0.375	Quinoline alkaloids	0.389	Benzenoids	0.973							Benzenoids	0.973	Organic compounds; Organoheterocyclic compounds; Organic acids and derivatives; Carboxylic acids and derivatives; Organonitrogen compounds; Organooxygen compounds; Benzenoids; Organic oxides; Azacyclic compounds; Oxacyclic compounds; Heteroaromatic compounds; Hydrocarbon derivatives; Organopnictogen compounds; Organic oxygen compounds; Organic nitrogen compounds; Chemical entities	221.092	278	4.633	839079849108682129	839079631852112386	839079631852112385	719	
1	C9H15N3O5	[M - H2O + H]+	C9H14N3O4+	Amino acids and Peptides	0.927	Small peptides	0.946	Dipeptides	0.563	Organic acids and derivatives	1.000	Carboxylic acids and derivatives	0.999	Amino acids, peptides, and analogues	0.820	Amino acids and derivatives	0.817	N-acyl-alpha amino acids	0.575	Organic compounds; Lipids and lipid-like molecules; Amino acids, peptides, and analogues; Alpha amino acids and derivatives; Fatty acids and conjugates; Organic acids and derivatives; Carboxylic acids and derivatives; Organonitrogen compounds; Organooxygen compounds; Amino acids and derivatives; Carboxylic acid amides; Carboxylic acid derivatives; Monocarboxylic acids and derivatives; N-acyl-alpha amino acids and derivatives; Carboxylic acids; Secondary carboxylic acid amides; Carbonyl compounds; N-acyl-alpha amino acids; Fatty Acyls; Acetamides; Organic oxides; Hydrocarbon derivatives; Organopnictogen compounds; Organic oxygen compounds; Organic nitrogen compounds; Chemical entities	228.098	278	4.634	839079859074349208	839079631919221258	839079631919221257	721	
1	C10H18N2O2	[M + H3N + H]+	C10H22N3O2+	Amino acids and Peptides	0.970	Small peptides	0.771	Dipeptides	0.783	Organic acids and derivatives	0.995	Carboxylic acids and derivatives	0.992	Amino acids, peptides, and analogues	0.936	Amino acids and derivatives	0.929	Alpha amino acids and derivatives	0.915	Organic compounds; Organoheterocyclic compounds; Amino acids, peptides, and analogues; Alpha amino acids and derivatives; Lactams; Piperazines; Organic acids and derivatives; Carboxylic acids and derivatives; Organonitrogen compounds; Organooxygen compounds; Amino acids and derivatives; Carboxylic acid amides; Carboxylic acid derivatives; Secondary carboxylic acid amides; Tertiary carboxylic acid amides; Dioxopiperazines; Carbonyl compounds; Diazinanes; 2,5-dioxopiperazines; Organic oxides; Azacyclic compounds; Hydrocarbon derivatives; Organopnictogen compounds; Organic oxygen compounds; Organic nitrogen compounds; Chemical entities	216.171	278	4.635	839079859674134750	839079631885666822	839079631885666821	720	
1	C40H86N5O5P	[M + K]+	C40H86KN5O5P+	Amino acids and Peptides	0.263	Spingolipids	0.224	Linear peptides	0.031	Organic acids and derivatives	0.992	Carboxylic acids and derivatives	0.749	Amino acids, peptides, and analogues	0.726	Amino acids and derivatives	0.714	Alpha amino acid amides	0.606	Organic compounds; Lipids and lipid-like molecules; Amino acids, peptides, and analogues; Alpha amino acids and derivatives; Organic acids and derivatives; Carboxylic acids and derivatives; Organonitrogen compounds; Organooxygen compounds; Fatty amides; Amino acids and derivatives; Organic phosphoric acids and derivatives; Phosphate esters; Carboxylic acid amides; Carboxylic acid derivatives; N-acyl amines; Secondary carboxylic acid amides; Carbonyl compounds; Alpha amino acid amides; Amines; Organic salts; Fatty Acyls; Organic oxides; Azacyclic compounds; Hydrocarbon derivatives; Tetraalkylammonium salts; Organopnictogen compounds; Organic oxygen compounds; Organic nitrogen compounds; Chemical entities	786.601	279	4.657	839079864543722212	839079631952775694	839079631952775693	722	
1	C7H17NO3S	[M + H3N + H]+	C7H21N2O3S+	Fatty acids	0.954	Fatty Acids and Conjugates	0.283	Fatty alcohols	0.298	Organosulfur compounds	0.986	Sulfenyl compounds	0.751					Sulfenyl compounds	0.751	Organic compounds; Organosulfur compounds; Organic acids and derivatives; Organonitrogen compounds; Organooxygen compounds; Sulfenyl compounds; Organic oxides; Hydrocarbon derivatives; Organic oxygen compounds; Organic nitrogen compounds; Chemical entities	213.127	280	4.661	839079861188278642	839079631982135826	839079631982135825	723	
1	C12H18N4O2S	[M - H2O + H]+	C12H17N4OS+	Alkaloids	0.425	Linear polyketides	0.050	Cyclamides	0.058	Organoheterocyclic compounds	0.978	Diazines	0.586	Pyrimidines and pyrimidine derivatives	0.548			Pyrimidines and pyrimidine derivatives	0.548	Organic compounds; Organoheterocyclic compounds; Pyrimidines and pyrimidine derivatives; Organonitrogen compounds; Organooxygen compounds; Diazines; Amines; Azacyclic compounds; Heteroaromatic compounds; Hydrocarbon derivatives; Organopnictogen compounds; Organic oxygen compounds; Organic nitrogen compounds; Chemical entities	265.112	281	4.683	839079850396333519	839079632015690262	839079632015690261	724	
1	C6H10N2O	[M + H3N + H]+	C6H14N3O+	Alkaloids	0.634	Lysine alkaloids	0.299	Piperidine alkaloids	0.161	Organoheterocyclic compounds	0.575	Azacyclic compounds	0.636					Azacyclic compounds	0.636	Organic compounds; Organoheterocyclic compounds; Organonitrogen compounds; Organooxygen compounds; Organic oxides; Azacyclic compounds; Hydrocarbon derivatives; Organopnictogen compounds; Organic oxygen compounds; Organic nitrogen compounds; Chemical entities	144.113	283	4.718	839079840170619417	839079632049244698	839079632049244697	725	
1	C7H9N5O3	[M - H2O + H]+	C7H8N5O2+	Alkaloids	0.689	Pseudoalkaloids (transamidation)	0.606	Purine alkaloids	0.707	Organoheterocyclic compounds	0.992	Pteridines and derivatives	0.457	Pterins and derivatives	0.717			Pterins and derivatives	0.717	Organic compounds; Organoheterocyclic compounds; Pyrimidines and pyrimidine derivatives; Pterins and derivatives; Organic acids and derivatives; Carboxylic acids and derivatives; Organonitrogen compounds; Pyrimidones; Organooxygen compounds; Aminopyrimidines and derivatives; Diazines; Amines; Primary amines; Vinylogous amides; Organic oxides; Azacyclic compounds; Heteroaromatic compounds; Hydrocarbon derivatives; Organopnictogen compounds; Organic oxygen compounds; Organic nitrogen compounds; Chemical entities	194.067	283	4.720	839079844432032629	839079632082799134	839079632082799133	726	
1	C9H17ClFN3O2	[M + H3N + H]+	C9H21ClFN4O2+	Alkaloids	0.650	Small peptides	0.205	Pyridine alkaloids	0.058	Benzenoids	0.378	Benzene and substituted derivatives	0.576	Halobenzenes	0.736	Fluorobenzenes	0.604	Fluorobenzenes	0.604	Organic compounds; Halobenzenes; Organohalogen compounds; Organonitrogen compounds; Organooxygen compounds; Alkyl fluorides; Aryl chlorides; Aryl fluorides; Fluorobenzenes; Organochlorides; Organofluorides; Benzene and substituted derivatives; Amines; Aryl halides; Alkyl halides; Organic oxides; Hydrocarbon derivatives; Organopnictogen compounds; Organic oxygen compounds; Organic nitrogen compounds; Chemical entities	271.132	284	4.733	839079892674921827	839079632116353570	839079632116353569	727	
1	C6H14O3SSi	[M + H3N + H]+	C6H18NO3SSi+	Fatty acids	0.996	Fatty Acids and Conjugates	0.983	Thia fatty acids	0.931	Lipids and lipid-like molecules	0.879	Fatty Acyls	0.856	Fatty acids and conjugates	0.870	Halogenated fatty acids	0.564	Halogenated fatty acids	0.564	Organic compounds; Organosulfur compounds; Lipids and lipid-like molecules; Fatty acids and conjugates; Organic acids and derivatives; Carboxylic acids and derivatives; Organohalogen compounds; Organooxygen compounds; Halogenated fatty acids; Monocarboxylic acids and derivatives; Thioethers; Carboxylic acids; Thia fatty acids; Carbonyl compounds; Alkyl halides; Sulfenyl compounds; Dialkylthioethers; Fatty Acyls; Organic oxides; Hydrocarbon derivatives; Organic oxygen compounds; Chemical entities	212.078	285	4.747	839079849943348663	839079632594504278	839079632594504277	740	
1	C9H9NO2	[M - H2O + H]+	C9H8NO+	Alkaloids	0.982	Tryptophan alkaloids	0.372	Pyridine alkaloids	0.337	Benzenoids	0.873							Benzenoids	0.873	Organic compounds; Organoheterocyclic compounds; Organic acids and derivatives; Organonitrogen compounds; Organooxygen compounds; Carbonyl compounds; Benzenoids; Organic oxides; Azacyclic compounds; Heteroaromatic compounds; Hydrocarbon derivatives; Organopnictogen compounds; Organic oxygen compounds; Organic nitrogen compounds; Chemical entities	146.060	285	4.748	839079846512407710	839079632154102310	839079632149908005	728	
1	C11H6O2	[M + H3N + H]+	C11H10NO2+	Shikimates and Phenylpropanoids	0.636	Naphthalenes	0.812	Naphthoquinones	0.478	Benzenoids	0.998	Naphthalenes	0.816					Naphthalenes	0.816	Organic compounds; Naphthalenes; Organooxygen compounds; Carbonyl compounds; Benzenoids; Organic oxides; Hydrocarbon derivatives; Organic oxygen compounds; Chemical entities	188.071	285	4.750	839079847258993925	839079632229599790	839079632229599789	730	
1	C11H9NO2	[M + H3N + H]+	C11H13N2O2+	Alkaloids	0.997	Tryptophan alkaloids	0.991	Simple indole alkaloids	0.966	Organoheterocyclic compounds	0.999	Indoles and derivatives	0.965	Indolyl carboxylic acids and derivatives	0.691			Indolyl carboxylic acids and derivatives	0.691	Organic compounds; Organoheterocyclic compounds; Pyrroles; Indoles and derivatives; Organic acids and derivatives; Carboxylic acids and derivatives; Organonitrogen compounds; Organooxygen compounds; Monocarboxylic acids and derivatives; Carboxylic acids; Indolyl carboxylic acids and derivatives; Carbonyl compounds; Substituted pyrroles; Benzenoids; Indoles; Organic oxides; Azacyclic compounds; Heteroaromatic compounds; Hydrocarbon derivatives; 3-alkylindoles; Organopnictogen compounds; Organic oxygen compounds; Organic nitrogen compounds; Chemical entities	205.097	285	4.751	839079853219100376	839079632267348530	839079632267348529	731	
1	C22H41NO2	[M + H3N + H]+	C22H45N2O2+	Fatty acids	0.997	Fatty amides	0.928	N-acyl ethanolamines (endocannabinoids)	0.604	Lipids and lipid-like molecules	0.807	Fatty Acyls	0.801	Fatty amides	0.789	N-acyl amines	0.791	N-acyl amines	0.791	Organic compounds; Lipids and lipid-like molecules; Alcohols and polyols; Organic acids and derivatives; Carboxylic acids and derivatives; Organonitrogen compounds; Primary alcohols; Organooxygen compounds; Fatty amides; Carboxylic acid amides; Carboxylic acid derivatives; N-acyl amines; Secondary carboxylic acid amides; Carbonyl compounds; Fatty Acyls; Organic oxides; Hydrocarbon derivatives; Organopnictogen compounds; Organic oxygen compounds; Organic nitrogen compounds; Chemical entities	369.348	285	4.752	839079842666230458	839079632191851050	839079632191851049	729	
1	C22H44N2O2	[M - H2O + H]+	C22H43N2O+	Fatty acids	0.998	Fatty amides	0.996	N-acyl amines	0.540	Lipids and lipid-like molecules	0.862	Fatty Acyls	0.843	Fatty amides	0.854	N-acyl amines	0.800	N-acyl amines	0.800	Organic compounds; Lipids and lipid-like molecules; Organic acids and derivatives; Carboxylic acids and derivatives; Organonitrogen compounds; Organooxygen compounds; Fatty amides; Carboxylic acid amides; Carboxylic acid derivatives; N-acyl amines; Secondary carboxylic acid amides; Carbonyl compounds; Fatty Acyls; Organic oxides; Hydrocarbon derivatives; Organopnictogen compounds; Organic oxygen compounds; Organic nitrogen compounds; Chemical entities	351.337	285	4.752	839079865856539494	839079632305097270	839079632305097269	732	
1	C27H55N5O4	[M + Na]+	C27H55N5NaO4+	Amino acids and Peptides	0.386	Oligopeptides	0.075	N-acyl ethanolamines (endocannabinoids)	0.054	Organic acids and derivatives	0.982	Carboxylic acids and derivatives	0.940	Amino acids, peptides, and analogues	0.755	Amino acids and derivatives	0.744	Amino acids and derivatives	0.744	Organic compounds; Organoheterocyclic compounds; Lipids and lipid-like molecules; Amino acids, peptides, and analogues; Alcohols and polyols; Organic acids and derivatives; Carboxylic acids and derivatives; Organonitrogen compounds; Organooxygen compounds; Fatty amides; Amino acids and derivatives; Organic carbonic acids and derivatives; Carboxylic acid amides; Ureas; Carboxylic acid derivatives; N-acyl amines; Secondary carboxylic acid amides; Carbonyl compounds; 1,2-aminoalcohols; Trialkylamines; Amines; Tertiary amines; Alkanolamines; Fatty Acyls; Organic oxides; Azacyclic compounds; Hydrocarbon derivatives; Organopnictogen compounds; Organic oxygen compounds; Organic nitrogen compounds; Chemical entities	536.410	285	4.757	839079858994657403	839079632342846010	839079632338651705	733	
1	C9H9N3O2	[M + H3N + H]+	C9H13N4O2+	Alkaloids	0.953	Histidine alkaloids	0.539	Imidazole alkaloids	0.538	Organoheterocyclic compounds	0.999	Azoles	0.814	Imidazoles	0.781			Imidazoles	0.781	Organic compounds; Organoheterocyclic compounds; Imidazoles; Lactams; Organic acids and derivatives; Carboxylic acids and derivatives; Organonitrogen compounds; Organooxygen compounds; Azoles; Carbonyl compounds; Organic oxides; Azacyclic compounds; Heteroaromatic compounds; Hydrocarbon derivatives; Organopnictogen compounds; Organic oxygen compounds; Organic nitrogen compounds; Chemical entities	209.103	286	4.773	839079852967442108	839079632447703622	839079632447703621	736	
1	C5H10O3S	[M - H2O + H]+	C5H9O2S+	Fatty acids	0.995	Fatty Acids and Conjugates	0.968	Thia fatty acids	0.966	Lipids and lipid-like molecules	0.874	Fatty Acyls	0.860	Fatty acids and conjugates	0.869	Thia fatty acids	0.746	Thia fatty acids	0.746	Organic compounds; Organosulfur compounds; Lipids and lipid-like molecules; Ketones; Fatty acids and conjugates; Organic acids and derivatives; Carboxylic acids and derivatives; Organooxygen compounds; Monocarboxylic acids and derivatives; Thioethers; Carboxylic acids; Thia fatty acids; Carbonyl compounds; Sulfenyl compounds; Dialkylthioethers; Fatty Acyls; Organic oxides; Hydrocarbon derivatives; Organic oxygen compounds; Chemical entities	133.032	286	4.773	839079845858096216	839079632485452362	839079632485452361	737	
1	C5H8O2S	[M + H3N + H]+	C5H12NO2S+	Fatty acids	0.998	Fatty Acids and Conjugates	0.992	Thia fatty acids	0.971	Lipids and lipid-like molecules	0.883	Fatty Acyls	0.897	Fatty acids and conjugates	0.911	Thia fatty acids	0.786	Thia fatty acids	0.786	Organic compounds; Organosulfur compounds; Lipids and lipid-like molecules; Fatty acids and conjugates; Organic acids and derivatives; Carboxylic acids and derivatives; Organooxygen compounds; Straight chain fatty acids; Monocarboxylic acids and derivatives; Thioethers; Carboxylic acids; Thia fatty acids; Carbonyl compounds; Sulfenyl compounds; Dialkylthioethers; Fatty Acyls; Organic oxides; Hydrocarbon derivatives; Organic oxygen compounds; Chemical entities	150.058	287	4.778	839079844398478172	839079632560949842	839079632556755537	739	
1	C23H46F2N6O3	[M + H3N + H]+	C23H50F2N7O3+	Alkaloids	0.228	Small peptides	0.098	Tripeptides	0.128	Organic acids and derivatives	0.977	Carboxylic acids and derivatives	0.939	Amino acids, peptides, and analogues	0.713	Amino acids and derivatives	0.701	Amino acids and derivatives	0.701	Organic compounds; Organoheterocyclic compounds; Lipids and lipid-like molecules; Amino acids, peptides, and analogues; Alcohols and polyols; Organic acids and derivatives; Carboxylic acids and derivatives; Organohalogen compounds; Organonitrogen compounds; Primary alcohols; Organooxygen compounds; Fatty amides; Amino acids and derivatives; Azoles; Carboxylic acid amides; Alkyl fluorides; Carboxylic acid derivatives; N-acyl amines; Organofluorides; Secondary carboxylic acid amides; Carbonyl compounds; Amines; Alkyl halides; Fatty Acyls; Organic oxides; Azacyclic compounds; Heteroaromatic compounds; Hydrocarbon derivatives; Organopnictogen compounds; Organic oxygen compounds; Organic nitrogen compounds; Chemical entities	510.394	287	4.780	839079855555327875	839079632523201102	839079632519006797	738	
1	C19H39NO2	[M - H2O + H]+	C19H38NO+	Fatty acids	0.525	Pseudoalkaloids (transamidation)	0.609	Terpenoid alkaloids	0.313	Lipids and lipid-like molecules	0.619							Lipids and lipid-like molecules	0.619	Organic compounds; Lipids and lipid-like molecules; Alcohols and polyols; Organonitrogen compounds; Organooxygen compounds; Secondary alcohols; Amines; Hydrocarbon derivatives; Organopnictogen compounds; Organic oxygen compounds; Organic nitrogen compounds; Chemical entities	296.295	287	4.782	839079844692079539	839079632376400446	839079632376400445	734	
1	C20H41NO3	[M - H2O + H]+	C20H40NO2+	Fatty acids	0.815	Spingolipids	0.683	Sphingoid bases	0.797	Lipids and lipid-like molecules	0.562							Lipids and lipid-like molecules	0.562	Organic compounds; Lipids and lipid-like molecules; Alcohols and polyols; Organonitrogen compounds; Primary alcohols; Organooxygen compounds; Secondary alcohols; Carbonyl compounds; Amines; Alkanolamines; Hydrocarbon derivatives; Organopnictogen compounds; Organic oxygen compounds; Organic nitrogen compounds; Chemical entities	326.306	287	4.783	839079882663116964	839079632409954882	839079632409954881	735	
1	C13H24N2O3	[M + H3N + H]+	C13H28N3O3+	Amino acids and Peptides	0.476	Small peptides	0.278	Dipeptides	0.289	Lipids and lipid-like molecules	0.592	Fatty Acyls	0.509					Fatty Acyls	0.509	Organic compounds; Lipids and lipid-like molecules; Organic acids and derivatives; Carboxylic acids and derivatives; Organonitrogen compounds; Organooxygen compounds; Carboxylic acid amides; Carboxylic acid derivatives; Monocarboxylic acids and derivatives; Secondary carboxylic acid amides; Carbonyl compounds; Fatty Acyls; Organic oxides; Hydrocarbon derivatives; Organopnictogen compounds; Organic oxygen compounds; Organic nitrogen compounds; Chemical entities	274.213	288	4.793	839079845761627214	839079632665807454	839079632665807453	742	
1	C7H17NO3S	[M + H3N + H]+	C7H21N2O3S+	Fatty acids	0.926	Fatty Acids and Conjugates	0.217	Aminoacids	0.186	Lipids and lipid-like molecules	0.644	Fatty Acyls	0.677					Fatty Acyls	0.677	Organic compounds; Organosulfur compounds; Lipids and lipid-like molecules; Organic acids and derivatives; Carboxylic acids and derivatives; Organonitrogen compounds; Organooxygen compounds; Monocarboxylic acids and derivatives; Carbonyl compounds; Sulfenyl compounds; Fatty Acyls; Organic oxides; Hydrocarbon derivatives; Organic oxygen compounds; Organic nitrogen compounds; Chemical entities	213.127	288	4.794	839079852426376840	839079632632253018	839079632632253017	741	
1	C9H16N2O2	[M + H3N + H]+	C9H20N3O2+	Amino acids and Peptides	0.925	Small peptides	0.466	Dipeptides	0.628	Organic acids and derivatives	0.975	Carboxylic acids and derivatives	0.962	Amino acids, peptides, and analogues	0.717	Amino acids and derivatives	0.706	Alpha amino acids and derivatives	0.704	Organic compounds; Organoheterocyclic compounds; Amino acids, peptides, and analogues; Alpha amino acids and derivatives; Lactams; Piperazines; Organic acids and derivatives; Carboxylic acids and derivatives; Organonitrogen compounds; Organooxygen compounds; Amino acids and derivatives; Carboxylic acid amides; Carboxylic acid derivatives; Secondary carboxylic acid amides; Dioxopiperazines; Carbonyl compounds; Diazinanes; 2,5-dioxopiperazines; Organic oxides; Azacyclic compounds; Hydrocarbon derivatives; Organopnictogen compounds; Organic oxygen compounds; Organic nitrogen compounds; Chemical entities	202.155	288	4.794	839079853059716814	839079632703556194	839079632703556193	743	
1	C12H18N2O4S	[M + H3N + H]+	C12H22N3O4S+	Amino acids and Peptides	0.895	Small peptides	0.741	Dipeptides	0.489	Organic acids and derivatives	0.995	Carboxylic acids and derivatives	0.987	Amino acids, peptides, and analogues	0.764	Amino acids and derivatives	0.759	Alpha amino acids and derivatives	0.699	Organic compounds; Organoheterocyclic compounds; Organosulfur compounds; Lipids and lipid-like molecules; Amino acids, peptides, and analogues; Alpha amino acids and derivatives; Fatty acids and conjugates; Organic acids and derivatives; Carboxylic acids and derivatives; Organonitrogen compounds; Organooxygen compounds; Amino acids and derivatives; Carboxylic acid amides; Carboxylic acid derivatives; Monocarboxylic acids and derivatives; Thioethers; Carboxylic acids; Thia fatty acids; Carbonyl compounds; Sulfenyl compounds; Dialkylthioethers; Fatty Acyls; Organic oxides; Azacyclic compounds; Hydrocarbon derivatives; Amino acids; Organopnictogen compounds; Organic oxygen compounds; Organic nitrogen compounds; Chemical entities	304.132	288	4.807	839079883980128608	839079632741304934	839079632741304933	744	
1	C20H37NO	[M + H3N + H]+	C20H41N2O+	Fatty acids	0.755	Fatty amides	0.643	Primary amides	0.186	Organoheterocyclic compounds	0.849	Oxazinanes	0.808	Morpholines	0.801			Morpholines	0.801	Organic compounds; Organoheterocyclic compounds; Oxazinanes; Ethers; Organonitrogen compounds; Organooxygen compounds; Morpholines; Dialkyl ethers; Amines; Azacyclic compounds; Oxacyclic compounds; Hydrocarbon derivatives; Organopnictogen compounds; Organic oxygen compounds; Organic nitrogen compounds; Chemical entities	325.321	289	4.813	839079884168872356	839079632812608110	839079632812608109	746	
1	C20H39NO2	[M + H3N + H]+	C20H43N2O2+	Fatty acids	0.978	Fatty amides	0.946	N-acyl ethanolamines (endocannabinoids)	0.567	Lipids and lipid-like molecules	0.611	Fatty Acyls	0.600	Fatty amides	0.557	N-acyl amines	0.522	N-acyl amines	0.522	Organic compounds; Lipids and lipid-like molecules; Alcohols and polyols; Organic acids and derivatives; Carboxylic acids and derivatives; Organonitrogen compounds; Organooxygen compounds; Fatty amides; Carboxylic acid amides; Carboxylic acid derivatives; N-acyl amines; Carbonyl compounds; Fatty Acyls; Organic oxides; Hydrocarbon derivatives; Organopnictogen compounds; Organic oxygen compounds; Organic nitrogen compounds; Chemical entities	343.332	289	4.816	839079845602243623	839079632779053674	839079632779053673	745	
1	C20H37NO2	[M + H3N + H]+	C20H41N2O2+	Fatty acids	0.997	Fatty amides	0.794	Primary amides	0.579	Lipids and lipid-like molecules	0.727	Fatty Acyls	0.716	Fatty amides	0.567			Fatty amides	0.567	Organic compounds; Lipids and lipid-like molecules; Alcohols and polyols; Organic acids and derivatives; Carboxylic acids and derivatives; Organonitrogen compounds; Organooxygen compounds; Fatty amides; Carboxylic acid amides; Carboxylic acid derivatives; Carbonyl compounds; Fatty Acyls; Organic oxides; Hydrocarbon derivatives; Organopnictogen compounds; Organic oxygen compounds; Organic nitrogen compounds; Chemical entities	341.317	290	4.826	839079846445298839	839079632879716982	839079632879716981	748	
1	C20H40N2O2	[M - H2O + H]+	C20H39N2O+	Fatty acids	0.911	Spingolipids	0.162	Sphingoid bases	0.368	Lipids and lipid-like molecules	0.609							Lipids and lipid-like molecules	0.609	Organic compounds; Lipids and lipid-like molecules; Alcohols and polyols; Organonitrogen compounds; Organooxygen compounds; Secondary alcohols; Amines; Alkanolamines; Hydrocarbon derivatives; Organopnictogen compounds; Organic oxygen compounds; Organic nitrogen compounds; Chemical entities	323.306	290	4.829	839079844717245371	839079632846162546	839079632846162545	747	
1	C4H11NO6	[M - H2O + H]+	C4H10NO5+	Amino acids and Peptides	1.000	Small peptides	1.000	Aminoacids	1.000	Organic acids and derivatives	1.000	Carboxylic acids and derivatives	1.000	Amino acids, peptides, and analogues	0.997	Amino acids and derivatives	0.997	Alpha amino acids	0.962	Organic compounds; Lipids and lipid-like molecules; Amino acids, peptides, and analogues; Alpha amino acids and derivatives; Alcohols and polyols; Fatty acids and conjugates; Organic acids and derivatives; Carboxylic acids and derivatives; Short-chain hydroxy acids and derivatives; Organonitrogen compounds; Primary alcohols; Organooxygen compounds; Amino acids and derivatives; Monoalkylamines; Hydroxy acids and derivatives; Monocarboxylic acids and derivatives; Carboxylic acids; Secondary alcohols; Beta hydroxy acids and derivatives; Carbonyl compounds; 1,3-aminoalcohols; Alpha amino acids; Amines; Primary amines; Alkanolamines; Fatty Acyls; Organic oxides; Hydrocarbon derivatives; Amino acids; Organopnictogen compounds; Organic oxygen compounds; Organic nitrogen compounds; Chemical entities	152.057	290	4.833	839079847430960425	839079632913271418	839079632913271417	749	
1	C13H13FNO2S	[M + H3N + H]+	C13H17FN2O2S+	Amino acids and Peptides	0.352	Tryptophan alkaloids	0.086	Pyridine alkaloids	0.061	Benzenoids	0.953	Benzene and substituted derivatives	0.793	Halobenzenes	0.552	Fluorobenzenes	0.674	Fluorobenzenes	0.674	Organic compounds; Organosulfur compounds; Halobenzenes; Organic acids and derivatives; Carboxylic acids and derivatives; Organohalogen compounds; Organonitrogen compounds; Aryl fluorides; Fluorobenzenes; Monocarboxylic acids and derivatives; Carboxylic acids; Organofluorides; Benzene and substituted derivatives; Benzenoids; Aryl halides; Organic oxides; Heteroaromatic compounds; Hydrocarbon derivatives; Organic oxygen compounds; Organic nitrogen compounds; Chemical entities	284.099	290	4.838	839079864128486043	839079632980380290	839079632980380289	751	
1	C15H12O3S2	[M + H3N + H]+	C15H16NO3S2+	Fatty acids	0.352	Coumarins	0.107	Naphthoquinones	0.180	Organic acids and derivatives	0.789	Carboxylic acids and derivatives	0.751	Monocarboxylic acids and derivatives	0.542			Monocarboxylic acids and derivatives	0.542	Organic compounds; Organoheterocyclic compounds; Organosulfur compounds; Organic acids and derivatives; Carboxylic acids and derivatives; Organooxygen compounds; Monocarboxylic acids and derivatives; Carbonyl compounds; Organic oxides; Hydrocarbon derivatives; Organic oxygen compounds; Chemical entities	322.055	290	4.839	839079862777920033	839079632946825854	839079632946825853	750	
1	C9H22ClN3O4	[M - H2O + H]+	C9H21ClN3O3+	Alkaloids	0.277	Ornithine alkaloids	0.507	Polyamines	0.761	Organic acids and derivatives	0.784	Organic carbonic acids and derivatives	0.324	Ureas	0.256	Nitrosoureas	0.515	Nitrosoureas	0.515	Organic compounds; Organic acids and derivatives; Organohalogen compounds; Organonitrogen compounds; Organooxygen compounds; Alkyl chlorides; Nitrosoureas; Organochlorides; Carbonyl compounds; Alkyl halides; Organic oxides; Hydrocarbon derivatives; Organopnictogen compounds; Organic oxygen compounds; Organic nitrogen compounds; Organic nitroso compounds; Organic N-nitroso compounds; Chemical entities	254.127	293	4.885	839079855031039828	839079633013934726	839079633013934725	752	
1	C5H9N3O	[M + H3N + H]+	C5H13N4O+	Alkaloids	0.795	Small peptides	0.140	Aminoacids	0.201	Organic nitrogen compounds	1.000	Organonitrogen compounds	1.000	Guanidines	0.989			Guanidines	0.989	Organic compounds; Imines; Organonitrogen compounds; Organooxygen compounds; Guanidines; Carboximidamides; Organic 1,3-dipolar compounds; Propargyl-type 1,3-dipolar organic compounds; Hydrocarbon derivatives; Organopnictogen compounds; Organic oxygen compounds; Organic nitrogen compounds; Chemical entities	145.108	295	4.913	839079845757432907	839079633085237902	839079633081043597	754	
1	C24H27ClN4O4	[M - H2O + H]+	C24H26ClN4O3+	Alkaloids	0.792	Tryptophan alkaloids	0.898	Carboline alkaloids	0.253	Organic acids and derivatives	0.761	Carboxylic acids and derivatives	0.722	Amino acids, peptides, and analogues	0.713	Amino acids and derivatives	0.712	Amino acids and derivatives	0.712	Organic compounds; Organoheterocyclic compounds; Amino acids, peptides, and analogues; Nitrobenzenes; Pyridines and derivatives; Pyrroles; Piperidines; Indoles and derivatives; Organic acids and derivatives; Carboxylic acids and derivatives; Organohalogen compounds; Organonitrogen compounds; Organooxygen compounds; Amino acids and derivatives; Carboxylic acid amides; Aryl chlorides; Carboxylic acid derivatives; Organic nitro compounds; Organic oxoazanium compounds; Organochlorides; Carbonyl compounds; Trialkylamines; Benzene and substituted derivatives; Benzenoids; Amines; Tertiary amines; Indoles; Aryl halides; Organic zwitterions; Organic 1,3-dipolar compounds; Allyl-type 1,3-dipolar organic compounds; Propargyl-type 1,3-dipolar organic compounds; Aralkylamines; Organic oxides; C-nitro compounds; Azacyclic compounds; Heteroaromatic compounds; Hydrocarbon derivatives; 3-alkylindoles; Organopnictogen compounds; Organic oxygen compounds; Nitroaromatic compounds; Organic nitrogen compounds; Chemical entities	453.168	295	4.921	839079875151117992	839079633152346774	839079633152346773	756	
1	C12H12Cl12O6	[M + K]+	C12H12Cl12KO6+	Polyketides	0.686	Phenolic acids (C6-C1)	0.294	Halogenated fatty acids	0.218	Benzenoids	0.342	Benzene and substituted derivatives	0.438	Halobenzenes	0.645	Chlorobenzenes	0.513	Chlorobenzenes	0.513	Organic compounds; Halobenzenes; Alcohols and polyols; Organohalogen compounds; Organooxygen compounds; Alkyl chlorides; Chlorobenzenes; Organochlorides; Halohydrins; Chlorohydrins; Aryl halides; Alkyl halides; Hydrocarbon derivatives; Organic oxygen compounds; Chemical entities	710.655	296	4.928	839079850522162665	839079633190095514	839079633190095513	757	
1	C15H12Cl12O7S	[M + K]+	C15H12Cl12KO7S+	Polyketides	0.778	Phenolic acids (C6-C1)	0.367	Simple phenolic acids	0.099	Benzenoids	0.931	Benzene and substituted derivatives	0.944	Benzenesulfonyl compounds	0.879			Benzenesulfonyl compounds	0.879	Organic compounds; Organosulfur compounds; Halobenzenes; Organic acids and derivatives; Organohalogen compounds; Organosulfonic acids and derivatives; Organooxygen compounds; Alkyl chlorides; Aryl chlorides; Chlorobenzenes; Sulfonyls; Organochlorides; Benzene and substituted derivatives; Halophenols; Benzenoids; Dichlorobenzenes; Chlorophenols; O-chlorophenols; Aryl halides; Alkyl halides; Vinyl halides; Organic oxides; Hydrocarbon derivatives; Benzenesulfonyl compounds; Organic sulfonic acids and derivatives; Organic oxygen compounds; Chemical entities	794.616	296	4.928	839079856276748222	839079633299147430	839079633299147429	760	
1	C13H10Cl3I3N2O6S2	[M + K]+	C13H10Cl3I3KN2O6S2+	Polyketides	0.251	Oligopeptides	0.089	Pyrrole alkaloids	0.086	Benzenoids	0.996	Benzene and substituted derivatives	0.992	Benzenesulfonamides	0.808			Benzenesulfonamides	0.808	Organic compounds; Organosulfur compounds; Benzenesulfonamides; Halobenzenes; Benzoic acids and derivatives; Organic acids and derivatives; Carboxylic acids and derivatives; Organohalogen compounds; Organosulfonic acids and derivatives; Organonitrogen compounds; Benzoyl derivatives; Organooxygen compounds; Aryl chlorides; Aryl iodides; Chlorobenzenes; Iodobenzenes; Monocarboxylic acids and derivatives; Sulfonyls; Organochlorides; Organoiodides; Organosulfonamides; Benzene and substituted derivatives; Benzenoids; Dichlorobenzenes; Aryl halides; Vinyl halides; Halobenzoic acids and derivatives; 2-halobenzoic acids and derivatives; 4-halobenzoic acids and derivatives; 4-halobenzoic acids; Aminosulfonyl compounds; Vinylogous halides; Organic oxides; Hydrocarbon derivatives; Benzenesulfonyl compounds; Organic sulfonic acids and derivatives; Organopnictogen compounds; Organic oxygen compounds; Organic nitrogen compounds; Chemical entities	878.577	296	4.929	839079886458962604	839079633374644910	839079633374644909	762	
1	C6H8AsIN2OS3	[M + K]+	C6H8AsIKN2OS3+	Fatty acids	0.073	Oligopeptides	0.059	Imidazole alkaloids	0.006	Organoheterocyclic compounds	0.891	Heteroaromatic compounds	0.866					Heteroaromatic compounds	0.866	Organic compounds; Organoheterocyclic compounds; Organosulfur compounds; Organic acids and derivatives; Organonitrogen compounds; Organooxygen compounds; Organoarsenic compounds; Organometallic compounds; Organometalloid compounds; Organoiodides; Organic salts; Organic oxides; Organic metalloid salts; Organic metal salts; Azacyclic compounds; Heteroaromatic compounds; Hydrocarbon derivatives; Sulfur-containing organoarsenic compounds; Oxygen-containing organoarsenic compounds; Organopnictogen compounds; Organic oxygen compounds; Organic nitrogen compounds; Chemical entities	460.768	296	4.930	839079861192472970	839079633412393650	839079633408199345	763	
1	C3H3BrClFO5	[M + K]+	C3H3BrClFKO5+	Fatty acids	0.988	Fatty Acids and Conjugates	0.995	Halogenated fatty acids	0.998	Lipids and lipid-like molecules	0.543	Fatty Acyls	0.487	Fatty acids and conjugates	0.471	Halogenated fatty acids	0.669	Halogenated fatty acids	0.669	Organic compounds; Lipids and lipid-like molecules; Organic acids and derivatives; Carboxylic acids and derivatives; Organohalogen compounds; Organooxygen compounds; Dicarboxylic acids and derivatives; Halogenated fatty acids; Alkyl fluorides; Carboxylic acids; Organofluorides; Alpha-halocarboxylic acids and derivatives; Carbonyl compounds; Alkyl halides; Alpha-halocarboxylic acids; Organic oxides; Hydrocarbon derivatives; Organic oxygen compounds; Chemical entities	290.847	296	4.931	839079852074055266	839079633643080394	839079633643080393	769	
1	C12H11Cl11O3	[M + K]+	C12H11Cl11KO3+	Polyketides	0.376	Fatty Acids and Conjugates	0.098	Halogenated fatty acids	0.251	Benzenoids	0.431	Benzene and substituted derivatives	0.581	Halobenzenes	0.730	Chlorobenzenes	0.619	Chlorobenzenes	0.619	Organic compounds; Halobenzenes; Organohalogen compounds; Organooxygen compounds; Alkyl chlorides; Chlorobenzenes; Organochlorides; Benzene and substituted derivatives; Aryl halides; Alkyl halides; Hydrocarbon derivatives; Organic oxygen compounds; Chemical entities	626.693	296	4.931	839079861901310423	839079633521445566	839079633521445565	766	
1	C33H64BN3O5	[M - H2O + H]+	C33H63BN3O4+	Terpenoids	0.284	Oligopeptides	0.612	Pinane monoterpenoids	0.438	Organic acids and derivatives	0.986	Carboxylic acids and derivatives	0.861	Amino acids, peptides, and analogues	0.763	Amino acids and derivatives	0.754	Alpha amino acids and derivatives	0.652	Organic compounds; Organoheterocyclic compounds; Lipids and lipid-like molecules; Amino acids, peptides, and analogues; Alpha amino acids and derivatives; Organic acids and derivatives; Carboxylic acids and derivatives; Organonitrogen compounds; Organooxygen compounds; Fatty amides; Amino acids and derivatives; Boronic acids; Organometallic compounds; Carboxylic acid amides; Boronic acid derivatives; Carboxylic acid derivatives; Organometalloid compounds; Secondary carboxylic acid amides; Carbonyl compounds; Benzene and substituted derivatives; Benzenoids; Organoboron compounds; Organic salts; Fatty Acyls; Organic oxides; Organic metalloid salts; Organic metal salts; Hydrocarbon derivatives; Organopnictogen compounds; Alkylboranes; Monoalkylboranes; Organic oxygen compounds; Organic nitrogen compounds; Chemical entities	575.492	297	4.945	839079886576403144	839079633718577874	839079633714383569	771	
1	C7H12BrClFNO5	[M + K]+	C7H12BrClFKNO5+	Fatty acids	0.593	Fatty Acids and Conjugates	0.764	Halogenated fatty acids	0.949	Organic acids and derivatives	0.997	Carboxylic acids and derivatives	0.994	Amino acids, peptides, and analogues	0.619	Amino acids and derivatives	0.618	Amino acids and derivatives	0.618	Organic compounds; Lipids and lipid-like molecules; Amino acids, peptides, and analogues; Fatty acids and conjugates; Organic acids and derivatives; Carboxylic acids and derivatives; Organohalogen compounds; Organonitrogen compounds; Organooxygen compounds; Amino acids and derivatives; Halogenated fatty acids; Alkyl chlorides; Alkyl fluorides; Monocarboxylic acids and derivatives; Carboxylic acids; Organochlorides; Organofluorides; Carbonyl compounds; Alkyl halides; Alpha-halocarboxylic acids; Fatty Acyls; Organic oxides; Hydrocarbon derivatives; Organopnictogen compounds; Organic oxygen compounds; Organic nitrogen compounds; Chemical entities	361.921	297	4.948	839079858826885228	839079633785686746	839079633785686745	773	
1	C35H68BN3O5	[M - H2O + H]+	C35H67BN3O4+	Terpenoids	0.312	Oligopeptides	0.427	Pinane monoterpenoids	0.313	Organic acids and derivatives	0.981	Carboxylic acids and derivatives	0.840	Amino acids, peptides, and analogues	0.744	Amino acids and derivatives	0.739	Alpha amino acids and derivatives	0.541	Organic compounds; Lipids and lipid-like molecules; Amino acids, peptides, and analogues; Alpha amino acids and derivatives; Organic acids and derivatives; Carboxylic acids and derivatives; Organonitrogen compounds; Organooxygen compounds; Amino acids and derivatives; Organometallic compounds; Carboxylic acid amides; Boronic acid derivatives; Carboxylic acid derivatives; Organometalloid compounds; Secondary carboxylic acid amides; Carbonyl compounds; Benzene and substituted derivatives; Benzenoids; Organoboron compounds; Organic salts; Organic oxides; Organic metalloid salts; Organic metal salts; Hydrocarbon derivatives; Organopnictogen compounds; Alkylboranes; Monoalkylboranes; Organic oxygen compounds; Organic nitrogen compounds; Chemical entities	603.523	297	4.950	839079867886582823	839079633752132310	839079633752132309	772	
1	C3H10NO4P	[M + K]+	C3H10KNO4P+	Amino acids and Peptides	0.360	Small peptides	0.257	Aminoacids	0.328	Organic nitrogen compounds	0.996	Organonitrogen compounds	0.986	Amines	0.948	Primary amines	0.873	Monoalkylamines	0.862	Organic compounds; Organic acids and derivatives; Organonitrogen compounds; Organooxygen compounds; Organophosphorus compounds; Monoalkylamines; Amines; Primary amines; Organic oxides; Hydrocarbon derivatives; Organopnictogen compounds; Organic oxygen compounds; Organic nitrogen compounds; Chemical entities	193.998	297	4.958	839079850547328498	839079633819241182	839079633819241181	774	
1	C4H8ClNO3	[M + K]+	C4H8ClKNO3+	Fatty acids	0.546	Fatty Acids and Conjugates	0.482	Halogenated fatty acids	0.874	Organic acids and derivatives	0.646	Carboxylic acids and derivatives	0.634					Carboxylic acids and derivatives	0.634	Organic compounds; Organic acids and derivatives; Carboxylic acids and derivatives; Organohalogen compounds; Organonitrogen compounds; Organooxygen compounds; Alkyl chlorides; Organochlorides; Carbonyl compounds; Alkyl halides; Organic oxides; Hydrocarbon derivatives; Organopnictogen compounds; Organic oxygen compounds; Organic nitrogen compounds; Chemical entities	191.982	298	4.973	839079850568300032	839079633852795618	839079633852795617	775	
1	C13H18BNO5S	[M - H2O + H]+	C13H17BNO4S+	Terpenoids	0.371	Monoterpenoids	0.375	Pinane monoterpenoids	0.409	Benzenoids	0.605	Benzene and substituted derivatives	0.556					Benzene and substituted derivatives	0.556	Organic compounds; Organoheterocyclic compounds; Organosulfur compounds; Organic acids and derivatives; Organonitrogen compounds; Organooxygen compounds; Boronic acids; Organometallic compounds; Boronic acid derivatives; Boronic acid esters; Organometalloid compounds; Metalloheterocyclic compounds; Benzene and substituted derivatives; Benzenoids; Organoboron compounds; Organic salts; Organic oxides; Organic metalloid salts; Organic metal salts; Oxacyclic compounds; Hydrocarbon derivatives; Alkylboranes; Organic oxygen compounds; Organic nitrogen compounds; Chemical entities	293.101	301	5.017	839079861901310404	839079633890544358	839079633890544357	776	
1	C20H40N2O3	[M + K]+	C20H40KN2O3+	Fatty acids	0.729	Fatty amides	0.211	N-acyl amines	0.070	Organic acids and derivatives	0.926	Carboxylic acids and derivatives	0.909	Amino acids, peptides, and analogues	0.748	Amino acids and derivatives	0.744	Amino acids and derivatives	0.744	Organic compounds; Lipids and lipid-like molecules; Amino acids, peptides, and analogues; Organic acids and derivatives; Carboxylic acids and derivatives; Organonitrogen compounds; Organooxygen compounds; Fatty amides; Amino acids and derivatives; Carboxylic acid amides; Carboxylic acid derivatives; N-acyl amines; Carbonyl compounds; Amines; Tertiary amines; Fatty Acyls; Organic oxides; Hydrocarbon derivatives; Organopnictogen compounds; Organic oxygen compounds; Organic nitrogen compounds; Chemical entities	395.267	302	5.037	839079853877606149	839079633928293098	839079633928293097	777	
1	C9H10F4N2	[M + H3N + H]+	C9H14F4N3+	Alkaloids	0.959	Nicotinic acid alkaloids	0.891	Pyridine alkaloids	0.891	Organic nitrogen compounds	0.999	Organonitrogen compounds	0.999	Amines	0.774	Aralkylamines	0.736	Aralkylamines	0.736	Organic compounds; Organoheterocyclic compounds; Pyridines and derivatives; Organohalogen compounds; Organonitrogen compounds; Alkyl fluorides; Organofluorides; Dialkylamines; Amines; Secondary amines; Alkyl halides; Aralkylamines; Azacyclic compounds; Heteroaromatic compounds; Hydrocarbon derivatives; Organopnictogen compounds; Organic nitrogen compounds; Chemical entities	240.111	303	5.052	839079859875461353	839079633966041838	839079633966041837	778	
1	C18H40N2O5	[M + H]+	C18H41N2O5+	Fatty acids	0.645	Small peptides	0.231	N-acyl amines	0.241	Organic acids and derivatives	0.853	Carboxylic acids and derivatives	0.717	Amino acids, peptides, and analogues	0.708	Amino acids and derivatives	0.696	Alpha amino acid amides	0.572	Organic compounds; Lipids and lipid-like molecules; Amino acids, peptides, and analogues; Alpha amino acids and derivatives; Alcohols and polyols; Organic acids and derivatives; Carboxylic acids and derivatives; Organonitrogen compounds; Primary alcohols; Organooxygen compounds; Amino acids and derivatives; Carboxylic acid amides; Carboxylic acid derivatives; N-acyl amines; Secondary alcohols; Carbonyl compounds; Trialkylamines; Alpha amino acid amides; Amines; Tertiary amines; Fatty Acyls; Organic oxides; Hydrocarbon derivatives; Organopnictogen compounds; Organic oxygen compounds; Organic nitrogen compounds; Chemical entities	365.301	303	5.056	839079859598637257	839079634070899450	839079634070899449	781	
1	C6H8N2O2	[M + H3N + H]+	C6H12N3O2+	Amino acids and Peptides	0.893	Small peptides	0.937	Aminoacids	0.852	Organic acids and derivatives	0.852	Carboxylic acids and derivatives	0.816	Amino acids, peptides, and analogues	0.603	Amino acids and derivatives	0.604	Alpha amino acids and derivatives	0.577	Organic compounds; Organoheterocyclic compounds; Amino acids, peptides, and analogues; Alpha amino acids and derivatives; Organic acids and derivatives; Carboxylic acids and derivatives; Organonitrogen compounds; Organooxygen compounds; Amino acids and derivatives; Monocarboxylic acids and derivatives; Carboxylic acids; Carbonyl compounds; Organic oxides; Azacyclic compounds; Hydrocarbon derivatives; Organopnictogen compounds; Organic oxygen compounds; Organic nitrogen compounds; Chemical entities	158.093	304	5.064	839079898429507285	839079634037345014	839079634037345013	780	
1	C20H42N2O2	[M - H2O + H]+	C20H41N2O+	Fatty acids	0.830	Fatty amides	0.205	N-acyl ethanolamines (endocannabinoids)	0.078	Lipids and lipid-like molecules	0.642							Lipids and lipid-like molecules	0.642	Organic compounds; Lipids and lipid-like molecules; Alcohols and polyols; Organonitrogen compounds; Organooxygen compounds; Secondary alcohols; Carbonyl compounds; Trialkylamines; Amines; Tertiary amines; Alkanolamines; Organic oxides; Hydrocarbon derivatives; Organopnictogen compounds; Organic oxygen compounds; Organic nitrogen compounds; Chemical entities	325.321	313	5.222	839079850845124117	839079634100259582	839079634100259581	782	
1	C12H19NO4S	[M - H2O + H]+	C12H18NO3S+	Alkaloids	0.231	Pseudoalkaloids (transamidation)	0.074	Phenylalanine-derived alkaloids	0.311	Benzenoids	0.974	Benzene and substituted derivatives	0.953	Sulfanilides	0.548			Sulfanilides	0.548	Organic compounds; Organosulfur compounds; Sulfanilides; Alcohols and polyols; Organic acids and derivatives; Organosulfonic acids and derivatives; Organonitrogen compounds; Organooxygen compounds; Sulfonyls; Organosulfonamides; Secondary alcohols; 1,2-aminoalcohols; Benzene and substituted derivatives; Benzenoids; Amines; Secondary amines; Aminosulfonyl compounds; Aralkylamines; Organic oxides; Hydrocarbon derivatives; Organic sulfonic acids and derivatives; Organic sulfonamides; Organopnictogen compounds; Organic oxygen compounds; Organic nitrogen compounds; Chemical entities	256.100	314	5.232	839079855752460191	839079634175757062	839079634175757061	784	
1	CH4N3O3	[M + H3N + H]+	CH8N4O3+	Alkaloids	0.825	Pseudoalkaloids (transamidation)	0.289	Purine alkaloids	0.320	Organic nitrogen compounds	0.999	Organonitrogen compounds	0.973					Organonitrogen compounds	0.973	Organic compounds; Organic acids and derivatives; Organonitrogen compounds; Organooxygen compounds; Organic oxides; Hydrocarbon derivatives; Organopnictogen compounds; Organic oxygen compounds; Organic nitrogen compounds; Chemical entities	124.059	314	5.234	839079854171207457	839079634138008322	839079634138008321	783	
1	C11H11NO5	[M + H3N + H]+	C11H15N2O5+	Alkaloids	0.957	Nicotinic acid alkaloids	0.966	Pyridine alkaloids	0.966	Organic oxygen compounds	1.000	Organooxygen compounds	1.000	Carbohydrates and carbohydrate conjugates	0.988	Glycosyl compounds	0.969	Glycosylamines	0.944	Organic compounds; Organoheterocyclic compounds; Carbohydrates and carbohydrate conjugates; Pyridines and derivatives; Alcohols and polyols; Organic acids and derivatives; Organonitrogen compounds; Primary alcohols; Organooxygen compounds; Pyridinecarboxylic acids and derivatives; Pentoses; Monosaccharides; Secondary alcohols; Pyridinium derivatives; Glycosyl compounds; Glycosylamines; Organic oxides; Azacyclic compounds; Oxacyclic compounds; Heteroaromatic compounds; Hydrocarbon derivatives; Organopnictogen compounds; Organic oxygen compounds; Organic nitrogen compounds; Chemical entities	255.098	315	5.245	839079889227203528	839079634213505802	839079634209311497	785	
1	C6H3NO	[M + H3N + H]+	C6H7N2O+	Alkaloids	0.929	Nicotinic acid alkaloids	0.950	Pyridine alkaloids	0.949	Organoheterocyclic compounds	0.819	Pyridines and derivatives	0.840					Pyridines and derivatives	0.840	Organic compounds; Organoheterocyclic compounds; Pyridines and derivatives; Organonitrogen compounds; Organooxygen compounds; Nitriles; Azacyclic compounds; Heteroaromatic compounds; Hydrocarbon derivatives; Organic cyanides; Organopnictogen compounds; Organic oxygen compounds; Organic nitrogen compounds; Chemical entities	123.055	315	5.246	839079888442868632	839079634247060238	839079634247060237	786	
1	C12H26N2O4	[M - H2O + H]+	C12H25N2O3+	Amino acids and Peptides	0.205	Small peptides	0.416	Aminoacids	0.128	Organic acids and derivatives	0.637	Carboxylic acids and derivatives	0.676	Amino acids, peptides, and analogues	0.580	Amino acids and derivatives	0.578	Amino acids and derivatives	0.578	Organic compounds; Organoheterocyclic compounds; Amino acids, peptides, and analogues; Oxazinanes; Ethers; Organic acids and derivatives; Carboxylic acids and derivatives; Organonitrogen compounds; Organooxygen compounds; Amino acids and derivatives; Morpholines; Dialkyl ethers; Carbonyl compounds; Trialkylamines; Amines; Tertiary amines; Organic oxides; Oxacyclic compounds; Hydrocarbon derivatives; Organopnictogen compounds; Organic oxygen compounds; Organic nitrogen compounds; Chemical entities	245.186	315	5.252	839079854611609390	839079634280614674	839079634280614673	787	
1	C7H11NO	[M + H3N + H]+	C7H15N2O+	Fatty acids	0.782	Fatty amides	0.517	Primary amides	0.360	Organic oxygen compounds	0.994	Organooxygen compounds	0.975	Carbonyl compounds	0.637			Carbonyl compounds	0.637	Organic compounds; Organonitrogen compounds; Organooxygen compounds; Carbonyl compounds; Organic oxides; Hydrocarbon derivatives; Organopnictogen compounds; Organic oxygen compounds; Organic nitrogen compounds; Chemical entities	143.118	316	5.271	839079868113075278	839079634347723546	839079634347723545	789	
1	C7H13NO2	[M - H2O + H]+	C7H12NO+	Amino acids and Peptides	0.638	Small peptides	0.729	Aminoacids	0.807	Organic acids and derivatives	0.999	Carboxylic acids and derivatives	0.998	Amino acids, peptides, and analogues	0.832	Amino acids and derivatives	0.832	Amino acids	0.627	Organic compounds; Organoheterocyclic compounds; Amino acids, peptides, and analogues; Pyrrolidines; Organic acids and derivatives; Carboxylic acids and derivatives; Organonitrogen compounds; Organooxygen compounds; Amino acids and derivatives; Monocarboxylic acids and derivatives; Carboxylic acids; Carbonyl compounds; Amines; Organic oxides; Azacyclic compounds; Hydrocarbon derivatives; Amino acids; Organopnictogen compounds; Organic oxygen compounds; Organic nitrogen compounds; Chemical entities	126.092	316	5.273	839079861725149628	839079634314169110	839079634314169109	788	
1	C12H15NO2S2	[M + Na]+	C12H15NNaO2S2+	Amino acids and Peptides	0.519	Monoterpenoids	0.251	Phenylalanine-derived alkaloids	0.069	Organoheterocyclic compounds	0.767	Azacyclic compounds	0.622	Dithiazinanes	0.545			Dithiazinanes	0.545	Organic compounds; Organoheterocyclic compounds; Organosulfur compounds; Organic acids and derivatives; Organonitrogen compounds; Organic oxides; Azacyclic compounds; Hydrocarbon derivatives; Dithiazinanes; Organopnictogen compounds; Organic oxygen compounds; Organic nitrogen compounds; Chemical entities	292.044	324	5.403	839079862878583355	839079634444192550	839079634444192549	792	
1	C9H21NO4S2	[M - H2O + H]+	C9H20NO3S2+	Amino acids and Peptides	0.454	Amino acid glycosides	0.135	N-acyl amines	0.077	Organic oxygen compounds	1.000	Organooxygen compounds	0.952	Alcohols and polyols	0.935	Secondary alcohols	0.658	Secondary alcohols	0.658	Organic compounds; Organosulfur compounds; Alcohols and polyols; Organonitrogen compounds; Primary alcohols; Organooxygen compounds; Secondary alcohols; Polyols; Amines; Sulfenyl compounds; Hydrocarbon derivatives; Organopnictogen compounds; Organic oxygen compounds; Organic nitrogen compounds; Chemical entities	254.088	324	5.405	839079857954469938	839079634486135594	839079634486135593	793	
1	C10H15BrN2O	[M + H3N + H]+	C10H19BrN3O+	Alkaloids	0.728	Pseudoalkaloids (transamidation)	0.359	Halogenated fatty acids	0.331	Organoheterocyclic compounds	0.526							Organoheterocyclic compounds	0.526	Organic compounds; Organoheterocyclic compounds; Organohalogen compounds; Organonitrogen compounds; Organooxygen compounds; Organobromides; Hydrocarbon derivatives; Organopnictogen compounds; Organic oxygen compounds; Organic nitrogen compounds; Chemical entities	276.070	324	5.405	839079865500023597	839079634519690030	839079634519690029	794	
1	C7H16N2	[M + H3N + H]+	C7H20N3+	Alkaloids	0.999	Ornithine alkaloids	0.999	Polyamines	1.000	Organic nitrogen compounds	1.000	Organonitrogen compounds	1.000	Amines	0.997	Secondary amines	0.811	Dialkylamines	0.810	Organic compounds; Organonitrogen compounds; Monoalkylamines; Dialkylamines; Amines; Primary amines; Secondary amines; Hydrocarbon derivatives; Organopnictogen compounds; Organic nitrogen compounds; Chemical entities	146.165	326	5.440	839079859183401155	839079634414832418	839079634414832417	791	
1	C8H18N2	[M + H3N + H]+	C8H22N3+	Alkaloids	0.995	Ornithine alkaloids	0.996	Polyamines	0.999	Organic nitrogen compounds	1.000	Organonitrogen compounds	1.000	Amines	0.968	Secondary amines	0.587	Dialkylamines	0.586	Organic compounds; Organonitrogen compounds; Monoalkylamines; Dialkylamines; Amines; Primary amines; Secondary amines; Hydrocarbon derivatives; Organopnictogen compounds; Organic nitrogen compounds; Chemical entities	160.181	328	5.473	839079861989390821	839079634553244466	839079634553244465	795	
1	C7H13N	[M + H3N + H]+	C7H17N2+	Alkaloids	0.825	Ornithine alkaloids	0.217	Acetate-derived alkaloids	0.158	Organic nitrogen compounds	1.000	Organonitrogen compounds	1.000	Amines	0.966	Tertiary amines	0.851	Trialkylamines	0.848	Organic compounds; Organonitrogen compounds; Trialkylamines; Amines; Tertiary amines; Azacyclic compounds; Hydrocarbon derivatives; Organopnictogen compounds; Organic nitrogen compounds; Chemical entities	129.139	328	5.473	839079883426480426	839079634695850818	839079634695850817	799	
1	C8H15N	[M + H3N + H]+	C8H19N2+	Alkaloids	0.609	Lysine alkaloids	0.234	Acetate-derived alkaloids	0.323	Organic nitrogen compounds	1.000	Organonitrogen compounds	1.000	Amines	0.961	Tertiary amines	0.836	Trialkylamines	0.853	Organic compounds; Organonitrogen compounds; Trialkylamines; Amines; Tertiary amines; Hydrocarbon derivatives; Organopnictogen compounds; Organic nitrogen compounds; Chemical entities	143.154	329	5.489	839079861196667278	839079634586798902	839079634586798901	796	
1	C10H16ClN	[M + Na]+	C10H16ClNNa+	Alkaloids	0.707	Pseudoalkaloids (transamidation)	0.401	Phenylalanine-derived alkaloids	0.454	Organohalogen compounds	0.982	Aryl halides	0.613	Aryl chlorides	0.637			Aryl chlorides	0.637	Organic compounds; Organohalogen compounds; Organonitrogen compounds; Aryl chlorides; Organochlorides; Benzene and substituted derivatives; Benzenoids; Aryl halides; Hydrocarbon derivatives; Organopnictogen compounds; Organic nitrogen compounds; Chemical entities	208.087	330	5.508	839079861100198244	839079634662296382	839079634662296381	798	
1	C8H15N	[M + H3N + H]+	C8H19N2+	Alkaloids	0.552	Lysine alkaloids	0.285	Acetate-derived alkaloids	0.308	Organic nitrogen compounds	1.000	Organonitrogen compounds	1.000	Amines	0.955	Tertiary amines	0.794	Trialkylamines	0.824	Organic compounds; Organonitrogen compounds; Trialkylamines; Amines; Tertiary amines; Hydrocarbon derivatives; Organopnictogen compounds; Organic nitrogen compounds; Chemical entities	143.154	331	5.512	839079861200861585	839079634926537566	839079634926537565	806	
1	C7H16N2	[M + H3N + H]+	C7H20N3+	Alkaloids	1.000	Ornithine alkaloids	1.000	Polyamines	1.000	Organic nitrogen compounds	1.000	Organonitrogen compounds	1.000	Amines	0.998	Secondary amines	0.847	Dialkylamines	0.848	Organic compounds; Organonitrogen compounds; Monoalkylamines; Dialkylamines; Amines; Primary amines; Secondary amines; Hydrocarbon derivatives; Organopnictogen compounds; Organic nitrogen compounds; Chemical entities	146.165	331	5.512	839079892813333899	839079634733599558	839079634733599557	800	
1	C6H16N2O3	[M - H2O + H]+	C6H15N2O2+	Amino acids and Peptides	0.671	Small peptides	0.586	Aminoacids	0.717	Lipids and lipid-like molecules	0.697	Fatty Acyls	0.661					Fatty Acyls	0.661	Organic compounds; Lipids and lipid-like molecules; Alcohols and polyols; Organic acids and derivatives; Organonitrogen compounds; Primary alcohols; Organooxygen compounds; Monoalkylamines; Amines; Primary amines; Alkanolamines; Fatty Acyls; Organic oxides; Hydrocarbon derivatives; Organopnictogen compounds; Organic oxygen compounds; Organic nitrogen compounds; Chemical entities	147.113	333	5.545	839079865604881226	839079634830068562	839079634830068561	803	
1	C9H8O3	[M + H3N + H]+	C9H12NO3+	Shikimates and Phenylpropanoids	0.932	Phenylpropanoids (C6-C3)	0.875	Cinnamic acids and derivatives	0.844	Benzenoids	0.980	Phenols	0.774	1-hydroxy-2-unsubstituted benzenoids	0.756			1-hydroxy-2-unsubstituted benzenoids	0.756	Organic compounds; Phenols; Organooxygen compounds; Carbonyl compounds; Benzene and substituted derivatives; Benzenoids; Organic oxides; Hydrocarbon derivatives; Organic oxygen compounds; 1-hydroxy-2-unsubstituted benzenoids; Chemical entities	182.081	333	5.546	839079864812157690	839079634863622998	839079634863622997	804	
1	C9H20N2	[M + H3N + H]+	C9H24N3+	Alkaloids	0.947	Lysine alkaloids	0.596	Acetate-derived alkaloids	0.827	Organoheterocyclic compounds	0.674	Piperidines	0.615					Piperidines	0.615	Organic compounds; Organoheterocyclic compounds; Piperidines; Organonitrogen compounds; Amines; Azacyclic compounds; Hydrocarbon derivatives; Organopnictogen compounds; Organic nitrogen compounds; Chemical entities	174.196	334	5.563	839079861209250196	839079634796514126	839079634796514125	802	
1	C17H40N4O7	[M - H2O + H]+	C17H39N4O6+	Carbohydrates	0.758	Aminosugars and aminoglycosides	0.697	Aminoglycosides	0.603	Organic oxygen compounds	0.996	Organooxygen compounds	0.948	Alcohols and polyols	0.859	Cyclic alcohols and derivatives	0.142	Aminocyclitols and derivatives	0.507	Organic compounds; Lipids and lipid-like molecules; Alcohols and polyols; Organonitrogen compounds; Primary alcohols; Organooxygen compounds; Monoalkylamines; Secondary alcohols; Amines; Primary amines; Alkanolamines; Aminocyclitols and derivatives; Hydrocarbon derivatives; Organopnictogen compounds; Organic oxygen compounds; Organic nitrogen compounds; Chemical entities	395.288	334	5.563	839079863130241619	839079634960092002	839079634960092001	807	
1	C15H18ClF2N3O5Si	[M + H3N + H]+	C15H22ClF2N4O5Si+	Carbohydrates	0.268	Ornithine alkaloids	0.183	Pyrimidine nucleosides	0.158	Organoheterocyclic compounds	0.760	Heteroaromatic compounds	0.546					Heteroaromatic compounds	0.546	Organic compounds; Organoheterocyclic compounds; Alcohols and polyols; Organic acids and derivatives; Carboxylic acids and derivatives; Organohalogen compounds; Organonitrogen compounds; Organooxygen compounds; Carboxylic acid amides; Alkyl fluorides; Carboxylic acid derivatives; Organochlorides; Organofluorides; Carbonyl compounds; Alkyl halides; Organic oxides; Azacyclic compounds; Heteroaromatic compounds; Hydrocarbon derivatives; Organopnictogen compounds; Organic oxygen compounds; Organic nitrogen compounds; Chemical entities	439.101	335	5.586	839079889566942196	839079634993646438	839079634993646437	808	
1	C12H26N2O4Si	[M - H2O + H]+	C12H25N2O3Si+	Fatty acids	0.466	Small peptides	0.450	Dipeptides	0.258	Lipids and lipid-like molecules	0.742	Fatty Acyls	0.758	Fatty acids and conjugates	0.695			Fatty acids and conjugates	0.695	Organic compounds; Lipids and lipid-like molecules; Fatty acids and conjugates; Organic acids and derivatives; Carboxylic acids and derivatives; Organonitrogen compounds; Organooxygen compounds; Carboxylic acid amides; Carboxylic acids; Carbonyl compounds; Fatty Acyls; Organic oxides; Hydrocarbon derivatives; Organopnictogen compounds; Organic oxygen compounds; Organic nitrogen compounds; Chemical entities	273.164	339	5.648	839079871116197111	839079635027200874	839079635027200873	809	
1	C12H23N3O5	[M - H2O + H]+	C12H22N3O4+	Amino acids and Peptides	0.947	Small peptides	0.892	Tripeptides	0.529	Organic acids and derivatives	0.998	Carboxylic acids and derivatives	0.997	Amino acids, peptides, and analogues	0.957	Peptides	0.810	Peptides	0.810	Organic compounds; Lipids and lipid-like molecules; Amino acids, peptides, and analogues; Alpha amino acids and derivatives; Alcohols and polyols; Fatty acids and conjugates; Organic acids and derivatives; Carboxylic acids and derivatives; Organonitrogen compounds; Organooxygen compounds; Fatty amides; Amino acids and derivatives; Peptides; Carboxylic acid amides; Carboxylic acid derivatives; N-acyl amines; Monocarboxylic acids and derivatives; N-acyl-alpha amino acids and derivatives; Carboxylic acids; Secondary alcohols; Secondary carboxylic acid amides; Carbonyl compounds; Alpha amino acid amides; N-acyl-alpha amino acids; Amines; Fatty Acyls; Organic oxides; Hydrocarbon derivatives; Amino acids; Organopnictogen compounds; Organic oxygen compounds; Organic nitrogen compounds; Chemical entities	272.160	339	5.653	839079863725832814	839079635064949614	839079635064949613	810	
1	C9H9FOS	[M + H3N + H]+	C9H13FNOS+	Shikimates and Phenylpropanoids	0.544	Phenylpropanoids (C6-C3)	0.092	Halogenated fatty acids	0.200	Benzenoids	0.968	Benzene and substituted derivatives	0.831	Halobenzenes	0.699	Fluorobenzenes	0.747	Fluorobenzenes	0.747	Organic compounds; Organosulfur compounds; Halobenzenes; Organohalogen compounds; Organooxygen compounds; Aryl fluorides; Fluorobenzenes; Organofluorides; Carbonyl compounds; Benzene and substituted derivatives; Benzenoids; Aryl halides; Organic oxides; Hydrocarbon derivatives; Organic oxygen compounds; Chemical entities	202.070	341	5.683	839079865613269839	839079635098504050	839079635098504049	811	
1	C9H20N2	[M + H3N + H]+	C9H24N3+	Alkaloids	0.948	Lysine alkaloids	0.687	Acetate-derived alkaloids	0.771	Organoheterocyclic compounds	0.697	Piperidines	0.661					Piperidines	0.661	Organic compounds; Organoheterocyclic compounds; Piperidines; Organonitrogen compounds; Trialkylamines; Amines; Azacyclic compounds; Hydrocarbon derivatives; Organopnictogen compounds; Organic nitrogen compounds; Chemical entities	174.196	349	5.820	839079862647896602	839079636105137114	839079636105137113	837	
1	C11H5N2O5PS2	[M + Na]+	C11H5N2NaO5PS2+	Alkaloids	0.772	Anthranilic acid alkaloids	0.251	Quinazoline alkaloids	0.105	Benzenoids	0.941							Benzenoids	0.941	Organic compounds; Organoheterocyclic compounds; Organic acids and derivatives; Organonitrogen compounds; Organooxygen compounds; Azoles; Benzenoids; Organic oxides; Azacyclic compounds; Heteroaromatic compounds; Hydrocarbon derivatives; Organopnictogen compounds; Organic oxygen compounds; Organic nitrogen compounds; Chemical entities	362.926	349	5.821	839079864304646838	839079635127864182	839079635127864181	812	
1	C7H13N	[M + H3N + H]+	C7H17N2+	Alkaloids	0.730	Fatty acyls	0.262	Acetate-derived alkaloids	0.185	Organic nitrogen compounds	1.000	Organonitrogen compounds	1.000	Amines	0.955	Tertiary amines	0.830	Trialkylamines	0.850	Organic compounds; Organonitrogen compounds; Trialkylamines; Amines; Tertiary amines; Azacyclic compounds; Hydrocarbon derivatives; Organopnictogen compounds; Organic nitrogen compounds; Chemical entities	129.139	349	5.822	839079862744365597	839079635232721794	839079635228527489	815	
1	C8H15N	[M + H3N + H]+	C8H19N2+	Alkaloids	0.764	Lysine alkaloids	0.445	Acetate-derived alkaloids	0.495	Organic nitrogen compounds	1.000	Organonitrogen compounds	1.000	Amines	0.972	Tertiary amines	0.855	Trialkylamines	0.859	Organic compounds; Organoheterocyclic compounds; Organonitrogen compounds; Trialkylamines; Amines; Tertiary amines; Azacyclic compounds; Hydrocarbon derivatives; Organopnictogen compounds; Organic nitrogen compounds; Chemical entities	143.154	349	5.825	839079858034161738	839079635262081926	839079635262081925	816	
1	C11H13Cl5N2O8	[M + Na]+	C11H13Cl5N2NaO8+	Amino acids and Peptides	0.189	Ornithine alkaloids	0.099	Pyrrolidine alkaloids	0.163	Benzenoids	0.826	Benzene and substituted derivatives	0.869	Nitrobenzenes	0.787			Nitrobenzenes	0.787	Organic compounds; Nitrobenzenes; Alcohols and polyols; Organic acids and derivatives; Carboxylic acids and derivatives; Organohalogen compounds; Organonitrogen compounds; Organooxygen compounds; Nitrogen mustard compounds; Carboxylic acid amides; Alkyl chlorides; Carboxylic acid derivatives; Organic nitro compounds; Organic oxoazanium compounds; Organochlorides; Secondary carboxylic acid amides; Carbonyl compounds; Benzene and substituted derivatives; Benzenoids; Alkyl halides; Organic 1,3-dipolar compounds; Allyl-type 1,3-dipolar organic compounds; Propargyl-type 1,3-dipolar organic compounds; Organic oxides; C-nitro compounds; Hydrocarbon derivatives; Organopnictogen compounds; Organic oxygen compounds; Nitroaromatic compounds; Organic nitrogen compounds; Chemical entities	498.901	350	5.826	839079892356154684	839079635161418618	839079635161418617	813	
1	C14H9NO10P2S2	[M + Na]+	C14H9NNaO10P2S2+	Shikimates and Phenylpropanoids	0.570	Coumarins	0.723	Simple coumarins	0.659	Benzenoids	0.987							Benzenoids	0.987	Organic compounds; Organoheterocyclic compounds; Organosulfur compounds; Organic acids and derivatives; Organonitrogen compounds; Organooxygen compounds; Benzenoids; Organic oxides; Azacyclic compounds; Heteroaromatic compounds; Hydrocarbon derivatives; Organopnictogen compounds; Organic oxygen compounds; Organic nitrogen compounds; Chemical entities	499.905	350	5.829	839079862178134512	839079635199167358	839079635199167357	814	
1	C23H20BrCl2F3N4O5S4	[M + K]+	C23H20BrCl2F3KN4O5S4+	Alkaloids	0.144	Proline alkaloids	0.160	Pyrrole alkaloids	0.155	Benzenoids	0.993	Benzene and substituted derivatives	0.985	Benzenesulfonamides	0.568			Benzenesulfonamides	0.568	Organic compounds; Organoheterocyclic compounds; Organosulfur compounds; Benzenesulfonamides; Halobenzenes; Organic acids and derivatives; Organohalogen compounds; Organosulfonic acids and derivatives; Organonitrogen compounds; Organooxygen compounds; Alkyl fluorides; Aryl chlorides; Aryl fluorides; Chlorobenzenes; Fluorobenzenes; Sulfonyls; Organochlorides; Organofluorides; Organosulfonamides; Benzene and substituted derivatives; Benzenoids; Aryl halides; Alkyl halides; Aminosulfonyl compounds; Organic oxides; Azacyclic compounds; Heteroaromatic compounds; Hydrocarbon derivatives; Benzenesulfonyl compounds; Organic sulfonic acids and derivatives; Organopnictogen compounds; Organic oxygen compounds; Organic nitrogen compounds; Chemical entities	804.845	350	5.829	839080069703915137	839079635371133842	839079635371133841	819	
1	C23H25I2O19P3	[M + Na]+	C23H25I2NaO19P3+	Shikimates and Phenylpropanoids	0.830	Coumarins	0.337	Simple coumarins	0.610	Organic acids and derivatives	0.961	Organic phosphoric acids and derivatives	0.994	Phosphate esters	0.992	Alkyl phosphates	0.987	Monoalkyl phosphates	0.938	Organic compounds; Carbohydrates and carbohydrate conjugates; Alcohols and polyols; Organic acids and derivatives; Organohalogen compounds; Organooxygen compounds; Organic phosphoric acids and derivatives; Phosphate esters; Aryl iodides; Organoiodides; Monosaccharides; Secondary alcohols; Benzene and substituted derivatives; Benzenoids; Alkyl phosphates; Monoalkyl phosphates; Organic oxides; Oxacyclic compounds; Hydrocarbon derivatives; Organic oxygen compounds; Chemical entities	974.814	350	5.830	839079890221253675	839079635635375018	839079635635375017	825	
1	C60H102N7O15	[M + H3N + H]+	C60H106N8O15+	Amino acids and Peptides	0.884	Oligopeptides	0.999	Lipopeptides	0.413	Organic acids and derivatives	0.998	Peptidomimetics	0.618	Depsipeptides	0.612	Cyclic depsipeptides	0.588	Cyclic depsipeptides	0.588	Organic compounds; Organoheterocyclic compounds; Lipids and lipid-like molecules; Amino acids, peptides, and analogues; Alpha amino acids and derivatives; Macrolactams; Alcohols and polyols; Lactams; Pyrrolidines; Phenylpropanoids and polyketides; Organic acids and derivatives; Carboxylic acids and derivatives; Organonitrogen compounds; Organooxygen compounds; Fatty amides; Amino acids and derivatives; Carboxylic acid amides; Carboxylic acid derivatives; N-acyl amines; Monocarboxylic acids and derivatives; N-acyl-alpha amino acids and derivatives; Secondary carboxylic acid amides; Tertiary carboxylic acid amides; Peptidomimetics; Carbonyl compounds; Depsipeptides; Cyclic depsipeptides; Benzene and substituted derivatives; Alpha amino acid amides; Benzenoids; Fatty Acyls; Organic oxides; Azacyclic compounds; Hydrocarbon derivatives; Organopnictogen compounds; Organic oxygen compounds; Organic nitrogen compounds; Chemical entities	1178.776	350	5.830	839081106812688378	839079635677318062	839079635677318061	826	
1	C6H10O4P2S2	[M + Na]+	C6H10NaO4P2S2+	Fatty acids	0.329	Monoterpenoids	0.337	Thia fatty acids	0.031	Organic acids and derivatives	0.962	Organic dithiophosphoric acids and derivatives	0.962	Dithiophosphate S-esters	0.910			Dithiophosphate S-esters	0.910	Organic compounds; Organosulfur compounds; Organic acids and derivatives; Carboxylic acids and derivatives; Organooxygen compounds; Organophosphorus compounds; Organothiophosphorus compounds; Carbonyl compounds; Sulfenyl compounds; Organic dithiophosphoric acids and derivatives; Dithiophosphate S-esters; Organic oxides; Hydrocarbon derivatives; Dithiophosphate O-esters; Organic oxygen compounds; Chemical entities	294.939	350	5.831	839079871657262407	839079635803147194	839079635798952889	829	
1	C5H8F2O9P2Si	[M + Na]+	C5H8F2NaO9P2Si+	Fatty acids	0.451	Fatty Acids and Conjugates	0.276	Halogenated fatty acids	0.468	Organic acids and derivatives	0.999	Organic phosphoric acids and derivatives	0.710	Phosphate esters	0.676	Alkyl phosphates	0.789	Monoalkyl phosphates	0.739	Organic compounds; Organic acids and derivatives; Carboxylic acids and derivatives; Organohalogen compounds; Organooxygen compounds; Organophosphorus compounds; Organic phosphoric acids and derivatives; Phosphate esters; Organic phosphonic acids and derivatives; Alkyl fluorides; Monocarboxylic acids and derivatives; Carboxylic acids; Organofluorides; Carbonyl compounds; Alkyl halides; Alkyl phosphates; Monoalkyl phosphates; Organic oxides; Hydrocarbon derivatives; Organic oxygen compounds; Chemical entities	362.926	350	5.831	839079884865126912	839079635761204150	839079635761204149	828	
1	C5H10O24P2	[M - H2O + H]+	C5H9O23P2+	Carbohydrates	0.988	Polyols	0.556	Cyclitols	0.584	Organic acids and derivatives	0.998	Organic phosphoric acids and derivatives	0.898	Phosphate esters	0.870	Alkyl phosphates	0.567	Monoalkyl phosphates	0.521	Organic compounds; Alcohols and polyols; Organic acids and derivatives; Carboxylic acids and derivatives; Organooxygen compounds; Organic phosphoric acids and derivatives; Phosphate esters; Carboxylic acids; Secondary alcohols; Carbonyl compounds; Alkyl phosphates; Monoalkyl phosphates; Organic oxides; Hydrocarbon derivatives; Organic oxygen compounds; Chemical entities	498.901	350	5.831	839079886500905664	839079635845090238	839079635840895933	830	
1	C11H20IO14P3	[M + K]+	C11H20IKO14P3+	Carbohydrates	0.986	Polyols	0.946	Cyclitols	0.958	Organic acids and derivatives	0.993	Organic phosphoric acids and derivatives	0.998	Phosphate esters	0.995	Alkyl phosphates	0.990	Monoalkyl phosphates	0.973	Organic compounds; Alcohols and polyols; Organic acids and derivatives; Organohalogen compounds; Organooxygen compounds; Organic phosphoric acids and derivatives; Phosphate esters; Secondary alcohols; Alkyl phosphates; Monoalkyl phosphates; Organic oxides; Hydrocarbon derivatives; Organic oxygen compounds; Chemical entities	634.876	350	5.831	839079892779779463	839079635920587718	839079635920587717	832	
1	C7H16O19P4	[M + K]+	C7H16KO19P4+	Carbohydrates	0.949	Polyols	0.895	Cyclitols	0.913	Organic acids and derivatives	0.997	Organic phosphoric acids and derivatives	0.993	Phosphate esters	0.979	Alkyl phosphates	0.882	Monoalkyl phosphates	0.850	Organic compounds; Alcohols and polyols; Organic acids and derivatives; Organooxygen compounds; Organic phosphoric acids and derivatives; Phosphate esters; Alkyl phosphates; Monoalkyl phosphates; Organic oxides; Hydrocarbon derivatives; Organic oxygen compounds; Chemical entities	566.889	350	5.831	839079898957989623	839079635882838978	839079635882838977	831	
1	C4H6NO4PS2	[M + H]+	C4H7NO4PS2+	Amino acids and Peptides	0.180	Pseudoalkaloids (transamidation)	0.104	Aminoacids	0.055	Organic nitrogen compounds	0.966	Organonitrogen compounds	0.701					Organonitrogen compounds	0.701	Organic compounds; Organosulfur compounds; Organic acids and derivatives; Organonitrogen compounds; Organic oxides; Hydrocarbon derivatives; Organopnictogen compounds; Organic oxygen compounds; Organic nitrogen compounds; Chemical entities	227.954	350	5.831	839079866204666764	839079636000279502	839079635996085197	834	
1	C11H10Cl3NO4	[M + K]+	C11H10Cl3KNO4+	Alkaloids	0.349	Tyrosine alkaloids	0.061	Pyrrolidine alkaloids	0.049	Benzenoids	0.665	Benzene and substituted derivatives	0.686	Halobenzenes	0.760	Chlorobenzenes	0.741	Chlorobenzenes	0.741	Organic compounds; Halobenzenes; Ethers; Organic acids and derivatives; Carboxylic acids and derivatives; Organohalogen compounds; Organonitrogen compounds; Organooxygen compounds; Alkyl chlorides; Aryl chlorides; Carboxylic acid derivatives; Chlorobenzenes; Organochlorides; Carbonyl compounds; Benzene and substituted derivatives; Benzenoids; Aryl halides; Alkyl halides; Organic oxides; Hydrocarbon derivatives; Organopnictogen compounds; Organic oxygen compounds; Organic nitrogen compounds; Chemical entities	363.930	350	5.832	839079870906481893	839079636071582678	839079636071582677	836	
1	C13H23N3O5	[M + Na]+	C13H23N3NaO5+	Amino acids and Peptides	0.811	Small peptides	0.615	Dipeptides	0.527	Organic acids and derivatives	0.981	Carboxylic acids and derivatives	0.951	Amino acids, peptides, and analogues	0.621	Amino acids and derivatives	0.615	Alpha amino acids and derivatives	0.578	Organic compounds; Lipids and lipid-like molecules; Amino acids, peptides, and analogues; Alpha amino acids and derivatives; Fatty acids and conjugates; Organic acids and derivatives; Carboxylic acids and derivatives; Organonitrogen compounds; Organooxygen compounds; Fatty amides; Amino acids and derivatives; Carboxylic acid amides; Carboxylic acid derivatives; N-acyl amines; Monocarboxylic acids and derivatives; Carboxylic acids; Secondary carboxylic acid amides; Carbonyl compounds; Fatty Acyls; Organic oxides; Hydrocarbon derivatives; Organopnictogen compounds; Organic oxygen compounds; Organic nitrogen compounds; Chemical entities	324.153	352	5.861	839079899163510525	839079636134497246	839079636134497245	838	
1	C17H24FN3O3S	[M + Na]+	C17H24FN3NaO3S+	Alkaloids	0.523	Histidine alkaloids	0.146	Imidazole alkaloids	0.148	Benzenoids	0.907	Benzene and substituted derivatives	0.876	Halobenzenes	0.839	Fluorobenzenes	0.858	Fluorobenzenes	0.858	Organic compounds; Organoheterocyclic compounds; Organosulfur compounds; Halobenzenes; Organic acids and derivatives; Carboxylic acids and derivatives; Organohalogen compounds; Organonitrogen compounds; Organooxygen compounds; Aryl fluorides; Fluorobenzenes; Organofluorides; Benzene and substituted derivatives; Benzenoids; Aryl halides; Organic oxides; Azacyclic compounds; Hydrocarbon derivatives; Organopnictogen compounds; Organic oxygen compounds; Organic nitrogen compounds; Chemical entities	392.140	352	5.861	839079904385419284	839079636168051682	839079636168051681	839	
1	C12H16N4O3	[M + H3N + H]+	C12H20N5O3+	Amino acids and Peptides	0.490	Small peptides	0.668	Dipeptides	0.348	Organoheterocyclic compounds	0.888	Azoles	0.697					Azoles	0.697	Organic compounds; Organoheterocyclic compounds; Organic acids and derivatives; Carboxylic acids and derivatives; Organonitrogen compounds; Organooxygen compounds; Azoles; Carboxylic acid derivatives; Carbonyl compounds; Organic oxides; Azacyclic compounds; Heteroaromatic compounds; Hydrocarbon derivatives; Organopnictogen compounds; Organic oxygen compounds; Organic nitrogen compounds; Chemical entities	282.155	356	5.927	839079864917015318	839079636201606118	839079636201606117	840	
1	C8H18N4O4	[M - H2O + H]+	C8H17N4O3+	Amino acids and Peptides	0.993	Small peptides	0.999	Aminoacids	0.879	Organic acids and derivatives	1.000	Carboxylic acids and derivatives	0.999	Amino acids, peptides, and analogues	0.982	Amino acids and derivatives	0.981	N-acyl-alpha amino acids and derivatives	0.516	Organic compounds; Lipids and lipid-like molecules; Amino acids, peptides, and analogues; Alpha amino acids and derivatives; Fatty acids and conjugates; Organic acids and derivatives; Carboxylic acids and derivatives; Organonitrogen compounds; Organooxygen compounds; Amino acids and derivatives; Guanidines; Carboxylic acid amides; Carboxylic acid derivatives; Monocarboxylic acids and derivatives; N-acyl-alpha amino acids and derivatives; Carboxylic acids; Secondary carboxylic acid amides; Carbonyl compounds; Carboximidamides; Organic 1,3-dipolar compounds; Propargyl-type 1,3-dipolar organic compounds; Fatty Acyls; Acetamides; Organic oxides; Hydrocarbon derivatives; Organopnictogen compounds; Organic oxygen compounds; Organic nitrogen compounds; Chemical entities	217.130	360	5.993	839079868402482282	839079636272909294	839079636272909293	842	
1	C5H9NO2	[M + H3N + H]+	C5H13N2O2+	Amino acids and Peptides	0.732	Small peptides	0.495	Aminoacids	0.486	Organic acids and derivatives	0.662	Carboxylic acids and derivatives	0.699					Carboxylic acids and derivatives	0.699	Organic compounds; Organoheterocyclic compounds; Organic acids and derivatives; Carboxylic acids and derivatives; Organonitrogen compounds; Organooxygen compounds; Carbonyl compounds; Organic oxides; Azacyclic compounds; Hydrocarbon derivatives; Organopnictogen compounds; Organic oxygen compounds; Organic nitrogen compounds; Chemical entities	133.097	360	6.000	839079879005683704	839079636306463730	839079636306463729	843	
1	C13H25N3O6	[M - H2O + H]+	C13H24N3O5+	Amino acids and Peptides	0.482	Small peptides	0.509	Polyamines	0.208	Organic acids and derivatives	0.999	Carboxylic acids and derivatives	0.998	Amino acids, peptides, and analogues	0.881	Amino acids and derivatives	0.873	N-acyl-alpha amino acids and derivatives	0.549	Organic compounds; Lipids and lipid-like molecules; Amino acids, peptides, and analogues; Alpha amino acids and derivatives; Alcohols and polyols; Fatty acids and conjugates; Organic acids and derivatives; Carboxylic acids and derivatives; Organonitrogen compounds; Organooxygen compounds; Fatty amides; Amino acids and derivatives; Carboxylic acid amides; Carboxylic acid derivatives; N-acyl amines; Monocarboxylic acids and derivatives; N-acyl-alpha amino acids and derivatives; Carboxylic acids; Secondary alcohols; Secondary carboxylic acid amides; Carbonyl compounds; Amines; Fatty Acyls; Acetamides; Organic oxides; Hydrocarbon derivatives; Amino acids; Organopnictogen compounds; Organic oxygen compounds; Organic nitrogen compounds; Chemical entities	302.171	360	6.008	839079867253242838	839079636340018166	839079636340018165	844	
1	C5H9NO2	[M + H3N + H]+	C5H13N2O2+	Amino acids and Peptides	0.565	Fatty amides	0.353	Primary amides	0.261	Organic acids and derivatives	0.796	Carboxylic acids and derivatives	0.807	Carboxylic acid derivatives	0.642	Carboxylic acid amides	0.628	Carboxylic acid amides	0.628	Organic compounds; Organoheterocyclic compounds; Organic acids and derivatives; Carboxylic acids and derivatives; Organonitrogen compounds; Organooxygen compounds; Carboxylic acid amides; Carboxylic acid derivatives; Carbonyl compounds; Organic oxides; Azacyclic compounds; Hydrocarbon derivatives; Organopnictogen compounds; Organic oxygen compounds; Organic nitrogen compounds; Chemical entities	133.097	361	6.012	839079865751681889	839079636373572602	839079636373572601	845	
1	C8H18N2	[M + H3N + H]+	C8H22N3+	Alkaloids	0.982	Ornithine alkaloids	0.642	Acetate-derived alkaloids	0.845	Organoheterocyclic compounds	0.575	Azacyclic compounds	0.630					Azacyclic compounds	0.630	Organic compounds; Organoheterocyclic compounds; Organonitrogen compounds; Monoalkylamines; Amines; Primary amines; Azacyclic compounds; Hydrocarbon derivatives; Organopnictogen compounds; Organic nitrogen compounds; Chemical entities	160.181	361	6.021	839079899218036502	839079636503596042	839079636503596041	849	
1	C9H17N3O3S	[M - H2O + H]+	C9H16N3O2S+	Amino acids and Peptides	0.861	Histidine alkaloids	0.474	Imidazole alkaloids	0.476	Lipids and lipid-like molecules	0.529	Fatty Acyls	0.528	Fatty acids and conjugates	0.680	Thia fatty acids	0.514	Thia fatty acids	0.514	Organic compounds; Organoheterocyclic compounds; Organosulfur compounds; Lipids and lipid-like molecules; Fatty acids and conjugates; Organic acids and derivatives; Carboxylic acids and derivatives; Organonitrogen compounds; Organooxygen compounds; Monocarboxylic acids and derivatives; Thioethers; Carboxylic acids; Thia fatty acids; Carbonyl compounds; Amines; Dialkylthioethers; Fatty Acyls; Organic oxides; Azacyclic compounds; Hydrocarbon derivatives; Organopnictogen compounds; Organic oxygen compounds; Organic nitrogen compounds; Chemical entities	230.096	364	6.066	839079882847666375	839079636407127038	839079636407127037	846	
1	C9H17N3O4S	[M - H2O + H]+	C9H16N3O3S+	Amino acids and Peptides	0.925	Small peptides	0.808	Aminoacids	0.312	Organic acids and derivatives	0.966	Carboxylic acids and derivatives	0.943	Amino acids, peptides, and analogues	0.663	Amino acids and derivatives	0.660	Alpha amino acids	0.584	Organic compounds; Organosulfur compounds; Lipids and lipid-like molecules; Amino acids, peptides, and analogues; Alpha amino acids and derivatives; Fatty acids and conjugates; Organic acids and derivatives; Carboxylic acids and derivatives; Organonitrogen compounds; Organooxygen compounds; Amino acids and derivatives; Monocarboxylic acids and derivatives; Carboxylic acids; Thia fatty acids; Carbonyl compounds; Alpha amino acids; Amines; Dialkylthioethers; Fatty Acyls; Organic oxides; Hydrocarbon derivatives; Amino acids; Organopnictogen compounds; Organic oxygen compounds; Organic nitrogen compounds; Chemical entities	246.091	364	6.067	839079868792552592	839079636440681474	839079636440681473	847	
1	C9H9N3O3	[M + H3N + H]+	C9H13N4O3+	Alkaloids	0.747	Nicotinic acid alkaloids	0.385	Pyridine alkaloids	0.387	Organoheterocyclic compounds	0.849	Heteroaromatic compounds	0.669					Heteroaromatic compounds	0.669	Organic compounds; Organoheterocyclic compounds; Organic acids and derivatives; Carboxylic acids and derivatives; Organonitrogen compounds; Organooxygen compounds; Organic oxides; Azacyclic compounds; Heteroaromatic compounds; Hydrocarbon derivatives; Organopnictogen compounds; Organic oxygen compounds; Organic nitrogen compounds; Chemical entities	225.098	364	6.071	839079878808551373	839079636470041606	839079636470041605	848	
1	C5H11NO3S	[M - H2O + H]+	C5H10NO2S+	Amino acids and Peptides	0.991	Small peptides	0.982	Aminoacids	0.985	Organic acids and derivatives	0.983	Carboxylic acids and derivatives	0.979	Amino acids, peptides, and analogues	0.976	Amino acids and derivatives	0.976	Alpha amino acids	0.810	Organic compounds; Organosulfur compounds; Amino acids, peptides, and analogues; Alpha amino acids and derivatives; Organic acids and derivatives; Carboxylic acids and derivatives; Organonitrogen compounds; Organooxygen compounds; Amino acids and derivatives; Monoalkylamines; Monocarboxylic acids and derivatives; Carboxylic acids; Carbonyl compounds; Alpha amino acids; Amines; Primary amines; Sulfenyl compounds; Organic oxides; Hydrocarbon derivatives; Amino acids; Cysteine and derivatives; Organopnictogen compounds; Organic oxygen compounds; Organic nitrogen compounds; Chemical entities	148.043	365	6.080	839079873213349378	839079636537150478	839079636537150477	850	
1	C5H10N2O3	[M - H2O + H]+	C5H9N2O2+	Amino acids and Peptides	1.000	Small peptides	1.000	Aminoacids	0.999	Organic acids and derivatives	1.000	Carboxylic acids and derivatives	1.000	Amino acids, peptides, and analogues	0.995	Amino acids and derivatives	0.995	Alpha amino acids	0.874	Organic compounds; Lipids and lipid-like molecules; Amino acids, peptides, and analogues; Alpha amino acids and derivatives; Fatty acids and conjugates; Organic acids and derivatives; Carboxylic acids and derivatives; Organonitrogen compounds; Organooxygen compounds; Amino acids and derivatives; Monoalkylamines; Carboxylic acid amides; Carboxylic acid derivatives; Monocarboxylic acids and derivatives; Carboxylic acids; Carbonyl compounds; Alpha amino acids; Amines; Primary amines; Fatty Acyls; Organic oxides; Hydrocarbon derivatives; Amino acids; Organopnictogen compounds; Organic oxygen compounds; Organic nitrogen compounds; Chemical entities	129.066	365	6.088	839079866020117366	839079636566510610	839079636566510609	851	
1	C6H12N2O3	[M + H]+	C6H13N2O3+	Amino acids and Peptides	0.995	Small peptides	0.999	Dipeptides	0.923	Organic acids and derivatives	1.000	Carboxylic acids and derivatives	1.000	Amino acids, peptides, and analogues	1.000	Peptides	0.829	Dipeptides	0.584	Organic compounds; Amino acids, peptides, and analogues; Alpha amino acids and derivatives; Organic acids and derivatives; Carboxylic acids and derivatives; Organonitrogen compounds; Organooxygen compounds; Amino acids and derivatives; Peptides; Monoalkylamines; Carboxylic acid amides; Carboxylic acid derivatives; Monocarboxylic acids and derivatives; N-acyl-alpha amino acids and derivatives; Carboxylic acids; Secondary carboxylic acid amides; Carbonyl compounds; Alpha amino acid amides; N-acyl-alpha amino acids; Amines; Primary amines; Organic oxides; Hydrocarbon derivatives; Amino acids; Alanine and derivatives; Organopnictogen compounds; Organic oxygen compounds; Organic nitrogen compounds; Dipeptides; Chemical entities	161.092	369	6.143	839079864531139291	839079636604259350	839079636600065045	852	
1	C7H11NO3	[M + H3N + H]+	C7H15N2O3+	Amino acids and Peptides	0.962	Small peptides	0.990	Aminoacids	0.967	Organic acids and derivatives	1.000	Carboxylic acids and derivatives	1.000	Amino acids, peptides, and analogues	0.966	Amino acids and derivatives	0.966	N-acyl-alpha amino acids	0.947	Organic compounds; Organoheterocyclic compounds; Amino acids, peptides, and analogues; Alpha amino acids and derivatives; Pyrrolidines; Organic acids and derivatives; Carboxylic acids and derivatives; Organonitrogen compounds; Organooxygen compounds; Amino acids and derivatives; Carboxylic acid amides; Carboxylic acid derivatives; Monocarboxylic acids and derivatives; N-acyl-alpha amino acids and derivatives; Carboxylic acids; Tertiary carboxylic acid amides; Carbonyl compounds; Pyrrolidine carboxylic acids and derivatives; N-acyl-alpha amino acids; Pyrrolidine carboxylic acids; N-acylpyrrolidines; Acetamides; Organic oxides; Azacyclic compounds; Hydrocarbon derivatives; Proline and derivatives; Organopnictogen compounds; Organic oxygen compounds; Organic nitrogen compounds; Chemical entities	175.108	370	6.162	839079866326301621	839079636633619482	839079636633619481	853	
1	C10H19N3O5	[M - H2O + H]+	C10H18N3O4+	Amino acids and Peptides	1.000	Small peptides	1.000	Dipeptides	0.983	Organic acids and derivatives	1.000	Carboxylic acids and derivatives	1.000	Amino acids, peptides, and analogues	0.998	Peptides	0.996	Oligopeptides	0.607	Organic compounds; Lipids and lipid-like molecules; Amino acids, peptides, and analogues; Alpha amino acids and derivatives; Alcohols and polyols; Fatty acids and conjugates; Organic acids and derivatives; Carboxylic acids and derivatives; Organonitrogen compounds; Organooxygen compounds; Fatty amides; Branched fatty acids; Amino acids and derivatives; Peptides; Monoalkylamines; Carboxylic acid amides; Carboxylic acid derivatives; N-acyl amines; Monocarboxylic acids and derivatives; N-acyl-alpha amino acids and derivatives; Carboxylic acids; Secondary carboxylic acid amides; Carbonyl compounds; Alpha amino acid amides; N-acyl-alpha amino acids; Amines; Primary amines; Fatty Acyls; Organic oxides; Hydrocarbon derivatives; Amino acids; Glutamine and derivatives; Organopnictogen compounds; Organic oxygen compounds; Organic nitrogen compounds; Dipeptides; Oligopeptides; Chemical entities	244.129	370	6.166	839079877780946813	839079636667173918	839079636667173917	854	
1	C6H3NO	[M + H3N + H]+	C6H7N2O+	Alkaloids	0.900	Nicotinic acid alkaloids	0.849	Pyridine alkaloids	0.849	Organoheterocyclic compounds	0.440	Heteroaromatic compounds	0.582					Heteroaromatic compounds	0.582	Organic compounds; Organonitrogen compounds; Organooxygen compounds; Nitriles; Heteroaromatic compounds; Hydrocarbon derivatives; Organic cyanides; Organopnictogen compounds; Organic oxygen compounds; Organic nitrogen compounds; Chemical entities	123.055	376	6.272	839079872961691108	839079636738477094	839079636738477093	856	
1	C11H11NO6	[M + H3N + H]+	C11H15N2O6+	Carbohydrates	0.603	Nicotinic acid alkaloids	0.542	Pyridine alkaloids	0.543	Organic oxygen compounds	1.000	Organooxygen compounds	0.992	Carbohydrates and carbohydrate conjugates	0.850	Glycosyl compounds	0.717	Glycosylamines	0.659	Organic compounds; Organoheterocyclic compounds; Carbohydrates and carbohydrate conjugates; Alcohols and polyols; Organic acids and derivatives; Carboxylic acids and derivatives; Organonitrogen compounds; Organooxygen compounds; Monosaccharides; Secondary alcohols; Glycosyl compounds; Glycosylamines; Polyols; Benzenoids; Organic oxides; Azacyclic compounds; Oxacyclic compounds; Heteroaromatic compounds; Hydrocarbon derivatives; Organopnictogen compounds; Organic oxygen compounds; Organic nitrogen compounds; Chemical entities	271.092	377	6.279	839079867660090371	839079636772031530	839079636772031529	857	
1	C11H9NO5	[M + H3N + H]+	C11H13N2O5+	Alkaloids	0.447	Anthranilic acid alkaloids	0.178	Anthranillic acid derivatives	0.350	Benzenoids	0.859	Benzene and substituted derivatives	0.661	Benzoic acids and derivatives	0.625			Benzoic acids and derivatives	0.625	Organic compounds; Benzoic acids and derivatives; Organic acids and derivatives; Carboxylic acids and derivatives; Organonitrogen compounds; Benzoyl derivatives; Organooxygen compounds; Carboxylic acid derivatives; Monocarboxylic acids and derivatives; Carboxylic acids; Carbonyl compounds; Benzene and substituted derivatives; Benzenoids; Organic oxides; Hydrocarbon derivatives; Organopnictogen compounds; Organic oxygen compounds; Organic nitrogen compounds; Chemical entities	253.082	377	6.281	839079876476518168	839079636809780270	839079636809780269	858	
1	C7H16N4O4	[M - H2O + H]+	C7H15N4O3+	Amino acids and Peptides	0.999	Small peptides	0.999	Aminoacids	0.998	Organic acids and derivatives	1.000	Carboxylic acids and derivatives	1.000	Amino acids, peptides, and analogues	0.997	Amino acids and derivatives	0.997	Alpha amino acids	0.870	Organic compounds; Lipids and lipid-like molecules; Amino acids, peptides, and analogues; Alpha amino acids and derivatives; Fatty acids and conjugates; Organic acids and derivatives; Carboxylic acids and derivatives; Organonitrogen compounds; Organooxygen compounds; Amino acids and derivatives; Guanidines; Monoalkylamines; Monocarboxylic acids and derivatives; Carboxylic acids; Carbonyl compounds; Alpha amino acids; Amines; Primary amines; Carboximidamides; Organic 1,3-dipolar compounds; Propargyl-type 1,3-dipolar organic compounds; Fatty Acyls; Organic oxides; Hydrocarbon derivatives; Amino acids; Organopnictogen compounds; Organic oxygen compounds; Organic nitrogen compounds; Chemical entities	203.114	382	6.365	839079872353516957	839079636872694838	839079636872694837	860	
1	C12H22O11	[M + Na]+	C12H22NaO11+	Carbohydrates	1.000	Saccharides	1.000	Disaccharides	0.998	Organic oxygen compounds	1.000	Organooxygen compounds	1.000	Carbohydrates and carbohydrate conjugates	1.000	Glycosyl compounds	0.990	C-glycosyl compounds	0.537	Organic compounds; Organoheterocyclic compounds; Carbohydrates and carbohydrate conjugates; Alcohols and polyols; Ethers; Primary alcohols; Organooxygen compounds; Disaccharides; Acetals; Secondary alcohols; Oxanes; Glycosyl compounds; C-glycosyl compounds; O-glycosyl compounds; Polyols; Oxacyclic compounds; Hydrocarbon derivatives; Organic oxygen compounds; Chemical entities	365.105	387	6.449	839079975717949711	839079636943998014	839079636939803709	862	
1	C7H11NO3	[M + H3N + H]+	C7H15N2O3+	Amino acids and Peptides	0.886	Small peptides	0.813	Aminoacids	0.795	Organic acids and derivatives	0.919	Carboxylic acids and derivatives	0.917	Amino acids, peptides, and analogues	0.627	Amino acids and derivatives	0.628	Alpha amino acids and derivatives	0.513	Organic compounds; Amino acids, peptides, and analogues; Alpha amino acids and derivatives; Organic acids and derivatives; Carboxylic acids and derivatives; Organonitrogen compounds; Organooxygen compounds; Amino acids and derivatives; Monocarboxylic acids and derivatives; Carboxylic acids; Carbonyl compounds; Organic oxides; Hydrocarbon derivatives; Organopnictogen compounds; Organic oxygen compounds; Organic nitrogen compounds; Chemical entities	175.108	387	6.450	839079965358018542	839079636973358146	839079636973358145	863	
1	C10H16ClN	[M + Na]+	C10H16ClNNa+	Alkaloids	0.883	Pseudoalkaloids (transamidation)	0.482	Phenylethylamines	0.493	Benzenoids	0.729	Benzene and substituted derivatives	0.655	Halobenzenes	0.514			Halobenzenes	0.514	Organic compounds; Halobenzenes; Organohalogen compounds; Organonitrogen compounds; Aryl chlorides; Organochlorides; Dialkylamines; Benzene and substituted derivatives; Benzenoids; Amines; Secondary amines; Aryl halides; Aralkylamines; Hydrocarbon derivatives; Organopnictogen compounds; Organic nitrogen compounds; Chemical entities	208.087	391	6.521	839079871640485176	839079637006912582	839079637006912581	864	
1	C5H8O3S	[M + H3N + H]+	C5H12NO3S+	Fatty acids	0.993	Fatty Acids and Conjugates	0.983	Thia fatty acids	0.984	Lipids and lipid-like molecules	0.728	Fatty Acyls	0.721	Fatty acids and conjugates	0.793	Thia fatty acids	0.518	Thia fatty acids	0.518	Organic compounds; Organosulfur compounds; Lipids and lipid-like molecules; Fatty acids and conjugates; Organic acids and derivatives; Carboxylic acids and derivatives; Organooxygen compounds; Monocarboxylic acids and derivatives; Carboxylic acids; Thia fatty acids; Carbonyl compounds; Fatty Acyls; Organic oxides; Hydrocarbon derivatives; Organic oxygen compounds; Chemical entities	166.053	393	6.556	839079867555232745	839079637069827150	839079637069827149	866	
1	C7H14O4	[M + K]+	C7H14KO4+	Fatty acids	0.666	Fatty acyls	0.258	Fatty alcohols	0.265	Organic oxygen compounds	1.000	Organooxygen compounds	1.000	Ethers	0.880	Dialkyl ethers	0.676	Dialkyl ethers	0.676	Organic compounds; Organoheterocyclic compounds; Alcohols and polyols; Ethers; Organooxygen compounds; Dialkyl ethers; Oxacyclic compounds; Hydrocarbon derivatives; Organic oxygen compounds; Chemical entities	201.052	394	6.566	839079871841811797	839079637103381586	839079637103381585	867	
1	C11H16N2O2S	[M + Na]+	C11H16N2NaO2S+	Alkaloids	0.463	Monoterpenoids	0.426	Menthane monoterpenoids	0.456	Organoheterocyclic compounds	0.699	Azacyclic compounds	0.569					Azacyclic compounds	0.569	Organic compounds; Organoheterocyclic compounds; Organosulfur compounds; Organonitrogen compounds; Organooxygen compounds; Organic oxides; Azacyclic compounds; Hydrocarbon derivatives; Organopnictogen compounds; Organic oxygen compounds; Organic nitrogen compounds; Chemical entities	263.083	395	6.583	839079903160682458	839079637136936022	839079637136936021	868	
1	C5H4O3	[M + H3N + H]+	C5H8NO3+	Fatty acids	0.806	Fatty Acids and Conjugates	0.641	Unsaturated fatty acids	0.270	Organoheterocyclic compounds	0.833	Lactones	0.541					Lactones	0.541	Organic compounds; Organoheterocyclic compounds; Lactones; Organic acids and derivatives; Carboxylic acids and derivatives; Organooxygen compounds; Monocarboxylic acids and derivatives; Carboxylic acids; Carbonyl compounds; Organic oxides; Oxacyclic compounds; Hydrocarbon derivatives; Organic oxygen compounds; Chemical entities	130.050	402	6.706	839079870499634367	839079637166296154	839079637166296153	869	
1	C5H7NO3	[M + H3N + H]+	C5H11N2O3+	Amino acids and Peptides	0.998	Small peptides	0.995	Aminoacids	0.995	Organic acids and derivatives	1.000	Carboxylic acids and derivatives	1.000	Amino acids, peptides, and analogues	0.924	Amino acids and derivatives	0.922	Proline and derivatives	0.738	Organic compounds; Organoheterocyclic compounds; Amino acids, peptides, and analogues; Alpha amino acids and derivatives; Lactams; Pyrrolidines; Organic acids and derivatives; Carboxylic acids and derivatives; Organonitrogen compounds; Organooxygen compounds; Amino acids and derivatives; Carboxylic acid amides; Carboxylic acid derivatives; Monocarboxylic acids and derivatives; Pyrrolidones; Carboxylic acids; Secondary carboxylic acid amides; Carbonyl compounds; Pyrrolidine carboxylic acids and derivatives; Oxoprolines; Pyrrolidine carboxylic acids; Pyrrolidine-2-ones; Organic oxides; Azacyclic compounds; Hydrocarbon derivatives; Proline and derivatives; Organopnictogen compounds; Organic oxygen compounds; Organic nitrogen compounds; Chemical entities	147.076	402	6.708	839079867731393569	839079637233405026	839079637233405025	871	
1	C13H17NO3	[M + Na]+	C13H17NNaO3+	Alkaloids	0.554	Small peptides	0.141	Aminoacids	0.055	Benzenoids	0.844	Benzene and substituted derivatives	0.750					Benzene and substituted derivatives	0.750	Organic compounds; Organic acids and derivatives; Carboxylic acids and derivatives; Organonitrogen compounds; Organooxygen compounds; Carbonyl compounds; Benzene and substituted derivatives; Benzenoids; Organic oxides; Hydrocarbon derivatives; Organopnictogen compounds; Organic oxygen compounds; Organic nitrogen compounds; Chemical entities	258.110	408	6.798	839079890393220142	839079637266959462	839079637266959461	872	
1	C16H29N5O7	[M + H]+	C16H30N5O7+	Carbohydrates	0.751	Aminosugars and aminoglycosides	0.786	Aminoglycosides	0.773	Organic acids and derivatives	0.869	Carboxylic acids and derivatives	0.716	Amino acids, peptides, and analogues	0.659	Amino acids and derivatives	0.650	Alpha amino acids and derivatives	0.674	Organic compounds; Lipids and lipid-like molecules; Amino acids, peptides, and analogues; Alpha amino acids and derivatives; Alcohols and polyols; Fatty acids and conjugates; Organic acids and derivatives; Carboxylic acids and derivatives; Organonitrogen compounds; Organooxygen compounds; Fatty amides; Amino acids and derivatives; Monoalkylamines; N-acyl amines; Carboxylic acids; Secondary alcohols; Carbonyl compounds; Amines; Primary amines; Fatty Acyls; Organic oxides; Hydrocarbon derivatives; Amino acids; Organopnictogen compounds; Organic oxygen compounds; Organic nitrogen compounds; Chemical entities	404.214	411	6.850	839079879165067279	839079637300513898	839079637300513897	873	
1	C9H17N3O3	[M - H2O + H]+	C9H16N3O2+	Amino acids and Peptides	0.973	Small peptides	0.989	Dipeptides	0.685	Organic acids and derivatives	0.979	Carboxylic acids and derivatives	0.958	Amino acids, peptides, and analogues	0.856	Amino acids and derivatives	0.853	Alpha amino acids and derivatives	0.759	Organic compounds; Amino acids, peptides, and analogues; Alpha amino acids and derivatives; Organic acids and derivatives; Carboxylic acids and derivatives; Organonitrogen compounds; Organooxygen compounds; Amino acids and derivatives; Carboxylic acid derivatives; Monocarboxylic acids and derivatives; Carboxylic acids; Carbonyl compounds; Amines; Organic oxides; Hydrocarbon derivatives; Amino acids; Organopnictogen compounds; Organic oxygen compounds; Organic nitrogen compounds; Chemical entities	198.124	419	6.983	839079877642534770	839079637334068334	839079637334068333	874	
1	C10H16ClN	[M + Na]+	C10H16ClNNa+	Alkaloids	0.916	Pseudoalkaloids (transamidation)	0.567	Phenylalanine-derived alkaloids	0.629	Benzenoids	0.954	Benzene and substituted derivatives	0.830	Halobenzenes	0.609	Chlorobenzenes	0.553	Chlorobenzenes	0.553	Organic compounds; Halobenzenes; Organohalogen compounds; Organonitrogen compounds; Aryl chlorides; Chlorobenzenes; Organochlorides; Dialkylamines; Benzene and substituted derivatives; Benzenoids; Amines; Aryl halides; Aralkylamines; Hydrocarbon derivatives; Organopnictogen compounds; Organic nitrogen compounds; Chemical entities	208.087	428	7.131	839079874593275491	839079637367622770	839079637367622769	875	
1	C8H14NO3S	[M + H3N + H]+	C8H18N2O3S+	Amino acids and Peptides	0.597	Small peptides	0.119	Aminoacids	0.206	Organic acids and derivatives	0.931	Organic sulfonic acids and derivatives	0.750	Organosulfonic acids and derivatives	0.748			Organosulfonic acids and derivatives	0.748	Organic compounds; Organoheterocyclic compounds; Organic acids and derivatives; Organosulfonic acids and derivatives; Organonitrogen compounds; Organooxygen compounds; Organic oxides; Azacyclic compounds; Hydrocarbon derivatives; Organic sulfonic acids and derivatives; Organopnictogen compounds; Organic oxygen compounds; Organic nitrogen compounds; Chemical entities	222.103	431	7.180	839079875667017428	839079637401177206	839079637401177205	876	
1	C21H22N4O6	[M + H3N + H]+	C21H26N5O6+	Amino acids and Peptides	0.709	Small peptides	0.107	Purine nucleosides	0.081	Organic acids and derivatives	0.987	Carboxylic acids and derivatives	0.921	Amino acids, peptides, and analogues	0.528	Amino acids and derivatives	0.523	Amino acids and derivatives	0.523	Organic compounds; Organoheterocyclic compounds; Amino acids, peptides, and analogues; Phenols; Benzoic acids and derivatives; Organic acids and derivatives; Carboxylic acids and derivatives; Organonitrogen compounds; Benzoyl derivatives; Organooxygen compounds; Amino acids and derivatives; Carboxylic acid amides; Carboxylic acid derivatives; Secondary carboxylic acid amides; Carbonyl compounds; Benzene and substituted derivatives; Benzenoids; Organic oxides; Azacyclic compounds; Heteroaromatic compounds; Hydrocarbon derivatives; Organopnictogen compounds; Organic oxygen compounds; Organic nitrogen compounds; Chemical entities	444.186	435	7.246	839079911071140060	839079637434731642	839079637434731641	877	
1	C6H10F3N3O	[M + Na]+	C6H10F3N3NaO+	Alkaloids	0.746	Histidine alkaloids	0.184	Imidazole alkaloids	0.184	Organoheterocyclic compounds	0.681	Azoles	0.526					Azoles	0.526	Organic compounds; Organoheterocyclic compounds; Organic acids and derivatives; Organohalogen compounds; Organonitrogen compounds; Organooxygen compounds; Azoles; Alkyl fluorides; Organofluorides; Amines; Primary amines; Alkyl halides; Organic oxides; Azacyclic compounds; Heteroaromatic compounds; Hydrocarbon derivatives; Organopnictogen compounds; Organic oxygen compounds; Organic nitrogen compounds; Chemical entities	220.067	435	7.252	839079878246514591	839079637606698126	839079637606698125	882	
1	C16H21N3O7S	[M + H3N + H]+	C16H25N4O7S+	Amino acids and Peptides	0.848	Small peptides	0.282	Dipeptides	0.107	Organic acids and derivatives	0.994	Carboxylic acids and derivatives	0.934	Amino acids, peptides, and analogues	0.773	Amino acids and derivatives	0.768	Alpha amino acids and derivatives	0.778	Organic compounds; Organoheterocyclic compounds; Organosulfur compounds; Amino acids, peptides, and analogues; Alpha amino acids and derivatives; Fatty acids and conjugates; Organic acids and derivatives; Carboxylic acids and derivatives; Organonitrogen compounds; Organooxygen compounds; Amino acids and derivatives; Carboxylic acid derivatives; Monocarboxylic acids and derivatives; Carboxylic acids; Carbonyl compounds; Organic oxides; Hydrocarbon derivatives; Organopnictogen compounds; Organic oxygen compounds; Organic nitrogen compounds; Chemical entities	417.144	435	7.252	839079931828751254	839079637573143690	839079637573143689	881	
1	C6H7NO3	[M + H3N + H]+	C6H11N2O3+	Amino acids and Peptides	0.775	Small peptides	0.132	Primary amides	0.129	Organoheterocyclic compounds	0.932	Lactams	0.621					Lactams	0.621	Organic compounds; Organoheterocyclic compounds; Lactams; Organic acids and derivatives; Carboxylic acids and derivatives; Organonitrogen compounds; Organooxygen compounds; Carboxylic acid derivatives; Carbonyl compounds; Organic oxides; Azacyclic compounds; Hydrocarbon derivatives; Organopnictogen compounds; Organic oxygen compounds; Organic nitrogen compounds; Chemical entities	159.077	435	7.255	839079933632302005	839079637506034818	839079637506034817	879	
1	C27H28N6O10	[M + H3N + H]+	C27H32N7O10+	Amino acids and Peptides	0.561	Oligopeptides	0.621	Linear peptides	0.501	Organic acids and derivatives	0.996	Carboxylic acids and derivatives	0.976	Amino acids, peptides, and analogues	0.727	Amino acids and derivatives	0.714	N-acyl-alpha amino acids and derivatives	0.624	Organic compounds; Amino acids, peptides, and analogues; Alpha amino acids and derivatives; Phenols; Benzoic acids and derivatives; Benzamides; Organic acids and derivatives; Carboxylic acids and derivatives; Organonitrogen compounds; Benzoyl derivatives; Organooxygen compounds; Amino acids and derivatives; Carboxylic acid amides; Salicylic acid and derivatives; Carboxylic acid derivatives; N-acyl-alpha amino acids and derivatives; Hydroxybenzoic acid derivatives; Secondary carboxylic acid amides; Carbonyl compounds; Benzene and substituted derivatives; Alpha amino acid amides; Benzenoids; Salicylamides; Vinylogous acids; Organic oxides; Hydrocarbon derivatives; Organopnictogen compounds; Organic oxygen compounds; 1-hydroxy-2-unsubstituted benzenoids; 1-hydroxy-4-unsubstituted benzenoids; Organic nitrogen compounds; Chemical entities	614.223	435	7.257	839079955975360122	839079637539589254	839079637539589253	880	
1	C12H26N6O6	[M + Na]+	C12H26N6NaO6+	Amino acids and Peptides	0.999	Small peptides	0.999	Dipeptides	0.890	Organic acids and derivatives	1.000	Carboxylic acids and derivatives	1.000	Amino acids, peptides, and analogues	0.997	Amino acids and derivatives	0.997	N-acyl-alpha amino acids	0.652	Organic compounds; Lipids and lipid-like molecules; Amino acids, peptides, and analogues; Alpha amino acids and derivatives; Fatty acids and conjugates; Organic acids and derivatives; Carboxylic acids and derivatives; Organonitrogen compounds; Organooxygen compounds; Fatty amides; Amino acids and derivatives; Guanidines; Monoalkylamines; Carboxylic acid amides; Carboxylic acid derivatives; N-acyl amines; Monocarboxylic acids and derivatives; N-acyl-alpha amino acids and derivatives; Carboxylic acids; Secondary carboxylic acid amides; Carbonyl compounds; N-acyl-alpha amino acids; Amines; Primary amines; Carboximidamides; Organic 1,3-dipolar compounds; Propargyl-type 1,3-dipolar organic compounds; Fatty Acyls; Organic oxides; Hydrocarbon derivatives; Amino acids; Organopnictogen compounds; Organic oxygen compounds; Organic nitrogen compounds; Chemical entities	373.181	435	7.258	839079964758233029	839079637707361434	839079637707361433	885	
1	C14H24BrN3O4S	[M + H3N + H]+	C14H28BrN4O4S+	Amino acids and Peptides	0.659	Small peptides	0.354	Tripeptides	0.318	Organic acids and derivatives	0.993	Carboxylic acids and derivatives	0.945	Amino acids, peptides, and analogues	0.617	Amino acids and derivatives	0.602	Alpha amino acids and derivatives	0.549	Organic compounds; Organosulfur compounds; Lipids and lipid-like molecules; Amino acids, peptides, and analogues; Alpha amino acids and derivatives; Organic acids and derivatives; Carboxylic acids and derivatives; Organohalogen compounds; Organonitrogen compounds; Organooxygen compounds; Fatty amides; Amino acids and derivatives; Carboxylic acid amides; Alkyl bromides; Carboxylic acid derivatives; N-acyl amines; Sulfonyls; Organobromides; Secondary carboxylic acid amides; Carbonyl compounds; Alkyl halides; Fatty Acyls; Organic oxides; Hydrocarbon derivatives; Organopnictogen compounds; Organic oxygen compounds; Organic nitrogen compounds; Chemical entities	427.100	435	7.258	839079931094748010	839079637912882354	839079637912882353	891	
1	C6H10FN3O3	[M + Na]+	C6H10FN3NaO3+	Amino acids and Peptides	0.992	Small peptides	0.996	Aminoacids	0.988	Organic acids and derivatives	0.997	Carboxylic acids and derivatives	0.981	Amino acids, peptides, and analogues	0.946	Amino acids and derivatives	0.945	Alpha amino acids	0.687	Organic compounds; Lipids and lipid-like molecules; Amino acids, peptides, and analogues; Alpha amino acids and derivatives; Fatty acids and conjugates; Organic acids and derivatives; Carboxylic acids and derivatives; Organohalogen compounds; Organonitrogen compounds; Organooxygen compounds; Amino acids and derivatives; Monoalkylamines; Ureas; Alkyl fluorides; Monocarboxylic acids and derivatives; Carboxylic acids; Organofluorides; Carbonyl compounds; Alpha amino acids; Amines; Primary amines; Alkyl halides; Fatty Acyls; Organic oxides; Hydrocarbon derivatives; Amino acids; Organopnictogen compounds; Organic oxygen compounds; Organic nitrogen compounds; Chemical entities	214.059	435	7.258	839079886870004478	839079637774470306	839079637774470305	887	
1	C6H7F3N2O	[M + H3N + H]+	C6H11F3N3O+	Alkaloids	0.884	Nicotinic acid alkaloids	0.215	Pyridine alkaloids	0.214	Organoheterocyclic compounds	0.899	Heteroaromatic compounds	0.907					Heteroaromatic compounds	0.907	Organic compounds; Organoheterocyclic compounds; Organic acids and derivatives; Organohalogen compounds; Organonitrogen compounds; Organooxygen compounds; Alkyl fluorides; Organofluorides; Alkyl halides; Organic oxides; Azacyclic compounds; Heteroaromatic compounds; Hydrocarbon derivatives; Organopnictogen compounds; Organic oxygen compounds; Organic nitrogen compounds; Chemical entities	198.085	435	7.258	839079889311089632	839079637640252562	839079637640252561	883	
1	C19H20FNO6	[M + H3N + H]+	C19H24FN2O6+	Alkaloids	0.429	Coumarins	0.053	Simple coumarins	0.080	Benzenoids	0.977	Benzene and substituted derivatives	0.797	Halobenzenes	0.664	Fluorobenzenes	0.773	Fluorobenzenes	0.773	Organic compounds; Organoheterocyclic compounds; Halobenzenes; Ketones; Ethers; Organic acids and derivatives; Carboxylic acids and derivatives; Organohalogen compounds; Organonitrogen compounds; Organooxygen compounds; Carboxylic acid amides; Aryl fluorides; Carboxylic acid derivatives; Fluorobenzenes; Organofluorides; Secondary carboxylic acid amides; Carbonyl compounds; Benzene and substituted derivatives; Benzenoids; Aryl halides; Organic oxides; Oxacyclic compounds; Hydrocarbon derivatives; Organopnictogen compounds; Organic oxygen compounds; Organic nitrogen compounds; Chemical entities	395.162	435	7.258	839079898534364892	839079637808024742	839079637808024741	888	
1	C12H23N3O3	[M + H3N + H]+	C12H27N4O3+	Amino acids and Peptides	0.944	Small peptides	0.952	Dipeptides	0.652	Organic acids and derivatives	1.000	Carboxylic acids and derivatives	0.997	Amino acids, peptides, and analogues	0.735	Amino acids and derivatives	0.724	Alpha amino acids and derivatives	0.502	Organic compounds; Lipids and lipid-like molecules; Amino acids, peptides, and analogues; Alpha amino acids and derivatives; Fatty acids and conjugates; Organic acids and derivatives; Carboxylic acids and derivatives; Organonitrogen compounds; Organooxygen compounds; Fatty amides; Branched fatty acids; Amino acids and derivatives; Carboxylic acid amides; Amino fatty acids; Ureas; Carboxylic acid derivatives; N-acyl amines; Monocarboxylic acids and derivatives; Carboxylic acids; Secondary carboxylic acid amides; Carbonyl compounds; Medium-chain fatty acids; Fatty Acyls; Organic oxides; Hydrocarbon derivatives; Organopnictogen compounds; Organic oxygen compounds; Organic nitrogen compounds; Chemical entities	275.208	436	7.259	839079872055721337	839079637879327918	839079637879327917	890	
1	C6H10N2O3	[M + H3N + H]+	C6H14N3O3+	Amino acids and Peptides	0.998	Small peptides	0.998	Aminoacids	0.998	Organic acids and derivatives	1.000	Carboxylic acids and derivatives	1.000	Amino acids, peptides, and analogues	0.987	Amino acids and derivatives	0.987	Alpha amino acids	0.527	Organic compounds; Organoheterocyclic compounds; Amino acids, peptides, and analogues; Alpha amino acids and derivatives; Organic acids and derivatives; Carboxylic acids and derivatives; Organonitrogen compounds; Organooxygen compounds; Amino acids and derivatives; Organic carbonic acids and derivatives; Ureas; Monocarboxylic acids and derivatives; Carboxylic acids; Carbonyl compounds; Alpha amino acids; Organic oxides; Azacyclic compounds; Hydrocarbon derivatives; Amino acids; Organopnictogen compounds; Organic oxygen compounds; Organic nitrogen compounds; Chemical entities	176.103	436	7.260	839079873385315854	839079637845773482	839079637841579177	889	
1	C11H16N2O2S	[M + Na]+	C11H16N2NaO2S+	Amino acids and Peptides	0.399	Histidine alkaloids	0.178	Imidazole alkaloids	0.181	Organoheterocyclic compounds	0.768	Azacyclic compounds	0.593					Azacyclic compounds	0.593	Organic compounds; Organoheterocyclic compounds; Organosulfur compounds; Organonitrogen compounds; Organooxygen compounds; Organic oxides; Azacyclic compounds; Hydrocarbon derivatives; Organopnictogen compounds; Organic oxygen compounds; Organic nitrogen compounds; Chemical entities	263.083	436	7.260	839079882692477094	839079637673806998	839079637673806997	884	
1	C28H32Cl2N4O5S	[M + H3N + H]+	C28H36Cl2N5O5S+	Amino acids and Peptides	0.798	Oligopeptides	0.878	Carboline alkaloids	0.035	Organic acids and derivatives	0.988	Carboxylic acids and derivatives	0.967	Amino acids, peptides, and analogues	0.896	Amino acids and derivatives	0.892	Alpha amino acids and derivatives	0.751	Organic compounds; Organoheterocyclic compounds; Organosulfur compounds; Amino acids, peptides, and analogues; Halobenzenes; Alpha amino acids and derivatives; Ethers; Organic acids and derivatives; Carboxylic acids and derivatives; Organohalogen compounds; Organonitrogen compounds; Organooxygen compounds; Amino acids and derivatives; Carboxylic acid amides; Aryl chlorides; Carboxylic acid derivatives; Chlorobenzenes; Sulfonyls; Organochlorides; Secondary carboxylic acid amides; Tertiary carboxylic acid amides; Carbonyl compounds; Benzene and substituted derivatives; Benzenoids; Amines; Tertiary amines; Dichlorobenzenes; Aryl halides; Organic oxides; Azacyclic compounds; Heteroaromatic compounds; Hydrocarbon derivatives; Benzenesulfonyl compounds; Organopnictogen compounds; Organic oxygen compounds; Organic nitrogen compounds; Chemical entities	624.178	436	7.261	839080014989219022	839079637740915870	839079637740915869	886	
1	C9H20N2	[M + H3N + H]+	C9H24N3+	Alkaloids	0.911	Lysine alkaloids	0.543	Acetate-derived alkaloids	0.787	Organoheterocyclic compounds	0.755	Piperidines	0.656					Piperidines	0.656	Organic compounds; Organoheterocyclic compounds; Piperidines; Organonitrogen compounds; Amines; Azacyclic compounds; Hydrocarbon derivatives; Organopnictogen compounds; Organic nitrogen compounds; Chemical entities	174.196	436	7.269	839079933711993795	839079637468286078	839079637468286077	878	
1	C5H10O4	[M + H3N + H]+	C5H14NO4+	Carbohydrates	0.951	Saccharides	0.926	Monosaccharides	0.887	Organic oxygen compounds	1.000	Organooxygen compounds	1.000	Alcohols and polyols	0.978	Secondary alcohols	0.870	Secondary alcohols	0.870	Organic compounds; Alcohols and polyols; Primary alcohols; Organooxygen compounds; Secondary alcohols; Short-chain aldehydes; Polyols; Hydrocarbon derivatives; Organic oxygen compounds; Chemical entities	152.092	445	7.411	839079899108984570	839079637946436790	839079637946436789	892	
1	C8H18N2Se	[M + H3N + H]+	C8H22N3Se+	Terpenoids	0.373	Monoterpenoids	0.342	Pinane monoterpenoids	0.040	Organometallic compounds	1.000	Organometalloid compounds	1.000	Organoselenium compounds	1.000	Diselenides	0.718	Diselenides	0.718	Organic compounds; Organonitrogen compounds; Organometallic compounds; Organometalloid compounds; Organoselenium compounds; Diselenides; Hydrocarbon derivatives; Organic nitrogen compounds; Chemical entities	234.103	455	7.589	839079876493295402	839079637979991226	839079637979991225	893	
1	C10H19N3	[M + H3N + H]+	C10H23N4+	Alkaloids	0.822	Pseudoalkaloids (transamidation)	0.424	Acetate-derived alkaloids	0.615	Organoheterocyclic compounds	0.472	Azacyclic compounds	0.515					Azacyclic compounds	0.515	Organic compounds; Organonitrogen compounds; Azacyclic compounds; Hydrocarbon derivatives; Organopnictogen compounds; Organic nitrogen compounds; Chemical entities	199.192	457	7.612	839079915735206242	839079638055488706	839079638055488705	895	
1	C11H20N2O3	[M + H3N + H]+	C11H24N3O3+	Amino acids and Peptides	0.825	Small peptides	0.884	Dipeptides	0.606	Organic acids and derivatives	0.998	Carboxylic acids and derivatives	0.994	Amino acids, peptides, and analogues	0.800	Amino acids and derivatives	0.792	N-acyl-alpha amino acids and derivatives	0.565	Organic compounds; Lipids and lipid-like molecules; Amino acids, peptides, and analogues; Alpha amino acids and derivatives; Fatty acids and conjugates; Organic acids and derivatives; Carboxylic acids and derivatives; Organonitrogen compounds; Organooxygen compounds; Fatty amides; Amino acids and derivatives; Monoalkylamines; Carboxylic acid amides; Carboxylic acid derivatives; N-acyl amines; Monocarboxylic acids and derivatives; N-acyl-alpha amino acids and derivatives; Carboxylic acids; Secondary carboxylic acid amides; Carbonyl compounds; Fatty Acyls; Organic oxides; Hydrocarbon derivatives; Organopnictogen compounds; Organic oxygen compounds; Organic nitrogen compounds; Chemical entities	246.181	457	7.614	839079878271680434	839079638017739966	839079638017739965	894	
1	C14H8N2	[M + H3N + H]+	C14H12N3+	Alkaloids	0.997	Tryptophan alkaloids	0.950	Carboline alkaloids	0.926	Benzenoids	0.930							Benzenoids	0.930	Organic compounds; Organoheterocyclic compounds; Pyridines and derivatives; Organonitrogen compounds; Benzenoids; Azacyclic compounds; Heteroaromatic compounds; Hydrocarbon derivatives; Organopnictogen compounds; Organic nitrogen compounds; Chemical entities	222.103	462	7.708	839079884953207315	839079638093237446	839079638093237445	896	
1	C13H14N2OS	[M - H2O + H]+	C13H13N2S+	Alkaloids	0.760	Tryptophan alkaloids	0.231	Imidazole alkaloids	0.088	Benzenoids	0.692	Benzene and substituted derivatives	0.581					Benzene and substituted derivatives	0.581	Organic compounds; Organoheterocyclic compounds; Organosulfur compounds; Organic acids and derivatives; Carboxylic acids and derivatives; Organonitrogen compounds; Organooxygen compounds; Carbonyl compounds; Benzene and substituted derivatives; Benzenoids; Organic oxides; Azacyclic compounds; Hydrocarbon derivatives; Organopnictogen compounds; Organic oxygen compounds; Organic nitrogen compounds; Chemical entities	229.079	468	7.800	839079934144007170	839079638164540622	839079638164540621	898	
1	C10H16ClN	[M + Na]+	C10H16ClNNa+	Alkaloids	0.925	Pseudoalkaloids (transamidation)	0.580	Phenylalanine-derived alkaloids	0.643	Benzenoids	0.956	Benzene and substituted derivatives	0.826	Halobenzenes	0.757	Chlorobenzenes	0.722	Chlorobenzenes	0.722	Organic compounds; Halobenzenes; Organohalogen compounds; Organonitrogen compounds; Aryl chlorides; Chlorobenzenes; Organochlorides; Benzene and substituted derivatives; Benzenoids; Amines; Aryl halides; Aralkylamines; Hydrocarbon derivatives; Organopnictogen compounds; Organic nitrogen compounds; Chemical entities	208.087	469	7.824	839079967287398397	839079638126791882	839079638126791881	897	
1	C9H16N2O	[M + H3N + H]+	C9H20N3O+	Alkaloids	0.638	Lysine alkaloids	0.574	Piperidine alkaloids	0.339	Organoheterocyclic compounds	0.814	Azacyclic compounds	0.812					Azacyclic compounds	0.812	Organic compounds; Organoheterocyclic compounds; Organonitrogen compounds; Organooxygen compounds; Carbonyl compounds; Organic oxides; Azacyclic compounds; Hydrocarbon derivatives; Organopnictogen compounds; Organic oxygen compounds; Organic nitrogen compounds; Chemical entities	186.160	473	7.886	839079900342110050	839079638193900754	839079638193900753	899	
1	C5H10N4O2S	[M + H3N + H]+	C5H14N5O2S+	Alkaloids	0.900	Histidine alkaloids	0.623	Imidazole alkaloids	0.620	Organoheterocyclic compounds	0.998	Azoles	0.933	Triazoles	0.631	1-sulfamoyl-1,2,3-triazoles	0.556	1-sulfamoyl-1,2,3-triazoles	0.556	Organic compounds; Organoheterocyclic compounds; Organosulfur compounds; Triazoles; Organic acids and derivatives; Organonitrogen compounds; Azoles; Organic oxides; Azacyclic compounds; Heteroaromatic compounds; Hydrocarbon derivatives; 1-sulfamoyl-1,2,3-triazoles; Organopnictogen compounds; Organic oxygen compounds; Organic nitrogen compounds; Chemical entities	208.087	476	7.926	839079890447746117	839079638231649494	839079638231649493	900	
1	C7H7F3N2O	[M + H3N + H]+	C7H11F3N3O+	Alkaloids	0.940	Nicotinic acid alkaloids	0.619	Pyridine alkaloids	0.620	Organoheterocyclic compounds	0.908	Pyridines and derivatives	0.759					Pyridines and derivatives	0.759	Organic compounds; Organoheterocyclic compounds; Pyridines and derivatives; Organohalogen compounds; Organonitrogen compounds; Organooxygen compounds; Alkyl fluorides; Organofluorides; Alkyl halides; Azacyclic compounds; Heteroaromatic compounds; Hydrocarbon derivatives; Organopnictogen compounds; Organic oxygen compounds; Organic nitrogen compounds; Chemical entities	210.085	476	7.933	839079880758902876	839079638265203930	839079638265203929	901	
1	C7H16N2Se	[M + H3N + H]+	C7H20N3Se+	Fatty acids	0.162	Monoterpenoids	0.035	Hydrocarbons	0.003	Organometallic compounds	1.000	Organometalloid compounds	1.000	Organoselenium compounds	1.000	Diselenides	0.656	Diselenides	0.656	Organic compounds; Organonitrogen compounds; Organometallic compounds; Organometalloid compounds; Selenols; Organoselenium compounds; Diselenides; Hydrocarbon derivatives; Organic nitrogen compounds; Chemical entities	220.087	478	7.974	839079899872347930	839079638344895714	839079638344895713	903	
1	C9H16N2O	[M + H3N + H]+	C9H20N3O+	Alkaloids	0.814	Lysine alkaloids	0.427	Piperidine alkaloids	0.122	Organic acids and derivatives	0.917	Carboxylic acids and derivatives	0.915	Amino acids, peptides, and analogues	0.772	Amino acids and derivatives	0.772	Amino acids and derivatives	0.772	Organic compounds; Organoheterocyclic compounds; Amino acids, peptides, and analogues; Lactams; Organic acids and derivatives; Carboxylic acids and derivatives; Organonitrogen compounds; Organooxygen compounds; Amino acids and derivatives; Carboxylic acid amides; Carboxylic acid derivatives; Tertiary carboxylic acid amides; Carbonyl compounds; Dialkylamines; Amines; Secondary amines; Organic oxides; Azacyclic compounds; Hydrocarbon derivatives; Organopnictogen compounds; Organic oxygen compounds; Organic nitrogen compounds; Chemical entities	186.160	481	8.012	839079900048508737	839079638311341278	839079638311341277	902	
1	C9H16N2O	[M + H3N + H]+	C9H20N3O+	Alkaloids	0.642	Lysine alkaloids	0.611	Piperidine alkaloids	0.340	Organoheterocyclic compounds	0.818	Azacyclic compounds	0.819					Azacyclic compounds	0.819	Organic compounds; Organoheterocyclic compounds; Organonitrogen compounds; Organooxygen compounds; Carbonyl compounds; Organic oxides; Azacyclic compounds; Hydrocarbon derivatives; Organopnictogen compounds; Organic oxygen compounds; Organic nitrogen compounds; Chemical entities	186.160	482	8.030	839079877822889871	839079638378450150	839079638378450149	904	
1	C7H18N2Se	[M + H3N + H]+	C7H22N3Se+	Fatty acids	0.452	Fatty acyls	0.203	Hydrocarbons	0.025	Organometallic compounds	0.999	Organometalloid compounds	0.999	Organoselenium compounds	0.999	Diselenides	0.780	Diselenides	0.780	Organic compounds; Organonitrogen compounds; Organometallic compounds; Organometalloid compounds; Organoselenium compounds; Diselenides; Hydrocarbon derivatives; Organic nitrogen compounds; Chemical entities	222.103	484	8.063	839079876140973821	839079638516862198	839079638516862197	908	
1	C10H21N3O3	[M + Na]+	C10H21N3NaO3+	Amino acids and Peptides	0.978	Small peptides	0.989	Aminoacids	0.724	Organic acids and derivatives	1.000	Carboxylic acids and derivatives	0.994	Amino acids, peptides, and analogues	0.905	Amino acids and derivatives	0.902	N-acyl-alpha amino acids and derivatives	0.555	Organic compounds; Lipids and lipid-like molecules; Amino acids, peptides, and analogues; Alpha amino acids and derivatives; Fatty acids and conjugates; Organic acids and derivatives; Carboxylic acids and derivatives; Organonitrogen compounds; Organooxygen compounds; Branched fatty acids; Amino acids and derivatives; Organic carbonic acids and derivatives; Ureas; Monocarboxylic acids and derivatives; N-acyl-alpha amino acids and derivatives; Carboxylic acids; N-carbamoyl-alpha amino acids and derivatives; Carbonyl compounds; Fatty Acyls; Organic oxides; Hydrocarbon derivatives; Amino acids; Organopnictogen compounds; Organic oxygen compounds; Organic nitrogen compounds; Chemical entities	254.147	486	8.102	839079887302017826	839079638416198890	839079638416198889	905	
1	C8H15N	[M + H3N + H]+	C8H19N2+	Alkaloids	0.786	Lysine alkaloids	0.378	Acetate-derived alkaloids	0.481	Organic nitrogen compounds	1.000	Organonitrogen compounds	1.000	Amines	0.970	Tertiary amines	0.878	Trialkylamines	0.892	Organic compounds; Organoheterocyclic compounds; Organonitrogen compounds; Trialkylamines; Amines; Tertiary amines; Azacyclic compounds; Hydrocarbon derivatives; Organopnictogen compounds; Organic nitrogen compounds; Chemical entities	143.154	487	8.115	839079872143801733	839079638483307762	839079638483307761	907	
1	C10H18N2O3	[M + H3N + H]+	C10H22N3O3+	Amino acids and Peptides	0.997	Small peptides	1.000	Dipeptides	0.975	Organic acids and derivatives	1.000	Carboxylic acids and derivatives	1.000	Amino acids, peptides, and analogues	1.000	Peptides	0.641	Gamma-glutamyl amino acids	0.548	Organic compounds; Lipids and lipid-like molecules; Amino acids, peptides, and analogues; Alpha amino acids and derivatives; Fatty acids and conjugates; Organic acids and derivatives; Carboxylic acids and derivatives; Organonitrogen compounds; Organooxygen compounds; Fatty amides; Branched fatty acids; Amino acids and derivatives; Peptides; Monoalkylamines; Carboxylic acid amides; Carboxylic acid derivatives; N-acyl amines; Monocarboxylic acids and derivatives; N-acyl-alpha amino acids and derivatives; Carboxylic acids; Secondary carboxylic acid amides; Carbonyl compounds; N-acyl-alpha amino acids; Alpha amino acids; Amines; Primary amines; Gamma-glutamyl amino acids; Fatty Acyls; Organic oxides; Hydrocarbon derivatives; Amino acids; Glutamine and derivatives; Leucine and derivatives; Organopnictogen compounds; Organic oxygen compounds; Organic nitrogen compounds; Dipeptides; Chemical entities	232.165	487	8.120	839079872684866987	839079638449753326	839079638449753325	906	
1	C8H15NO	[M + H3N + H]+	C8H19N2O+	Alkaloids	0.750	Lysine alkaloids	0.790	Piperidine alkaloids	0.524	Organoheterocyclic compounds	0.781	Piperidines	0.752					Piperidines	0.752	Organic compounds; Organoheterocyclic compounds; Piperidines; Organonitrogen compounds; Organooxygen compounds; Carbonyl compounds; Trialkylamines; Amines; Organic oxides; Azacyclic compounds; Hydrocarbon derivatives; Organopnictogen compounds; Organic oxygen compounds; Organic nitrogen compounds; Chemical entities	159.150	495	8.245	839079872508706215	839079638588165374	839079638588165373	910	
1	C10H16ClN	[M + Na]+	C10H16ClNNa+	Alkaloids	0.759	Pseudoalkaloids (transamidation)	0.387	Phenylalanine-derived alkaloids	0.327	Benzenoids	0.910	Benzene and substituted derivatives	0.716	Halobenzenes	0.634	Chlorobenzenes	0.596	Chlorobenzenes	0.596	Organic compounds; Halobenzenes; Organohalogen compounds; Organonitrogen compounds; Aryl chlorides; Chlorobenzenes; Organochlorides; Benzene and substituted derivatives; Benzenoids; Aryl halides; Hydrocarbon derivatives; Organopnictogen compounds; Organic nitrogen compounds; Chemical entities	208.087	499	8.310	839079876883365714	839079638550416634	839079638550416633	909	
1	C7H18N2Se	[M + H3N + H]+	C7H22N3Se+	Fatty acids	0.446	Fatty acyls	0.197	Hydrocarbons	0.025	Organometallic compounds	0.999	Organometalloid compounds	0.999	Organoselenium compounds	0.999	Diselenides	0.779	Diselenides	0.779	Organic compounds; Organonitrogen compounds; Organometallic compounds; Organometalloid compounds; Organoselenium compounds; Diselenides; Hydrocarbon derivatives; Organic nitrogen compounds; Chemical entities	222.103	501	8.342	839079885360054821	839079638621719810	839079638621719809	911	
1	C8H13N	[M + H3N + H]+	C8H17N2+	Alkaloids	0.724	Fatty acyls	0.294	Acetate-derived alkaloids	0.560	Organic nitrogen compounds	0.999	Organonitrogen compounds	0.999	Amines	0.795			Amines	0.795	Organic compounds; Organonitrogen compounds; Amines; Hydrocarbon derivatives; Organopnictogen compounds; Organic nitrogen compounds; Chemical entities	141.139	501	8.353	839079882931552476	839079638655274246	839079638655274245	912	
1	C10H16ClN	[M + Na]+	C10H16ClNNa+	Alkaloids	0.751	Pseudoalkaloids (transamidation)	0.367	Phenylalanine-derived alkaloids	0.301	Benzenoids	0.908	Benzene and substituted derivatives	0.717	Halobenzenes	0.633	Chlorobenzenes	0.597	Chlorobenzenes	0.597	Organic compounds; Halobenzenes; Organohalogen compounds; Organonitrogen compounds; Aryl chlorides; Chlorobenzenes; Organochlorides; Benzene and substituted derivatives; Benzenoids; Aryl halides; Hydrocarbon derivatives; Organopnictogen compounds; Organic nitrogen compounds; Chemical entities	208.087	503	8.375	839079876740759359	839079638688828682	839079638688828681	913	
1	C9H16N2O3	[M + H3N + H]+	C9H20N3O3+	Amino acids and Peptides	0.873	Small peptides	0.968	Dipeptides	0.751	Organic acids and derivatives	0.996	Carboxylic acids and derivatives	0.990	Amino acids, peptides, and analogues	0.868	Amino acids and derivatives	0.864	Alpha amino acids and derivatives	0.756	Organic compounds; Organoheterocyclic compounds; Amino acids, peptides, and analogues; Alpha amino acids and derivatives; Organic acids and derivatives; Carboxylic acids and derivatives; Organonitrogen compounds; Organooxygen compounds; Amino acids and derivatives; Carboxylic acid amides; Carboxylic acid derivatives; Monocarboxylic acids and derivatives; Carboxylic acids; Carbonyl compounds; Amines; Organic oxides; Azacyclic compounds; Hydrocarbon derivatives; Organopnictogen compounds; Organic oxygen compounds; Organic nitrogen compounds; Chemical entities	218.150	510	8.507	839079883103518984	839079638718188814	839079638718188813	914	
1	C9H12O	[M + H3N + H]+	C9H16NO+	Terpenoids	0.911	Monoterpenoids	0.589	Menthane monoterpenoids	0.203	Organic oxygen compounds	0.993	Organooxygen compounds	0.989	Carbonyl compounds	0.871	Aldehydes	0.589	Aldehydes	0.589	Organic compounds; Aldehydes; Organooxygen compounds; Carbonyl compounds; Organic oxides; Hydrocarbon derivatives; Organic oxygen compounds; Chemical entities	154.123	513	8.543	839079876342300434	839079638751743250	839079638751743249	915	
1	C15H8N2O	[M + H3N + H]+	C15H12N3O+	Alkaloids	0.999	Tryptophan alkaloids	0.894	Carboline alkaloids	0.587	Alkaloids and derivatives	0.377	Indolonaphthyridine alkaloids	0.690					Indolonaphthyridine alkaloids	0.690	Organic compounds; Organoheterocyclic compounds; Pyridines and derivatives; Pyrroles; Indoles and derivatives; Organonitrogen compounds; Organooxygen compounds; Pyridoindoles; Naphthyridines; Beta carbolines; Benzenoids; Indoles; Indolonaphthyridine alkaloids; Organic oxides; Azacyclic compounds; Heteroaromatic compounds; Hydrocarbon derivatives; Organopnictogen compounds; Organic oxygen compounds; Organic nitrogen compounds; Diazanaphthalenes; Chemical entities	250.098	513	8.543	839079885670433374	839079638785297686	839079638785297685	916	
1	C22H27N3O3	[M + H3N + H]+	C22H31N4O3+	Amino acids and Peptides	0.822	Small peptides	0.773	Aminoacids	0.167	Organic acids and derivatives	0.997	Carboxylic acids and derivatives	0.992	Amino acids, peptides, and analogues	0.966	Amino acids and derivatives	0.965	Alpha amino acids	0.506	Organic compounds; Amino acids, peptides, and analogues; Alpha amino acids and derivatives; Organic acids and derivatives; Carboxylic acids and derivatives; Organonitrogen compounds; Organooxygen compounds; Amino acids and derivatives; Guanidines; Carboxylic acid derivatives; Monocarboxylic acids and derivatives; Carboxylic acids; Carbonyl compounds; Benzene and substituted derivatives; Alpha amino acids; Benzenoids; Amines; Carboximidamides; Organic 1,3-dipolar compounds; Propargyl-type 1,3-dipolar organic compounds; Organic oxides; Hydrocarbon derivatives; Amino acids; Organopnictogen compounds; Organic oxygen compounds; Organic nitrogen compounds; Chemical entities	399.238	522	8.699	839079884110152074	839079638823046426	839079638823046425	917	
1	C19H25N5O5	[M + H3N + H]+	C19H29N6O5+	Amino acids and Peptides	0.889	Small peptides	0.759	Dipeptides	0.248	Organic acids and derivatives	0.962	Carboxylic acids and derivatives	0.923	Amino acids, peptides, and analogues	0.775	Amino acids and derivatives	0.767	N-acyl-alpha amino acids and derivatives	0.582	Organic compounds; Organoheterocyclic compounds; Amino acids, peptides, and analogues; Alpha amino acids and derivatives; Organic acids and derivatives; Carboxylic acids and derivatives; Organonitrogen compounds; Organooxygen compounds; Amino acids and derivatives; Guanidines; Azoles; Carboxylic acid amides; Carboxylic acid derivatives; N-acyl-alpha amino acids and derivatives; Secondary carboxylic acid amides; Carbonyl compounds; Benzene and substituted derivatives; Benzenoids; Amines; Carboximidamides; Organic 1,3-dipolar compounds; Propargyl-type 1,3-dipolar organic compounds; Organic oxides; Azacyclic compounds; Heteroaromatic compounds; Hydrocarbon derivatives; Organopnictogen compounds; Organic oxygen compounds; Organic nitrogen compounds; Chemical entities	421.220	522	8.700	839079893631223187	839079638852406558	839079638852406557	918	
1	C8H16AsN	[M + H3N + H]+	C8H20AsN2+	Alkaloids	0.172	Monoterpenoids	0.089	Pinane monoterpenoids	0.083	Organometallic compounds	0.999	Organometalloid compounds	0.999	Organoarsenic compounds	0.994	Trivalent organic arsenic compounds	0.681	Trivalent organic arsenic compounds	0.681	Organic compounds; Organonitrogen compounds; Organoarsenic compounds; Organometallic compounds; Organometalloid compounds; Amines; Organic salts; Arsines; Organic metalloid salts; Organic metal salts; Trivalent organic arsenic compounds; Hydrocarbon derivatives; Organopnictogen compounds; Organic nitrogen compounds; Chemical entities	219.083	522	8.703	839079883061575926	839079638995012910	839079638995012909	922	
1	C6H13N3O3	[M - H2O + H]+	C6H12N3O2+	Amino acids and Peptides	1.000	Small peptides	1.000	Aminoacids	1.000	Organic acids and derivatives	1.000	Carboxylic acids and derivatives	1.000	Amino acids, peptides, and analogues	0.999	Amino acids and derivatives	0.999	Alpha amino acids	0.967	Organic compounds; Lipids and lipid-like molecules; Amino acids, peptides, and analogues; Alpha amino acids and derivatives; Fatty acids and conjugates; Organic acids and derivatives; Carboxylic acids and derivatives; Organonitrogen compounds; Organooxygen compounds; Amino acids and derivatives; Guanidines; Monoalkylamines; Monocarboxylic acids and derivatives; Carboxylic acids; Carbonyl compounds; Alpha amino acids; Amines; Primary amines; Carboximidamides; Organic 1,3-dipolar compounds; Propargyl-type 1,3-dipolar organic compounds; Fatty Acyls; Organic oxides; Hydrocarbon derivatives; Amino acids; Organopnictogen compounds; Organic oxygen compounds; Organic nitrogen compounds; Chemical entities	158.093	522	8.704	839079878422675390	839079638885960994	839079638885960993	919	
1	C13H27N3O8	[M + H3N + H]+	C13H31N4O8+	Amino acids and Peptides	0.732	Small peptides	0.822	Dipeptides	0.247	Organic acids and derivatives	0.977	Carboxylic acids and derivatives	0.951	Amino acids, peptides, and analogues	0.855	Amino acids and derivatives	0.851	Alpha amino acids	0.731	Organic compounds; Lipids and lipid-like molecules; Amino acids, peptides, and analogues; Alpha amino acids and derivatives; Alcohols and polyols; Fatty acids and conjugates; Organic acids and derivatives; Carboxylic acids and derivatives; Organonitrogen compounds; Organooxygen compounds; Hydroxy fatty acids; Amino acids and derivatives; Monoalkylamines; Monocarboxylic acids and derivatives; Carboxylic acids; Carbonyl compounds; Alpha amino acids; Amines; Primary amines; Fatty Acyls; Organic oxides; Hydrocarbon derivatives; Amino acids; Organopnictogen compounds; Organic oxygen compounds; Organic nitrogen compounds; Chemical entities	371.213	522	8.706	839079944621378868	839079638957264170	839079638957264169	921	
1	C6H14N4O2	[M + Na]+	C6H14N4NaO2+	Amino acids and Peptides	1.000	Small peptides	1.000	Aminoacids	1.000	Organic acids and derivatives	1.000	Carboxylic acids and derivatives	1.000	Amino acids, peptides, and analogues	1.000	Amino acids and derivatives	1.000	L-alpha-amino acids	0.603	Organic compounds; Lipids and lipid-like molecules; Amino acids, peptides, and analogues; Alpha amino acids and derivatives; Fatty acids and conjugates; Organic acids and derivatives; Carboxylic acids and derivatives; Organonitrogen compounds; Organooxygen compounds; Amino acids and derivatives; Guanidines; Monoalkylamines; Monocarboxylic acids and derivatives; Carboxylic acids; Carbonyl compounds; Alpha amino acids; Amines; Primary amines; Carboximidamides; Organic 1,3-dipolar compounds; Propargyl-type 1,3-dipolar organic compounds; Fatty Acyls; Organic oxides; L-alpha-amino acids; Hydrocarbon derivatives; Amino acids; Organopnictogen compounds; Organic oxygen compounds; Organic nitrogen compounds; Chemical entities	197.101	523	8.713	839079878955352036	839079639028567346	839079639028567345	923	
1	C6H14N2OSi	[M + H3N + H]+	C6H18N3OSi+	Fatty acids	0.807	Fatty acyls	0.505	Halogenated fatty acids	0.802	Organic oxygen compounds	0.961	Organooxygen compounds	0.818	Carbonyl compounds	0.565			Carbonyl compounds	0.565	Organic compounds; Organooxygen compounds; Carbonyl compounds; Organic oxides; Hydrocarbon derivatives; Organic oxygen compounds; Chemical entities	176.122	523	8.715	839079887817917266	839079638923709734	839079638923709733	920	
1	C6H11N3O2	[M + H3N + H]+	C6H15N4O2+	Amino acids and Peptides	1.000	Small peptides	1.000	Aminoacids	1.000	Organic acids and derivatives	1.000	Carboxylic acids and derivatives	1.000	Amino acids, peptides, and analogues	0.999	Amino acids and derivatives	0.999	Alpha amino acids	0.957	Organic compounds; Lipids and lipid-like molecules; Amino acids, peptides, and analogues; Alpha amino acids and derivatives; Fatty acids and conjugates; Organic acids and derivatives; Carboxylic acids and derivatives; Organonitrogen compounds; Organooxygen compounds; Amino acids and derivatives; Guanidines; Monoalkylamines; Monocarboxylic acids and derivatives; Carboxylic acids; Carbonyl compounds; Alpha amino acids; Amines; Primary amines; Carboximidamides; Organic 1,3-dipolar compounds; Propargyl-type 1,3-dipolar organic compounds; Fatty Acyls; Organic oxides; Hydrocarbon derivatives; Amino acids; Organopnictogen compounds; Organic oxygen compounds; Organic nitrogen compounds; Chemical entities	175.119	523	8.718	839079878774996931	839079639074704694	839079639070510389	924	
1	C7H13NO	[M + H3N + H]+	C7H17N2O+	Alkaloids	0.841	Lysine alkaloids	0.614	Piperidine alkaloids	0.518	Organic oxygen compounds	0.998	Organooxygen compounds	0.978	Carbonyl compounds	0.776	Ketones	0.619	Ketones	0.619	Organic compounds; Organoheterocyclic compounds; Ketones; Organonitrogen compounds; Organooxygen compounds; Carbonyl compounds; Trialkylamines; Amines; Organic oxides; Azacyclic compounds; Hydrocarbon derivatives; Organopnictogen compounds; Organic oxygen compounds; Organic nitrogen compounds; Chemical entities	145.134	525	8.749	839079884651217370	839079639137619258	839079639137619257	925	
1	C9H21N3O	[M + Na]+	C9H21N3NaO+	Alkaloids	0.927	Ornithine alkaloids	0.486	Polyamines	0.414	Organoheterocyclic compounds	0.666	Azacyclic compounds	0.653					Azacyclic compounds	0.653	Organic compounds; Organoheterocyclic compounds; Organonitrogen compounds; Organooxygen compounds; Amines; Organic oxides; Azacyclic compounds; Hydrocarbon derivatives; Organopnictogen compounds; Organic oxygen compounds; Organic nitrogen compounds; Chemical entities	210.158	527	8.784	839079879022460922	839079639175367998	839079639175367997	926	
1	C51H56N6O19	[M + H3N + H]+	C51H60N7O19+	Carbohydrates	0.913	Oligopeptides	0.605	Pyrimidine nucleosides	0.470	Organic acids and derivatives	0.996	Carboxylic acids and derivatives	0.976	Amino acids, peptides, and analogues	0.719	Amino acids and derivatives	0.703	Alpha amino acids and derivatives	0.740	Organic compounds; Organoheterocyclic compounds; Carbohydrates and carbohydrate conjugates; Lipids and lipid-like molecules; Amino acids, peptides, and analogues; Lactones; Alpha amino acids and derivatives; Pyrimidines and pyrimidine derivatives; Alcohols and polyols; Phenols; Lactams; Organic acids and derivatives; Carboxylic acids and derivatives; Organonitrogen compounds; Primary alcohols; Pyrimidones; Organooxygen compounds; Fatty amides; Amino acids and derivatives; Organic carbonic acids and derivatives; Carboxylic acid amides; Ureas; Carboxylic acid derivatives; Carboxylic acids; Carboxylic acid esters; Diazines; Monosaccharides; Secondary alcohols; Secondary carboxylic acid amides; Carbonyl compounds; Oxanes; Glycosyl compounds; Hydropyrimidines; Glycosylamines; N-acyl-alpha-hexosamines; Benzene and substituted derivatives; Benzenoids; Aminosaccharides; Fatty Acyls; Acetamides; Organic oxides; Azacyclic compounds; Oxacyclic compounds; Heteroaromatic compounds; Hydrocarbon derivatives; Organopnictogen compounds; Organic oxygen compounds; 1-hydroxy-2-unsubstituted benzenoids; Organic nitrogen compounds; Chemical entities	1074.385	527	8.785	839080078037997271	839079639213116738	839079639208922433	927	
1	C6H11N3O2	[M + H3N + H]+	C6H15N4O2+	Amino acids and Peptides	1.000	Small peptides	1.000	Aminoacids	1.000	Organic acids and derivatives	1.000	Carboxylic acids and derivatives	1.000	Amino acids, peptides, and analogues	0.999	Amino acids and derivatives	0.998	Alpha amino acids	0.820	Organic compounds; Lipids and lipid-like molecules; Amino acids, peptides, and analogues; Alpha amino acids and derivatives; Fatty acids and conjugates; Organic acids and derivatives; Carboxylic acids and derivatives; Organonitrogen compounds; Organooxygen compounds; Amino acids and derivatives; Guanidines; Monoalkylamines; Monocarboxylic acids and derivatives; Carboxylic acids; Carbonyl compounds; Alpha amino acids; Amines; Primary amines; Carboximidamides; Organic 1,3-dipolar compounds; Propargyl-type 1,3-dipolar organic compounds; Fatty Acyls; Organic oxides; Hydrocarbon derivatives; Amino acids; Organopnictogen compounds; Organic oxygen compounds; Organic nitrogen compounds; Chemical entities	175.119	527	8.788	839079877059526502	839079639313780046	839079639313780045	930	
1	C8H13N	[M + H3N + H]+	C8H17N2+	Alkaloids	0.909	Pseudoalkaloids (transamidation)	0.235	Acetate-derived alkaloids	0.294	Organic nitrogen compounds	1.000	Organonitrogen compounds	1.000	Amines	0.860	Tertiary amines	0.480	Trialkylamines	0.584	Organic compounds; Organonitrogen compounds; Trialkylamines; Amines; Hydrocarbon derivatives; Organopnictogen compounds; Organic nitrogen compounds; Chemical entities	141.139	528	8.799	839079892897219983	839079639246671174	839079639246671173	928	
1	C9H21N3O	[M + Na]+	C9H21N3NaO+	Alkaloids	0.379	Fatty amides	0.429	Primary amides	0.375	Organic acids and derivatives	0.732	Carboxylic acids and derivatives	0.711	Carboxylic acid derivatives	0.577	Carboxylic acid amides	0.603	Carboxylic acid amides	0.603	Organic compounds; Organic acids and derivatives; Carboxylic acids and derivatives; Organonitrogen compounds; Organooxygen compounds; Carboxylic acid amides; Carboxylic acid derivatives; Carbonyl compounds; Organic oxides; Hydrocarbon derivatives; Organopnictogen compounds; Organic oxygen compounds; Organic nitrogen compounds; Chemical entities	210.158	531	8.846	839079892372931914	839079639678684534	839079639678684533	940	
1	C6H13N3O3	[M - H2O + H]+	C6H12N3O2+	Amino acids and Peptides	1.000	Small peptides	1.000	Aminoacids	1.000	Organic acids and derivatives	1.000	Carboxylic acids and derivatives	1.000	Amino acids, peptides, and analogues	0.998	Amino acids and derivatives	0.998	Alpha amino acids	0.970	Organic compounds; Lipids and lipid-like molecules; Amino acids, peptides, and analogues; Alpha amino acids and derivatives; Fatty acids and conjugates; Organic acids and derivatives; Carboxylic acids and derivatives; Organonitrogen compounds; Organooxygen compounds; Amino acids and derivatives; Monoalkylamines; Monocarboxylic acids and derivatives; Carboxylic acids; Carbonyl compounds; Alpha amino acids; Amines; Primary amines; Carboximidamides; Fatty Acyls; Organic oxides; Hydrocarbon derivatives; Amino acids; Organopnictogen compounds; Organic oxygen compounds; Organic nitrogen compounds; Chemical entities	158.093	532	8.863	839079888660972465	839079639280225610	839079639280225609	929	
1	C12H25F2N7O3	[M + H3N + H]+	C12H29F2N8O3+	Amino acids and Peptides	0.987	Small peptides	0.989	Dipeptides	0.516	Organic acids and derivatives	1.000	Carboxylic acids and derivatives	0.998	Amino acids, peptides, and analogues	0.995	Amino acids and derivatives	0.994	N-acyl-alpha amino acids and derivatives	0.675	Organic compounds; Lipids and lipid-like molecules; Amino acids, peptides, and analogues; Alpha amino acids and derivatives; Fatty acids and conjugates; Organic acids and derivatives; Carboxylic acids and derivatives; Organonitrogen compounds; Organooxygen compounds; Amino acids and derivatives; Guanidines; Monoalkylamines; Halogenated fatty acids; Monocarboxylic acids and derivatives; N-acyl-alpha amino acids and derivatives; Carboxylic acids; Carbonyl compounds; Alpha amino acids; Amines; Primary amines; Medium-chain fatty acids; Carboximidamides; Organic 1,3-dipolar compounds; Propargyl-type 1,3-dipolar organic compounds; Fatty Acyls; Organic oxides; Hydrocarbon derivatives; Amino acids; Organopnictogen compounds; Organic oxygen compounds; Organic nitrogen compounds; Chemical entities	371.232	532	8.864	839079892129662240	839079639351528786	839079639347334481	931	
1	C21H23N3O5	[M + H3N + H]+	C21H27N4O5+	Amino acids and Peptides	0.502	Coumarins	0.347	Pyridine alkaloids	0.149	Organic acids and derivatives	0.996	Carboxylic acids and derivatives	0.987	Amino acids, peptides, and analogues	0.831	Amino acids and derivatives	0.828	N-acyl-alpha amino acids and derivatives	0.531	Organic compounds; Organoheterocyclic compounds; Amino acids, peptides, and analogues; Alpha amino acids and derivatives; Phenols; Benzoic acids and derivatives; Organic acids and derivatives; Carboxylic acids and derivatives; Organonitrogen compounds; Benzoyl derivatives; Organooxygen compounds; Amino acids and derivatives; Carboxylic acid amides; Carboxylic acid derivatives; Monocarboxylic acids and derivatives; N-acyl-alpha amino acids and derivatives; Carboxylic acids; Secondary carboxylic acid amides; Carbonyl compounds; Benzene and substituted derivatives; Benzenoids; Organic oxides; Heteroaromatic compounds; Hydrocarbon derivatives; Organopnictogen compounds; Organic oxygen compounds; Organic nitrogen compounds; Chemical entities	415.196	532	8.864	839079952968044067	839079639385083222	839079639385083221	932	
1	C22H27N3O3	[M + H3N + H]+	C22H31N4O3+	Amino acids and Peptides	0.950	Small peptides	0.822	Dipeptides	0.262	Organic acids and derivatives	0.999	Carboxylic acids and derivatives	0.998	Amino acids, peptides, and analogues	0.979	Amino acids and derivatives	0.978	N-acyl-alpha amino acids	0.772	Organic compounds; Amino acids, peptides, and analogues; Alpha amino acids and derivatives; Organic acids and derivatives; Carboxylic acids and derivatives; Organonitrogen compounds; Organooxygen compounds; Amino acids and derivatives; Guanidines; Carboxylic acid amides; Carboxylic acid derivatives; Monocarboxylic acids and derivatives; N-acyl-alpha amino acids and derivatives; Carboxylic acids; Carbonyl compounds; Benzene and substituted derivatives; N-acyl-alpha amino acids; Benzenoids; Carboximidamides; Organic 1,3-dipolar compounds; Propargyl-type 1,3-dipolar organic compounds; Organic oxides; Hydrocarbon derivatives; Organopnictogen compounds; Organic oxygen compounds; Organic nitrogen compounds; Chemical entities	399.238	532	8.867	839079885573964349	839079639418637658	839079639418637657	933	
1	C12H23N3O3	[M + H3N + H]+	C12H27N4O3+	Amino acids and Peptides	0.968	Small peptides	0.962	Dipeptides	0.782	Organic acids and derivatives	0.999	Carboxylic acids and derivatives	0.998	Amino acids, peptides, and analogues	0.951	Amino acids and derivatives	0.948	N-acyl-alpha amino acids	0.536	Organic compounds; Lipids and lipid-like molecules; Amino acids, peptides, and analogues; Alpha amino acids and derivatives; Fatty acids and conjugates; Organic acids and derivatives; Carboxylic acids and derivatives; Organonitrogen compounds; Organooxygen compounds; Fatty amides; Branched fatty acids; Amino acids and derivatives; Monoalkylamines; Carboxylic acid amides; Amino fatty acids; Carboxylic acid derivatives; N-acyl amines; Monocarboxylic acids and derivatives; N-acyl-alpha amino acids and derivatives; Carboxylic acids; Secondary carboxylic acid amides; Carbonyl compounds; N-acyl-alpha amino acids; Amines; Primary amines; Medium-chain fatty acids; Fatty Acyls; Organic oxides; Hydrocarbon derivatives; Amino acids; Organopnictogen compounds; Organic oxygen compounds; Organic nitrogen compounds; Chemical entities	275.208	532	8.874	839079884512805321	839079639456386398	839079639456386397	934	
1	C8H13N3O2P2	[M + H3N + H]+	C8H17N4O2P2+	Amino acids and Peptides	0.790	Small peptides	0.926	Aminoacids	0.945	Organic acids and derivatives	0.952	Carboxylic acids and derivatives	0.638	Amino acids, peptides, and analogues	0.631	Amino acids and derivatives	0.631	Alpha amino acids and derivatives	0.622	Organic compounds; Amino acids, peptides, and analogues; Alpha amino acids and derivatives; Organic acids and derivatives; Carboxylic acids and derivatives; Organonitrogen compounds; Organooxygen compounds; Amino acids and derivatives; Monocarboxylic acids and derivatives; Carbonyl compounds; Amines; Organic oxides; Hydrocarbon derivatives; Organopnictogen compounds; Organic oxygen compounds; Organic nitrogen compounds; Chemical entities	263.083	533	8.875	839079887335572284	839079639536078182	839079639536078181	936	
1	C6H11NO2	[M + H3N + H]+	C6H15N2O2+	Amino acids and Peptides	0.999	Small peptides	1.000	Aminoacids	1.000	Organic acids and derivatives	1.000	Carboxylic acids and derivatives	1.000	Amino acids, peptides, and analogues	0.999	Amino acids and derivatives	0.999	Alpha amino acids	0.971	Organic compounds; Amino acids, peptides, and analogues; Alpha amino acids and derivatives; Organic acids and derivatives; Carboxylic acids and derivatives; Organonitrogen compounds; Organooxygen compounds; Amino acids and derivatives; Monocarboxylic acids and derivatives; Carboxylic acids; Carbonyl compounds; Trialkylamines; Alpha amino acids; Amines; Tertiary amines; Organic oxides; Hydrocarbon derivatives; Amino acids; Organopnictogen compounds; Organic oxygen compounds; Organic nitrogen compounds; Chemical entities	147.113	533	8.881	839079884697354718	839079639569632618	839079639569632617	937	
1	C10H20N2O	[M + H3N + H]+	C10H24N3O+	Alkaloids	0.631	Small peptides	0.460	Dipeptides	0.159	Organic acids and derivatives	0.996	Carboxylic acids and derivatives	0.993	Amino acids, peptides, and analogues	0.969	Amino acids and derivatives	0.968	Alpha amino acid amides	0.703	Organic compounds; Organoheterocyclic compounds; Amino acids, peptides, and analogues; Alpha amino acids and derivatives; Organic acids and derivatives; Carboxylic acids and derivatives; Organonitrogen compounds; Organooxygen compounds; Amino acids and derivatives; Monoalkylamines; Carboxylic acid amides; Carboxylic acid derivatives; Tertiary carboxylic acid amides; Carbonyl compounds; Alpha amino acid amides; Amines; Primary amines; Organic oxides; Azacyclic compounds; Hydrocarbon derivatives; Organopnictogen compounds; Organic oxygen compounds; Organic nitrogen compounds; Chemical entities	202.191	533	8.888	839079888145073033	839079639607381358	839079639607381357	938	
1	C10H17NO	[M + H3N + H]+	C10H21N2O+	Fatty acids	0.572	Fatty amides	0.516	Primary amides	0.241	Organoheterocyclic compounds	0.824	Pyrrolidines	0.541					Pyrrolidines	0.541	Organic compounds; Organoheterocyclic compounds; Pyrrolidines; Organic acids and derivatives; Carboxylic acids and derivatives; Organonitrogen compounds; Organooxygen compounds; Carboxylic acid amides; Carboxylic acid derivatives; Tertiary carboxylic acid amides; Carbonyl compounds; Amines; Organic oxides; Azacyclic compounds; Hydrocarbon derivatives; Organopnictogen compounds; Organic oxygen compounds; Organic nitrogen compounds; Chemical entities	185.165	534	8.893	839079885804651142	839079639645130098	839079639640935793	939	
1	C6H11NO2	[M + H3N + H]+	C6H15N2O2+	Amino acids and Peptides	1.000	Small peptides	1.000	Aminoacids	1.000	Organic acids and derivatives	1.000	Carboxylic acids and derivatives	1.000	Amino acids, peptides, and analogues	0.999	Amino acids and derivatives	0.999	Alpha amino acids	0.974	Organic compounds; Amino acids, peptides, and analogues; Alpha amino acids and derivatives; Organic acids and derivatives; Carboxylic acids and derivatives; Organonitrogen compounds; Organooxygen compounds; Amino acids and derivatives; Monocarboxylic acids and derivatives; Carboxylic acids; Carbonyl compounds; Trialkylamines; Alpha amino acids; Amines; Tertiary amines; Organic oxides; Hydrocarbon derivatives; Amino acids; Organopnictogen compounds; Organic oxygen compounds; Organic nitrogen compounds; Chemical entities	147.113	538	8.965	839079893828355542	839079639846456714	839079639846456713	945	
1	C11H20N2O2	[M + H3N + H]+	C11H24N3O2+	Amino acids and Peptides	0.536	Fatty amides	0.328	Dipeptides	0.190	Organic acids and derivatives	0.974	Carboxylic acids and derivatives	0.962	Carboxylic acid derivatives	0.932	Carboxylic acid amides	0.860	Secondary carboxylic acid amides	0.624	Organic compounds; Organic acids and derivatives; Carboxylic acids and derivatives; Organonitrogen compounds; Organooxygen compounds; Carboxylic acid amides; Carboxylic acid derivatives; Secondary carboxylic acid amides; Carbonyl compounds; Organic oxides; Hydrocarbon derivatives; Organopnictogen compounds; Organic oxygen compounds; Organic nitrogen compounds; Chemical entities	230.186	540	8.993	839079879035043847	839079639708044666	839079639708044665	941	
1	C10H16ClN	[M + Na]+	C10H16ClNNa+	Alkaloids	0.645	Pseudoalkaloids (transamidation)	0.308	Phenylalanine-derived alkaloids	0.301	Benzenoids	0.891	Benzene and substituted derivatives	0.687	Halobenzenes	0.598	Chlorobenzenes	0.562	Chlorobenzenes	0.562	Organic compounds; Halobenzenes; Organohalogen compounds; Organonitrogen compounds; Aryl chlorides; Chlorobenzenes; Organochlorides; Benzene and substituted derivatives; Benzenoids; Aryl halides; Hydrocarbon derivatives; Organopnictogen compounds; Organic nitrogen compounds; Chemical entities	208.087	540	8.997	839079889856349201	839079639741599102	839079639741599101	942	
1	C9H22NO	[M + H]+	C9H23NO+	Fatty acids	0.482	Fatty amides	0.462	N-acyl amines	0.124	Organic nitrogen compounds	1.000	Organonitrogen compounds	1.000	Amines	0.896			Amines	0.896	Organic compounds; Organonitrogen compounds; Organooxygen compounds; Amines; Hydrocarbon derivatives; Organopnictogen compounds; Organic oxygen compounds; Organic nitrogen compounds; Chemical entities	161.178	541	9.015	839079879114735628	839079639775153538	839079639775153537	943	
1	C13H21N3O4	[M + H3N + H]+	C13H25N4O4+	Amino acids and Peptides	0.941	Small peptides	0.955	Dipeptides	0.800	Organic acids and derivatives	0.997	Carboxylic acids and derivatives	0.992	Amino acids, peptides, and analogues	0.910	Amino acids and derivatives	0.905	Alpha amino acids and derivatives	0.871	Organic compounds; Organoheterocyclic compounds; Lipids and lipid-like molecules; Amino acids, peptides, and analogues; Alpha amino acids and derivatives; Fatty acids and conjugates; Organic acids and derivatives; Carboxylic acids and derivatives; Organonitrogen compounds; Organooxygen compounds; Amino acids and derivatives; Carboxylic acid amides; Carboxylic acid derivatives; Monocarboxylic acids and derivatives; Carboxylic acids; Secondary carboxylic acid amides; Carbonyl compounds; Amines; Fatty Acyls; Organic oxides; Azacyclic compounds; Hydrocarbon derivatives; Amino acids; Organopnictogen compounds; Organic oxygen compounds; Organic nitrogen compounds; Chemical entities	301.187	541	9.025	839079885716570738	839079639880011150	839079639880011149	946	
1	C68H121NO11	[M + H3N + H]+	C68H125N2O11+	Terpenoids	0.732	Macrolides	0.392	Polyene macrolides	0.244	Lipids and lipid-like molecules	0.814	Prenol lipids	0.782	Triterpenoids	0.554			Triterpenoids	0.554	Organic compounds; Organoheterocyclic compounds; Carbohydrates and carbohydrate conjugates; Lipids and lipid-like molecules; Alcohols and polyols; Ethers; Prenol lipids; Organic acids and derivatives; Carboxylic acids and derivatives; Organonitrogen compounds; Organooxygen compounds; Carboxylic acid amides; Carboxylic acid derivatives; Monosaccharides; Triterpenoids; Acetals; Secondary alcohols; Secondary carboxylic acid amides; Carbonyl compounds; Oxanes; Glycosyl compounds; O-glycosyl compounds; N-acyl-alpha-hexosamines; Benzenoids; Aminosaccharides; Organic oxides; Oxacyclic compounds; Hydrocarbon derivatives; Organopnictogen compounds; Organic oxygen compounds; Organic nitrogen compounds; Chemical entities	1145.924	542	9.028	839079910693652682	839079639951314326	839079639951314325	948	
1	C45H66N8O28	[M + Na]+	C45H66N8NaO28+	Amino acids and Peptides	0.673	Oligopeptides	0.985	Linear peptides	0.794	Organic acids and derivatives	0.999	Carboxylic acids and derivatives	0.987	Amino acids, peptides, and analogues	0.911	Amino acids and derivatives	0.898	N-acyl-alpha amino acids and derivatives	0.759	Organic compounds; Organoheterocyclic compounds; Lipids and lipid-like molecules; Amino acids, peptides, and analogues; Alpha amino acids and derivatives; Alcohols and polyols; Phenols; Organic acids and derivatives; Carboxylic acids and derivatives; Organonitrogen compounds; Primary alcohols; Organooxygen compounds; Fatty amides; Amino acids and derivatives; Hydroxamic acids; Carboxylic acid amides; Carboxylic acid derivatives; N-acyl amines; N-acyl-alpha amino acids and derivatives; Carboxylic acids; Carboxylic acid esters; Secondary alcohols; Primary carboxylic acid amides; Secondary carboxylic acid amides; Carbonyl compounds; Benzene and substituted derivatives; Alpha amino acid amides; Benzenoids; Fatty Acyls; Acetamides; Organic oxides; Oxacyclic compounds; Hydrocarbon derivatives; Organopnictogen compounds; Organic oxygen compounds; 1-hydroxy-2-unsubstituted benzenoids; 1-hydroxy-4-unsubstituted benzenoids; Organic nitrogen compounds; Chemical entities	1189.386	542	9.028	839080134388471598	839079639812902278	839079639808707973	944	
1	C21H33NO16	[M + H3N + H]+	C21H37N2O16+	Carbohydrates	1.000	Aminosugars and aminoglycosides	0.982	Aminosugars	0.986	Organic oxygen compounds	1.000	Organooxygen compounds	1.000	Carbohydrates and carbohydrate conjugates	0.992	Sugar acids and derivatives	0.973	N-acylneuraminic acids	0.967	Organic compounds; Organoheterocyclic compounds; Carbohydrates and carbohydrate conjugates; Pyrans; Alcohols and polyols; Sugar acids and derivatives; Ethers; Organic acids and derivatives; Carboxylic acids and derivatives; Organonitrogen compounds; Primary alcohols; Organooxygen compounds; Glucuronides; Carboxylic acid amides; Hemiacetals; Carboxylic acid derivatives; Monocarboxylic acids and derivatives; Carboxylic acids; Neuraminic acids and derivatives; Sugar amino acids and derivatives; Acetals; Secondary alcohols; Secondary carboxylic acid amides; Pyranoid amino acids and derivatives; Carbonyl compounds; Oxanes; Glucuronic acid derivatives; Glycosyl compounds; C-glycosyl compounds; O-glycosyl compounds; N-acyl-alpha-hexosamines; Polyols; C-glucuronides; N-acylneuraminic acids; N-acylneuraminic acids and derivatives; Neuraminic acids; Aminosaccharides; Acetamides; Organic oxides; Oxacyclic compounds; Hydrocarbon derivatives; Ketals; Organopnictogen compounds; Organic oxygen compounds; Organic nitrogen compounds; Chemical entities	573.215	542	9.028	839080056038872668	839079639917759890	839079639917759889	947	
1	C40H65N15O23	[M + Na]+	C40H65N15NaO23+	Carbohydrates	0.965	Oligopeptides	0.912	Linear peptides	0.567	Organic acids and derivatives	0.992	Carboxylic acids and derivatives	0.958	Amino acids, peptides, and analogues	0.969	Peptides	0.870	Peptides	0.870	Organic compounds; Organoheterocyclic compounds; Carbohydrates and carbohydrate conjugates; Lipids and lipid-like molecules; Amino acids, peptides, and analogues; Alpha amino acids and derivatives; Pyrimidines and pyrimidine derivatives; Alcohols and polyols; Lactams; Organic acids and derivatives; Carboxylic acids and derivatives; Organonitrogen compounds; Primary alcohols; Pyrimidones; Organooxygen compounds; Fatty amides; Amino acids and derivatives; Peptides; Monoalkylamines; Carboxylic acid amides; Carboxylic acid derivatives; N-acyl amines; N-acyl-alpha amino acids and derivatives; Carboxylic acids; Diazines; Monosaccharides; Secondary alcohols; Primary carboxylic acid amides; Secondary carboxylic acid amides; Carbonyl compounds; Oxanes; Glycosyl compounds; Hydropyrimidines; Glycosylamines; Alpha amino acid amides; Amines; Primary amines; Aminosaccharides; Fatty Acyls; Acetamides; Organic oxides; Azacyclic compounds; Oxacyclic compounds; Heteroaromatic compounds; Hydrocarbon derivatives; Amino acids; Alanine and derivatives; Organopnictogen compounds; Organic oxygen compounds; Organic nitrogen compounds; Chemical entities	1146.425	542	9.030	839079987311006303	839079639989063066	839079639989063065	949	
1	C69H123N5O6	[M + K]+	C69H123KN5O6+	Alkaloids	0.314	Oligopeptides	0.930	Depsipeptides	0.284	Organic acids and derivatives	0.957	Carboxylic acids and derivatives	0.930	Amino acids, peptides, and analogues	0.692	Amino acids and derivatives	0.670	Amino acids and derivatives	0.670	Organic compounds; Organoheterocyclic compounds; Amino acids, peptides, and analogues; Alcohols and polyols; Organic acids and derivatives; Carboxylic acids and derivatives; Organonitrogen compounds; Organooxygen compounds; Amino acids and derivatives; Carboxylic acid amides; Carboxylic acid derivatives; Secondary alcohols; Carbonyl compounds; Organic oxides; Azacyclic compounds; Hydrocarbon derivatives; Organopnictogen compounds; Organic oxygen compounds; Organic nitrogen compounds; Chemical entities	1156.914	542	9.031	839079956440927908	839079640093920678	839079640093920677	952	
1	C43H68N8O28	[M + Na]+	C43H68N8NaO28+	Amino acids and Peptides	0.639	Oligopeptides	0.979	Cyclic peptides	0.591	Organic acids and derivatives	0.998	Carboxylic acids and derivatives	0.989	Amino acids, peptides, and analogues	0.932	Peptides	0.764	Peptides	0.764	Organic compounds; Organoheterocyclic compounds; Carbohydrates and carbohydrate conjugates; Lipids and lipid-like molecules; Amino acids, peptides, and analogues; Alpha amino acids and derivatives; Alcohols and polyols; Lactams; Organic acids and derivatives; Carboxylic acids and derivatives; Organonitrogen compounds; Primary alcohols; Organooxygen compounds; Fatty amides; Amino acids and derivatives; Peptides; Hydroxamic acids; Monoalkylamines; Carboxylic acid amides; Carboxylic acid derivatives; N-acyl amines; Monocarboxylic acids and derivatives; N-acyl-alpha amino acids and derivatives; Carboxylic acids; Secondary alcohols; Primary carboxylic acid amides; Secondary carboxylic acid amides; Carbonyl compounds; Oxanes; Glycosyl compounds; Polyols; Alpha amino acid amides; Amines; Primary amines; Acetohydroxamic acids; Aminosaccharides; Fatty Acyls; Acetamides; Organic oxides; Azacyclic compounds; Oxacyclic compounds; Hydrocarbon derivatives; Organopnictogen compounds; Organic oxygen compounds; Organic nitrogen compounds; Chemical entities	1167.404	542	9.031	839080047646070277	839079640060366242	839079640060366241	951	
1	C52H61F2N11O16	[M + Na]+	C52H61F2N11NaO16+	Amino acids and Peptides	0.918	Oligopeptides	0.998	Linear peptides	0.509	Organic acids and derivatives	0.998	Carboxylic acids and derivatives	0.989	Amino acids, peptides, and analogues	0.961	Peptides	0.753	Peptides	0.753	Organic compounds; Organoheterocyclic compounds; Lipids and lipid-like molecules; Amino acids, peptides, and analogues; Halobenzenes; Alpha amino acids and derivatives; Macrolactams; Alcohols and polyols; Phenylpropanoids and polyketides; Organic acids and derivatives; Carboxylic acids and derivatives; Organohalogen compounds; Organonitrogen compounds; Organooxygen compounds; Fatty amides; Amino acids and derivatives; Peptides; Carboxylic acid amides; Aryl fluorides; Carboxylic acid derivatives; N-acyl amines; Fluorobenzenes; Monocarboxylic acids and derivatives; N-acyl-alpha amino acids and derivatives; Carboxylic acids; Organofluorides; Secondary carboxylic acid amides; Carbonyl compounds; Benzene and substituted derivatives; Alpha amino acid amides; Benzenoids; Aryl halides; Fatty Acyls; Organic oxides; Azacyclic compounds; Hydrocarbon derivatives; Organopnictogen compounds; Organic oxygen compounds; Organic nitrogen compounds; Chemical entities	1156.413	542	9.031	839080553013565357	839079640169418158	839079640169418157	954	
1	C47H72N12O15S2	[M + K]+	C47H72KN12O15S2+	Amino acids and Peptides	0.956	Oligopeptides	1.000	Lipopeptides	0.749	Organic acids and derivatives	0.998	Carboxylic acids and derivatives	0.977	Amino acids, peptides, and analogues	0.981	Peptides	0.781	Cyclic peptides	0.567	Organic compounds; Organoheterocyclic compounds; Organosulfur compounds; Lipids and lipid-like molecules; Amino acids, peptides, and analogues; Alpha amino acids and derivatives; Macrolactams; Alcohols and polyols; Lactams; Phenylpropanoids and polyketides; Organic acids and derivatives; Carboxylic acids and derivatives; Organonitrogen compounds; Organooxygen compounds; Fatty amides; Amino acids and derivatives; Peptides; Azoles; Monoalkylamines; Carboxylic acid amides; Carboxylic acid derivatives; N-acyl amines; Monocarboxylic acids and derivatives; N-acyl-alpha amino acids and derivatives; Carboxylic acids; Secondary alcohols; Primary carboxylic acid amides; Secondary carboxylic acid amides; Carbonyl compounds; Cyclic peptides; Alpha amino acid amides; Amines; Primary amines; Fatty Acyls; Organic oxides; Azacyclic compounds; Oxacyclic compounds; Heteroaromatic compounds; Hydrocarbon derivatives; Organopnictogen compounds; Organic oxygen compounds; Organic nitrogen compounds; Chemical entities	1147.428	542	9.031	839080925161576395	839079640022617502	839079640022617501	950	
1	C44H61N11O24	[M + H3N + H]+	C44H65N12O24+	Carbohydrates	0.850	Oligopeptides	0.973	Linear peptides	0.421	Organic acids and derivatives	0.995	Carboxylic acids and derivatives	0.967	Amino acids, peptides, and analogues	0.919	Peptides	0.693	Peptides	0.693	Organic compounds; Organoheterocyclic compounds; Carbohydrates and carbohydrate conjugates; Lipids and lipid-like molecules; Amino acids, peptides, and analogues; Alpha amino acids and derivatives; Pyrimidines and pyrimidine derivatives; Alcohols and polyols; Lactams; Organic acids and derivatives; Carboxylic acids and derivatives; Organonitrogen compounds; Primary alcohols; Pyrimidones; Organooxygen compounds; Fatty amides; Amino acids and derivatives; Peptides; Monoalkylamines; Carboxylic acid amides; Carboxylic acid derivatives; N-acyl amines; Monocarboxylic acids and derivatives; N-acyl-alpha amino acids and derivatives; Carboxylic acids; Diazines; Monosaccharides; Secondary alcohols; Secondary carboxylic acid amides; Carbonyl compounds; Oxanes; Glycosyl compounds; Hydropyrimidines; Glycosylamines; Amines; Primary amines; Aminosaccharides; Fatty Acyls; Acetamides; Organic oxides; Azacyclic compounds; Oxacyclic compounds; Heteroaromatic compounds; Hydrocarbon derivatives; Organopnictogen compounds; Organic oxygen compounds; Organic nitrogen compounds; Chemical entities	1145.422	542	9.032	839080006957126726	839079640131669418	839079640131669417	953	
1	C10H20N2O2	[M + H3N + H]+	C10H24N3O2+	Amino acids and Peptides	0.397	Ornithine alkaloids	0.633	Polyamines	0.698	Organic acids and derivatives	0.992	Carboxylic acids and derivatives	0.988	Amino acids, peptides, and analogues	0.892	Amino acids and derivatives	0.891	Amino acids	0.542	Organic compounds; Lipids and lipid-like molecules; Amino acids, peptides, and analogues; Fatty acids and conjugates; Organic acids and derivatives; Carboxylic acids and derivatives; Organonitrogen compounds; Organooxygen compounds; Fatty amides; Amino acids and derivatives; Monoalkylamines; Carboxylic acid amides; Carboxylic acid derivatives; Monocarboxylic acids and derivatives; Carboxylic acids; Secondary carboxylic acid amides; Carbonyl compounds; Amines; Primary amines; Fatty Acyls; Organic oxides; Hydrocarbon derivatives; Amino acids; Organopnictogen compounds; Organic oxygen compounds; Organic nitrogen compounds; Chemical entities	218.186	544	9.065	839079883359371551	839079640202972594	839079640202972593	955	
1	C9H17NO2Se	[M + H3N + H]+	C9H21N2O2Se+	Amino acids and Peptides	0.375	Small peptides	0.255	Aminoacids	0.131	Organic acids and derivatives	0.576	Carboxylic acids and derivatives	0.490	Carboxylic acids	0.509			Carboxylic acids	0.509	Organic compounds; Organoheterocyclic compounds; Organic acids and derivatives; Organonitrogen compounds; Organooxygen compounds; Organometallic compounds; Carboxylic acids; Organometalloid compounds; Carbonyl compounds; Selenoethers; Organoselenium compounds; Organic oxides; Azacyclic compounds; Hydrocarbon derivatives; Organic oxygen compounds; Organic nitrogen compounds; Chemical entities	263.083	545	9.090	839080013550572699	839079640337190338	839079640337190337	959	
1	C12H23N3O3	[M + H3N + H]+	C12H27N4O3+	Amino acids and Peptides	0.942	Small peptides	0.937	Dipeptides	0.847	Organic acids and derivatives	0.981	Carboxylic acids and derivatives	0.960	Amino acids, peptides, and analogues	0.851	Amino acids and derivatives	0.843	Alpha amino acid amides	0.593	Organic compounds; Organoheterocyclic compounds; Amino acids, peptides, and analogues; Alpha amino acids and derivatives; Organic acids and derivatives; Carboxylic acids and derivatives; Organonitrogen compounds; Organooxygen compounds; Amino acids and derivatives; Carboxylic acid amides; Carboxylic acid derivatives; Secondary carboxylic acid amides; Carbonyl compounds; Alpha amino acid amides; Amines; Organic oxides; Azacyclic compounds; Hydrocarbon derivatives; Organopnictogen compounds; Organic oxygen compounds; Organic nitrogen compounds; Chemical entities	275.208	546	9.092	839079953857236559	839079640240721334	839079640240721333	956	
1	C5H9NO2	[M + H3N + H]+	C5H13N2O2+	Amino acids and Peptides	1.000	Small peptides	1.000	Aminoacids	1.000	Organic acids and derivatives	1.000	Carboxylic acids and derivatives	0.999	Amino acids, peptides, and analogues	0.998	Amino acids and derivatives	0.997	Alpha amino acids	0.909	Organic compounds; Organoheterocyclic compounds; Amino acids, peptides, and analogues; Alpha amino acids and derivatives; Organic acids and derivatives; Carboxylic acids and derivatives; Organonitrogen compounds; Organooxygen compounds; Amino acids and derivatives; Monoalkylamines; Monocarboxylic acids and derivatives; Carboxylic acids; Carbonyl compounds; Pyrrolidine carboxylic acids and derivatives; Dialkylamines; Alpha amino acids; Pyrrolidine carboxylic acids; Amines; Primary amines; Organic oxides; Azacyclic compounds; Hydrocarbon derivatives; Amino acids; Organopnictogen compounds; Organic oxygen compounds; Organic nitrogen compounds; Chemical entities	133.097	546	9.101	839079883204182287	839079640370744774	839079640370744773	960	
1	C15H21FN4O	[M + K]+	C15H21FKN4O+	Alkaloids	0.526	Monoterpenoids	0.295	Menthane monoterpenoids	0.389	Benzenoids	0.249	Benzene and substituted derivatives	0.337	Halobenzenes	0.468	Fluorobenzenes	0.584	Fluorobenzenes	0.584	Organic compounds; Organoheterocyclic compounds; Organohalogen compounds; Organonitrogen compounds; Organooxygen compounds; Aryl fluorides; Fluorobenzenes; Organofluorides; Aryl halides; Organic oxides; Azacyclic compounds; Hydrocarbon derivatives; Organopnictogen compounds; Organic oxygen compounds; Organic nitrogen compounds; Chemical entities	331.132	546	9.105	839079913864546619	839079640442047950	839079640442047949	962	
1	C15H24N6O6S	[M - H2O + H]+	C15H23N6O5S+	Carbohydrates	0.999	Nucleosides	0.999	Purine nucleosides	0.999	Nucleosides, nucleotides, and analogues	0.975	5'-deoxyribonucleosides	0.998	5'-deoxy-5'-thionucleosides	0.993			5'-deoxy-5'-thionucleosides	0.993	Organic compounds; Organoheterocyclic compounds; Organosulfur compounds; Carbohydrates and carbohydrate conjugates; Lipids and lipid-like molecules; Amino acids, peptides, and analogues; Alpha amino acids and derivatives; Pyrimidines and pyrimidine derivatives; Imidazoles; Alcohols and polyols; Purines and purine derivatives; Fatty acids and conjugates; Organic acids and derivatives; Carboxylic acids and derivatives; Organonitrogen compounds; Nucleosides, nucleotides, and analogues; Organooxygen compounds; Hydroxy fatty acids; Amino acids and derivatives; Azoles; Monoalkylamines; Monocarboxylic acids and derivatives; Carboxylic acids; Aminopyrimidines and derivatives; Diazines; Thia fatty acids; Pentoses; Monosaccharides; Secondary alcohols; Imidazopyrimidines; Carbonyl compounds; Glycosyl compounds; Glycosylamines; Polyols; Substituted imidazoles; N-substituted imidazoles; Alpha amino acids; Amines; Primary amines; 1,2-diols; Tetrahydrofurans; 6-aminopurines; Sulfenyl compounds; Imidolactams; Fatty Acyls; Organic oxides; Azacyclic compounds; Oxacyclic compounds; Heteroaromatic compounds; Hydrocarbon derivatives; Amino acids; 5'-deoxyribonucleosides; 5'-deoxy-5'-thionucleosides; Organopnictogen compounds; Organic oxygen compounds; Organic nitrogen compounds; Chemical entities	399.144	546	9.108	839079905706625068	839079640408493514	839079640408493513	961	
1	C40H69N5O26	[M + K]+	C40H69KN5O26+	Carbohydrates	0.469	Oligopeptides	0.828	Lipopeptides	0.248	Organic acids and derivatives	0.983	Carboxylic acids and derivatives	0.938	Amino acids, peptides, and analogues	0.752	Amino acids and derivatives	0.728	Alpha amino acids and derivatives	0.613	Organic compounds; Organoheterocyclic compounds; Carbohydrates and carbohydrate conjugates; Lipids and lipid-like molecules; Amino acids, peptides, and analogues; Alpha amino acids and derivatives; Alcohols and polyols; Organic acids and derivatives; Carboxylic acids and derivatives; Organonitrogen compounds; Organooxygen compounds; Fatty amides; Amino acids and derivatives; Carboxylic acid amides; Carboxylic acid derivatives; N-acyl amines; Carboxylic acids; Secondary alcohols; Secondary carboxylic acid amides; Carbonyl compounds; Fatty Acyls; Organic oxides; Oxacyclic compounds; Hydrocarbon derivatives; Organopnictogen compounds; Organic oxygen compounds; Organic nitrogen compounds; Chemical entities	1074.385	547	9.119	839079920525101573	839079640572071390	839079640572071389	966	
1	C8H13NO	[M + H3N + H]+	C8H17N2O+	Alkaloids	0.807	Ornithine alkaloids	0.465	Acetate-derived alkaloids	0.347	Organoheterocyclic compounds	0.717	Pyrrolidines	0.585					Pyrrolidines	0.585	Organic compounds; Organoheterocyclic compounds; Pyrrolidines; Organonitrogen compounds; Amines; Organic oxides; Azacyclic compounds; Hydrocarbon derivatives; Organopnictogen compounds; Organic oxygen compounds; Organic nitrogen compounds; Chemical entities	157.134	548	9.136	839079890527437919	839079640538516954	839079640538516953	965	
1	C8H16N2O	[M + H3N + H]+	C8H20N3O+	Alkaloids	0.632	Lysine alkaloids	0.642	Quinolizidine alkaloids	0.241	Organic acids and derivatives	0.864	Carboxylic acids and derivatives	0.871	Amino acids, peptides, and analogues	0.717	Amino acids and derivatives	0.713	Amino acids and derivatives	0.713	Organic compounds; Organoheterocyclic compounds; Amino acids, peptides, and analogues; Organic acids and derivatives; Carboxylic acids and derivatives; Organonitrogen compounds; Organooxygen compounds; Amino acids and derivatives; Carboxylic acid amides; Carboxylic acid derivatives; Carbonyl compounds; Amines; Organic oxides; Azacyclic compounds; Hydrocarbon derivatives; Organopnictogen compounds; Organic oxygen compounds; Organic nitrogen compounds; Chemical entities	174.160	548	9.142	839079920701262364	839079640307830206	839079640303635901	958	
1	C11H23N3O	[M + H3N + H]+	C11H27N4O+	Alkaloids	0.562	Lysine alkaloids	0.431	Dipeptides	0.199	Organic acids and derivatives	0.983	Carboxylic acids and derivatives	0.973	Amino acids, peptides, and analogues	0.901	Amino acids and derivatives	0.897	Alpha amino acids and derivatives	0.542	Organic compounds; Organoheterocyclic compounds; Amino acids, peptides, and analogues; Alpha amino acids and derivatives; Organic acids and derivatives; Carboxylic acids and derivatives; Organonitrogen compounds; Organooxygen compounds; Amino acids and derivatives; Carboxylic acid amides; Carboxylic acid derivatives; Secondary carboxylic acid amides; Carbonyl compounds; Dialkylamines; Amines; Secondary amines; Organic oxides; Azacyclic compounds; Hydrocarbon derivatives; Organopnictogen compounds; Organic oxygen compounds; Organic nitrogen compounds; Chemical entities	231.218	549	9.146	839079884332450241	839079640643374566	839079640643374565	968	
1	C8H19N3O	[M + Na]+	C8H19N3NaO+	Amino acids and Peptides	0.309	Small peptides	0.435	Primary amides	0.263	Organic acids and derivatives	0.771	Carboxylic acids and derivatives	0.737	Amino acids, peptides, and analogues	0.558	Amino acids and derivatives	0.556	Amino acids and derivatives	0.556	Organic compounds; Amino acids, peptides, and analogues; Organic acids and derivatives; Carboxylic acids and derivatives; Organonitrogen compounds; Organooxygen compounds; Amino acids and derivatives; Monoalkylamines; Carboxylic acid amides; Carboxylic acid derivatives; Carbonyl compounds; Amines; Organic oxides; Hydrocarbon derivatives; Organopnictogen compounds; Organic oxygen compounds; Organic nitrogen compounds; Chemical entities	196.142	549	9.151	839079890753930358	839079640270081466	839079640270081465	957	
1	C8H19N3O	[M - H2O + H]+	C8H18N3+	Amino acids and Peptides	0.819	Small peptides	0.887	Aminoacids	0.278	Organic acids and derivatives	0.785	Carboxylic acids and derivatives	0.747	Amino acids, peptides, and analogues	0.695	Amino acids and derivatives	0.692	Alpha amino acids and derivatives	0.523	Organic compounds; Organoheterocyclic compounds; Amino acids, peptides, and analogues; Alpha amino acids and derivatives; Organic acids and derivatives; Carboxylic acids and derivatives; Organonitrogen compounds; Organooxygen compounds; Amino acids and derivatives; Carboxylic acid derivatives; Carbonyl compounds; Amines; Organic oxides; Azacyclic compounds; Hydrocarbon derivatives; Organopnictogen compounds; Organic oxygen compounds; Organic nitrogen compounds; Chemical entities	156.150	549	9.156	839080013609292972	839079640605625826	839079640605625825	967	
1	C5H11N3	[M + H3N + H]+	C5H15N4+	Alkaloids	0.977	Ornithine alkaloids	0.853	Polyamines	0.936	Organic nitrogen compounds	1.000	Organonitrogen compounds	1.000	Guanidines	0.961			Guanidines	0.961	Organic compounds; Organonitrogen compounds; Guanidines; Carboximidamides; Hydrocarbon derivatives; Organopnictogen compounds; Organic nitrogen compounds; Chemical entities	131.129	550	9.171	839080013672207534	839079640676929002	839079640676929001	969	
1	C7H16NO4	[M + H3N + H]+	C7H20N2O4+	Amino acids and Peptides	0.988	Small peptides	0.981	Aminoacids	0.982	Organic acids and derivatives	0.998	Carboxylic acids and derivatives	0.997	Amino acids, peptides, and analogues	0.953	Amino acids and derivatives	0.952	Alpha amino acids	0.618	Organic compounds; Lipids and lipid-like molecules; Amino acids, peptides, and analogues; Alpha amino acids and derivatives; Fatty acids and conjugates; Organic acids and derivatives; Carboxylic acids and derivatives; Organonitrogen compounds; Organooxygen compounds; Amino acids and derivatives; Monocarboxylic acids and derivatives; Carboxylic acids; Carbonyl compounds; Alpha amino acids; Amines; Fatty Acyls; Organic oxides; Hydrocarbon derivatives; Amino acids; Organopnictogen compounds; Organic oxygen compounds; Organic nitrogen compounds; Chemical entities	196.142	551	9.177	839079900602156906	839079640710483438	839079640710483437	970	
1	C9H17N2NaO	[M + H3N + H]+	C9H21N3NaO+	Terpenoids	0.465	Monoterpenoids	0.392	Halogenated fatty acids	0.246	Organic nitrogen compounds	0.749	Organonitrogen compounds	0.728					Organonitrogen compounds	0.728	Organic compounds; Organonitrogen compounds; Organooxygen compounds; Organic oxides; Hydrocarbon derivatives; Organic oxygen compounds; Organic nitrogen compounds; Chemical entities	210.158	551	9.185	839079884047237501	839079640819535354	839079640819535353	973	
1	C9H18N2O	[M + H3N + H]+	C9H22N3O+	Fatty acids	0.670	Fatty amides	0.630	Primary amides	0.413	Organic acids and derivatives	0.457	Carboxylic acids and derivatives	0.540	Carboxylic acid derivatives	0.457	Carboxylic acid amides	0.558	Carboxylic acid amides	0.558	Organic compounds; Carboxylic acids and derivatives; Organonitrogen compounds; Organooxygen compounds; Carboxylic acid amides; Carbonyl compounds; Organic oxides; Hydrocarbon derivatives; Organopnictogen compounds; Organic oxygen compounds; Organic nitrogen compounds; Chemical entities	188.176	552	9.197	839079884504416710	839079640509156822	839079640504962517	964	
1	C5H11N3	[M + H3N + H]+	C5H15N4+	Alkaloids	0.977	Ornithine alkaloids	0.687	Polyamines	0.826	Organic nitrogen compounds	1.000	Organonitrogen compounds	1.000	Guanidines	0.965			Guanidines	0.965	Organic compounds; Organonitrogen compounds; Guanidines; Carboximidamides; Hydrocarbon derivatives; Organopnictogen compounds; Organic nitrogen compounds; Chemical entities	131.129	552	9.205	839079884579914198	839079640886644226	839079640886644225	975	
1	C9H18N2O	[M + H3N + H]+	C9H22N3O+	Alkaloids	0.860	Ornithine alkaloids	0.918	Polyamines	0.849	Organic acids and derivatives	0.991	Carboxylic acids and derivatives	0.985	Amino acids, peptides, and analogues	0.964	Amino acids and derivatives	0.964	Amino acids and derivatives	0.964	Organic compounds; Organoheterocyclic compounds; Amino acids, peptides, and analogues; Pyrrolidines; Organic acids and derivatives; Carboxylic acids and derivatives; Organonitrogen compounds; Organooxygen compounds; Amino acids and derivatives; Monoalkylamines; Carboxylic acid amides; Carboxylic acid derivatives; Tertiary carboxylic acid amides; Carbonyl compounds; Amines; Primary amines; N-acylpyrrolidines; Organic oxides; Azacyclic compounds; Hydrocarbon derivatives; Organopnictogen compounds; Organic oxygen compounds; Organic nitrogen compounds; Chemical entities	188.176	555	9.246	839079890510660695	839079640857284094	839079640857284093	974	
1	C9H21NSi	[M + H3N + H]+	C9H25N2Si+	Alkaloids	0.619	Ornithine alkaloids	0.276	Acetate-derived alkaloids	0.036	Organoheterocyclic compounds	0.604	Pyrrolidines	0.735	N-alkylpyrrolidines	0.619			N-alkylpyrrolidines	0.619	Organic compounds; Organoheterocyclic compounds; Pyrrolidines; Organonitrogen compounds; Trialkylamines; Amines; Tertiary amines; N-alkylpyrrolidines; Azacyclic compounds; Hydrocarbon derivatives; Organopnictogen compounds; Organic nitrogen compounds; Chemical entities	189.179	556	9.269	839079884185649578	839079640744037874	839079640744037873	971	
1	C9H22NO	[M + H]+	C9H23NO+	Fatty acids	0.784	Fatty amides	0.752	N-acyl amines	0.314	Organic oxygen compounds	0.998	Organooxygen compounds	0.980	Alcohols and polyols	0.540			Alcohols and polyols	0.540	Organic compounds; Alcohols and polyols; Organonitrogen compounds; Organooxygen compounds; Carbonyl compounds; Amines; Organic oxides; Hydrocarbon derivatives; Organopnictogen compounds; Organic oxygen compounds; Organic nitrogen compounds; Chemical entities	161.178	557	9.281	839079890590352483	839079641259937326	839079641259937325	986	
1	C5H9NO2	[M + H3N + H]+	C5H13N2O2+	Amino acids and Peptides	1.000	Small peptides	1.000	Aminoacids	1.000	Organic acids and derivatives	1.000	Carboxylic acids and derivatives	0.999	Amino acids, peptides, and analogues	0.996	Amino acids and derivatives	0.996	Alpha amino acids	0.914	Organic compounds; Amino acids, peptides, and analogues; Alpha amino acids and derivatives; Organic acids and derivatives; Carboxylic acids and derivatives; Organonitrogen compounds; Organooxygen compounds; Amino acids and derivatives; Monocarboxylic acids and derivatives; Carboxylic acids; Carbonyl compounds; Dialkylamines; Alpha amino acids; Amines; Secondary amines; Organic oxides; Azacyclic compounds; Hydrocarbon derivatives; Amino acids; Organopnictogen compounds; Organic oxygen compounds; Organic nitrogen compounds; Chemical entities	133.097	557	9.291	839079905845037122	839079640953753098	839079640953753097	977	
1	C9H22NO	[M + H]+	C9H23NO+	Fatty acids	0.785	Fatty amides	0.747	N-acyl amines	0.316	Organic oxygen compounds	0.998	Organooxygen compounds	0.979	Alcohols and polyols	0.546			Alcohols and polyols	0.546	Organic compounds; Alcohols and polyols; Organonitrogen compounds; Organooxygen compounds; Amines; Organic oxides; Hydrocarbon derivatives; Organopnictogen compounds; Organic oxygen compounds; Organic nitrogen compounds; Chemical entities	161.178	558	9.308	839079900690237302	839079640785980918	839079640785980917	972	
1	C12H23N3O3	[M + H3N + H]+	C12H27N4O3+	Amino acids and Peptides	0.932	Small peptides	0.961	Dipeptides	0.802	Organic acids and derivatives	0.994	Carboxylic acids and derivatives	0.984	Amino acids, peptides, and analogues	0.899	Amino acids and derivatives	0.893	Alpha amino acid amides	0.623	Organic compounds; Organoheterocyclic compounds; Lipids and lipid-like molecules; Amino acids, peptides, and analogues; Alpha amino acids and derivatives; Organic acids and derivatives; Carboxylic acids and derivatives; Organonitrogen compounds; Organooxygen compounds; Amino acids and derivatives; Carboxylic acid amides; Carboxylic acid derivatives; Monocarboxylic acids and derivatives; Carboxylic acids; Secondary carboxylic acid amides; Carbonyl compounds; Alpha amino acid amides; Amines; Fatty Acyls; Organic oxides; Azacyclic compounds; Hydrocarbon derivatives; Organopnictogen compounds; Organic oxygen compounds; Organic nitrogen compounds; Chemical entities	275.208	559	9.313	839079892737836411	839079641020861970	839079641020861969	979	
1	C43H68N8O28	[M + Na]+	C43H68N8NaO28+	Amino acids and Peptides	0.644	Oligopeptides	0.976	Cyclic peptides	0.594	Organic acids and derivatives	0.998	Carboxylic acids and derivatives	0.987	Amino acids, peptides, and analogues	0.914	Peptides	0.753	Peptides	0.753	Organic compounds; Organoheterocyclic compounds; Carbohydrates and carbohydrate conjugates; Lipids and lipid-like molecules; Amino acids, peptides, and analogues; Alpha amino acids and derivatives; Alcohols and polyols; Lactams; Organic acids and derivatives; Carboxylic acids and derivatives; Organonitrogen compounds; Primary alcohols; Organooxygen compounds; Fatty amides; Amino acids and derivatives; Peptides; Hydroxamic acids; Carboxylic acid amides; Carboxylic acid derivatives; N-acyl amines; N-acyl-alpha amino acids and derivatives; Carboxylic acids; Monosaccharides; Secondary alcohols; Primary carboxylic acid amides; Secondary carboxylic acid amides; Carbonyl compounds; Oxanes; Glycosyl compounds; Polyols; Amines; Acetohydroxamic acids; Aminosaccharides; Fatty Acyls; Acetamides; Organic oxides; Azacyclic compounds; Oxacyclic compounds; Hydrocarbon derivatives; Organopnictogen compounds; Organic oxygen compounds; Organic nitrogen compounds; Chemical entities	1167.404	559	9.316	839080544717232031	839079641054416406	839079641054416405	980	
1	C6H11NO2	[M + H3N + H]+	C6H15N2O2+	Amino acids and Peptides	1.000	Small peptides	1.000	Aminoacids	1.000	Organic acids and derivatives	1.000	Carboxylic acids and derivatives	1.000	Amino acids, peptides, and analogues	0.998	Amino acids and derivatives	0.998	Alpha amino acids	0.958	Organic compounds; Lipids and lipid-like molecules; Amino acids, peptides, and analogues; Alpha amino acids and derivatives; Fatty acids and conjugates; Organic acids and derivatives; Carboxylic acids and derivatives; Organonitrogen compounds; Organooxygen compounds; Amino acids and derivatives; Monoalkylamines; Monocarboxylic acids and derivatives; Carboxylic acids; Carbonyl compounds; Alpha amino acids; Amines; Primary amines; Fatty Acyls; Organic oxides; Hydrocarbon derivatives; Amino acids; Organopnictogen compounds; Organic oxygen compounds; Organic nitrogen compounds; Chemical entities	147.113	559	9.316	839079977542472029	839079641159274018	839079641159274017	983	
1	C21H33NO16	[M + H3N + H]+	C21H37N2O16+	Carbohydrates	1.000	Aminosugars and aminoglycosides	0.992	Aminosugars	0.996	Organic oxygen compounds	1.000	Organooxygen compounds	1.000	Carbohydrates and carbohydrate conjugates	0.995	Sugar acids and derivatives	0.995	N-acylneuraminic acids	0.990	Organic compounds; Organoheterocyclic compounds; Carbohydrates and carbohydrate conjugates; Pyrans; Alcohols and polyols; Sugar acids and derivatives; Ethers; Organic acids and derivatives; Carboxylic acids and derivatives; Organonitrogen compounds; Primary alcohols; Organooxygen compounds; Glucuronides; Carboxylic acid amides; Hemiacetals; Carboxylic acid derivatives; Monocarboxylic acids and derivatives; Carboxylic acids; Neuraminic acids and derivatives; Sugar amino acids and derivatives; Acetals; Secondary alcohols; Secondary carboxylic acid amides; Pyranoid amino acids and derivatives; Carbonyl compounds; Oxanes; Glucuronic acid derivatives; Glycosyl compounds; C-glycosyl compounds; O-glycosyl compounds; Polyols; C-glucuronides; N-acylneuraminic acids; N-acylneuraminic acids and derivatives; Neuraminic acids; Aminosaccharides; Acetamides; Organic oxides; Oxacyclic compounds; Hydrocarbon derivatives; Ketals; Organopnictogen compounds; Organic oxygen compounds; Organic nitrogen compounds; Chemical entities	573.215	559	9.317	839080094760687363	839079641092165146	839079641092165145	981	
1	C46H64N18O12S2	[M + Na]+	C46H64N18NaO12S2+	Amino acids and Peptides	0.988	Oligopeptides	1.000	Cyclic peptides	0.875	Organic acids and derivatives	0.999	Carboxylic acids and derivatives	0.994	Amino acids, peptides, and analogues	0.984	Peptides	0.800	Cyclic peptides	0.807	Organic compounds; Organoheterocyclic compounds; Organosulfur compounds; Amino acids, peptides, and analogues; Alpha amino acids and derivatives; Macrolactams; Thiazoles; Alcohols and polyols; Lactams; Thiazolines; Phenylpropanoids and polyketides; Organic acids and derivatives; Carboxylic acids and derivatives; Organonitrogen compounds; Organooxygen compounds; Amino acids and derivatives; Peptides; Azoles; Carboxylic acid amides; Carboxylic acid derivatives; Secondary alcohols; Primary carboxylic acid amides; Secondary carboxylic acid amides; Tertiary carboxylic acid amides; Carbonyl compounds; Cyclic peptides; Thiazolecarboxylic acids and derivatives; Organic oxides; Azacyclic compounds; Heteroaromatic compounds; Hydrocarbon derivatives; Organopnictogen compounds; Organic oxygen compounds; Organic nitrogen compounds; 2-heteroaryl carboxamides; Chemical entities	1147.428	559	9.318	839080910863194043	839079641230577194	839079641230577193	985	
1	C45H69N15O14S2	[M + K]+	C45H69KN15O14S2+	Amino acids and Peptides	0.954	Oligopeptides	1.000	Lipopeptides	0.714	Organic acids and derivatives	0.999	Carboxylic acids and derivatives	0.984	Amino acids, peptides, and analogues	0.984	Peptides	0.768	Cyclic peptides	0.505	Organic compounds; Organoheterocyclic compounds; Organosulfur compounds; Lipids and lipid-like molecules; Amino acids, peptides, and analogues; Alpha amino acids and derivatives; Macrolactams; Alcohols and polyols; Lactams; Phenylpropanoids and polyketides; Organic acids and derivatives; Carboxylic acids and derivatives; Organonitrogen compounds; Organooxygen compounds; Fatty amides; Amino acids and derivatives; Peptides; Azoles; Monoalkylamines; Carboxylic acid amides; Carboxylic acid derivatives; N-acyl amines; Monocarboxylic acids and derivatives; N-acyl-alpha amino acids and derivatives; Carboxylic acids; Secondary alcohols; Secondary carboxylic acid amides; Tertiary carboxylic acid amides; Carbonyl compounds; Cyclic peptides; Alpha amino acid amides; Amines; Primary amines; Alkanesulfonic acids; Fatty Acyls; Organic oxides; Azacyclic compounds; Oxacyclic compounds; Heteroaromatic compounds; Hydrocarbon derivatives; Organopnictogen compounds; Organic oxygen compounds; Organic nitrogen compounds; Chemical entities	1146.425	559	9.318	839081080090777569	839079641192828454	839079641192828453	984	
1	C44H61N11O24	[M + H3N + H]+	C44H65N12O24+	Carbohydrates	0.847	Oligopeptides	0.975	Linear peptides	0.529	Organic acids and derivatives	0.995	Carboxylic acids and derivatives	0.957	Amino acids, peptides, and analogues	0.910	Peptides	0.675	Peptides	0.675	Organic compounds; Organoheterocyclic compounds; Carbohydrates and carbohydrate conjugates; Lipids and lipid-like molecules; Amino acids, peptides, and analogues; Alpha amino acids and derivatives; Pyrimidines and pyrimidine derivatives; Alcohols and polyols; Lactams; Organic acids and derivatives; Carboxylic acids and derivatives; Organonitrogen compounds; Primary alcohols; Pyrimidones; Organooxygen compounds; Fatty amides; Amino acids and derivatives; Peptides; Monoalkylamines; Carboxylic acid amides; Carboxylic acid derivatives; N-acyl amines; Monocarboxylic acids and derivatives; N-acyl-alpha amino acids and derivatives; Carboxylic acids; Diazines; Monosaccharides; Secondary alcohols; Secondary carboxylic acid amides; Carbonyl compounds; Glycosyl compounds; Hydropyrimidines; Glycosylamines; Alpha amino acid amides; Amines; Primary amines; Fatty Acyls; Acetamides; Organic oxides; Azacyclic compounds; Oxacyclic compounds; Heteroaromatic compounds; Hydrocarbon derivatives; Organopnictogen compounds; Organic oxygen compounds; Organic nitrogen compounds; Chemical entities	1145.422	559	9.322	839079947947462054	839079641129913886	839079641129913885	982	
1	C9H20N2	[M + H3N + H]+	C9H24N3+	Alkaloids	0.950	Lysine alkaloids	0.648	Acetate-derived alkaloids	0.727	Organoheterocyclic compounds	0.744	Piperidines	0.681					Piperidines	0.681	Organic compounds; Organoheterocyclic compounds; Piperidines; Organonitrogen compounds; Dialkylamines; Trialkylamines; Amines; Secondary amines; Tertiary amines; Azacyclic compounds; Hydrocarbon derivatives; Organopnictogen compounds; Organic nitrogen compounds; Chemical entities	174.196	559	9.324	839079885414580792	839079640987307534	839079640987307533	978	
1	C11H23N3O	[M + H3N + H]+	C11H27N4O+	Alkaloids	0.484	Small peptides	0.393	Dipeptides	0.214	Organic acids and derivatives	0.991	Carboxylic acids and derivatives	0.986	Amino acids, peptides, and analogues	0.979	Amino acids and derivatives	0.978	Alpha amino acid amides	0.856	Organic compounds; Amino acids, peptides, and analogues; Alpha amino acids and derivatives; Organic acids and derivatives; Carboxylic acids and derivatives; Organonitrogen compounds; Organooxygen compounds; Amino acids and derivatives; Monoalkylamines; Carboxylic acid amides; Carboxylic acid derivatives; Secondary carboxylic acid amides; Carbonyl compounds; Dialkylamines; Alpha amino acid amides; Amines; Primary amines; Secondary amines; Organic oxides; Azacyclic compounds; Hydrocarbon derivatives; Organopnictogen compounds; Organic oxygen compounds; Organic nitrogen compounds; Chemical entities	231.218	560	9.333	839080028692010359	839079640920198662	839079640920198661	976	
1	C38H58N6O26	[M + H3N + H]+	C38H62N7O26+	Carbohydrates	0.989	Aminosugars and aminoglycosides	0.537	Pyrimidine nucleosides	0.621	Organic oxygen compounds	1.000	Organooxygen compounds	1.000	Carbohydrates and carbohydrate conjugates	0.908	Aminosaccharides	0.697	N-acyl-alpha-hexosamines	0.736	Organic compounds; Organoheterocyclic compounds; Carbohydrates and carbohydrate conjugates; Lipids and lipid-like molecules; Pyrimidines and pyrimidine derivatives; Alcohols and polyols; Organic acids and derivatives; Carboxylic acids and derivatives; Organonitrogen compounds; Primary alcohols; Pyrimidones; Organooxygen compounds; Organic carbonic acids and derivatives; Carboxylic acid amides; Carboxylic acid derivatives; Carboxylic acids; Diazines; Monosaccharides; Acetals; Secondary alcohols; Secondary carboxylic acid amides; Carbonyl compounds; Oxanes; Glycosyl compounds; Hydropyrimidines; Glycosylamines; O-glycosyl compounds; N-acyl-alpha-hexosamines; Benzene and substituted derivatives; Benzenoids; Aminosaccharides; Acetamides; Organic oxides; Oxacyclic compounds; Heteroaromatic compounds; Hydrocarbon derivatives; Organopnictogen compounds; Organic oxygen compounds; Organic nitrogen compounds; Chemical entities	1032.374	564	9.400	839079951521009134	839079641297686066	839079641297686065	987	
1	C38H61N7O26	[M + Na]+	C38H61N7NaO26+	Carbohydrates	0.985	Aminosugars and aminoglycosides	0.766	Aminoglycosides	0.388	Organic acids and derivatives	0.992	Carboxylic acids and derivatives	0.974	Amino acids, peptides, and analogues	0.888	Peptides	0.616	Peptides	0.616	Organic compounds; Organoheterocyclic compounds; Carbohydrates and carbohydrate conjugates; Lipids and lipid-like molecules; Amino acids, peptides, and analogues; Alpha amino acids and derivatives; Alcohols and polyols; Ethers; Organic acids and derivatives; Carboxylic acids and derivatives; Organonitrogen compounds; Primary alcohols; Organooxygen compounds; Fatty amides; Amino acids and derivatives; Peptides; Hydroxamic acids; Monoalkylamines; Carboxylic acid amides; Carboxylic acid derivatives; N-acyl amines; N-acyl-alpha amino acids and derivatives; Carboxylic acids; Monosaccharides; Acetals; Secondary alcohols; Primary carboxylic acid amides; Secondary carboxylic acid amides; Carbonyl compounds; Oxanes; Glycosyl compounds; O-glycosyl compounds; N-acyl-alpha-hexosamines; Alpha amino acid amides; Amines; Primary amines; Acetohydroxamic acids; Aminosaccharides; Fatty Acyls; Acetamides; Organic oxides; Oxacyclic compounds; Hydrocarbon derivatives; Organopnictogen compounds; Organic oxygen compounds; Organic nitrogen compounds; Chemical entities	1054.356	564	9.402	839080371635083137	839079641377377850	839079641377377849	989	
1	C43H54N12O14S3	[M + H3N + H]+	C43H58N13O14S3+	Amino acids and Peptides	0.979	Oligopeptides	1.000	Cyclic peptides	0.793	Organic acids and derivatives	0.999	Carboxylic acids and derivatives	0.994	Amino acids, peptides, and analogues	0.992	Peptides	0.870	Cyclic peptides	0.844	Organic compounds; Organoheterocyclic compounds; Organosulfur compounds; Lipids and lipid-like molecules; Amino acids, peptides, and analogues; Alpha amino acids and derivatives; Macrolactams; Alcohols and polyols; Lactams; Phenylpropanoids and polyketides; Organic acids and derivatives; Carboxylic acids and derivatives; Organonitrogen compounds; Organooxygen compounds; Fatty amides; Amino acids and derivatives; Peptides; Monoalkylamines; Carboxylic acid amides; Carboxylic acid derivatives; N-acyl amines; Monocarboxylic acids and derivatives; N-acyl-alpha amino acids and derivatives; Carboxylic acids; Secondary alcohols; Primary carboxylic acid amides; Secondary carboxylic acid amides; Carbonyl compounds; Cyclic peptides; Alpha amino acid amides; Amines; Primary amines; Organic disulfides; Organic 1,3-dipolar compounds; Fatty Acyls; Organic oxides; Azacyclic compounds; Hydrocarbon derivatives; Amino acids; Organopnictogen compounds; Organic oxygen compounds; Organic nitrogen compounds; Chemical entities	1076.338	564	9.404	839080070521804434	839079641410932286	839079641410932285	990	
1	C9H16N2O2	[M + H3N + H]+	C9H20N3O2+	Amino acids and Peptides	0.750	Small peptides	0.725	Aminoacids	0.397	Organic acids and derivatives	0.904	Carboxylic acids and derivatives	0.893	Amino acids, peptides, and analogues	0.751	Amino acids and derivatives	0.749	Alpha amino acids and derivatives	0.655	Organic compounds; Organoheterocyclic compounds; Amino acids, peptides, and analogues; Alpha amino acids and derivatives; Organic acids and derivatives; Carboxylic acids and derivatives; Organonitrogen compounds; Organooxygen compounds; Amino acids and derivatives; Carboxylic acid derivatives; Carbonyl compounds; Organic oxides; Azacyclic compounds; Hydrocarbon derivatives; Organopnictogen compounds; Organic oxygen compounds; Organic nitrogen compounds; Chemical entities	202.155	566	9.428	839079975327879409	839079641499012678	839079641499012677	992	
1	C8H13NO	[M + H3N + H]+	C8H17N2O+	Alkaloids	0.639	Lysine alkaloids	0.344	Piperidine alkaloids	0.222	Organic oxygen compounds	0.984	Organooxygen compounds	0.884	Carbonyl compounds	0.628			Carbonyl compounds	0.628	Organic compounds; Organonitrogen compounds; Organooxygen compounds; Carbonyl compounds; Organic oxides; Hydrocarbon derivatives; Organopnictogen compounds; Organic oxygen compounds; Organic nitrogen compounds; Chemical entities	157.134	566	9.428	839079892616201567	839079641566121550	839079641566121549	994	
1	C8H16N2O	[M + H3N + H]+	C8H20N3O+	Alkaloids	0.813	Ornithine alkaloids	0.907	Polyamines	0.908	Organic acids and derivatives	0.974	Carboxylic acids and derivatives	0.956	Amino acids, peptides, and analogues	0.865	Amino acids and derivatives	0.863	Amino acids and derivatives	0.863	Organic compounds; Amino acids, peptides, and analogues; Organic acids and derivatives; Carboxylic acids and derivatives; Organonitrogen compounds; Organooxygen compounds; Amino acids and derivatives; Monoalkylamines; Carboxylic acid amides; Carboxylic acid derivatives; Secondary carboxylic acid amides; Carbonyl compounds; Amines; Primary amines; Organic oxides; Azacyclic compounds; Hydrocarbon derivatives; Organopnictogen compounds; Organic oxygen compounds; Organic nitrogen compounds; Chemical entities	174.160	566	9.434	839079891395658983	839079641457069634	839079641452875329	991	
1	C8H14N2	[M + H3N + H]+	C8H18N3+	Alkaloids	0.452	Fatty acyls	0.305	Acetate-derived alkaloids	0.369	Organic nitrogen compounds	0.999	Organonitrogen compounds	0.999	Organic cyanides	0.571	Nitriles	0.560	Nitriles	0.560	Organic compounds; Organonitrogen compounds; Nitriles; Hydrocarbon derivatives; Organic cyanides; Organopnictogen compounds; Organic nitrogen compounds; Chemical entities	156.150	567	9.450	839079948052319674	839079641532567114	839079641532567113	993	
1	C8H16N2O	[M + H3N + H]+	C8H20N3O+	Alkaloids	0.771	Lysine alkaloids	0.671	Quinolizidine alkaloids	0.283	Organic acids and derivatives	0.913	Carboxylic acids and derivatives	0.905	Amino acids, peptides, and analogues	0.703	Amino acids and derivatives	0.700	Amino acids and derivatives	0.700	Organic compounds; Organoheterocyclic compounds; Amino acids, peptides, and analogues; Organic acids and derivatives; Carboxylic acids and derivatives; Organonitrogen compounds; Organooxygen compounds; Amino acids and derivatives; Carboxylic acid amides; Carboxylic acid derivatives; Carbonyl compounds; Amines; Organic oxides; Azacyclic compounds; Hydrocarbon derivatives; Organopnictogen compounds; Organic oxygen compounds; Organic nitrogen compounds; Chemical entities	174.160	567	9.451	839079948161371583	839079641633230422	839079641633230421	996	
1	C31H32N4O11	[M + H3N + H]+	C31H36N5O11+	Carbohydrates	0.776	Nucleosides	0.506	Simple coumarins	0.295	Organic oxygen compounds	1.000	Organooxygen compounds	1.000	Carbohydrates and carbohydrate conjugates	0.839	Glycosyl compounds	0.811	Glycosyl compounds	0.811	Organic compounds; Organoheterocyclic compounds; Carbohydrates and carbohydrate conjugates; Alcohols and polyols; Phenols; Benzoic acids and derivatives; Benzamides; Ethers; Organic acids and derivatives; Carboxylic acids and derivatives; Organonitrogen compounds; Benzoyl derivatives; Organooxygen compounds; Carboxylic acid amides; Carboxylic acid derivatives; Carboxylic acid esters; Hydroxybenzoic acid derivatives; Monosaccharides; Secondary carboxylic acid amides; Carbonyl compounds; Oxanes; Glycosyl compounds; Benzene and substituted derivatives; Benzenoids; Vinylogous acids; Organic oxides; Oxacyclic compounds; Heteroaromatic compounds; Hydrocarbon derivatives; Organopnictogen compounds; Organic oxygen compounds; 1-hydroxy-2-unsubstituted benzenoids; 1-hydroxy-4-unsubstituted benzenoids; Organic nitrogen compounds; Chemical entities	654.241	571	9.520	839080254018410324	839079641670979162	839079641670979161	997	
1	C49H75N7O33	[M + H3N + H]+	C49H79N8O33+	Carbohydrates	0.892	Oligopeptides	0.803	Linear peptides	0.246	Organic acids and derivatives	0.993	Carboxylic acids and derivatives	0.962	Amino acids, peptides, and analogues	0.763	Amino acids and derivatives	0.745	Alpha amino acids and derivatives	0.729	Organic compounds; Organoheterocyclic compounds; Carbohydrates and carbohydrate conjugates; Lipids and lipid-like molecules; Amino acids, peptides, and analogues; Alpha amino acids and derivatives; Alcohols and polyols; Phenols; Ethers; Organic acids and derivatives; Carboxylic acids and derivatives; Organonitrogen compounds; Primary alcohols; Organooxygen compounds; Amino acids and derivatives; Carboxylic acid amides; Carboxylic acid derivatives; Carboxylic acids; Monosaccharides; Acetals; Secondary alcohols; Secondary carboxylic acid amides; Carbonyl compounds; Oxanes; Glycosyl compounds; O-glycosyl compounds; N-acyl-alpha-hexosamines; Benzene and substituted derivatives; Benzenoids; Aminosaccharides; Acetamides; Organic oxides; Azacyclic compounds; Oxacyclic compounds; Hydrocarbon derivatives; Organopnictogen compounds; Organic oxygen compounds; 1-hydroxy-2-unsubstituted benzenoids; Organic nitrogen compounds; Chemical entities	1307.475	572	9.526	839079927017884385	839079641704533598	839079641704533597	998	
1	C9H18N2O2	[M + H3N + H]+	C9H22N3O2+	Amino acids and Peptides	0.585	Small peptides	0.608	Aminoacids	0.380	Organic acids and derivatives	0.714	Carboxylic acids and derivatives	0.701	Amino acids, peptides, and analogues	0.524	Amino acids and derivatives	0.526	Amino acids and derivatives	0.526	Organic compounds; Amino acids, peptides, and analogues; Organic acids and derivatives; Carboxylic acids and derivatives; Organonitrogen compounds; Organooxygen compounds; Amino acids and derivatives; Monocarboxylic acids and derivatives; Carbonyl compounds; Organic oxides; Hydrocarbon derivatives; Organopnictogen compounds; Organic oxygen compounds; Organic nitrogen compounds; Chemical entities	204.171	572	9.541	839079889990566949	839079641738088034	839079641738088033	999	
1	C6H13NO	[M + H3N + H]+	C6H17N2O+	Alkaloids	0.285	Pseudoalkaloids (transamidation)	0.120	Acetate-derived alkaloids	0.077	Organoheterocyclic compounds	0.646	Oxazinanes	0.624	Morpholines	0.627			Morpholines	0.627	Organic compounds; Organoheterocyclic compounds; Oxazinanes; Ethers; Organonitrogen compounds; Organooxygen compounds; Morpholines; Dialkyl ethers; Trialkylamines; Amines; Tertiary amines; Oxacyclic compounds; Hydrocarbon derivatives; Organopnictogen compounds; Organic oxygen compounds; Organic nitrogen compounds; Chemical entities	133.134	579	9.647	839079893962573279	839079641805196906	839079641801002601	1001	
1	C10H16ClN	[M + Na]+	C10H16ClNNa+	Alkaloids	0.643	Pseudoalkaloids (transamidation)	0.440	Phenylalanine-derived alkaloids	0.475	Benzenoids	0.589	Benzene and substituted derivatives	0.550					Benzene and substituted derivatives	0.550	Organic compounds; Organohalogen compounds; Organonitrogen compounds; Organochlorides; Benzene and substituted derivatives; Benzenoids; Hydrocarbon derivatives; Organopnictogen compounds; Organic nitrogen compounds; Chemical entities	208.087	579	9.648	839079990628700965	839079641767448166	839079641767448165	1000	
1	C9H22NO	[M + H]+	C9H23NO+	Fatty acids	0.773	Fatty amides	0.748	N-acyl amines	0.310	Organic oxygen compounds	0.998	Organooxygen compounds	0.979	Alcohols and polyols	0.523			Alcohols and polyols	0.523	Organic compounds; Alcohols and polyols; Organonitrogen compounds; Organooxygen compounds; Carbonyl compounds; Amines; Organic oxides; Hydrocarbon derivatives; Organopnictogen compounds; Organic oxygen compounds; Organic nitrogen compounds; Chemical entities	161.178	581	9.690	839079890074453032	839079641834557038	839079641834557037	1002	
1	C38H58N6O26	[M + H3N + H]+	C38H62N7O26+	Carbohydrates	0.989	Nucleosides	0.566	Pyrimidine nucleosides	0.670	Organic acids and derivatives	0.994	Carboxylic acids and derivatives	0.959	Amino acids, peptides, and analogues	0.517	Amino acids and derivatives	0.501	Amino acids and derivatives	0.501	Organic compounds; Organoheterocyclic compounds; Carbohydrates and carbohydrate conjugates; Lipids and lipid-like molecules; Amino acids, peptides, and analogues; Pyrimidines and pyrimidine derivatives; Alcohols and polyols; Organic acids and derivatives; Carboxylic acids and derivatives; Organonitrogen compounds; Primary alcohols; Pyrimidones; Organooxygen compounds; Amino acids and derivatives; Organic carbonic acids and derivatives; Carboxylic acid amides; Ureas; Carboxylic acid derivatives; Carboxylic acids; Diazines; Monosaccharides; Secondary alcohols; Secondary carboxylic acid amides; Carbonyl compounds; Oxanes; Glycosyl compounds; Hydropyrimidines; Glycosylamines; O-glycosyl compounds; N-acyl-alpha-hexosamines; Benzene and substituted derivatives; Benzenoids; Aminosaccharides; Fatty Acyls; Acetamides; Organic oxides; Azacyclic compounds; Oxacyclic compounds; Heteroaromatic compounds; Hydrocarbon derivatives; Organopnictogen compounds; Organic oxygen compounds; Organic nitrogen compounds; Chemical entities	1032.374	582	9.697	839079960723312457	839079641872305778	839079641872305777	1003	
1	C38H61N7O26	[M + Na]+	C38H61N7NaO26+	Carbohydrates	0.985	Aminosugars and aminoglycosides	0.824	Aminoglycosides	0.592	Organic acids and derivatives	0.992	Carboxylic acids and derivatives	0.975	Amino acids, peptides, and analogues	0.881	Peptides	0.527	Peptides	0.527	Organic compounds; Organoheterocyclic compounds; Carbohydrates and carbohydrate conjugates; Lipids and lipid-like molecules; Amino acids, peptides, and analogues; Alpha amino acids and derivatives; Alcohols and polyols; Ethers; Organic acids and derivatives; Carboxylic acids and derivatives; Organonitrogen compounds; Primary alcohols; Organooxygen compounds; Fatty amides; Amino acids and derivatives; Peptides; Hydroxamic acids; Monoalkylamines; Carboxylic acid amides; Carboxylic acid derivatives; N-acyl amines; Monocarboxylic acids and derivatives; N-acyl-alpha amino acids and derivatives; Carboxylic acids; Monosaccharides; Acetals; Secondary alcohols; Primary carboxylic acid amides; Secondary carboxylic acid amides; Carbonyl compounds; Oxanes; Glycosyl compounds; O-glycosyl compounds; N-acyl-alpha-hexosamines; Amines; Primary amines; Acetohydroxamic acids; Aminosaccharides; Fatty Acyls; Acetamides; Organic oxides; Oxacyclic compounds; Hydrocarbon derivatives; Organopnictogen compounds; Organic oxygen compounds; Organic nitrogen compounds; Chemical entities	1054.356	582	9.698	839080503403337615	839079641905860214	839079641905860213	1004	
1	C7H13NO	[M + H3N + H]+	C7H17N2O+	Alkaloids	0.502	Lysine alkaloids	0.243	Piperidine alkaloids	0.137	Organoheterocyclic compounds	0.577	Azacyclic compounds	0.592					Azacyclic compounds	0.592	Organic compounds; Organoheterocyclic compounds; Organonitrogen compounds; Organooxygen compounds; Amines; Azacyclic compounds; Hydrocarbon derivatives; Organopnictogen compounds; Organic oxygen compounds; Organic nitrogen compounds; Chemical entities	145.134	582	9.703	839079949147033032	839079641939414650	839079641939414649	1005	
1	C50H76N16O21S	[M + K]+	C50H76KN16O21S+	Amino acids and Peptides	0.957	Oligopeptides	1.000	Linear peptides	0.741	Organic acids and derivatives	0.999	Carboxylic acids and derivatives	0.978	Amino acids, peptides, and analogues	0.993	Peptides	0.798	Peptides	0.798	Organic compounds; Organoheterocyclic compounds; Organosulfur compounds; Carbohydrates and carbohydrate conjugates; Lipids and lipid-like molecules; Amino acids, peptides, and analogues; Alpha amino acids and derivatives; Pyrimidines and pyrimidine derivatives; Alcohols and polyols; Lactams; Organic acids and derivatives; Carboxylic acids and derivatives; Organonitrogen compounds; Primary alcohols; Pyrimidones; Organooxygen compounds; Fatty amides; Amino acids and derivatives; Peptides; Organic carbonic acids and derivatives; Monoalkylamines; Carboxylic acid amides; Ureas; Carboxylic acid derivatives; N-acyl amines; Monocarboxylic acids and derivatives; N-acyl-alpha amino acids and derivatives; Carboxylic acids; Diazines; Secondary alcohols; Secondary carboxylic acid amides; Carbonyl compounds; Glycosyl compounds; Hydropyrimidines; Glycosylamines; Alpha amino acid amides; Amines; Primary amines; Alkanesulfonic acids and derivatives; Alkanesulfonic acids; Fatty Acyls; Organic oxides; Azacyclic compounds; Oxacyclic compounds; Heteroaromatic compounds; Hydrocarbon derivatives; Amino acids; Organopnictogen compounds; Organic oxygen compounds; 1-hydroxy-2-unsubstituted benzenoids; Organic nitrogen compounds; Chemical entities	1307.475	587	9.791	839080334821676905	839079641977163390	839079641977163389	1006	
1	C31H32N4O11	[M + H3N + H]+	C31H36N5O11+	Shikimates and Phenylpropanoids	0.804	Coumarins	0.341	Simple coumarins	0.144	Benzenoids	0.994	Benzene and substituted derivatives	0.959	Benzoic acids and derivatives	0.904	Hydroxybenzoic acid derivatives	0.736	Hydroxybenzoic acid derivatives	0.736	Organic compounds; Organoheterocyclic compounds; Carbohydrates and carbohydrate conjugates; Alcohols and polyols; Phenols; Catechols; Benzoic acids and derivatives; Benzamides; Ethers; Phenylpropanoids and polyketides; Organic acids and derivatives; Carboxylic acids and derivatives; Organonitrogen compounds; Benzoyl derivatives; Organooxygen compounds; Carboxylic acid amides; Carboxylic acid derivatives; Carboxylic acids; Hydroxybenzoic acid derivatives; Benzenediols; Monosaccharides; Secondary carboxylic acid amides; Carbonyl compounds; Benzene and substituted derivatives; Benzenoids; Vinylogous acids; Organic oxides; Oxacyclic compounds; Hydrocarbon derivatives; Organopnictogen compounds; Organic oxygen compounds; 1-hydroxy-2-unsubstituted benzenoids; 1-hydroxy-4-unsubstituted benzenoids; Organic nitrogen compounds; Phenoxy compounds; Chemical entities	654.241	587	9.791	839079899985594154	839079642010717826	839079642010717825	1007	
1	C37H67N9O6	[M + H3N + H]+	C37H71N10O6+	Amino acids and Peptides	0.993	Oligopeptides	0.988	Linear peptides	0.687	Organic acids and derivatives	0.999	Carboxylic acids and derivatives	0.997	Amino acids, peptides, and analogues	0.992	Peptides	0.855	Peptides	0.855	Organic compounds; Organoheterocyclic compounds; Lipids and lipid-like molecules; Amino acids, peptides, and analogues; Alpha amino acids and derivatives; Pyrrolidines; Organic acids and derivatives; Carboxylic acids and derivatives; Organonitrogen compounds; Organooxygen compounds; Fatty amides; Amino acids and derivatives; Peptides; Carboxylic acid amides; Carboxylic acid derivatives; N-acyl amines; N-acyl-alpha amino acids and derivatives; Secondary carboxylic acid amides; Tertiary carboxylic acid amides; Carbonyl compounds; Pyrrolidine carboxylic acids and derivatives; Alpha amino acid amides; N-acylpyrrolidines; Fatty Acyls; Organic oxides; Azacyclic compounds; Hydrocarbon derivatives; Valine and derivatives; Organopnictogen compounds; Organic oxygen compounds; Organic nitrogen compounds; Chemical entities	751.554	589	9.819	839079891659900146	839079642115575438	839079642111381133	1010	
1	C9H20N2	[M + H3N + H]+	C9H24N3+	Alkaloids	0.951	Lysine alkaloids	0.456	Acetate-derived alkaloids	0.612	Organoheterocyclic compounds	0.557	Piperidines	0.509					Piperidines	0.509	Organic compounds; Organoheterocyclic compounds; Piperidines; Organonitrogen compounds; Dialkylamines; Trialkylamines; Amines; Secondary amines; Tertiary amines; Azacyclic compounds; Hydrocarbon derivatives; Organopnictogen compounds; Organic nitrogen compounds; Chemical entities	174.196	590	9.838	839079920797731360	839079642224627354	839079642224627353	1013	
1	C60H66F4N8O10S2	[M + H3N + H]+	C60H70F4N9O10S2+	Amino acids and Peptides	0.976	Oligopeptides	1.000	Linear peptides	0.546	Organic acids and derivatives	0.996	Carboxylic acids and derivatives	0.988	Amino acids, peptides, and analogues	0.974	Peptides	0.796	Peptides	0.796	Organic compounds; Organoheterocyclic compounds; Organosulfur compounds; Lipids and lipid-like molecules; Amino acids, peptides, and analogues; Alpha amino acids and derivatives; Thiazoles; Pyrrolidines; Organic acids and derivatives; Carboxylic acids and derivatives; Organohalogen compounds; Organonitrogen compounds; Organooxygen compounds; Fatty amides; Amino acids and derivatives; Peptides; Azoles; Carboxylic acid amides; Carboxylic acid derivatives; N-acyl amines; N-acyl-alpha amino acids and derivatives; Organofluorides; Secondary carboxylic acid amides; Tertiary carboxylic acid amides; Carbonyl compounds; Thiazolecarboxylic acids and derivatives; Benzene and substituted derivatives; Alpha amino acid amides; Benzenoids; 2,4-disubstituted thiazoles; Fatty Acyls; Organic oxides; Azacyclic compounds; Heteroaromatic compounds; Hydrocarbon derivatives; Organopnictogen compounds; Organic oxygen compounds; Organic nitrogen compounds; Chemical entities	1216.462	591	9.845	839079902330210227	839079642149129874	839079642149129873	1011	
1	C11H23N3O	[M + H3N + H]+	C11H27N4O+	Alkaloids	0.584	Small peptides	0.375	Dipeptides	0.155	Organic acids and derivatives	0.988	Carboxylic acids and derivatives	0.980	Amino acids, peptides, and analogues	0.959	Amino acids and derivatives	0.957	Alpha amino acid amides	0.773	Organic compounds; Organoheterocyclic compounds; Amino acids, peptides, and analogues; Alpha amino acids and derivatives; Organic acids and derivatives; Carboxylic acids and derivatives; Organonitrogen compounds; Organooxygen compounds; Amino acids and derivatives; Carboxylic acid amides; Carboxylic acid derivatives; Secondary carboxylic acid amides; Carbonyl compounds; Dialkylamines; Alpha amino acid amides; Amines; Secondary amines; Organic oxides; Azacyclic compounds; Hydrocarbon derivatives; Organopnictogen compounds; Organic oxygen compounds; Organic nitrogen compounds; Chemical entities	231.218	591	9.849	839079954394107486	839079642044272262	839079642044272261	1008	
1	C9H22NO	[M + H]+	C9H23NO+	Fatty acids	0.380	Fatty amides	0.406	N-acyl amines	0.117	Organic nitrogen compounds	1.000	Organonitrogen compounds	1.000	Amines	0.955	Tertiary amines	0.544	Trialkylamines	0.573	Organic compounds; Alcohols and polyols; Organonitrogen compounds; Organooxygen compounds; Trialkylamines; Amines; Tertiary amines; Hydrocarbon derivatives; Organopnictogen compounds; Organic oxygen compounds; Organic nitrogen compounds; Chemical entities	161.178	591	9.854	839079888207987604	839079642077826698	839079642077826697	1009	
1	C13H9Br4NO4S	[M + H3N + H]+	C13H13Br4N2O4S+	Shikimates and Phenylpropanoids	0.244	Coumarins	0.075	Simple coumarins	0.077	Benzenoids	0.980	Phenols	0.617	Halophenols	0.678	Bromophenols	0.683	Bromophenols	0.683	Organic compounds; Organoheterocyclic compounds; Organosulfur compounds; Halobenzenes; Phenols; Organic acids and derivatives; Carboxylic acids and derivatives; Organohalogen compounds; Organonitrogen compounds; Organooxygen compounds; Aryl bromides; Carboxylic acid derivatives; Bromobenzenes; Organobromides; Benzene and substituted derivatives; Halophenols; Benzenoids; Bromophenols; Aryl halides; Organic oxides; Hydrocarbon derivatives; Organopnictogen compounds; Organic oxygen compounds; Organic nitrogen compounds; Chemical entities	608.733	592	9.866	839079931145079678	839079642186878614	839079642186878613	1012	
1	C9H22NO	[M + H]+	C9H23NO+	Alkaloids	0.649	Lysine alkaloids	0.361	Pyrrolidine alkaloids	0.255	Organic nitrogen compounds	1.000	Organonitrogen compounds	1.000	Amines	0.635			Amines	0.635	Organic compounds; Organonitrogen compounds; Organooxygen compounds; Carbonyl compounds; Amines; Organic oxides; Hydrocarbon derivatives; Organopnictogen compounds; Organic oxygen compounds; Organic nitrogen compounds; Chemical entities	161.178	593	9.879	839079981191516640	839079642321096358	839079642321096357	1016	
1	C7H13N	[M + H3N + H]+	C7H17N2+	Alkaloids	0.684	Lysine alkaloids	0.283	Acetate-derived alkaloids	0.434	Organic nitrogen compounds	1.000	Organonitrogen compounds	0.999	Amines	0.881	Tertiary amines	0.492	Trialkylamines	0.586	Organic compounds; Organonitrogen compounds; Trialkylamines; Amines; Azacyclic compounds; Hydrocarbon derivatives; Organopnictogen compounds; Organic nitrogen compounds; Chemical entities	129.139	594	9.897	839079980751114697	839079642392399534	839079642392399533	1018	
1	C49H68N4O29	[M + H3N + H]+	C49H72N5O29+	Carbohydrates	0.989	Aminosugars and aminoglycosides	0.582	Aminosugars	0.458	Organic oxygen compounds	1.000	Organooxygen compounds	1.000	Carbohydrates and carbohydrate conjugates	0.968	Aminosaccharides	0.917	N-acyl-alpha-hexosamines	0.932	Organic compounds; Organoheterocyclic compounds; Carbohydrates and carbohydrate conjugates; Lipids and lipid-like molecules; Pyrans; Alcohols and polyols; Sugar acids and derivatives; Ethers; Organic acids and derivatives; Carboxylic acids and derivatives; Organonitrogen compounds; Primary alcohols; Organooxygen compounds; Carboxylic acid amides; Carboxylic acid derivatives; Carboxylic acids; Acetals; Secondary alcohols; Secondary carboxylic acid amides; Carbonyl compounds; Oxanes; Glycosyl compounds; O-glycosyl compounds; N-acyl-alpha-hexosamines; Benzene and substituted derivatives; Benzenoids; C-glucuronides; Aminosaccharides; Acetamides; Organic oxides; Oxacyclic compounds; Heteroaromatic compounds; Hydrocarbon derivatives; Organopnictogen compounds; Organic oxygen compounds; Organic nitrogen compounds; Chemical entities	1194.427	595	9.917	839080235685107518	839079642358845098	839079642358845097	1017	
1	C11H23N3O	[M + H3N + H]+	C11H27N4O+	Alkaloids	0.760	Ornithine alkaloids	0.186	Quinolizidine alkaloids	0.121	Organic acids and derivatives	0.872	Carboxylic acids and derivatives	0.850	Amino acids, peptides, and analogues	0.742	Amino acids and derivatives	0.739	Amino acids and derivatives	0.739	Organic compounds; Amino acids, peptides, and analogues; Organic acids and derivatives; Carboxylic acids and derivatives; Organonitrogen compounds; Organooxygen compounds; Amino acids and derivatives; Carboxylic acid amides; Carboxylic acid derivatives; Carbonyl compounds; Amines; Organic oxides; Azacyclic compounds; Hydrocarbon derivatives; Organopnictogen compounds; Organic oxygen compounds; Organic nitrogen compounds; Chemical entities	231.218	596	9.933	839079981199905251	839079642287541922	839079642287541921	1015	
1	C8H15N	[M + H3N + H]+	C8H19N2+	Alkaloids	0.754	Lysine alkaloids	0.519	Acetate-derived alkaloids	0.493	Organic nitrogen compounds	1.000	Organonitrogen compounds	1.000	Amines	0.903	Tertiary amines	0.654	Trialkylamines	0.734	Organic compounds; Organonitrogen compounds; Trialkylamines; Amines; Tertiary amines; Azacyclic compounds; Hydrocarbon derivatives; Organopnictogen compounds; Organic nitrogen compounds; Chemical entities	143.154	600	10.007	839079895694820912	839079642455314102	839079642455314101	1020	
1	C13H9Br4NO4S	[M + H3N + H]+	C13H13Br4N2O4S+	Shikimates and Phenylpropanoids	0.233	Coumarins	0.057	Simple coumarins	0.126	Benzenoids	0.978	Phenols	0.647	Halophenols	0.709	Bromophenols	0.705	Bromophenols	0.705	Organic compounds; Organoheterocyclic compounds; Organosulfur compounds; Halobenzenes; Phenols; Organic acids and derivatives; Carboxylic acids and derivatives; Organohalogen compounds; Organonitrogen compounds; Organooxygen compounds; Aryl bromides; Carboxylic acid derivatives; Bromobenzenes; Organobromides; Benzene and substituted derivatives; Halophenols; Benzenoids; Bromophenols; Aryl halides; Organic oxides; Heteroaromatic compounds; Hydrocarbon derivatives; Organopnictogen compounds; Organic oxygen compounds; Organic nitrogen compounds; Chemical entities	608.733	606	10.106	839080010551645296	839079642493062842	839079642493062841	1021	
1	C7H16N2	[M + H3N + H]+	C7H20N3+	Alkaloids	0.893	Ornithine alkaloids	0.781	Polyamines	0.802	Organic nitrogen compounds	1.000	Organonitrogen compounds	1.000	Amines	0.854			Amines	0.854	Organic compounds; Organonitrogen compounds; Amines; Hydrocarbon derivatives; Organopnictogen compounds; Organic nitrogen compounds; Chemical entities	146.165	611	10.180	839079949188976075	839079642631474890	839079642631474889	1025	
1	C5H10N4O2S	[M + H3N + H]+	C5H14N5O2S+	Alkaloids	0.897	Pseudoalkaloids (transamidation)	0.835	Purine alkaloids	0.724	Organoheterocyclic compounds	0.979	Azoles	0.832	Imidazoles	0.541			Imidazoles	0.541	Organic compounds; Organoheterocyclic compounds; Imidazoles; Organonitrogen compounds; Azoles; Organic oxides; Azacyclic compounds; Heteroaromatic compounds; Hydrocarbon derivatives; Organopnictogen compounds; Organic oxygen compounds; Organic nitrogen compounds; Chemical entities	208.087	611	10.188	839079945804172628	839079642597920454	839079642597920453	1024	
1	C49H68N4O29	[M + H3N + H]+	C49H72N5O29+	Carbohydrates	0.990	Aminosugars and aminoglycosides	0.626	Aminosugars	0.439	Organic oxygen compounds	1.000	Organooxygen compounds	1.000	Carbohydrates and carbohydrate conjugates	0.980	Sugar acids and derivatives	0.649	N-acylneuraminic acids	0.547	Organic compounds; Organoheterocyclic compounds; Carbohydrates and carbohydrate conjugates; Lipids and lipid-like molecules; Pyrans; Alcohols and polyols; Oligosaccharides; Sugar acids and derivatives; Ethers; Organic acids and derivatives; Carboxylic acids and derivatives; Organonitrogen compounds; Primary alcohols; Organooxygen compounds; Glucuronides; Carboxylic acid amides; Carboxylic acid derivatives; Carboxylic acids; Neuraminic acids and derivatives; Acetals; Secondary alcohols; Secondary carboxylic acid amides; Carbonyl compounds; Oxanes; Glucuronic acid derivatives; Glycosyl compounds; C-glycosyl compounds; O-glycosyl compounds; N-acyl-alpha-hexosamines; C-glucuronides; N-acylneuraminic acids; N-acylneuraminic acids and derivatives; Aminosaccharides; Acetamides; Organic oxides; Oxacyclic compounds; Hydrocarbon derivatives; Ketals; Organopnictogen compounds; Organic oxygen compounds; Organic nitrogen compounds; Chemical entities	1194.427	612	10.194	839080101593208594	839079642530811582	839079642530811581	1022	
1	C11H23N3O	[M + H3N + H]+	C11H27N4O+	Alkaloids	0.745	Lysine alkaloids	0.274	Quinolizidine alkaloids	0.129	Organic acids and derivatives	0.949	Carboxylic acids and derivatives	0.921	Amino acids, peptides, and analogues	0.795	Amino acids and derivatives	0.792	Amino acids and derivatives	0.792	Organic compounds; Organoheterocyclic compounds; Amino acids, peptides, and analogues; Organic acids and derivatives; Carboxylic acids and derivatives; Organonitrogen compounds; Organooxygen compounds; Amino acids and derivatives; Carboxylic acid amides; Carboxylic acid derivatives; Carbonyl compounds; Amines; Organic oxides; Azacyclic compounds; Hydrocarbon derivatives; Organopnictogen compounds; Organic oxygen compounds; Organic nitrogen compounds; Chemical entities	231.218	613	10.208	839079957426589410	839079642564366018	839079642564366017	1023	
1	C8H14NO3S	[M + H3N + H]+	C8H18N2O3S+	Amino acids and Peptides	0.976	Small peptides	0.610	Aminoacids	0.755	Organic acids and derivatives	0.932	Carboxylic acids and derivatives	0.699					Carboxylic acids and derivatives	0.699	Organic compounds; Organosulfur compounds; Organic acids and derivatives; Carboxylic acids and derivatives; Organonitrogen compounds; Organooxygen compounds; Carbonyl compounds; Organic oxides; Hydrocarbon derivatives; Organopnictogen compounds; Organic oxygen compounds; Organic nitrogen compounds; Chemical entities	222.103	616	10.260	839079961465704293	839079642698583762	839079642698583761	1027	
1	C13H17N4O9P	[M + Na]+	C13H17N4NaO9P+	Carbohydrates	0.998	Nucleosides	0.995	Purine nucleotides	0.993	Nucleosides, nucleotides, and analogues	0.935	Purine nucleotides	0.907	Cyclic purine nucleotides	0.836	3',5'-cyclic purine nucleotides	0.809	3',5'-cyclic purine nucleotides	0.809	Organic compounds; Organoheterocyclic compounds; Carbohydrates and carbohydrate conjugates; Pyrimidines and pyrimidine derivatives; Imidazoles; Alcohols and polyols; Purines and purine derivatives; Hypoxanthines; Organic acids and derivatives; Carboxylic acids and derivatives; Organonitrogen compounds; Nucleosides, nucleotides, and analogues; Pyrimidones; Organooxygen compounds; Organic phosphoric acids and derivatives; Phosphate esters; Azoles; Purinones; Carboxylic acid derivatives; Diazines; Cyclic purine nucleotides; Pentoses; 3',5'-cyclic purine nucleotides; 6-oxopurines; Purine nucleotides; Monosaccharides; Monosaccharide phosphates; Secondary alcohols; Imidazopyrimidines; Carbonyl compounds; Glycosyl compounds; Glycosylamines; Pentose phosphates; Substituted imidazoles; N-substituted imidazoles; Tetrahydrofurans; Monoalkyl phosphates; Vinylogous amides; Organic oxides; Azacyclic compounds; Oxacyclic compounds; Heteroaromatic compounds; Hydrocarbon derivatives; Organopnictogen compounds; Organic oxygen compounds; Organic nitrogen compounds; Chemical entities	427.063	616	10.273	839079968738627643	839079642732138198	839079642732138197	1028	
1	C9H20N2	[M + H3N + H]+	C9H24N3+	Alkaloids	0.960	Lysine alkaloids	0.560	Acetate-derived alkaloids	0.765	Organoheterocyclic compounds	0.616	Piperidines	0.607					Piperidines	0.607	Organic compounds; Organoheterocyclic compounds; Piperidines; Organonitrogen compounds; Dialkylamines; Trialkylamines; Amines; Secondary amines; Tertiary amines; Azacyclic compounds; Hydrocarbon derivatives; Organopnictogen compounds; Organic nitrogen compounds; Chemical entities	174.196	616	10.274	839079947427368338	839079642665029326	839079642665029325	1026	
1	C24H30N4O8S	[M + H3N + H]+	C24H34N5O8S+	Amino acids and Peptides	0.678	Oligopeptides	0.391	Cyclamides	0.204	Benzenoids	0.749	Benzene and substituted derivatives	0.677					Benzene and substituted derivatives	0.677	Organic compounds; Organoheterocyclic compounds; Organosulfur compounds; Alcohols and polyols; Organic acids and derivatives; Carboxylic acids and derivatives; Organonitrogen compounds; Organooxygen compounds; Carboxylic acid amides; Carboxylic acid derivatives; Monocarboxylic acids and derivatives; Secondary alcohols; Secondary carboxylic acid amides; Carbonyl compounds; Benzene and substituted derivatives; Benzenoids; Organic oxides; Azacyclic compounds; Heteroaromatic compounds; Hydrocarbon derivatives; Organopnictogen compounds; Organic oxygen compounds; Organic nitrogen compounds; Chemical entities	552.210	618	10.303	839080047444743664	839079642769886938	839079642769886937	1029	
1	C12H17NO4	[M + Na]+	C12H17NNaO4+	Alkaloids	0.977	Tyrosine alkaloids	0.970	Phenylethylamines	0.937	Organic acids and derivatives	0.817	Carboxylic acids and derivatives	0.841	Amino acids, peptides, and analogues	0.770	Amino acids and derivatives	0.770	Alpha amino acids	0.651	Organic compounds; Organoheterocyclic compounds; Amino acids, peptides, and analogues; Alpha amino acids and derivatives; Organic acids and derivatives; Carboxylic acids and derivatives; Organonitrogen compounds; Organooxygen compounds; Amino acids and derivatives; Monoalkylamines; Monocarboxylic acids and derivatives; Carboxylic acids; Carbonyl compounds; Alpha amino acids; Benzenoids; Amines; Primary amines; Aralkylamines; Organic oxides; Oxacyclic compounds; Hydrocarbon derivatives; Amino acids; Organopnictogen compounds; Organic oxygen compounds; Organic nitrogen compounds; Chemical entities	262.106	620	10.326	839079907749251216	839079643013156594	839079643013156593	1035	
1	C9H14N2O4S	[M + H3N + H]+	C9H18N3O4S+	Amino acids and Peptides	0.969	Small peptides	0.901	Aminoacids	0.893	Organic acids and derivatives	0.997	Carboxylic acids and derivatives	0.970	Amino acids, peptides, and analogues	0.907	Amino acids and derivatives	0.906	Alpha amino acids	0.719	Organic compounds; Organosulfur compounds; Amino acids, peptides, and analogues; Alpha amino acids and derivatives; Organic acids and derivatives; Carboxylic acids and derivatives; Organosulfonic acids and derivatives; Organonitrogen compounds; Organooxygen compounds; Amino acids and derivatives; Monocarboxylic acids and derivatives; Sulfonyls; Carboxylic acids; Carbonyl compounds; Alpha amino acids; Organic oxides; Hydrocarbon derivatives; Amino acids; Organic sulfonic acids and derivatives; Organopnictogen compounds; Organic oxygen compounds; Organic nitrogen compounds; Chemical entities	264.101	620	10.327	839079893706720683	839079642979602158	839079642979602157	1034	
1	C10H16Cl2IN5O4S	[M + H3N + H]+	C10H20Cl2IN6O4S+	Amino acids and Peptides	0.187	Guanidine alkaloids	0.108	Imidazole alkaloids	0.063	Organoheterocyclic compounds	0.950	Triazines	0.347	1,3,5-triazines	0.672			1,3,5-triazines	0.672	Organic compounds; Organoheterocyclic compounds; Organosulfur compounds; Organic acids and derivatives; Organohalogen compounds; Organonitrogen compounds; Organooxygen compounds; Alkyl chlorides; Sulfonyls; Organochlorides; Organic oxides; 1,3,5-triazines; Azacyclic compounds; Heteroaromatic compounds; Hydrocarbon derivatives; Organopnictogen compounds; Organic oxygen compounds; Organic nitrogen compounds; Chemical entities	516.969	620	10.329	839080001890407367	839079642870550242	839079642870550241	1031	
1	C3H2N3O2P	[M + H3N + H]+	C3H6N4O2P+	Alkaloids	0.759	Nicotinic acid alkaloids	0.302	Pyridine alkaloids	0.304	Organoheterocyclic compounds	0.668							Organoheterocyclic compounds	0.668	Organic compounds; Organoheterocyclic compounds; Organonitrogen compounds; Organic oxides; Hydrocarbon derivatives; Organopnictogen compounds; Organic oxygen compounds; Organic nitrogen compounds; Chemical entities	161.022	620	10.336	839079896160388665	839079643118014206	839079643118014205	1038	
1	C8H15N	[M + H3N + H]+	C8H19N2+	Alkaloids	0.772	Lysine alkaloids	0.494	Acetate-derived alkaloids	0.665	Organoheterocyclic compounds	0.643	Piperidines	0.551					Piperidines	0.551	Organic compounds; Organoheterocyclic compounds; Piperidines; Organonitrogen compounds; Trialkylamines; Amines; Tertiary amines; Azacyclic compounds; Hydrocarbon derivatives; Organopnictogen compounds; Organic nitrogen compounds; Chemical entities	143.154	620	10.336	839079896219108936	839079643260620558	839079643260620557	1042	
1	C12H15NO10	[M + K]+	C12H15KNO10+	Alkaloids	0.860	Tyrosine alkaloids	0.889	Phenylethylamines	0.393	Organic acids and derivatives	0.777	Carboxylic acids and derivatives	0.785	Amino acids, peptides, and analogues	0.543	Amino acids and derivatives	0.545	Alpha amino acids	0.543	Organic compounds; Organoheterocyclic compounds; Amino acids, peptides, and analogues; Alcohols and polyols; Ethers; Organic acids and derivatives; Carboxylic acids and derivatives; Organonitrogen compounds; Organooxygen compounds; Amino acids and derivatives; Carboxylic acids; Secondary alcohols; Carbonyl compounds; Polyols; Alpha amino acids; Benzenoids; Amines; Organic oxides; Oxacyclic compounds; Hydrocarbon derivatives; Organopnictogen compounds; Organic oxygen compounds; Organic nitrogen compounds; Chemical entities	372.035	620	10.337	839079917521979775	839079643050905334	839079643050905333	1036	
1	C11H15NO4	[M + Na]+	C11H15NNaO4+	Alkaloids	0.929	Tyrosine alkaloids	0.907	Phenylethylamines	0.660	Benzenoids	0.587							Benzenoids	0.587	Organic compounds; Organoheterocyclic compounds; Organic acids and derivatives; Carboxylic acids and derivatives; Organonitrogen compounds; Organooxygen compounds; Carbonyl compounds; Benzenoids; Amines; Organic oxides; Azacyclic compounds; Hydrocarbon derivatives; Organopnictogen compounds; Organic oxygen compounds; Organic nitrogen compounds; Chemical entities	248.090	621	10.344	839080027580519780	839079643193511686	839079643189317381	1040	
1	C9H21AsN2O	[M + H3N + H]+	C9H25AsN3O+	Terpenoids	0.185	Monoterpenoids	0.091	Pinane monoterpenoids	0.115	Organometallic compounds	0.999	Organometalloid compounds	0.999	Organoarsenic compounds	0.999	Trivalent organic arsenic compounds	0.685	Trivalent organic arsenic compounds	0.685	Organic compounds; Organoarsenic compounds; Organometallic compounds; Organometalloid compounds; Organic salts; Organic metalloid salts; Organic metal salts; Trivalent organic arsenic compounds; Hydrocarbon derivatives; Oxygen-containing organoarsenic compounds; Chemical entities	266.120	621	10.344	839079901562652571	839079643080265466	839079643080265465	1037	
1	C11H15N3OS2	[M + H3N + H]+	C11H19N4OS2+	Amino acids and Peptides	0.809	Linear polyketides	0.104	Melithiazole and Myxothiazole derivatives	0.073	Organic acids and derivatives	0.777	Carboxylic acids and derivatives	0.713	Amino acids, peptides, and analogues	0.667	Amino acids and derivatives	0.667	Amino acids and derivatives	0.667	Organic compounds; Organoheterocyclic compounds; Amino acids, peptides, and analogues; Thiazoles; Organic acids and derivatives; Carboxylic acids and derivatives; Organonitrogen compounds; Organooxygen compounds; Amino acids and derivatives; Azoles; Carboxylic acid amides; Carboxylic acid derivatives; Dialkylamines; Amines; Secondary amines; Aralkylamines; Organic oxides; Azacyclic compounds; Heteroaromatic compounds; Hydrocarbon derivatives; Organopnictogen compounds; Organic oxygen compounds; Organic nitrogen compounds; Chemical entities	287.099	621	10.347	839080010320958554	839079643227066122	839079643227066121	1041	
1	C8H18N2	[M + H3N + H]+	C8H22N3+	Alkaloids	0.998	Ornithine alkaloids	0.999	Polyamines	1.000	Organic nitrogen compounds	1.000	Organonitrogen compounds	1.000	Amines	0.990	Secondary amines	0.624	Dialkylamines	0.611	Organic compounds; Organonitrogen compounds; Monoalkylamines; Dialkylamines; Amines; Primary amines; Secondary amines; Hydrocarbon derivatives; Organopnictogen compounds; Organic nitrogen compounds; Chemical entities	160.181	621	10.349	839079900446967654	839079643537444654	839079643533250349	1050	
1	C14H12N3O7	[M + K]+	C14H12KN3O7+	Alkaloids	0.524	Small peptides	0.272	Pyrroloquinoline alkaloids	0.086	Organic acids and derivatives	0.995	Carboxylic acids and derivatives	0.987	Amino acids, peptides, and analogues	0.928	Amino acids and derivatives	0.927	Alpha amino acids	0.823	Organic compounds; Organoheterocyclic compounds; Amino acids, peptides, and analogues; Alpha amino acids and derivatives; Phenols; Organic acids and derivatives; Carboxylic acids and derivatives; Organonitrogen compounds; Organooxygen compounds; Amino acids and derivatives; Monocarboxylic acids and derivatives; Organic nitro compounds; Carboxylic acids; Organic oxoazanium compounds; Carbonyl compounds; Benzene and substituted derivatives; Alpha amino acids; Benzenoids; Amines; Secondary amines; Organic 1,3-dipolar compounds; Allyl-type 1,3-dipolar organic compounds; Propargyl-type 1,3-dipolar organic compounds; Organic oxides; C-nitro compounds; Azacyclic compounds; Hydrocarbon derivatives; Amino acids; Organopnictogen compounds; Organic oxygen compounds; Nitroaromatic compounds; Organic nitrogen compounds; Chemical entities	373.032	621	10.354	839080018277553373	839079642908298982	839079642908298981	1032	
1	C27H18O13	[M + Na]+	C27H18NaO13+	Polyketides	0.879	Naphthalenes	0.530	Bisnaphthalenes	0.618	Organoheterocyclic compounds	0.636	Benzopyrans	0.600	1-benzopyrans	0.458	Chromones	0.541	Chromones	0.541	Organic compounds; Organoheterocyclic compounds; Naphthalenes; Pyrans; Benzopyrans; Alcohols and polyols; Phenols; Chromones; Phenylpropanoids and polyketides; Organic acids and derivatives; Carboxylic acids and derivatives; Organooxygen compounds; Pyranones and derivatives; Carboxylic acids; Carbonyl compounds; Benzene and substituted derivatives; Polyols; Naphthols and derivatives; Benzenoids; Vinylogous acids; Organic oxides; Oxacyclic compounds; Hydrocarbon derivatives; Organic oxygen compounds; 1-hydroxy-2-unsubstituted benzenoids; 1-hydroxy-4-unsubstituted benzenoids; Chemical entities	573.062	621	10.355	839080025558865212	839079643155762946	839079643155762945	1039	
1	C23H17ClN8O6	[M + K]+	C23H17ClKN8O6+	Amino acids and Peptides	0.420	Oligopeptides	0.039	Pyrrole alkaloids	0.019	Organic acids and derivatives	0.998	Carboxylic acids and derivatives	0.995	Amino acids, peptides, and analogues	0.949	Amino acids and derivatives	0.948	N-acyl-alpha amino acids	0.567	Organic compounds; Organoheterocyclic compounds; Amino acids, peptides, and analogues; Alpha amino acids and derivatives; Pyrazines; Benzoic acids and derivatives; Benzamides; Organic acids and derivatives; Carboxylic acids and derivatives; Organohalogen compounds; Organonitrogen compounds; Benzoyl derivatives; Organooxygen compounds; Dicarboxylic acids and derivatives; Amino acids and derivatives; Carboxylic acid amides; Aryl chlorides; Carboxylic acid derivatives; N-acyl-alpha amino acids and derivatives; Carboxylic acids; Hippuric acids; Diazines; Organochlorides; Secondary carboxylic acid amides; Carbonyl compounds; Benzene and substituted derivatives; N-acyl-alpha amino acids; Benzenoids; Amines; Primary amines; Aryl halides; Imidolactams; Organic oxides; Azacyclic compounds; Heteroaromatic compounds; Hydrocarbon derivatives; Amino acids; Organopnictogen compounds; Organic oxygen compounds; Organic nitrogen compounds; 2-heteroaryl carboxamides; Chemical entities	575.058	621	10.355	839080038020142482	839079642946047722	839079642946047721	1033	
1	C7H13BN5O3PS3	[M + H3N + H]+	C7H17BN6O3PS3+	Amino acids and Peptides	0.376	Histidine alkaloids	0.274	Imidazole alkaloids	0.282	Organoheterocyclic compounds	0.951	Azoles	0.816					Azoles	0.816	Organic compounds; Organoheterocyclic compounds; Organic acids and derivatives; Organonitrogen compounds; Organooxygen compounds; Azoles; Organometallic compounds; Boronic acid derivatives; Organometalloid compounds; Amines; Organic salts; Organic metalloid salts; Organic metal salts; Azacyclic compounds; Heteroaromatic compounds; Hydrocarbon derivatives; Organopnictogen compounds; Organic oxygen compounds; Organic nitrogen compounds; Chemical entities	370.040	622	10.359	839079943631523086	839079642803441374	839079642803441373	1030	
1	C9H20ClN2O3	[M + Na]+	C9H20ClN2NaO3+	Amino acids and Peptides	0.329	Small peptides	0.258	Halogenated fatty acids	0.155	Organic acids and derivatives	0.914	Carboxylic acids and derivatives	0.703					Carboxylic acids and derivatives	0.703	Organic compounds; Organic acids and derivatives; Carboxylic acids and derivatives; Organohalogen compounds; Organonitrogen compounds; Organooxygen compounds; Alkyl chlorides; Organochlorides; Carbonyl compounds; Alkyl halides; Organic oxides; Hydrocarbon derivatives; Organopnictogen compounds; Organic oxygen compounds; Organic nitrogen compounds; Chemical entities	262.106	622	10.359	839079911184386289	839079644405665682	839079644405665681	1075	
1	C15H14N3O4S	[M + K]+	C15H14KN3O4S+	Alkaloids	0.683	Nicotinic acid alkaloids	0.174	Pyridine alkaloids	0.173	Organic acids and derivatives	0.959	Carboxylic acids and derivatives	0.918	Amino acids, peptides, and analogues	0.655	Amino acids and derivatives	0.656	Alpha amino acids and derivatives	0.532	Organic compounds; Organoheterocyclic compounds; Amino acids, peptides, and analogues; Alpha amino acids and derivatives; Pyridines and derivatives; Organic acids and derivatives; Carboxylic acids and derivatives; Organonitrogen compounds; Organooxygen compounds; Amino acids and derivatives; Monocarboxylic acids and derivatives; Carboxylic acids; Carbonyl compounds; Amines; Primary amines; Organic oxides; Azacyclic compounds; Heteroaromatic compounds; Hydrocarbon derivatives; Amino acids; Organopnictogen compounds; Organic oxygen compounds; Organic nitrogen compounds; Chemical entities	371.034	622	10.361	839079936148884580	839079643642302266	839079643642302265	1053	
1	C12H13ClN4O6	[M + Na]+	C12H13ClN4NaO6+	Alkaloids	0.343	Guanidine alkaloids	0.176	Tricyclic guanidine alkaloids	0.100	Organic acids and derivatives	0.980	Carboxylic acids and derivatives	0.938	Amino acids, peptides, and analogues	0.919	Amino acids and derivatives	0.918	Alpha amino acids	0.565	Organic compounds; Organoheterocyclic compounds; Amino acids, peptides, and analogues; Alpha amino acids and derivatives; Organic acids and derivatives; Carboxylic acids and derivatives; Organohalogen compounds; Organonitrogen compounds; Organooxygen compounds; Amino acids and derivatives; Aryl chlorides; Monocarboxylic acids and derivatives; Carboxylic acids; Organochlorides; Carbonyl compounds; Alpha amino acids; Benzenoids; Amines; Aryl halides; Vinylogous amides; Organic oxides; Azacyclic compounds; Hydrocarbon derivatives; Amino acids; Organopnictogen compounds; Organic oxygen compounds; Organic nitrogen compounds; Chemical entities	367.042	622	10.365	839079928745937703	839079643680051006	839079643680051005	1054	
1	C4H4N3O4P	[M + H3N + H]+	C4H8N4O4P+	Alkaloids	0.872	Pseudoalkaloids (transamidation)	0.509	Purine alkaloids	0.589	Organoheterocyclic compounds	0.948	Heteroaromatic compounds	0.791					Heteroaromatic compounds	0.791	Organic compounds; Organoheterocyclic compounds; Organonitrogen compounds; Organooxygen compounds; Organic oxides; Azacyclic compounds; Heteroaromatic compounds; Hydrocarbon derivatives; Organopnictogen compounds; Organic oxygen compounds; Organic nitrogen compounds; Chemical entities	207.028	622	10.365	839080001953321949	839079643428392738	839079643428392737	1047	
1	C7H16N2	[M + H3N + H]+	C7H20N3+	Alkaloids	0.999	Ornithine alkaloids	0.999	Polyamines	1.000	Organic nitrogen compounds	1.000	Organonitrogen compounds	1.000	Amines	0.996	Secondary amines	0.792	Dialkylamines	0.794	Organic compounds; Organonitrogen compounds; Monoalkylamines; Dialkylamines; Amines; Primary amines; Secondary amines; Hydrocarbon derivatives; Organopnictogen compounds; Organic nitrogen compounds; Chemical entities	146.165	622	10.366	839079933909126123	839079643361283866	839079643361283865	1045	
1	C9H18N2O2S2	[M + H3N + H]+	C9H22N3O2S2+	Amino acids and Peptides	0.895	Linear polyketides	0.495	Primary amides	0.132	Organic acids and derivatives	0.713	Carboxylic acids and derivatives	0.507					Carboxylic acids and derivatives	0.507	Organic compounds; Organoheterocyclic compounds; Organosulfur compounds; Organic acids and derivatives; Carboxylic acids and derivatives; Organonitrogen compounds; Organooxygen compounds; Amines; Organic oxides; Hydrocarbon derivatives; Organopnictogen compounds; Organic oxygen compounds; Organic nitrogen compounds; Chemical entities	268.115	622	10.367	839079984660206126	839079643604553526	839079643604553525	1052	
1	C7H13N3O7	[M + H3N + H]+	C7H17N4O7+	Carbohydrates	0.347	Small peptides	0.180	Pyrimidine nucleosides	0.143	Organic 1,3-dipolar compounds	0.676	Allyl-type 1,3-dipolar organic compounds	0.621	Organic nitro compounds	0.636			Organic nitro compounds	0.636	Organic compounds; Organic acids and derivatives; Organonitrogen compounds; Organooxygen compounds; Organic nitro compounds; Organic 1,3-dipolar compounds; Allyl-type 1,3-dipolar organic compounds; Organic oxides; Hydrocarbon derivatives; Organopnictogen compounds; Organic oxygen compounds; Organic nitrogen compounds; Chemical entities	269.110	622	10.367	839079991689859922	839079643499695914	839079643499695913	1049	
1	C8H5NO2S2	[M + H3N + H]+	C8H9N2O2S2+	Amino acids and Peptides	0.434	β-lactams	0.150	Imidazole alkaloids	0.080	Organoheterocyclic compounds	0.993	Thiophenes	0.871					Thiophenes	0.871	Organic compounds; Organoheterocyclic compounds; Thiophenes; Organic acids and derivatives; Carboxylic acids and derivatives; Organonitrogen compounds; Organooxygen compounds; Monocarboxylic acids and derivatives; Carboxylic acids; Carbonyl compounds; Organic oxides; Azacyclic compounds; Heteroaromatic compounds; Hydrocarbon derivatives; Organopnictogen compounds; Organic oxygen compounds; Organic nitrogen compounds; Chemical entities	229.009	622	10.369	839080005208101940	839079643394838302	839079643394838301	1046	
1	C17H16N2O4	[M + H]+	C17H17N2O4+	Amino acids and Peptides	0.771	Small peptides	0.901	Aminoacids	0.818	Organic acids and derivatives	0.997	Carboxylic acids and derivatives	0.991	Amino acids, peptides, and analogues	0.954	Amino acids and derivatives	0.954	Phenylalanine and derivatives	0.784	Organic compounds; Amino acids, peptides, and analogues; Alpha amino acids and derivatives; Phenethylamines; Amphetamines and derivatives; Phenylpropanoids and polyketides; Organic acids and derivatives; Carboxylic acids and derivatives; Organonitrogen compounds; Organooxygen compounds; Amino acids and derivatives; Monocarboxylic acids and derivatives; Carboxylic acids; Carbonyl compounds; Benzene and substituted derivatives; Alpha amino acids; Benzenoids; Phenylpropanoic acids; Organic oxides; Hydrocarbon derivatives; Amino acids; Phenylalanine and derivatives; Organopnictogen compounds; Organic oxygen compounds; Organic nitrogen compounds; Chemical entities	313.118	622	10.370	839079963143425942	839079643327729430	839079643327729429	1044	
1	C9H16ClN5O4	[M + H3N + H]+	C9H20ClN6O4+	Alkaloids	0.361	Guanidine alkaloids	0.384	Imidazole alkaloids	0.193	Organic 1,3-dipolar compounds	0.770	Allyl-type 1,3-dipolar organic compounds	0.698	Organic nitro compounds	0.727			Organic nitro compounds	0.727	Organic compounds; Organoheterocyclic compounds; Organohalogen compounds; Organonitrogen compounds; Organooxygen compounds; Organic nitro compounds; Organochlorides; Amines; Organic 1,3-dipolar compounds; Allyl-type 1,3-dipolar organic compounds; Propargyl-type 1,3-dipolar organic compounds; Organic oxides; Azacyclic compounds; Hydrocarbon derivatives; Organopnictogen compounds; Organic oxygen compounds; Organic nitrogen compounds; Chemical entities	311.122	622	10.370	839079906834892926	839079643713605442	839079643713605441	1055	
1	C9H20N2	[M + H3N + H]+	C9H24N3+	Alkaloids	0.944	Pseudoalkaloids (transamidation)	0.540	Acetate-derived alkaloids	0.777	Organic nitrogen compounds	1.000	Organonitrogen compounds	1.000	Amines	0.921	Tertiary amines	0.519	Trialkylamines	0.570	Organic compounds; Organonitrogen compounds; Dialkylamines; Trialkylamines; Amines; Secondary amines; Tertiary amines; Azacyclic compounds; Hydrocarbon derivatives; Organopnictogen compounds; Organic nitrogen compounds; Chemical entities	174.196	622	10.371	839079963202146221	839079643747159878	839079643747159877	1056	
1	C8H21ClN3O3	[M + Na]+	C8H21ClN3NaO3+	Alkaloids	0.764	Ornithine alkaloids	0.981	Polyamines	0.997	Organic acids and derivatives	0.881	Carboxylic acids and derivatives	0.726	Amino acids, peptides, and analogues	0.744	Amino acids and derivatives	0.740	Amino acids and derivatives	0.740	Organic compounds; Amino acids, peptides, and analogues; Organic acids and derivatives; Carboxylic acids and derivatives; Organohalogen compounds; Organonitrogen compounds; Organooxygen compounds; Amino acids and derivatives; Monoalkylamines; Carboxylic acid amides; Alkyl chlorides; Carboxylic acid derivatives; Organochlorides; Secondary carboxylic acid amides; Carbonyl compounds; Dialkylamines; Amines; Primary amines; Secondary amines; Alkyl halides; Organic oxides; Hydrocarbon derivatives; Organopnictogen compounds; Organic oxygen compounds; Organic nitrogen compounds; Chemical entities	265.117	622	10.373	839079903823382510	839079643814268750	839079643814268749	1058	
1	C7H13N	[M + H3N + H]+	C7H17N2+	Alkaloids	0.821	Fatty acyls	0.191	Acetate-derived alkaloids	0.193	Organic nitrogen compounds	1.000	Organonitrogen compounds	1.000	Amines	0.966	Tertiary amines	0.873	Trialkylamines	0.885	Organic compounds; Organoheterocyclic compounds; Organonitrogen compounds; Trialkylamines; Amines; Tertiary amines; Azacyclic compounds; Hydrocarbon derivatives; Organopnictogen compounds; Organic nitrogen compounds; Chemical entities	129.139	623	10.376	839079903911462913	839079643570999090	839079643570999089	1051	
1	C10H20BrClN2O	[M + H3N + H]+	C10H24BrClN3O+	Fatty acids	0.474	Fatty Acids and Conjugates	0.118	Halogenated fatty acids	0.484	Organic acids and derivatives	0.943	Carboxylic acids and derivatives	0.907	Carboxylic acid derivatives	0.870	Carboxylic acid amides	0.863	Secondary carboxylic acid amides	0.741	Organic compounds; Organic acids and derivatives; Carboxylic acids and derivatives; Organohalogen compounds; Organonitrogen compounds; Organooxygen compounds; Carboxylic acid amides; Alkyl bromides; Alkyl chlorides; Carboxylic acid derivatives; Organobromides; Organochlorides; Secondary carboxylic acid amides; Carbonyl compounds; Alkyl halides; Organic oxides; Hydrocarbon derivatives; Organopnictogen compounds; Organic oxygen compounds; Organic nitrogen compounds; Chemical entities	316.078	623	10.388	839079905983449158	839079643847823186	839079643843628881	1059	
1	C22H25N3O12	[M + H3N + H]+	C22H29N4O12+	Carbohydrates	0.975	Nucleosides	0.956	Pyrimidine nucleosides	0.901	Organic oxygen compounds	1.000	Organooxygen compounds	1.000	Carbohydrates and carbohydrate conjugates	0.732	Glycosyl compounds	0.672	Glycosylamines	0.807	Organic compounds; Organoheterocyclic compounds; Carbohydrates and carbohydrate conjugates; Pyrimidines and pyrimidine derivatives; Alcohols and polyols; Phenols; Lactams; Benzoic acids and derivatives; Organic acids and derivatives; Carboxylic acids and derivatives; Organonitrogen compounds; Nucleosides, nucleotides, and analogues; Pyrimidones; Benzoyl derivatives; Organooxygen compounds; Carboxylic acid amides; Carboxylic acid derivatives; Carboxylic acid esters; Diazines; Benzoic acid esters; Monosaccharides; Secondary alcohols; Carbonyl compounds; Glycosyl compounds; Hydropyrimidines; Glycosylamines; Benzene and substituted derivatives; Methoxybenzoic acids and derivatives; Benzenoids; Vinylogous amides; Organic oxides; Azacyclic compounds; Oxacyclic compounds; Heteroaromatic compounds; Hydrocarbon derivatives; Organopnictogen compounds; Organic oxygen compounds; Organic nitrogen compounds; Chemical entities	541.179	624	10.402	839079906818115697	839079643877183318	839079643877183317	1060	
1	C25H25N3O14	[M + H3N + H]+	C25H29N4O14+	Carbohydrates	0.843	Nucleosides	0.678	Pyrimidine nucleosides	0.539	Organic oxygen compounds	0.999	Organooxygen compounds	0.999	Carbohydrates and carbohydrate conjugates	0.796	Glycosyl compounds	0.690	Glycosylamines	0.636	Organic compounds; Organoheterocyclic compounds; Carbohydrates and carbohydrate conjugates; Alcohols and polyols; Phenols; Anisoles; Benzoic acids and derivatives; Ethers; Organic acids and derivatives; Carboxylic acids and derivatives; Organonitrogen compounds; Benzoyl derivatives; Organooxygen compounds; Carboxylic acid amides; Carboxylic acid derivatives; Carboxylic acid esters; Hydroxybenzoic acid derivatives; Benzoic acid esters; Monosaccharides; Secondary carboxylic acid amides; Carbonyl compounds; Glycosyl compounds; Glycosylamines; Benzene and substituted derivatives; Phenol ethers; Methoxybenzoic acids and derivatives; Benzenoids; Organic oxides; Oxacyclic compounds; Heteroaromatic compounds; Hydrocarbon derivatives; Organopnictogen compounds; Organic oxygen compounds; 1-hydroxy-2-unsubstituted benzenoids; Organic nitrogen compounds; Phenoxy compounds; Chemical entities	609.167	624	10.402	839079935494573142	839079643910737754	839079643910737753	1061	
1	C8H14N2O13	[M + Na]+	C8H14N2NaO13+	Carbohydrates	0.981	Aminosugars and aminoglycosides	0.825	Aminosugars	0.702	Organic oxygen compounds	1.000	Organooxygen compounds	0.999	Carbohydrates and carbohydrate conjugates	0.808	Monosaccharides	0.643	Monosaccharides	0.643	Organic compounds; Organoheterocyclic compounds; Carbohydrates and carbohydrate conjugates; Alcohols and polyols; Organic acids and derivatives; Organonitrogen compounds; Primary alcohols; Organooxygen compounds; Monosaccharides; Secondary alcohols; Carbonyl compounds; Polyols; Amines; Organic oxides; Hydrocarbon derivatives; Organopnictogen compounds; Organic oxygen compounds; Organic nitrogen compounds; Chemical entities	369.038	625	10.409	839079911775783174	839079644015595366	839079644015595365	1064	
1	C12H15ClN4O5	[M + K]+	C12H15ClKN4O5+	Alkaloids	0.216	Small peptides	0.311	Tripeptides	0.144	Benzenoids	0.892	Benzene and substituted derivatives	0.858	Aniline and substituted anilines	0.412	Dinitroanilines	0.684	Dinitroanilines	0.684	Organic compounds; Nitrobenzenes; Organic acids and derivatives; Carboxylic acids and derivatives; Organohalogen compounds; Organonitrogen compounds; Organooxygen compounds; Alkyl chlorides; Organic nitro compounds; Organic oxoazanium compounds; Organochlorides; Benzene and substituted derivatives; Benzenoids; Amines; Alkyl halides; Organic zwitterions; Organic 1,3-dipolar compounds; Allyl-type 1,3-dipolar organic compounds; Propargyl-type 1,3-dipolar organic compounds; Organic salts; Organic oxides; Dinitroanilines; C-nitro compounds; Hydrocarbon derivatives; Organopnictogen compounds; Organic oxygen compounds; Nitroaromatic compounds; Organic nitrogen compounds; Chemical entities	369.038	625	10.410	839079965207023583	839079643461947174	839079643461947173	1048	
1	C28H16N4O8	[M + K]+	C28H16KN4O8+	Alkaloids	0.779	Tryptophan alkaloids	0.235	Pyrroloquinoline alkaloids	0.283	Benzenoids	0.983	Benzene and substituted derivatives	0.789	Benzoic acids and derivatives	0.636	Benzoic acids	0.587	Benzoic acids	0.587	Organic compounds; Organoheterocyclic compounds; Benzoic acids and derivatives; Organic acids and derivatives; Carboxylic acids and derivatives; Organonitrogen compounds; Benzoyl derivatives; Organooxygen compounds; Carboxylic acids; Carbonyl compounds; Benzene and substituted derivatives; Benzenoids; Benzoic acids; Organic oxides; Azacyclic compounds; Heteroaromatic compounds; Hydrocarbon derivatives; Organopnictogen compounds; Organic oxygen compounds; Organic nitrogen compounds; Chemical entities	575.058	625	10.415	839080046635242976	839079644195950458	839079644195950457	1069	
1	C6H9NO6	[M + K]+	C6H9KNO6+	Amino acids and Peptides	0.951	Small peptides	0.859	Aminoacids	0.895	Organic acids and derivatives	0.999	Carboxylic acids and derivatives	0.998	Amino acids, peptides, and analogues	0.877	Amino acids and derivatives	0.875	Alpha amino acids	0.523	Organic compounds; Lipids and lipid-like molecules; Amino acids, peptides, and analogues; Alpha amino acids and derivatives; Fatty acids and conjugates; Organic acids and derivatives; Carboxylic acids and derivatives; Organonitrogen compounds; Organooxygen compounds; Dicarboxylic acids and derivatives; Amino acids and derivatives; Monoalkylamines; Carboxylic acids; Carbonyl compounds; Alpha amino acids; Amines; Primary amines; Fatty Acyls; Organic oxides; Hydrocarbon derivatives; Amino acids; Organopnictogen compounds; Organic oxygen compounds; Organic nitrogen compounds; Chemical entities	230.007	625	10.418	839079952720580116	839079643944292190	839079643944292189	1062	
1	C21H18FN5O11	[M + K]+	C21H18FKN5O11+	Carbohydrates	0.949	Nucleosides	0.958	Pyrimidine nucleosides	0.453	Organic oxygen compounds	1.000	Organooxygen compounds	0.994	Carbohydrates and carbohydrate conjugates	0.548	Glycosyl compounds	0.638	Glycosylamines	0.825	Organic compounds; Organoheterocyclic compounds; Carbohydrates and carbohydrate conjugates; Halobenzenes; Nitrobenzenes; Pyrimidines and pyrimidine derivatives; Benzoic acids and derivatives; Organic acids and derivatives; Carboxylic acids and derivatives; Organohalogen compounds; Organonitrogen compounds; Nucleosides, nucleotides, and analogues; Pyrimidones; Benzoyl derivatives; Organooxygen compounds; Aryl fluorides; Carboxylic acid derivatives; Fluorobenzenes; Organic nitro compounds; Diazines; Organic oxoazanium compounds; Organofluorides; Carbonyl compounds; Glycosyl compounds; Glycosylamines; Benzene and substituted derivatives; Benzenoids; Aryl halides; Organic 1,3-dipolar compounds; Allyl-type 1,3-dipolar organic compounds; Organic oxides; C-nitro compounds; Azacyclic compounds; Oxacyclic compounds; Heteroaromatic compounds; Hydrocarbon derivatives; Organopnictogen compounds; Organic oxygen compounds; Nitroaromatic compounds; Organic nitrogen compounds; Chemical entities	574.061	625	10.421	839080070572136104	839079643977846626	839079643977846625	1063	
1	C8H17N3O8S2	[M + Na]+	C8H17N3NaO8S2+	Amino acids and Peptides	0.908	Small peptides	0.832	Aminoacids	0.358	Organic acids and derivatives	0.986	Carboxylic acids and derivatives	0.869	Amino acids, peptides, and analogues	0.851	Amino acids and derivatives	0.849	Alpha amino acids	0.872	Organic compounds; Organosulfur compounds; Amino acids, peptides, and analogues; Alpha amino acids and derivatives; Fatty acids and conjugates; Organic acids and derivatives; Carboxylic acids and derivatives; Organonitrogen compounds; Organooxygen compounds; Amino acids and derivatives; Monoalkylamines; Carboxylic acids; Carbonyl compounds; Alpha amino acids; Amines; Sulfenyl compounds; Organic oxides; Dialkyldisulfides; Hydrocarbon derivatives; Amino acids; Cysteine and derivatives; Organopnictogen compounds; Organic oxygen compounds; Organic nitrogen compounds; Chemical entities	370.037	626	10.427	839079973226533012	839079644124647282	839079644124647281	1067	
1	C16H13N2O6	[M + K]+	C16H13KN2O6+	Alkaloids	0.887	Tyrosine alkaloids	0.328	Pyrroloquinoline alkaloids	0.271	Organic acids and derivatives	0.974	Carboxylic acids and derivatives	0.893	Amino acids, peptides, and analogues	0.747	Amino acids and derivatives	0.747	Amino acids	0.688	Organic compounds; Organoheterocyclic compounds; Amino acids, peptides, and analogues; Ketones; Phenols; Organic acids and derivatives; Carboxylic acids and derivatives; Organonitrogen compounds; Organooxygen compounds; Amino acids and derivatives; Carboxylic acids; Quinolines and derivatives; Carbonyl compounds; Pyridinecarboxylic acids; Benzenoids; Amines; Primary amines; Secondary amines; Quinoline carboxylic acids; Aryl ketones; Vinylogous amides; Organic oxides; Azacyclic compounds; Hydrocarbon derivatives; Amino acids; Organopnictogen compounds; Organic oxygen compounds; 1-hydroxy-2-unsubstituted benzenoids; Organic nitrogen compounds; Chemical entities	368.040	626	10.427	839079919241644512	839079644086898542	839079644086898541	1066	
1	C15H16N3O9PS2	[M + K]+	C15H16KN3O9PS2+	Amino acids and Peptides	0.926	β-lactams	0.575	Cephalosporins	0.333	Organic acids and derivatives	0.998	Carboxylic acids and derivatives	0.830	Amino acids, peptides, and analogues	0.858	Amino acids and derivatives	0.856	Alpha amino acids and derivatives	0.893	Organic compounds; Organoheterocyclic compounds; Organosulfur compounds; Amino acids, peptides, and analogues; Alpha amino acids and derivatives; Lactams; Organic acids and derivatives; Carboxylic acids and derivatives; Organonitrogen compounds; Organooxygen compounds; Amino acids and derivatives; Organic phosphoric acids and derivatives; Phosphate esters; Monocarboxylic acids and derivatives; Carbonyl compounds; Alkyl phosphates; Monoalkyl phosphates; Organic oxides; Azacyclic compounds; Hydrocarbon derivatives; Organopnictogen compounds; Organic oxygen compounds; Organic nitrogen compounds; Chemical entities	515.971	626	10.429	839079950686342622	839079644053344106	839079644053344105	1065	
1	C10H19N4O2	[M + K]+	C10H19KN4O2+	Alkaloids	0.827	Ornithine alkaloids	0.476	Polyamines	0.454	Organic acids and derivatives	0.610	Carboxylic acids and derivatives	0.601	Amino acids, peptides, and analogues	0.531	Amino acids and derivatives	0.530	Amino acids and derivatives	0.530	Organic compounds; Organoheterocyclic compounds; Amino acids, peptides, and analogues; Organic acids and derivatives; Carboxylic acids and derivatives; Organonitrogen compounds; Organooxygen compounds; Amino acids and derivatives; Carboxylic acid amides; Carboxylic acid derivatives; Dialkylamines; Amines; Secondary amines; Organic oxides; Azacyclic compounds; Heteroaromatic compounds; Hydrocarbon derivatives; Organopnictogen compounds; Organic oxygen compounds; Organic nitrogen compounds; Chemical entities	266.115	626	10.429	839079923880544896	839079644158201718	839079644158201717	1068	
1	C19H19IN4O8	[M + H3N + H]+	C19H23IN5O8+	Alkaloids	0.243	Oligopeptides	0.209	Depsipeptides	0.079	Organic acids and derivatives	0.981	Carboxylic acids and derivatives	0.937	Amino acids, peptides, and analogues	0.716	Amino acids and derivatives	0.714	Alpha amino acids and derivatives	0.671	Organic compounds; Amino acids, peptides, and analogues; Halobenzenes; Alpha amino acids and derivatives; Benzoic acids and derivatives; Organic acids and derivatives; Carboxylic acids and derivatives; Organohalogen compounds; Organonitrogen compounds; Benzoyl derivatives; Organooxygen compounds; Amino acids and derivatives; Aryl iodides; Carboxylic acid derivatives; Iodobenzenes; Organoiodides; Carbonyl compounds; Benzene and substituted derivatives; Benzenoids; Amines; Aryl halides; Vinyl halides; Halobenzoic acids and derivatives; 2-halobenzoic acids and derivatives; Organic 1,3-dipolar compounds; Vinylogous halides; Organic oxides; Hydrocarbon derivatives; Organopnictogen compounds; Organic oxygen compounds; Organic nitrogen compounds; Chemical entities	576.057	626	10.436	839080051135731286	839079644300808070	839079644300808069	1072	
1	C11H19BrClN3O5S	[M + H3N + H]+	C11H23BrClN4O5S+	Amino acids and Peptides	0.254	Oligopeptides	0.248	Aminoglycosides	0.083	Organoheterocyclic compounds	0.646							Organoheterocyclic compounds	0.646	Organic compounds; Organoheterocyclic compounds; Organosulfur compounds; Organic acids and derivatives; Organohalogen compounds; Organonitrogen compounds; Organooxygen compounds; Alkyl chlorides; Organobromides; Organochlorides; Carbonyl compounds; Alkyl halides; Organic oxides; Hydrocarbon derivatives; Organopnictogen compounds; Organic oxygen compounds; Organic nitrogen compounds; Chemical entities	437.025	626	10.437	839080070895097553	839079644263059330	839079644263059329	1071	
1	C20H19N11O9S4	[M + K]+	C20H19KN11O9S4+	Amino acids and Peptides	1.000	β-lactams	0.992	Cephalosporins	0.948	Organic acids and derivatives	0.998	Carboxylic acids and derivatives	0.996	Amino acids, peptides, and analogues	0.995	Amino acids and derivatives	0.994	N-acyl-alpha amino acids and derivatives	0.992	Organic compounds; Organoheterocyclic compounds; Organosulfur compounds; Amino acids, peptides, and analogues; Alpha amino acids and derivatives; Thiazines; Thiazoles; Azetidines; Tetrazoles; Phenols; Lactams; Beta lactams; Cephems; Cephalosporins; Organic acids and derivatives; Carboxylic acids and derivatives; Organonitrogen compounds; Organooxygen compounds; Dicarboxylic acids and derivatives; Amino acids and derivatives; Azoles; Carboxylic acid amides; Carboxylic acid derivatives; Monocarboxylic acids and derivatives; N-acyl-alpha amino acids and derivatives; Thioethers; Carboxylic acids; 1,3-thiazines; Secondary carboxylic acid amides; Tertiary carboxylic acid amides; Thiohemiaminal derivatives; Carbonyl compounds; Benzene and substituted derivatives; Aminothiazoles; Phenylacetamides; Benzenoids; Amines; Primary amines; Sulfenyl compounds; Dialkylthioethers; Alkylarylthioethers; Organic oxides; 2-amino-1,3-thiazoles; Azacyclic compounds; Heteroaromatic compounds; Hydrocarbon derivatives; Amino acids; Organopnictogen compounds; Organic oxygen compounds; Aryl thioethers; 1-hydroxy-2-unsubstituted benzenoids; Organic nitrogen compounds; Chemical entities	723.987	626	10.441	839079968977703015	839079644334362506	839079644334362505	1073	
1	C15H18Br2ClN3O4	[M + H3N + H]+	C15H22Br2ClN4O4+	Alkaloids	0.559	Ornithine alkaloids	0.376	Pyrrole alkaloids	0.211	Benzenoids	0.962	Phenol ethers	0.858	Anisoles	0.597			Anisoles	0.597	Organic compounds; Halobenzenes; Alkyl aryl ethers; Anisoles; Ethers; Organohalogen compounds; Organonitrogen compounds; Organooxygen compounds; Aryl bromides; Aryl chlorides; Bromobenzenes; Chlorobenzenes; Organobromides; Organochlorides; Benzene and substituted derivatives; Halophenols; Phenol ethers; Benzenoids; Amines; Bromophenols; Aryl halides; Organic oxides; Methoxybenzenes; Hydrocarbon derivatives; Organopnictogen compounds; Organic oxygen compounds; Organic nitrogen compounds; Phenoxy compounds; Chemical entities	514.969	627	10.442	839080070609884857	839079644510523294	839079644510523293	1078	
1	C18H14N4O6S3	[M + K]+	C18H14KN4O6S3+	Amino acids and Peptides	0.980	β-lactams	0.757	Cephalosporins	0.812	Organic acids and derivatives	0.975	Carboxylic acids and derivatives	0.919	Amino acids, peptides, and analogues	0.881	Amino acids and derivatives	0.878	Alpha amino acids and derivatives	0.876	Organic compounds; Organoheterocyclic compounds; Organosulfur compounds; Amino acids, peptides, and analogues; Alpha amino acids and derivatives; Thiazines; Azetidines; Lactams; Beta lactams; Cephems; Cephalosporins; Organic acids and derivatives; Carboxylic acids and derivatives; Organonitrogen compounds; Organooxygen compounds; Amino acids and derivatives; Azoles; Carboxylic acid amides; Carboxylic acid derivatives; Thioethers; Carboxylic acids; 1,3-thiazines; Tertiary carboxylic acid amides; Thiohemiaminal derivatives; Carbonyl compounds; Benzenoids; Amines; Organic oxides; Azacyclic compounds; Heteroaromatic compounds; Hydrocarbon derivatives; Organopnictogen compounds; Organic oxygen compounds; Organic nitrogen compounds; Chemical entities	516.969	627	10.443	839079975365628148	839079644372111246	839079644372111245	1074	
1	C4H10FN2O4	[M + K]+	C4H10FKN2O4+	Amino acids and Peptides	0.362	Small peptides	0.470	Halogenated fatty acids	0.930	Organic acids and derivatives	0.969	Carboxylic acids and derivatives	0.896	Amino acids, peptides, and analogues	0.606	Amino acids and derivatives	0.602	Amino acids and derivatives	0.602	Organic compounds; Amino acids, peptides, and analogues; Organic acids and derivatives; Carboxylic acids and derivatives; Organohalogen compounds; Organonitrogen compounds; Organooxygen compounds; Amino acids and derivatives; Alkyl fluorides; Carboxylic acid derivatives; Organofluorides; Carbonyl compounds; Alkyl halides; Organic oxides; Hydrocarbon derivatives; Organopnictogen compounds; Organic oxygen compounds; Organic nitrogen compounds; Chemical entities	208.025	627	10.444	839079904347670533	839079644229504894	839079644229504893	1070	
1	C18H17N3O21S3	[M + H3N + H]+	C18H21N4O21S3+	Amino acids and Peptides	0.967	β-lactams	0.825	Cephalosporins	0.118	Organic acids and derivatives	0.993	Carboxylic acids and derivatives	0.823	Amino acids, peptides, and analogues	0.659	Amino acids and derivatives	0.656	Alpha amino acids and derivatives	0.671	Organic compounds; Organoheterocyclic compounds; Organosulfur compounds; Amino acids, peptides, and analogues; Alpha amino acids and derivatives; Lactams; Beta lactams; Organic acids and derivatives; Carboxylic acids and derivatives; Organosulfonic acids and derivatives; Organonitrogen compounds; Organooxygen compounds; Amino acids and derivatives; Organic sulfuric acids and derivatives; Carboxylic acid amides; Carboxylic acid derivatives; Sulfonyls; Organosulfonic acids; Carbonyl compounds; Arylsulfonic acids and derivatives; Benzene and substituted derivatives; Benzenoids; Organic oxides; Azacyclic compounds; Hydrocarbon derivatives; Organic sulfonic acids and derivatives; Organopnictogen compounds; Organic oxygen compounds; Organic nitrogen compounds; Chemical entities	724.986	627	10.446	839080056940648046	839079644443414422	839079644439220117	1076	
1	C11H18IN3O10	[M + K]+	C11H18IKN3O10+	Carbohydrates	0.950	Aminosugars and aminoglycosides	0.431	Aminosugars	0.276	Organic acids and derivatives	0.948	Carboxylic acids and derivatives	0.894	Amino acids, peptides, and analogues	0.757	Amino acids and derivatives	0.752	Alpha amino acids	0.661	Organic compounds; Amino acids, peptides, and analogues; Alpha amino acids and derivatives; Alcohols and polyols; Organic acids and derivatives; Carboxylic acids and derivatives; Organohalogen compounds; Organonitrogen compounds; Primary alcohols; Organooxygen compounds; Amino acids and derivatives; Alkyl iodides; Carboxylic acids; Organoiodides; Secondary alcohols; Carbonyl compounds; Alpha amino acids; Amines; Organic oxides; Hydrocarbon derivatives; Amino acids; Organopnictogen compounds; Organic oxygen compounds; Organic nitrogen compounds; Chemical entities	517.967	627	10.451	839079922462870050	839079644476968858	839079644476968857	1077	
1	C7H4ClF3N2O3S	[M + Na]+	C7H4ClF3N2NaO3S+	Alkaloids	0.218	β-lactams	0.078	Pyridine alkaloids	0.028	Organohalogen compounds	1.000	Aryl halides	0.793	Aryl chlorides	0.932			Aryl chlorides	0.932	Organic compounds; Organoheterocyclic compounds; Organosulfur compounds; Organic acids and derivatives; Carboxylic acids and derivatives; Organohalogen compounds; Organonitrogen compounds; Organooxygen compounds; Azoles; Alkyl fluorides; Aryl chlorides; Organochlorides; Organofluorides; Aryl halides; Alkyl halides; Organic oxides; Azacyclic compounds; Heteroaromatic compounds; Hydrocarbon derivatives; Organopnictogen compounds; Organic oxygen compounds; Organic nitrogen compounds; Chemical entities	310.948	627	10.458	839079933837822916	839079644544077730	839079644544077729	1079	
1	C11H18N3O2	[M + K]+	C11H18KN3O2+	Alkaloids	0.790	Small peptides	0.175	Aminoacids	0.060	Organoheterocyclic compounds	0.889	Azacyclic compounds	0.881					Azacyclic compounds	0.881	Organic compounds; Organoheterocyclic compounds; Organonitrogen compounds; Organooxygen compounds; Amines; Organic oxides; Azacyclic compounds; Hydrocarbon derivatives; Organopnictogen compounds; Organic oxygen compounds; Organic nitrogen compounds; Chemical entities	263.104	628	10.465	839079951743307270	839079644615380906	839079644615380905	1081	
1	C11H5ClN2O2S2	[M + K]+	C11H5ClKN2O2S2+	Alkaloids	0.187	Fatty acyls	0.063	Oxygenated hydrocarbons	0.034	Organoheterocyclic compounds	0.999	Thiophenes	0.972	2,5-disubstituted thiophenes	0.803			2,5-disubstituted thiophenes	0.803	Organic compounds; Organoheterocyclic compounds; Organosulfur compounds; Thiophenes; Organic acids and derivatives; Organohalogen compounds; Organosulfonic acids and derivatives; Organonitrogen compounds; Azoles; Aryl chlorides; Sulfonyls; Organochlorides; Aryl halides; 2,5-disubstituted thiophenes; Organic oxides; Azacyclic compounds; Heteroaromatic compounds; Hydrocarbon derivatives; Organic sulfonic acids and derivatives; Organopnictogen compounds; Organic oxygen compounds; Organic nitrogen compounds; Chemical entities	334.912	628	10.466	839079935477795906	839079644648935342	839079644648935341	1082	
1	C9H12ClN2O3	[M + H3N + H]+	C9H16ClN3O3+	Alkaloids	0.728	Peptide alkaloids	0.123	Tricyclic guanidine alkaloids	0.182	Organohalogen compounds	0.995	Aryl halides	0.701	Aryl chlorides	0.718			Aryl chlorides	0.718	Organic compounds; Organoheterocyclic compounds; Ethers; Organic acids and derivatives; Organohalogen compounds; Organonitrogen compounds; Organooxygen compounds; Aryl chlorides; Organochlorides; Aryl halides; Organic oxides; Azacyclic compounds; Heteroaromatic compounds; Hydrocarbon derivatives; Organopnictogen compounds; Organic oxygen compounds; Organic nitrogen compounds; Chemical entities	249.088	628	10.467	839079961901911945	839079644682489778	839079644682489777	1083	
1	C4H7BrCl2FN3O4	[M - H2O + H]+	C4H6BrCl2FN3O3+	Alkaloids	0.229	Histidine alkaloids	0.169	Halogenated fatty acids	0.437	Organic 1,3-dipolar compounds	0.499	Allyl-type 1,3-dipolar organic compounds	0.566	Organic nitro compounds	0.544			Organic nitro compounds	0.544	Organic compounds; Organic acids and derivatives; Organohalogen compounds; Organonitrogen compounds; Organooxygen compounds; Alkyl fluorides; Organic nitro compounds; Organobromides; Organochlorides; Organofluorides; Alkyl halides; Allyl-type 1,3-dipolar organic compounds; Organic oxides; Hydrocarbon derivatives; Organopnictogen compounds; Organic oxygen compounds; Organic nitrogen compounds; Chemical entities	311.896	628	10.468	839079917719112078	839079644716044214	839079644716044213	1084	
1	C14H15Cl2N3O3	[M + Na]+	C14H15Cl2N3NaO3+	Alkaloids	0.676	Tryptophan alkaloids	0.204	Carboline alkaloids	0.347	Organic acids and derivatives	0.498	Carboxylic acids and derivatives	0.469	Amino acids, peptides, and analogues	0.505	Amino acids and derivatives	0.504	Amino acids and derivatives	0.504	Organic compounds; Organoheterocyclic compounds; Amino acids, peptides, and analogues; Halobenzenes; Alcohols and polyols; Ethers; Organohalogen compounds; Organonitrogen compounds; Primary alcohols; Organooxygen compounds; Amino acids and derivatives; Aryl chlorides; Chlorobenzenes; Organochlorides; Benzene and substituted derivatives; Benzenoids; Amines; Dichlorobenzenes; Aryl halides; Organic oxides; Azacyclic compounds; Heteroaromatic compounds; Hydrocarbon derivatives; Organopnictogen compounds; Organic oxygen compounds; Organic nitrogen compounds; Chemical entities	366.040	629	10.484	839079926350990036	839079644749598650	839079644749598649	1085	
1	C11H16ClNO3	[M + H3N + H]+	C11H20ClN2O3+	Fatty acids	0.317	Ornithine alkaloids	0.203	Pyrrolidine alkaloids	0.170	Organic acids and derivatives	0.979	Carboxylic acids and derivatives	0.962	Carboxylic acid derivatives	0.857	Carboxylic acid amides	0.762	Tertiary carboxylic acid amides	0.566	Organic compounds; Ketones; Organic acids and derivatives; Carboxylic acids and derivatives; Organohalogen compounds; Organonitrogen compounds; Organooxygen compounds; Carboxylic acid amides; Alkyl chlorides; Carboxylic acid derivatives; Monocarboxylic acids and derivatives; Organochlorides; Tertiary carboxylic acid amides; Carbonyl compounds; Alkyl halides; Organic oxides; Hydrocarbon derivatives; Organopnictogen compounds; Organic oxygen compounds; Organic nitrogen compounds; Chemical entities	263.116	633	10.550	839079908097378470	839079645118697446	839079645118697445	1096	
1	C12H19NO2S2Se	[M + H3N + H]+	C12H23N2O2S2Se+	Terpenoids	0.413	Monoterpenoids	0.707	Menthane monoterpenoids	0.414	Organoheterocyclic compounds	0.526							Organoheterocyclic compounds	0.526	Organic compounds; Organoheterocyclic compounds; Organosulfur compounds; Organic acids and derivatives; Organonitrogen compounds; Organooxygen compounds; Organometallic compounds; Organometalloid compounds; Carbonyl compounds; Organoselenium compounds; Organic oxides; Hydrocarbon derivatives; Thioselenides; Organic oxygen compounds; Organic nitrogen compounds; Chemical entities	365.042	633	10.550	839080003060618223	839079645148057578	839079645148057577	1097	
1	C4H7Cl3FNO3S2	[M + H]+	C4H8Cl3FNO3S2+	Fatty acids	0.211	Fatty Acids and Conjugates	0.017	Halogenated fatty acids	0.072	Organic acids and derivatives	0.979	Organic sulfonic acids and derivatives	0.576	Organosulfonic acids and derivatives	0.575			Organosulfonic acids and derivatives	0.575	Organic compounds; Organosulfur compounds; Organic acids and derivatives; Organohalogen compounds; Organosulfonic acids and derivatives; Organonitrogen compounds; Alkyl chlorides; Sulfonyls; Organochlorides; Alkyl halides; Aminosulfonyl compounds; Organic oxides; Hydrocarbon derivatives; Organic sulfonic acids and derivatives; Organopnictogen compounds; Organic oxygen compounds; Organic nitrogen compounds; Chemical entities	305.899	634	10.564	839079975441125631	839079644984479702	839079644984479701	1092	
1	C4H4F2INO	[M + K]+	C4H4F2IKNO+	Fatty acids	0.901	Fatty Acids and Conjugates	0.522	Halogenated fatty acids	0.944	Organohalogen compounds	0.999	Vinyl halides	0.553					Vinyl halides	0.553	Organic compounds; Organohalogen compounds; Organonitrogen compounds; Alkyl fluorides; Alkyl iodides; Organofluorides; Organoiodides; Alkyl halides; Vinyl halides; Haloalkenes; Hydrocarbon derivatives; Organopnictogen compounds; Organic nitrogen compounds; Chemical entities	285.894	634	10.565	839079977689272671	839079644850261958	839079644850261957	1088	
1	C24H30N4O8S	[M + H3N + H]+	C24H34N5O8S+	Amino acids and Peptides	0.814	Oligopeptides	0.892	Cyclamides	0.199	Organic acids and derivatives	0.998	Carboxylic acids and derivatives	0.989	Amino acids, peptides, and analogues	0.805	Amino acids and derivatives	0.795	N-acyl-alpha amino acids and derivatives	0.609	Organic compounds; Organoheterocyclic compounds; Organosulfur compounds; Amino acids, peptides, and analogues; Alpha amino acids and derivatives; Alcohols and polyols; Organic acids and derivatives; Carboxylic acids and derivatives; Organonitrogen compounds; Organooxygen compounds; Amino acids and derivatives; Carboxylic acid amides; Carboxylic acid derivatives; Monocarboxylic acids and derivatives; N-acyl-alpha amino acids and derivatives; Carboxylic acids; Secondary alcohols; Secondary carboxylic acid amides; Carbonyl compounds; Benzene and substituted derivatives; Benzenoids; Organic oxides; Azacyclic compounds; Oxacyclic compounds; Heteroaromatic compounds; Hydrocarbon derivatives; Organopnictogen compounds; Organic oxygen compounds; Organic nitrogen compounds; Chemical entities	552.210	634	10.572	839080041321059777	839079644917370830	839079644917370829	1090	
1	CHN2O3P	[M + Na]+	CHN2NaO3P+	Alkaloids	0.962	Pseudoalkaloids (transamidation)	0.674	Purine alkaloids	0.726	Organoheterocyclic compounds	0.900	Heteroaromatic compounds	0.772					Heteroaromatic compounds	0.772	Organic compounds; Organoheterocyclic compounds; Organic acids and derivatives; Organonitrogen compounds; Organooxygen compounds; Organic oxides; Azacyclic compounds; Heteroaromatic compounds; Hydrocarbon derivatives; Organopnictogen compounds; Organic oxygen compounds; Organic nitrogen compounds; Chemical entities	142.962	634	10.574	839079958059929316	839079644955119570	839079644950925265	1091	
1	C7H11BrF2N2O2Se	[M - H2O + H]+	C7H10BrF2N2OSe+	Amino acids and Peptides	0.392	Small peptides	0.325	Aminoacids	0.071	Organic acids and derivatives	0.527	Carboxylic acids and derivatives	0.565					Carboxylic acids and derivatives	0.565	Organic compounds; Organic acids and derivatives; Carboxylic acids and derivatives; Organohalogen compounds; Organonitrogen compounds; Organooxygen compounds; Organometallic compounds; Organometalloid compounds; Organobromides; Organofluorides; Carbonyl compounds; Selenoethers; Organoselenium compounds; Organic oxides; Hydrocarbon derivatives; Organopnictogen compounds; Organic oxygen compounds; Organic nitrogen compounds; Chemical entities	328.915	635	10.576	839079990574174992	839079645215166450	839079645215166449	1099	
1	C5H5NO3P	[M + Na]+	C5H5NNaO3P+	Fatty acids	0.122	Monoterpenoids	0.020	Pyridine alkaloids	0.016	Organic acids and derivatives	0.806	Organic phosphonic acids and derivatives	0.580					Organic phosphonic acids and derivatives	0.580	Organic compounds; Organic acids and derivatives; Organooxygen compounds; Organophosphorus compounds; Organic phosphonic acids and derivatives; Organic oxides; Hydrocarbon derivatives; Organopnictogen compounds; Organic oxygen compounds; Chemical entities	180.990	635	10.587	839079940200582329	839079645185806318	839079645185806317	1098	
1	C8H16Cl2NO2	[M + H3N + H]+	C8H20Cl2N2O2+	Fatty acids	0.299	Ornithine alkaloids	0.150	Halogenated fatty acids	0.233	Organic acids and derivatives	0.804	Carboxylic acids and derivatives	0.752					Carboxylic acids and derivatives	0.752	Organic compounds; Organic acids and derivatives; Carboxylic acids and derivatives; Organohalogen compounds; Organonitrogen compounds; Organooxygen compounds; Alkyl chlorides; Organochlorides; Carbonyl compounds; Amines; Alkyl halides; Organic oxides; Hydrocarbon derivatives; Organopnictogen compounds; Organic oxygen compounds; Organic nitrogen compounds; Chemical entities	246.090	635	10.588	839079943249841405	839079645286469626	839079645286469625	1101	
1	C15H17Cl2N3O6Si3	[M + Na]+	C15H17Cl2N3NaO6Si3+	Amino acids and Peptides	0.510	Small peptides	0.525	Dipeptides	0.280	Organic acids and derivatives	0.882	Carboxylic acids and derivatives	0.874	Amino acids, peptides, and analogues	0.836	Amino acids and derivatives	0.834	Phenylalanine and derivatives	0.640	Organic compounds; Amino acids, peptides, and analogues; Nitrobenzenes; Alpha amino acids and derivatives; Phenethylamines; Amphetamines and derivatives; Organic acids and derivatives; Carboxylic acids and derivatives; Organohalogen compounds; Organonitrogen compounds; Organooxygen compounds; Amino acids and derivatives; Nitrogen mustard compounds; Monoalkylamines; Alkyl chlorides; Aryl chlorides; Organic nitro compounds; Carboxylic acids; Organic oxoazanium compounds; Organochlorides; Carbonyl compounds; Benzene and substituted derivatives; Alpha amino acids; Benzenoids; Amines; Primary amines; Aryl halides; Organic zwitterions; Organic 1,3-dipolar compounds; Allyl-type 1,3-dipolar organic compounds; Propargyl-type 1,3-dipolar organic compounds; Aralkylamines; Organic oxides; C-nitro compounds; Hydrocarbon derivatives; Amino acids; Phenylalanine and derivatives; Organopnictogen compounds; Organic oxygen compounds; Nitroaromatic compounds; Organic nitrogen compounds; Chemical entities	511.971	636	10.592	839080050556917311	839079644787347390	839079644787347389	1086	
1	C20H11Cl2N3O2S3	[M + H3N + H]+	C20H15Cl2N4O2S3+	Alkaloids	0.451	Tryptophan alkaloids	0.132	Carboline alkaloids	0.095	Benzenoids	0.993	Benzene and substituted derivatives	0.849	Halobenzenes	0.868	Chlorobenzenes	0.879	Dichlorobenzenes	0.867	Organic compounds; Organoheterocyclic compounds; Organosulfur compounds; Halobenzenes; Organic acids and derivatives; Carboxylic acids and derivatives; Organohalogen compounds; Organonitrogen compounds; Organooxygen compounds; Aryl chlorides; Chlorobenzenes; Organochlorides; Carbonyl compounds; Benzene and substituted derivatives; Benzenoids; Dichlorobenzenes; Aryl halides; Organic oxides; Azacyclic compounds; Heteroaromatic compounds; Hydrocarbon derivatives; Organopnictogen compounds; Organic oxygen compounds; Organic nitrogen compounds; Chemical entities	508.972	636	10.606	839080032773068167	839079645022228442	839079645022228441	1093	
1	C3H2O3P	[M + Na]+	C3H2NaO3P+	Fatty acids	0.334	Fatty acyls	0.123	Halogenated fatty acids	0.011	Organic oxygen compounds	1.000	Organooxygen compounds	0.984					Organooxygen compounds	0.984	Organic compounds; Organooxygen compounds; Organophosphorus compounds; Organic oxides; Hydrocarbon derivatives; Organic oxygen compounds; Chemical entities	139.963	636	10.607	839079927630252790	839079645252915190	839079645252915189	1100	
1	C6H4BrClFNO2S	[M + H]+	C6H5BrClFNO2S+	Fatty acids	0.471	Fatty Acids and Conjugates	0.125	Halogenated fatty acids	0.235	Organohalogen compounds	1.000	Aryl halides	0.997	Aryl bromides	0.802			Aryl bromides	0.802	Organic compounds; Organoheterocyclic compounds; Organic acids and derivatives; Carboxylic acids and derivatives; Organohalogen compounds; Organonitrogen compounds; Organooxygen compounds; Aryl bromides; Aryl chlorides; Aryl fluorides; Monocarboxylic acids and derivatives; Organobromides; Organochlorides; Organofluorides; Aryl halides; Vinyl halides; Vinylogous halides; Organic oxides; Azacyclic compounds; Heteroaromatic compounds; Hydrocarbon derivatives; Organic oxygen compounds; Organic nitrogen compounds; Chemical entities	287.889	637	10.621	839079939483356331	839079645320024062	839079645320024061	1102	
1	C23H37NO18	[M + H3N + H]+	C23H41N2O18+	Carbohydrates	1.000	Aminosugars and aminoglycosides	0.955	Aminosugars	0.952	Organic oxygen compounds	1.000	Organooxygen compounds	1.000	Carbohydrates and carbohydrate conjugates	0.999	Sugar acids and derivatives	0.973	N-acylneuraminic acids	0.963	Organic compounds; Organoheterocyclic compounds; Carbohydrates and carbohydrate conjugates; Pyrans; Alcohols and polyols; Acylaminosugars; Oligosaccharides; Sugar acids and derivatives; Ethers; Organic acids and derivatives; Carboxylic acids and derivatives; Organonitrogen compounds; Primary alcohols; Organooxygen compounds; Glucuronides; Carboxylic acid amides; Hemiacetals; Carboxylic acid derivatives; Monocarboxylic acids and derivatives; Amino sugars; Carboxylic acids; Neuraminic acids and derivatives; Sugar amino acids and derivatives; Acetals; Secondary alcohols; Secondary carboxylic acid amides; Pyranoid amino acids and derivatives; Carbonyl compounds; Oxanes; Glucuronic acid derivatives; Glycosyl compounds; C-glycosyl compounds; O-glycosyl compounds; N-acyl-alpha-hexosamines; Polyols; C-glucuronides; N-acylneuraminic acids; N-acylneuraminic acids and derivatives; Neuraminic acids; Aminosaccharides; Acetamides; Organic oxides; Oxacyclic compounds; Hydrocarbon derivatives; Ketals; Organopnictogen compounds; Organic oxygen compounds; Organic nitrogen compounds; Chemical entities	633.236	644	10.736	839080090239227630	839079645357772802	839079645357772801	1103	
1	C8H15N	[M + H3N + H]+	C8H19N2+	Alkaloids	0.791	Lysine alkaloids	0.579	Acetate-derived alkaloids	0.509	Organoheterocyclic compounds	0.623	Piperidines	0.627					Piperidines	0.627	Organic compounds; Organoheterocyclic compounds; Piperidines; Organonitrogen compounds; Trialkylamines; Amines; Tertiary amines; Azacyclic compounds; Hydrocarbon derivatives; Organopnictogen compounds; Organic nitrogen compounds; Chemical entities	143.154	644	10.738	839079923977013907	839079645391327238	839079645391327237	1104	
1	C8H18N2	[M + H3N + H]+	C8H22N3+	Alkaloids	0.993	Ornithine alkaloids	0.986	Polyamines	0.995	Organic nitrogen compounds	1.000	Organonitrogen compounds	1.000	Amines	0.958	Secondary amines	0.544	Dialkylamines	0.537	Organic compounds; Organonitrogen compounds; Monoalkylamines; Dialkylamines; Amines; Primary amines; Secondary amines; Azacyclic compounds; Hydrocarbon derivatives; Organopnictogen compounds; Organic nitrogen compounds; Chemical entities	160.181	645	10.749	839079915806509414	839079645433270282	839079645433270281	1105	
1	C7H12NO3S	[M + H3N + H]+	C7H16N2O3S+	Alkaloids	0.434	Monoterpenoids	0.197	Pyridine alkaloids	0.070	Organic acids and derivatives	0.835	Organic sulfonic acids and derivatives	0.714	Organosulfonic acids and derivatives	0.713			Organosulfonic acids and derivatives	0.713	Organic compounds; Organoheterocyclic compounds; Organic acids and derivatives; Organosulfonic acids and derivatives; Organonitrogen compounds; Organic oxides; Azacyclic compounds; Hydrocarbon derivatives; Organic sulfonic acids and derivatives; Organopnictogen compounds; Organic oxygen compounds; Organic nitrogen compounds; Chemical entities	208.087	662	11.039	839079923616303709	839079645504573458	839079645504573457	1108	
1	C3H4O4S	[M + Na]+	C3H4NaO4S+	Fatty acids	0.933	Fatty Acids and Conjugates	0.767	Dicarboxylic acids	0.196	Organic acids and derivatives	0.913	Carboxylic acids and derivatives	0.883	Carboxylic acids	0.559			Carboxylic acids	0.559	Organic compounds; Organoheterocyclic compounds; Organosulfur compounds; Organic acids and derivatives; Carboxylic acids and derivatives; Organooxygen compounds; Carboxylic acids; Carbonyl compounds; Organic oxides; Hydrocarbon derivatives; Organic oxygen compounds; Chemical entities	158.973	663	11.044	839080044231906767	839079645592653850	839079645592653849	1110	
1	C3H2O3S	[M + Na]+	C3H2NaO3S+	Shikimates and Phenylpropanoids	0.345	Tropolones	0.896	Tropolones and derivatives (Shikimate)	0.574	Organoheterocyclic compounds	0.931	Heteroaromatic compounds	0.525					Heteroaromatic compounds	0.525	Organic compounds; Organoheterocyclic compounds; Organic acids and derivatives; Organooxygen compounds; Organic oxides; Oxacyclic compounds; Heteroaromatic compounds; Hydrocarbon derivatives; Organic oxygen compounds; Chemical entities	140.962	663	11.046	839079934550854677	839079645626208286	839079645626208285	1111	
1	C5H4FN2O2	[M + K]+	C5H4FKN2O2+	Alkaloids	0.789	Nicotinic acid alkaloids	0.097	Pyridine alkaloids	0.099	Organoheterocyclic compounds	0.999	Diazines	0.872	Pyrimidines and pyrimidine derivatives	0.781	Pyrimidones	0.594	Pyrimidones	0.594	Organic compounds; Organoheterocyclic compounds; Pyrimidines and pyrimidine derivatives; Lactams; Organic acids and derivatives; Organohalogen compounds; Organonitrogen compounds; Pyrimidones; Organooxygen compounds; Aryl fluorides; Diazines; Organofluorides; Hydropyrimidines; Aryl halides; Organic oxides; Azacyclic compounds; Heteroaromatic compounds; Hydrocarbon derivatives; Organopnictogen compounds; Organic oxygen compounds; Organic nitrogen compounds; Chemical entities	181.988	663	11.046	839080010916549752	839079645546516502	839079645546516501	1109	
1	C4H7Cl2N3O2	[M - H2O + H]+	C4H6Cl2N3O+	Alkaloids	0.710	Histidine alkaloids	0.400	Halogenated fatty acids	0.555	Organic acids and derivatives	0.860	Carboxylic acids and derivatives	0.622	Carboxylic acid derivatives	0.461	Carboxylic acid amides	0.451	Acetamides	0.552	Organic compounds; Organic acids and derivatives; Carboxylic acids and derivatives; Organohalogen compounds; Organonitrogen compounds; Organooxygen compounds; Alkyl chlorides; Organochlorides; Carbonyl compounds; Alkyl halides; Acetamides; Organic oxides; Hydrocarbon derivatives; Organopnictogen compounds; Organic oxygen compounds; Organic nitrogen compounds; Chemical entities	181.988	663	11.048	839079992579052391	839079645693317158	839079645693317157	1113	
1	C14H8N2	[M + H3N + H]+	C14H12N3+	Alkaloids	0.999	Tryptophan alkaloids	0.974	Carboline alkaloids	0.951	Organoheterocyclic compounds	0.998	Indoles and derivatives	0.520	Indoles	0.522			Indoles	0.522	Organic compounds; Organoheterocyclic compounds; Pyridines and derivatives; Pyrroles; Indoles and derivatives; Organonitrogen compounds; Benzenoids; Indoles; Azacyclic compounds; Heteroaromatic compounds; Hydrocarbon derivatives; Organopnictogen compounds; Organic nitrogen compounds; Chemical entities	222.103	663	11.050	839079978389721455	839079645663957026	839079645659762721	1112	
1	C10H16ClN	[M + Na]+	C10H16ClNNa+	Alkaloids	0.278	Pseudoalkaloids (transamidation)	0.138	Phenylalanine-derived alkaloids	0.126	Benzenoids	0.964	Benzene and substituted derivatives	0.913	Halobenzenes	0.830	Chlorobenzenes	0.809	Chlorobenzenes	0.809	Organic compounds; Halobenzenes; Organohalogen compounds; Organonitrogen compounds; Aryl chlorides; Chlorobenzenes; Organochlorides; Benzene and substituted derivatives; Benzenoids; Aryl halides; Hydrocarbon derivatives; Organic nitrogen compounds; Chemical entities	208.087	663	11.053	839079923469503038	839079645726871594	839079645726871593	1114	
1	C9H22NO	[M + H]+	C9H23NO+	Fatty acids	0.782	Fatty amides	0.746	N-acyl amines	0.297	Organic oxygen compounds	0.998	Organooxygen compounds	0.976	Alcohols and polyols	0.517			Alcohols and polyols	0.517	Organic compounds; Alcohols and polyols; Organonitrogen compounds; Organooxygen compounds; Carbonyl compounds; Amines; Organic oxides; Hydrocarbon derivatives; Organopnictogen compounds; Organic oxygen compounds; Organic nitrogen compounds; Chemical entities	161.178	663	11.053	839079953081290298	839079645471019022	839079645471019021	1107	
1	C5H12N2O5S3	[M + K]+	C5H12KN2O5S3+	Amino acids and Peptides	0.966	Small peptides	0.754	Aminoacids	0.777	Organic acids and derivatives	0.983	Carboxylic acids and derivatives	0.505	Carboxylic acids	0.753			Carboxylic acids	0.753	Organic compounds; Organosulfur compounds; Organic acids and derivatives; Carboxylic acids and derivatives; Organonitrogen compounds; Organooxygen compounds; Monocarboxylic acids and derivatives; Carboxylic acids; Carbonyl compounds; Sulfenyl compounds; Organic oxides; Hydrocarbon derivatives; Organopnictogen compounds; Organic oxygen compounds; Organic nitrogen compounds; Chemical entities	314.953	675	11.247	839080048308770328	839079645865283642	839079645865283641	1118	
1	C3H10N2O7	[M - H2O + H]+	C3H9N2O6+	Fatty acids	0.596	Aminosugars and aminoglycosides	0.122	Fatty alcohols	0.142	Organic oxygen compounds	1.000	Organooxygen compounds	0.944	Alcohols and polyols	0.686	Primary alcohols	0.630	Primary alcohols	0.630	Organic compounds; Alcohols and polyols; Organic acids and derivatives; Organonitrogen compounds; Primary alcohols; Organooxygen compounds; Organic oxides; Hydrocarbon derivatives; Organopnictogen compounds; Organic oxygen compounds; Organic nitrogen compounds; Chemical entities	169.046	675	11.252	839079925377911490	839079646532178050	839079646527983745	1136	
1	C7H12FN3O6S2	[M + K]+	C7H12FKN3O6S2+	Amino acids and Peptides	0.607	Small peptides	0.450	Aminoacids	0.218	Organic acids and derivatives	0.947	Organic sulfonic acids and derivatives	0.597	Organosulfonic acids and derivatives	0.591			Organosulfonic acids and derivatives	0.591	Organic compounds; Organosulfur compounds; Organic acids and derivatives; Organohalogen compounds; Organosulfonic acids and derivatives; Organonitrogen compounds; Organooxygen compounds; Alkyl fluorides; Sulfonyls; Carboxylic acids; Organofluorides; Carbonyl compounds; Alkyl halides; Organic oxides; Hydrocarbon derivatives; Organic sulfonic acids and derivatives; Organopnictogen compounds; Organic oxygen compounds; Organic nitrogen compounds; Chemical entities	355.980	675	11.254	839079968830902359	839079645798174770	839079645798174769	1116	
1	C7H16N2	[M + H3N + H]+	C7H20N3+	Alkaloids	0.999	Ornithine alkaloids	1.000	Polyamines	1.000	Organic nitrogen compounds	1.000	Organonitrogen compounds	1.000	Amines	0.997	Secondary amines	0.823	Dialkylamines	0.822	Organic compounds; Organonitrogen compounds; Monoalkylamines; Dialkylamines; Amines; Primary amines; Secondary amines; Hydrocarbon derivatives; Organopnictogen compounds; Organic nitrogen compounds; Chemical entities	146.165	675	11.255	839079968902205542	839079646469263482	839079646469263481	1134	
1	C3H7F2NO2S4	[M + H]+	C3H8F2NO2S4+	Fatty acids	0.416	Fatty acyls	0.075	Halogenated fatty acids	0.068	Organic acids and derivatives	0.939	Organic sulfonic acids and derivatives	0.706	Organosulfonic acids and derivatives	0.709			Organosulfonic acids and derivatives	0.709	Organic compounds; Organosulfur compounds; Organic acids and derivatives; Organohalogen compounds; Organosulfonic acids and derivatives; Alkyl fluorides; Sulfonyls; Organofluorides; Alkyl halides; Sulfenyl compounds; Organic oxides; Hydrocarbon derivatives; Trihalomethanes; Organic sulfonic acids and derivatives; Organic oxygen compounds; Chemical entities	255.939	675	11.255	839079942406786272	839079645978529862	839079645978529861	1121	
1	C7H13N	[M + H3N + H]+	C7H17N2+	Alkaloids	0.894	Lysine alkaloids	0.421	Acetate-derived alkaloids	0.443	Organic nitrogen compounds	1.000	Organonitrogen compounds	1.000	Amines	0.957	Tertiary amines	0.814	Trialkylamines	0.844	Organic compounds; Organoheterocyclic compounds; Organonitrogen compounds; Trialkylamines; Amines; Tertiary amines; Azacyclic compounds; Hydrocarbon derivatives; Organopnictogen compounds; Organic nitrogen compounds; Chemical entities	129.139	675	11.255	839079956243795618	839079646498623614	839079646498623613	1135	
1	C2H5N2O3	[M + Na]+	C2H5N2NaO3+	Alkaloids	0.341	Small peptides	0.354	Aminoacids	0.366	Organic acids and derivatives	0.866	Carboxylic acids and derivatives	0.589					Carboxylic acids and derivatives	0.589	Organic compounds; Organic acids and derivatives; Carboxylic acids and derivatives; Organonitrogen compounds; Organooxygen compounds; Organic oxides; Hydrocarbon derivatives; Organopnictogen compounds; Organic oxygen compounds; Organic nitrogen compounds; Chemical entities	128.019	675	11.257	839079957132988116	839079646154690650	839079646154690649	1126	
1	C8H16N2O	[M + H3N + H]+	C8H20N3O+	Amino acids and Peptides	0.568	Small peptides	0.585	Dipeptides	0.362	Organic acids and derivatives	0.890	Carboxylic acids and derivatives	0.884	Amino acids, peptides, and analogues	0.736	Amino acids and derivatives	0.732	Alpha amino acids and derivatives	0.672	Organic compounds; Organoheterocyclic compounds; Amino acids, peptides, and analogues; Alpha amino acids and derivatives; Organic acids and derivatives; Carboxylic acids and derivatives; Organonitrogen compounds; Organooxygen compounds; Amino acids and derivatives; Carboxylic acid amides; Carboxylic acid derivatives; Carbonyl compounds; Organic oxides; Azacyclic compounds; Hydrocarbon derivatives; Organopnictogen compounds; Organic oxygen compounds; Organic nitrogen compounds; Chemical entities	174.160	676	11.260	839079957275594463	839079645903032382	839079645903032381	1119	
1	C10H9N3O3S3	[M + Na]+	C10H9N3NaO3S3+	Amino acids and Peptides	0.828	Oligopeptides	0.093	Cyclamides	0.040	Organoheterocyclic compounds	0.987	Azoles	0.628	Thiazoles	0.568			Thiazoles	0.568	Organic compounds; Organoheterocyclic compounds; Organosulfur compounds; Thiazoles; Organic acids and derivatives; Carboxylic acids and derivatives; Organonitrogen compounds; Organooxygen compounds; Azoles; Carboxylic acid derivatives; Carbonyl compounds; Organic oxides; Azacyclic compounds; Heteroaromatic compounds; Hydrocarbon derivatives; Organopnictogen compounds; Organic oxygen compounds; Organic nitrogen compounds; Chemical entities	337.969	676	11.263	839079949763595724	839079645764620334	839079645764620333	1115	
1	C8H15N	[M + H3N + H]+	C8H19N2+	Alkaloids	0.807	Lysine alkaloids	0.571	Acetate-derived alkaloids	0.540	Organoheterocyclic compounds	0.643	Piperidines	0.609					Piperidines	0.609	Organic compounds; Organoheterocyclic compounds; Piperidines; Organonitrogen compounds; Trialkylamines; Amines; Tertiary amines; Azacyclic compounds; Hydrocarbon derivatives; Organopnictogen compounds; Organic nitrogen compounds; Chemical entities	143.154	676	11.264	839079934609574948	839079646083387474	839079646083387473	1124	
1	C9H17N	[M + H]+	C9H18N+	Alkaloids	0.928	Lysine alkaloids	0.860	Piperidine alkaloids	0.507	Organoheterocyclic compounds	0.933	Piperidines	0.856					Piperidines	0.856	Organic compounds; Organoheterocyclic compounds; Piperidines; Organonitrogen compounds; Trialkylamines; Amines; Tertiary amines; Azacyclic compounds; Hydrocarbon derivatives; Organopnictogen compounds; Organic nitrogen compounds; Chemical entities	140.143	676	11.265	839079968977703033	839079646225993826	839079646225993825	1128	
1	C8H18N2	[M + H3N + H]+	C8H22N3+	Alkaloids	0.995	Ornithine alkaloids	0.994	Polyamines	0.998	Organic nitrogen compounds	1.000	Organonitrogen compounds	1.000	Amines	0.968	Secondary amines	0.525	Dialkylamines	0.518	Organic compounds; Organonitrogen compounds; Monoalkylamines; Dialkylamines; Amines; Primary amines; Secondary amines; Azacyclic compounds; Hydrocarbon derivatives; Organopnictogen compounds; Organic nitrogen compounds; Chemical entities	160.181	676	11.266	839079949830704605	839079646012084298	839079646012084297	1122	
1	C11H23N3O	[M + H3N + H]+	C11H27N4O+	Alkaloids	0.564	Small peptides	0.389	Dipeptides	0.165	Organic acids and derivatives	0.943	Carboxylic acids and derivatives	0.918	Amino acids, peptides, and analogues	0.823	Amino acids and derivatives	0.820	Alpha amino acid amides	0.618	Organic compounds; Amino acids, peptides, and analogues; Alpha amino acids and derivatives; Organic acids and derivatives; Carboxylic acids and derivatives; Organonitrogen compounds; Organooxygen compounds; Amino acids and derivatives; Carboxylic acid amides; Carboxylic acid derivatives; Carbonyl compounds; Alpha amino acid amides; Amines; Organic oxides; Hydrocarbon derivatives; Organopnictogen compounds; Organic oxygen compounds; Organic nitrogen compounds; Chemical entities	231.218	676	11.268	839079924228672151	839079646192439390	839079646188245085	1127	
1	C9H17N	[M + H3N + H]+	C9H21N2+	Alkaloids	0.852	Lysine alkaloids	0.658	Acetate-derived alkaloids	0.648	Organoheterocyclic compounds	0.770	Piperidines	0.764					Piperidines	0.764	Organic compounds; Organoheterocyclic compounds; Piperidines; Organonitrogen compounds; Trialkylamines; Amines; Tertiary amines; Azacyclic compounds; Hydrocarbon derivatives; Organopnictogen compounds; Organic nitrogen compounds; Chemical entities	157.170	676	11.271	839079923595332178	839079646049833038	839079646049833037	1123	
1	C4H4N2O2S	[M + K]+	C4H4KN2O2S+	Fatty acids	0.751	Fatty acyls	0.531	Oxygenated hydrocarbons	0.234	Organic nitrogen compounds	0.854	Organonitrogen compounds	0.692					Organonitrogen compounds	0.692	Organic compounds; Organonitrogen compounds; Organooxygen compounds; Organic oxides; Hydrocarbon derivatives; Organic oxygen compounds; Organic nitrogen compounds; Chemical entities	182.962	676	11.273	839079928179706628	839079645940781122	839079645940781121	1120	
1	C9H20N2	[M + H3N + H]+	C9H24N3+	Alkaloids	0.966	Pseudoalkaloids (transamidation)	0.442	Acetate-derived alkaloids	0.721	Organic nitrogen compounds	1.000	Organonitrogen compounds	1.000	Amines	0.900	Tertiary amines	0.456	Trialkylamines	0.506	Organic compounds; Organonitrogen compounds; Dialkylamines; Trialkylamines; Amines; Secondary amines; Azacyclic compounds; Hydrocarbon derivatives; Organopnictogen compounds; Organic nitrogen compounds; Chemical entities	174.196	677	11.277	839079934680878119	839079646435709046	839079646435709045	1133	
1	C9H5N3O2S	[M + Na]+	C9H5N3NaO2S+	Alkaloids	0.730	Nicotinic acid alkaloids	0.050	Pyridine alkaloids	0.050	Organoheterocyclic compounds	0.993	Azoles	0.775	Thiazoles	0.747			Thiazoles	0.747	Organic compounds; Organoheterocyclic compounds; Thiazoles; Organic acids and derivatives; Organonitrogen compounds; Organooxygen compounds; Azoles; Organic oxides; Azacyclic compounds; Heteroaromatic compounds; Hydrocarbon derivatives; Organopnictogen compounds; Organic oxygen compounds; Organic nitrogen compounds; Chemical entities	242.000	677	11.278	839079933963652076	839079646309879914	839079646309879913	1130	
1	C13H8NO3	[M + K]+	C13H8KNO3+	Alkaloids	0.892	Anthranilic acid alkaloids	0.530	Acridone alkaloids	0.200	Benzenoids	0.946							Benzenoids	0.946	Organic compounds; Organoheterocyclic compounds; Organic acids and derivatives; Carboxylic acids and derivatives; Organonitrogen compounds; Organooxygen compounds; Benzenoids; Organic oxides; Azacyclic compounds; Heteroaromatic compounds; Hydrocarbon derivatives; Organopnictogen compounds; Organic oxygen compounds; Organic nitrogen compounds; Chemical entities	265.016	677	11.278	839079940993305800	839079646351822958	839079646351822957	1131	
1	C9H22NO	[M + H]+	C9H23NO+	Fatty acids	0.383	Fatty amides	0.412	N-acyl amines	0.119	Organic nitrogen compounds	1.000	Organonitrogen compounds	1.000	Amines	0.955	Tertiary amines	0.551	Trialkylamines	0.580	Organic compounds; Alcohols and polyols; Organonitrogen compounds; Organooxygen compounds; Trialkylamines; Amines; Tertiary amines; Hydrocarbon derivatives; Organopnictogen compounds; Organic oxygen compounds; Organic nitrogen compounds; Chemical entities	161.178	677	11.280	839079928469113637	839079646121136214	839079646121136213	1125	
1	C5H3MgNO2	[M + H3N + H]+	C5H7MgN2O2+	Fatty acids	0.261	Cyclic polyketides	0.443	4-pyrone derivatives	0.629	Organic nitrogen compounds	0.591	Organonitrogen compounds	0.564					Organonitrogen compounds	0.564	Organic compounds; Organohalogen compounds; Organonitrogen compounds; Organooxygen compounds; Organic oxides; Hydrocarbon derivatives; Organic oxygen compounds; Organic nitrogen compounds; Chemical entities	151.035	677	11.282	839079931342211975	839079646267936870	839079646267936869	1129	
1	C8H20NO	[M + H]+	C8H21NO+	Alkaloids	0.610	Lysine alkaloids	0.309	Pyrrolidine alkaloids	0.171	Organoheterocyclic compounds	0.641	Azacyclic compounds	0.638					Azacyclic compounds	0.638	Organic compounds; Organoheterocyclic compounds; Alcohols and polyols; Organonitrogen compounds; Organooxygen compounds; Amines; Azacyclic compounds; Hydrocarbon derivatives; Organopnictogen compounds; Organic oxygen compounds; Organic nitrogen compounds; Chemical entities	147.163	677	11.287	839079931430292369	839079646632841354	839079646632841353	1138	
1	C6H16BN2O	[M + H3N + H]+	C6H20BN3O+	Amino acids and Peptides	0.371	Small peptides	0.504	Aminoacids	0.326	Organic salts	0.990	Organic metal salts	0.964	Organic metalloid salts	0.964			Organic metalloid salts	0.964	Organic compounds; Organic acids and derivatives; Organonitrogen compounds; Organometallic compounds; Organometalloid compounds; Organoboron compounds; Organic salts; Organic metalloid salts; Organic metal salts; Hydrocarbon derivatives; Alkylboranes; Organic oxygen compounds; Organic nitrogen compounds; Chemical entities	160.173	678	11.299	839079931593870228	839079646599286918	839079646599286917	1137	
1	C10H16ClN	[M + Na]+	C10H16ClNNa+	Alkaloids	0.275	Pseudoalkaloids (transamidation)	0.136	Phenylalanine-derived alkaloids	0.132	Benzenoids	0.959	Benzene and substituted derivatives	0.903	Halobenzenes	0.818	Chlorobenzenes	0.796	Chlorobenzenes	0.796	Organic compounds; Halobenzenes; Organohalogen compounds; Organonitrogen compounds; Aryl chlorides; Chlorobenzenes; Organochlorides; Benzene and substituted derivatives; Benzenoids; Aryl halides; Hydrocarbon derivatives; Organic nitrogen compounds; Chemical entities	208.087	695	11.585	839079958890401522	839079646704144534	839079646704144533	1141	
1	C12H23N3O3	[M + H3N + H]+	C12H27N4O3+	Amino acids and Peptides	0.899	Small peptides	0.961	Dipeptides	0.774	Organic acids and derivatives	0.997	Carboxylic acids and derivatives	0.992	Amino acids, peptides, and analogues	0.888	Amino acids and derivatives	0.881	Alpha amino acid amides	0.603	Organic compounds; Lipids and lipid-like molecules; Amino acids, peptides, and analogues; Alpha amino acids and derivatives; Organic acids and derivatives; Carboxylic acids and derivatives; Organonitrogen compounds; Organooxygen compounds; Amino acids and derivatives; Carboxylic acid amides; Carboxylic acid derivatives; Monocarboxylic acids and derivatives; Carboxylic acids; Secondary carboxylic acid amides; Carbonyl compounds; Alpha amino acid amides; Amines; Fatty Acyls; Organic oxides; Hydrocarbon derivatives; Organopnictogen compounds; Organic oxygen compounds; Organic nitrogen compounds; Chemical entities	275.208	700	11.662	839079932034272170	839079646704144538	839079646704144537	1142	
