formulaRank	molecularFormula	adduct	precursorFormula	NPC#pathway	NPC#pathway Probability	NPC#superclass	NPC#superclass Probability	NPC#class	NPC#class Probability	ClassyFire#superclass	ClassyFire#superclass probability	ClassyFire#class	ClassyFire#class Probability	ClassyFire#subclass	ClassyFire#subclass Probability	ClassyFire#level 5	ClassyFire#level 5 Probability	ClassyFire#most specific class	ClassyFire#most specific class Probability	ClassyFire#all classifications	ionMass	retentionTimeInSeconds	retentionTimeInMinutes	formulaId	alignedFeatureId	compoundId	mappingFeatureId	overallFeatureQuality
2	C52H91N5O6	[M - H2O + H]+	C52H90N5O5+	Amino acids and Peptides	0.609	Oligopeptides	0.401	Open-chain polyketides	0.275	Organic acids and derivatives	0.982	Carboxylic acids and derivatives	0.913	Amino acids, peptides, and analogues	0.594	Amino acids and derivatives	0.576	Amino acids and derivatives	0.576	Organic compounds; Organoheterocyclic compounds; Lipids and lipid-like molecules; Amino acids, peptides, and analogues; Ketones; Prenol lipids; Organic acids and derivatives; Carboxylic acids and derivatives; Organonitrogen compounds; Organooxygen compounds; Fatty amides; Amino acids and derivatives; Carboxylic acid amides; Carboxylic acid derivatives; N-acyl amines; Secondary carboxylic acid amides; Carbonyl compounds; Fatty Acyls; Organic oxides; Azacyclic compounds; Hydrocarbon derivatives; Organopnictogen compounds; Organic oxygen compounds; Organic nitrogen compounds; Chemical entities	864.697	28	0.464	839079746797015967	839079602064162506	839079602043190985	1	
1	C50H99NO9	[M + Na]+	C50H99NNaO9+	Terpenoids	0.876	Meroterpenoids	0.981	Prenyl quinone meroterpenoids	0.961	Lipids and lipid-like molecules	0.965	Prenol lipids	0.988	Quinone and hydroquinone lipids	0.897	Prenylquinones	0.952	Ubiquinones	0.869	Organic compounds; Lipids and lipid-like molecules; Ketones; Alcohols and polyols; Prenol lipids; Organic acids and derivatives; Organonitrogen compounds; Primary alcohols; Organooxygen compounds; Carboxylic acid amides; Quinone and hydroquinone lipids; Ubiquinones; Secondary carboxylic acid amides; Polyterpenoids; Carbonyl compounds; Benzoquinones; P-benzoquinones; Quinones; Prenylquinones; Cyclic ketones; Vinylogous esters; Fatty Acyls; Organic oxides; Hydrocarbon derivatives; Organopnictogen compounds; Organic oxygen compounds; Organic nitrogen compounds; Chemical entities	880.719	28	0.465	839079756183869416	839079602361958094	839079602353569485	2	
1	C50H99NO10	[M + Na]+	C50H99NNaO10+	Terpenoids	0.616	Meroterpenoids	0.519	Open-chain polyketides	0.574	Lipids and lipid-like molecules	0.922	Fatty Acyls	0.534	Fatty amides	0.538			Fatty amides	0.538	Organic compounds; Lipids and lipid-like molecules; Alcohols and polyols; Ethers; Prenol lipids; Organic acids and derivatives; Carboxylic acids and derivatives; Organonitrogen compounds; Primary alcohols; Organooxygen compounds; Fatty amides; Carboxylic acid amides; Carboxylic acid derivatives; Secondary alcohols; Secondary carboxylic acid amides; Carbonyl compounds; Fatty Acyls; Organic oxides; Hydrocarbon derivatives; Organopnictogen compounds; Organic oxygen compounds; Organic nitrogen compounds; Chemical entities	896.713	28	0.467	839079746503414625	839079602504564434	839079602500370129	3	
5	C55H98O10	[M + H3N + H]+	C55H102NO10+	Fatty acids	1.000	Glycerolipids	0.999	Triacylglycerols	0.833	Lipids and lipid-like molecules	0.970	Glycerolipids	0.995	Triradylcglycerols	0.927	Triacylglycerols	0.923	Triacylglycerols	0.923	Organic compounds; Lipids and lipid-like molecules; Alcohols and polyols; Glycerolipids; Organic acids and derivatives; Carboxylic acids and derivatives; Organooxygen compounds; Fatty acid esters; Carboxylic acid derivatives; Triacylglycerols; Carboxylic acid esters; Fatty alcohols; Secondary alcohols; Carbonyl compounds; Tricarboxylic acids and derivatives; Triradylcglycerols; Fatty Acyls; Organic oxides; Hydrocarbon derivatives; Organic oxygen compounds; Chemical entities	936.750	28	0.468	839079749468787856	839079602622004950	839079602617810645	4	
4	C42H78O9	[M + H3N + H]+	C42H82NO9+	Terpenoids	0.945	Meroterpenoids	0.996	Prenyl quinone meroterpenoids	0.998	Lipids and lipid-like molecules	0.982	Prenol lipids	0.994	Quinone and hydroquinone lipids	0.954	Prenylquinones	0.918	Polyprenylbenzoquinones	0.565	Organic compounds; Lipids and lipid-like molecules; Ketones; Alcohols and polyols; Prenol lipids; Organic acids and derivatives; Primary alcohols; Organooxygen compounds; Polyprenylbenzoquinones; Fatty alcohols; Quinone and hydroquinone lipids; Ubiquinones; Sesterterpenoids; Polyterpenoids; Carbonyl compounds; Benzoquinones; P-benzoquinones; Quinones; Prenylquinones; Cyclic ketones; Vinylogous esters; Fatty Acyls; Organic oxides; Hydrocarbon derivatives; Organic oxygen compounds; Chemical entities	744.593	28	0.468	839079749477176482	839079603016269546	839079603012075241	9	
2	C49H74O4	[M + H]+	C49H75O4+	Terpenoids	1.000	Meroterpenoids	1.000	Prenyl quinone meroterpenoids	1.000	Lipids and lipid-like molecules	0.998	Prenol lipids	1.000	Quinone and hydroquinone lipids	0.998	Prenylquinones	0.998	Polyprenylbenzoquinones	0.993	Organic compounds; Lipids and lipid-like molecules; Ketones; Prenol lipids; Organic acids and derivatives; Organooxygen compounds; Polyprenylbenzoquinones; Quinone and hydroquinone lipids; Ubiquinones; Polyterpenoids; Carbonyl compounds; Benzoquinones; P-benzoquinones; Quinones; Prenylquinones; Cyclic ketones; Vinylogous esters; Organic oxides; Hydrocarbon derivatives; Organic oxygen compounds; Chemical entities	727.566	28	0.468	839079750676747531	839079602932383462	839079602928189157	8	
4	C42H75N5O6	[M - H2O + H]+	C42H74N5O5+	Alkaloids	0.387	Linear polyketides	0.245	Open-chain polyketides	0.352	Organic acids and derivatives	0.912	Carboxylic acids and derivatives	0.889	Amino acids, peptides, and analogues	0.553	Amino acids and derivatives	0.548	Amino acids and derivatives	0.548	Organic compounds; Organoheterocyclic compounds; Lipids and lipid-like molecules; Amino acids, peptides, and analogues; Alcohols and polyols; Ethers; Organic acids and derivatives; Carboxylic acids and derivatives; Organonitrogen compounds; Organooxygen compounds; Fatty amides; Amino acids and derivatives; Carboxylic acid amides; Carboxylic acid derivatives; N-acyl amines; Secondary carboxylic acid amides; Carbonyl compounds; Organic oxides; Azacyclic compounds; Oxacyclic compounds; Heteroaromatic compounds; Hydrocarbon derivatives; Organopnictogen compounds; Organic oxygen compounds; Organic nitrogen compounds; Chemical entities	728.572	28	0.468	839079746805404603	839079603091767022	839079603087572717	10	
1	C42H83NO11	[M - H2O + H]+	C42H82NO10+	Polyketides	0.490	Macrolides	0.736	Open-chain polyketides	0.520	Organic oxygen compounds	1.000	Organooxygen compounds	0.999	Carbohydrates and carbohydrate conjugates	0.509	Monosaccharides	0.538	Monosaccharides	0.538	Organic compounds; Organoheterocyclic compounds; Carbohydrates and carbohydrate conjugates; Lipids and lipid-like molecules; Alcohols and polyols; Ethers; Prenol lipids; Organic acids and derivatives; Carboxylic acids and derivatives; Organonitrogen compounds; Organooxygen compounds; Carboxylic acid amides; Carboxylic acid derivatives; Monosaccharides; Secondary alcohols; Secondary carboxylic acid amides; Carbonyl compounds; Oxanes; Polyols; Fatty Acyls; Organic oxides; Oxacyclic compounds; Hydrocarbon derivatives; Organopnictogen compounds; Organic oxygen compounds; Organic nitrogen compounds; Chemical entities	760.587	28	0.470	839079750165042392	839079603305676538	839079603305676537	13	
2	C10H12O4	[M + H]+	C10H13O4+	Shikimates and Phenylpropanoids	0.543	Phenylpropanoids (C6-C3)	0.709	Cinnamic acids and derivatives	0.599	Benzenoids	0.999	Phenols	0.858	Methoxyphenols	0.926			Methoxyphenols	0.926	Organic compounds; Aldehydes; Alkyl aryl ethers; Phenols; Anisoles; Methoxyphenols; Ethers; Benzoyl derivatives; Organooxygen compounds; Benzaldehydes; Carbonyl compounds; Benzene and substituted derivatives; Phenol ethers; Benzenoids; Aryl-aldehydes; Organic oxides; Dimethoxybenzenes; Methoxybenzenes; Hydrocarbon derivatives; Organic oxygen compounds; Phenoxy compounds; Chemical entities	197.081	28	0.472	839079745320620730	839079603238567670	839079603234373365	12	
1	C34H64O	[M + H3N + H]+	C34H68NO+	Terpenoids	0.922	Diterpenoids	0.191	Prenyl quinone meroterpenoids	0.289	Lipids and lipid-like molecules	0.908	Prenol lipids	0.732					Prenol lipids	0.732	Organic compounds; Lipids and lipid-like molecules; Prenol lipids; Organooxygen compounds; Hydrocarbon derivatives; Organic oxygen compounds; Chemical entities	506.529	29	0.479	839079778958942138	839079603444088578	839079603439894273	15	
1	C40H60O7	[M + H3N + H]+	C40H64NO7+	Terpenoids	0.990	Triterpenoids	0.937	Ursane and Taraxastane triterpenoids	0.419	Lipids and lipid-like molecules	0.981	Prenol lipids	0.883	Triterpenoids	0.793			Triterpenoids	0.793	Organic compounds; Lipids and lipid-like molecules; Alcohols and polyols; Steroids and steroid derivatives; Prenol lipids; Organic acids and derivatives; Carboxylic acids and derivatives; Organooxygen compounds; Carboxylic acid derivatives; Carboxylic acid esters; Cyclic alcohols and derivatives; Hydroxysteroids; Triterpenoids; Secondary alcohols; Carbonyl compounds; Organic oxides; Hydrocarbon derivatives; Organic oxygen compounds; Chemical entities	670.468	29	0.480	839079746646020980	839079603569917706	839079603569917705	17	
1	C32H62O	[M + H3N + H]+	C32H66NO+	Fatty acids	0.903	Fatty acyls	0.315	Fatty alcohols	0.463	Lipids and lipid-like molecules	0.936	Fatty Acyls	0.627					Fatty Acyls	0.627	Organic compounds; Lipids and lipid-like molecules; Alcohols and polyols; Carboxylic acids and derivatives; Organooxygen compounds; Carbonyl compounds; Fatty Acyls; Organic oxides; Hydrocarbon derivatives; Organic oxygen compounds; Chemical entities	480.515	29	0.481	839079741281505707	839079603507003142	839079603502808837	16	
1	C34H60O	[M + H3N + H]+	C34H64NO+	Fatty acids	0.786	Fatty acyls	0.191	Prenyl quinone meroterpenoids	0.300	Lipids and lipid-like molecules	0.941	Fatty Acyls	0.681	Fatty alcohols	0.544			Fatty alcohols	0.544	Organic compounds; Lipids and lipid-like molecules; Prenol lipids; Primary alcohols; Organooxygen compounds; Fatty alcohols; Fatty Acyls; Hydrocarbon derivatives; Organic oxygen compounds; Chemical entities	502.499	29	0.483	839079744251073136	839079603783827222	839079603783827221	20	
1	C32H60O	[M + H3N + H]+	C32H64NO+	Fatty acids	0.808	Fatty acyls	0.247	Fatty alcohols	0.216	Lipids and lipid-like molecules	0.842							Lipids and lipid-like molecules	0.842	Organic compounds; Lipids and lipid-like molecules; Organooxygen compounds; Hydrocarbon derivatives; Organic oxygen compounds; Chemical entities	478.499	29	0.483	839079746809598925	839079603712524050	839079603708329745	19	
1	C34H62O	[M + H3N + H]+	C34H66NO+	Terpenoids	0.819	Fatty esters	0.144	Prenyl quinone meroterpenoids	0.480	Lipids and lipid-like molecules	0.851	Prenol lipids	0.651					Prenol lipids	0.651	Organic compounds; Lipids and lipid-like molecules; Prenol lipids; Organooxygen compounds; Hydrocarbon derivatives; Organic oxygen compounds; Chemical entities	504.514	29	0.483	839079844285231927	839079603855130394	839079603850936089	21	
2	C34H67NO3	[M - H2O + H]+	C34H66NO2+	Fatty acids	1.000	Spingolipids	1.000	Ceramides	1.000	Lipids and lipid-like molecules	0.990	Sphingolipids	0.988	Ceramides	0.997	Long-chain ceramides	0.706	Long-chain ceramides	0.706	Organic compounds; Lipids and lipid-like molecules; Alcohols and polyols; Sphingolipids; Organic acids and derivatives; Carboxylic acids and derivatives; Organonitrogen compounds; Primary alcohols; Organooxygen compounds; Fatty amides; Carboxylic acid amides; Carboxylic acid derivatives; N-acyl amines; Ceramides; Secondary alcohols; Secondary carboxylic acid amides; Long-chain ceramides; Carbonyl compounds; Fatty Acyls; Organic oxides; Hydrocarbon derivatives; Organopnictogen compounds; Organic oxygen compounds; Organic nitrogen compounds; Chemical entities	520.509	29	0.483	839079752434161153	839079603922239262	839079603918044957	22	
1	C34H58O	[M + H3N + H]+	C34H62NO+	Terpenoids	0.985	Triterpenoids	0.614	Lupane triterpenoids	0.128	Lipids and lipid-like molecules	0.978	Prenol lipids	0.857	Triterpenoids	0.550			Triterpenoids	0.550	Organic compounds; Lipids and lipid-like molecules; Alcohols and polyols; Steroids and steroid derivatives; Prenol lipids; Organooxygen compounds; Triterpenoids; Hydrocarbon derivatives; Organic oxygen compounds; Chemical entities	500.483	29	0.486	839079937168100500	839079604060651302	839079604056456997	24	
1	C28H54O	[M + H3N + H]+	C28H58NO+	Fatty acids	0.964	Fatty esters	0.811	Wax monoesters	0.595	Lipids and lipid-like molecules	0.775	Fatty Acyls	0.746					Fatty Acyls	0.746	Organic compounds; Lipids and lipid-like molecules; Organooxygen compounds; Carbonyl compounds; Fatty Acyls; Organic oxides; Hydrocarbon derivatives; Organic oxygen compounds; Chemical entities	424.451	29	0.488	839079755525363600	839079604123565866	839079604119371561	25	
1	C29H48O15	[M + H3N + H]+	C29H52NO15+	Terpenoids	0.677	Monoterpenoids	0.846	Secoiridoid monoterpenoids	0.862	Organic oxygen compounds	1.000	Organooxygen compounds	1.000	Carbohydrates and carbohydrate conjugates	0.980	Glycosyl compounds	0.781	O-glycosyl compounds	0.833	Organic compounds; Organoheterocyclic compounds; Carbohydrates and carbohydrate conjugates; Lipids and lipid-like molecules; Alcohols and polyols; Ethers; Organic acids and derivatives; Carboxylic acids and derivatives; Primary alcohols; Organooxygen compounds; Fatty acid esters; Carboxylic acid derivatives; Carboxylic acid esters; Acetals; Secondary alcohols; Carbonyl compounds; Oxanes; Glycosyl compounds; O-glycosyl compounds; Polyols; Enoate esters; Alpha,beta-unsaturated carboxylic esters; Fatty Acyls; Organic oxides; Oxacyclic compounds; Hydrocarbon derivatives; Organic oxygen compounds; Chemical entities	654.332	29	0.488	839079764262099723	839079604186480430	839079604182286125	26	
1	C26H50O	[M + H3N + H]+	C26H54NO+	Fatty acids	0.924	Fatty acyls	0.743	Fatty alcohols	0.861	Lipids and lipid-like molecules	0.920	Fatty Acyls	0.822	Fatty alcohols	0.650			Fatty alcohols	0.650	Organic compounds; Lipids and lipid-like molecules; Alcohols and polyols; Organooxygen compounds; Fatty alcohols; Fatty Acyls; Hydrocarbon derivatives; Organic oxygen compounds; Chemical entities	396.420	29	0.489	839079744548868742	839079604312309558	839079604312309557	28	
4	C29H48O15	[M + H]+	C29H49O15+	Fatty acids	0.418	Monoterpenoids	0.467	Secoiridoid monoterpenoids	0.538	Organic oxygen compounds	1.000	Organooxygen compounds	1.000	Carbohydrates and carbohydrate conjugates	0.972	Glycosyl compounds	0.689	O-glycosyl compounds	0.758	Organic compounds; Organoheterocyclic compounds; Carbohydrates and carbohydrate conjugates; Lipids and lipid-like molecules; Alcohols and polyols; Ethers; Organic acids and derivatives; Carboxylic acids and derivatives; Organooxygen compounds; Fatty acid esters; Carboxylic acid derivatives; Carboxylic acid esters; Acetals; Secondary alcohols; Carbonyl compounds; Oxanes; Glycosyl compounds; O-glycosyl compounds; Polyols; Enoate esters; Alpha,beta-unsaturated carboxylic esters; Fatty Acyls; Organic oxides; Oxacyclic compounds; Hydrocarbon derivatives; Organic oxygen compounds; Chemical entities	637.306	29	0.489	839079974832951503	839079604253589298	839079604249394993	27	
1	C24H46O	[M + H3N + H]+	C24H50NO+	Fatty acids	0.948	Fatty acyls	0.834	Fatty alcohols	0.771	Lipids and lipid-like molecules	0.749	Fatty Acyls	0.722	Fatty alcohols	0.543			Fatty alcohols	0.543	Organic compounds; Lipids and lipid-like molecules; Organooxygen compounds; Fatty alcohols; Carbonyl compounds; Fatty Acyls; Organic oxides; Hydrocarbon derivatives; Organic oxygen compounds; Chemical entities	368.389	29	0.490	839079755525363603	839079604400389946	839079604396195641	29	
1	C33H38O6	[M + H3N + H]+	C33H42NO6+	Shikimates and Phenylpropanoids	0.869	Lignans	0.342	Neolignans	0.101	Benzenoids	0.953	Phenol ethers	0.599					Phenol ethers	0.599	Organic compounds; Organoheterocyclic compounds; Alkyl aryl ethers; Ethers; Phenylpropanoids and polyketides; Organic acids and derivatives; Organooxygen compounds; Carbonyl compounds; Benzene and substituted derivatives; Phenol ethers; Benzenoids; Organic oxides; Oxacyclic compounds; Hydrocarbon derivatives; Organic oxygen compounds; Phenoxy compounds; Chemical entities	548.301	29	0.490	839079766384417738	839079604480081726	839079604475887421	30	
1	C26H48O4	[M + H]+	C26H49O4+	Fatty acids	0.958	Fatty esters	0.942	Wax monoesters	0.518	Lipids and lipid-like molecules	0.862	Fatty Acyls	0.920	Fatty alcohol esters	0.622			Fatty alcohol esters	0.622	Organic compounds; Lipids and lipid-like molecules; Organic acids and derivatives; Carboxylic acids and derivatives; Organooxygen compounds; Fatty acid esters; Dicarboxylic acids and derivatives; Carboxylic acid derivatives; Carboxylic acid esters; Fatty alcohol esters; Carbonyl compounds; Fatty Acyls; Organic oxides; Hydrocarbon derivatives; Organic oxygen compounds; Chemical entities	425.362	29	0.490	839079947272179054	839079604542996290	839079604538801985	31	
1	C25H46O2	[M + H3N + H]+	C25H50NO2+	Fatty acids	0.966	Fatty esters	0.969	Wax monoesters	0.885	Lipids and lipid-like molecules	0.919	Fatty Acyls	0.927	Fatty acid esters	0.885			Fatty acid esters	0.885	Organic compounds; Lipids and lipid-like molecules; Organic acids and derivatives; Carboxylic acids and derivatives; Organooxygen compounds; Fatty acid esters; Carboxylic acid derivatives; Monocarboxylic acids and derivatives; Carboxylic acid esters; Carbonyl compounds; Fatty Acyls; Organic oxides; Hydrocarbon derivatives; Organic oxygen compounds; Chemical entities	396.384	29	0.491	839079747740734508	839079604605910854	839079604605910853	32	
1	C33H38O6	[M + H]+	C33H39O6+	Shikimates and Phenylpropanoids	0.438	Carotenoids (C40)	0.288	Neolignans	0.094	Benzenoids	0.865	Benzene and substituted derivatives	0.535					Benzene and substituted derivatives	0.535	Organic compounds; Organoheterocyclic compounds; Ethers; Organic acids and derivatives; Organooxygen compounds; Carbonyl compounds; Benzene and substituted derivatives; Benzenoids; Organic oxides; Oxacyclic compounds; Hydrocarbon derivatives; Organic oxygen compounds; Chemical entities	531.274	29	0.491	839079747216446447	839079604664631114	839079604664631113	33	
2	C34H65NO3	[M - H2O + H]+	C34H64NO2+	Fatty acids	1.000	Spingolipids	0.999	Ceramides	0.998	Lipids and lipid-like molecules	0.982	Sphingolipids	0.947	Ceramides	0.987	Long-chain ceramides	0.652	Long-chain ceramides	0.652	Organic compounds; Lipids and lipid-like molecules; Alcohols and polyols; Sphingolipids; Organic acids and derivatives; Carboxylic acids and derivatives; Organonitrogen compounds; Primary alcohols; Organooxygen compounds; Fatty amides; Carboxylic acid amides; Carboxylic acid derivatives; N-acyl amines; Ceramides; Secondary alcohols; Secondary carboxylic acid amides; Long-chain ceramides; Carbonyl compounds; Fatty Acyls; Organic oxides; Hydrocarbon derivatives; Organopnictogen compounds; Organic oxygen compounds; Organic nitrogen compounds; Chemical entities	518.493	29	0.491	839079750672553218	839079604731739982	839079604731739981	34	
2	C34H63NO3	[M + H]+	C34H64NO3+	Fatty acids	0.999	Spingolipids	0.992	Ceramides	0.980	Lipids and lipid-like molecules	0.952	Sphingolipids	0.879	Ceramides	0.932			Ceramides	0.932	Organic compounds; Lipids and lipid-like molecules; Alcohols and polyols; Sphingolipids; Organic acids and derivatives; Carboxylic acids and derivatives; Organonitrogen compounds; Primary alcohols; Organooxygen compounds; Fatty amides; Carboxylic acid amides; Carboxylic acid derivatives; N-acyl amines; Ceramides; Secondary alcohols; Secondary carboxylic acid amides; Carbonyl compounds; Fatty Acyls; Organic oxides; Hydrocarbon derivatives; Organopnictogen compounds; Organic oxygen compounds; Organic nitrogen compounds; Chemical entities	534.489	30	0.493	839079751347836276	839079604786265938	839079604786265937	35	
1	C34H58O2	[M + H3N + H]+	C34H62NO2+	Terpenoids	0.921	Steroids	0.472	Cholestane steroids	0.277	Lipids and lipid-like molecules	0.990	Steroids and steroid derivatives	0.750	Steroid esters	0.704			Steroid esters	0.704	Organic compounds; Lipids and lipid-like molecules; Steroids and steroid derivatives; Prenol lipids; Organic acids and derivatives; Carboxylic acids and derivatives; Organooxygen compounds; Carboxylic acid derivatives; Monocarboxylic acids and derivatives; Carboxylic acid esters; Steroid esters; Carbonyl compounds; Delta-5-steroids; Fatty Acyls; Organic oxides; Hydrocarbon derivatives; Organic oxygen compounds; Chemical entities	516.478	30	0.493	839079942423563500	839079604840791894	839079604840791893	36	
2	C25H53N	[M + H]+	C25H54N+	Alkaloids	0.717	Pseudoalkaloids (transamidation)	0.091	Polyamines	0.143	Organic nitrogen compounds	1.000	Organonitrogen compounds	1.000	Quaternary ammonium salts	0.774			Quaternary ammonium salts	0.774	Organic compounds; Organonitrogen compounds; Quaternary ammonium salts; Amines; Organic cations; Organic salts; Hydrocarbon derivatives; Organopnictogen compounds; Organic nitrogen compounds; Chemical entities	368.425	30	0.497	839079748009170000	839079604954038110	839079604954038109	38	
1	C20H36O	[M + H3N + H]+	C20H40NO+	Fatty acids	0.993	Fatty acyls	0.976	Fatty alcohols	0.694	Lipids and lipid-like molecules	0.686	Fatty Acyls	0.604					Fatty Acyls	0.604	Organic compounds; Lipids and lipid-like molecules; Ketones; Organooxygen compounds; Carbonyl compounds; Fatty Acyls; Organic oxides; Hydrocarbon derivatives; Organic oxygen compounds; Chemical entities	310.310	31	0.512	839079749594617041	839079605063090022	839079605063090021	40	
1	C18H32O	[M + H]+	C18H33O+	Fatty acids	0.999	Fatty acyls	0.993	Fatty alcohols	0.740	Lipids and lipid-like molecules	0.541	Fatty Acyls	0.582					Fatty Acyls	0.582	Organic compounds; Lipids and lipid-like molecules; Ketones; Organooxygen compounds; Carbonyl compounds; Fatty Acyls; Organic oxides; Hydrocarbon derivatives; Organic oxygen compounds; Chemical entities	265.253	31	0.517	839079743156359721	839079605184724846	839079605184724845	42	
1	C36H67NO2	[M + H3N + H]+	C36H71N2O2+	Fatty acids	1.000	Fatty amides	0.990	Primary amides	0.668	Lipids and lipid-like molecules	0.911	Fatty Acyls	0.900	Fatty amides	0.852	N-acyl amines	0.645	N-acyl amines	0.645	Organic compounds; Lipids and lipid-like molecules; Organic acids and derivatives; Carboxylic acids and derivatives; Organonitrogen compounds; Organooxygen compounds; Fatty amides; Carboxylic acid amides; Carboxylic acid derivatives; N-acyl amines; Secondary carboxylic acid amides; Carbonyl compounds; Fatty Acyls; Organic oxides; Hydrocarbon derivatives; Organopnictogen compounds; Organic oxygen compounds; Organic nitrogen compounds; Chemical entities	563.552	31	0.517	839079948274617794	839079605239250802	839079605239250801	43	
1	C16H36Si	[M + H]+	C16H37Si+	Terpenoids	0.721	Fatty acyls	0.638	Pinane monoterpenoids	0.146	Hydrocarbon derivatives	0.979							Hydrocarbon derivatives	0.979	Organic compounds; Hydrocarbon derivatives; Chemical entities	257.267	31	0.518	839079752438355462	839079605759344538	839079605759344537	53	
1	C20H34O2	[M + H3N + H]+	C20H38NO2+	Fatty acids	1.000	Fatty Acids and Conjugates	0.925	Unsaturated fatty acids	0.970	Lipids and lipid-like molecules	0.987	Fatty Acyls	0.975	Fatty acids and conjugates	0.967	Long-chain fatty acids	0.921	Long-chain fatty acids	0.921	Organic compounds; Lipids and lipid-like molecules; Fatty acids and conjugates; Organic acids and derivatives; Carboxylic acids and derivatives; Organooxygen compounds; Straight chain fatty acids; Unsaturated fatty acids; Monocarboxylic acids and derivatives; Carboxylic acids; Carbonyl compounds; Long-chain fatty acids; Fatty Acyls; Organic oxides; Hydrocarbon derivatives; Organic oxygen compounds; Chemical entities	324.290	31	0.521	839079757324720261	839079605344108410	839079605344108409	45	
1	C17H30O	[M + H3N + H]+	C17H34NO+	Fatty acids	0.944	Fatty acyls	0.925	Fatty alcohols	0.506	Lipids and lipid-like molecules	0.576							Lipids and lipid-like molecules	0.576	Organic compounds; Lipids and lipid-like molecules; Organooxygen compounds; Carbonyl compounds; Organic oxides; Hydrocarbon derivatives; Organic oxygen compounds; Chemical entities	268.264	31	0.523	839079757698013366	839079605394440062	839079605394440061	46	
1	C16H30O	[M + H3N + H]+	C16H34NO+	Fatty acids	0.988	Fatty acyls	0.976	Fatty alcohols	0.952	Lipids and lipid-like molecules	0.622	Fatty Acyls	0.646	Fatty alcohols	0.680	Long-chain fatty alcohols	0.660	Long-chain fatty alcohols	0.660	Organic compounds; Lipids and lipid-like molecules; Ketones; Organooxygen compounds; Fatty alcohols; Carbonyl compounds; Long-chain fatty alcohols; Fatty Acyls; Organic oxides; Hydrocarbon derivatives; Organic oxygen compounds; Chemical entities	256.264	31	0.523	839079741688353204	839079605448966018	839079605444771713	47	
1	C20H35NO2	[M + H3N + H]+	C20H39N2O2+	Fatty acids	1.000	Fatty amides	0.972	Primary amides	0.432	Lipids and lipid-like molecules	0.883	Fatty Acyls	0.853	Fatty amides	0.777	N-acyl amines	0.560	N-acyl amines	0.560	Organic compounds; Lipids and lipid-like molecules; Organic acids and derivatives; Carboxylic acids and derivatives; Organonitrogen compounds; Organooxygen compounds; Fatty amides; Carboxylic acid amides; Carboxylic acid derivatives; N-acyl amines; Secondary carboxylic acid amides; Carbonyl compounds; Fatty Acyls; Organic oxides; Hydrocarbon derivatives; Organopnictogen compounds; Organic oxygen compounds; Organic nitrogen compounds; Chemical entities	339.301	31	0.524	839079758872418564	839079605499297670	839079605495103365	48	
1	C16H28O	[M + H3N + H]+	C16H32NO+	Fatty acids	0.994	Fatty acyls	0.982	Fatty aldehydes	0.782	Lipids and lipid-like molecules	0.492	Fatty Acyls	0.440	Fatty aldehydes	0.622			Fatty aldehydes	0.622	Organic compounds; Aldehydes; Fatty aldehydes; Organooxygen compounds; Carbonyl compounds; Organic oxides; Hydrocarbon derivatives; Organic oxygen compounds; Chemical entities	254.248	31	0.525	839079765218401123	839079605549629322	839079605549629321	49	
1	C18H32O2	[M + H3N + H]+	C18H36NO2+	Fatty acids	1.000	Fatty Acids and Conjugates	0.903	Unsaturated fatty acids	0.947	Lipids and lipid-like molecules	0.986	Fatty Acyls	0.981	Lineolic acids and derivatives	0.723			Lineolic acids and derivatives	0.723	Organic compounds; Lipids and lipid-like molecules; Fatty acids and conjugates; Organic acids and derivatives; Carboxylic acids and derivatives; Organooxygen compounds; Straight chain fatty acids; Unsaturated fatty acids; Lineolic acids and derivatives; Monocarboxylic acids and derivatives; Carboxylic acids; Carbonyl compounds; Long-chain fatty acids; Fatty Acyls; Organic oxides; Hydrocarbon derivatives; Organic oxygen compounds; Chemical entities	298.274	32	0.526	839079756934649934	839079605658681234	839079605654486929	51	
1	C18H30O2	[M + H3N + H]+	C18H34NO2+	Fatty acids	1.000	Fatty Acids and Conjugates	0.976	Unsaturated fatty acids	0.980	Lipids and lipid-like molecules	0.985	Fatty Acyls	0.983	Fatty acids and conjugates	0.979	Long-chain fatty acids	0.952	Long-chain fatty acids	0.952	Organic compounds; Lipids and lipid-like molecules; Fatty acids and conjugates; Organic acids and derivatives; Carboxylic acids and derivatives; Organooxygen compounds; Straight chain fatty acids; Unsaturated fatty acids; Monocarboxylic acids and derivatives; Carboxylic acids; Carbonyl compounds; Long-chain fatty acids; Fatty Acyls; Organic oxides; Hydrocarbon derivatives; Organic oxygen compounds; Chemical entities	296.258	32	0.528	839079750685136154	839079605818064798	839079605813870493	54	
1	C18H30O2	[M + H]+	C18H31O2+	Fatty acids	1.000	Fatty Acids and Conjugates	0.956	Unsaturated fatty acids	0.970	Lipids and lipid-like molecules	0.987	Fatty Acyls	0.983	Lineolic acids and derivatives	0.725			Lineolic acids and derivatives	0.725	Organic compounds; Lipids and lipid-like molecules; Fatty acids and conjugates; Organic acids and derivatives; Carboxylic acids and derivatives; Organooxygen compounds; Straight chain fatty acids; Unsaturated fatty acids; Lineolic acids and derivatives; Monocarboxylic acids and derivatives; Carboxylic acids; Carbonyl compounds; Long-chain fatty acids; Fatty Acyls; Organic oxides; Hydrocarbon derivatives; Organic oxygen compounds; Chemical entities	279.233	32	0.530	839079755856713643	839079605914533798	839079605914533797	56	
1	C18H30O	[M + H]+	C18H31O+	Fatty acids	0.986	Fatty acyls	0.976	Fatty aldehydes	0.522	Lipids and lipid-like molecules	0.631	Fatty Acyls	0.441	Fatty aldehydes	0.582			Fatty aldehydes	0.582	Organic compounds; Lipids and lipid-like molecules; Ketones; Fatty aldehydes; Organooxygen compounds; Carbonyl compounds; Organic oxides; Hydrocarbon derivatives; Organic oxygen compounds; Chemical entities	263.237	32	0.533	839079754011219651	839079606023585710	839079606023585709	58	
1	C18H30O	[M + H3N + H]+	C18H34NO+	Fatty acids	0.987	Fatty acyls	0.978	Fatty alcohols	0.475	Lipids and lipid-like molecules	0.618							Lipids and lipid-like molecules	0.618	Organic compounds; Lipids and lipid-like molecules; Ketones; Organooxygen compounds; Carbonyl compounds; Organic oxides; Hydrocarbon derivatives; Organic oxygen compounds; Chemical entities	280.264	32	0.534	839079753268827815	839079606120054710	839079606120054709	60	
1	C18H30O	[M - H2O + H]+	C18H29+	Fatty acids	0.882	Fatty acyls	0.780	Fatty alcohols	0.399	Lipids and lipid-like molecules	0.883	Fatty Acyls	0.607					Fatty Acyls	0.607	Organic compounds; Lipids and lipid-like molecules; Organooxygen compounds; Carbonyl compounds; Fatty Acyls; Organic oxides; Hydrocarbon derivatives; Organic oxygen compounds; Chemical entities	245.227	32	0.534	839079742405579215	839079606229106622	839079606224912317	62	
1	C18H28O	[M + H3N + H]+	C18H32NO+	Fatty acids	0.773	Fatty acyls	0.783	Fatty aldehydes	0.347	Lipids and lipid-like molecules	0.741							Lipids and lipid-like molecules	0.741	Organic compounds; Lipids and lipid-like molecules; Organooxygen compounds; Carbonyl compounds; Organic oxides; Hydrocarbon derivatives; Organic oxygen compounds; Chemical entities	278.248	32	0.536	839079743181525556	839079606287826882	839079606283632577	63	
1	C18H26O2	[M + H3N + H]+	C18H30NO2+	Terpenoids	0.660	Diterpenoids	0.274	Fatty aldehydes	0.065	Organic oxygen compounds	1.000	Organooxygen compounds	0.998	Carbonyl compounds	0.988	Ketones	0.966	Cyclohexenones	0.511	Organic compounds; Lipids and lipid-like molecules; Ketones; Organooxygen compounds; Carbonyl compounds; Cyclic ketones; Organic oxides; Hydrocarbon derivatives; Cyclohexenones; Organic oxygen compounds; Chemical entities	292.227	32	0.537	839079744993464997	839079606359130054	839079606359130053	64	
1	C16H32NO2	[M + Na]+	C16H32NNaO2+	Fatty acids	0.999	Fatty amides	0.989	Primary amides	0.920	Lipids and lipid-like molecules	0.813	Fatty Acyls	0.837	Fatty amides	0.739			Fatty amides	0.739	Organic compounds; Lipids and lipid-like molecules; Organic acids and derivatives; Carboxylic acids and derivatives; Organonitrogen compounds; Organooxygen compounds; Fatty amides; Carboxylic acid amides; Carboxylic acid derivatives; Secondary carboxylic acid amides; Carbonyl compounds; Fatty Acyls; Organic oxides; Hydrocarbon derivatives; Organopnictogen compounds; Organic oxygen compounds; Organic nitrogen compounds; Chemical entities	293.231	32	0.539	839079742606905840	839079606073917362	839079606073917361	59	
1	C16H26O2	[M + H3N + H]+	C16H30NO2+	Fatty acids	0.968	Fatty Acids and Conjugates	0.605	Unsaturated fatty acids	0.526	Lipids and lipid-like molecules	0.557							Lipids and lipid-like molecules	0.557	Organic compounds; Lipids and lipid-like molecules; Organic acids and derivatives; Carboxylic acids and derivatives; Organooxygen compounds; Monocarboxylic acids and derivatives; Carbonyl compounds; Organic oxides; Hydrocarbon derivatives; Organic oxygen compounds; Chemical entities	268.227	33	0.542	839079744775361174	839079606409461706	839079606409461705	65	
1	C18H28O3	[M + H3N + H]+	C18H32NO3+	Fatty acids	0.904	Octadecanoids	0.859	Other Octadecanoids	0.803	Lipids and lipid-like molecules	0.958	Fatty Acyls	0.929	Lineolic acids and derivatives	0.709			Lineolic acids and derivatives	0.709	Organic compounds; Lipids and lipid-like molecules; Ketones; Fatty acids and conjugates; Organic acids and derivatives; Carboxylic acids and derivatives; Acryloyl compounds; Organooxygen compounds; Unsaturated fatty acids; Lineolic acids and derivatives; Monocarboxylic acids and derivatives; Carboxylic acids; Enones; Carbonyl compounds; Long-chain fatty acids; Alpha,beta-unsaturated carbonyl compounds; Alpha,beta-unsaturated ketones; Fatty Acyls; Organic oxides; Hydrocarbon derivatives; Organic oxygen compounds; Chemical entities	310.238	33	0.549	839079747224835076	839079606459793358	839079606459793357	66	
1	C18H32O3	[M + H3N + H]+	C18H36NO3+	Fatty acids	0.999	Octadecanoids	0.907	Other Octadecanoids	0.963	Lipids and lipid-like molecules	0.988	Fatty Acyls	0.985	Fatty acids and conjugates	0.943	Long-chain fatty acids	0.931	Long-chain fatty acids	0.931	Organic compounds; Lipids and lipid-like molecules; Alcohols and polyols; Fatty acids and conjugates; Organic acids and derivatives; Carboxylic acids and derivatives; Organooxygen compounds; Unsaturated fatty acids; Hydroxy fatty acids; Monocarboxylic acids and derivatives; Carboxylic acids; Secondary alcohols; Carbonyl compounds; Long-chain fatty acids; Fatty Acyls; Organic oxides; Hydrocarbon derivatives; Organic oxygen compounds; Chemical entities	314.269	34	0.560	839079745643582197	839079606514319314	839079606514319313	67	
1	C16H26O	[M + H3N + H]+	C16H30NO+	Terpenoids	0.914	Sesquiterpenoids	0.533	Farnesane sesquiterpenoids	0.082	Lipids and lipid-like molecules	0.717	Prenol lipids	0.577					Prenol lipids	0.577	Organic compounds; Lipids and lipid-like molecules; Ketones; Prenol lipids; Organooxygen compounds; Carbonyl compounds; Organic oxides; Hydrocarbon derivatives; Organic oxygen compounds; Chemical entities	252.232	34	0.563	839079744393679482	839079606560456662	839079606556262357	68	
1	C24H30O6	[M + Na]+	C24H30NaO6+	Shikimates and Phenylpropanoids	0.479	Lignans	0.305	Dibenzocyclooctadienes lignans	0.130	Benzenoids	0.886	Phenol ethers	0.708	Anisoles	0.699			Anisoles	0.699	Organic compounds; Organoheterocyclic compounds; Alkyl aryl ethers; Anisoles; Ethers; Organooxygen compounds; Phenol ethers; Benzenoids; Organic oxides; Oxacyclic compounds; Hydrocarbon derivatives; Organic oxygen compounds; Chemical entities	437.193	34	0.563	839079743970054729	839079606606594010	839079606606594009	69	
1	C18H30O3	[M + H3N + H]+	C18H34NO3+	Fatty acids	0.992	Octadecanoids	0.939	Other Octadecanoids	0.970	Lipids and lipid-like molecules	0.984	Fatty Acyls	0.980	Lineolic acids and derivatives	0.869			Lineolic acids and derivatives	0.869	Organic compounds; Lipids and lipid-like molecules; Ketones; Fatty acids and conjugates; Organic acids and derivatives; Carboxylic acids and derivatives; Acryloyl compounds; Organooxygen compounds; Unsaturated fatty acids; Lineolic acids and derivatives; Monocarboxylic acids and derivatives; Carboxylic acids; Enones; Carbonyl compounds; Long-chain fatty acids; Alpha,beta-unsaturated carbonyl compounds; Alpha,beta-unsaturated ketones; Fatty Acyls; Organic oxides; Hydrocarbon derivatives; Organic oxygen compounds; Chemical entities	312.253	34	0.570	839079748021752915	839079606707257314	839079606707257313	71	
1	C18H37NO7	[M + K]+	C18H37KNO7+	Fatty acids	1.000	Spingolipids	0.999	Sphingoid bases	0.999	Organic acids and derivatives	0.888	Carboxylic acids and derivatives	0.833	Amino acids, peptides, and analogues	0.642	Amino acids and derivatives	0.638	Alpha amino acids	0.509	Organic compounds; Lipids and lipid-like molecules; Amino acids, peptides, and analogues; Alcohols and polyols; Fatty acids and conjugates; Organic acids and derivatives; Carboxylic acids and derivatives; Organonitrogen compounds; Primary alcohols; Organooxygen compounds; Hydroxy fatty acids; Amino acids and derivatives; Monoalkylamines; Hydroxy acids and derivatives; Amino fatty acids; Monocarboxylic acids and derivatives; Carboxylic acids; Secondary alcohols; Beta hydroxy acids and derivatives; Carbonyl compounds; 1,3-aminoalcohols; 1,2-aminoalcohols; Polyols; Alpha amino acids; Amines; Primary amines; Alkanolamines; Long-chain fatty acids; Fatty Acyls; Organic oxides; Hydrocarbon derivatives; Amino acids; Organopnictogen compounds; Organic oxygen compounds; Organic nitrogen compounds; Chemical entities	418.219	34	0.571	839079752463521323	839079607009247226	839079607009247225	77	
1	C9H12O2	[M - H2O + H]+	C9H11O+	Terpenoids	0.844	Monoterpenoids	0.786	Apocarotenoids (β-)	0.345	Organic oxygen compounds	0.999	Organooxygen compounds	0.997	Carbonyl compounds	0.763			Carbonyl compounds	0.763	Organic compounds; Organooxygen compounds; Carbonyl compounds; Organic oxides; Hydrocarbon derivatives; Organic oxygen compounds; Chemical entities	135.081	34	0.572	839079742858564095	839079606757588966	839079606753394661	72	
1	C24H30O6	[M + H3N + H]+	C24H34NO6+	Shikimates and Phenylpropanoids	0.324	Lignans	0.164	Furanoid lignans	0.046	Benzenoids	0.863	Benzene and substituted derivatives	0.643					Benzene and substituted derivatives	0.643	Organic compounds; Organoheterocyclic compounds; Alcohols and polyols; Ethers; Organooxygen compounds; Dialkyl ethers; Acetals; Benzene and substituted derivatives; Benzenoids; Oxacyclic compounds; Hydrocarbon derivatives; Organic oxygen compounds; Chemical entities	432.238	34	0.572	839079747824620598	839079606803726314	839079606803726313	73	
1	C24H30O6	[M - H2O + H]+	C24H29O5+	Polyketides	0.394	Aromatic polyketides	0.088	Simple aromatic polyketides	0.087	Benzenoids	0.887	Benzene and substituted derivatives	0.555					Benzene and substituted derivatives	0.555	Organic compounds; Organoheterocyclic compounds; Alcohols and polyols; Ethers; Primary alcohols; Organooxygen compounds; Secondary alcohols; Benzene and substituted derivatives; Benzenoids; Organic oxides; Oxacyclic compounds; Hydrocarbon derivatives; Organic oxygen compounds; Chemical entities	397.201	34	0.572	839079743143776792	839079606904389618	839079606904389617	75	
3	C13H15N2O4	[M + H3N + H]+	C13H19N3O4+	Amino acids and Peptides	0.657	Small peptides	0.475	Aminoacids	0.335	Organic acids and derivatives	0.882	Carboxylic acids and derivatives	0.826	Amino acids, peptides, and analogues	0.577	Amino acids and derivatives	0.577	Amino acids and derivatives	0.577	Organic compounds; Amino acids, peptides, and analogues; Organic acids and derivatives; Carboxylic acids and derivatives; Organonitrogen compounds; Organooxygen compounds; Amino acids and derivatives; Carbonyl compounds; Benzene and substituted derivatives; Benzenoids; Vinylogous amides; Organic oxides; Hydrocarbon derivatives; Organopnictogen compounds; Organic oxygen compounds; Organic nitrogen compounds; Chemical entities	281.139	34	0.572	839079752455132696	839079606858252270	839079606858252269	74	
2	C24H32O7	[M - H2O + H]+	C24H31O6+	Shikimates and Phenylpropanoids	0.970	Lignans	0.991	Dibenzylbutane lignans	0.754	Lignans, neolignans and related compounds	0.851	Dibenzylbutane lignans	0.565					Dibenzylbutane lignans	0.565	Organic compounds; Alkyl aryl ethers; Alcohols and polyols; Anisoles; Ethers; Organooxygen compounds; Dialkyl ethers; Lignans, neolignans and related compounds; Dibenzylbutane lignans; Benzene and substituted derivatives; Phenol ethers; Benzenoids; Hydrocarbon derivatives; Organic oxygen compounds; Phenoxy compounds; Chemical entities	415.212	34	0.573	839079917043829097	839079606954721270	839079606954721269	76	
1	C11H20N4O3	[M + K]+	C11H20KN4O3+	Amino acids and Peptides	0.946	Small peptides	0.950	Dipeptides	0.559	Organic acids and derivatives	0.922	Carboxylic acids and derivatives	0.863	Amino acids, peptides, and analogues	0.608	Amino acids and derivatives	0.606	Alpha amino acids and derivatives	0.640	Organic compounds; Organoheterocyclic compounds; Lipids and lipid-like molecules; Amino acids, peptides, and analogues; Alpha amino acids and derivatives; Organic acids and derivatives; Carboxylic acids and derivatives; Organonitrogen compounds; Organooxygen compounds; Amino acids and derivatives; Carboxylic acid derivatives; Monocarboxylic acids and derivatives; Carbonyl compounds; Fatty Acyls; Organic oxides; Azacyclic compounds; Hydrocarbon derivatives; Organopnictogen compounds; Organic oxygen compounds; Organic nitrogen compounds; Chemical entities	295.118	34	0.573	839079988619629225	839079607055384574	839079607055384573	78	
1	C11H21N3O4	[M + Na]+	C11H21N3NaO4+	Fatty acids	0.930	Fatty Acids and Conjugates	0.693	Dipeptides	0.151	Organic acids and derivatives	0.996	Carboxylic acids and derivatives	0.990	Amino acids, peptides, and analogues	0.549	Amino acids and derivatives	0.537	Amino acids and derivatives	0.537	Organic compounds; Lipids and lipid-like molecules; Amino acids, peptides, and analogues; Fatty acids and conjugates; Organic acids and derivatives; Carboxylic acids and derivatives; Organonitrogen compounds; Organooxygen compounds; Fatty amides; Branched fatty acids; Amino acids and derivatives; Carboxylic acid amides; Amino fatty acids; Carboxylic acid derivatives; Monocarboxylic acids and derivatives; Carboxylic acids; Primary carboxylic acid amides; Secondary carboxylic acid amides; Carbonyl compounds; Medium-chain fatty acids; Fatty Acyls; Organic oxides; Hydrocarbon derivatives; Organopnictogen compounds; Organic oxygen compounds; Organic nitrogen compounds; Chemical entities	282.142	34	0.573	839079757492492438	839079607151853574	839079607147659269	80	
2	C54H59N3O6	[M + H]+	C54H60N3O6+	Alkaloids	0.323	Tyrosine alkaloids	0.445	Isoquinoline alkaloids	0.250	Benzenoids	0.985	Phenol ethers	0.752	Anisoles	0.623			Anisoles	0.623	Organic compounds; Organoheterocyclic compounds; Alkyl aryl ethers; Anisoles; Ethers; Phenylpropanoids and polyketides; Organonitrogen compounds; Organooxygen compounds; Carbonyl compounds; Benzene and substituted derivatives; Phenol ethers; Benzenoids; Organic oxides; Methoxybenzenes; Hydrocarbon derivatives; Organopnictogen compounds; Organic oxygen compounds; Organic nitrogen compounds; Phenoxy compounds; Chemical entities	846.444	34	0.574	839079757068867692	839079607105716226	839079607105716225	79	
1	C26H32O6	[M + H3N + H]+	C26H36NO6+	Shikimates and Phenylpropanoids	0.505	Lignans	0.222	Azaphilones	0.035	Benzenoids	0.884	Benzene and substituted derivatives	0.612					Benzene and substituted derivatives	0.612	Organic compounds; Organoheterocyclic compounds; Alcohols and polyols; Ethers; Organooxygen compounds; Dialkyl ethers; Benzene and substituted derivatives; Benzenoids; Organic oxides; Oxacyclic compounds; Hydrocarbon derivatives; Organic oxygen compounds; Chemical entities	458.254	35	0.576	839079749175186553	839079607193796618	839079607193796617	81	
1	C48H60O12	[M + Na]+	C48H60NaO12+	Terpenoids	0.607	Triterpenoids	0.337	Limonoids	0.165	Lipids and lipid-like molecules	0.781	Prenol lipids	0.505					Prenol lipids	0.505	Organic compounds; Organoheterocyclic compounds; Lipids and lipid-like molecules; Alcohols and polyols; Ethers; Prenol lipids; Organic acids and derivatives; Carboxylic acids and derivatives; Organooxygen compounds; Carboxylic acid derivatives; Carboxylic acid esters; Secondary alcohols; Carbonyl compounds; Enoate esters; Alpha,beta-unsaturated carboxylic esters; Organic oxides; Oxacyclic compounds; Hydrocarbon derivatives; Organic oxygen compounds; Chemical entities	851.399	35	0.580	839079746784433035	839079607244128270	839079607244128269	82	
1	C18H26O	[M + H3N + H]+	C18H30NO+	Terpenoids	0.919	Diterpenoids	0.426	Pinane monoterpenoids	0.071	Lipids and lipid-like molecules	0.807							Lipids and lipid-like molecules	0.807	Organic compounds; Lipids and lipid-like molecules; Ketones; Organooxygen compounds; Carbonyl compounds; Organic oxides; Hydrocarbon derivatives; Organic oxygen compounds; Chemical entities	276.233	35	0.587	839079743974249052	839079607294459922	839079607294459921	83	
1	C18H28O2	[M + H3N + H]+	C18H32NO2+	Fatty acids	0.995	Octadecanoids	0.548	Other Octadecanoids	0.628	Lipids and lipid-like molecules	0.960	Fatty Acyls	0.939	Lineolic acids and derivatives	0.725			Lineolic acids and derivatives	0.725	Organic compounds; Lipids and lipid-like molecules; Ketones; Fatty acids and conjugates; Organic acids and derivatives; Carboxylic acids and derivatives; Acryloyl compounds; Organooxygen compounds; Unsaturated fatty acids; Lineolic acids and derivatives; Monocarboxylic acids and derivatives; Carboxylic acids; Enones; Carbonyl compounds; Long-chain fatty acids; Alpha,beta-unsaturated carbonyl compounds; Alpha,beta-unsaturated ketones; Fatty Acyls; Organic oxides; Hydrocarbon derivatives; Organic oxygen compounds; Chemical entities	294.243	35	0.587	839079746826376144	839079607340597270	839079607340597269	84	
1	C18H28O2	[M + H]+	C18H29O2+	Fatty acids	0.998	Octadecanoids	0.542	Other Octadecanoids	0.705	Lipids and lipid-like molecules	0.971	Fatty Acyls	0.956	Lineolic acids and derivatives	0.770			Lineolic acids and derivatives	0.770	Organic compounds; Lipids and lipid-like molecules; Ketones; Fatty acids and conjugates; Organic acids and derivatives; Carboxylic acids and derivatives; Acryloyl compounds; Organooxygen compounds; Straight chain fatty acids; Unsaturated fatty acids; Lineolic acids and derivatives; Monocarboxylic acids and derivatives; Carboxylic acids; Enones; Carbonyl compounds; Long-chain fatty acids; Alpha,beta-unsaturated carbonyl compounds; Alpha,beta-unsaturated ketones; Fatty Acyls; Organic oxides; Hydrocarbon derivatives; Organic oxygen compounds; Chemical entities	277.217	35	0.590	839079770893294954	839079607432871966	839079607432871965	86	
3	C22H18FN5O4	[M + H3N + H]+	C22H22FN6O4+	Alkaloids	0.539	Anthranilic acid alkaloids	0.068	Pyrroloquinoline alkaloids	0.011	Organic oxygen compounds	1.000	Organooxygen compounds	0.999	Ethers	0.624	Alkyl aryl ethers	0.563	Alkyl aryl ethers	0.563	Organic compounds; Organoheterocyclic compounds; Halobenzenes; Alkyl aryl ethers; Ethers; Organic acids and derivatives; Carboxylic acids and derivatives; Organohalogen compounds; Organonitrogen compounds; Organooxygen compounds; Azoles; Carboxylic acid amides; Aryl fluorides; Carboxylic acid derivatives; Fluorobenzenes; Organofluorides; Secondary carboxylic acid amides; Carbonyl compounds; Benzene and substituted derivatives; Benzenoids; Aryl halides; Organic oxides; Azacyclic compounds; Oxacyclic compounds; Heteroaromatic compounds; Hydrocarbon derivatives; Organopnictogen compounds; Organic oxygen compounds; Organic nitrogen compounds; Chemical entities	453.168	36	0.593	839079749099689061	839079607479009314	839079607474815009	87	
1	C11H16O2	[M + H3N + H]+	C11H20NO2+	Fatty acids	0.994	Fatty Acids and Conjugates	0.790	Unsaturated fatty acids	0.887	Lipids and lipid-like molecules	0.464	Fatty Acyls	0.486	Fatty acids and conjugates	0.375	Unsaturated fatty acids	0.555	Unsaturated fatty acids	0.555	Organic compounds; Organic acids and derivatives; Carboxylic acids and derivatives; Organooxygen compounds; Unsaturated fatty acids; Monocarboxylic acids and derivatives; Carboxylic acids; Carbonyl compounds; Organic oxides; Hydrocarbon derivatives; Organic oxygen compounds; Chemical entities	198.149	36	0.593	839079752341886402	839079607520952358	839079607520952357	88	
1	C18H28O3	[M + H3N + H]+	C18H32NO3+	Fatty acids	0.996	Octadecanoids	0.600	Other Octadecanoids	0.619	Lipids and lipid-like molecules	0.966	Fatty Acyls	0.945	Fatty acids and conjugates	0.914	Long-chain fatty acids	0.879	Long-chain fatty acids	0.879	Organic compounds; Lipids and lipid-like molecules; Fatty acids and conjugates; Organic acids and derivatives; Carboxylic acids and derivatives; Organooxygen compounds; Unsaturated fatty acids; Monocarboxylic acids and derivatives; Carboxylic acids; Carbonyl compounds; Long-chain fatty acids; Fatty Acyls; Organic oxides; Hydrocarbon derivatives; Organic oxygen compounds; Chemical entities	310.238	36	0.598	839079747732345879	839079608049434710	839079608049434709	100	
1	C18H28O4	[M + H3N + H]+	C18H32NO4+	Fatty acids	0.973	Octadecanoids	0.671	Other Octadecanoids	0.441	Lipids and lipid-like molecules	0.913	Fatty Acyls	0.894	Fatty acids and conjugates	0.732	Long-chain fatty acids	0.642	Long-chain fatty acids	0.642	Organic compounds; Lipids and lipid-like molecules; Alcohols and polyols; Fatty acids and conjugates; Organic acids and derivatives; Carboxylic acids and derivatives; Organooxygen compounds; Unsaturated fatty acids; Monocarboxylic acids and derivatives; Carboxylic acids; Secondary alcohols; Carbonyl compounds; Long-chain fatty acids; Fatty Acyls; Organic oxides; Hydrocarbon derivatives; Organic oxygen compounds; Chemical entities	326.233	36	0.608	839079980797252044	839079606652731358	839079606652731357	70	
1	C25H32O6	[M + H3N + H]+	C25H36NO6+	Shikimates and Phenylpropanoids	0.497	Lignans	0.247	Dibenzylbutane lignans	0.042	Benzenoids	0.867	Benzene and substituted derivatives	0.633					Benzene and substituted derivatives	0.633	Organic compounds; Organoheterocyclic compounds; Ethers; Organic acids and derivatives; Organooxygen compounds; Carbonyl compounds; Benzene and substituted derivatives; Benzenoids; Organic oxides; Oxacyclic compounds; Hydrocarbon derivatives; Organic oxygen compounds; Chemical entities	446.254	37	0.613	839079762974448269	839079607562895402	839079607562895401	89	
1	C34H64O	[M + H3N + H]+	C34H68NO+	Terpenoids	0.908	Diterpenoids	0.177	Prenyl quinone meroterpenoids	0.310	Lipids and lipid-like molecules	0.898	Prenol lipids	0.700					Prenol lipids	0.700	Organic compounds; Lipids and lipid-like molecules; Prenol lipids; Organooxygen compounds; Hydrocarbon derivatives; Organic oxygen compounds; Chemical entities	506.531	37	0.614	839079757496686766	839079608213012582	839079608208818277	104	
1	C18H33NO3	[M + O + H]+	C18H34NO4+	Fatty acids	1.000	Fatty Acids and Conjugates	0.983	Nitro fatty acids	0.998	Lipids and lipid-like molecules	0.979	Fatty Acyls	0.979	Fatty acids and conjugates	0.975	Long-chain fatty acids	0.920	Long-chain fatty acids	0.920	Organic compounds; Lipids and lipid-like molecules; Fatty acids and conjugates; Organic acids and derivatives; Carboxylic acids and derivatives; Organonitrogen compounds; Organooxygen compounds; Straight chain fatty acids; Unsaturated fatty acids; Nitro fatty acids; Monocarboxylic acids and derivatives; Organic nitro compounds; Carboxylic acids; Organic oxoazanium compounds; Carbonyl compounds; Long-chain fatty acids; Organic 1,3-dipolar compounds; Allyl-type 1,3-dipolar organic compounds; Propargyl-type 1,3-dipolar organic compounds; Fatty Acyls; Organic oxides; C-nitro compounds; Hydrocarbon derivatives; Organopnictogen compounds; Organic oxygen compounds; Organic nitrogen compounds; Chemical entities	328.248	37	0.615	839079801062926132	839079607604838446	839079607604838445	90	
1	C24H28O3	[M + Na]+	C24H28NaO3+	Shikimates and Phenylpropanoids	0.807	Flavonoids	0.219	Chalcones	0.104	Benzenoids	0.993	Benzene and substituted derivatives	0.868	Benzoyl derivatives	0.502			Benzoyl derivatives	0.502	Organic compounds; Phenylpropanoids and polyketides; Organic acids and derivatives; Carboxylic acids and derivatives; Benzoyl derivatives; Organooxygen compounds; Carbonyl compounds; Benzene and substituted derivatives; Benzenoids; Organic oxides; Hydrocarbon derivatives; Organic oxygen compounds; Chemical entities	387.193	37	0.615	839079750513169648	839079607650975794	839079607650975793	91	
1	C10H14O2	[M + H3N + H]+	C10H18NO2+	Fatty acids	0.631	Monoterpenoids	0.422	Unsaturated fatty acids	0.378	Organic oxygen compounds	0.999	Organooxygen compounds	0.997	Carbonyl compounds	0.858			Carbonyl compounds	0.858	Organic compounds; Organooxygen compounds; Carbonyl compounds; Organic oxides; Hydrocarbon derivatives; Organic oxygen compounds; Chemical entities	184.133	37	0.616	839079753273022132	839079607692918838	839079607692918837	92	
1	C9H14O2	[M + H3N + H]+	C9H18NO2+	Fatty acids	0.865	Fatty Acids and Conjugates	0.438	Unsaturated fatty acids	0.423	Lipids and lipid-like molecules	0.594							Lipids and lipid-like molecules	0.594	Organic compounds; Lipids and lipid-like molecules; Organic acids and derivatives; Carboxylic acids and derivatives; Organooxygen compounds; Monocarboxylic acids and derivatives; Carboxylic acids; Carbonyl compounds; Organic oxides; Hydrocarbon derivatives; Organic oxygen compounds; Chemical entities	172.133	37	0.619	839079747132560362	839079607734861882	839079607734861881	93	
1	C16H24O2	[M + H3N + H]+	C16H28NO2+	Fatty acids	0.921	Fatty Acids and Conjugates	0.446	Unsaturated fatty acids	0.439	Lipids and lipid-like molecules	0.787	Fatty Acyls	0.571					Fatty Acyls	0.571	Organic compounds; Lipids and lipid-like molecules; Ketones; Organic acids and derivatives; Carboxylic acids and derivatives; Organooxygen compounds; Monocarboxylic acids and derivatives; Carboxylic acids; Carbonyl compounds; Fatty Acyls; Organic oxides; Hydrocarbon derivatives; Organic oxygen compounds; Chemical entities	266.212	37	0.621	839079755076572986	839079607789387838	839079607789387837	94	
1	C9H14O2	[M + H]+	C9H15O2+	Fatty acids	0.996	Fatty Acids and Conjugates	0.576	Unsaturated fatty acids	0.644	Organic oxygen compounds	0.999	Organooxygen compounds	0.998	Carbonyl compounds	0.966	Ketones	0.558	Ketones	0.558	Organic compounds; Ketones; Organic acids and derivatives; Carboxylic acids and derivatives; Organooxygen compounds; Monocarboxylic acids and derivatives; Carbonyl compounds; Organic oxides; Hydrocarbon derivatives; Organic oxygen compounds; Chemical entities	155.107	37	0.621	839079783040000409	839079607831330882	839079607831330881	95	
1	C18H26O3	[M + H3N + H]+	C18H30NO3+	Terpenoids	0.715	Octadecanoids	0.633	Phytane diterpenoids	0.727	Lipids and lipid-like molecules	0.878	Fatty Acyls	0.685	Eicosanoids	0.510	Prostaglandins and related compounds	0.707	Prostaglandins and related compounds	0.707	Organic compounds; Lipids and lipid-like molecules; Ketones; Fatty acids and conjugates; Organic acids and derivatives; Carboxylic acids and derivatives; Organooxygen compounds; Eicosanoids; Prostaglandins and related compounds; Monocarboxylic acids and derivatives; Carboxylic acids; Carbonyl compounds; Cyclic ketones; Fatty Acyls; Organic oxides; Hydrocarbon derivatives; Organic oxygen compounds; Chemical entities	308.222	38	0.632	839079757840619711	839079607877468230	839079607877468229	96	
1	C18H24O3	[M + H3N + H]+	C18H28NO3+	Terpenoids	0.734	Octadecanoids	0.153	Jasmonic acids	0.046	Organic oxygen compounds	1.000	Organooxygen compounds	1.000	Carbonyl compounds	0.985	Ketones	0.912	Cyclohexenones	0.520	Organic compounds; Lipids and lipid-like molecules; Ketones; Organic acids and derivatives; Carboxylic acids and derivatives; Organooxygen compounds; Monocarboxylic acids and derivatives; Carbonyl compounds; Cyclic ketones; Organic oxides; Hydrocarbon derivatives; Cyclohexenones; Organic oxygen compounds; Chemical entities	306.206	38	0.633	839079754615199482	839079607923605578	839079607919411273	97	
1	C18H31NO3	[M + O + H]+	C18H32NO4+	Fatty acids	0.997	Fatty amides	0.672	Nitro fatty acids	0.723	Lipids and lipid-like molecules	0.972	Fatty Acyls	0.970	Fatty acids and conjugates	0.937	Long-chain fatty acids	0.784	Long-chain fatty acids	0.784	Organic compounds; Lipids and lipid-like molecules; Fatty acids and conjugates; Organic acids and derivatives; Carboxylic acids and derivatives; Organonitrogen compounds; Organooxygen compounds; Fatty amides; Unsaturated fatty acids; Carboxylic acid amides; Amino fatty acids; Carboxylic acid derivatives; Monocarboxylic acids and derivatives; Carboxylic acids; Primary carboxylic acid amides; Carbonyl compounds; Long-chain fatty acids; Fatty Acyls; Organic oxides; Hydrocarbon derivatives; Organopnictogen compounds; Organic oxygen compounds; Organic nitrogen compounds; Chemical entities	326.233	38	0.638	839079744360125048	839079607965548622	839079607965548621	98	
1	C18H29NO3	[M + O + H]+	C18H30NO4+	Fatty acids	0.932	Fatty amides	0.421	Primary amides	0.498	Lipids and lipid-like molecules	0.843	Fatty Acyls	0.860	Fatty acids and conjugates	0.768	Amino fatty acids	0.648	Amino fatty acids	0.648	Organic compounds; Lipids and lipid-like molecules; Fatty acids and conjugates; Organic acids and derivatives; Carboxylic acids and derivatives; Organonitrogen compounds; Organooxygen compounds; Unsaturated fatty acids; Carboxylic acid amides; Amino fatty acids; Carboxylic acid derivatives; Monocarboxylic acids and derivatives; Carboxylic acids; Primary carboxylic acid amides; Carbonyl compounds; Fatty Acyls; Organic oxides; Hydrocarbon derivatives; Organopnictogen compounds; Organic oxygen compounds; Organic nitrogen compounds; Chemical entities	324.217	39	0.647	839079754011219650	839079608007491666	839079608007491665	99	
1	C18H35NO3	[M + O + H]+	C18H36NO4+	Fatty acids	1.000	Fatty Acids and Conjugates	0.911	Nitro fatty acids	0.986	Lipids and lipid-like molecules	0.919	Fatty Acyls	0.928	Fatty acids and conjugates	0.902	Long-chain fatty acids	0.832	Long-chain fatty acids	0.832	Organic compounds; Lipids and lipid-like molecules; Alcohols and polyols; Fatty acids and conjugates; Organic acids and derivatives; Carboxylic acids and derivatives; Organonitrogen compounds; Organooxygen compounds; Unsaturated fatty acids; Nitro fatty acids; Monocarboxylic acids and derivatives; Organic nitro compounds; Carboxylic acids; Organic oxoazanium compounds; Secondary alcohols; Carbonyl compounds; Long-chain fatty acids; Organic 1,3-dipolar compounds; Allyl-type 1,3-dipolar organic compounds; Propargyl-type 1,3-dipolar organic compounds; Fatty Acyls; Organic oxides; C-nitro compounds; Hydrocarbon derivatives; Organopnictogen compounds; Organic oxygen compounds; Organic nitrogen compounds; Chemical entities	330.264	39	0.657	839079770624859496	839079608091377754	839079608091377753	101	
4	C18H33NO4	[M + Na]+	C18H33NNaO4+	Fatty acids	0.982	Fatty Acids and Conjugates	0.540	Nitro fatty acids	0.708	Lipids and lipid-like molecules	0.944	Fatty Acyls	0.952	Fatty acids and conjugates	0.894	Amino fatty acids	0.653	Amino fatty acids	0.653	Organic compounds; Lipids and lipid-like molecules; Fatty acids and conjugates; Organic acids and derivatives; Carboxylic acids and derivatives; Organonitrogen compounds; Organooxygen compounds; Fatty amides; Carboxylic acid amides; Amino fatty acids; Carboxylic acid derivatives; Monocarboxylic acids and derivatives; Carboxylic acids; Secondary carboxylic acid amides; Carbonyl compounds; Fatty Acyls; Organic oxides; Hydrocarbon derivatives; Organopnictogen compounds; Organic oxygen compounds; Organic nitrogen compounds; Chemical entities	350.231	40	0.661	839079923846990443	839079608129126494	839079608129126493	102	
1	C18H30O5	[M + H3N + H]+	C18H34NO5+	Polyketides	0.809	Linear polyketides	0.616	Open-chain polyketides	0.524	Lipids and lipid-like molecules	0.814	Fatty Acyls	0.822	Fatty acids and conjugates	0.587			Fatty acids and conjugates	0.587	Organic compounds; Organoheterocyclic compounds; Lipids and lipid-like molecules; Alcohols and polyols; Fatty acids and conjugates; Organic acids and derivatives; Carboxylic acids and derivatives; Organooxygen compounds; Monocarboxylic acids and derivatives; Carboxylic acids; Secondary alcohols; Carbonyl compounds; Fatty Acyls; Organic oxides; Oxacyclic compounds; Hydrocarbon derivatives; Organic oxygen compounds; Chemical entities	344.243	40	0.664	839079762370468407	839079608171069538	839079608171069537	103	
1	C11H16O2	[M + H3N + H]+	C11H20NO2+	Fatty acids	0.708	Fatty Acids and Conjugates	0.325	Unsaturated fatty acids	0.495	Lipids and lipid-like molecules	0.759	Fatty Acyls	0.506					Fatty Acyls	0.506	Organic compounds; Lipids and lipid-like molecules; Organic acids and derivatives; Carboxylic acids and derivatives; Organooxygen compounds; Monocarboxylic acids and derivatives; Carboxylic acids; Carbonyl compounds; Fatty Acyls; Organic oxides; Hydrocarbon derivatives; Organic oxygen compounds; Chemical entities	198.149	40	0.673	839079943136595189	839079608716329110	839079608716329109	116	
1	C12H16O2	[M + H3N + H]+	C12H20NO2+	Terpenoids	0.638	Fatty Acids and Conjugates	0.287	Fatty aldehydes	0.139	Organoheterocyclic compounds	0.883	Furans	0.695					Furans	0.695	Organic compounds; Organoheterocyclic compounds; Furans; Organooxygen compounds; Carbonyl compounds; Organic oxides; Oxacyclic compounds; Heteroaromatic compounds; Hydrocarbon derivatives; Organic oxygen compounds; Chemical entities	210.149	41	0.680	839079759304431932	839079608250761322	839079608250761321	105	
1	C14H30O8	[M + H]+	C14H31O8+	Fatty acids	0.830	Fatty acyls	0.518	Fatty alcohols	0.438	Organic oxygen compounds	1.000	Organooxygen compounds	1.000	Ethers	0.992	Dialkyl ethers	0.993	Polyethylene glycols	0.992	Organic compounds; Alcohols and polyols; Ethers; Primary alcohols; Organooxygen compounds; Dialkyl ethers; Polyethylene glycols; Hydrocarbon derivatives; Organic oxygen compounds; Chemical entities	327.201	41	0.688	839079778698895266	839079608292704366	839079608292704365	106	
1	C9H12O3	[M + H3N + H]+	C9H16NO3+	Fatty acids	0.425	Macrolides	0.100	2-pyrone derivatives	0.193	Organic acids and derivatives	0.818	Carboxylic acids and derivatives	0.760	Monocarboxylic acids and derivatives	0.591			Monocarboxylic acids and derivatives	0.591	Organic compounds; Organic acids and derivatives; Carboxylic acids and derivatives; Organooxygen compounds; Monocarboxylic acids and derivatives; Carbonyl compounds; Organic oxides; Hydrocarbon derivatives; Organic oxygen compounds; Chemical entities	186.113	42	0.694	839079754862663443	839079608334647410	839079608334647409	107	
2	C14H19FN2O2	[M + H3N + H]+	C14H23FN3O2+	Amino acids and Peptides	0.866	Small peptides	0.919	Aminoacids	0.248	Organic acids and derivatives	0.942	Carboxylic acids and derivatives	0.932	Amino acids, peptides, and analogues	0.778	Amino acids and derivatives	0.778	Amino acids and derivatives	0.778	Organic compounds; Amino acids, peptides, and analogues; Halobenzenes; Organic acids and derivatives; Carboxylic acids and derivatives; Organohalogen compounds; Organonitrogen compounds; Organooxygen compounds; Amino acids and derivatives; Carboxylic acid amides; Aryl fluorides; Carboxylic acid derivatives; Fluorobenzenes; Organofluorides; Carbonyl compounds; Benzene and substituted derivatives; Benzenoids; Amines; Aryl halides; Organic oxides; Hydrocarbon derivatives; Organopnictogen compounds; Organic oxygen compounds; Organic nitrogen compounds; Chemical entities	284.178	42	0.702	839079755361785723	839079608468865150	839079608464670845	110	
1	C44H84NO8P	[M + H]+	C44H85NO8P+	Fatty acids	0.984	Glycerophospholipids	0.997	Glycerophosphoethanolamines	0.906	Lipids and lipid-like molecules	0.963	Glycerophospholipids	0.995	Glycerophosphoethanolamines	0.767	Phosphatidylethanolamines	0.611	Phosphatidylethanolamines	0.611	Organic compounds; Lipids and lipid-like molecules; Amino acids, peptides, and analogues; Glycerophospholipids; Organic acids and derivatives; Carboxylic acids and derivatives; Organonitrogen compounds; Organooxygen compounds; Fatty acid esters; Dicarboxylic acids and derivatives; Amino acids and derivatives; Organic phosphoric acids and derivatives; Phosphate esters; Carboxylic acid derivatives; Carboxylic acid esters; Phosphoethanolamines; Phosphatidylethanolamines; Carbonyl compounds; Glycerophosphoethanolamines; Trialkylamines; Amines; Tertiary amines; Alkyl phosphates; Dialkyl phosphates; Fatty Acyls; Organic oxides; Hydrocarbon derivatives; Organopnictogen compounds; Organic oxygen compounds; Organic nitrogen compounds; Chemical entities	786.601	42	0.702	839079773334380029	839079608376590454	839079608376590453	108	
1	C48H79NO5	[M + Na]+	C48H79NNaO5+	Fatty acids	1.000	Glycerolipids	0.957	Triacylglycerols	0.980	Lipids and lipid-like molecules	0.970	Glycerolipids	0.903	Triradylcglycerols	0.982	Triacylglycerols	0.924	Triacylglycerols	0.924	Organic compounds; Lipids and lipid-like molecules; Amino acids, peptides, and analogues; Glycerolipids; Organic acids and derivatives; Carboxylic acids and derivatives; Organonitrogen compounds; Organooxygen compounds; Fatty acid esters; Amino acids and derivatives; Carboxylic acid derivatives; Triacylglycerols; Carboxylic acid esters; Carbonyl compounds; Tricarboxylic acids and derivatives; Trialkylamines; Amines; Tertiary amines; Triradylcglycerols; Fatty Acyls; Organic oxides; Hydrocarbon derivatives; Organopnictogen compounds; Organic oxygen compounds; Organic nitrogen compounds; Chemical entities	772.586	42	0.703	839079760952793545	839079608422727802	839079608422727801	109	
1	C40H82NO8P	[M + Na]+	C40H82NNaO8P+	Fatty acids	0.991	Glycerophospholipids	0.994	Glycerophosphoethanolamines	0.992	Lipids and lipid-like molecules	0.978	Glycerophospholipids	0.995	Glycerophosphoethanolamines	0.979	Phosphatidylethanolamines	0.973	Dimethylphosphatidylethanolamines	0.741	Organic compounds; Lipids and lipid-like molecules; Amino acids, peptides, and analogues; Glycerophospholipids; Organic acids and derivatives; Carboxylic acids and derivatives; Organonitrogen compounds; Organooxygen compounds; Fatty acid esters; Dicarboxylic acids and derivatives; Amino acids and derivatives; Organic phosphoric acids and derivatives; Phosphate esters; Carboxylic acid derivatives; Carboxylic acid esters; Phosphoethanolamines; Phosphatidylethanolamines; Carbonyl compounds; Glycerophosphoethanolamines; Trialkylamines; Amines; Tertiary amines; Dimethylphosphatidylethanolamines; Alkyl phosphates; Dialkyl phosphates; Fatty Acyls; Organic oxides; Hydrocarbon derivatives; Organopnictogen compounds; Organic oxygen compounds; Organic nitrogen compounds; Chemical entities	758.570	43	0.710	839079763750394583	839079608510808194	839079608506613889	111	
1	C39H80NO8P	[M + Na]+	C39H80NNaO8P+	Fatty acids	0.993	Glycerophospholipids	0.995	Glycerophosphoethanolamines	0.994	Lipids and lipid-like molecules	0.979	Glycerophospholipids	0.996	Glycerophosphoethanolamines	0.983	Phosphatidylethanolamines	0.978	Dimethylphosphatidylethanolamines	0.729	Organic compounds; Lipids and lipid-like molecules; Amino acids, peptides, and analogues; Glycerophospholipids; Organic acids and derivatives; Carboxylic acids and derivatives; Organonitrogen compounds; Organooxygen compounds; Fatty acid esters; Dicarboxylic acids and derivatives; Amino acids and derivatives; Organic phosphoric acids and derivatives; Phosphate esters; Carboxylic acid derivatives; Carboxylic acid esters; Phosphoethanolamines; Phosphatidylethanolamines; Carbonyl compounds; Glycerophosphoethanolamines; Trialkylamines; Amines; Tertiary amines; Dimethylphosphatidylethanolamines; Alkyl phosphates; Dialkyl phosphates; Fatty Acyls; Organic oxides; Hydrocarbon derivatives; Organopnictogen compounds; Organic oxygen compounds; Organic nitrogen compounds; Chemical entities	744.554	43	0.712	839079774550728355	839079608552751238	839079608552751237	112	
3	C16H24N6O3	[M + H3N + H]+	C16H28N7O3+	Alkaloids	0.484	Pseudoalkaloids (transamidation)	0.158	Purine alkaloids	0.119	Organic nitrogen compounds	1.000	Organonitrogen compounds	1.000	Amines	0.962	Tertiary amines	0.663	Dialkylarylamines	0.746	Organic compounds; Organoheterocyclic compounds; Pyrimidines and pyrimidine derivatives; Organonitrogen compounds; Organooxygen compounds; Aminopyrimidines and derivatives; Diazines; Amines; Primary amines; Tertiary amines; Tertiary alkylarylamines; Imidolactams; Dialkylarylamines; Organic oxides; Azacyclic compounds; Heteroaromatic compounds; Hydrocarbon derivatives; Organopnictogen compounds; Organic oxygen compounds; Organic nitrogen compounds; Chemical entities	366.225	43	0.715	839079752421578194	839079608594694282	839079608594694281	113	
1	C11H18O3	[M + H3N + H]+	C11H22NO3+	Fatty acids	0.971	Octadecanoids	0.442	Oxo fatty acids	0.613	Lipids and lipid-like molecules	0.561	Fatty Acyls	0.535					Fatty Acyls	0.535	Organic compounds; Lipids and lipid-like molecules; Ketones; Organic acids and derivatives; Carboxylic acids and derivatives; Organooxygen compounds; Monocarboxylic acids and derivatives; Carboxylic acids; Carbonyl compounds; Fatty Acyls; Organic oxides; Hydrocarbon derivatives; Organic oxygen compounds; Chemical entities	216.160	43	0.724	839079974442881216	839079608636637326	839079608636637325	114	
1	C10H16O3	[M + H3N + H]+	C10H20NO3+	Fatty acids	0.966	Fatty Acids and Conjugates	0.485	Oxo fatty acids	0.473	Lipids and lipid-like molecules	0.601	Fatty Acyls	0.511					Fatty Acyls	0.511	Organic compounds; Lipids and lipid-like molecules; Ketones; Organic acids and derivatives; Carboxylic acids and derivatives; Organooxygen compounds; Monocarboxylic acids and derivatives; Carboxylic acids; Carbonyl compounds; Fatty Acyls; Organic oxides; Hydrocarbon derivatives; Organic oxygen compounds; Chemical entities	202.144	44	0.727	839079847296742682	839079608678580370	839079608678580369	115	
1	C25H32O6	[M + H3N + H]+	C25H36NO6+	Shikimates and Phenylpropanoids	0.511	Lignans	0.345	Dibenzylbutane lignans	0.042	Benzenoids	0.915	Phenol ethers	0.566					Phenol ethers	0.566	Organic compounds; Organoheterocyclic compounds; Alkyl aryl ethers; Ethers; Organooxygen compounds; Benzene and substituted derivatives; Phenol ethers; Benzenoids; Organic oxides; Oxacyclic compounds; Hydrocarbon derivatives; Organic oxygen compounds; Phenoxy compounds; Chemical entities	446.254	45	0.742	839079928372644624	839079608837963938	839079608837963937	119	
1	C19H38O2	[M + H3N + H]+	C19H42NO2+	Fatty acids	0.998	Fatty Acids and Conjugates	0.807	Unsaturated fatty acids	0.449	Lipids and lipid-like molecules	0.977	Fatty Acyls	0.962	Fatty acids and conjugates	0.883	Long-chain fatty acids	0.877	Long-chain fatty acids	0.877	Organic compounds; Lipids and lipid-like molecules; Alcohols and polyols; Fatty acids and conjugates; Organic acids and derivatives; Carboxylic acids and derivatives; Organooxygen compounds; Straight chain fatty acids; Unsaturated fatty acids; Monocarboxylic acids and derivatives; Carboxylic acids; Carbonyl compounds; Long-chain fatty acids; Fatty Acyls; Organic oxides; Hydrocarbon derivatives; Organic oxygen compounds; Chemical entities	316.321	45	0.743	839079749481370807	839079608758272154	839079608758272153	117	
2	C8H18O5	[M + H3N + H]+	C8H22NO5+	Fatty acids	0.998	Fatty acyls	0.995	Fatty alcohols	0.999	Lipids and lipid-like molecules	0.642	Fatty Acyls	0.690	Fatty alcohols	0.760			Fatty alcohols	0.760	Organic compounds; Lipids and lipid-like molecules; Alcohols and polyols; Primary alcohols; Organooxygen compounds; Fatty alcohols; Fatty Acyls; Hydrocarbon derivatives; Organic oxygen compounds; Chemical entities	212.149	45	0.748	839079752450938377	839079608796020894	839079608796020893	118	
1	C32H46O6	[M + H3N + H]+	C32H50NO6+	Terpenoids	0.606	Sesquiterpenoids	0.140	Dibenzylbutane lignans	0.023	Benzenoids	0.895	Benzene and substituted derivatives	0.763	Phenylpropanes	0.578			Phenylpropanes	0.578	Organic compounds; Organic acids and derivatives; Carboxylic acids and derivatives; Organooxygen compounds; Dicarboxylic acids and derivatives; Carboxylic acid derivatives; Carboxylic acid esters; Carbonyl compounds; Benzene and substituted derivatives; Benzenoids; Phenylpropanes; Organic oxides; Hydrocarbon derivatives; Organic oxygen compounds; Chemical entities	544.364	45	0.756	839079749493953727	839079608917655722	839079608917655721	121	
1	C18H29NO5	[M + H3N + H]+	C18H33N2O5+	Fatty acids	0.446	Macrolides	0.162	Open-chain polyketides	0.035	Organic acids and derivatives	0.998	Carboxylic acids and derivatives	0.993	Dicarboxylic acids and derivatives	0.506			Dicarboxylic acids and derivatives	0.506	Organic compounds; Organoheterocyclic compounds; Lactones; Organic acids and derivatives; Carboxylic acids and derivatives; Organonitrogen compounds; Organooxygen compounds; Dicarboxylic acids and derivatives; Carboxylic acid derivatives; Carboxylic acids; Carboxylic acid esters; Carbonyl compounds; Organic oxides; Oxacyclic compounds; Hydrocarbon derivatives; Organopnictogen compounds; Organic oxygen compounds; Organic nitrogen compounds; Chemical entities	357.238	45	0.756	839079994562958197	839079608879906982	839079608879906981	120	
1	C10H14O2	[M + H3N + H]+	C10H18NO2+	Fatty acids	0.466	Fatty Acids and Conjugates	0.156	Unsaturated fatty acids	0.323	Organic acids and derivatives	0.723	Carboxylic acids and derivatives	0.709	Monocarboxylic acids and derivatives	0.679			Monocarboxylic acids and derivatives	0.679	Organic compounds; Organic acids and derivatives; Carboxylic acids and derivatives; Organooxygen compounds; Monocarboxylic acids and derivatives; Carbonyl compounds; Organic oxides; Hydrocarbon derivatives; Organic oxygen compounds; Chemical entities	184.133	46	0.770	839079750924211499	839079608959598766	839079608959598765	122	
1	C8H14O2	[M + H3N + H]+	C8H18NO2+	Fatty acids	0.996	Fatty esters	0.763	Lactones	0.874	Organoheterocyclic compounds	0.366	Lactones	0.507					Lactones	0.507	Organic compounds; Lactones; Organic acids and derivatives; Carboxylic acids and derivatives; Organooxygen compounds; Monocarboxylic acids and derivatives; Carbonyl compounds; Organic oxides; Hydrocarbon derivatives; Organic oxygen compounds; Chemical entities	160.133	47	0.786	839079989068419817	839079608997347506	839079608997347505	123	
1	C16H24O3	[M + H3N + H]+	C16H28NO3+	Terpenoids	0.809	Sesquiterpenoids	0.679	Caryolane sesquiterpenoids	0.119	Lipids and lipid-like molecules	0.663							Lipids and lipid-like molecules	0.663	Organic compounds; Lipids and lipid-like molecules; Organic acids and derivatives; Carboxylic acids and derivatives; Organooxygen compounds; Carboxylic acid derivatives; Monocarboxylic acids and derivatives; Carboxylic acid esters; Carbonyl compounds; Organic oxides; Hydrocarbon derivatives; Organic oxygen compounds; Chemical entities	282.207	47	0.790	839079755529557913	839079609081233594	839079609081233593	125	
1	C7H10O3	[M + K]+	C7H10KO3+	Fatty acids	0.433	Cyclic polyketides	0.268	2-pyrone derivatives	0.489	Organic oxygen compounds	1.000	Organooxygen compounds	1.000	Ethers	0.508			Ethers	0.508	Organic compounds; Organoheterocyclic compounds; Ethers; Organooxygen compounds; Carbonyl compounds; Organic oxides; Oxacyclic compounds; Hydrocarbon derivatives; Organic oxygen compounds; Chemical entities	181.026	48	0.792	839079753218496129	839079609039290550	839079609039290549	124	
1	C12H18O4	[M + H3N + H]+	C12H22NO4+	Fatty acids	0.973	Fatty Acids and Conjugates	0.717	Dicarboxylic acids	0.557	Organic acids and derivatives	0.983	Carboxylic acids and derivatives	0.977	Dicarboxylic acids and derivatives	0.576			Dicarboxylic acids and derivatives	0.576	Organic compounds; Lipids and lipid-like molecules; Fatty acids and conjugates; Organic acids and derivatives; Carboxylic acids and derivatives; Organooxygen compounds; Dicarboxylic acids and derivatives; Carboxylic acids; Carbonyl compounds; Fatty Acyls; Organic oxides; Hydrocarbon derivatives; Organic oxygen compounds; Chemical entities	244.154	48	0.798	839079766631881733	839079609135759550	839079609135759549	126	
1	C18H26O4	[M + H3N + H]+	C18H30NO4+	Fatty acids	0.533	Octadecanoids	0.220	Erythromycins	0.078	Lipids and lipid-like molecules	0.786	Fatty Acyls	0.617					Fatty Acyls	0.617	Organic compounds; Lipids and lipid-like molecules; Ketones; Alcohols and polyols; Organic acids and derivatives; Carboxylic acids and derivatives; Organooxygen compounds; Monocarboxylic acids and derivatives; Secondary alcohols; Carbonyl compounds; Fatty Acyls; Organic oxides; Hydrocarbon derivatives; Organic oxygen compounds; Chemical entities	324.217	48	0.800	839079752568378942	839079609265782986	839079609265782985	129	
1	C6H14O4	[M + H3N + H]+	C6H18NO4+	Fatty acids	0.967	Fatty acyls	0.987	Fatty alcohols	0.994	Organic oxygen compounds	1.000	Organooxygen compounds	1.000	Carbohydrates and carbohydrate conjugates	0.100	Sugar alcohols	0.544	Sugar alcohols	0.544	Organic compounds; Alcohols and polyols; Ethers; Primary alcohols; Organooxygen compounds; Dialkyl ethers; Sugar alcohols; Hydrocarbon derivatives; Organic oxygen compounds; Chemical entities	168.123	49	0.819	839079742606905831	839079609307726030	839079609303531725	130	
3	C18H29NO8S	[M + H3N + H]+	C18H33N2O8S+	Fatty acids	0.515	Macrolides	0.525	Macrolide lactones	0.239	Lipids and lipid-like molecules	0.641	Fatty Acyls	0.639	Fatty acids and conjugates	0.639			Fatty acids and conjugates	0.639	Organic compounds; Organoheterocyclic compounds; Lipids and lipid-like molecules; Alcohols and polyols; Fatty acids and conjugates; Organic acids and derivatives; Carboxylic acids and derivatives; Organooxygen compounds; Organic sulfuric acids and derivatives; Monocarboxylic acids and derivatives; Sulfuric acid monoesters; Carboxylic acids; Secondary alcohols; Carbonyl compounds; Sulfuric acid esters; Alkyl sulfates; Fatty Acyls; Organic oxides; Oxacyclic compounds; Hydrocarbon derivatives; Organic oxygen compounds; Organic nitrogen compounds; Chemical entities	437.193	49	0.821	839079772143197627	839079609353863378	839079609353863377	131	
1	C8H14O2	[M - H2O + H]+	C8H13O+	Fatty acids	0.996	Fatty esters	0.904	Lactones	0.974	Organic acids and derivatives	0.925	Carboxylic acids and derivatives	0.916	Carboxylic acid derivatives	0.631	Carboxylic acid esters	0.660	Carboxylic acid esters	0.660	Organic compounds; Organoheterocyclic compounds; Lactones; Organic acids and derivatives; Carboxylic acids and derivatives; Organooxygen compounds; Carboxylic acid derivatives; Monocarboxylic acids and derivatives; Carboxylic acid esters; Carbonyl compounds; Organic oxides; Oxacyclic compounds; Hydrocarbon derivatives; Organic oxygen compounds; Chemical entities	125.096	50	0.831	839079742598517209	839079609395806422	839079609395806421	132	
1	C8H10	[M + H3N + H]+	C8H14N+	Fatty acids	0.732	Fatty acyls	0.732	Hydrocarbons	0.157	Hydrocarbons	0.990	Unsaturated hydrocarbons	0.940	Olefins	0.566			Olefins	0.566	Organic compounds; Hydrocarbons; Olefins; Unsaturated hydrocarbons; Unsaturated aliphatic hydrocarbons; Chemical entities	124.112	50	0.832	839079754413872846	839079609446138074	839079609446138073	133	
1	C9H12O2	[M + H3N + H]+	C9H16NO2+	Fatty acids	0.960	Fatty Acids and Conjugates	0.633	Unsaturated fatty acids	0.824	Organic acids and derivatives	0.667	Carboxylic acids and derivatives	0.675	Monocarboxylic acids and derivatives	0.779			Monocarboxylic acids and derivatives	0.779	Organic compounds; Organic acids and derivatives; Carboxylic acids and derivatives; Organooxygen compounds; Monocarboxylic acids and derivatives; Carbonyl compounds; Organic oxides; Hydrocarbon derivatives; Organic oxygen compounds; Chemical entities	170.118	50	0.832	839079759157631275	839079609492275422	839079609488081117	134	
1	C11H12O3	[M + H3N + H]+	C11H16NO3+	Terpenoids	0.528	Cyclic polyketides	0.304	Unsaturated fatty acids	0.173	Organic acids and derivatives	0.766	Carboxylic acids and derivatives	0.755	Monocarboxylic acids and derivatives	0.578			Monocarboxylic acids and derivatives	0.578	Organic compounds; Organoheterocyclic compounds; Organic acids and derivatives; Carboxylic acids and derivatives; Organooxygen compounds; Monocarboxylic acids and derivatives; Carbonyl compounds; Organic oxides; Oxacyclic compounds; Hydrocarbon derivatives; Organic oxygen compounds; Chemical entities	210.110	50	0.833	839079756808820773	839079609530024162	839079609530024161	135	
1	C18H32O5	[M + H3N + H]+	C18H36NO5+	Fatty acids	0.999	Octadecanoids	0.934	Other Octadecanoids	0.927	Lipids and lipid-like molecules	0.995	Fatty Acyls	0.992	Lineolic acids and derivatives	0.563			Lineolic acids and derivatives	0.563	Organic compounds; Lipids and lipid-like molecules; Alcohols and polyols; Fatty acids and conjugates; Organic acids and derivatives; Carboxylic acids and derivatives; Organooxygen compounds; Unsaturated fatty acids; Hydroxy fatty acids; Lineolic acids and derivatives; Monocarboxylic acids and derivatives; Carboxylic acids; Secondary alcohols; Carbonyl compounds; Polyols; Long-chain fatty acids; Fatty Acyls; Organic oxides; Hydrocarbon derivatives; Organic oxygen compounds; Chemical entities	346.259	51	0.850	839079756238395406	839079609609715946	839079609609715945	137	
1	C25H32O6	[M + H3N + H]+	C25H36NO6+	Terpenoids	0.447	Diterpenoids	0.213	Eremophilane sesquiterpenoids	0.129	Lipids and lipid-like molecules	0.645	Prenol lipids	0.520					Prenol lipids	0.520	Organic compounds; Lipids and lipid-like molecules; Ethers; Prenol lipids; Organic acids and derivatives; Carboxylic acids and derivatives; Organooxygen compounds; Carboxylic acid derivatives; Carboxylic acid esters; Carbonyl compounds; Organic oxides; Oxacyclic compounds; Hydrocarbon derivatives; Organic oxygen compounds; Chemical entities	446.254	52	0.872	839079988942590678	839079609647464686	839079609647464685	138	
2	C14H26N2O7	[M + Na]+	C14H26N2NaO7+	Fatty acids	0.394	Fatty amides	0.280	N-acyl amines	0.342	Organic acids and derivatives	0.982	Carboxylic acids and derivatives	0.968	Amino acids, peptides, and analogues	0.726	Amino acids and derivatives	0.719	Amino acids and derivatives	0.719	Organic compounds; Lipids and lipid-like molecules; Amino acids, peptides, and analogues; Alcohols and polyols; Glycerolipids; Organic acids and derivatives; Carboxylic acids and derivatives; Organonitrogen compounds; Primary alcohols; Organooxygen compounds; Fatty amides; Amino acids and derivatives; Carboxylic acid amides; Carboxylic acid derivatives; N-acyl amines; Secondary alcohols; Secondary carboxylic acid amides; Carbonyl compounds; Polyols; 1,2-diols; Monoradylglycerols; Fatty Acyls; Organic oxides; Hydrocarbon derivatives; Organopnictogen compounds; Organic oxygen compounds; Organic nitrogen compounds; Chemical entities	357.163	53	0.877	839079751624660375	839079609760710906	839079609760710905	141	
1	C14H19NO5	[M + H3N + H]+	C14H23N2O5+	Amino acids and Peptides	0.795	Amino acid glycosides	0.298	Cyanogenic glycosides	0.444	Organic acids and derivatives	0.821	Carboxylic acids and derivatives	0.749	Carboxylic acid derivatives	0.619	Carboxylic acid amides	0.652	Secondary carboxylic acid amides	0.577	Organic compounds; Organoheterocyclic compounds; Alcohols and polyols; Ethers; Organic acids and derivatives; Carboxylic acids and derivatives; Organonitrogen compounds; Organooxygen compounds; Carboxylic acid amides; Carboxylic acid derivatives; Acetals; Secondary alcohols; Secondary carboxylic acid amides; Carbonyl compounds; Polyols; Organic oxides; Oxacyclic compounds; Hydrocarbon derivatives; Organopnictogen compounds; Organic oxygen compounds; Organic nitrogen compounds; Chemical entities	299.160	53	0.878	839079762739567222	839079609685213426	839079609685213425	139	
1	C14H21NO6	[M + H3N + H]+	C14H25N2O6+	Amino acids and Peptides	0.545	Cyclic polyketides	0.162	Cyanogenic glycosides	0.105	Organic acids and derivatives	0.795	Carboxylic acids and derivatives	0.726	Carboxylic acid derivatives	0.664	Carboxylic acid amides	0.624	Secondary carboxylic acid amides	0.549	Organic compounds; Organoheterocyclic compounds; Alcohols and polyols; Ethers; Organic acids and derivatives; Carboxylic acids and derivatives; Organonitrogen compounds; Organooxygen compounds; Carboxylic acid amides; Carboxylic acid derivatives; Secondary alcohols; Secondary carboxylic acid amides; Carbonyl compounds; Polyols; Organic oxides; Oxacyclic compounds; Hydrocarbon derivatives; Organopnictogen compounds; Organic oxygen compounds; Organic nitrogen compounds; Chemical entities	317.171	53	0.884	839079761527413252	839079609722962166	839079609722962165	140	
1	C14H20O3	[M + H3N + H]+	C14H24NO3+	Fatty acids	0.733	Octadecanoids	0.536	Jasmonic acids	0.173	Lipids and lipid-like molecules	0.813	Fatty Acyls	0.629	Fatty acids and conjugates	0.626			Fatty acids and conjugates	0.626	Organic compounds; Lipids and lipid-like molecules; Ketones; Fatty acids and conjugates; Organic acids and derivatives; Carboxylic acids and derivatives; Organooxygen compounds; Monocarboxylic acids and derivatives; Carboxylic acids; Carbonyl compounds; Cyclic ketones; Fatty Acyls; Organic oxides; Hydrocarbon derivatives; Organic oxygen compounds; Chemical entities	254.175	53	0.887	839079754468398823	839079609802653950	839079609798459645	142	
1	C9H12O2	[M - H2O + H]+	C9H11O+	Terpenoids	0.735	Monoterpenoids	0.723	Irregular monoterpenoids	0.420	Organic oxygen compounds	0.999	Organooxygen compounds	0.998	Carbonyl compounds	0.662			Carbonyl compounds	0.662	Organic compounds; Organooxygen compounds; Carbonyl compounds; Organic oxides; Hydrocarbon derivatives; Organic oxygen compounds; Chemical entities	135.080	53	0.890	839079845879067748	839079609567772902	839079609567772901	136	
1	C9H12O2	[M - H2O + H]+	C9H11O+	Terpenoids	0.735	Monoterpenoids	0.775	Irregular monoterpenoids	0.404	Organic oxygen compounds	0.999	Organooxygen compounds	0.997	Carbonyl compounds	0.625			Carbonyl compounds	0.625	Organic compounds; Organooxygen compounds; Carbonyl compounds; Organic oxides; Hydrocarbon derivatives; Organic oxygen compounds; Chemical entities	135.080	54	0.901	839079990960051012	839079610578600250	839079610574405945	157	
1	C12H16O4	[M + H3N + H]+	C12H20NO4+	Polyketides	0.880	Macrolides	0.888	Macrolide lactones	0.972	Organic acids and derivatives	0.924	Carboxylic acids and derivatives	0.894	Carboxylic acid derivatives	0.557	Carboxylic acid esters	0.587	Enoate esters	0.511	Organic compounds; Organoheterocyclic compounds; Lactones; Alcohols and polyols; Organic acids and derivatives; Carboxylic acids and derivatives; Organooxygen compounds; Carboxylic acid derivatives; Monocarboxylic acids and derivatives; Carboxylic acid esters; Secondary alcohols; Carbonyl compounds; Enoate esters; Alpha,beta-unsaturated carboxylic esters; Organic oxides; Oxacyclic compounds; Hydrocarbon derivatives; Organic oxygen compounds; Chemical entities	242.139	54	0.903	839079947762912660	839079610008174862	839079610008174861	146	
1	C14H23NO7	[M + H3N + H]+	C14H27N2O7+	Amino acids and Peptides	0.992	Amino acid glycosides	0.998	Cyanogenic glycosides	0.998	Organic oxygen compounds	1.000	Organooxygen compounds	1.000	Carbohydrates and carbohydrate conjugates	0.995	Monosaccharides	0.955	Hexoses	0.890	Organic compounds; Organoheterocyclic compounds; Carbohydrates and carbohydrate conjugates; Alcohols and polyols; Ethers; Organonitrogen compounds; Primary alcohols; Organooxygen compounds; Nitriles; Hexoses; Monosaccharides; Acetals; Secondary alcohols; Oxanes; Glycosyl compounds; O-glycosyl compounds; Polyols; Oxacyclic compounds; Hydrocarbon derivatives; Organic cyanides; Organopnictogen compounds; Organic oxygen compounds; Organic nitrogen compounds; Chemical entities	335.181	54	0.903	839080023407187244	839079610113032470	839079610113032469	148	
1	C8H12O3	[M + H3N + H]+	C8H16NO3+	Fatty acids	0.972	Fatty esters	0.498	Lactones	0.774	Organoheterocyclic compounds	0.435	Lactones	0.579					Lactones	0.579	Organic compounds; Lactones; Organic acids and derivatives; Carboxylic acids and derivatives; Organooxygen compounds; Carboxylic acid derivatives; Monocarboxylic acids and derivatives; Carbonyl compounds; Organic oxides; Hydrocarbon derivatives; Organic oxygen compounds; Chemical entities	174.113	54	0.904	839079875893509865	839079609945260298	839079609945260297	145	
1	C8H10O2	[M + H3N + H]+	C8H14NO2+	Fatty acids	0.773	Apocarotenoids	0.410	Fatty aldehydes	0.609	Organic oxygen compounds	0.998	Organooxygen compounds	0.997	Carbonyl compounds	0.936	Ketones	0.618	Ketones	0.618	Organic compounds; Ketones; Organooxygen compounds; Carbonyl compounds; Organic oxides; Hydrocarbon derivatives; Organic oxygen compounds; Chemical entities	156.102	54	0.904	839079752841008754	839079609840402690	839079609840402689	143	
3	C46H82NO8P	[M + H]+	C46H83NO8P+	Fatty acids	1.000	Glycerophospholipids	1.000	Glycerophosphoethanolamines	0.750	Lipids and lipid-like molecules	0.996	Glycerophospholipids	1.000	Glycerophosphoethanolamines	0.589	Phosphatidylethanolamines	0.870	Phosphatidylethanolamines	0.870	Organic compounds; Lipids and lipid-like molecules; Glycerophospholipids; Organic acids and derivatives; Carboxylic acids and derivatives; Organonitrogen compounds; Organooxygen compounds; Fatty acid esters; Dicarboxylic acids and derivatives; Organic phosphoric acids and derivatives; Phosphate esters; Carboxylic acid derivatives; Carboxylic acid esters; Phosphoethanolamines; Phosphatidylethanolamines; Carbonyl compounds; Glycerophosphoethanolamines; Amines; Alkyl phosphates; Dialkyl phosphates; Fatty Acyls; Organic oxides; Hydrocarbon derivatives; Organopnictogen compounds; Organic oxygen compounds; Organic nitrogen compounds; Chemical entities	808.583	55	0.910	839079774508785295	839079610188529950	839079610188529949	150	
2	C8H10O2	[M + H]+	C8H11O2+	Fatty acids	0.796	Cyclic polyketides	0.286	Fatty aldehydes	0.382	Organic oxygen compounds	0.999	Organooxygen compounds	0.999	Carbonyl compounds	0.909	Ketones	0.512	Ketones	0.512	Organic compounds; Ketones; Organooxygen compounds; Carbonyl compounds; Organic oxides; Hydrocarbon derivatives; Organic oxygen compounds; Chemical entities	139.075	55	0.912	839079745400312529	839079609882345734	839079609882345733	144	
1	C8H15NO3	[M + Na]+	C8H15NNaO3+	Amino acids and Peptides	0.873	Small peptides	0.837	Aminoacids	0.887	Organic acids and derivatives	0.982	Carboxylic acids and derivatives	0.980	Amino acids, peptides, and analogues	0.549	Amino acids and derivatives	0.548	Amino acids	0.625	Organic compounds; Lipids and lipid-like molecules; Amino acids, peptides, and analogues; Fatty acids and conjugates; Organic acids and derivatives; Carboxylic acids and derivatives; Organonitrogen compounds; Organooxygen compounds; Amino acids and derivatives; Monoalkylamines; Amino fatty acids; Monocarboxylic acids and derivatives; Carboxylic acids; Carbonyl compounds; Amines; Primary amines; Fatty Acyls; Organic oxides; Hydrocarbon derivatives; Amino acids; Organopnictogen compounds; Organic oxygen compounds; Organic nitrogen compounds; Chemical entities	196.094	55	0.918	839079746167870234	839079610071089426	839079610071089425	147	
1	C46H88NO8P	[M + H]+	C46H89NO8P+	Fatty acids	1.000	Glycerophospholipids	1.000	Glycerophosphocholines	0.999	Lipids and lipid-like molecules	0.991	Glycerophospholipids	0.999	Glycerophosphocholines	0.997	Phosphatidylcholines	0.992	Phosphatidylcholines	0.992	Organic compounds; Lipids and lipid-like molecules; Glycerophospholipids; Organic acids and derivatives; Carboxylic acids and derivatives; Organonitrogen compounds; Organooxygen compounds; Fatty acid esters; Dicarboxylic acids and derivatives; Organic phosphoric acids and derivatives; Phosphate esters; Quaternary ammonium salts; Cholines; Carboxylic acid derivatives; Carboxylic acid esters; Phosphocholines; Phosphatidylcholines; Carbonyl compounds; Glycerophosphocholines; Amines; Alkyl phosphates; Dialkyl phosphates; Organic cations; Organic salts; Fatty Acyls; Organic oxides; Hydrocarbon derivatives; Tetraalkylammonium salts; Organopnictogen compounds; Organic oxygen compounds; Organic nitrogen compounds; Chemical entities	814.632	55	0.922	839079740555891086	839079610230472994	839079610230472993	151	
2	C12H17NO8	[M + H3N + H]+	C12H21N2O8+	Amino acids and Peptides	0.596	Aminosugars and aminoglycosides	0.248	Cyanogenic glycosides	0.237	Organic oxygen compounds	1.000	Organooxygen compounds	0.998	Carbohydrates and carbohydrate conjugates	0.523			Carbohydrates and carbohydrate conjugates	0.523	Organic compounds; Carbohydrates and carbohydrate conjugates; Lipids and lipid-like molecules; Alcohols and polyols; Ethers; Organic acids and derivatives; Carboxylic acids and derivatives; Organonitrogen compounds; Organooxygen compounds; Carboxylic acid derivatives; Secondary alcohols; Carbonyl compounds; Polyols; Fatty Acyls; Organic oxides; Hydrocarbon derivatives; Organopnictogen compounds; Organic oxygen compounds; Organic nitrogen compounds; Chemical entities	321.131	55	0.924	839079968650547248	839079610268221734	839079610268221733	152	
1	C11H15N5O4	[M + H3N + H]+	C11H19N6O4+	Carbohydrates	0.987	Nucleosides	0.988	Purine nucleosides	0.744	Organic oxygen compounds	1.000	Organooxygen compounds	0.999	Carbohydrates and carbohydrate conjugates	0.653	Monosaccharides	0.506	Monosaccharides	0.506	Organic compounds; Organoheterocyclic compounds; Carbohydrates and carbohydrate conjugates; Imidazoles; Alcohols and polyols; Organonitrogen compounds; Primary alcohols; Nucleosides, nucleotides, and analogues; Organooxygen compounds; Monosaccharides; Secondary alcohols; Substituted imidazoles; N-substituted imidazoles; Amines; Primary amines; Azacyclic compounds; Oxacyclic compounds; Heteroaromatic compounds; Hydrocarbon derivatives; Organopnictogen compounds; Organic oxygen compounds; Organic nitrogen compounds; Chemical entities	299.149	56	0.928	839079768758394101	839079610310164778	839079610305970473	153	
2	C6H14O6	[M - H2O + H]+	C6H13O5+	Fatty acids	0.975	Fatty acyls	0.989	Fatty alcohols	0.995	Organic oxygen compounds	1.000	Organooxygen compounds	0.999	Carbohydrates and carbohydrate conjugates	0.908	Monosaccharides	0.886	Monosaccharides	0.886	Organic compounds; Carbohydrates and carbohydrate conjugates; Alcohols and polyols; Primary alcohols; Organooxygen compounds; Monosaccharides; Secondary alcohols; Sugar alcohols; Polyols; Hydrocarbon derivatives; Organic oxygen compounds; Chemical entities	165.076	56	0.931	839079767848230016	839079610368885038	839079610368885037	154	
1	C45H86NO8P	[M + H]+	C45H87NO8P+	Fatty acids	1.000	Glycerophospholipids	1.000	Glycerophosphocholines	0.999	Lipids and lipid-like molecules	0.990	Glycerophospholipids	0.999	Glycerophosphocholines	0.997	Phosphatidylcholines	0.991	Phosphatidylcholines	0.991	Organic compounds; Lipids and lipid-like molecules; Glycerophospholipids; Organic acids and derivatives; Carboxylic acids and derivatives; Organonitrogen compounds; Organooxygen compounds; Fatty acid esters; Dicarboxylic acids and derivatives; Organic phosphoric acids and derivatives; Phosphate esters; Quaternary ammonium salts; Cholines; Carboxylic acid derivatives; Carboxylic acid esters; Phosphocholines; Phosphatidylcholines; Carbonyl compounds; Glycerophosphocholines; Amines; Alkyl phosphates; Dialkyl phosphates; Organic cations; Organic salts; Fatty Acyls; Organic oxides; Hydrocarbon derivatives; Tetraalkylammonium salts; Organopnictogen compounds; Organic oxygen compounds; Organic nitrogen compounds; Chemical entities	800.616	56	0.932	839079759119882537	839079610649903422	839079610645709117	158	
1	C44H84NO8P	[M + H]+	C44H85NO8P+	Fatty acids	1.000	Glycerophospholipids	1.000	Glycerophosphocholines	0.999	Lipids and lipid-like molecules	0.991	Glycerophospholipids	0.999	Glycerophosphocholines	0.997	Phosphatidylcholines	0.992	Phosphatidylcholines	0.992	Organic compounds; Lipids and lipid-like molecules; Glycerophospholipids; Organic acids and derivatives; Carboxylic acids and derivatives; Organonitrogen compounds; Organooxygen compounds; Fatty acid esters; Dicarboxylic acids and derivatives; Organic phosphoric acids and derivatives; Phosphate esters; Quaternary ammonium salts; Cholines; Carboxylic acid derivatives; Carboxylic acid esters; Phosphocholines; Phosphatidylcholines; Carbonyl compounds; Glycerophosphocholines; Amines; Alkyl phosphates; Dialkyl phosphates; Organic cations; Organic salts; Fatty Acyls; Organic oxides; Hydrocarbon derivatives; Tetraalkylammonium salts; Organopnictogen compounds; Organic oxygen compounds; Organic nitrogen compounds; Chemical entities	786.602	56	0.935	839079981363483109	839079610868007242	839079610868007241	161	
3	C7H15NO2	[M + K]+	C7H15KNO2+	Amino acids and Peptides	0.783	Small peptides	0.824	Aminoacids	0.838	Organic acids and derivatives	0.932	Carboxylic acids and derivatives	0.946	Amino acids, peptides, and analogues	0.593	Amino acids and derivatives	0.594	Amino acids	0.633	Organic compounds; Lipids and lipid-like molecules; Amino acids, peptides, and analogues; Fatty acids and conjugates; Organic acids and derivatives; Carboxylic acids and derivatives; Organonitrogen compounds; Organooxygen compounds; Amino acids and derivatives; Monocarboxylic acids and derivatives; Carboxylic acids; Carbonyl compounds; Amines; Fatty Acyls; Organic oxides; Hydrocarbon derivatives; Amino acids; Organopnictogen compounds; Organic oxygen compounds; Organic nitrogen compounds; Chemical entities	184.073	56	0.937	839079953358114366	839079610930921806	839079610930921805	162	
1	C18H29NO4	[M + H3N + H]+	C18H33N2O4+	Fatty acids	0.690	Fatty Acids and Conjugates	0.182	Piperidine alkaloids	0.169	Lipids and lipid-like molecules	0.772	Fatty Acyls	0.738	Fatty acids and conjugates	0.723	Medium-chain fatty acids	0.539	Medium-chain fatty acids	0.539	Organic compounds; Organoheterocyclic compounds; Lipids and lipid-like molecules; Fatty acids and conjugates; Organic acids and derivatives; Carboxylic acids and derivatives; Organonitrogen compounds; Organooxygen compounds; Carboxylic acid amides; Amino fatty acids; Carboxylic acid derivatives; Monocarboxylic acids and derivatives; Carboxylic acids; Carbonyl compounds; Medium-chain fatty acids; Fatty Acyls; Organic oxides; Hydrocarbon derivatives; Organopnictogen compounds; Organic oxygen compounds; Organic nitrogen compounds; Chemical entities	341.243	56	0.939	839079976988823861	839079611333575014	839079611333575013	168	
1	C42H80NO8P	[M + H]+	C42H81NO8P+	Fatty acids	0.988	Glycerophospholipids	0.998	Glycerophosphoethanolamines	0.831	Lipids and lipid-like molecules	0.957	Glycerophospholipids	0.995	Glycerophosphocholines	0.630	Phosphatidylcholines	0.569	Phosphatidylcholines	0.569	Organic compounds; Lipids and lipid-like molecules; Amino acids, peptides, and analogues; Glycerophospholipids; Organic acids and derivatives; Carboxylic acids and derivatives; Organonitrogen compounds; Organooxygen compounds; Fatty acid esters; Dicarboxylic acids and derivatives; Amino acids and derivatives; Organic phosphoric acids and derivatives; Phosphate esters; Carboxylic acid derivatives; Carboxylic acid esters; Phosphocholines; Phosphoethanolamines; Phosphatidylcholines; Carbonyl compounds; Glycerophosphocholines; Glycerophosphoethanolamines; Amines; Alkyl phosphates; Dialkyl phosphates; Fatty Acyls; Organic oxides; Hydrocarbon derivatives; Organopnictogen compounds; Organic oxygen compounds; Organic nitrogen compounds; Chemical entities	758.571	56	0.941	839079766157925288	839079611400683882	839079611396489577	169	
1	C43H82NO8P	[M + H]+	C43H83NO8P+	Fatty acids	0.991	Glycerophospholipids	0.999	Glycerophosphocholines	0.965	Lipids and lipid-like molecules	0.964	Glycerophospholipids	0.995	Glycerophosphocholines	0.965	Phosphatidylcholines	0.924	Phosphatidylcholines	0.924	Organic compounds; Lipids and lipid-like molecules; Glycerophospholipids; Organic acids and derivatives; Carboxylic acids and derivatives; Organonitrogen compounds; Organooxygen compounds; Fatty acid esters; Dicarboxylic acids and derivatives; Organic phosphoric acids and derivatives; Phosphate esters; Quaternary ammonium salts; Cholines; Carboxylic acid derivatives; Carboxylic acid esters; Phosphocholines; Phosphatidylcholines; Carbonyl compounds; Glycerophosphocholines; Amines; Alkyl phosphates; Dialkyl phosphates; Organic cations; Organic salts; Fatty Acyls; Organic oxides; Hydrocarbon derivatives; Tetraalkylammonium salts; Organopnictogen compounds; Organic oxygen compounds; Organic nitrogen compounds; Chemical entities	772.586	57	0.942	839079876711399229	839079611467792750	839079611463598445	170	
2	C78H148N16O14	[M - H2O + H]+	C78H147N16O13+	Amino acids and Peptides	0.952	Oligopeptides	0.999	Lipopeptides	0.992	Organic acids and derivatives	0.998	Peptidomimetics	0.756	Depsipeptides	0.681	Cyclic depsipeptides	0.722	Cyclic depsipeptides	0.722	Organic compounds; Organoheterocyclic compounds; Lipids and lipid-like molecules; Amino acids, peptides, and analogues; Lactones; Alpha amino acids and derivatives; Macrolactams; Alcohols and polyols; Lactams; Phenylpropanoids and polyketides; Organic acids and derivatives; Carboxylic acids and derivatives; Organonitrogen compounds; Primary alcohols; Organooxygen compounds; Fatty amides; Amino acids and derivatives; Carboxylic acid amides; Carboxylic acid derivatives; N-acyl amines; Secondary alcohols; Secondary carboxylic acid amides; Peptidomimetics; Carbonyl compounds; Macrolide lactams; Depsipeptides; Cyclic depsipeptides; Fatty Acyls; Organic oxides; Azacyclic compounds; Oxacyclic compounds; Hydrocarbon derivatives; Organopnictogen compounds; Organic oxygen compounds; Organic nitrogen compounds; Chemical entities	1516.132	57	0.943	839079972454781073	839079611551678834	839079611551678833	171	
1	C42H82NO8P	[M + H]+	C42H83NO8P+	Fatty acids	1.000	Glycerophospholipids	1.000	Glycerophosphocholines	0.998	Lipids and lipid-like molecules	0.987	Glycerophospholipids	0.999	Glycerophosphocholines	0.994	Phosphatidylcholines	0.982	Phosphatidylcholines	0.982	Organic compounds; Lipids and lipid-like molecules; Glycerophospholipids; Organic acids and derivatives; Carboxylic acids and derivatives; Organonitrogen compounds; Organooxygen compounds; Fatty acid esters; Dicarboxylic acids and derivatives; Organic phosphoric acids and derivatives; Phosphate esters; Quaternary ammonium salts; Cholines; Carboxylic acid derivatives; Carboxylic acid esters; Phosphocholines; Phosphatidylcholines; Carbonyl compounds; Glycerophosphocholines; Amines; Alkyl phosphates; Dialkyl phosphates; Organic cations; Organic salts; Fatty Acyls; Organic oxides; Hydrocarbon derivatives; Tetraalkylammonium salts; Organopnictogen compounds; Organic oxygen compounds; Organic nitrogen compounds; Chemical entities	760.584	57	0.946	839079764761221940	839079611681702270	839079611681702269	174	
1	C41H78NO8P	[M + H]+	C41H79NO8P+	Fatty acids	0.996	Glycerophospholipids	0.998	Glycerophosphoethanolamines	0.997	Lipids and lipid-like molecules	0.980	Glycerophospholipids	0.997	Glycerophosphoethanolamines	0.988	Phosphatidylethanolamines	0.976	Phosphatidylethanolamines	0.976	Organic compounds; Lipids and lipid-like molecules; Amino acids, peptides, and analogues; Glycerophospholipids; Organic acids and derivatives; Carboxylic acids and derivatives; Organonitrogen compounds; Organooxygen compounds; Fatty acid esters; Dicarboxylic acids and derivatives; Amino acids and derivatives; Organic phosphoric acids and derivatives; Phosphate esters; Carboxylic acid derivatives; Carboxylic acid esters; Phosphoethanolamines; Phosphatidylethanolamines; Carbonyl compounds; Glycerophosphoethanolamines; Trialkylamines; Amines; Tertiary amines; Alkyl phosphates; Dialkyl phosphates; Fatty Acyls; Organic oxides; Hydrocarbon derivatives; Organopnictogen compounds; Organic oxygen compounds; Organic nitrogen compounds; Chemical entities	744.554	57	0.948	839079891693454597	839079611727839618	839079611723645313	175	
1	C9H12O2	[M + H3N + H]+	C9H16NO2+	Terpenoids	0.698	Monoterpenoids	0.522	Jasmonic acids	0.387	Organic acids and derivatives	0.415	Carboxylic acids and derivatives	0.460	Monocarboxylic acids and derivatives	0.535			Monocarboxylic acids and derivatives	0.535	Organic compounds; Organooxygen compounds; Monocarboxylic acids and derivatives; Carbonyl compounds; Organic oxides; Hydrocarbon derivatives; Organic oxygen compounds; Chemical entities	170.118	57	0.949	839079766740933684	839079612336013758	839079612336013757	190	
1	C40H76NO8P	[M + H]+	C40H77NO8P+	Fatty acids	0.993	Glycerophospholipids	0.999	Glycerophosphocholines	0.964	Lipids and lipid-like molecules	0.963	Glycerophospholipids	0.995	Glycerophosphocholines	0.970	Phosphatidylcholines	0.927	Phosphatidylcholines	0.927	Organic compounds; Lipids and lipid-like molecules; Glycerophospholipids; Organic acids and derivatives; Carboxylic acids and derivatives; Organonitrogen compounds; Organooxygen compounds; Fatty acid esters; Dicarboxylic acids and derivatives; Organic phosphoric acids and derivatives; Phosphate esters; Quaternary ammonium salts; Cholines; Carboxylic acid derivatives; Carboxylic acid esters; Phosphocholines; Phosphatidylcholines; Carbonyl compounds; Glycerophosphocholines; Amines; Alkyl phosphates; Dialkyl phosphates; Organic cations; Organic salts; Fatty Acyls; Organic oxides; Hydrocarbon derivatives; Tetraalkylammonium salts; Organopnictogen compounds; Organic oxygen compounds; Organic nitrogen compounds; Chemical entities	730.539	57	0.951	839079752400606672	839079611769782662	839079611769782661	176	
1	C6H3NO	[M + H3N + H]+	C6H7N2O+	Alkaloids	0.899	Nicotinic acid alkaloids	0.884	Pyridine alkaloids	0.884	Organoheterocyclic compounds	0.522	Heteroaromatic compounds	0.620					Heteroaromatic compounds	0.620	Organic compounds; Organoheterocyclic compounds; Organonitrogen compounds; Organooxygen compounds; Azacyclic compounds; Heteroaromatic compounds; Hydrocarbon derivatives; Organopnictogen compounds; Organic oxygen compounds; Organic nitrogen compounds; Chemical entities	123.055	57	0.952	839079989462684408	839079611811725706	839079611811725705	177	
3	C45H81O9P	[M + H3N + H]+	C45H85NO9P+	Fatty acids	1.000	Glycerophospholipids	1.000	Glycerophosphates	1.000	Lipids and lipid-like molecules	0.993	Glycerophospholipids	0.998	Glycerophosphates	0.969	Diacylglycerophosphates	0.976	1,2-diacylglycerol-3-phosphates	0.981	Organic compounds; Lipids and lipid-like molecules; Glycerophospholipids; Organic acids and derivatives; Carboxylic acids and derivatives; Organooxygen compounds; Fatty acid esters; Dicarboxylic acids and derivatives; Organic phosphoric acids and derivatives; Phosphate esters; Carboxylic acid derivatives; Carboxylic acid esters; 1,2-diacylglycerol-3-phosphates; Diacylglycerophosphates; Carbonyl compounds; Glycerophosphates; Alkyl phosphates; Monoalkyl phosphates; Fatty Acyls; Organic oxides; Hydrocarbon derivatives; Organic oxygen compounds; Chemical entities	814.595	57	0.952	839080004251800609	839079611899806098	839079611895611793	179	
1	C44H84NO10P	[M - H2O + H]+	C44H83NO9P+	Fatty acids	1.000	Glycerophospholipids	1.000	Glycerophosphocholines	0.997	Lipids and lipid-like molecules	0.994	Glycerophospholipids	1.000	Glycerophosphocholines	0.999	Phosphatidylcholines	0.997	Phosphatidylcholines	0.997	Organic compounds; Lipids and lipid-like molecules; Glycerophospholipids; Organic acids and derivatives; Carboxylic acids and derivatives; Organonitrogen compounds; Organooxygen compounds; Fatty acid esters; Dicarboxylic acids and derivatives; Organic phosphoric acids and derivatives; Phosphate esters; Quaternary ammonium salts; Cholines; Carboxylic acid derivatives; Carboxylic acid esters; Phosphocholines; Phosphatidylcholines; Carbonyl compounds; Glycerophosphocholines; Amines; Alkyl phosphates; Dialkyl phosphates; Organic cations; Organic salts; Fatty Acyls; Organic oxides; Hydrocarbon derivatives; Tetraalkylammonium salts; Organopnictogen compounds; Organic oxygen compounds; Organic nitrogen compounds; Chemical entities	800.580	57	0.953	839079988695126716	839079611941749142	839079611941749141	180	
1	C45H74N4O5	[M + Na]+	C45H74N4NaO5+	Fatty acids	0.999	Spingolipids	0.993	Ceramides	0.102	Lipids and lipid-like molecules	0.963	Sphingolipids	0.891	Ceramides	0.776			Ceramides	0.776	Organic compounds; Lipids and lipid-like molecules; Alcohols and polyols; Sphingolipids; Organic acids and derivatives; Carboxylic acids and derivatives; Organonitrogen compounds; Organooxygen compounds; Fatty amides; Carboxylic acid amides; Carboxylic acid derivatives; N-acyl amines; Organic nitro compounds; Ceramides; Organic oxoazanium compounds; Secondary alcohols; Secondary carboxylic acid amides; Carbonyl compounds; Amines; Organic zwitterions; Organic 1,3-dipolar compounds; Allyl-type 1,3-dipolar organic compounds; Fatty Acyls; Organic oxides; C-nitro compounds; Hydrocarbon derivatives; Organopnictogen compounds; Organic oxygen compounds; Organic nitrogen compounds; Chemical entities	773.554	57	0.956	839079765876906902	839079611853668750	839079611853668749	178	
1	C30H33NO7	[M + H3N + H]+	C30H37N2O7+	Polyketides	0.498	Macrolides	0.642	Triketide meroterpenoids	0.085	Lipids and lipid-like molecules	0.526							Lipids and lipid-like molecules	0.526	Organic compounds; Organoheterocyclic compounds; Lipids and lipid-like molecules; Lactones; Ketones; Alcohols and polyols; Ethers; Organic acids and derivatives; Carboxylic acids and derivatives; Organonitrogen compounds; Organooxygen compounds; Carboxylic acid derivatives; Carboxylic acid esters; Carbonyl compounds; Organic oxides; Azacyclic compounds; Oxacyclic compounds; Heteroaromatic compounds; Hydrocarbon derivatives; Organopnictogen compounds; Organic oxygen compounds; Organic nitrogen compounds; Chemical entities	537.260	58	0.962	839079826341997850	839079612109521318	839079612109521317	184	
1	C10H18ClN3O3	[M + H3N + H]+	C10H22ClN4O3+	Fatty acids	0.153	Small peptides	0.057	Halogenated fatty acids	0.117	Organic nitrogen compounds	1.000	Organonitrogen compounds	0.996	Hydrazines and derivatives	0.443	Semicarbazides	0.544	Semicarbazides	0.544	Organic compounds; Semicarbazides; Organic acids and derivatives; Carboxylic acids and derivatives; Organohalogen compounds; Organonitrogen compounds; Organooxygen compounds; Alkyl chlorides; Organochlorides; Carbonyl compounds; Alkyl halides; Organic oxides; Hydrocarbon derivatives; Organopnictogen compounds; Organic oxygen compounds; Organic nitrogen compounds; Organic N-nitroso compounds; Chemical entities	281.138	58	0.967	839079768158608576	839079612755444202	839079612755444201	201	
1	C18H26O3	[M + H3N + H]+	C18H30NO3+	Fatty acids	0.734	Eicosanoids	0.196	3-Spirotetramic acids	0.077	Lipids and lipid-like molecules	0.829	Fatty Acyls	0.680					Fatty Acyls	0.680	Organic compounds; Lipids and lipid-like molecules; Ketones; Organic acids and derivatives; Carboxylic acids and derivatives; Organooxygen compounds; Monocarboxylic acids and derivatives; Carboxylic acids; Carbonyl compounds; Fatty Acyls; Organic oxides; Hydrocarbon derivatives; Organic oxygen compounds; Chemical entities	308.222	58	0.972	839079769865690405	839079612524757458	839079612524757457	195	
1	C44H82NO10P	[M + H]+	C44H83NO10P+	Fatty acids	1.000	Glycerophospholipids	1.000	Glycerophosphocholines	0.996	Lipids and lipid-like molecules	0.994	Glycerophospholipids	1.000	Glycerophosphocholines	0.999	Phosphatidylcholines	0.997	Phosphatidylcholines	0.997	Organic compounds; Lipids and lipid-like molecules; Glycerophospholipids; Organic acids and derivatives; Carboxylic acids and derivatives; Organonitrogen compounds; Organooxygen compounds; Fatty acid esters; Dicarboxylic acids and derivatives; Organic phosphoric acids and derivatives; Phosphate esters; Quaternary ammonium salts; Cholines; Carboxylic acid derivatives; Carboxylic acid esters; Phosphocholines; Phosphatidylcholines; Carbonyl compounds; Glycerophosphocholines; Amines; Alkyl phosphates; Dialkyl phosphates; Organic cations; Organic salts; Fatty Acyls; Organic oxides; Hydrocarbon derivatives; Tetraalkylammonium salts; Organopnictogen compounds; Organic oxygen compounds; Organic nitrogen compounds; Chemical entities	816.571	59	0.977	839079756209035260	839079612147270058	839079612147270057	185	
1	C9H10O3	[M + H3N + H]+	C9H14NO3+	Polyketides	0.455	Cyclic polyketides	0.373	2-pyrone derivatives	0.301	Organic acids and derivatives	0.785	Carboxylic acids and derivatives	0.668	Monocarboxylic acids and derivatives	0.565			Monocarboxylic acids and derivatives	0.565	Organic compounds; Organic acids and derivatives; Carboxylic acids and derivatives; Organooxygen compounds; Monocarboxylic acids and derivatives; Carbonyl compounds; Organic oxides; Hydrocarbon derivatives; Organic oxygen compounds; Chemical entities	184.097	59	0.981	839079774752054990	839079612260516278	839079612260516277	188	
2	C18H26O2	[M + H3N + H]+	C18H30NO2+	Terpenoids	0.966	Diterpenoids	0.479	Apocarotenoids (β-)	0.214	Lipids and lipid-like molecules	0.845	Prenol lipids	0.774	Diterpenoids	0.515			Diterpenoids	0.515	Organic compounds; Lipids and lipid-like molecules; Prenol lipids; Organooxygen compounds; Diterpenoids; Carbonyl compounds; Organic oxides; Hydrocarbon derivatives; Organic oxygen compounds; Chemical entities	292.227	59	0.986	839079779005079488	839079612839330290	839079612839330289	203	
1	C16H28O	[M + H3N + H]+	C16H32NO+	Terpenoids	0.973	Sesquiterpenoids	0.920	Caryophyllane sesquiterpenoids	0.253	Lipids and lipid-like molecules	0.831	Prenol lipids	0.712					Prenol lipids	0.712	Organic compounds; Lipids and lipid-like molecules; Alcohols and polyols; Prenol lipids; Primary alcohols; Organooxygen compounds; Hydrocarbon derivatives; Organic oxygen compounds; Chemical entities	254.248	59	0.987	839079741340225966	839079612491203022	839079612491203021	194	
1	C15H31FO2	[M + H3N + H]+	C15H35FNO2+	Terpenoids	0.867	Diterpenoids	0.271	Fatty alcohols	0.075	Lipids and lipid-like molecules	0.670							Lipids and lipid-like molecules	0.670	Organic compounds; Lipids and lipid-like molecules; Alcohols and polyols; Organohalogen compounds; Organooxygen compounds; Alkyl fluorides; Organofluorides; Alkyl halides; Hydrocarbon derivatives; Organic oxygen compounds; Chemical entities	280.264	59	0.987	839079744624366219	839079612801581550	839079612797387245	202	
1	C18H28O2	[M + H3N + H]+	C18H32NO2+	Terpenoids	0.701	Diterpenoids	0.608	Unsaturated fatty acids	0.244	Lipids and lipid-like molecules	0.850	Prenol lipids	0.604					Prenol lipids	0.604	Organic compounds; Lipids and lipid-like molecules; Prenol lipids; Organooxygen compounds; Carbonyl compounds; Organic oxides; Hydrocarbon derivatives; Organic oxygen compounds; Chemical entities	294.243	59	0.987	839079751356224903	839079612919022074	839079612919022073	205	
1	C18H30O2	[M + H3N + H]+	C18H34NO2+	Fatty acids	0.930	Fatty Acids and Conjugates	0.438	Unsaturated fatty acids	0.556	Lipids and lipid-like molecules	0.879	Fatty Acyls	0.745	Fatty acids and conjugates	0.425	Long-chain fatty acids	0.578	Long-chain fatty acids	0.578	Organic compounds; Lipids and lipid-like molecules; Organic acids and derivatives; Carboxylic acids and derivatives; Organooxygen compounds; Unsaturated fatty acids; Monocarboxylic acids and derivatives; Carbonyl compounds; Long-chain fatty acids; Fatty Acyls; Organic oxides; Hydrocarbon derivatives; Organic oxygen compounds; Chemical entities	296.258	59	0.987	839079751117149498	839079612717695462	839079612717695461	200	
1	C9H15NO2	[M + H3N + H]+	C9H19N2O2+	Fatty acids	0.599	Fatty amides	0.740	Primary amides	0.963	Lipids and lipid-like molecules	0.782	Fatty Acyls	0.751	Fatty acids and conjugates	0.503			Fatty acids and conjugates	0.503	Organic compounds; Lipids and lipid-like molecules; Fatty acids and conjugates; Organic acids and derivatives; Carboxylic acids and derivatives; Organonitrogen compounds; Organooxygen compounds; Carboxylic acid amides; Carboxylic acid derivatives; Monocarboxylic acids and derivatives; Carboxylic acids; Primary carboxylic acid amides; Carbonyl compounds; Fatty Acyls; Organic oxides; Hydrocarbon derivatives; Organopnictogen compounds; Organic oxygen compounds; Organic nitrogen compounds; Chemical entities	187.144	59	0.988	839079758331353308	839079612185018798	839079612185018797	186	
1	C18H28O3	[M + H3N + H]+	C18H32NO3+	Fatty acids	0.972	Octadecanoids	0.415	Other Octadecanoids	0.314	Lipids and lipid-like molecules	0.928	Fatty Acyls	0.870	Fatty acids and conjugates	0.717	Long-chain fatty acids	0.731	Long-chain fatty acids	0.731	Organic compounds; Lipids and lipid-like molecules; Fatty acids and conjugates; Organic acids and derivatives; Carboxylic acids and derivatives; Organooxygen compounds; Unsaturated fatty acids; Monocarboxylic acids and derivatives; Carboxylic acids; Carbonyl compounds; Long-chain fatty acids; Fatty Acyls; Organic oxides; Hydrocarbon derivatives; Organic oxygen compounds; Chemical entities	310.238	59	0.989	839079756041263058	839079612998713858	839079612998713857	207	
2	C34H63NO4	[M + H3N + H]+	C34H67N2O4+	Fatty acids	1.000	Fatty esters	0.873	Ceramides	0.192	Lipids and lipid-like molecules	0.940	Fatty Acyls	0.956	Fatty amides	0.527	N-acyl amines	0.505	N-acyl amines	0.505	Organic compounds; Lipids and lipid-like molecules; Alcohols and polyols; Organic acids and derivatives; Carboxylic acids and derivatives; Organonitrogen compounds; Primary alcohols; Organooxygen compounds; Fatty acid esters; Fatty amides; Carboxylic acid amides; Carboxylic acid derivatives; N-acyl amines; Carboxylic acid esters; Secondary alcohols; Secondary carboxylic acid amides; Carbonyl compounds; Fatty Acyls; Organic oxides; Hydrocarbon derivatives; Organopnictogen compounds; Organic oxygen compounds; Organic nitrogen compounds; Chemical entities	567.510	59	0.991	839079761162508774	839079612071772578	839079612071772577	183	
1	C8H10O2	[M + H3N + H]+	C8H14NO2+	Fatty acids	0.905	Fatty acyls	0.451	Fatty aldehydes	0.571	Organic oxygen compounds	1.000	Organooxygen compounds	0.999	Carbonyl compounds	0.906	Ketones	0.584	Ketones	0.584	Organic compounds; Ketones; Organooxygen compounds; Carbonyl compounds; Organic oxides; Hydrocarbon derivatives; Organic oxygen compounds; Chemical entities	156.102	60	0.998	839079751242978643	839079612298265018	839079612298265017	189	
1	C8H12O3	[M - H2O + H]+	C8H11O2+	Fatty acids	0.986	Fatty Acids and Conjugates	0.802	Unsaturated fatty acids	0.701	Organic acids and derivatives	0.959	Carboxylic acids and derivatives	0.950	Carboxylic acids	0.660			Carboxylic acids	0.660	Organic compounds; Organic acids and derivatives; Carboxylic acids and derivatives; Organooxygen compounds; Monocarboxylic acids and derivatives; Carboxylic acids; Carbonyl compounds; Organic oxides; Hydrocarbon derivatives; Organic oxygen compounds; Chemical entities	139.075	60	1.003	839079752329303473	839079612373762498	839079612373762497	191	
2	C44H84NO10P	[M + H]+	C44H85NO10P+	Fatty acids	1.000	Glycerophospholipids	1.000	Glycerophosphocholines	0.997	Lipids and lipid-like molecules	0.994	Glycerophospholipids	1.000	Glycerophosphocholines	0.999	Phosphatidylcholines	0.997	Phosphatidylcholines	0.997	Organic compounds; Lipids and lipid-like molecules; Glycerophospholipids; Organic acids and derivatives; Carboxylic acids and derivatives; Organonitrogen compounds; Organooxygen compounds; Fatty acid esters; Dicarboxylic acids and derivatives; Organic phosphoric acids and derivatives; Phosphate esters; Quaternary ammonium salts; Cholines; Carboxylic acid derivatives; Carboxylic acid esters; Phosphocholines; Phosphatidylcholines; Carbonyl compounds; Glycerophosphocholines; Amines; Alkyl phosphates; Dialkyl phosphates; Organic cations; Organic salts; Fatty Acyls; Organic oxides; Hydrocarbon derivatives; Tetraalkylammonium salts; Organopnictogen compounds; Organic oxygen compounds; Organic nitrogen compounds; Chemical entities	818.590	60	1.005	839079746427917132	839079612453454282	839079612453454281	193	
1	C12H24O	[M + H3N + H]+	C12H28NO+	Fatty acids	0.926	Fatty acyls	0.899	Fatty alcohols	0.788	Lipids and lipid-like molecules	0.599							Lipids and lipid-like molecules	0.599	Organic compounds; Lipids and lipid-like molecules; Alcohols and polyols; Organooxygen compounds; Hydrocarbon derivatives; Organic oxygen compounds; Chemical entities	202.217	60	1.005	839079747069645797	839079613036462598	839079613036462597	208	
1	C24H30O6	[M + H3N + H]+	C24H34NO6+	Terpenoids	0.720	Diterpenoids	0.188	Eremophilane sesquiterpenoids	0.061	Lipids and lipid-like molecules	0.661							Lipids and lipid-like molecules	0.661	Organic compounds; Organoheterocyclic compounds; Lipids and lipid-like molecules; Ketones; Alcohols and polyols; Ethers; Organic acids and derivatives; Carboxylic acids and derivatives; Organooxygen compounds; Carboxylic acid derivatives; Carbonyl compounds; Organic oxides; Oxacyclic compounds; Hydrocarbon derivatives; Organic oxygen compounds; Chemical entities	432.238	60	1.007	839079763259660962	839079612956770814	839079612956770813	206	
1	C22H33ClN2O2	[M + Na]+	C22H33ClN2NaO2+	Polyketides	0.640	Linear polyketides	0.793	Open-chain polyketides	0.845	Benzenoids	0.586	Benzene and substituted derivatives	0.699					Benzene and substituted derivatives	0.699	Organic compounds; Organic acids and derivatives; Carboxylic acids and derivatives; Organohalogen compounds; Organonitrogen compounds; Organooxygen compounds; Fatty amides; Carboxylic acid amides; Alkyl chlorides; Carboxylic acid derivatives; Organochlorides; Secondary carboxylic acid amides; Carbonyl compounds; Benzene and substituted derivatives; Benzenoids; Alkyl halides; Organic oxides; Hydrocarbon derivatives; Organopnictogen compounds; Organic oxygen compounds; Organic nitrogen compounds; Chemical entities	415.212	61	1.012	839079766547995633	839079612881273334	839079612881273333	204	
1	C8H14F3NO2	[M - H2O + H]+	C8H13F3NO+	Alkaloids	0.532	Pseudoalkaloids (transamidation)	0.118	Phenylalanine-derived alkaloids	0.076	Organic nitrogen compounds	0.993	Organonitrogen compounds	0.985	Amines	0.971	Alkanolamines	0.672	1,2-aminoalcohols	0.520	Organic compounds; Alcohols and polyols; Organohalogen compounds; Organonitrogen compounds; Organooxygen compounds; Monoalkylamines; Alkyl fluorides; Organofluorides; 1,2-aminoalcohols; Amines; Primary amines; Alkanolamines; Halohydrins; Fluorohydrins; Alkyl halides; Hydrocarbon derivatives; Organopnictogen compounds; Organic oxygen compounds; Organic nitrogen compounds; Chemical entities	196.094	61	1.015	839079746423722806	839079612415705542	839079612411511237	192	
1	C25H32O6	[M + H3N + H]+	C25H36NO6+	Terpenoids	0.495	Diterpenoids	0.136	Eremophilane sesquiterpenoids	0.125	Lipids and lipid-like molecules	0.611	Prenol lipids	0.518					Prenol lipids	0.518	Organic compounds; Organoheterocyclic compounds; Lipids and lipid-like molecules; Ketones; Ethers; Prenol lipids; Organic acids and derivatives; Carboxylic acids and derivatives; Organooxygen compounds; Carboxylic acid derivatives; Carbonyl compounds; Organic oxides; Oxacyclic compounds; Hydrocarbon derivatives; Organic oxygen compounds; Chemical entities	446.254	61	1.022	839079768221523149	839079612226961842	839079612226961841	187	
1	C16H30O	[M + H3N + H]+	C16H34NO+	Terpenoids	0.919	Sesquiterpenoids	0.834	Caryophyllane sesquiterpenoids	0.278	Lipids and lipid-like molecules	0.818	Prenol lipids	0.600					Prenol lipids	0.600	Organic compounds; Lipids and lipid-like molecules; Alcohols and polyols; Prenol lipids; Primary alcohols; Organooxygen compounds; Hydrocarbon derivatives; Organic oxygen compounds; Chemical entities	256.263	61	1.024	839079746604077936	839079612638003678	839079612638003677	198	
1	C34H64O	[M + H3N + H]+	C34H68NO+	Terpenoids	0.681	Steroids	0.427	Unsaturated fatty acids	0.325	Lipids and lipid-like molecules	0.955	Steroids and steroid derivatives	0.472	Delta-5-steroids	0.558			Delta-5-steroids	0.558	Organic compounds; Lipids and lipid-like molecules; Alcohols and polyols; Organooxygen compounds; Delta-5-steroids; Fatty Acyls; Organic oxides; Hydrocarbon derivatives; Organic oxygen compounds; Chemical entities	506.530	62	1.027	839079747992392782	839079612558311894	839079612558311893	196	
5	C22H21N5O4	[M + H3N + H]+	C22H25N6O4+	Alkaloids	0.345	Pseudoalkaloids (transamidation)	0.081	Purine alkaloids	0.073	Benzenoids	0.975	Phenol ethers	0.520					Phenol ethers	0.520	Organic compounds; Organoheterocyclic compounds; Ethers; Organic acids and derivatives; Carboxylic acids and derivatives; Organonitrogen compounds; Organooxygen compounds; Azoles; Carboxylic acid derivatives; Carbonyl compounds; Benzene and substituted derivatives; Phenol ethers; Benzenoids; Organic oxides; Azacyclic compounds; Heteroaromatic compounds; Hydrocarbon derivatives; Organopnictogen compounds; Organic oxygen compounds; Organic nitrogen compounds; Chemical entities	437.193	63	1.045	839079759090522392	839079613078405642	839079613078405641	209	
1	C25H32O6	[M + H3N + H]+	C25H36NO6+	Shikimates and Phenylpropanoids	0.342	Lignans	0.220	Dibenzylbutane lignans	0.037	Benzenoids	0.829	Benzene and substituted derivatives	0.522					Benzene and substituted derivatives	0.522	Organic compounds; Organoheterocyclic compounds; Ethers; Organic acids and derivatives; Organooxygen compounds; Carbonyl compounds; Benzene and substituted derivatives; Benzenoids; Organic oxides; Oxacyclic compounds; Hydrocarbon derivatives; Organic oxygen compounds; Chemical entities	446.254	63	1.058	839079756032874430	839079613116154382	839079613116154381	210	
6	C5H14NO4P	[M + H]+	C5H15NO4P+	Fatty acids	0.695	Spingolipids	0.184	Sphingoid bases	0.660	Organic acids and derivatives	0.982	Organic phosphoric acids and derivatives	0.961	Phosphate esters	0.935	Alkyl phosphates	0.756	Alkyl phosphates	0.756	Organic compounds; Organic acids and derivatives; Organonitrogen compounds; Organooxygen compounds; Organic phosphoric acids and derivatives; Phosphate esters; Quaternary ammonium salts; Amines; Alkyl phosphates; Organic cations; Organic salts; Organic oxides; Hydrocarbon derivatives; Tetraalkylammonium salts; Organopnictogen compounds; Organic oxygen compounds; Organic nitrogen compounds; Chemical entities	184.073	66	1.100	839079754866857768	839079613300703778	839079613300703777	215	
2	C22H33ClN2O2	[M + Na]+	C22H33ClN2NaO2+	Polyketides	0.642	Linear polyketides	0.766	Open-chain polyketides	0.749	Organic acids and derivatives	0.967	Carboxylic acids and derivatives	0.806	Carboxylic acid derivatives	0.815	Carboxylic acid amides	0.810	Secondary carboxylic acid amides	0.617	Organic compounds; Ketones; Organic acids and derivatives; Carboxylic acids and derivatives; Organohalogen compounds; Organonitrogen compounds; Organooxygen compounds; Carboxylic acid amides; Alkyl chlorides; Carboxylic acid derivatives; Organochlorides; Secondary carboxylic acid amides; Carbonyl compounds; Alkyl halides; Organic oxides; Hydrocarbon derivatives; Organopnictogen compounds; Organic oxygen compounds; Organic nitrogen compounds; Chemical entities	415.212	66	1.106	839080004046279698	839079613569139262	839079613569139261	222	
1	C7H13NO3	[M + Na]+	C7H13NNaO3+	Amino acids and Peptides	0.747	Fatty amides	0.370	Aminoacids	0.270	Lipids and lipid-like molecules	0.561	Fatty Acyls	0.571					Fatty Acyls	0.571	Organic compounds; Lipids and lipid-like molecules; Organic acids and derivatives; Carboxylic acids and derivatives; Organonitrogen compounds; Organooxygen compounds; Carboxylic acid amides; Carboxylic acid derivatives; Monocarboxylic acids and derivatives; Carboxylic acids; Carbonyl compounds; Fatty Acyls; Organic oxides; Hydrocarbon derivatives; Organopnictogen compounds; Organic oxygen compounds; Organic nitrogen compounds; Chemical entities	182.079	67	1.115	839080003626849276	839079613267149342	839079613262955037	214	
1	C46H74N2O8	[M + H3N + H]+	C46H78N3O8+	Polyketides	0.537	Oligopeptides	0.876	Lipopeptides	0.297	Organic acids and derivatives	0.986	Carboxylic acids and derivatives	0.965	Amino acids, peptides, and analogues	0.716	Amino acids and derivatives	0.701	Amino acids and derivatives	0.701	Organic compounds; Organoheterocyclic compounds; Amino acids, peptides, and analogues; Lactones; Macrolactams; Ketones; Alcohols and polyols; Macrolides and analogues; Lactams; Phenylpropanoids and polyketides; Organic acids and derivatives; Carboxylic acids and derivatives; Organonitrogen compounds; Organooxygen compounds; Amino acids and derivatives; Carboxylic acid amides; Carboxylic acid derivatives; Dialkyl ethers; Carboxylic acid esters; Secondary alcohols; Tertiary carboxylic acid amides; Carbonyl compounds; Organic oxides; Azacyclic compounds; Oxacyclic compounds; Hydrocarbon derivatives; Organopnictogen compounds; Organic oxygen compounds; Organic nitrogen compounds; Chemical entities	800.579	68	1.130	839079800635107076	839079613455893042	839079613455893041	219	
2	C44H70N2O8	[M + H3N + H]+	C44H74N3O8+	Polyketides	0.701	Oligopeptides	0.750	Open-chain polyketides	0.220	Organic acids and derivatives	0.995	Carboxylic acids and derivatives	0.981	Amino acids, peptides, and analogues	0.753	Amino acids and derivatives	0.741	Alpha amino acids and derivatives	0.532	Organic compounds; Organoheterocyclic compounds; Amino acids, peptides, and analogues; Lactones; Alpha amino acids and derivatives; Macrolactams; Ketones; Alcohols and polyols; Macrolides and analogues; Lactams; Phenylpropanoids and polyketides; Organic acids and derivatives; Carboxylic acids and derivatives; Organonitrogen compounds; Organooxygen compounds; Amino acids and derivatives; Carboxylic acid amides; Carboxylic acid derivatives; Dialkyl ethers; Carboxylic acid esters; Secondary alcohols; Tertiary carboxylic acid amides; Carbonyl compounds; Macrolide lactams; Organic oxides; Azacyclic compounds; Oxacyclic compounds; Hydrocarbon derivatives; Organopnictogen compounds; Organic oxygen compounds; Organic nitrogen compounds; Chemical entities	772.550	68	1.130	839079838786498858	839079613380395562	839079613376201257	217	
1	C44H73N5O7	[M + H3N + H]+	C44H77N6O7+	Amino acids and Peptides	0.980	Oligopeptides	0.996	Linear peptides	0.349	Organic acids and derivatives	0.998	Carboxylic acids and derivatives	0.995	Amino acids, peptides, and analogues	0.985	Peptides	0.687	Peptides	0.687	Organic compounds; Organoheterocyclic compounds; Lipids and lipid-like molecules; Amino acids, peptides, and analogues; Alpha amino acids and derivatives; Alcohols and polyols; Phenethylamines; Amphetamines and derivatives; Pyrrolidines; Organic acids and derivatives; Carboxylic acids and derivatives; Organonitrogen compounds; Organooxygen compounds; Fatty amides; Amino acids and derivatives; Peptides; Carboxylic acid amides; Carboxylic acid derivatives; N-acyl amines; N-acyl-alpha amino acids and derivatives; Primary carboxylic acid amides; Secondary carboxylic acid amides; Tertiary carboxylic acid amides; Carbonyl compounds; Benzene and substituted derivatives; Alpha amino acid amides; Benzenoids; N-acylpyrrolidines; Fatty Acyls; Organic oxides; Azacyclic compounds; Hydrocarbon derivatives; Valine and derivatives; Organopnictogen compounds; Organic oxygen compounds; Organic nitrogen compounds; Chemical entities	801.582	68	1.132	839079779256737806	839079613493641782	839079613489447477	220	
2	C11H16O4	[M + H3N + H]+	C11H20NO4+	Fatty acids	0.982	Fatty Acids and Conjugates	0.932	Dicarboxylic acids	0.868	Lipids and lipid-like molecules	0.806	Fatty Acyls	0.766	Fatty acids and conjugates	0.790	Medium-chain fatty acids	0.589	Medium-chain fatty acids	0.589	Organic compounds; Lipids and lipid-like molecules; Fatty acids and conjugates; Organic acids and derivatives; Carboxylic acids and derivatives; Organooxygen compounds; Unsaturated fatty acids; Dicarboxylic acids and derivatives; Carboxylic acids; Carbonyl compounds; Medium-chain fatty acids; Fatty Acyls; Organic oxides; Hydrocarbon derivatives; Organic oxygen compounds; Chemical entities	230.139	68	1.132	839079758641731825	839079613342646822	839079613338452517	216	
1	C40H73O8P	[M + H3N + H]+	C40H77NO8P+	Fatty acids	0.998	Glycerophospholipids	0.990	Glycerophosphates	0.934	Lipids and lipid-like molecules	0.978	Fatty Acyls	0.951	Fatty acid esters	0.975			Fatty acid esters	0.975	Organic compounds; Lipids and lipid-like molecules; Organic acids and derivatives; Carboxylic acids and derivatives; Organooxygen compounds; Fatty acid esters; Dicarboxylic acids and derivatives; Organic phosphoric acids and derivatives; Phosphate esters; Carboxylic acid derivatives; Monocarboxylic acids and derivatives; Carboxylic acid esters; Carbonyl compounds; Alkyl phosphates; Fatty Acyls; Organic oxides; Hydrocarbon derivatives; Organic oxygen compounds; Chemical entities	730.539	68	1.140	839079780234010773	839079613413949998	839079613413949997	218	
1	C44H84NO8P	[M + Na]+	C44H84NNaO8P+	Fatty acids	0.996	Glycerophospholipids	1.000	Glycerophosphocholines	0.987	Lipids and lipid-like molecules	0.977	Glycerophospholipids	0.997	Glycerophosphocholines	0.986	Phosphatidylcholines	0.966	Phosphatidylcholines	0.966	Organic compounds; Lipids and lipid-like molecules; Glycerophospholipids; Organic acids and derivatives; Carboxylic acids and derivatives; Organonitrogen compounds; Organooxygen compounds; Fatty acid esters; Dicarboxylic acids and derivatives; Organic phosphoric acids and derivatives; Phosphate esters; Quaternary ammonium salts; Cholines; Carboxylic acid derivatives; Carboxylic acid esters; Phosphocholines; Phosphatidylcholines; Carbonyl compounds; Glycerophosphocholines; Amines; Alkyl phosphates; Dialkyl phosphates; Organic cations; Organic salts; Fatty Acyls; Organic oxides; Hydrocarbon derivatives; Tetraalkylammonium salts; Organopnictogen compounds; Organic oxygen compounds; Organic nitrogen compounds; Chemical entities	808.582	70	1.163	839079773309214201	839079613531390522	839079613531390521	221	
2	C34H63NO4	[M + H3N + H]+	C34H67N2O4+	Fatty acids	1.000	Spingolipids	0.992	Ceramides	0.907	Lipids and lipid-like molecules	0.939	Sphingolipids	0.744	Ceramides	0.711			Ceramides	0.711	Organic compounds; Lipids and lipid-like molecules; Alcohols and polyols; Sphingolipids; Organic acids and derivatives; Carboxylic acids and derivatives; Organonitrogen compounds; Primary alcohols; Organooxygen compounds; Fatty amides; Carboxylic acid amides; Carboxylic acid derivatives; N-acyl amines; Carboxylic acid esters; Ceramides; Secondary alcohols; Secondary carboxylic acid amides; Carbonyl compounds; Fatty Acyls; Organic oxides; Hydrocarbon derivatives; Organopnictogen compounds; Organic oxygen compounds; Organic nitrogen compounds; Chemical entities	567.510	71	1.181	839079779508396068	839079613611082306	839079613611082305	223	
2	C39H52O12	[M + Na]+	C39H52NaO12+	Terpenoids	0.864	Steroids	0.414	Bufadienolides	0.135	Lipids and lipid-like molecules	0.860	Steroids and steroid derivatives	0.757	Steroid lactones	0.653			Steroid lactones	0.653	Organic compounds; Organoheterocyclic compounds; Lipids and lipid-like molecules; Lactones; Alcohols and polyols; Ethers; Steroids and steroid derivatives; Organic acids and derivatives; Carboxylic acids and derivatives; Organooxygen compounds; Carboxylic acid derivatives; Steroid lactones; Carboxylic acid esters; Cyclic alcohols and derivatives; Secondary alcohols; Tertiary alcohols; Carbonyl compounds; Oxanes; Enoate esters; Alpha,beta-unsaturated carboxylic esters; Organic oxides; Oxacyclic compounds; Hydrocarbon derivatives; Organic oxygen compounds; Chemical entities	735.336	72	1.195	839079764786387778	839079613648831046	839079613648831045	224	
1	C15H22O6	[M + H3N + H]+	C15H26NO6+	Polyketides	0.312	Macrolides	0.323	Macrolide lactones	0.476	Organic oxygen compounds	1.000	Organooxygen compounds	1.000	Carbohydrates and carbohydrate conjugates	0.408	Monosaccharides	0.516	Monosaccharides	0.516	Organic compounds; Organoheterocyclic compounds; Lipids and lipid-like molecules; Alcohols and polyols; Ethers; Organic acids and derivatives; Carboxylic acids and derivatives; Organooxygen compounds; Carboxylic acid derivatives; Carboxylic acid esters; Monosaccharides; Secondary alcohols; Carbonyl compounds; Polyols; Enoate esters; Alpha,beta-unsaturated carboxylic esters; Fatty Acyls; Organic oxides; Oxacyclic compounds; Hydrocarbon derivatives; Organic oxygen compounds; Chemical entities	316.175	73	1.222	839079765100960588	839079613770465874	839079613770465873	227	
1	C15H22O6	[M + H]+	C15H23O6+	Terpenoids	0.423	Phenylpropanoids (C6-C3)	0.227	Cinnamic acids and derivatives	0.252	Organic oxygen compounds	1.000	Organooxygen compounds	1.000	Carbohydrates and carbohydrate conjugates	0.857	Glycosyl compounds	0.668	O-glycosyl compounds	0.729	Organic compounds; Organoheterocyclic compounds; Carbohydrates and carbohydrate conjugates; Lipids and lipid-like molecules; Alcohols and polyols; Ethers; Primary alcohols; Organooxygen compounds; Monosaccharides; Acetals; Secondary alcohols; Oxanes; Glycosyl compounds; O-glycosyl compounds; Polyols; Oxacyclic compounds; Hydrocarbon derivatives; Organic oxygen compounds; Chemical entities	299.149	74	1.225	839079755231762252	839079613850157658	839079613850157657	229	
2	C10H23NO	[M + H]+	C10H24NO+	Fatty acids	0.952	Spingolipids	0.425	Sphingoid bases	0.913	Organic nitrogen compounds	1.000	Organonitrogen compounds	1.000	Amines	0.994	Alkanolamines	0.934	1,2-aminoalcohols	0.900	Organic compounds; Alcohols and polyols; Organonitrogen compounds; Primary alcohols; Organooxygen compounds; 1,2-aminoalcohols; Dialkylamines; Amines; Secondary amines; Alkanolamines; Hydrocarbon derivatives; Organopnictogen compounds; Organic oxygen compounds; Organic nitrogen compounds; Chemical entities	174.185	74	1.226	839079783304241602	839079613808214614	839079613808214613	228	
1	C18H29NO8S	[M + H3N + H]+	C18H33N2O8S+	Fatty acids	0.636	Eicosanoids	0.390	Leukotrienes	0.240	Organic acids and derivatives	0.984	Carboxylic acids and derivatives	0.961	Amino acids, peptides, and analogues	0.884	Amino acids and derivatives	0.884	Alpha amino acids	0.760	Organic compounds; Organosulfur compounds; Lipids and lipid-like molecules; Amino acids, peptides, and analogues; Alpha amino acids and derivatives; Alcohols and polyols; Fatty acids and conjugates; Organic acids and derivatives; Carboxylic acids and derivatives; Organonitrogen compounds; Organooxygen compounds; Unsaturated fatty acids; Hydroxy fatty acids; Dicarboxylic acids and derivatives; Amino acids and derivatives; Monoalkylamines; Thioethers; Carboxylic acids; Secondary alcohols; Carbonyl compounds; Alpha amino acids; Amines; Primary amines; Sulfenyl compounds; Dialkylthioethers; Fatty Acyls; Organic oxides; Hydrocarbon derivatives; Amino acids; Cysteine and derivatives; Organopnictogen compounds; Organic oxygen compounds; Organic nitrogen compounds; Chemical entities	437.193	74	1.226	839080020919964929	839079614164730490	839079614164730489	237	
1	C9H12O2	[M - H2O + H]+	C9H11O+	Terpenoids	0.832	Monoterpenoids	0.650	Menthane monoterpenoids	0.278	Organic oxygen compounds	0.999	Organooxygen compounds	0.998	Carbonyl compounds	0.731			Carbonyl compounds	0.731	Organic compounds; Organooxygen compounds; Carbonyl compounds; Organic oxides; Hydrocarbon derivatives; Organic oxygen compounds; Chemical entities	135.081	74	1.228	839079874207399473	839079613887906398	839079613887906397	230	
2	C6H14O6	[M - H2O + H]+	C6H13O5+	Fatty acids	0.978	Fatty acyls	0.992	Fatty alcohols	0.997	Organic oxygen compounds	1.000	Organooxygen compounds	0.999	Carbohydrates and carbohydrate conjugates	0.932	Monosaccharides	0.903	Monosaccharides	0.903	Organic compounds; Carbohydrates and carbohydrate conjugates; Alcohols and polyols; Primary alcohols; Organooxygen compounds; Monosaccharides; Secondary alcohols; Sugar alcohols; Polyols; Hydrocarbon derivatives; Organic oxygen compounds; Chemical entities	165.076	74	1.229	839079766178896810	839079613929849442	839079613925655137	231	
2	C44H84NO10P	[M + H]+	C44H85NO10P+	Fatty acids	1.000	Glycerophospholipids	1.000	Glycerophosphocholines	0.999	Lipids and lipid-like molecules	0.992	Glycerophospholipids	1.000	Glycerophosphocholines	0.999	Phosphatidylcholines	0.996	Phosphatidylcholines	0.996	Organic compounds; Lipids and lipid-like molecules; Glycerophospholipids; Organic acids and derivatives; Carboxylic acids and derivatives; Organonitrogen compounds; Organooxygen compounds; Fatty acid esters; Dicarboxylic acids and derivatives; Organic phosphoric acids and derivatives; Phosphate esters; Quaternary ammonium salts; Cholines; Carboxylic acid derivatives; Carboxylic acid esters; Phosphocholines; Phosphatidylcholines; Carbonyl compounds; Glycerophosphocholines; Amines; Alkyl phosphates; Dialkyl phosphates; Organic cations; Organic salts; Fatty Acyls; Organic oxides; Hydrocarbon derivatives; Tetraalkylammonium salts; Organopnictogen compounds; Organic oxygen compounds; Organic nitrogen compounds; Chemical entities	818.590	74	1.235	839079760898267572	839079613967598182	839079613967598181	232	
1	C46H74N2O9	[M + H3N + H]+	C46H78N3O9+	Polyketides	0.717	Macrolides	0.836	Open-chain polyketides	0.320	Organic acids and derivatives	0.983	Carboxylic acids and derivatives	0.948	Amino acids, peptides, and analogues	0.514			Amino acids, peptides, and analogues	0.514	Organic compounds; Organoheterocyclic compounds; Amino acids, peptides, and analogues; Lactones; Macrolactams; Ketones; Alcohols and polyols; Macrolides and analogues; Lactams; Ethers; Phenylpropanoids and polyketides; Organic acids and derivatives; Carboxylic acids and derivatives; Organonitrogen compounds; Organooxygen compounds; Carboxylic acid amides; Carboxylic acid derivatives; Dialkyl ethers; Carboxylic acid esters; Secondary alcohols; Carbonyl compounds; Organic oxides; Azacyclic compounds; Oxacyclic compounds; Hydrocarbon derivatives; Organopnictogen compounds; Organic oxygen compounds; Organic nitrogen compounds; Chemical entities	816.573	75	1.249	839079791743181876	839079613724328526	839079613724328525	226	
1	C43H74N4O9	[M + H3N + H]+	C43H78N5O9+	Polyketides	0.745	Oligopeptides	0.970	Depsipeptides	0.384	Organic acids and derivatives	0.997	Carboxylic acids and derivatives	0.989	Amino acids, peptides, and analogues	0.944	Amino acids and derivatives	0.934	Alpha amino acids and derivatives	0.716	Organic compounds; Organoheterocyclic compounds; Amino acids, peptides, and analogues; Lactones; Alpha amino acids and derivatives; Macrolactams; Alcohols and polyols; Macrolides and analogues; Lactams; Phenylpropanoids and polyketides; Organic acids and derivatives; Carboxylic acids and derivatives; Organonitrogen compounds; Organooxygen compounds; Amino acids and derivatives; Carboxylic acid amides; Carboxylic acid derivatives; Carboxylic acid esters; Secondary alcohols; Secondary carboxylic acid amides; Tertiary carboxylic acid amides; Peptidomimetics; Carbonyl compounds; Macrolide lactams; Organic oxides; Azacyclic compounds; Oxacyclic compounds; Hydrocarbon derivatives; Organopnictogen compounds; Organic oxygen compounds; Organic nitrogen compounds; Chemical entities	808.583	75	1.257	839079890997199996	839079614408000146	839079614408000145	243	
1	C12H17NO8	[M + H3N + H]+	C12H21N2O8+	Amino acids and Peptides	0.687	Amino acid glycosides	0.842	Cyanogenic glycosides	0.910	Organic oxygen compounds	1.000	Organooxygen compounds	0.997	Carbohydrates and carbohydrate conjugates	0.651	Monosaccharides	0.565	Monosaccharides	0.565	Organic compounds; Carbohydrates and carbohydrate conjugates; Alcohols and polyols; Ethers; Organic acids and derivatives; Carboxylic acids and derivatives; Organonitrogen compounds; Primary alcohols; Organooxygen compounds; Monosaccharides; Secondary alcohols; Carbonyl compounds; Polyols; Organic oxides; Hydrocarbon derivatives; Organopnictogen compounds; Organic oxygen compounds; Organic nitrogen compounds; Chemical entities	321.131	76	1.262	839079762479520328	839079614122787446	839079614122787445	236	
1	C11H14O3	[M + H3N + H]+	C11H18NO3+	Fatty acids	0.832	Fatty Acids and Conjugates	0.168	Jasmonic acids	0.250	Organic acids and derivatives	0.771	Carboxylic acids and derivatives	0.755	Monocarboxylic acids and derivatives	0.678			Monocarboxylic acids and derivatives	0.678	Organic compounds; Organic acids and derivatives; Carboxylic acids and derivatives; Organooxygen compounds; Monocarboxylic acids and derivatives; Carbonyl compounds; Organic oxides; Hydrocarbon derivatives; Organic oxygen compounds; Chemical entities	212.128	77	1.280	839079754464204501	839079614206673534	839079614202479229	238	
1	C47H76N4O5	[M + Na]+	C47H76N4NaO5+	Fatty acids	0.999	Spingolipids	0.995	Phosphosphingolipids	0.702	Lipids and lipid-like molecules	0.935	Sphingolipids	0.690					Sphingolipids	0.690	Organic compounds; Lipids and lipid-like molecules; Alcohols and polyols; Sphingolipids; Organic acids and derivatives; Carboxylic acids and derivatives; Organonitrogen compounds; Organooxygen compounds; Fatty amides; Carboxylic acid amides; Quaternary ammonium salts; Cholines; Carboxylic acid derivatives; N-acyl amines; Phosphocholines; Secondary alcohols; Secondary carboxylic acid amides; Carbonyl compounds; Amines; Organic salts; Fatty Acyls; Organic oxides; Hydrocarbon derivatives; Tetraalkylammonium salts; Organopnictogen compounds; Organic oxygen compounds; Organic nitrogen compounds; Chemical entities	799.568	78	1.305	839079947326705021	839079614005346922	839079614005346921	233	
3	C42H58O6	[M + H3N + H]+	C42H62NO6+	Terpenoids	0.505	Glycerolipids	0.555	Triacylglycerols	0.182	Lipids and lipid-like molecules	0.897	Fatty Acyls	0.769	Fatty acid esters	0.672			Fatty acid esters	0.672	Organic compounds; Lipids and lipid-like molecules; Ketones; Glycerolipids; Organic acids and derivatives; Carboxylic acids and derivatives; Organooxygen compounds; Fatty acid esters; Carboxylic acid derivatives; Carboxylic acid esters; Carbonyl compounds; Fatty Acyls; Organic oxides; Hydrocarbon derivatives; Organic oxygen compounds; Chemical entities	676.455	79	1.309	839079767214890090	839079614248616578	839079614244422273	239	
1	C13H24O4	[M + H3N + H]+	C13H28NO4+	Fatty acids	0.629	Macrolides	0.182	Macrolide lactones	0.257	Lipids and lipid-like molecules	0.519							Lipids and lipid-like molecules	0.519	Organic compounds; Lipids and lipid-like molecules; Alcohols and polyols; Organic acids and derivatives; Carboxylic acids and derivatives; Organooxygen compounds; Carboxylic acid derivatives; Monocarboxylic acids and derivatives; Carboxylic acid esters; Carbonyl compounds; Organic oxides; Hydrocarbon derivatives; Organic oxygen compounds; Chemical entities	262.201	79	1.317	839079773372128792	839079614324114058	839079614324114057	241	
1	C44H82NO10P	[M + H]+	C44H83NO10P+	Fatty acids	1.000	Glycerophospholipids	1.000	Glycerophosphocholines	0.993	Lipids and lipid-like molecules	0.992	Glycerophospholipids	1.000	Glycerophosphocholines	0.998	Phosphatidylcholines	0.994	Phosphatidylcholines	0.994	Organic compounds; Lipids and lipid-like molecules; Glycerophospholipids; Organic acids and derivatives; Carboxylic acids and derivatives; Organonitrogen compounds; Organooxygen compounds; Fatty acid esters; Dicarboxylic acids and derivatives; Organic phosphoric acids and derivatives; Phosphate esters; Quaternary ammonium salts; Cholines; Carboxylic acid derivatives; Carboxylic acid esters; Phosphocholines; Phosphatidylcholines; Carbonyl compounds; Glycerophosphocholines; Amines; Alkyl phosphates; Dialkyl phosphates; Organic cations; Organic salts; Fatty Acyls; Organic oxides; Hydrocarbon derivatives; Tetraalkylammonium salts; Organopnictogen compounds; Organic oxygen compounds; Organic nitrogen compounds; Chemical entities	816.574	79	1.318	839079759908411757	839079614286365318	839079614286365317	240	
3	C38H72NO9P	[M + H]+	C38H73NO9P+	Fatty acids	1.000	Glycerophospholipids	1.000	Glycerophosphocholines	0.996	Lipids and lipid-like molecules	0.992	Glycerophospholipids	1.000	Glycerophosphocholines	0.998	Phosphatidylcholines	0.996	Phosphatidylcholines	0.996	Organic compounds; Lipids and lipid-like molecules; Glycerophospholipids; Organic acids and derivatives; Carboxylic acids and derivatives; Organonitrogen compounds; Organooxygen compounds; Fatty acid esters; Dicarboxylic acids and derivatives; Organic phosphoric acids and derivatives; Phosphate esters; Quaternary ammonium salts; Cholines; Carboxylic acid derivatives; Carboxylic acid esters; Phosphocholines; Phosphatidylcholines; Carbonyl compounds; Glycerophosphocholines; Amines; Alkyl phosphates; Dialkyl phosphates; Organic cations; Organic salts; Fatty Acyls; Organic oxides; Hydrocarbon derivatives; Tetraalkylammonium salts; Organopnictogen compounds; Organic oxygen compounds; Organic nitrogen compounds; Chemical entities	718.502	79	1.319	839079762563406430	839079614370251406	839079614370251405	242	
1	C34H64O	[M + H3N + H]+	C34H68NO+	Terpenoids	0.972	Meroterpenoids	0.555	Prenyl quinone meroterpenoids	0.903	Lipids and lipid-like molecules	0.915	Prenol lipids	0.767	Quinone and hydroquinone lipids	0.620	Vitamin E compounds	0.535	Vitamin E compounds	0.535	Organic compounds; Lipids and lipid-like molecules; Prenol lipids; Organooxygen compounds; Carboxylic acid esters; Quinone and hydroquinone lipids; Vitamin E compounds; Diterpenoids; Carbonyl compounds; Organic oxides; Hydrocarbon derivatives; Organic oxygen compounds; Chemical entities	506.530	79	1.324	839079751213618503	839079614533829278	839079614529634973	246	
1	C37H72NO10P	[M - H2O + H]+	C37H71NO9P+	Fatty acids	1.000	Glycerophospholipids	1.000	Oxidized glycerophospholipids	0.892	Lipids and lipid-like molecules	0.992	Glycerophospholipids	0.999	Glycerophosphocholines	0.999	Phosphatidylcholines	0.994	Phosphatidylcholines	0.994	Organic compounds; Lipids and lipid-like molecules; Glycerophospholipids; Organic acids and derivatives; Carboxylic acids and derivatives; Organonitrogen compounds; Organooxygen compounds; Fatty acid esters; Dicarboxylic acids and derivatives; Organic phosphoric acids and derivatives; Phosphate esters; Quaternary ammonium salts; Cholines; Carboxylic acid derivatives; Carboxylic acids; Carboxylic acid esters; Phosphocholines; Phosphatidylcholines; Carbonyl compounds; Glycerophosphocholines; Amines; Alkyl phosphates; Dialkyl phosphates; Organic cations; Organic salts; Fatty Acyls; Organic oxides; Hydrocarbon derivatives; Tetraalkylammonium salts; Organopnictogen compounds; Organic oxygen compounds; Organic nitrogen compounds; Chemical entities	704.487	80	1.335	839079752786482779	839079614449943190	839079614449943189	244	
1	C10H14O4	[M + H3N + H]+	C10H18NO4+	Fatty acids	0.968	Fatty Acids and Conjugates	0.830	Dicarboxylic acids	0.906	Organic acids and derivatives	0.997	Carboxylic acids and derivatives	0.996	Dicarboxylic acids and derivatives	0.777			Dicarboxylic acids and derivatives	0.777	Organic compounds; Lipids and lipid-like molecules; Fatty acids and conjugates; Organic acids and derivatives; Carboxylic acids and derivatives; Organooxygen compounds; Unsaturated fatty acids; Dicarboxylic acids and derivatives; Carboxylic acids; Carbonyl compounds; Fatty Acyls; Organic oxides; Hydrocarbon derivatives; Organic oxygen compounds; Chemical entities	216.123	81	1.343	839079759648364892	839079614496080538	839079614491886233	245	
1	C11H17NO7	[M + K]+	C11H17KNO7+	Amino acids and Peptides	0.633	Aminosugars and aminoglycosides	0.437	Aminosugars	0.285	Organic acids and derivatives	0.994	Carboxylic acids and derivatives	0.989	Amino acids, peptides, and analogues	0.552	Amino acids and derivatives	0.553	Amino acids and derivatives	0.553	Organic compounds; Carbohydrates and carbohydrate conjugates; Lipids and lipid-like molecules; Amino acids, peptides, and analogues; Alcohols and polyols; Organic acids and derivatives; Carboxylic acids and derivatives; Organonitrogen compounds; Organooxygen compounds; Amino acids and derivatives; Carboxylic acid amides; Carboxylic acid derivatives; Monocarboxylic acids and derivatives; Carboxylic acids; Secondary alcohols; Secondary carboxylic acid amides; Carbonyl compounds; Fatty Acyls; Acetamides; Organic oxides; Hydrocarbon derivatives; Organopnictogen compounds; Organic oxygen compounds; Organic nitrogen compounds; Chemical entities	314.063	82	1.364	839079779193823216	839079614730961586	839079614730961585	251	
1	C11H14O7	[M + H3N + H]+	C11H18NO7+	Carbohydrates	0.456	Phloroglucinols	0.358	Acyl phloroglucinols	0.445	Organic oxygen compounds	1.000	Organooxygen compounds	1.000	Carbohydrates and carbohydrate conjugates	0.958	Monosaccharides	0.910	Hexoses	0.594	Organic compounds; Organoheterocyclic compounds; Carbohydrates and carbohydrate conjugates; Alcohols and polyols; Ethers; Organic acids and derivatives; Primary alcohols; Organooxygen compounds; Hexoses; Monosaccharides; Acetals; Secondary alcohols; Carbonyl compounds; Oxanes; Glycosyl compounds; O-glycosyl compounds; Benzene and substituted derivatives; Polyols; Benzenoids; Organic oxides; Oxacyclic compounds; Hydrocarbon derivatives; Organic oxygen compounds; Chemical entities	276.108	82	1.365	839079751335253344	839079614651269802	839079614651269801	249	
1	C11H17NO7	[M + Na]+	C11H17NNaO7+	Carbohydrates	0.853	Aminosugars and aminoglycosides	0.723	Cyanogenic glycosides	0.596	Organic oxygen compounds	1.000	Organooxygen compounds	0.999	Carbohydrates and carbohydrate conjugates	0.821	Monosaccharides	0.756	Monosaccharides	0.756	Organic compounds; Organoheterocyclic compounds; Carbohydrates and carbohydrate conjugates; Alcohols and polyols; Ethers; Organic acids and derivatives; Organonitrogen compounds; Primary alcohols; Organooxygen compounds; Monosaccharides; Secondary alcohols; Carbonyl compounds; Oxanes; Polyols; Organic oxides; Oxacyclic compounds; Hydrocarbon derivatives; Organopnictogen compounds; Organic oxygen compounds; Organic nitrogen compounds; Chemical entities	298.090	82	1.365	839079766489275361	839079614613521062	839079614613521061	248	
1	C8H8O4	[M + H3N + H]+	C8H12NO4+	Polyketides	0.833	Cyclic polyketides	0.837	2-pyrone derivatives	0.775	Organoheterocyclic compounds	0.763	Pyrans	0.500					Pyrans	0.500	Organic compounds; Organoheterocyclic compounds; Pyrans; Organic acids and derivatives; Organooxygen compounds; Carbonyl compounds; Organic oxides; Oxacyclic compounds; Hydrocarbon derivatives; Organic oxygen compounds; Chemical entities	186.076	82	1.367	839079766900317244	839079614693212846	839079614689018541	250	
1	C22H34N2O14	[M + Na]+	C22H34N2NaO14+	Carbohydrates	1.000	Aminosugars and aminoglycosides	0.972	Aminosugars	0.976	Organic oxygen compounds	1.000	Organooxygen compounds	1.000	Carbohydrates and carbohydrate conjugates	0.998	Sugar acids and derivatives	0.989	N-acylneuraminic acids	0.985	Organic compounds; Organoheterocyclic compounds; Carbohydrates and carbohydrate conjugates; Pyrans; Alcohols and polyols; Sugar acids and derivatives; Ethers; Organic acids and derivatives; Carboxylic acids and derivatives; Organonitrogen compounds; Primary alcohols; Organooxygen compounds; Glucuronides; Carboxylic acid amides; Hemiacetals; Carboxylic acid derivatives; Monocarboxylic acids and derivatives; Carboxylic acids; Neuraminic acids and derivatives; Sugar amino acids and derivatives; Acetals; Secondary alcohols; Secondary carboxylic acid amides; Pyranoid amino acids and derivatives; Carbonyl compounds; Oxanes; Glucuronic acid derivatives; Glycosyl compounds; C-glycosyl compounds; O-glycosyl compounds; N-acyl-alpha-hexosamines; Polyols; C-glucuronides; N-acylneuraminic acids; N-acylneuraminic acids and derivatives; Neuraminic acids; Aminosaccharides; Acetamides; Organic oxides; Oxacyclic compounds; Hydrocarbon derivatives; Ketals; Organopnictogen compounds; Organic oxygen compounds; Organic nitrogen compounds; Chemical entities	573.191	82	1.368	839079755332425568	839079614848402110	839079614848402109	254	
1	C7H9NO3	[M - H2O + H]+	C7H8NO2+	Amino acids and Peptides	0.760	Nicotinic acid alkaloids	0.353	Aminoacids	0.416	Organoheterocyclic compounds	0.891	Heteroaromatic compounds	0.725					Heteroaromatic compounds	0.725	Organic compounds; Organoheterocyclic compounds; Organic acids and derivatives; Carboxylic acids and derivatives; Organonitrogen compounds; Organooxygen compounds; Monocarboxylic acids and derivatives; Carboxylic acids; Carbonyl compounds; Organic oxides; Azacyclic compounds; Heteroaromatic compounds; Hydrocarbon derivatives; Organopnictogen compounds; Organic oxygen compounds; Organic nitrogen compounds; Chemical entities	138.055	82	1.371	839079929010178871	839079614764516022	839079614764516021	252	
2	C44H71N5O7	[M + H3N + H]+	C44H75N6O7+	Amino acids and Peptides	0.972	Oligopeptides	0.992	Cyclic peptides	0.637	Organic acids and derivatives	0.999	Carboxylic acids and derivatives	0.996	Amino acids, peptides, and analogues	0.986	Peptides	0.749	Oligopeptides	0.557	Organic compounds; Organoheterocyclic compounds; Lipids and lipid-like molecules; Amino acids, peptides, and analogues; Alpha amino acids and derivatives; Macrolactams; Alcohols and polyols; Lactams; Pyrrolidines; Phenylpropanoids and polyketides; Organic acids and derivatives; Carboxylic acids and derivatives; Organonitrogen compounds; Organooxygen compounds; Fatty amides; Amino acids and derivatives; Peptides; Carboxylic acid amides; Carboxylic acid derivatives; N-acyl amines; Secondary alcohols; Secondary carboxylic acid amides; Tertiary carboxylic acid amides; Carbonyl compounds; Fatty Acyls; Organic oxides; Azacyclic compounds; Hydrocarbon derivatives; Organopnictogen compounds; Organic oxygen compounds; Organic nitrogen compounds; Oligopeptides; Chemical entities	799.568	82	1.373	839079820469971834	839079614928093894	839079614928093893	256	
1	C25H32O6	[M + H3N + H]+	C25H36NO6+	Shikimates and Phenylpropanoids	0.579	Lignans	0.309	Dibenzylbutane lignans	0.037	Benzenoids	0.897	Benzene and substituted derivatives	0.631					Benzene and substituted derivatives	0.631	Organic compounds; Organoheterocyclic compounds; Alcohols and polyols; Ethers; Organooxygen compounds; Dialkyl ethers; Benzene and substituted derivatives; Benzenoids; Organic oxides; Oxacyclic compounds; Hydrocarbon derivatives; Organic oxygen compounds; Chemical entities	446.254	83	1.384	839079781085454544	839079614890345154	839079614890345153	255	
1	C44H82NO10P	[M - H2O + H]+	C44H81NO9P+	Fatty acids	1.000	Glycerophospholipids	1.000	Glycerophosphocholines	0.995	Lipids and lipid-like molecules	0.993	Glycerophospholipids	1.000	Glycerophosphocholines	0.999	Phosphatidylcholines	0.997	Phosphatidylcholines	0.997	Organic compounds; Lipids and lipid-like molecules; Glycerophospholipids; Organic acids and derivatives; Carboxylic acids and derivatives; Organonitrogen compounds; Organooxygen compounds; Fatty acid esters; Dicarboxylic acids and derivatives; Organic phosphoric acids and derivatives; Phosphate esters; Quaternary ammonium salts; Cholines; Carboxylic acid derivatives; Carboxylic acid esters; Phosphocholines; Phosphatidylcholines; Carbonyl compounds; Glycerophosphocholines; Amines; Alkyl phosphates; Dialkyl phosphates; Organic cations; Organic salts; Fatty Acyls; Organic oxides; Hydrocarbon derivatives; Tetraalkylammonium salts; Organopnictogen compounds; Organic oxygen compounds; Organic nitrogen compounds; Chemical entities	798.564	83	1.384	839079753222690450	839079614970036938	839079614965842633	257	
1	C36H70NO10P	[M - H2O + H]+	C36H69NO9P+	Fatty acids	0.998	Glycerophospholipids	0.999	Oxidized glycerophospholipids	0.888	Lipids and lipid-like molecules	0.989	Glycerophospholipids	0.998	Glycerophosphocholines	0.994	Phosphatidylcholines	0.969	Phosphatidylcholines	0.969	Organic compounds; Lipids and lipid-like molecules; Glycerophospholipids; Organic acids and derivatives; Carboxylic acids and derivatives; Organonitrogen compounds; Organooxygen compounds; Fatty acid esters; Dicarboxylic acids and derivatives; Organic phosphoric acids and derivatives; Phosphate esters; Quaternary ammonium salts; Cholines; Carboxylic acid derivatives; Carboxylic acids; Carboxylic acid esters; Phosphocholines; Phosphatidylcholines; Carbonyl compounds; Glycerophosphocholines; Amines; Alkyl phosphates; Dialkyl phosphates; Organic cations; Organic salts; Fatty Acyls; Organic oxides; Hydrocarbon derivatives; Tetraalkylammonium salts; Organopnictogen compounds; Organic oxygen compounds; Organic nitrogen compounds; Chemical entities	690.471	84	1.400	839079784730305077	839079615007785678	839079615007785677	258	
1	C43H60O6	[M + H3N + H]+	C43H64NO6+	Terpenoids	0.996	Carotenoids (C40)	0.990	Carotenoids (C40, β-β)	0.654	Lipids and lipid-like molecules	0.976	Prenol lipids	0.970	Tetraterpenoids	0.865	Carotenoids	0.838	Xanthophylls	0.866	Organic compounds; Lipids and lipid-like molecules; Alcohols and polyols; Ethers; Prenol lipids; Organooxygen compounds; Dialkyl ethers; Carotenoids; Xanthophylls; Tetraterpenoids; Secondary alcohols; Tertiary alcohols; Carbonyl compounds; Fatty Acyls; Organic oxides; Hydrocarbon derivatives; Organic oxygen compounds; Chemical entities	690.471	85	1.409	839079803923441670	839079614806459066	839079614806459065	253	
1	C25H32O6	[M + H3N + H]+	C25H36NO6+	Terpenoids	0.381	Diterpenoids	0.109	Open-chain polyketides	0.115	Lipids and lipid-like molecules	0.851	Prenol lipids	0.637					Prenol lipids	0.637	Organic compounds; Organoheterocyclic compounds; Lipids and lipid-like molecules; Alcohols and polyols; Prenol lipids; Organic acids and derivatives; Carboxylic acids and derivatives; Organooxygen compounds; Carboxylic acid derivatives; Monocarboxylic acids and derivatives; Carboxylic acid esters; Secondary alcohols; Carbonyl compounds; Fatty Acyls; Organic oxides; Oxacyclic compounds; Hydrocarbon derivatives; Organic oxygen compounds; Chemical entities	446.254	87	1.457	839079788165440303	839079615188140770	839079615188140769	263	
1	C22H41NO	[M + H3N + H]+	C22H45N2O+	Fatty acids	1.000	Fatty amides	1.000	Primary amides	0.901	Lipids and lipid-like molecules	0.966	Fatty Acyls	0.970	Fatty amides	0.966	N-acyl amines	0.885	N-acyl amines	0.885	Organic compounds; Lipids and lipid-like molecules; Organic acids and derivatives; Carboxylic acids and derivatives; Organonitrogen compounds; Organooxygen compounds; Fatty amides; Carboxylic acid amides; Carboxylic acid derivatives; N-acyl amines; Secondary carboxylic acid amides; Carbonyl compounds; Fatty Acyls; Organic oxides; Hydrocarbon derivatives; Organopnictogen compounds; Organic oxygen compounds; Organic nitrogen compounds; Chemical entities	353.353	87	1.457	839079929186339654	839079615045534418	839079615045534417	259	
1	C10H19NO4	[M + Na]+	C10H19NNaO4+	Amino acids and Peptides	0.680	Small peptides	0.468	Aminoacids	0.367	Organic acids and derivatives	0.994	Carboxylic acids and derivatives	0.990	Amino acids, peptides, and analogues	0.653	Amino acids and derivatives	0.650	Alpha amino acids and derivatives	0.501	Organic compounds; Lipids and lipid-like molecules; Amino acids, peptides, and analogues; Alpha amino acids and derivatives; Fatty acids and conjugates; Organic acids and derivatives; Carboxylic acids and derivatives; Organonitrogen compounds; Organooxygen compounds; Branched fatty acids; Amino acids and derivatives; Carboxylic acid amides; Carboxylic acid derivatives; Monocarboxylic acids and derivatives; Carboxylic acids; Carbonyl compounds; Fatty Acyls; Organic oxides; Hydrocarbon derivatives; Organopnictogen compounds; Organic oxygen compounds; Organic nitrogen compounds; Chemical entities	240.121	88	1.463	839079762085255708	839079615116837594	839079615116837593	261	
3	C9H17NO5	[M + H]+	C9H18NO5+	Fatty acids	0.826	Fatty amides	0.681	N-acyl amines	0.869	Organic acids and derivatives	0.997	Carboxylic acids and derivatives	0.995	Amino acids, peptides, and analogues	0.622	Amino acids and derivatives	0.618	Amino acids and derivatives	0.618	Organic compounds; Carbohydrates and carbohydrate conjugates; Lipids and lipid-like molecules; Amino acids, peptides, and analogues; Alcohols and polyols; Organic acids and derivatives; Carboxylic acids and derivatives; Organonitrogen compounds; Primary alcohols; Organooxygen compounds; Fatty amides; Amino acids and derivatives; Carboxylic acid amides; Carboxylic acid derivatives; N-acyl amines; Monocarboxylic acids and derivatives; Carboxylic acids; Monosaccharides; Secondary alcohols; Secondary carboxylic acid amides; Carbonyl compounds; Fatty Acyls; Organic oxides; Hydrocarbon derivatives; Organopnictogen compounds; Organic oxygen compounds; Organic nitrogen compounds; Chemical entities	220.118	88	1.471	839079768120859809	839079615083283158	839079615079088853	260	
1	C10H14O3	[M + H3N + H]+	C10H18NO3+	Terpenoids	0.618	Monoterpenoids	0.437	2-pyrone derivatives	0.328	Organoheterocyclic compounds	0.478	Oxacyclic compounds	0.527					Oxacyclic compounds	0.527	Organic compounds; Alcohols and polyols; Organooxygen compounds; Carbonyl compounds; Organic oxides; Oxacyclic compounds; Hydrocarbon derivatives; Organic oxygen compounds; Chemical entities	200.128	89	1.488	839079757022730331	839079615154586334	839079615150392029	262	
1	C20H39NO	[M + H3N + H]+	C20H43N2O+	Fatty acids	1.000	Fatty amides	0.999	Primary amides	0.859	Lipids and lipid-like molecules	0.985	Fatty Acyls	0.984	Fatty amides	0.985	N-acyl amines	0.933	N-acyl amines	0.933	Organic compounds; Lipids and lipid-like molecules; Organic acids and derivatives; Carboxylic acids and derivatives; Organonitrogen compounds; Organooxygen compounds; Fatty amides; Carboxylic acid amides; Carboxylic acid derivatives; N-acyl amines; Secondary carboxylic acid amides; Carbonyl compounds; Fatty Acyls; Organic oxides; Hydrocarbon derivatives; Organopnictogen compounds; Organic oxygen compounds; Organic nitrogen compounds; Chemical entities	327.337	91	1.515	839079973415276710	839079615225889510	839079615225889509	264	
3	C35H42N4O9S	[M + H3N + H]+	C35H46N5O9S+	Carbohydrates	0.977	Nucleosides	0.945	Purine nucleosides	0.655	Nucleosides, nucleotides, and analogues	0.936	5'-deoxyribonucleosides	0.949	5'-deoxy-5'-thionucleosides	0.863			5'-deoxy-5'-thionucleosides	0.863	Organic compounds; Organoheterocyclic compounds; Organosulfur compounds; Carbohydrates and carbohydrate conjugates; Lipids and lipid-like molecules; Pyrimidines and pyrimidine derivatives; Imidazoles; Alcohols and polyols; Benzoic acids and derivatives; Purines and purine derivatives; Organic acids and derivatives; Carboxylic acids and derivatives; Organonitrogen compounds; Nucleosides, nucleotides, and analogues; Benzoyl derivatives; Organooxygen compounds; Azoles; Carboxylic acid derivatives; Monocarboxylic acids and derivatives; Thioethers; Aminopyrimidines and derivatives; Diazines; Pentoses; Monosaccharides; Secondary alcohols; Imidazopyrimidines; Carbonyl compounds; Oxolanes; Glycosyl compounds; Glycosylamines; Benzene and substituted derivatives; Polyols; Substituted imidazoles; N-substituted imidazoles; Benzenoids; Amines; Primary amines; 1,2-diols; Tetrahydrofurans; 6-aminopurines; Sulfenyl compounds; Dialkylthioethers; Imidolactams; Organic oxides; Azacyclic compounds; Oxacyclic compounds; Heteroaromatic compounds; Hydrocarbon derivatives; 5'-deoxyribonucleosides; 5'-deoxy-5'-thionucleosides; Organopnictogen compounds; Organic oxygen compounds; Organic nitrogen compounds; Chemical entities	712.302	91	1.524	839079787884421873	839079615267832554	839079615267832553	265	
1	C5H3NO2	[M + H3N + H]+	C5H7N2O2+	Alkaloids	0.948	Nicotinic acid alkaloids	0.907	Pyridine alkaloids	0.908	Organoheterocyclic compounds	0.988	Pyridines and derivatives	0.706	Hydropyridines	0.524	Dihydropyridines	0.506	Dihydropyridines	0.506	Organic compounds; Organoheterocyclic compounds; Pyridines and derivatives; Organonitrogen compounds; Organooxygen compounds; Dihydropyridines; Hydropyridines; Organic oxides; Azacyclic compounds; Heteroaromatic compounds; Hydrocarbon derivatives; Organopnictogen compounds; Organic oxygen compounds; Organic nitrogen compounds; Chemical entities	127.050	92	1.531	839079895367665164	839079615301386990	839079615301386989	266	
1	C18H36N4	[M + H3N + H]+	C18H40N5+	Alkaloids	0.945	Pseudoalkaloids (transamidation)	0.309	Tricyclic guanidine alkaloids	0.167	Organoheterocyclic compounds	0.853	Diazines	0.503	Pyrimidines and pyrimidine derivatives	0.608			Pyrimidines and pyrimidine derivatives	0.608	Organic compounds; Organoheterocyclic compounds; Pyrimidines and pyrimidine derivatives; Organonitrogen compounds; Diazines; Dialkylamines; Amines; Secondary amines; Azacyclic compounds; Hydrocarbon derivatives; Organopnictogen compounds; Organic nitrogen compounds; Chemical entities	326.325	92	1.536	839079773573455400	839079615414633210	839079615414633209	269	
2	C11H15N5O3S	[M + H]+	C11H16N5O3S+	Carbohydrates	1.000	Nucleosides	1.000	Purine nucleosides	0.999	Nucleosides, nucleotides, and analogues	0.977	5'-deoxyribonucleosides	0.996	5'-deoxy-5'-thionucleosides	0.996			5'-deoxy-5'-thionucleosides	0.996	Organic compounds; Organoheterocyclic compounds; Organosulfur compounds; Carbohydrates and carbohydrate conjugates; Pyrimidines and pyrimidine derivatives; Imidazoles; Alcohols and polyols; Purines and purine derivatives; Organonitrogen compounds; Nucleosides, nucleotides, and analogues; Organooxygen compounds; Azoles; Thioethers; Aminopyrimidines and derivatives; Diazines; Pentoses; Monosaccharides; Secondary alcohols; Imidazopyrimidines; Glycosyl compounds; Glycosylamines; Polyols; Substituted imidazoles; N-substituted imidazoles; Amines; Primary amines; 1,2-diols; Tetrahydrofurans; 6-aminopurines; Sulfenyl compounds; Dialkylthioethers; Imidolactams; Azacyclic compounds; Oxacyclic compounds; Heteroaromatic compounds; Hydrocarbon derivatives; 5'-deoxyribonucleosides; 5'-deoxy-5'-thionucleosides; Organopnictogen compounds; Organic oxygen compounds; Organic nitrogen compounds; Chemical entities	298.097	93	1.543	839079810860820923	839079615343330034	839079615339135729	267	
1	C20H37NO	[M + H3N + H]+	C20H41N2O+	Fatty acids	1.000	Fatty amides	0.996	Primary amides	0.845	Lipids and lipid-like molecules	0.809	Fatty Acyls	0.834	Fatty amides	0.802	N-acyl amines	0.569	N-acyl amines	0.569	Organic compounds; Lipids and lipid-like molecules; Organic acids and derivatives; Carboxylic acids and derivatives; Organonitrogen compounds; Organooxygen compounds; Fatty amides; Carboxylic acid amides; Carboxylic acid derivatives; N-acyl amines; Secondary carboxylic acid amides; Carbonyl compounds; Fatty Acyls; Organic oxides; Hydrocarbon derivatives; Organopnictogen compounds; Organic oxygen compounds; Organic nitrogen compounds; Chemical entities	325.321	93	1.546	839079764257905413	839079615381078774	839079615381078773	268	
9	C37H65O10P	[M + H3N + H]+	C37H69NO10P+	Fatty acids	1.000	Glycerophospholipids	1.000	Glycerophosphates	0.878	Lipids and lipid-like molecules	0.991	Glycerophospholipids	0.999	Glycerophosphates	0.768	Diacylglycerophosphates	0.817	1,2-diacylglycerol-3-phosphates	0.828	Organic compounds; Lipids and lipid-like molecules; Glycerophospholipids; Organic acids and derivatives; Carboxylic acids and derivatives; Organooxygen compounds; Fatty acid esters; Dicarboxylic acids and derivatives; Organic phosphoric acids and derivatives; Phosphate esters; Carboxylic acid derivatives; Carboxylic acid esters; 1,2-diacylglycerol-3-phosphates; Diacylglycerophosphates; Carbonyl compounds; Glycerophosphates; Alkyl phosphates; Monoalkyl phosphates; Dialkyl phosphates; Fatty Acyls; Organic oxides; Hydrocarbon derivatives; Organic oxygen compounds; Chemical entities	718.467	96	1.595	839079765377784705	839079615456576254	839079615456576253	270	
1	C18H35NO	[M + H3N + H]+	C18H39N2O+	Fatty acids	0.973	Fatty amides	0.877	Primary amides	0.828	Organic oxygen compounds	0.998	Organooxygen compounds	0.972	Carbonyl compounds	0.504			Carbonyl compounds	0.504	Organic compounds; Organonitrogen compounds; Organooxygen compounds; Carbonyl compounds; Organic oxides; Hydrocarbon derivatives; Organopnictogen compounds; Organic oxygen compounds; Organic nitrogen compounds; Chemical entities	299.305	96	1.605	839079759614810454	839079615490130690	839079615490130689	271	
2	C44H60O7	[M + H3N + H]+	C44H64NO7+	Terpenoids	0.985	Carotenoids (C40)	0.975	Carotenoids (C40, β-β)	0.553	Lipids and lipid-like molecules	0.919	Prenol lipids	0.890	Tetraterpenoids	0.623	Carotenoids	0.637	Xanthophylls	0.690	Organic compounds; Lipids and lipid-like molecules; Alcohols and polyols; Ethers; Prenol lipids; Organic acids and derivatives; Organooxygen compounds; Carotenoids; Xanthophylls; Tetraterpenoids; Secondary alcohols; Carbonyl compounds; Organic oxides; Hydrocarbon derivatives; Organic oxygen compounds; Chemical entities	718.467	96	1.605	839079912870496536	839079615829869346	839079615829869345	279	
1	C30H60O2	[M + H3N + H]+	C30H64NO2+	Terpenoids	0.933	Steroids	0.595	Cholestane steroids	0.354	Lipids and lipid-like molecules	0.979	Steroids and steroid derivatives	0.771	Hydroxysteroids	0.590			Hydroxysteroids	0.590	Organic compounds; Lipids and lipid-like molecules; Alcohols and polyols; Steroids and steroid derivatives; Prenol lipids; Organooxygen compounds; Cyclic alcohols and derivatives; Hydroxysteroids; Secondary alcohols; Hydrocarbon derivatives; Organic oxygen compounds; Chemical entities	470.493	96	1.607	839079768762588424	839079615527879430	839079615527879429	272	
1	C23H41NO3	[M + H3N + H]+	C23H45N2O3+	Fatty acids	1.000	Fatty amides	0.992	N-acyl amines	0.632	Organic acids and derivatives	0.998	Carboxylic acids and derivatives	0.994	Amino acids, peptides, and analogues	0.516	Amino acids and derivatives	0.514	N-acyl-alpha amino acids and derivatives	0.545	Organic compounds; Lipids and lipid-like molecules; Amino acids, peptides, and analogues; Alcohols and polyols; Fatty acids and conjugates; Organic acids and derivatives; Carboxylic acids and derivatives; Organonitrogen compounds; Organooxygen compounds; Fatty amides; Amino acids and derivatives; Carboxylic acid amides; Carboxylic acid derivatives; N-acyl amines; Monocarboxylic acids and derivatives; N-acyl-alpha amino acids and derivatives; Carboxylic acids; Secondary carboxylic acid amides; Carbonyl compounds; Fatty Acyls; Organic oxides; Hydrocarbon derivatives; Organopnictogen compounds; Organic oxygen compounds; Organic nitrogen compounds; Chemical entities	397.343	96	1.607	839079961792860022	839079615565628170	839079615565628169	273	
2	C46H76N2O7	[M + H3N + H]+	C46H80N3O7+	Polyketides	0.549	Oligopeptides	0.575	Open-chain polyketides	0.469	Organic acids and derivatives	0.882	Carboxylic acids and derivatives	0.841	Amino acids, peptides, and analogues	0.710	Amino acids and derivatives	0.705	Amino acids and derivatives	0.705	Organic compounds; Organoheterocyclic compounds; Lipids and lipid-like molecules; Amino acids, peptides, and analogues; Alcohols and polyols; Organic acids and derivatives; Carboxylic acids and derivatives; Organonitrogen compounds; Organooxygen compounds; Amino acids and derivatives; Carboxylic acid derivatives; Carboxylic acid esters; Carbonyl compounds; Trialkylamines; Amines; Tertiary amines; Organic oxides; Azacyclic compounds; Hydrocarbon derivatives; Organopnictogen compounds; Organic oxygen compounds; Organic nitrogen compounds; Chemical entities	786.601	97	1.611	839079979794813334	839079615603376910	839079615603376909	274	
1	C9H14O2	[M + H3N + H]+	C9H18NO2+	Fatty acids	0.826	Fatty acyls	0.374	Fatty aldehydes	0.209	Organic oxygen compounds	0.999	Organooxygen compounds	0.998	Carbonyl compounds	0.934	Ketones	0.734	Ketones	0.734	Organic compounds; Ketones; Organooxygen compounds; Carbonyl compounds; Organic oxides; Hydrocarbon derivatives; Organic oxygen compounds; Chemical entities	172.133	97	1.624	839079772554239460	839079615641125650	839079615641125649	275	
1	C46H83NO9	[M + K]+	C46H83KNO9+	Fatty acids	0.999	Glycerophospholipids	0.881	Glycerophosphocholines	0.552	Lipids and lipid-like molecules	0.942	Glycerophospholipids	0.600	Glycerophosphocholines	0.876	Phosphatidylcholines	0.541	Phosphatidylcholines	0.541	Organic compounds; Lipids and lipid-like molecules; Alcohols and polyols; Glycerophospholipids; Organic acids and derivatives; Carboxylic acids and derivatives; Organonitrogen compounds; Organooxygen compounds; Fatty acid esters; Dicarboxylic acids and derivatives; Organic phosphoric acids and derivatives; Phosphate esters; Quaternary ammonium salts; Cholines; Carboxylic acid derivatives; Carboxylic acid esters; Phosphocholines; Phosphatidylcholines; Secondary alcohols; Carbonyl compounds; Glycerophosphocholines; Amines; Alkyl phosphates; Dialkyl phosphates; Organic cations; Organic salts; Fatty Acyls; Organic oxides; Hydrocarbon derivatives; Tetraalkylammonium salts; Organopnictogen compounds; Organic oxygen compounds; Organic nitrogen compounds; Chemical entities	832.569	98	1.630	839079791235671073	839079615678874390	839079615678874389	276	
1	C42H80NO8P	[M + H]+	C42H81NO8P+	Fatty acids	0.998	Glycerophospholipids	0.999	Glycerophosphoethanolamines	0.998	Lipids and lipid-like molecules	0.981	Glycerophospholipids	0.998	Glycerophosphoethanolamines	0.992	Phosphatidylethanolamines	0.970	Phosphatidylethanolamines	0.970	Organic compounds; Lipids and lipid-like molecules; Amino acids, peptides, and analogues; Glycerophospholipids; Organic acids and derivatives; Carboxylic acids and derivatives; Organonitrogen compounds; Organooxygen compounds; Fatty acid esters; Dicarboxylic acids and derivatives; Amino acids and derivatives; Organic phosphoric acids and derivatives; Phosphate esters; Monoalkylamines; Carboxylic acid derivatives; Carboxylic acid esters; Phosphoethanolamines; Phosphatidylethanolamines; Carbonyl compounds; Glycerophosphoethanolamines; Amines; Primary amines; Alkyl phosphates; Dialkyl phosphates; Fatty Acyls; Organic oxides; Hydrocarbon derivatives; Organopnictogen compounds; Organic oxygen compounds; Organic nitrogen compounds; Chemical entities	758.569	98	1.634	839079896823088761	839079615779537694	839079615779537693	278	
1	C21H39NO3	[M + H3N + H]+	C21H43N2O3+	Fatty acids	1.000	Fatty amides	0.999	N-acyl amines	0.950	Organic acids and derivatives	1.000	Carboxylic acids and derivatives	0.998	Amino acids, peptides, and analogues	0.506	Amino acids and derivatives	0.506	N-acyl-alpha amino acids and derivatives	0.605	Organic compounds; Lipids and lipid-like molecules; Amino acids, peptides, and analogues; Fatty acids and conjugates; Organic acids and derivatives; Carboxylic acids and derivatives; Organonitrogen compounds; Organooxygen compounds; Fatty amides; Amino acids and derivatives; Carboxylic acid amides; Carboxylic acid derivatives; N-acyl amines; Monocarboxylic acids and derivatives; N-acyl-alpha amino acids and derivatives; Carboxylic acids; Secondary carboxylic acid amides; Carbonyl compounds; Fatty Acyls; Organic oxides; Hydrocarbon derivatives; Organopnictogen compounds; Organic oxygen compounds; Organic nitrogen compounds; Chemical entities	371.327	98	1.638	839079964158447540	839079615716623130	839079615716623129	277	
2	C28H59NO2	[M + H]+	C28H60NO2+	Fatty acids	1.000	Spingolipids	0.999	Sphingoid bases	0.999	Organic nitrogen compounds	0.999	Organonitrogen compounds	0.999	Amines	0.901	Alkanolamines	0.879	1,2-aminoalcohols	0.857	Organic compounds; Alcohols and polyols; Organonitrogen compounds; Primary alcohols; Organooxygen compounds; Monoalkylamines; Secondary alcohols; 1,2-aminoalcohols; Amines; Primary amines; Alkanolamines; Hydrocarbon derivatives; Organopnictogen compounds; Organic oxygen compounds; Organic nitrogen compounds; Chemical entities	442.462	99	1.649	839079870860344546	839079615867618086	839079615867618085	280	
2	C100H142O8	[M + H3N + H]+	C100H146NO8+	Fatty acids	1.000	Glycerolipids	1.000	Triacylglycerols	1.000	Lipids and lipid-like molecules	0.991	Glycerolipids	1.000	Triradylcglycerols	1.000	Triacylglycerols	1.000	Triacylglycerols	1.000	Organic compounds; Lipids and lipid-like molecules; Glycerolipids; Organic acids and derivatives; Carboxylic acids and derivatives; Organooxygen compounds; Fatty acid esters; Carboxylic acid derivatives; Triacylglycerols; Carboxylic acid esters; Carbonyl compounds; Tricarboxylic acids and derivatives; Triradylcglycerols; Fatty Acyls; Organic oxides; Hydrocarbon derivatives; Organic oxygen compounds; Chemical entities	1489.105	100	1.662	839079944009010469	839079615947309870	839079615947309869	282	
1	C98H150O12	[M - H2O + H]+	C98H149O11+	Terpenoids	0.681	Glycerolipids	0.270	Triacylglycerols	0.139	Lipids and lipid-like molecules	0.996	Fatty Acyls	0.978	Fatty acyl glycosides	0.954	Alkyl glycosides	0.930	Alkyl glycosides	0.930	Organic compounds; Organoheterocyclic compounds; Carbohydrates and carbohydrate conjugates; Lipids and lipid-like molecules; Alcohols and polyols; Prenol lipids; Organic acids and derivatives; Primary alcohols; Organooxygen compounds; Fatty acid esters; Fatty alcohols; Monosaccharides; Acetals; Secondary alcohols; Fatty acyl glycosides; Polyterpenoids; Carbonyl compounds; Oxanes; Glycosyl compounds; Alkyl glycosides; O-glycosyl compounds; Polyols; Fatty acyl glycosides of mono- and disaccharides; Fatty Acyls; Organic oxides; Oxacyclic compounds; Hydrocarbon derivatives; Organic oxygen compounds; Chemical entities	1502.115	100	1.663	839079764627004202	839079615985058610	839079615985058609	283	
1	C41H78NO8P	[M + H]+	C41H79NO8P+	Fatty acids	0.999	Glycerophospholipids	1.000	Glycerophosphoethanolamines	0.989	Lipids and lipid-like molecules	0.978	Glycerophospholipids	0.999	Glycerophosphoethanolamines	0.980	Phosphatidylethanolamines	0.919	Phosphatidylethanolamines	0.919	Organic compounds; Lipids and lipid-like molecules; Amino acids, peptides, and analogues; Glycerophospholipids; Organic acids and derivatives; Carboxylic acids and derivatives; Organonitrogen compounds; Organooxygen compounds; Fatty acid esters; Dicarboxylic acids and derivatives; Amino acids and derivatives; Organic phosphoric acids and derivatives; Phosphate esters; Monoalkylamines; Carboxylic acid derivatives; Carboxylic acid esters; Phosphoethanolamines; Phosphatidylethanolamines; Carbonyl compounds; Glycerophosphoethanolamines; Amines; Primary amines; Alkyl phosphates; Dialkyl phosphates; Fatty Acyls; Organic oxides; Hydrocarbon derivatives; Organopnictogen compounds; Organic oxygen compounds; Organic nitrogen compounds; Chemical entities	744.554	100	1.664	839079769404316962	839079615909561130	839079615909561129	281	
1	C39H80NO8P	[M + Na]+	C39H80NNaO8P+	Fatty acids	0.999	Glycerophospholipids	0.999	Glycerophosphoethanolamines	0.961	Lipids and lipid-like molecules	0.977	Glycerophospholipids	0.998	Glycerophosphoethanolamines	0.932	Phosphatidylethanolamines	0.876	Phosphatidylethanolamines	0.876	Organic compounds; Lipids and lipid-like molecules; Amino acids, peptides, and analogues; Glycerophospholipids; Organic acids and derivatives; Carboxylic acids and derivatives; Organonitrogen compounds; Organooxygen compounds; Fatty acid esters; Dicarboxylic acids and derivatives; Amino acids and derivatives; Organic phosphoric acids and derivatives; Phosphate esters; Monoalkylamines; Carboxylic acid derivatives; Carboxylic acid esters; Phosphoethanolamines; Phosphatidylethanolamines; Carbonyl compounds; Glycerophosphoethanolamines; Amines; Primary amines; Alkyl phosphates; Dialkyl phosphates; Fatty Acyls; Organic oxides; Hydrocarbon derivatives; Organopnictogen compounds; Organic oxygen compounds; Organic nitrogen compounds; Chemical entities	744.555	100	1.672	839079780489863341	839079616391906138	839079616391906137	293	
7	C94H144N2O10	[M + H]+	C94H145N2O10+	Fatty acids	1.000	Spingolipids	1.000	Neutral glycosphingolipids	0.885	Lipids and lipid-like molecules	0.998	Sphingolipids	0.944	Glycosphingolipids	0.864	Neutral glycosphingolipids	0.843	Glycosyl-N-acylsphingosines	0.845	Organic compounds; Carbohydrates and carbohydrate conjugates; Lipids and lipid-like molecules; Alcohols and polyols; Sphingolipids; Organic acids and derivatives; Carboxylic acids and derivatives; Organonitrogen compounds; Primary alcohols; Organooxygen compounds; Fatty acid esters; Fatty amides; Carboxylic acid amides; Carboxylic acid derivatives; N-acyl amines; Carboxylic acid esters; Neutral glycosphingolipids; Simple glycosylceramides; Monosaccharides; Secondary alcohols; Secondary carboxylic acid amides; Fatty acyl glycosides; Carbonyl compounds; Oxanes; Glycosyl compounds; Alkyl glycosides; O-glycosyl compounds; Glycosphingolipids; Fatty acyl glycosides of mono- and disaccharides; Fatty Acyls; Organic oxides; Oxacyclic compounds; Hydrocarbon derivatives; Glycosyl-N-acylsphingosines; Organopnictogen compounds; Organic oxygen compounds; Organic nitrogen compounds; Chemical entities	1462.084	101	1.688	839079780162707595	839079616144442178	839079616144442177	287	
1	C84H146O16	[M + Na]+	C84H146NaO16+	Terpenoids	0.737	Glycerolipids	0.649	Triacylglycerols	0.883	Lipids and lipid-like molecules	0.985	Glycerolipids	0.643	Triradylcglycerols	0.892	Triacylglycerols	0.848	Triacylglycerols	0.848	Organic compounds; Lipids and lipid-like molecules; Glycerolipids; Prenol lipids; Organic acids and derivatives; Organooxygen compounds; Triacylglycerols; Fatty alcohols; Fatty acyl glycosides; Polyterpenoids; Tricarboxylic acids and derivatives; Alkyl glycosides; Triradylcglycerols; Fatty acyl glycosides of mono- and disaccharides; Fatty Acyls; Organic oxides; Hydrocarbon derivatives; Organic oxygen compounds; Chemical entities	1434.053	102	1.695	839079987415863925	839079616509346662	839079616509346661	296	
1	C40H76NO8P	[M + H]+	C40H77NO8P+	Fatty acids	0.998	Glycerophospholipids	0.999	Glycerophosphoethanolamines	0.993	Lipids and lipid-like molecules	0.977	Glycerophospholipids	0.998	Glycerophosphoethanolamines	0.983	Phosphatidylethanolamines	0.933	Phosphatidylethanolamines	0.933	Organic compounds; Lipids and lipid-like molecules; Amino acids, peptides, and analogues; Glycerophospholipids; Organic acids and derivatives; Carboxylic acids and derivatives; Organonitrogen compounds; Organooxygen compounds; Fatty acid esters; Dicarboxylic acids and derivatives; Amino acids and derivatives; Organic phosphoric acids and derivatives; Phosphate esters; Monoalkylamines; Carboxylic acid derivatives; Carboxylic acid esters; Phosphoethanolamines; Phosphatidylethanolamines; Carbonyl compounds; Glycerophosphoethanolamines; Amines; Primary amines; Alkyl phosphates; Dialkyl phosphates; Fatty Acyls; Organic oxides; Hydrocarbon derivatives; Organopnictogen compounds; Organic oxygen compounds; Organic nitrogen compounds; Chemical entities	730.539	102	1.698	839079764492786469	839079616186385222	839079616186385221	288	
1	C10H13N5O4	[M - H2O + H]+	C10H12N5O3+	Carbohydrates	1.000	Nucleosides	1.000	Purine nucleosides	0.999	Nucleosides, nucleotides, and analogues	0.989	Purine nucleosides	0.975					Purine nucleosides	0.975	Organic compounds; Organoheterocyclic compounds; Carbohydrates and carbohydrate conjugates; Pyrimidines and pyrimidine derivatives; Imidazoles; Alcohols and polyols; Purines and purine derivatives; Organonitrogen compounds; Primary alcohols; Nucleosides, nucleotides, and analogues; Organooxygen compounds; Azoles; Purine nucleosides; Aminopyrimidines and derivatives; Diazines; Pentoses; Monosaccharides; Secondary alcohols; Imidazopyrimidines; Glycosyl compounds; Glycosylamines; Substituted imidazoles; N-substituted imidazoles; Amines; Primary amines; Tetrahydrofurans; 6-aminopurines; Imidolactams; Azacyclic compounds; Oxacyclic compounds; Heteroaromatic compounds; Hydrocarbon derivatives; Organopnictogen compounds; Organic oxygen compounds; Organic nitrogen compounds; Chemical entities	250.093	102	1.707	839079802421880705	839079616232522570	839079616228328265	289	
1	C39H76NO8P	[M + H]+	C39H77NO8P+	Fatty acids	0.998	Glycerophospholipids	0.999	Glycerophosphoethanolamines	0.997	Lipids and lipid-like molecules	0.978	Glycerophospholipids	0.998	Glycerophosphoethanolamines	0.991	Phosphatidylethanolamines	0.948	Phosphatidylethanolamines	0.948	Organic compounds; Lipids and lipid-like molecules; Amino acids, peptides, and analogues; Glycerophospholipids; Organic acids and derivatives; Carboxylic acids and derivatives; Organonitrogen compounds; Organooxygen compounds; Fatty acid esters; Dicarboxylic acids and derivatives; Amino acids and derivatives; Organic phosphoric acids and derivatives; Phosphate esters; Monoalkylamines; Carboxylic acid derivatives; Carboxylic acid esters; Phosphoethanolamines; Phosphatidylethanolamines; Carbonyl compounds; Glycerophosphoethanolamines; Amines; Primary amines; Alkyl phosphates; Dialkyl phosphates; Fatty Acyls; Organic oxides; Hydrocarbon derivatives; Organopnictogen compounds; Organic oxygen compounds; Organic nitrogen compounds; Chemical entities	718.537	103	1.709	839079781387444481	839079616308020050	839079616308020049	291	
1	C84H146O16	[M + Na]+	C84H146NaO16+	Terpenoids	0.798	Glycerolipids	0.562	Triacylglycerols	0.885	Lipids and lipid-like molecules	0.984	Glycerolipids	0.593	Triradylcglycerols	0.888	Triacylglycerols	0.845	Triacylglycerols	0.845	Organic compounds; Lipids and lipid-like molecules; Glycerolipids; Prenol lipids; Organic acids and derivatives; Organooxygen compounds; Triacylglycerols; Fatty alcohols; Polyterpenoids; Tricarboxylic acids and derivatives; Alkyl glycosides; Triradylcglycerols; Fatty Acyls; Organic oxides; Hydrocarbon derivatives; Organic oxygen compounds; Chemical entities	1434.053	103	1.709	839080011826713731	839079616060556090	839079616060556089	285	
1	C39H74NO8P	[M + H]+	C39H75NO8P+	Fatty acids	0.999	Glycerophospholipids	1.000	Glycerophosphoethanolamines	0.988	Lipids and lipid-like molecules	0.979	Glycerophospholipids	0.999	Glycerophosphoethanolamines	0.977	Phosphatidylethanolamines	0.916	Phosphatidylethanolamines	0.916	Organic compounds; Lipids and lipid-like molecules; Amino acids, peptides, and analogues; Glycerophospholipids; Organic acids and derivatives; Carboxylic acids and derivatives; Organonitrogen compounds; Organooxygen compounds; Fatty acid esters; Dicarboxylic acids and derivatives; Amino acids and derivatives; Organic phosphoric acids and derivatives; Phosphate esters; Monoalkylamines; Carboxylic acid derivatives; Carboxylic acid esters; Phosphoethanolamines; Phosphatidylethanolamines; Carbonyl compounds; Glycerophosphoethanolamines; Amines; Primary amines; Alkyl phosphates; Dialkyl phosphates; Fatty Acyls; Organic oxides; Hydrocarbon derivatives; Organopnictogen compounds; Organic oxygen compounds; Organic nitrogen compounds; Chemical entities	716.523	103	1.716	839079935930780771	839079616433849182	839079616433849181	294	
5	C85H136N4O12	[M + H]+	C85H137N4O12+	Fatty acids	0.853	Oligopeptides	0.972	Lipopeptides	0.689	Organic acids and derivatives	1.000	Peptidomimetics	0.387	Depsipeptides	0.438	Cyclic depsipeptides	0.771	Cyclic depsipeptides	0.771	Organic compounds; Organoheterocyclic compounds; Lipids and lipid-like molecules; Amino acids, peptides, and analogues; Lactones; Alpha amino acids and derivatives; Macrolactams; Lactams; Phenylpropanoids and polyketides; Organic acids and derivatives; Carboxylic acids and derivatives; Organonitrogen compounds; Organooxygen compounds; Fatty acid esters; Amino acids and derivatives; Alpha amino acid esters; Carboxylic acid amides; Carboxylic acid derivatives; Carboxylic acid esters; Secondary carboxylic acid amides; Carbonyl compounds; Macrolide lactams; Tricarboxylic acids and derivatives; Cyclic depsipeptides; Fatty Acyls; Organic oxides; Azacyclic compounds; Oxacyclic compounds; Hydrocarbon derivatives; Organopnictogen compounds; Organic oxygen compounds; Organic nitrogen compounds; Chemical entities	1406.023	103	1.719	839079803822778353	839079616471597922	839079616471597921	295	
1	C40H74O8	[M + Na]+	C40H74NaO8+	Fatty acids	0.999	Glycerolipids	1.000	Diacylglycerols	0.741	Lipids and lipid-like molecules	0.970	Glycerolipids	0.993	Triradylcglycerols	0.641	Triacylglycerols	0.698	Triacylglycerols	0.698	Organic compounds; Lipids and lipid-like molecules; Alcohols and polyols; Glycerolipids; Organic acids and derivatives; Carboxylic acids and derivatives; Organooxygen compounds; Fatty acid esters; Carboxylic acid derivatives; Triacylglycerols; Carboxylic acid esters; Carbonyl compounds; Tricarboxylic acids and derivatives; Triradylcglycerols; Fatty Acyls; Organic oxides; Hydrocarbon derivatives; Organic oxygen compounds; Chemical entities	705.526	104	1.736	839079784814191173	839079616626787186	839079616626787185	299	
2	C45H74O9	[M + H]+	C45H75O9+	Fatty acids	1.000	Glycerolipids	1.000	Triacylglycerols	0.675	Lipids and lipid-like molecules	0.982	Glycerolipids	0.995	Triradylcglycerols	0.678	Triacylglycerols	0.661	Triacylglycerols	0.661	Organic compounds; Lipids and lipid-like molecules; Alcohols and polyols; Glycerolipids; Organic acids and derivatives; Carboxylic acids and derivatives; Organooxygen compounds; Fatty acid esters; Carboxylic acid derivatives; Triacylglycerols; Carboxylic acid esters; Fatty alcohols; Secondary alcohols; Carbonyl compounds; Tricarboxylic acids and derivatives; Triradylcglycerols; Fatty Acyls; Organic oxides; Hydrocarbon derivatives; Organic oxygen compounds; Chemical entities	759.536	104	1.738	839079794083603731	839079616966525842	839079616962331537	307	
1	C35H66O5	[M - H2O + H]+	C35H65O4+	Fatty acids	1.000	Glycerolipids	1.000	Diacylglycerols	0.999	Lipids and lipid-like molecules	0.991	Glycerolipids	0.994	Diradylglycerols	0.990	Diacylglycerols	0.995	1,2-diacylglycerols	0.980	Organic compounds; Lipids and lipid-like molecules; Alcohols and polyols; Glycerolipids; Organic acids and derivatives; Carboxylic acids and derivatives; Primary alcohols; Organooxygen compounds; Fatty acid esters; Dicarboxylic acids and derivatives; Carboxylic acid derivatives; Diacylglycerols; Carboxylic acid esters; 1,2-diacylglycerols; Carbonyl compounds; Diradylglycerols; Fatty Acyls; Organic oxides; Hydrocarbon derivatives; Organic oxygen compounds; Chemical entities	549.488	104	1.738	839079774848524015	839079616672924534	839079616672924533	300	
1	C37H72NO8P	[M + H]+	C37H73NO8P+	Fatty acids	1.000	Glycerophospholipids	1.000	Glycerophosphoethanolamines	0.995	Lipids and lipid-like molecules	0.992	Glycerophospholipids	1.000	Glycerophosphoethanolamines	0.988	Phosphatidylethanolamines	0.979	Phosphatidylethanolamines	0.979	Organic compounds; Lipids and lipid-like molecules; Amino acids, peptides, and analogues; Glycerophospholipids; Organic acids and derivatives; Carboxylic acids and derivatives; Organonitrogen compounds; Organooxygen compounds; Fatty acid esters; Dicarboxylic acids and derivatives; Amino acids and derivatives; Organic phosphoric acids and derivatives; Phosphate esters; Monoalkylamines; Carboxylic acid derivatives; Carboxylic acid esters; Phosphoethanolamines; Phosphatidylethanolamines; Carbonyl compounds; Glycerophosphoethanolamines; Amines; Primary amines; Alkyl phosphates; Dialkyl phosphates; Fatty Acyls; Organic oxides; Hydrocarbon derivatives; Organopnictogen compounds; Organic oxygen compounds; Organic nitrogen compounds; Chemical entities	690.508	104	1.738	839079787263664828	839079617385956286	839079617385956285	318	
2	C41H78NO9P	[M + H]+	C41H79NO9P+	Fatty acids	0.991	Glycerophospholipids	0.998	Glycerophosphocholines	0.880	Lipids and lipid-like molecules	0.965	Glycerophospholipids	0.995	Glycerophosphocholines	0.943	Phosphatidylcholines	0.900	Phosphatidylcholines	0.900	Organic compounds; Lipids and lipid-like molecules; Glycerophospholipids; Organic acids and derivatives; Carboxylic acids and derivatives; Organonitrogen compounds; Organooxygen compounds; Fatty acid esters; Dicarboxylic acids and derivatives; Organic phosphoric acids and derivatives; Phosphate esters; Quaternary ammonium salts; Cholines; Carboxylic acid derivatives; Carboxylic acid esters; Phosphocholines; Phosphatidylcholines; Carbonyl compounds; Glycerophosphocholines; Amines; Alkyl phosphates; Dialkyl phosphates; Organic cations; Fatty Acyls; Organic oxides; Hydrocarbon derivatives; Tetraalkylammonium salts; Organopnictogen compounds; Organic oxygen compounds; Organic nitrogen compounds; Chemical entities	760.545	104	1.739	839079786189922953	839079616547095402	839079616547095401	297	
5	C41H76NO9P	[M + H]+	C41H77NO9P+	Fatty acids	0.998	Glycerophospholipids	0.999	Glycerophosphoethanolamines	0.686	Lipids and lipid-like molecules	0.976	Glycerophospholipids	0.998	Glycerophosphoethanolamines	0.695	Phosphatidylethanolamines	0.683	Phosphatidylethanolamines	0.683	Organic compounds; Lipids and lipid-like molecules; Amino acids, peptides, and analogues; Glycerophospholipids; Organic acids and derivatives; Carboxylic acids and derivatives; Organonitrogen compounds; Organooxygen compounds; Fatty acid esters; Dicarboxylic acids and derivatives; Amino acids and derivatives; Organic phosphoric acids and derivatives; Phosphate esters; Monoalkylamines; Carboxylic acid derivatives; Carboxylic acid esters; Phosphoethanolamines; Phosphatidylethanolamines; Carbonyl compounds; Glycerophosphoethanolamines; Amines; Primary amines; Alkyl phosphates; Dialkyl phosphates; Fatty Acyls; Organic oxides; Hydrocarbon derivatives; Organopnictogen compounds; Organic oxygen compounds; Organic nitrogen compounds; Chemical entities	758.533	104	1.741	839079789486646126	839079616714867578	839079616714867577	301	
2	C74H142N2O16P2	[M + H]+	C74H143N2O16P2+	Fatty acids	0.998	Glycerophospholipids	0.998	Glycerophosphoethanolamines	0.950	Lipids and lipid-like molecules	0.978	Glycerophospholipids	0.998	Glycerophosphoethanolamines	0.944	Phosphatidylethanolamines	0.884	Phosphatidylethanolamines	0.884	Organic compounds; Lipids and lipid-like molecules; Amino acids, peptides, and analogues; Glycerophospholipids; Organic acids and derivatives; Carboxylic acids and derivatives; Organonitrogen compounds; Organooxygen compounds; Fatty acid esters; Dicarboxylic acids and derivatives; Amino acids and derivatives; Organic phosphoric acids and derivatives; Phosphate esters; Monoalkylamines; Carboxylic acid derivatives; Carboxylic acid esters; Phosphoethanolamines; Phosphatidylethanolamines; Carbonyl compounds; Glycerophosphoethanolamines; Amines; Primary amines; Alkyl phosphates; Dialkyl phosphates; Fatty Acyls; Organic oxides; Hydrocarbon derivatives; Organopnictogen compounds; Organic oxygen compounds; Organic nitrogen compounds; Chemical entities	1377.992	105	1.743	839079800337311458	839079616836502406	839079616836502405	304	
1	C38H72NO8P	[M + H]+	C38H73NO8P+	Fatty acids	0.999	Glycerophospholipids	1.000	Glycerophosphoethanolamines	0.987	Lipids and lipid-like molecules	0.982	Glycerophospholipids	0.999	Glycerophosphoethanolamines	0.972	Phosphatidylethanolamines	0.929	Phosphatidylethanolamines	0.929	Organic compounds; Lipids and lipid-like molecules; Amino acids, peptides, and analogues; Glycerophospholipids; Organic acids and derivatives; Carboxylic acids and derivatives; Organonitrogen compounds; Organooxygen compounds; Fatty acid esters; Dicarboxylic acids and derivatives; Amino acids and derivatives; Organic phosphoric acids and derivatives; Phosphate esters; Monoalkylamines; Carboxylic acid derivatives; Carboxylic acid esters; Phosphoethanolamines; Phosphatidylethanolamines; Carbonyl compounds; Glycerophosphoethanolamines; Amines; Primary amines; Alkyl phosphates; Dialkyl phosphates; Fatty Acyls; Organic oxides; Hydrocarbon derivatives; Organopnictogen compounds; Organic oxygen compounds; Organic nitrogen compounds; Chemical entities	702.506	105	1.743	839080000049107889	839079616920388494	839079616920388493	306	
1	C38H74NO8P	[M + H]+	C38H75NO8P+	Fatty acids	0.997	Glycerophospholipids	0.998	Glycerophosphoethanolamines	0.995	Lipids and lipid-like molecules	0.978	Glycerophospholipids	0.998	Glycerophosphoethanolamines	0.986	Phosphatidylethanolamines	0.956	Phosphatidylethanolamines	0.956	Organic compounds; Lipids and lipid-like molecules; Amino acids, peptides, and analogues; Glycerophospholipids; Organic acids and derivatives; Carboxylic acids and derivatives; Organonitrogen compounds; Organooxygen compounds; Fatty acid esters; Dicarboxylic acids and derivatives; Amino acids and derivatives; Organic phosphoric acids and derivatives; Phosphate esters; Monoalkylamines; Carboxylic acid derivatives; Carboxylic acid esters; Phosphoethanolamines; Phosphatidylethanolamines; Carbonyl compounds; Glycerophosphoethanolamines; Amines; Primary amines; Alkyl phosphates; Dialkyl phosphates; Fatty Acyls; Organic oxides; Hydrocarbon derivatives; Organopnictogen compounds; Organic oxygen compounds; Organic nitrogen compounds; Chemical entities	704.522	105	1.745	839079884064014724	839079616756810622	839079616752616317	302	
9	C92H133NO9	[M - H2O + H]+	C92H132NO8+	Fatty acids	1.000	Glycerolipids	0.995	Triacylglycerols	0.995	Lipids and lipid-like molecules	0.994	Glycerolipids	0.953	Triradylcglycerols	0.995	Triacylglycerols	0.994	Triacylglycerols	0.994	Organic compounds; Lipids and lipid-like molecules; Alcohols and polyols; Glycerolipids; Organic acids and derivatives; Carboxylic acids and derivatives; Organonitrogen compounds; Organooxygen compounds; Fatty acid esters; Carboxylic acid derivatives; Triacylglycerols; Carboxylic acid esters; Fatty alcohols; Secondary alcohols; Carbonyl compounds; Tricarboxylic acids and derivatives; Triradylcglycerols; Fatty Acyls; Organic oxides; Hydrocarbon derivatives; Organopnictogen compounds; Organic oxygen compounds; Organic nitrogen compounds; Chemical entities	1378.995	105	1.751	839079846755677394	839079617008468886	839079617004274581	308	
1	C37H72NO8P	[M + H]+	C37H73NO8P+	Fatty acids	0.998	Glycerophospholipids	0.999	Glycerophosphoethanolamines	0.991	Lipids and lipid-like molecules	0.976	Glycerophospholipids	0.998	Glycerophosphoethanolamines	0.981	Phosphatidylethanolamines	0.924	Phosphatidylethanolamines	0.924	Organic compounds; Lipids and lipid-like molecules; Amino acids, peptides, and analogues; Glycerophospholipids; Organic acids and derivatives; Carboxylic acids and derivatives; Organonitrogen compounds; Organooxygen compounds; Fatty acid esters; Dicarboxylic acids and derivatives; Amino acids and derivatives; Organic phosphoric acids and derivatives; Phosphate esters; Monoalkylamines; Carboxylic acid derivatives; Carboxylic acid esters; Phosphoethanolamines; Phosphatidylethanolamines; Carbonyl compounds; Glycerophosphoethanolamines; Amines; Primary amines; Alkyl phosphates; Dialkyl phosphates; Fatty Acyls; Organic oxides; Hydrocarbon derivatives; Organopnictogen compounds; Organic oxygen compounds; Organic nitrogen compounds; Chemical entities	690.508	106	1.760	839079781051900109	839079617130103714	839079617130103713	311	
1	C9H14O2	[M + H3N + H]+	C9H18NO2+	Fatty acids	0.692	Fatty acyls	0.420	Apocarotenoids(ε-)	0.258	Organic oxygen compounds	0.999	Organooxygen compounds	0.999	Carbonyl compounds	0.953	Ketones	0.868	Cyclic ketones	0.634	Organic compounds; Ketones; Organooxygen compounds; Carbonyl compounds; Cyclic ketones; Organic oxides; Hydrocarbon derivatives; Organic oxygen compounds; Chemical entities	172.133	106	1.767	839079831064784584	839079617167852454	839079617167852453	312	
1	C40H66N4O4	[M + Na]+	C40H66N4NaO4+	Fatty acids	0.852	Fatty Acids and Conjugates	0.147	Imidazole alkaloids	0.031	Lipids and lipid-like molecules	0.824	Fatty Acyls	0.809					Fatty Acyls	0.809	Organic compounds; Organoheterocyclic compounds; Lipids and lipid-like molecules; Organic acids and derivatives; Carboxylic acids and derivatives; Organonitrogen compounds; Organooxygen compounds; Organic carbonic acids and derivatives; Ureas; Carboxylic acid derivatives; Monocarboxylic acids and derivatives; Carbonyl compounds; Fatty Acyls; Organic oxides; Azacyclic compounds; Hydrocarbon derivatives; Organopnictogen compounds; Organic oxygen compounds; Organic nitrogen compounds; Chemical entities	689.497	106	1.768	839079776157146904	839079617616643030	839079617616643029	324	
1	C37H70NO8P	[M + H]+	C37H71NO8P+	Fatty acids	0.999	Glycerophospholipids	1.000	Glycerophosphoethanolamines	0.977	Lipids and lipid-like molecules	0.980	Glycerophospholipids	0.999	Glycerophosphoethanolamines	0.961	Phosphatidylethanolamines	0.908	Phosphatidylethanolamines	0.908	Organic compounds; Lipids and lipid-like molecules; Amino acids, peptides, and analogues; Glycerophospholipids; Organic acids and derivatives; Carboxylic acids and derivatives; Organonitrogen compounds; Organooxygen compounds; Fatty acid esters; Dicarboxylic acids and derivatives; Amino acids and derivatives; Organic phosphoric acids and derivatives; Phosphate esters; Monoalkylamines; Carboxylic acid derivatives; Carboxylic acid esters; Phosphoethanolamines; Phosphatidylethanolamines; Carbonyl compounds; Glycerophosphoethanolamines; Amines; Primary amines; Alkyl phosphates; Dialkyl phosphates; Fatty Acyls; Organic oxides; Hydrocarbon derivatives; Organopnictogen compounds; Organic oxygen compounds; Organic nitrogen compounds; Chemical entities	688.493	106	1.769	839079764459232036	839079617578894290	839079617578894289	323	
1	C37H70NO9P	[M + H]+	C37H71NO9P+	Fatty acids	0.999	Glycerophospholipids	1.000	Glycerophosphoethanolamines	0.989	Lipids and lipid-like molecules	0.985	Glycerophospholipids	0.999	Glycerophosphoethanolamines	0.982	Phosphatidylethanolamines	0.961	Phosphatidylethanolamines	0.961	Organic compounds; Lipids and lipid-like molecules; Amino acids, peptides, and analogues; Glycerophospholipids; Organic acids and derivatives; Carboxylic acids and derivatives; Organonitrogen compounds; Organooxygen compounds; Fatty acid esters; Dicarboxylic acids and derivatives; Amino acids and derivatives; Organic phosphoric acids and derivatives; Phosphate esters; Monoalkylamines; Carboxylic acid derivatives; Carboxylic acid esters; Phosphoethanolamines; Phosphatidylethanolamines; Carbonyl compounds; Glycerophosphoethanolamines; Amines; Primary amines; Alkyl phosphates; Dialkyl phosphates; Fatty Acyls; Organic oxides; Hydrocarbon derivatives; Organopnictogen compounds; Organic oxygen compounds; Organic nitrogen compounds; Chemical entities	704.486	107	1.779	839079795237037427	839079617654391770	839079617654391769	325	
1	C36H70NO8P	[M + H]+	C36H71NO8P+	Fatty acids	0.999	Glycerophospholipids	1.000	Glycerophosphoethanolamines	0.994	Lipids and lipid-like molecules	0.983	Glycerophospholipids	0.999	Glycerophosphoethanolamines	0.987	Phosphatidylethanolamines	0.954	Phosphatidylethanolamines	0.954	Organic compounds; Lipids and lipid-like molecules; Amino acids, peptides, and analogues; Glycerophospholipids; Organic acids and derivatives; Carboxylic acids and derivatives; Organonitrogen compounds; Organooxygen compounds; Fatty acid esters; Dicarboxylic acids and derivatives; Amino acids and derivatives; Organic phosphoric acids and derivatives; Phosphate esters; Monoalkylamines; Carboxylic acid derivatives; Carboxylic acid esters; Phosphoethanolamines; Phosphatidylethanolamines; Carbonyl compounds; Glycerophosphoethanolamines; Amines; Primary amines; Alkyl phosphates; Dialkyl phosphates; Fatty Acyls; Organic oxides; Hydrocarbon derivatives; Organopnictogen compounds; Organic oxygen compounds; Organic nitrogen compounds; Chemical entities	676.492	107	1.781	839079980574953927	839079617205601194	839079617205601193	313	
6	C37H61N5O7	[M + H3N + H]+	C37H65N6O7+	Fatty acids	0.736	Oligopeptides	0.300	Lipopeptides	0.148	Lipids and lipid-like molecules	0.900	Sphingolipids	0.733	Ceramides	0.676			Ceramides	0.676	Organic compounds; Organoheterocyclic compounds; Lipids and lipid-like molecules; Amino acids, peptides, and analogues; Alcohols and polyols; Sphingolipids; Organic acids and derivatives; Carboxylic acids and derivatives; Organonitrogen compounds; Organooxygen compounds; Fatty amides; Amino acids and derivatives; Azoles; Carboxylic acid amides; Carboxylic acid derivatives; N-acyl amines; Organic nitro compounds; Ceramides; Organic oxoazanium compounds; Secondary alcohols; Secondary carboxylic acid amides; Oxadiazoles; Carbonyl compounds; Benzoxadiazoles; Furazans; Amines; Organic zwitterions; Organic 1,3-dipolar compounds; Allyl-type 1,3-dipolar organic compounds; Propargyl-type 1,3-dipolar organic compounds; Fatty Acyls; Organic oxides; C-nitro compounds; Azacyclic compounds; Oxacyclic compounds; Heteroaromatic compounds; Hydrocarbon derivatives; Organopnictogen compounds; Organic oxygen compounds; Nitroaromatic compounds; Organic nitrogen compounds; Chemical entities	705.490	107	1.783	839079863939742341	839079617692140510	839079617692140509	326	
1	C41H73NO7	[M + K]+	C41H73KNO7+	Fatty acids	1.000	Glycerophospholipids	0.996	Glycerophosphoserines	0.421	Lipids and lipid-like molecules	0.989	Glycerophospholipids	0.989	Glycerophosphoethanolamines	0.442	Phosphatidylethanolamines	0.636	Phosphatidylethanolamines	0.636	Organic compounds; Lipids and lipid-like molecules; Amino acids, peptides, and analogues; Glycerophospholipids; Organic acids and derivatives; Carboxylic acids and derivatives; Organonitrogen compounds; Organooxygen compounds; Fatty acid esters; Dicarboxylic acids and derivatives; Amino acids and derivatives; Organic phosphoric acids and derivatives; Phosphate esters; Monoalkylamines; Carboxylic acid derivatives; Carboxylic acid esters; Phosphoethanolamines; Phosphatidylethanolamines; Carbonyl compounds; Amines; Primary amines; Alkyl phosphates; Dialkyl phosphates; Fatty Acyls; Organic oxides; Hydrocarbon derivatives; Organopnictogen compounds; Organic oxygen compounds; Organic nitrogen compounds; Chemical entities	730.503	107	1.785	839079930423659339	839079617243349934	839079617243349933	314	
1	C40H66N4O4	[M + Na]+	C40H66N4NaO4+	Alkaloids	0.460	Oligopeptides	0.413	Open-chain polyketides	0.241	Organic acids and derivatives	0.971	Carboxylic acids and derivatives	0.953	Amino acids, peptides, and analogues	0.831	Amino acids and derivatives	0.820	Amino acids and derivatives	0.820	Organic compounds; Organoheterocyclic compounds; Lipids and lipid-like molecules; Amino acids, peptides, and analogues; Organic acids and derivatives; Carboxylic acids and derivatives; Organonitrogen compounds; Organooxygen compounds; Amino acids and derivatives; Carboxylic acid amides; Carboxylic acid derivatives; Secondary carboxylic acid amides; Carbonyl compounds; Amines; Fatty Acyls; Organic oxides; Azacyclic compounds; Hydrocarbon derivatives; Organopnictogen compounds; Organic oxygen compounds; Organic nitrogen compounds; Chemical entities	689.497	107	1.786	839079794410759482	839079617050411930	839079617050411929	309	
1	C37H70NO8P	[M + H]+	C37H71NO8P+	Fatty acids	1.000	Glycerophospholipids	1.000	Glycerophosphoethanolamines	0.988	Lipids and lipid-like molecules	0.986	Glycerophospholipids	0.999	Glycerophosphoethanolamines	0.975	Phosphatidylethanolamines	0.962	Phosphatidylethanolamines	0.962	Organic compounds; Lipids and lipid-like molecules; Amino acids, peptides, and analogues; Glycerophospholipids; Organic acids and derivatives; Carboxylic acids and derivatives; Organonitrogen compounds; Organooxygen compounds; Fatty acid esters; Dicarboxylic acids and derivatives; Amino acids and derivatives; Organic phosphoric acids and derivatives; Phosphate esters; Monoalkylamines; Carboxylic acid derivatives; Carboxylic acid esters; Phosphoethanolamines; Phosphatidylethanolamines; Carbonyl compounds; Glycerophosphoethanolamines; Amines; Primary amines; Alkyl phosphates; Dialkyl phosphates; Fatty Acyls; Organic oxides; Hydrocarbon derivatives; Organopnictogen compounds; Organic oxygen compounds; Organic nitrogen compounds; Chemical entities	688.494	107	1.787	839079944701070672	839079617088160670	839079617088160669	310	
2	C9H10O2	[M + H]+	C9H11O2+	Terpenoids	0.852	Monoterpenoids	0.549	Menthane monoterpenoids	0.223	Organic oxygen compounds	0.998	Organooxygen compounds	0.995	Carbonyl compounds	0.767			Carbonyl compounds	0.767	Organic compounds; Organooxygen compounds; Carbonyl compounds; Organic oxides; Hydrocarbon derivatives; Organic oxygen compounds; Chemical entities	151.075	108	1.798	839079956176686729	839079617314653110	839079617314653109	316	
1	C8H12O2	[M - H2O + H]+	C8H11O+	Fatty acids	0.991	Fatty Acids and Conjugates	0.882	Unsaturated fatty acids	0.899	Organic acids and derivatives	0.861	Carboxylic acids and derivatives	0.872	Carboxylic acids	0.792			Carboxylic acids	0.792	Organic compounds; Organic acids and derivatives; Carboxylic acids and derivatives; Organooxygen compounds; Monocarboxylic acids and derivatives; Carboxylic acids; Carbonyl compounds; Organic oxides; Hydrocarbon derivatives; Organic oxygen compounds; Chemical entities	123.081	108	1.799	839079987495555736	839079617281098674	839079617281098673	315	
1	C9H14O4	[M + H3N + H]+	C9H18NO4+	Fatty acids	0.683	Fatty Acids and Conjugates	0.373	Dicarboxylic acids	0.339	Organic acids and derivatives	0.933	Carboxylic acids and derivatives	0.923	Carboxylic acids	0.687			Carboxylic acids	0.687	Organic compounds; Organic acids and derivatives; Carboxylic acids and derivatives; Organooxygen compounds; Monocarboxylic acids and derivatives; Carboxylic acids; Carbonyl compounds; Organic oxides; Hydrocarbon derivatives; Organic oxygen compounds; Chemical entities	204.123	108	1.799	839079988850315977	839079617352401850	839079617352401849	317	
1	C9H12O3	[M + H3N + H]+	C9H16NO3+	Terpenoids	0.296	Cyclic polyketides	0.208	2-pyrone derivatives	0.254	Organic acids and derivatives	0.867	Carboxylic acids and derivatives	0.834	Monocarboxylic acids and derivatives	0.621			Monocarboxylic acids and derivatives	0.621	Organic compounds; Organic acids and derivatives; Carboxylic acids and derivatives; Organooxygen compounds; Monocarboxylic acids and derivatives; Carbonyl compounds; Organic oxides; Oxacyclic compounds; Hydrocarbon derivatives; Organic oxygen compounds; Chemical entities	186.113	108	1.801	839079990712587059	839079617427899330	839079617423705025	319	
1	C9H10O2	[M + H3N + H]+	C9H14NO2+	Terpenoids	0.570	Sesquiterpenoids	0.271	Cinnamic acids and derivatives	0.201	Benzenoids	0.546							Benzenoids	0.546	Organic compounds; Ketones; Organooxygen compounds; Carbonyl compounds; Benzenoids; Organic oxides; Hydrocarbon derivatives; Organic oxygen compounds; Chemical entities	168.102	108	1.803	839079796122035612	839079617461453766	839079617461453765	320	
1	C35H68NO8P	[M + H]+	C35H69NO8P+	Fatty acids	0.999	Glycerophospholipids	1.000	Glycerophosphoethanolamines	0.989	Lipids and lipid-like molecules	0.980	Glycerophospholipids	0.999	Glycerophosphoethanolamines	0.978	Phosphatidylethanolamines	0.936	Phosphatidylethanolamines	0.936	Organic compounds; Lipids and lipid-like molecules; Amino acids, peptides, and analogues; Glycerophospholipids; Organic acids and derivatives; Carboxylic acids and derivatives; Organonitrogen compounds; Organooxygen compounds; Fatty acid esters; Dicarboxylic acids and derivatives; Amino acids and derivatives; Organic phosphoric acids and derivatives; Phosphate esters; Monoalkylamines; Carboxylic acid derivatives; Carboxylic acid esters; Phosphoethanolamines; Phosphatidylethanolamines; Carbonyl compounds; Glycerophosphoethanolamines; Amines; Primary amines; Alkyl phosphates; Dialkyl phosphates; Fatty Acyls; Organic oxides; Hydrocarbon derivatives; Organopnictogen compounds; Organic oxygen compounds; Organic nitrogen compounds; Chemical entities	662.476	108	1.805	839079892003833117	839079617499202506	839079617499202505	321	
2	C9H11F3O2	[M + H3N + H]+	C9H15F3NO2+	Fatty acids	0.543	Monoterpenoids	0.215	Halogenated fatty acids	0.377	Organic oxygen compounds	1.000	Organooxygen compounds	0.998	Carbonyl compounds	0.844	Ketones	0.669	Ketones	0.669	Organic compounds; Ketones; Organohalogen compounds; Organooxygen compounds; Alkyl fluorides; Organofluorides; Carbonyl compounds; Alkyl halides; Organic oxides; Hydrocarbon derivatives; Organic oxygen compounds; Chemical entities	226.105	109	1.808	839079764006247154	839079617536951246	839079617536951245	322	
2	C19H38N2O3	[M + H]+	C19H39N2O3+	Fatty acids	0.998	Fatty amides	0.975	N-acyl amines	0.775	Organic acids and derivatives	1.000	Carboxylic acids and derivatives	1.000	Amino acids, peptides, and analogues	0.971	Amino acids and derivatives	0.971	Alpha amino acids	0.742	Organic compounds; Lipids and lipid-like molecules; Amino acids, peptides, and analogues; Alpha amino acids and derivatives; Organic acids and derivatives; Carboxylic acids and derivatives; Organonitrogen compounds; Organooxygen compounds; Fatty amides; Amino acids and derivatives; Carboxylic acid amides; Quaternary ammonium salts; Carboxylic acid derivatives; N-acyl amines; Monocarboxylic acids and derivatives; Carboxylic acid salts; Carboxylic acids; Secondary carboxylic acid amides; Carbonyl compounds; Alpha amino acids; Amines; Organic salts; Fatty Acyls; Organic oxides; Hydrocarbon derivatives; Tetraalkylammonium salts; Organopnictogen compounds; Organic oxygen compounds; Organic nitrogen compounds; Chemical entities	343.295	110	1.838	839079774034828865	839079617734083554	839079617734083553	327	
3	C41H75O10P	[M + H3N + H]+	C41H79NO10P+	Fatty acids	1.000	Glycerophospholipids	1.000	Glycerophosphoglycerols	0.770	Lipids and lipid-like molecules	0.992	Glycerophospholipids	0.997	Glycerophosphoglycerols	0.772	Phosphatidylglycerols	0.559	Phosphatidylglycerols	0.559	Organic compounds; Lipids and lipid-like molecules; Alcohols and polyols; Glycerophospholipids; Organic acids and derivatives; Carboxylic acids and derivatives; Organooxygen compounds; Fatty acid esters; Dicarboxylic acids and derivatives; Organic phosphoric acids and derivatives; Phosphate esters; Carboxylic acid derivatives; Carboxylic acid esters; 1,2-diacylglycerol-3-phosphates; Phosphatidylglycerols; Diacylglycerophosphates; Secondary alcohols; Carbonyl compounds; Glycerophosphoglycerols; Alkyl phosphates; Dialkyl phosphates; Fatty Acyls; Organic oxides; Hydrocarbon derivatives; Organic oxygen compounds; Chemical entities	776.543	110	1.841	839079870612880584	839079617771832294	839079617771832293	328	
1	C37H68NO10P	[M + H]+	C37H69NO10P+	Fatty acids	0.999	Glycerophospholipids	1.000	Glycerophosphoserines	0.983	Lipids and lipid-like molecules	0.983	Glycerophospholipids	0.999	Glycerophosphoserines	0.967	Phosphatidylserines	0.966	Phosphatidylserines	0.966	Organic compounds; Lipids and lipid-like molecules; Amino acids, peptides, and analogues; Alpha amino acids and derivatives; Glycerophospholipids; Organic acids and derivatives; Carboxylic acids and derivatives; Organonitrogen compounds; Organooxygen compounds; Fatty acid esters; Amino acids and derivatives; Organic phosphoric acids and derivatives; Phosphate esters; Monoalkylamines; Carboxylic acid derivatives; Carboxylic acids; Carboxylic acid esters; Phosphoethanolamines; Phosphatidylserines; Carbonyl compounds; Tricarboxylic acids and derivatives; Glycerophosphoserines; Alpha amino acids; Amines; Primary amines; Alkyl phosphates; Dialkyl phosphates; Fatty Acyls; Organic oxides; L-alpha-amino acids; Hydrocarbon derivatives; Amino acids; Organopnictogen compounds; Organic oxygen compounds; Organic nitrogen compounds; Chemical entities	718.468	111	1.858	839079792141640797	839079617922827254	839079617922827253	332	
1	C18H30O2	[M + H3N + H]+	C18H34NO2+	Fatty acids	0.815	Fatty acyls	0.641	Fatty alcohols	0.451	Lipids and lipid-like molecules	0.720							Lipids and lipid-like molecules	0.720	Organic compounds; Lipids and lipid-like molecules; Organooxygen compounds; Hydrocarbon derivatives; Organic oxygen compounds; Chemical entities	296.258	112	1.865	839079772554239466	839079618145125390	839079618145125389	338	
3	C37H67O10P	[M + H3N + H]+	C37H71NO10P+	Fatty acids	1.000	Glycerophospholipids	1.000	Glycerophosphates	0.833	Lipids and lipid-like molecules	0.994	Glycerophospholipids	1.000	Glycerophosphates	0.855	Diacylglycerophosphates	0.919	1,2-diacylglycerol-3-phosphates	0.931	Organic compounds; Lipids and lipid-like molecules; Glycerophospholipids; Organic acids and derivatives; Carboxylic acids and derivatives; Organooxygen compounds; Fatty acid esters; Dicarboxylic acids and derivatives; Organic phosphoric acids and derivatives; Phosphate esters; Carboxylic acid derivatives; Carboxylic acid esters; 1,2-diacylglycerol-3-phosphates; Diacylglycerophosphates; Carbonyl compounds; Glycerophosphates; Alkyl phosphates; Monoalkyl phosphates; Dialkyl phosphates; Fatty Acyls; Organic oxides; Hydrocarbon derivatives; Organic oxygen compounds; Chemical entities	720.481	112	1.868	839079768594816227	839079617809581034	839079617809581033	329	
2	C17H32N6O5S	[M - H2O + H]+	C17H31N6O4S+	Carbohydrates	0.549	Oligopeptides	0.206	Aminoglycosides	0.274	Lipids and lipid-like molecules	0.591	Fatty Acyls	0.595					Fatty Acyls	0.595	Organic compounds; Organoheterocyclic compounds; Organosulfur compounds; Lipids and lipid-like molecules; Alcohols and polyols; Organic acids and derivatives; Organonitrogen compounds; Organooxygen compounds; Thioethers; Secondary alcohols; Carbonyl compounds; Amines; Primary amines; Dialkylthioethers; Fatty Acyls; Organic oxides; Azacyclic compounds; Heteroaromatic compounds; Hydrocarbon derivatives; Organopnictogen compounds; Organic oxygen compounds; Organic nitrogen compounds; Chemical entities	415.212	112	1.872	839079857744754718	839079617960575994	839079617960575993	333	
2	C14H31NO6	[M - H2O + H]+	C14H30NO5+	Fatty acids	0.916	Fatty amides	0.517	N-acyl amines	0.641	Organic nitrogen compounds	0.999	Organonitrogen compounds	0.997	Amines	0.719	Alkanolamines	0.773	1,2-aminoalcohols	0.708	Organic compounds; Alcohols and polyols; Organonitrogen compounds; Primary alcohols; Organooxygen compounds; Secondary alcohols; 1,2-aminoalcohols; Polyols; Amines; Alkanolamines; Hydrocarbon derivatives; Organopnictogen compounds; Organic oxygen compounds; Organic nitrogen compounds; Chemical entities	292.212	113	1.883	839079807924807889	839079617847329774	839079617847329773	330	
1	C13H24O3	[M + H3N + H]+	C13H28NO3+	Fatty acids	0.711	Fatty esters	0.178	Wax monoesters	0.151	Lipids and lipid-like molecules	0.700	Fatty Acyls	0.610					Fatty Acyls	0.610	Organic compounds; Lipids and lipid-like molecules; Alcohols and polyols; Organic acids and derivatives; Carboxylic acids and derivatives; Organooxygen compounds; Carboxylic acid derivatives; Monocarboxylic acids and derivatives; Carboxylic acid esters; Carbonyl compounds; Fatty Acyls; Organic oxides; Hydrocarbon derivatives; Organic oxygen compounds; Chemical entities	246.206	113	1.889	839079761363835387	839079617885078514	839079617885078513	331	
1	C18H31NO3	[M + H3N + H]+	C18H35N2O3+	Fatty acids	0.903	Fatty Acids and Conjugates	0.323	Nitro fatty acids	0.789	Lipids and lipid-like molecules	0.819	Fatty Acyls	0.818	Fatty acids and conjugates	0.796	Long-chain fatty acids	0.526	Long-chain fatty acids	0.526	Organic compounds; Lipids and lipid-like molecules; Fatty acids and conjugates; Organic acids and derivatives; Carboxylic acids and derivatives; Organonitrogen compounds; Organooxygen compounds; Unsaturated fatty acids; Carboxylic acid derivatives; Monocarboxylic acids and derivatives; Carboxylic acids; Carbonyl compounds; Long-chain fatty acids; Fatty Acyls; Organic oxides; Hydrocarbon derivatives; Organopnictogen compounds; Organic oxygen compounds; Organic nitrogen compounds; Chemical entities	327.264	115	1.911	839079797082531390	839079617994130430	839079617994130429	334	
1	C42H75NO5	[M + H3N + H]+	C42H79N2O5+	Fatty acids	0.998	Spingolipids	0.993	Ceramides	0.558	Lipids and lipid-like molecules	0.976	Sphingolipids	0.877	Ceramides	0.672			Ceramides	0.672	Organic compounds; Lipids and lipid-like molecules; Alcohols and polyols; Sphingolipids; Organic acids and derivatives; Carboxylic acids and derivatives; Organonitrogen compounds; Organooxygen compounds; Fatty amides; Carboxylic acid amides; Carboxylic acid derivatives; N-acyl amines; Ceramides; Secondary alcohols; Secondary carboxylic acid amides; Carbonyl compounds; Fatty Acyls; Organic oxides; Hydrocarbon derivatives; Organopnictogen compounds; Organic oxygen compounds; Organic nitrogen compounds; Chemical entities	691.598	115	1.925	839079769093938442	839079618069627910	839079618069627909	336	
1	C39H78N2O5	[M + Na]+	C39H78N2NaO5+	Fatty acids	1.000	Fatty amides	0.992	N-acyl amines	0.991	Organic acids and derivatives	1.000	Carboxylic acids and derivatives	0.999	Amino acids, peptides, and analogues	0.984	Amino acids and derivatives	0.984	N-acyl-alpha amino acids	0.943	Organic compounds; Lipids and lipid-like molecules; Amino acids, peptides, and analogues; Alpha amino acids and derivatives; Alcohols and polyols; Fatty acids and conjugates; Organic acids and derivatives; Carboxylic acids and derivatives; Organonitrogen compounds; Organooxygen compounds; Fatty amides; Amino acids and derivatives; Monoalkylamines; Carboxylic acid amides; Carboxylic acid derivatives; N-acyl amines; Monocarboxylic acids and derivatives; N-acyl-alpha amino acids and derivatives; Carboxylic acids; Secondary alcohols; Secondary carboxylic acid amides; Carbonyl compounds; N-acyl-alpha amino acids; Amines; Primary amines; Fatty Acyls; Organic oxides; Hydrocarbon derivatives; Organopnictogen compounds; Organic oxygen compounds; Organic nitrogen compounds; Chemical entities	677.584	116	1.926	839079765247761256	839079618111570954	839079618107376649	337	
1	C37H72NO10P	[M + H]+	C37H73NO10P+	Fatty acids	0.999	Glycerophospholipids	1.000	Glycerophosphoethanolamines	0.869	Lipids and lipid-like molecules	0.990	Glycerophospholipids	1.000	Glycerophosphoethanolamines	0.922	Phosphatidylethanolamines	0.824	Phosphatidylethanolamines	0.824	Organic compounds; Lipids and lipid-like molecules; Amino acids, peptides, and analogues; Glycerophospholipids; Organic acids and derivatives; Carboxylic acids and derivatives; Organonitrogen compounds; Organooxygen compounds; Fatty acid esters; Dicarboxylic acids and derivatives; Amino acids and derivatives; Organic phosphoric acids and derivatives; Phosphate esters; Monoalkylamines; Carboxylic acid derivatives; Carboxylic acid esters; Phosphoethanolamines; Phosphatidylethanolamines; Carbonyl compounds; Glycerophosphoethanolamines; Amines; Primary amines; Alkyl phosphates; Dialkyl phosphates; Fatty Acyls; Organic oxides; Hydrocarbon derivatives; Organopnictogen compounds; Organic oxygen compounds; Organic nitrogen compounds; Chemical entities	722.496	116	1.940	839079821120089049	839079618262565914	839079618262565913	341	
2	C30H56NO10P	[M + H]+	C30H57NO10P+	Fatty acids	1.000	Glycerophospholipids	1.000	Oxidized glycerophospholipids	0.975	Lipids and lipid-like molecules	0.993	Glycerophospholipids	0.998	Glycerophosphocholines	0.998	Phosphatidylcholines	0.977	Phosphatidylcholines	0.977	Organic compounds; Lipids and lipid-like molecules; Ketones; Glycerophospholipids; Organic acids and derivatives; Carboxylic acids and derivatives; Acryloyl compounds; Organonitrogen compounds; Organooxygen compounds; Fatty acid esters; Dicarboxylic acids and derivatives; Organic phosphoric acids and derivatives; Phosphate esters; Quaternary ammonium salts; Cholines; Carboxylic acid derivatives; Carboxylic acids; Carboxylic acid esters; Phosphocholines; Enones; Phosphatidylcholines; Carbonyl compounds; Glycerophosphocholines; Amines; Alpha,beta-unsaturated carbonyl compounds; Alkyl phosphates; Dialkyl phosphates; Organic cations; Alpha,beta-unsaturated ketones; Organic salts; Fatty Acyls; Organic oxides; Hydrocarbon derivatives; Tetraalkylammonium salts; Organopnictogen compounds; Organic oxygen compounds; Organic nitrogen compounds; Chemical entities	622.372	116	1.940	839079766929677391	839079618220622870	839079618220622869	340	
1	C36H68NO10P	[M - H2O + H]+	C36H67NO9P+	Fatty acids	1.000	Glycerophospholipids	1.000	Glycerophosphocholines	0.747	Lipids and lipid-like molecules	0.989	Glycerophospholipids	0.999	Glycerophosphocholines	0.993	Phosphatidylcholines	0.981	Phosphatidylcholines	0.981	Organic compounds; Lipids and lipid-like molecules; Glycerophospholipids; Organic acids and derivatives; Carboxylic acids and derivatives; Organonitrogen compounds; Organooxygen compounds; Fatty acid esters; Dicarboxylic acids and derivatives; Organic phosphoric acids and derivatives; Phosphate esters; Quaternary ammonium salts; Cholines; Carboxylic acid derivatives; Carboxylic acid esters; Phosphocholines; Phosphatidylcholines; Carbonyl compounds; Glycerophosphocholines; Amines; Alkyl phosphates; Dialkyl phosphates; Organic cations; Organic salts; Fatty Acyls; Organic oxides; Hydrocarbon derivatives; Tetraalkylammonium salts; Organopnictogen compounds; Organic oxygen compounds; Organic nitrogen compounds; Chemical entities	688.455	116	1.941	839079986811884104	839079618300314654	839079618300314653	342	
3	C34H61O9P	[M + H3N + H]+	C34H65NO9P+	Fatty acids	1.000	Glycerophospholipids	1.000	Glycerophosphoglycerols	0.736	Lipids and lipid-like molecules	0.991	Glycerophospholipids	0.999	Glycerophosphoglycerols	0.643			Glycerophosphoglycerols	0.643	Organic compounds; Lipids and lipid-like molecules; Alcohols and polyols; Glycerophospholipids; Organic acids and derivatives; Carboxylic acids and derivatives; Organooxygen compounds; Fatty acid esters; Dicarboxylic acids and derivatives; Organic phosphoric acids and derivatives; Phosphate esters; Carboxylic acid derivatives; Carboxylic acid esters; 1,2-diacylglycerol-3-phosphates; Diacylglycerophosphates; Secondary alcohols; Carbonyl compounds; Glycerophosphates; Glycerophosphoglycerols; Alkyl phosphates; Monoalkyl phosphates; Fatty Acyls; Organic oxides; Hydrocarbon derivatives; Organic oxygen compounds; Chemical entities	662.440	117	1.952	839079935368743977	839079618338063394	839079618338063393	343	
1	C7H12O3	[M + H3N + H]+	C7H16NO3+	Fatty acids	0.973	Fatty Acids and Conjugates	0.573	Lactones	0.716	Organic acids and derivatives	0.950	Carboxylic acids and derivatives	0.945	Carboxylic acids	0.573			Carboxylic acids	0.573	Organic compounds; Organic acids and derivatives; Carboxylic acids and derivatives; Organooxygen compounds; Monocarboxylic acids and derivatives; Carboxylic acids; Carbonyl compounds; Organic oxides; Hydrocarbon derivatives; Organic oxygen compounds; Chemical entities	162.112	118	1.959	839079913180875058	839079618417755178	839079618417755177	345	
1	C8H14O2	[M + H3N + H]+	C8H18NO2+	Fatty acids	0.988	Fatty Acids and Conjugates	0.605	Unsaturated fatty acids	0.491	Lipids and lipid-like molecules	0.782	Fatty Acyls	0.763					Fatty Acyls	0.763	Organic compounds; Lipids and lipid-like molecules; Organic acids and derivatives; Carboxylic acids and derivatives; Organooxygen compounds; Monocarboxylic acids and derivatives; Carboxylic acids; Carbonyl compounds; Fatty Acyls; Organic oxides; Hydrocarbon derivatives; Organic oxygen compounds; Chemical entities	160.133	118	1.959	839079762504686169	839079618455503918	839079618455503917	346	
1	C39H71NO5	[M + H3N + H]+	C39H75N2O5+	Fatty acids	0.997	Spingolipids	0.538	N-acyl amines	0.106	Organic acids and derivatives	0.998	Carboxylic acids and derivatives	0.995	Amino acids, peptides, and analogues	0.697	Amino acids and derivatives	0.692	Alpha amino acids and derivatives	0.650	Organic compounds; Lipids and lipid-like molecules; Amino acids, peptides, and analogues; Alpha amino acids and derivatives; Alcohols and polyols; Organic acids and derivatives; Carboxylic acids and derivatives; Organonitrogen compounds; Organooxygen compounds; Fatty amides; Amino acids and derivatives; Carboxylic acid amides; Carboxylic acid derivatives; N-acyl amines; Monocarboxylic acids and derivatives; Carboxylic acid esters; Secondary alcohols; Secondary carboxylic acid amides; Carbonyl compounds; Fatty Acyls; Organic oxides; Hydrocarbon derivatives; Organopnictogen compounds; Organic oxygen compounds; Organic nitrogen compounds; Chemical entities	651.568	118	1.961	839079763507124917	839079618380006438	839079618380006437	344	
1	C37H69NO5	[M + H3N + H]+	C37H73N2O5+	Fatty acids	1.000	Spingolipids	0.824	N-acyl amines	0.208	Organic acids and derivatives	0.998	Carboxylic acids and derivatives	0.994	Amino acids, peptides, and analogues	0.646	Amino acids and derivatives	0.644	Alpha amino acids and derivatives	0.684	Organic compounds; Lipids and lipid-like molecules; Amino acids, peptides, and analogues; Alpha amino acids and derivatives; Alcohols and polyols; Organic acids and derivatives; Carboxylic acids and derivatives; Organonitrogen compounds; Organooxygen compounds; Fatty amides; Amino acids and derivatives; Carboxylic acid amides; Carboxylic acid derivatives; N-acyl amines; Monocarboxylic acids and derivatives; Carboxylic acids; Carboxylic acid esters; Secondary alcohols; Secondary carboxylic acid amides; Carbonyl compounds; Fatty Acyls; Organic oxides; Hydrocarbon derivatives; Organopnictogen compounds; Organic oxygen compounds; Organic nitrogen compounds; Chemical entities	625.551	119	1.988	839079966503063538	839079618497446962	839079618493252657	347	
1	C43H71N3O9	[M - H2O + H]+	C43H70N3O8+	Polyketides	0.741	Macrolides	0.777	Polyene macrolides	0.277	Organic acids and derivatives	0.997	Carboxylic acids and derivatives	0.988	Amino acids, peptides, and analogues	0.514			Amino acids, peptides, and analogues	0.514	Organic compounds; Organoheterocyclic compounds; Amino acids, peptides, and analogues; Lactones; Ketones; Alcohols and polyols; Macrolides and analogues; Phenylpropanoids and polyketides; Organic acids and derivatives; Carboxylic acids and derivatives; Organonitrogen compounds; Organooxygen compounds; Carboxylic acid amides; Carboxylic acid derivatives; Monocarboxylic acids and derivatives; Carboxylic acid esters; Secondary alcohols; Carbonyl compounds; Macrolide lactams; Organic oxides; Azacyclic compounds; Oxacyclic compounds; Hydrocarbon derivatives; Organopnictogen compounds; Organic oxygen compounds; Organic nitrogen compounds; Chemical entities	756.518	120	1.992	839079796856038923	839079618535195702	839079618535195701	348	
1	C33H64NO10P	[M - H2O + H]+	C33H63NO9P+	Fatty acids	1.000	Glycerophospholipids	1.000	Glycerophosphoserines	0.752	Lipids and lipid-like molecules	0.989	Glycerophospholipids	1.000	Glycerophosphoethanolamines	0.654	Phosphatidylethanolamines	0.646	Phosphatidylethanolamines	0.646	Organic compounds; Lipids and lipid-like molecules; Amino acids, peptides, and analogues; Alcohols and polyols; Glycerophospholipids; Organic acids and derivatives; Carboxylic acids and derivatives; Organonitrogen compounds; Organooxygen compounds; Fatty acid esters; Dicarboxylic acids and derivatives; Amino acids and derivatives; Organic phosphoric acids and derivatives; Phosphate esters; Monoalkylamines; Carboxylic acid derivatives; Carboxylic acids; Carboxylic acid esters; Phosphoethanolamines; Phosphatidylserines; Phosphatidylethanolamines; Carbonyl compounds; Glycerophosphoethanolamines; Glycerophosphoserines; Alpha amino acids; Amines; Primary amines; Alkyl phosphates; Dialkyl phosphates; Fatty Acyls; Organic oxides; Hydrocarbon derivatives; Amino acids; Organopnictogen compounds; Organic oxygen compounds; Organic nitrogen compounds; Chemical entities	648.424	120	1.993	839079786294780580	839079618577138746	839079618572944441	349	
2	C41H65N5O7	[M + H3N + H]+	C41H69N6O7+	Amino acids and Peptides	0.793	Oligopeptides	0.999	Microcolins and mirabimids	0.587	Organic acids and derivatives	0.999	Carboxylic acids and derivatives	0.994	Amino acids, peptides, and analogues	0.983	Amino acids and derivatives	0.977	Valine and derivatives	0.599	Organic compounds; Organoheterocyclic compounds; Lipids and lipid-like molecules; Amino acids, peptides, and analogues; Alpha amino acids and derivatives; Alcohols and polyols; Pyrrolidines; Organic acids and derivatives; Carboxylic acids and derivatives; Organonitrogen compounds; Organooxygen compounds; Fatty amides; Amino acids and derivatives; Carboxylic acid amides; Carboxylic acid derivatives; N-acyl amines; Monocarboxylic acids and derivatives; Carboxylic acid esters; Secondary alcohols; Secondary carboxylic acid amides; Tertiary carboxylic acid amides; Peptidomimetics; Carbonyl compounds; Benzene and substituted derivatives; Fatty Acyls; Organic oxides; Azacyclic compounds; Hydrocarbon derivatives; Valine and derivatives; Organopnictogen compounds; Organic oxygen compounds; Organic nitrogen compounds; Chemical entities	757.521	120	1.995	839079823250795678	839079618690384966	839079618690384965	352	
1	C36H68NO10P	[M + H]+	C36H69NO10P+	Fatty acids	1.000	Glycerophospholipids	1.000	Oxidized glycerophospholipids	0.892	Lipids and lipid-like molecules	0.991	Glycerophospholipids	0.999	Glycerophosphocholines	0.998	Phosphatidylcholines	0.990	Phosphatidylcholines	0.990	Organic compounds; Lipids and lipid-like molecules; Glycerophospholipids; Organic acids and derivatives; Carboxylic acids and derivatives; Organonitrogen compounds; Organooxygen compounds; Fatty acid esters; Dicarboxylic acids and derivatives; Organic phosphoric acids and derivatives; Phosphate esters; Quaternary ammonium salts; Cholines; Carboxylic acid derivatives; Carboxylic acids; Carboxylic acid esters; Phosphocholines; Phosphatidylcholines; Carbonyl compounds; Glycerophosphocholines; Amines; Alkyl phosphates; Dialkyl phosphates; Organic cations; Organic salts; Fatty Acyls; Organic oxides; Hydrocarbon derivatives; Tetraalkylammonium salts; Organopnictogen compounds; Organic oxygen compounds; Organic nitrogen compounds; Chemical entities	706.465	120	2.000	839079979329245568	839079618614887486	839079618614887485	350	
1	C37H67NO5	[M + H3N + H]+	C37H71N2O5+	Fatty acids	0.995	Spingolipids	0.764	Sphingoid bases	0.088	Organic acids and derivatives	0.998	Carboxylic acids and derivatives	0.994	Amino acids, peptides, and analogues	0.760	Amino acids and derivatives	0.757	Alpha amino acids and derivatives	0.739	Organic compounds; Lipids and lipid-like molecules; Amino acids, peptides, and analogues; Alpha amino acids and derivatives; Alcohols and polyols; Organic acids and derivatives; Carboxylic acids and derivatives; Organonitrogen compounds; Organooxygen compounds; Fatty amides; Amino acids and derivatives; Carboxylic acid amides; Carboxylic acid derivatives; Monocarboxylic acids and derivatives; Carboxylic acids; Carboxylic acid esters; Secondary alcohols; Carbonyl compounds; Fatty Acyls; Organic oxides; Hydrocarbon derivatives; Organopnictogen compounds; Organic oxygen compounds; Organic nitrogen compounds; Chemical entities	623.536	120	2.008	839079779101548503	839079618732328010	839079618732328009	353	
2	C32H60NO9P	[M + H]+	C32H61NO9P+	Fatty acids	0.999	Glycerophospholipids	1.000	Glycerophosphoethanolamines	0.953	Lipids and lipid-like molecules	0.984	Glycerophospholipids	0.999	Glycerophosphoethanolamines	0.969	Phosphatidylethanolamines	0.913	Phosphatidylethanolamines	0.913	Organic compounds; Lipids and lipid-like molecules; Amino acids, peptides, and analogues; Glycerophospholipids; Organic acids and derivatives; Carboxylic acids and derivatives; Organonitrogen compounds; Organooxygen compounds; Fatty acid esters; Dicarboxylic acids and derivatives; Amino acids and derivatives; Organic phosphoric acids and derivatives; Phosphate esters; Monoalkylamines; Carboxylic acid derivatives; Carboxylic acid esters; Phosphoethanolamines; Phosphatidylethanolamines; Carbonyl compounds; Glycerophosphoethanolamines; Amines; Primary amines; Alkyl phosphates; Dialkyl phosphates; Fatty Acyls; Organic oxides; Hydrocarbon derivatives; Organopnictogen compounds; Organic oxygen compounds; Organic nitrogen compounds; Chemical entities	634.408	122	2.031	839079796629546462	839079618778465358	839079618774271053	354	
2	C42H65NO8	[M + Na]+	C42H65NNaO8+	Fatty acids	0.960	Fatty esters	0.529	Fatty acyl carnitines	0.324	Organic nitrogen compounds	1.000	Organonitrogen compounds	1.000	Quaternary ammonium salts	0.989	Cholines	0.849	Phosphocholines	0.534	Organic compounds; Lipids and lipid-like molecules; Alcohols and polyols; Organic acids and derivatives; Carboxylic acids and derivatives; Organonitrogen compounds; Organooxygen compounds; Quaternary ammonium salts; Cholines; Carboxylic acid derivatives; Carboxylic acid esters; Phosphocholines; Secondary alcohols; Carbonyl compounds; Amines; Organic cations; Organic salts; Fatty Acyls; Organic oxides; Hydrocarbon derivatives; Tetraalkylammonium salts; Organopnictogen compounds; Organic oxygen compounds; Organic nitrogen compounds; Chemical entities	734.461	122	2.034	839079981929714189	839079618816214098	839079618816214097	355	
1	C39H72O5	[M - H2O + H]+	C39H71O4+	Fatty acids	0.999	Glycerolipids	1.000	Diacylglycerols	0.998	Lipids and lipid-like molecules	0.992	Glycerolipids	0.993	Diradylglycerols	0.980	Diacylglycerols	0.990	1,2-diacylglycerols	0.965	Organic compounds; Lipids and lipid-like molecules; Alcohols and polyols; Glycerolipids; Organic acids and derivatives; Carboxylic acids and derivatives; Primary alcohols; Organooxygen compounds; Fatty acid esters; Dicarboxylic acids and derivatives; Carboxylic acid derivatives; Diacylglycerols; Carboxylic acid esters; 1,2-diacylglycerols; Carbonyl compounds; Diradylglycerols; Fatty Acyls; Organic oxides; Hydrocarbon derivatives; Organic oxygen compounds; Chemical entities	603.535	122	2.036	839079989236191983	839079618858157142	839079618858157141	356	
1	C42H79O10P	[M + H]+	C42H80O10P+	Fatty acids	0.999	Glycerophospholipids	1.000	Glycerophosphoglycerols	0.878	Lipids and lipid-like molecules	0.988	Glycerophospholipids	0.998	Glycerophosphoglycerols	0.850	Phosphatidylglycerols	0.742	Phosphatidylglycerols	0.742	Organic compounds; Lipids and lipid-like molecules; Alcohols and polyols; Glycerophospholipids; Organic acids and derivatives; Carboxylic acids and derivatives; Organooxygen compounds; Fatty acid esters; Dicarboxylic acids and derivatives; Organic phosphoric acids and derivatives; Phosphate esters; Carboxylic acid derivatives; Carboxylic acid esters; Phosphatidylglycerols; Secondary alcohols; Carbonyl compounds; Glycerophosphoglycerols; 1,2-diols; Alkyl phosphates; Dialkyl phosphates; Fatty Acyls; Organic oxides; Hydrocarbon derivatives; Organic oxygen compounds; Chemical entities	775.549	122	2.037	839079913742911801	839079618904294490	839079618904294489	357	
1	C35H66NO10P	[M + H]+	C35H67NO10P+	Fatty acids	1.000	Glycerophospholipids	1.000	Oxidized glycerophospholipids	0.980	Lipids and lipid-like molecules	0.994	Glycerophospholipids	0.999	Glycerophosphocholines	0.998	Phosphatidylcholines	0.984	Phosphatidylcholines	0.984	Organic compounds; Lipids and lipid-like molecules; Glycerophospholipids; Organic acids and derivatives; Carboxylic acids and derivatives; Acryloyl compounds; Organonitrogen compounds; Organooxygen compounds; Fatty acid esters; Dicarboxylic acids and derivatives; Organic phosphoric acids and derivatives; Phosphate esters; Quaternary ammonium salts; Cholines; Carboxylic acid derivatives; Carboxylic acids; Carboxylic acid esters; Phosphocholines; Enones; Phosphatidylcholines; Carbonyl compounds; Glycerophosphocholines; Amines; Alpha,beta-unsaturated carbonyl compounds; Alkyl phosphates; Dialkyl phosphates; Organic cations; Organic salts; Fatty Acyls; Organic oxides; Hydrocarbon derivatives; Tetraalkylammonium salts; Organopnictogen compounds; Organic oxygen compounds; Organic nitrogen compounds; Chemical entities	692.450	122	2.038	839079766736739360	839079618950431838	839079618950431837	358	
1	C42H79O10P	[M + H3N + H]+	C42H83NO10P+	Fatty acids	0.999	Glycerophospholipids	1.000	Glycerophosphoglycerols	0.494	Lipids and lipid-like molecules	0.986	Glycerophospholipids	0.998	Glycerophosphoglycerols	0.550			Glycerophosphoglycerols	0.550	Organic compounds; Lipids and lipid-like molecules; Glycerophospholipids; Organic acids and derivatives; Carboxylic acids and derivatives; Organooxygen compounds; Fatty acid esters; Dicarboxylic acids and derivatives; Organic phosphoric acids and derivatives; Phosphate esters; Carboxylic acid derivatives; Carboxylic acid esters; 1,2-diacylglycerol-3-phosphates; Diacylglycerophosphates; Carbonyl compounds; Glycerophosphoglycerols; Alkyl phosphates; Dialkyl phosphates; Fatty Acyls; Organic oxides; Hydrocarbon derivatives; Organic oxygen compounds; Chemical entities	792.575	122	2.038	839079775339257593	839079618988180578	839079618988180577	359	
1	C35H65NO5	[M + H3N + H]+	C35H69N2O5+	Fatty acids	0.999	Fatty amides	0.726	N-acyl amines	0.419	Organic acids and derivatives	0.999	Carboxylic acids and derivatives	0.995	Amino acids, peptides, and analogues	0.607	Amino acids and derivatives	0.607	Alpha amino acids and derivatives	0.659	Organic compounds; Lipids and lipid-like molecules; Amino acids, peptides, and analogues; Alpha amino acids and derivatives; Alcohols and polyols; Organic acids and derivatives; Carboxylic acids and derivatives; Organonitrogen compounds; Organooxygen compounds; Fatty amides; Amino acids and derivatives; Carboxylic acid amides; Carboxylic acid derivatives; N-acyl amines; Monocarboxylic acids and derivatives; Carboxylic acids; Carboxylic acid esters; Secondary alcohols; Secondary carboxylic acid amides; Carbonyl compounds; Fatty Acyls; Organic oxides; Hydrocarbon derivatives; Organopnictogen compounds; Organic oxygen compounds; Organic nitrogen compounds; Chemical entities	597.521	123	2.045	839079830657937061	839079619030123622	839079619025929317	360	
1	C35H63NO5	[M + H3N + H]+	C35H67N2O5+	Fatty acids	0.998	Spingolipids	0.954	Sphingoid bases	0.483	Organic acids and derivatives	0.991	Carboxylic acids and derivatives	0.978	Amino acids, peptides, and analogues	0.574	Amino acids and derivatives	0.567	Alpha amino acids and derivatives	0.512	Organic compounds; Lipids and lipid-like molecules; Amino acids, peptides, and analogues; Alpha amino acids and derivatives; Alcohols and polyols; Organic acids and derivatives; Carboxylic acids and derivatives; Organonitrogen compounds; Organooxygen compounds; Fatty amides; Amino acids and derivatives; Carboxylic acid amides; Carboxylic acid derivatives; Monocarboxylic acids and derivatives; Carboxylic acids; Secondary alcohols; Secondary carboxylic acid amides; Carbonyl compounds; Fatty Acyls; Organic oxides; Hydrocarbon derivatives; Organopnictogen compounds; Organic oxygen compounds; Organic nitrogen compounds; Chemical entities	595.505	123	2.047	839079918218234270	839079619063678058	839079619063678057	361	
2	C40H72O4	[M + Na]+	C40H72NaO4+	Fatty acids	1.000	Glycerolipids	0.997	Diacylglycerols	0.996	Lipids and lipid-like molecules	0.992	Glycerolipids	0.894	Diradylglycerols	0.860	Diacylglycerols	0.886	1,2-diacylglycerols	0.902	Organic compounds; Lipids and lipid-like molecules; Alcohols and polyols; Glycerolipids; Organic acids and derivatives; Carboxylic acids and derivatives; Primary alcohols; Organooxygen compounds; Fatty acid esters; Dicarboxylic acids and derivatives; Carboxylic acid derivatives; Diacylglycerols; Carboxylic acid esters; 1,2-diacylglycerols; Carbonyl compounds; Diradylglycerols; Fatty Acyls; Organic oxides; Hydrocarbon derivatives; Organic oxygen compounds; Chemical entities	639.531	124	2.066	839079784453480993	839079619101426798	839079619101426797	362	
1	C37H68O5	[M - H2O + H]+	C37H67O4+	Fatty acids	1.000	Glycerolipids	1.000	Diacylglycerols	0.999	Lipids and lipid-like molecules	0.994	Glycerolipids	0.995	Diradylglycerols	0.988	Diacylglycerols	0.995	1,2-diacylglycerols	0.978	Organic compounds; Lipids and lipid-like molecules; Alcohols and polyols; Glycerolipids; Organic acids and derivatives; Carboxylic acids and derivatives; Primary alcohols; Organooxygen compounds; Fatty acid esters; Dicarboxylic acids and derivatives; Carboxylic acid derivatives; Diacylglycerols; Carboxylic acid esters; 1,2-diacylglycerols; Carbonyl compounds; Diradylglycerols; Fatty Acyls; Organic oxides; Hydrocarbon derivatives; Organic oxygen compounds; Chemical entities	575.504	124	2.067	839079782364717422	839079619139175538	839079619139175537	363	
4	C37H70N2O6S2	[M + H]+	C37H71N2O6S2+	Amino acids and Peptides	0.777	Oligopeptides	0.970	Cyclamides	0.180	Organic acids and derivatives	0.993	Carboxylic acids and derivatives	0.975	Amino acids, peptides, and analogues	0.598	Amino acids and derivatives	0.576	Amino acids and derivatives	0.576	Organic compounds; Organoheterocyclic compounds; Organosulfur compounds; Lipids and lipid-like molecules; Amino acids, peptides, and analogues; Alcohols and polyols; Organic acids and derivatives; Carboxylic acids and derivatives; Organonitrogen compounds; Organooxygen compounds; Amino acids and derivatives; Carboxylic acid amides; Carboxylic acid derivatives; Carboxylic acid esters; Secondary alcohols; Secondary carboxylic acid amides; Carbonyl compounds; Fatty Acyls; Organic oxides; Azacyclic compounds; Hydrocarbon derivatives; Organopnictogen compounds; Organic oxygen compounds; Organic nitrogen compounds; Chemical entities	703.474	124	2.067	839079830389501577	839079619332113542	839079619332113541	368	
1	C37H70O5	[M - H2O + H]+	C37H69O4+	Fatty acids	0.999	Glycerolipids	0.999	Diacylglycerols	0.998	Lipids and lipid-like molecules	0.986	Glycerolipids	0.989	Diradylglycerols	0.979	Diacylglycerols	0.990	1,2-diacylglycerols	0.966	Organic compounds; Lipids and lipid-like molecules; Alcohols and polyols; Glycerolipids; Organic acids and derivatives; Carboxylic acids and derivatives; Primary alcohols; Organooxygen compounds; Fatty acid esters; Dicarboxylic acids and derivatives; Carboxylic acid derivatives; Diacylglycerols; Carboxylic acid esters; 1,2-diacylglycerols; Carbonyl compounds; Diradylglycerols; Fatty Acyls; Organic oxides; Hydrocarbon derivatives; Organic oxygen compounds; Chemical entities	577.520	124	2.067	839079783321018824	839079619218867322	839079619218867321	365	
1	C32H55N3O9	[M - H2O + H]+	C32H54N3O8+	Amino acids and Peptides	0.873	Oligopeptides	0.936	Lipopeptides	0.498	Organic acids and derivatives	0.999	Peptidomimetics	0.603	Depsipeptides	0.567	Cyclic depsipeptides	0.623	Cyclic depsipeptides	0.623	Organic compounds; Organoheterocyclic compounds; Lipids and lipid-like molecules; Amino acids, peptides, and analogues; Lactones; Alpha amino acids and derivatives; Macrolactams; Alcohols and polyols; Macrolides and analogues; Lactams; Organic acids and derivatives; Carboxylic acids and derivatives; Organonitrogen compounds; Organooxygen compounds; Amino acids and derivatives; Alpha amino acid esters; Carboxylic acid amides; Carboxylic acid derivatives; Monocarboxylic acids and derivatives; Carboxylic acid esters; Secondary alcohols; Secondary carboxylic acid amides; Peptidomimetics; Carbonyl compounds; Macrolide lactams; Depsipeptides; Cyclic depsipeptides; Fatty Acyls; Organic oxides; Azacyclic compounds; Oxacyclic compounds; Hydrocarbon derivatives; Organopnictogen compounds; Organic oxygen compounds; Organic nitrogen compounds; Chemical entities	608.392	124	2.069	839079782012395833	839079619294364802	839079619294364801	367	
1	C40H77O10P	[M + H3N + H]+	C40H81NO10P+	Fatty acids	0.996	Glycerophospholipids	0.999	Glycerophosphoglycerols	0.977	Lipids and lipid-like molecules	0.974	Glycerophospholipids	0.995	Glycerophosphoglycerols	0.959	Phosphatidylglycerols	0.935	Phosphatidylglycerols	0.935	Organic compounds; Lipids and lipid-like molecules; Alcohols and polyols; Glycerophospholipids; Organic acids and derivatives; Carboxylic acids and derivatives; Primary alcohols; Organooxygen compounds; Fatty acid esters; Dicarboxylic acids and derivatives; Organic phosphoric acids and derivatives; Phosphate esters; Carboxylic acid derivatives; Carboxylic acid esters; Phosphatidylglycerols; Secondary alcohols; Carbonyl compounds; Glycerophosphoglycerols; Polyols; 1,2-diols; Alkyl phosphates; Dialkyl phosphates; Fatty Acyls; Organic oxides; Hydrocarbon derivatives; Organic oxygen compounds; Chemical entities	766.562	124	2.069	839079954813537889	839079619176924278	839079619176924277	364	
1	C45H65N3O	[M + K]+	C45H65KN3O+	Fatty acids	0.602	Fatty amides	0.271	Steroidal alkaloids	0.181	Organic acids and derivatives	0.928	Carboxylic acids and derivatives	0.872	Amino acids, peptides, and analogues	0.529	Amino acids and derivatives	0.527	Amino acids and derivatives	0.527	Organic compounds; Organoheterocyclic compounds; Lipids and lipid-like molecules; Amino acids, peptides, and analogues; Organic acids and derivatives; Carboxylic acids and derivatives; Organonitrogen compounds; Organooxygen compounds; Amino acids and derivatives; Carboxylic acid amides; Carboxylic acid derivatives; Carbonyl compounds; Trialkylamines; Amines; Tertiary amines; Organic oxides; Azacyclic compounds; Hydrocarbon derivatives; Organopnictogen compounds; Organic oxygen compounds; Organic nitrogen compounds; Chemical entities	702.471	124	2.069	839079999197664150	839079619256616062	839079619256616061	366	
2	C45H68N6O6	[M + H]+	C45H69N6O6+	Fatty acids	0.761	Oligopeptides	0.453	Lipopeptides	0.200	Organic acids and derivatives	0.983	Carboxylic acids and derivatives	0.961	Amino acids, peptides, and analogues	0.912	Amino acids and derivatives	0.906	Alpha amino acids and derivatives	0.832	Organic compounds; Organoheterocyclic compounds; Lipids and lipid-like molecules; Amino acids, peptides, and analogues; Alpha amino acids and derivatives; Organic acids and derivatives; Carboxylic acids and derivatives; Organonitrogen compounds; Organooxygen compounds; Fatty amides; Amino acids and derivatives; Carboxylic acid amides; Carboxylic acid derivatives; N-acyl amines; Carboxylic acid esters; Carbonyl compounds; Amines; Fatty Acyls; Organic oxides; Hydrocarbon derivatives; Organopnictogen compounds; Organic oxygen compounds; Organic nitrogen compounds; Chemical entities	789.528	125	2.077	839079956784860841	839079619369862282	839079619369862281	369	
1	C4H14N4O2	[M + Na]+	C4H14N4NaO2+	Amino acids and Peptides	0.977	Small peptides	0.971	Aminoacids	0.988	Organic acids and derivatives	0.851	Carboxylic acids and derivatives	0.769	Amino acids, peptides, and analogues	0.524	Amino acids and derivatives	0.520	Amino acids and derivatives	0.520	Organic compounds; Amino acids, peptides, and analogues; Organic acids and derivatives; Carboxylic acids and derivatives; Organonitrogen compounds; Organooxygen compounds; Amino acids and derivatives; Monoalkylamines; Monocarboxylic acids and derivatives; Carboxylic acids; Carbonyl compounds; Amines; Primary amines; Fatty Acyls; Organic oxides; Hydrocarbon derivatives; Organopnictogen compounds; Organic oxygen compounds; Organic nitrogen compounds; Chemical entities	173.100	125	2.088	839079840103510537	839079619659269290	839079619659269289	377	
1	C35H66O5	[M - H2O + H]+	C35H65O4+	Fatty acids	1.000	Glycerolipids	1.000	Diacylglycerols	1.000	Lipids and lipid-like molecules	0.991	Glycerolipids	0.994	Diradylglycerols	0.991	Diacylglycerols	0.996	1,2-diacylglycerols	0.982	Organic compounds; Lipids and lipid-like molecules; Alcohols and polyols; Glycerolipids; Organic acids and derivatives; Carboxylic acids and derivatives; Primary alcohols; Organooxygen compounds; Fatty acid esters; Dicarboxylic acids and derivatives; Carboxylic acid derivatives; Diacylglycerols; Carboxylic acid esters; 1,2-diacylglycerols; Carbonyl compounds; Diradylglycerols; Fatty Acyls; Organic oxides; Hydrocarbon derivatives; Organic oxygen compounds; Chemical entities	549.488	125	2.089	839079862102637032	839079619407611022	839079619407611021	370	
1	C38H73O10P	[M + H3N + H]+	C38H77NO10P+	Fatty acids	0.998	Glycerophospholipids	1.000	Glycerophosphoglycerols	0.979	Lipids and lipid-like molecules	0.979	Glycerophospholipids	0.997	Glycerophosphoglycerols	0.971	Phosphatidylglycerols	0.946	Phosphatidylglycerols	0.946	Organic compounds; Lipids and lipid-like molecules; Alcohols and polyols; Glycerophospholipids; Organic acids and derivatives; Carboxylic acids and derivatives; Primary alcohols; Organooxygen compounds; Fatty acid esters; Dicarboxylic acids and derivatives; Organic phosphoric acids and derivatives; Phosphate esters; Carboxylic acid derivatives; Carboxylic acid esters; Phosphatidylglycerols; Secondary alcohols; Carbonyl compounds; Glycerophosphoglycerols; Polyols; 1,2-diols; Alkyl phosphates; Dialkyl phosphates; Fatty Acyls; Organic oxides; Hydrocarbon derivatives; Organic oxygen compounds; Chemical entities	738.529	125	2.089	839079954368941660	839079619445359762	839079619441165457	371	
1	C33H61NO5	[M + H3N + H]+	C33H65N2O5+	Fatty acids	1.000	Spingolipids	0.659	N-acyl amines	0.323	Organic acids and derivatives	1.000	Carboxylic acids and derivatives	0.998	Amino acids, peptides, and analogues	0.476	Amino acids and derivatives	0.473	Alpha amino acids and derivatives	0.535	Organic compounds; Lipids and lipid-like molecules; Alpha amino acids and derivatives; Alcohols and polyols; Organic acids and derivatives; Carboxylic acids and derivatives; Organonitrogen compounds; Organooxygen compounds; Fatty amides; Dicarboxylic acids and derivatives; Carboxylic acid amides; Carboxylic acid derivatives; N-acyl amines; Carboxylic acids; Carboxylic acid esters; Secondary alcohols; Secondary carboxylic acid amides; Carbonyl compounds; Fatty Acyls; Organic oxides; Hydrocarbon derivatives; Organopnictogen compounds; Organic oxygen compounds; Organic nitrogen compounds; Chemical entities	569.489	125	2.090	839079767995030674	839079619516662938	839079619516662937	373	
1	C8H12O4	[M + H3N + H]+	C8H16NO4+	Fatty acids	0.738	Fatty Acids and Conjugates	0.535	Iridoids monoterpenoids	0.378	Organic acids and derivatives	0.673	Carboxylic acids and derivatives	0.700	Carboxylic acids	0.526			Carboxylic acids	0.526	Organic compounds; Alcohols and polyols; Organic acids and derivatives; Carboxylic acids and derivatives; Organooxygen compounds; Monocarboxylic acids and derivatives; Carboxylic acids; Carbonyl compounds; Organic oxides; Hydrocarbon derivatives; Organic oxygen compounds; Chemical entities	190.108	125	2.091	839079981682250233	839079619478914198	839079619478914197	372	
1	C8H8O2	[M + H3N + H]+	C8H12NO2+	Terpenoids	0.336	Cyclic polyketides	0.196	Cinnamic acids and derivatives	0.112	Organic oxygen compounds	0.999	Organooxygen compounds	0.998	Carbonyl compounds	0.683			Carbonyl compounds	0.683	Organic compounds; Organooxygen compounds; Carbonyl compounds; Organic oxides; Hydrocarbon derivatives; Organic oxygen compounds; Chemical entities	154.086	126	2.093	839079936840944776	839079619554411678	839079619554411677	374	
1	C8H10O3	[M - H2O + H]+	C8H9O2+	Polyketides	0.522	Monoterpenoids	0.321	2-pyrone derivatives	0.174	Organic oxygen compounds	1.000	Organooxygen compounds	0.999	Carbonyl compounds	0.573			Carbonyl compounds	0.573	Organic compounds; Organooxygen compounds; Carbonyl compounds; Organic oxides; Hydrocarbon derivatives; Organic oxygen compounds; Chemical entities	137.060	126	2.093	839079781760737572	839079619587966114	839079619587966113	375	
2	C8H15NO4	[M - H2O + H]+	C8H14NO3+	Amino acids and Peptides	0.966	Small peptides	0.969	Aminoacids	0.953	Organic acids and derivatives	0.999	Carboxylic acids and derivatives	0.999	Amino acids, peptides, and analogues	0.994	Amino acids and derivatives	0.993	Alpha amino acids	0.869	Organic compounds; Lipids and lipid-like molecules; Amino acids, peptides, and analogues; Alpha amino acids and derivatives; Fatty acids and conjugates; Organic acids and derivatives; Carboxylic acids and derivatives; Organonitrogen compounds; Organooxygen compounds; Dicarboxylic acids and derivatives; Amino acids and derivatives; Monoalkylamines; Amino fatty acids; Carboxylic acids; Carbonyl compounds; Alpha amino acids; Amines; Primary amines; Medium-chain fatty acids; Fatty Acyls; Organic oxides; Hydrocarbon derivatives; Amino acids; Organopnictogen compounds; Organic oxygen compounds; Organic nitrogen compounds; Chemical entities	172.097	126	2.094	839079794536588623	839079619625714854	839079619625714853	376	
3	C37H48O6	[M + H3N + H]+	C37H52NO6+	Fatty acids	0.999	Glycerolipids	0.999	Diacylglycerols	0.993	Lipids and lipid-like molecules	0.979	Glycerolipids	0.991	Diradylglycerols	0.958	Diacylglycerols	0.969	1,2-diacylglycerols	0.950	Organic compounds; Lipids and lipid-like molecules; Alcohols and polyols; Glycerolipids; Organic acids and derivatives; Carboxylic acids and derivatives; Primary alcohols; Organooxygen compounds; Fatty acid esters; Dicarboxylic acids and derivatives; Carboxylic acid derivatives; Diacylglycerols; Carboxylic acid esters; 1,2-diacylglycerols; Carbonyl compounds; Diradylglycerols; Fatty Acyls; Organic oxides; Hydrocarbon derivatives; Organic oxygen compounds; Chemical entities	606.377	126	2.097	839079882956718304	839079619806069946	839079619806069945	381	
1	C38H71O10P	[M + H3N + H]+	C38H75NO10P+	Fatty acids	0.999	Glycerophospholipids	1.000	Glycerophosphoglycerols	0.980	Lipids and lipid-like molecules	0.987	Glycerophospholipids	0.998	Glycerophosphoglycerols	0.975	Phosphatidylglycerols	0.925	Phosphatidylglycerols	0.925	Organic compounds; Lipids and lipid-like molecules; Alcohols and polyols; Glycerophospholipids; Organic acids and derivatives; Carboxylic acids and derivatives; Primary alcohols; Organooxygen compounds; Fatty acid esters; Dicarboxylic acids and derivatives; Organic phosphoric acids and derivatives; Phosphate esters; Carboxylic acid derivatives; Carboxylic acid esters; Phosphatidylglycerols; Secondary alcohols; Carbonyl compounds; Glycerophosphoglycerols; Polyols; 1,2-diols; Alkyl phosphates; Dialkyl phosphates; Fatty Acyls; Organic oxides; Hydrocarbon derivatives; Organic oxygen compounds; Chemical entities	736.513	126	2.098	839080039953716647	839079619697018030	839079619692823725	378	
1	C35H64O5	[M - H2O + H]+	C35H63O4+	Fatty acids	1.000	Glycerolipids	1.000	Diacylglycerols	0.999	Lipids and lipid-like molecules	0.996	Glycerolipids	0.997	Diradylglycerols	0.992	Diacylglycerols	0.996	1,2-diacylglycerols	0.986	Organic compounds; Lipids and lipid-like molecules; Alcohols and polyols; Glycerolipids; Organic acids and derivatives; Carboxylic acids and derivatives; Primary alcohols; Organooxygen compounds; Fatty acid esters; Dicarboxylic acids and derivatives; Carboxylic acid derivatives; Diacylglycerols; Carboxylic acid esters; 1,2-diacylglycerols; Carbonyl compounds; Diradylglycerols; Fatty Acyls; Organic oxides; Hydrocarbon derivatives; Organic oxygen compounds; Chemical entities	547.473	126	2.100	839079983850705439	839079619730572466	839079619730572465	379	
1	C8H9F3O2	[M + H3N + H]+	C8H13F3NO2+	Fatty acids	0.712	Fatty Acids and Conjugates	0.541	Halogenated fatty acids	0.812	Organohalogen compounds	1.000	Alkyl halides	0.995	Alkyl fluorides	0.994			Alkyl fluorides	0.994	Organic compounds; Organohalogen compounds; Organooxygen compounds; Alkyl fluorides; Organofluorides; Carbonyl compounds; Alkyl halides; Organic oxides; Hydrocarbon derivatives; Organic oxygen compounds; Chemical entities	212.089	126	2.102	839080018504045802	839079619768321206	839079619768321205	380	
1	C42H69NO6	[M + Na]+	C42H69NNaO6+	Fatty acids	1.000	Glycerolipids	0.933	Glycerophosphoserines	0.291	Organic acids and derivatives	1.000	Carboxylic acids and derivatives	1.000	Amino acids, peptides, and analogues	0.816	Amino acids and derivatives	0.818	Amino acids and derivatives	0.818	Organic compounds; Lipids and lipid-like molecules; Amino acids, peptides, and analogues; Glycerolipids; Organic acids and derivatives; Carboxylic acids and derivatives; Organonitrogen compounds; Organooxygen compounds; Fatty acid esters; Dicarboxylic acids and derivatives; Amino acids and derivatives; Carboxylic acid derivatives; Carboxylic acid esters; Carbonyl compounds; Tricarboxylic acids and derivatives; Amines; Fatty Acyls; Organic oxides; Hydrocarbon derivatives; Organopnictogen compounds; Organic oxygen compounds; Organic nitrogen compounds; Chemical entities	706.501	127	2.124	839079869962763427	839079619868984510	839079619868984509	382	
1	C20H39NO2	[M + H3N + H]+	C20H43N2O2+	Fatty acids	0.990	Fatty amides	0.977	N-acyl ethanolamines (endocannabinoids)	0.822	Lipids and lipid-like molecules	0.833	Fatty Acyls	0.837	Fatty amides	0.836	N-acyl amines	0.868	N-acyl amines	0.868	Organic compounds; Lipids and lipid-like molecules; Alcohols and polyols; Organic acids and derivatives; Carboxylic acids and derivatives; Organonitrogen compounds; Organooxygen compounds; Fatty amides; Carboxylic acid amides; Carboxylic acid derivatives; N-acyl amines; Tertiary carboxylic acid amides; Carbonyl compounds; Fatty Acyls; Organic oxides; Hydrocarbon derivatives; Organopnictogen compounds; Organic oxygen compounds; Organic nitrogen compounds; Chemical entities	343.332	128	2.127	839079770297703743	839079619915121858	839079619915121857	383	
1	C5H2N4O	[M + H3N + H]+	C5H6N5O+	Alkaloids	0.991	Pseudoalkaloids (transamidation)	0.946	Purine alkaloids	0.982	Organoheterocyclic compounds	0.999	Imidazopyrimidines	0.776	Purines and purine derivatives	0.660			Purines and purine derivatives	0.660	Organic compounds; Organoheterocyclic compounds; Pyrimidines and pyrimidine derivatives; Imidazoles; Purines and purine derivatives; Organic acids and derivatives; Organonitrogen compounds; Pyrimidones; Organooxygen compounds; Azoles; Diazines; Imidazopyrimidines; Organic oxides; Azacyclic compounds; Heteroaromatic compounds; Hydrocarbon derivatives; Organopnictogen compounds; Organic oxygen compounds; Organic nitrogen compounds; Chemical entities	152.057	128	2.132	839079785917293170	839079619961259206	839079619961259205	384	
1	C35H63NO6	[M + H3N + H]+	C35H67N2O6+	Fatty acids	0.923	Spingolipids	0.287	Aminoacids	0.251	Organic acids and derivatives	0.998	Carboxylic acids and derivatives	0.994	Amino acids, peptides, and analogues	0.869	Amino acids and derivatives	0.867	Alpha amino acids and derivatives	0.866	Organic compounds; Organoheterocyclic compounds; Lipids and lipid-like molecules; Amino acids, peptides, and analogues; Alpha amino acids and derivatives; Alcohols and polyols; Organic acids and derivatives; Carboxylic acids and derivatives; Organonitrogen compounds; Organooxygen compounds; Dicarboxylic acids and derivatives; Amino acids and derivatives; Carboxylic acid amides; Carboxylic acid derivatives; Monocarboxylic acids and derivatives; Carboxylic acids; Carboxylic acid esters; Secondary alcohols; Carbonyl compounds; Fatty Acyls; Organic oxides; Hydrocarbon derivatives; Organopnictogen compounds; Organic oxygen compounds; Organic nitrogen compounds; Chemical entities	611.500	128	2.135	839079924371278490	839079620015785162	839079620015785161	385	
1	C9H16O2	[M + H3N + H]+	C9H20NO2+	Fatty acids	0.967	Fatty acyls	0.904	Oxygenated hydrocarbons	0.484	Organic oxygen compounds	1.000	Organooxygen compounds	1.000	Carbonyl compounds	0.859	Ketones	0.655	Ketones	0.655	Organic compounds; Ketones; Alcohols and polyols; Organooxygen compounds; Carbonyl compounds; Organic oxides; Hydrocarbon derivatives; Organic oxygen compounds; Chemical entities	174.149	128	2.136	839079830628576927	839079620053533902	839079620053533901	386	
1	C8H18NO3	[M + H3N + H]+	C8H22N2O3+	Amino acids and Peptides	0.953	Small peptides	0.954	Aminoacids	0.923	Organic acids and derivatives	0.997	Carboxylic acids and derivatives	0.996	Amino acids, peptides, and analogues	0.920	Amino acids and derivatives	0.918	Alpha amino acids and derivatives	0.620	Organic compounds; Lipids and lipid-like molecules; Amino acids, peptides, and analogues; Alpha amino acids and derivatives; Alcohols and polyols; Fatty acids and conjugates; Organic acids and derivatives; Carboxylic acids and derivatives; Organonitrogen compounds; Organooxygen compounds; Branched fatty acids; Amino acids and derivatives; Monoalkylamines; Monocarboxylic acids and derivatives; Carboxylic acids; Carbonyl compounds; Amines; Primary amines; Methyl-branched fatty acids; Fatty Acyls; Organic oxides; Hydrocarbon derivatives; Amino acids; Organopnictogen compounds; Organic oxygen compounds; Organic nitrogen compounds; Chemical entities	194.164	128	2.137	839079831098339022	839079620129031382	839079620129031381	388	
1	C9H18O3	[M + H3N + H]+	C9H22NO3+	Fatty acids	0.932	Fatty acyls	0.543	Fatty alcohols	0.669	Lipids and lipid-like molecules	0.615	Fatty Acyls	0.583					Fatty Acyls	0.583	Organic compounds; Lipids and lipid-like molecules; Alcohols and polyols; Primary alcohols; Organooxygen compounds; Fatty Acyls; Hydrocarbon derivatives; Organic oxygen compounds; Chemical entities	192.159	128	2.138	839079765059017542	839079620091282642	839079620091282641	387	
1	C11H14N2	[M + H3N + H]+	C11H18N3+	Alkaloids	0.971	Tryptophan alkaloids	0.681	Simple indole alkaloids	0.780	Benzenoids	0.619							Benzenoids	0.619	Organic compounds; Organoheterocyclic compounds; Organonitrogen compounds; Benzenoids; Azacyclic compounds; Hydrocarbon derivatives; Organopnictogen compounds; Organic nitrogen compounds; Chemical entities	192.150	128	2.138	839079774332624493	839079620162585818	839079620162585817	389	
1	C9H21NO3	[M + Na]+	C9H21NNaO3+	Fatty acids	0.982	Fatty amides	0.486	Sphingoid bases	0.491	Organic nitrogen compounds	0.997	Organonitrogen compounds	0.993	Amines	0.756	Alkanolamines	0.623	Alkanolamines	0.623	Organic compounds; Alcohols and polyols; Organonitrogen compounds; Primary alcohols; Organooxygen compounds; Amines; Alkanolamines; Hydrocarbon derivatives; Organopnictogen compounds; Organic oxygen compounds; Organic nitrogen compounds; Chemical entities	214.141	130	2.159	839079802879059882	839079620368106738	839079620368106737	395	
2	C10H18O2S2	[M + H3N + H]+	C10H22NO2S2+	Fatty acids	0.905	Monoterpenoids	0.620	Thia fatty acids	0.610	Organic oxygen compounds	0.967	Organooxygen compounds	0.876	Carbonyl compounds	0.636			Carbonyl compounds	0.636	Organic compounds; Organosulfur compounds; Organooxygen compounds; Carbonyl compounds; Organic oxides; Hydrocarbon derivatives; Organic oxygen compounds; Chemical entities	252.109	130	2.163	839079777339940735	839079620401661174	839079620401661173	396	
1	C33H51NO6	[M + Na]+	C33H51NNaO6+	Fatty acids	1.000	Spingolipids	0.255	Triacylglycerols	0.053	Lipids and lipid-like molecules	0.961	Fatty Acyls	0.981	Fatty acid esters	0.979			Fatty acid esters	0.979	Organic compounds; Lipids and lipid-like molecules; Organic acids and derivatives; Carboxylic acids and derivatives; Organonitrogen compounds; Organooxygen compounds; Fatty acid esters; Dicarboxylic acids and derivatives; Carboxylic acid derivatives; Carboxylic acid esters; Carbonyl compounds; Fatty Acyls; Organic oxides; Hydrocarbon derivatives; Organopnictogen compounds; Organic oxygen compounds; Organic nitrogen compounds; Chemical entities	580.362	132	2.196	839079772529073609	839079620439409914	839079620439409913	397	
1	C25H32O6	[M + H3N + H]+	C25H36NO6+	Shikimates and Phenylpropanoids	0.894	Coumarins	0.369	Furocoumarins	0.454	Organoheterocyclic compounds	0.696	Benzopyrans	0.508	1-benzopyrans	0.537			1-benzopyrans	0.537	Organic compounds; Organoheterocyclic compounds; Benzopyrans; Alkyl aryl ethers; Anisoles; Ethers; Phenylpropanoids and polyketides; Organooxygen compounds; Carbonyl compounds; Phenol ethers; Benzenoids; 1-benzopyrans; Organic oxides; Oxacyclic compounds; Hydrocarbon derivatives; Organic oxygen compounds; Chemical entities	446.254	132	2.200	839079797044782631	839079620540073222	839079620540073221	400	
2	C37H70NO11P	[M - H2O + H]+	C37H69NO10P+	Fatty acids	1.000	Glycerophospholipids	1.000	Glycerophosphoserines	0.998	Lipids and lipid-like molecules	0.992	Glycerophospholipids	0.999	Glycerophosphoserines	0.998	Phosphatidylserines	0.992	Phosphatidylserines	0.992	Organic compounds; Lipids and lipid-like molecules; Amino acids, peptides, and analogues; Alpha amino acids and derivatives; Glycerophospholipids; Organic acids and derivatives; Carboxylic acids and derivatives; Organonitrogen compounds; Organooxygen compounds; Fatty acid esters; Amino acids and derivatives; Organic phosphoric acids and derivatives; Phosphate esters; Monoalkylamines; Carboxylic acid derivatives; Carboxylic acids; Carboxylic acid esters; Phosphoethanolamines; Phosphatidylserines; Carbonyl compounds; Tricarboxylic acids and derivatives; Glycerophosphoserines; Alpha amino acids; Amines; Primary amines; Alkyl phosphates; Dialkyl phosphates; Fatty Acyls; Organic oxides; L-alpha-amino acids; Hydrocarbon derivatives; Amino acids; Organopnictogen compounds; Organic oxygen compounds; Organic nitrogen compounds; Chemical entities	718.467	132	2.208	839079968050761745	839079620506518786	839079620506518785	399	
2	C6H6N2O2	[M + H]+	C6H7N2O2+	Alkaloids	0.886	Histidine alkaloids	0.860	Imidazole alkaloids	0.861	Organoheterocyclic compounds	0.999	Azoles	0.607	Imidazoles	0.620	Substituted imidazoles	0.454	Imidazolyl carboxylic acids and derivatives	0.543	Organic compounds; Organoheterocyclic compounds; Imidazoles; Organic acids and derivatives; Carboxylic acids and derivatives; Organonitrogen compounds; Organooxygen compounds; Azoles; Monocarboxylic acids and derivatives; Carboxylic acids; Imidazolyl carboxylic acids and derivatives; Carbonyl compounds; Organic oxides; Azacyclic compounds; Heteroaromatic compounds; Hydrocarbon derivatives; Organopnictogen compounds; Organic oxygen compounds; Organic nitrogen compounds; Chemical entities	139.050	133	2.214	839079968759599181	839079620472964350	839079620472964349	398	
1	C35H61NO7	[M + H3N + H]+	C35H65N2O7+	Fatty acids	0.963	Spingolipids	0.964	Sphingoid bases	0.617	Organic acids and derivatives	0.980	Carboxylic acids and derivatives	0.957	Amino acids, peptides, and analogues	0.674	Amino acids and derivatives	0.668	Alpha amino acids and derivatives	0.588	Organic compounds; Organoheterocyclic compounds; Lipids and lipid-like molecules; Amino acids, peptides, and analogues; Alpha amino acids and derivatives; Alcohols and polyols; Organic acids and derivatives; Carboxylic acids and derivatives; Organonitrogen compounds; Organooxygen compounds; Amino acids and derivatives; Carboxylic acid amides; Carboxylic acid derivatives; Carboxylic acid esters; Secondary alcohols; Secondary carboxylic acid amides; Carbonyl compounds; Fatty Acyls; Organic oxides; Oxacyclic compounds; Hydrocarbon derivatives; Organopnictogen compounds; Organic oxygen compounds; Organic nitrogen compounds; Chemical entities	625.479	133	2.216	839079771405000080	839079620615570702	839079620615570701	402	
1	C27H54NO7P	[M + H]+	C27H55NO7P+	Fatty acids	1.000	Glycerophospholipids	1.000	Glycerophosphocholines	1.000	Lipids and lipid-like molecules	0.991	Glycerophospholipids	0.999	Glycerophosphocholines	0.999	Lysophosphatidylcholines	0.988	1-acyl-sn-glycero-3-phosphocholines	0.980	Organic compounds; Lipids and lipid-like molecules; Alcohols and polyols; Glycerophospholipids; Organic acids and derivatives; Carboxylic acids and derivatives; Organonitrogen compounds; Organooxygen compounds; Fatty acid esters; Organic phosphoric acids and derivatives; Phosphate esters; Quaternary ammonium salts; Cholines; Carboxylic acid derivatives; Monocarboxylic acids and derivatives; Carboxylic acid esters; Phosphocholines; Lysophosphatidylcholines; 1-acyl-sn-glycero-3-phosphocholines; Secondary alcohols; Carbonyl compounds; Glycerophosphocholines; Amines; Alkyl phosphates; Dialkyl phosphates; Organic cations; Organic salts; Fatty Acyls; Organic oxides; Hydrocarbon derivatives; Tetraalkylammonium salts; Organopnictogen compounds; Organic oxygen compounds; Organic nitrogen compounds; Chemical entities	536.371	134	2.227	839079767181335654	839079620653319442	839079620653319441	403	
1	C27H45N5O5	[M + H3N + H]+	C27H49N6O5+	Fatty acids	0.975	Spingolipids	0.883	Ceramides	0.122	Lipids and lipid-like molecules	0.963	Sphingolipids	0.913	Ceramides	0.925			Ceramides	0.925	Organic compounds; Lipids and lipid-like molecules; Amino acids, peptides, and analogues; Alcohols and polyols; Sphingolipids; Organic acids and derivatives; Carboxylic acids and derivatives; Organonitrogen compounds; Primary alcohols; Organooxygen compounds; Fatty amides; Amino acids and derivatives; Azoles; Carboxylic acid amides; Carboxylic acid derivatives; N-acyl amines; Organic nitro compounds; Ceramides; Organic oxoazanium compounds; Secondary alcohols; Secondary carboxylic acid amides; Carbonyl compounds; Benzoxadiazoles; Furazans; Amines; Organic zwitterions; Organic 1,3-dipolar compounds; Allyl-type 1,3-dipolar organic compounds; Propargyl-type 1,3-dipolar organic compounds; Fatty Acyls; Organic oxides; C-nitro compounds; Azacyclic compounds; Heteroaromatic compounds; Hydrocarbon derivatives; Organopnictogen compounds; Organic oxygen compounds; Nitroaromatic compounds; Organic nitrogen compounds; Chemical entities	537.375	134	2.227	839079770427727179	839079620577821962	839079620577821961	401	
1	C24H48NO7P	[M + H]+	C24H49NO7P+	Fatty acids	1.000	Glycerophospholipids	1.000	Glycerophosphoethanolamines	0.998	Organic acids and derivatives	0.999	Carboxylic acids and derivatives	0.993	Amino acids, peptides, and analogues	0.952	Amino acids and derivatives	0.951	Amino acids and derivatives	0.951	Organic compounds; Lipids and lipid-like molecules; Amino acids, peptides, and analogues; Alcohols and polyols; Glycerophospholipids; Organic acids and derivatives; Carboxylic acids and derivatives; Organonitrogen compounds; Organooxygen compounds; Fatty acid esters; Amino acids and derivatives; Organic phosphoric acids and derivatives; Phosphate esters; Monoalkylamines; Carboxylic acid derivatives; Monocarboxylic acids and derivatives; Carboxylic acid esters; Phosphoethanolamines; Lysophosphatidylethanolamines; Secondary alcohols; 1-acyl-sn-glycero-3-phosphoethanolamines; Carbonyl compounds; Glycerophosphoethanolamines; Amines; Primary amines; Alkyl phosphates; Dialkyl phosphates; Fatty Acyls; Organic oxides; Hydrocarbon derivatives; Organopnictogen compounds; Organic oxygen compounds; Organic nitrogen compounds; Chemical entities	494.324	134	2.233	839079793605453007	839079620691068182	839079620691068181	404	
2	C30H56NO10P	[M + H]+	C30H57NO10P+	Fatty acids	1.000	Glycerophospholipids	1.000	Glycerophosphoethanolamines	0.707	Lipids and lipid-like molecules	0.993	Glycerophospholipids	1.000	Glycerophosphoserines	0.827			Glycerophosphoserines	0.827	Organic compounds; Lipids and lipid-like molecules; Amino acids, peptides, and analogues; Alpha amino acids and derivatives; Alcohols and polyols; Glycerophospholipids; Organic acids and derivatives; Carboxylic acids and derivatives; Organonitrogen compounds; Organooxygen compounds; Fatty acid esters; Dicarboxylic acids and derivatives; Amino acids and derivatives; Organic phosphoric acids and derivatives; Phosphate esters; Monoalkylamines; Carboxylic acid derivatives; Carboxylic acids; Carboxylic acid esters; Phosphoethanolamines; Carbonyl compounds; Glycerophosphoethanolamines; Glycerophosphoserines; Alpha amino acids; Amines; Primary amines; Alkyl phosphates; Dialkyl phosphates; Fatty Acyls; Organic oxides; L-alpha-amino acids; Hydrocarbon derivatives; Amino acids; Organopnictogen compounds; Organic oxygen compounds; Organic nitrogen compounds; Chemical entities	622.372	134	2.236	839079791017567240	839079620829480230	839079620829480229	408	
1	C7H14O2	[M + H3N + H]+	C7H18NO2+	Fatty acids	0.925	Fatty acyls	0.584	Fatty alcohols	0.590	Organic oxygen compounds	0.999	Organooxygen compounds	0.999	Alcohols and polyols	0.837			Alcohols and polyols	0.837	Organic compounds; Alcohols and polyols; Organooxygen compounds; Hydrocarbon derivatives; Organic oxygen compounds; Chemical entities	148.133	134	2.239	839079772134809012	839079620724622618	839079620724622617	405	
1	C37H69NO6	[M + H3N + H]+	C37H73N2O6+	Fatty acids	1.000	Spingolipids	0.968	Sphingoid bases	0.388	Organic acids and derivatives	0.999	Carboxylic acids and derivatives	0.998	Amino acids, peptides, and analogues	0.832	Amino acids and derivatives	0.830	Alpha amino acids and derivatives	0.864	Organic compounds; Lipids and lipid-like molecules; Amino acids, peptides, and analogues; Alpha amino acids and derivatives; Alcohols and polyols; Organic acids and derivatives; Carboxylic acids and derivatives; Organonitrogen compounds; Organooxygen compounds; Fatty acid esters; Fatty amides; Dicarboxylic acids and derivatives; Amino acids and derivatives; Carboxylic acid amides; Carboxylic acid derivatives; N-acyl amines; Carboxylic acids; Carboxylic acid esters; Secondary alcohols; Secondary carboxylic acid amides; Carbonyl compounds; Fatty Acyls; Organic oxides; Hydrocarbon derivatives; Organopnictogen compounds; Organic oxygen compounds; Organic nitrogen compounds; Chemical entities	641.547	134	2.240	839079774001274419	839079620758177054	839079620758177053	406	
1	C8H9N5O3	[M - H2O + H]+	C8H8N5O2+	Alkaloids	0.534	Pseudoalkaloids (transamidation)	0.360	Purine alkaloids	0.504	Organoheterocyclic compounds	0.998	Pteridines and derivatives	0.946	Pterins and derivatives	0.972	Biopterins and derivatives	0.635	Biopterins and derivatives	0.635	Organic compounds; Organoheterocyclic compounds; Pyrimidines and pyrimidine derivatives; Pteridines and derivatives; Pterins and derivatives; Alcohols and polyols; Organic acids and derivatives; Organonitrogen compounds; Pyrimidones; Organooxygen compounds; Aminopyrimidines and derivatives; Diazines; Biopterins and derivatives; Amines; Primary amines; Vinylogous amides; Organic oxides; Azacyclic compounds; Heteroaromatic compounds; Hydrocarbon derivatives; Organopnictogen compounds; Organic oxygen compounds; Organic nitrogen compounds; Chemical entities	206.067	135	2.243	839079776815652700	839079620863034666	839079620863034665	409	
3	C10H16O2S2	[M + H3N + H]+	C10H20NO2S2+	Fatty acids	0.968	Fatty Acids and Conjugates	0.617	Thia fatty acids	0.784	Organoheterocyclic compounds	0.453	Dithiolanes	0.383	1,2-dithiolanes	0.589			1,2-dithiolanes	0.589	Organic compounds; Organosulfur compounds; Organic acids and derivatives; Carboxylic acids and derivatives; Organooxygen compounds; Carbonyl compounds; 1,2-dithiolanes; Organic oxides; Hydrocarbon derivatives; Organic oxygen compounds; Chemical entities	250.093	135	2.247	839079792263275640	839079620896589102	839079620896589101	410	
1	C41H62N2O7	[M + H3N + H]+	C41H66N3O7+	Fatty acids	0.601	Linear polyketides	0.286	Open-chain polyketides	0.153	Lipids and lipid-like molecules	0.833	Fatty Acyls	0.669					Fatty Acyls	0.669	Organic compounds; Lipids and lipid-like molecules; Ketones; Alcohols and polyols; Organic acids and derivatives; Carboxylic acids and derivatives; Organonitrogen compounds; Organooxygen compounds; Carboxylic acid derivatives; Carboxylic acid esters; Secondary alcohols; Carbonyl compounds; Amines; Fatty Acyls; Organic oxides; Hydrocarbon derivatives; Organopnictogen compounds; Organic oxygen compounds; Organic nitrogen compounds; Chemical entities	712.489	136	2.261	839079804569364529	839079620791731490	839079620791731489	407	
2	C42H63NO8	[M + H]+	C42H64NO8+	Polyketides	0.517	Linear polyketides	0.733	Open-chain polyketides	0.603	Phenylpropanoids and polyketides	0.473	Macrolides and analogues	0.648					Macrolides and analogues	0.648	Organic compounds; Organoheterocyclic compounds; Lipids and lipid-like molecules; Lactones; Ketones; Alcohols and polyols; Macrolides and analogues; Organic acids and derivatives; Carboxylic acids and derivatives; Organonitrogen compounds; Organooxygen compounds; Carboxylic acid amides; Carboxylic acid derivatives; Carboxylic acid esters; Secondary alcohols; Carbonyl compounds; Organic oxides; Oxacyclic compounds; Hydrocarbon derivatives; Organopnictogen compounds; Organic oxygen compounds; Organic nitrogen compounds; Chemical entities	710.461	136	2.263	839079814056880714	839079621014029626	839079621014029625	413	
1	C32H58O6	[M - H2O + H]+	C32H57O5+	Fatty acids	1.000	Glycerolipids	0.999	Diacylglycerols	0.995	Lipids and lipid-like molecules	0.985	Glycerolipids	0.992	Diradylglycerols	0.968	Diacylglycerols	0.976	1,2-diacylglycerols	0.960	Organic compounds; Lipids and lipid-like molecules; Alcohols and polyols; Glycerolipids; Organic acids and derivatives; Carboxylic acids and derivatives; Primary alcohols; Organooxygen compounds; Fatty acid esters; Dicarboxylic acids and derivatives; Carboxylic acid derivatives; Diacylglycerols; Carboxylic acid esters; 1,2-diacylglycerols; Secondary alcohols; Carbonyl compounds; Diradylglycerols; Fatty Acyls; Organic oxides; Hydrocarbon derivatives; Organic oxygen compounds; Chemical entities	521.421	136	2.263	839079882184966262	839079620934337842	839079620934337841	411	
1	C37H64O8	[M + K]+	C37H64KO8+	Polyketides	0.945	Linear polyketides	0.579	Open-chain polyketides	0.250	Lipids and lipid-like molecules	0.937	Fatty Acyls	0.947	Fatty alcohols	0.558			Fatty alcohols	0.558	Organic compounds; Lipids and lipid-like molecules; Alcohols and polyols; Glycerolipids; Organic acids and derivatives; Carboxylic acids and derivatives; Organooxygen compounds; Fatty acid esters; Dicarboxylic acids and derivatives; Carboxylic acid derivatives; Carboxylic acid esters; Fatty alcohols; Secondary alcohols; Carbonyl compounds; Fatty Acyls; Organic oxides; Hydrocarbon derivatives; Organic oxygen compounds; Chemical entities	675.424	136	2.265	839079832767672232	839079620972086582	839079620972086581	412	
1	C35H51N7O8	[M + H3N + H]+	C35H55N8O8+	Amino acids and Peptides	0.975	Oligopeptides	0.989	Lipopeptides	0.251	Organic acids and derivatives	0.999	Carboxylic acids and derivatives	0.996	Amino acids, peptides, and analogues	0.983	Peptides	0.699	Peptides	0.699	Organic compounds; Lipids and lipid-like molecules; Amino acids, peptides, and analogues; Alpha amino acids and derivatives; Organic acids and derivatives; Carboxylic acids and derivatives; Organonitrogen compounds; Organooxygen compounds; Fatty amides; Amino acids and derivatives; Peptides; Carboxylic acid amides; Carboxylic acid derivatives; N-acyl amines; Monocarboxylic acids and derivatives; N-acyl-alpha amino acids and derivatives; Carboxylic acids; Primary carboxylic acid amides; Secondary carboxylic acid amides; Tertiary carboxylic acid amides; Carbonyl compounds; Alpha amino acid amides; N-acyl-alpha amino acids; Fatty Acyls; Organic oxides; Hydrocarbon derivatives; Organopnictogen compounds; Organic oxygen compounds; Organic nitrogen compounds; Chemical entities	715.416	136	2.266	839079896223303243	839079621047584062	839079621047584061	414	
1	C26H52NO7P	[M + H]+	C26H53NO7P+	Fatty acids	1.000	Glycerophospholipids	1.000	Glycerophosphocholines	0.999	Lipids and lipid-like molecules	0.987	Glycerophospholipids	0.999	Glycerophosphocholines	0.999	Lysophosphatidylcholines	0.990	1-acyl-sn-glycero-3-phosphocholines	0.981	Organic compounds; Lipids and lipid-like molecules; Alcohols and polyols; Glycerophospholipids; Organic acids and derivatives; Carboxylic acids and derivatives; Organonitrogen compounds; Organooxygen compounds; Fatty acid esters; Organic phosphoric acids and derivatives; Phosphate esters; Quaternary ammonium salts; Cholines; Carboxylic acid derivatives; Monocarboxylic acids and derivatives; Carboxylic acid esters; Phosphocholines; Lysophosphatidylcholines; 1-acyl-sn-glycero-3-phosphocholines; Secondary alcohols; Carbonyl compounds; Glycerophosphocholines; Amines; Alkyl phosphates; Dialkyl phosphates; Organic cations; Organic salts; Fatty Acyls; Organic oxides; Hydrocarbon derivatives; Tetraalkylammonium salts; Organopnictogen compounds; Organic oxygen compounds; Organic nitrogen compounds; Chemical entities	522.356	136	2.267	839079783618814440	839079621089527106	839079621089527105	415	
3	C42H76O14	[M - H2O + H]+	C42H75O13+	Polyketides	0.990	Linear polyketides	0.926	Open-chain polyketides	0.925	Lipids and lipid-like molecules	0.871	Fatty Acyls	0.869	Fatty alcohols	0.630			Fatty alcohols	0.630	Organic compounds; Organoheterocyclic compounds; Carbohydrates and carbohydrate conjugates; Lipids and lipid-like molecules; Alcohols and polyols; Ethers; Organic acids and derivatives; Carboxylic acids and derivatives; Organooxygen compounds; Carboxylic acid derivatives; Carboxylic acid esters; Fatty alcohols; Secondary alcohols; Carbonyl compounds; Oxanes; Polyols; Fatty Acyls; Organic oxides; Oxacyclic compounds; Hydrocarbon derivatives; Organic oxygen compounds; Chemical entities	787.514	137	2.278	839079788039611147	839079621165024586	839079621165024585	417	
1	C30H42N2O6	[M + H3N + H]+	C30H46N3O6+	Alkaloids	0.415	Tyrosine alkaloids	0.457	Isoquinoline alkaloids	0.242	Benzenoids	0.628							Benzenoids	0.628	Organic compounds; Organoheterocyclic compounds; Ethers; Organic acids and derivatives; Carboxylic acids and derivatives; Organonitrogen compounds; Organooxygen compounds; Carboxylic acid derivatives; Carbonyl compounds; Benzenoids; Amines; Organic oxides; Azacyclic compounds; Oxacyclic compounds; Hydrocarbon derivatives; Organopnictogen compounds; Organic oxygen compounds; Organic nitrogen compounds; Chemical entities	544.338	137	2.279	839079809522837843	839079621127275846	839079621127275845	416	
1	C38H65N11O7	[M + H]+	C38H66N11O7+	Fatty acids	0.797	Oligopeptides	0.745	Lipopeptides	0.209	Organic acids and derivatives	0.982	Carboxylic acids and derivatives	0.974	Amino acids, peptides, and analogues	0.897	Amino acids and derivatives	0.883	Alpha amino acid amides	0.569	Organic compounds; Organoheterocyclic compounds; Lipids and lipid-like molecules; Amino acids, peptides, and analogues; Alpha amino acids and derivatives; Alcohols and polyols; Organic acids and derivatives; Carboxylic acids and derivatives; Organonitrogen compounds; Organooxygen compounds; Fatty amides; Amino acids and derivatives; Azoles; Carboxylic acid amides; Carboxylic acid derivatives; N-acyl amines; Organic nitro compounds; Organic oxoazanium compounds; Secondary alcohols; Secondary carboxylic acid amides; Carbonyl compounds; Benzoxadiazoles; Furazans; Alpha amino acid amides; Amines; Organic zwitterions; Organic 1,3-dipolar compounds; Allyl-type 1,3-dipolar organic compounds; Propargyl-type 1,3-dipolar organic compounds; Fatty Acyls; Organic oxides; C-nitro compounds; Azacyclic compounds; Heteroaromatic compounds; Hydrocarbon derivatives; Organopnictogen compounds; Organic oxygen compounds; Nitroaromatic compounds; Organic nitrogen compounds; Chemical entities	788.515	137	2.280	839079799641056963	839079621202773326	839079621202773325	418	
2	C6H17NOSi2	[M + Na]+	C6H17NNaOSi2+	Alkaloids	0.571	Ornithine alkaloids	0.248	Pyrrolidine alkaloids	0.053	Organoheterocyclic compounds	0.532							Organoheterocyclic compounds	0.532	Organic compounds; Organoheterocyclic compounds; Organonitrogen compounds; Organooxygen compounds; Amines; Hydrocarbon derivatives; Organopnictogen compounds; Organic oxygen compounds; Organic nitrogen compounds; Chemical entities	198.074	137	2.286	839079777377689488	839079621236327762	839079621236327761	419	
1	C7H8O3	[M + H3N + H]+	C7H12NO3+	Polyketides	0.597	Cyclic polyketides	0.536	2-pyrone derivatives	0.422	Organic acids and derivatives	0.776	Carboxylic acids and derivatives	0.727	Monocarboxylic acids and derivatives	0.573			Monocarboxylic acids and derivatives	0.573	Organic compounds; Organic acids and derivatives; Carboxylic acids and derivatives; Organooxygen compounds; Monocarboxylic acids and derivatives; Carbonyl compounds; Organic oxides; Oxacyclic compounds; Hydrocarbon derivatives; Organic oxygen compounds; Chemical entities	158.081	137	2.287	839079775548972796	839079621274076502	839079621274076501	420	
1	C35H65NO6	[M + H3N + H]+	C35H69N2O6+	Fatty acids	0.999	Spingolipids	0.863	Sphingoid bases	0.351	Organic acids and derivatives	0.999	Carboxylic acids and derivatives	0.997	Amino acids, peptides, and analogues	0.881	Amino acids and derivatives	0.879	Alpha amino acids and derivatives	0.905	Organic compounds; Lipids and lipid-like molecules; Amino acids, peptides, and analogues; Alpha amino acids and derivatives; Alcohols and polyols; Organic acids and derivatives; Carboxylic acids and derivatives; Organonitrogen compounds; Organooxygen compounds; Fatty acid esters; Fatty amides; Dicarboxylic acids and derivatives; Amino acids and derivatives; Carboxylic acid amides; Carboxylic acid derivatives; N-acyl amines; Carboxylic acids; Carboxylic acid esters; Secondary alcohols; Carbonyl compounds; Fatty Acyls; Organic oxides; Hydrocarbon derivatives; Organopnictogen compounds; Organic oxygen compounds; Organic nitrogen compounds; Chemical entities	613.515	138	2.299	839079771430165923	839079621311825242	839079621311825241	421	
1	C47H68O8	[M + H]+	C47H69O8+	Fatty acids	1.000	Glycerolipids	1.000	Diacylglycerols	0.949	Lipids and lipid-like molecules	0.992	Glycerolipids	0.999	Triradylcglycerols	0.502	Triacylglycerols	0.691	Triacylglycerols	0.691	Organic compounds; Lipids and lipid-like molecules; Alcohols and polyols; Glycerolipids; Organic acids and derivatives; Carboxylic acids and derivatives; Primary alcohols; Organooxygen compounds; Fatty acid esters; Dicarboxylic acids and derivatives; Carboxylic acid derivatives; Diacylglycerols; Triacylglycerols; Carboxylic acid esters; 1,2-diacylglycerols; Carbonyl compounds; Tricarboxylic acids and derivatives; Diradylglycerols; Triradylcglycerols; Fatty Acyls; Organic oxides; Hydrocarbon derivatives; Organic oxygen compounds; Chemical entities	761.497	139	2.311	839079828615310870	839079621345379678	839079621345379677	422	
1	C24H50NO7P	[M + H]+	C24H51NO7P+	Fatty acids	1.000	Glycerophospholipids	1.000	Glycerophosphocholines	0.999	Lipids and lipid-like molecules	0.985	Glycerophospholipids	0.998	Glycerophosphocholines	0.996	Lysophosphatidylcholines	0.987	1-acyl-sn-glycero-3-phosphocholines	0.980	Organic compounds; Lipids and lipid-like molecules; Alcohols and polyols; Glycerophospholipids; Organic acids and derivatives; Carboxylic acids and derivatives; Organonitrogen compounds; Organooxygen compounds; Fatty acid esters; Organic phosphoric acids and derivatives; Phosphate esters; Quaternary ammonium salts; Cholines; Carboxylic acid derivatives; Monocarboxylic acids and derivatives; Carboxylic acid esters; Phosphocholines; Lysophosphatidylcholines; 1-acyl-sn-glycero-3-phosphocholines; Secondary alcohols; Carbonyl compounds; Glycerophosphocholines; Amines; Alkyl phosphates; Dialkyl phosphates; Organic cations; Organic salts; Fatty Acyls; Organic oxides; Hydrocarbon derivatives; Tetraalkylammonium salts; Organopnictogen compounds; Organic oxygen compounds; Organic nitrogen compounds; Chemical entities	496.340	139	2.321	839079769110715676	839079621383128418	839079621383128417	423	
2	C37H65NO7	[M + H3N + H]+	C37H69N2O7+	Fatty acids	0.825	Spingolipids	0.876	Neutral glycosphingolipids	0.181	Organic acids and derivatives	0.989	Carboxylic acids and derivatives	0.973	Amino acids, peptides, and analogues	0.563	Amino acids and derivatives	0.552	Alpha amino acids and derivatives	0.580	Organic compounds; Organoheterocyclic compounds; Lipids and lipid-like molecules; Amino acids, peptides, and analogues; Alpha amino acids and derivatives; Alcohols and polyols; Organic acids and derivatives; Carboxylic acids and derivatives; Organonitrogen compounds; Organooxygen compounds; Fatty amides; Amino acids and derivatives; Carboxylic acid amides; Carboxylic acid derivatives; N-acyl amines; Carboxylic acid esters; Secondary alcohols; Secondary carboxylic acid amides; Carbonyl compounds; Fatty Acyls; Organic oxides; Hydrocarbon derivatives; Organopnictogen compounds; Organic oxygen compounds; Organic nitrogen compounds; Chemical entities	653.511	140	2.339	839079770910072190	839079621420877158	839079621416682853	424	
1	C37H67NO7	[M + H3N + H]+	C37H71N2O7+	Amino acids and Peptides	0.716	Spingolipids	0.785	Sphingoid bases	0.203	Organic acids and derivatives	0.992	Carboxylic acids and derivatives	0.978	Amino acids, peptides, and analogues	0.546	Amino acids and derivatives	0.535	Amino acids and derivatives	0.535	Organic compounds; Organoheterocyclic compounds; Lipids and lipid-like molecules; Amino acids, peptides, and analogues; Alcohols and polyols; Organic acids and derivatives; Carboxylic acids and derivatives; Organonitrogen compounds; Organooxygen compounds; Amino acids and derivatives; Carboxylic acid amides; Carboxylic acid derivatives; Monocarboxylic acids and derivatives; Carboxylic acid esters; Secondary alcohols; Secondary carboxylic acid amides; Carbonyl compounds; Fatty Acyls; Organic oxides; Hydrocarbon derivatives; Organopnictogen compounds; Organic oxygen compounds; Organic nitrogen compounds; Chemical entities	655.526	141	2.351	839079797350966866	839079621454431594	839079621454431593	425	
6	C43H66O8	[M + Na]+	C43H66NaO8+	Polyketides	0.806	Glycerolipids	0.880	Diacylglycerols	0.541	Lipids and lipid-like molecules	0.918	Fatty Acyls	0.921	Fatty alcohols	0.716			Fatty alcohols	0.716	Organic compounds; Lipids and lipid-like molecules; Alcohols and polyols; Glycerolipids; Organic acids and derivatives; Carboxylic acids and derivatives; Organooxygen compounds; Fatty acid esters; Carboxylic acid derivatives; Carboxylic acid esters; Fatty alcohols; Secondary alcohols; Carbonyl compounds; Fatty Acyls; Organic oxides; Oxacyclic compounds; Hydrocarbon derivatives; Organic oxygen compounds; Chemical entities	733.465	141	2.356	839080000229462968	839079621496374638	839079621492180333	426	
1	C26H40N2O6	[M + H3N + H]+	C26H44N3O6+	Amino acids and Peptides	0.528	Macrolides	0.575	Open-chain polyketides	0.362	Lipids and lipid-like molecules	0.505							Lipids and lipid-like molecules	0.505	Organic compounds; Organoheterocyclic compounds; Lipids and lipid-like molecules; Alcohols and polyols; Ethers; Organic acids and derivatives; Carboxylic acids and derivatives; Organonitrogen compounds; Organooxygen compounds; Carboxylic acid amides; Carboxylic acid derivatives; Secondary alcohols; Carbonyl compounds; Organic oxides; Oxacyclic compounds; Hydrocarbon derivatives; Organopnictogen compounds; Organic oxygen compounds; Organic nitrogen compounds; Chemical entities	494.324	142	2.367	839079782389883253	839079621525734770	839079621525734769	427	
1	C41H56O7	[M + H3N + H]+	C41H60NO7+	Terpenoids	0.989	Carotenoids (C40)	0.984	Carotenoids (C40, β-β)	0.629	Lipids and lipid-like molecules	0.914	Prenol lipids	0.906	Tetraterpenoids	0.673	Carotenoids	0.676	Xanthophylls	0.717	Organic compounds; Lipids and lipid-like molecules; Alcohols and polyols; Ethers; Prenol lipids; Organooxygen compounds; Carotenoids; Xanthophylls; Tetraterpenoids; Secondary alcohols; Carbonyl compounds; Organic oxides; Hydrocarbon derivatives; Organic oxygen compounds; Chemical entities	678.435	142	2.372	839079820545469325	839079621601232250	839079621601232249	429	
1	C13H24O3	[M + H3N + H]+	C13H28NO3+	Terpenoids	0.507	Sesquiterpenoids	0.245	Fatty alcohols	0.097	Lipids and lipid-like molecules	0.705							Lipids and lipid-like molecules	0.705	Organic compounds; Lipids and lipid-like molecules; Alcohols and polyols; Organic acids and derivatives; Carboxylic acids and derivatives; Organooxygen compounds; Secondary alcohols; Carbonyl compounds; Organic oxides; Hydrocarbon derivatives; Organic oxygen compounds; Chemical entities	246.206	143	2.377	839079776131981074	839079621634786686	839079621634786685	430	
3	C38H66O4	[M + Na]+	C38H66NaO4+	Terpenoids	0.782	Glycerolipids	0.344	Diacylglycerols	0.291	Lipids and lipid-like molecules	0.957	Fatty Acyls	0.716	Fatty acid esters	0.515			Fatty acid esters	0.515	Organic compounds; Lipids and lipid-like molecules; Prenol lipids; Organic acids and derivatives; Carboxylic acids and derivatives; Organooxygen compounds; Fatty acid esters; Carboxylic acid derivatives; Monocarboxylic acids and derivatives; Carboxylic acid esters; Carbonyl compounds; Fatty Acyls; Organic oxides; Hydrocarbon derivatives; Organic oxygen compounds; Chemical entities	609.484	143	2.378	839079790002545567	839079621563483510	839079621563483509	428	
1	C36H59N5O3	[M + H3N + H]+	C36H63N6O3+	Amino acids and Peptides	0.297	Guanidine alkaloids	0.211	Steroidal alkaloids	0.061	Organic acids and derivatives	0.848	Carboxylic acids and derivatives	0.828	Amino acids, peptides, and analogues	0.694	Amino acids and derivatives	0.681	Alpha amino acids and derivatives	0.500	Organic compounds; Organoheterocyclic compounds; Lipids and lipid-like molecules; Amino acids, peptides, and analogues; Alpha amino acids and derivatives; Organic acids and derivatives; Carboxylic acids and derivatives; Organonitrogen compounds; Organooxygen compounds; Fatty amides; Amino acids and derivatives; Guanidines; Carboxylic acid amides; Carboxylic acid derivatives; N-acyl amines; Secondary carboxylic acid amides; Carbonyl compounds; Amines; Carboximidamides; Fatty Acyls; Organic oxides; Azacyclic compounds; Heteroaromatic compounds; Hydrocarbon derivatives; Organopnictogen compounds; Organic oxygen compounds; Organic nitrogen compounds; Chemical entities	627.495	143	2.379	839079799443924631	839079621672535426	839079621672535425	431	
1	C41H54O6	[M + H3N + H]+	C41H58NO6+	Terpenoids	0.994	Carotenoids (C40)	0.995	Carotenoids (C40, β-β)	0.764	Lipids and lipid-like molecules	0.910	Prenol lipids	0.894	Tetraterpenoids	0.786	Carotenoids	0.777	Xanthophylls	0.836	Organic compounds; Lipids and lipid-like molecules; Ketones; Alcohols and polyols; Ethers; Prenol lipids; Organooxygen compounds; Carotenoids; Xanthophylls; Tetraterpenoids; Secondary alcohols; Carbonyl compounds; Organic oxides; Hydrocarbon derivatives; Organic oxygen compounds; Chemical entities	660.424	143	2.380	839079774311652971	839079621706089862	839079621706089861	432	
3	C14H21NO5S2	[M + H3N + H]+	C14H25N2O5S2+	Amino acids and Peptides	0.641	Linear polyketides	0.213	Thiodiketopiperazine alkaloids	0.093	Lipids and lipid-like molecules	0.509							Lipids and lipid-like molecules	0.509	Organic compounds; Organoheterocyclic compounds; Organosulfur compounds; Lipids and lipid-like molecules; Organic acids and derivatives; Carboxylic acids and derivatives; Organonitrogen compounds; Organooxygen compounds; Carbonyl compounds; Organic oxides; Hydrocarbon derivatives; Organopnictogen compounds; Organic oxygen compounds; Organic nitrogen compounds; Chemical entities	365.121	143	2.385	839079800773519130	839079621739644298	839079621739644297	433	
2	C37H48O8	[M + H3N + H]+	C37H52NO8+	Terpenoids	0.826	Carotenoids (C40)	0.448	Carotenoids (C40, β-β)	0.205	Benzenoids	0.539							Benzenoids	0.539	Organic compounds; Lipids and lipid-like molecules; Alcohols and polyols; Ethers; Prenol lipids; Organic acids and derivatives; Carboxylic acids and derivatives; Organooxygen compounds; Carbonyl compounds; Benzenoids; Organic oxides; Oxacyclic compounds; Hydrocarbon derivatives; Organic oxygen compounds; Chemical entities	638.367	143	2.389	839079888023438204	839079621806753170	839079621806753169	435	
5	C37H67O11P	[M + H3N + H]+	C37H71NO11P+	Fatty acids	1.000	Glycerophospholipids	1.000	Glycerophosphoglycerols	0.236	Lipids and lipid-like molecules	0.987	Glycerophospholipids	0.999	Glycerophosphates	0.389	Diacylglycerophosphates	0.568	1,2-diacylglycerol-3-phosphates	0.563	Organic compounds; Lipids and lipid-like molecules; Alcohols and polyols; Glycerophospholipids; Organic acids and derivatives; Carboxylic acids and derivatives; Organooxygen compounds; Fatty acid esters; Dicarboxylic acids and derivatives; Organic phosphoric acids and derivatives; Phosphate esters; Carboxylic acid derivatives; Carboxylic acid esters; 1,2-diacylglycerol-3-phosphates; Diacylglycerophosphates; Secondary alcohols; Carbonyl compounds; Alkyl phosphates; Dialkyl phosphates; Fatty Acyls; Organic oxides; Hydrocarbon derivatives; Organic oxygen compounds; Chemical entities	736.477	144	2.392	839079799561365163	839079621844501910	839079621844501909	436	
1	C42H58O8	[M + H3N + H]+	C42H62NO8+	Terpenoids	0.963	Carotenoids (C40)	0.940	Carotenoids (C40, β-β)	0.567	Lipids and lipid-like molecules	0.881	Prenol lipids	0.820	Tetraterpenoids	0.498	Carotenoids	0.503	Xanthophylls	0.548	Organic compounds; Lipids and lipid-like molecules; Alcohols and polyols; Ethers; Prenol lipids; Organooxygen compounds; Carotenoids; Xanthophylls; Secondary alcohols; Carbonyl compounds; Organic oxides; Hydrocarbon derivatives; Organic oxygen compounds; Chemical entities	708.445	144	2.405	839079883841716552	839079621773198734	839079621773198733	434	
1	C46H84O12S	[M + H3N + H]+	C46H88NO12S+	Fatty acids	1.000	Glycerolipids	1.000	Glycosyldiacylglycerols	0.963	Lipids and lipid-like molecules	0.993	Glycerolipids	0.992	Glycosylglycerols	0.997	Glycosyldiradylglycerols	0.984	Sulfoquinovosyldiacylglycerols	0.916	Organic compounds; Organoheterocyclic compounds; Organosulfur compounds; Carbohydrates and carbohydrate conjugates; Lipids and lipid-like molecules; Alcohols and polyols; Glycerolipids; Ethers; Organic acids and derivatives; Carboxylic acids and derivatives; Organosulfonic acids and derivatives; Organooxygen compounds; Fatty acid esters; Dicarboxylic acids and derivatives; Glycosylglycerols; Carboxylic acid derivatives; Sulfonyls; Organosulfonic acids; Carboxylic acid esters; Hexoses; Monosaccharides; Acetals; Secondary alcohols; Fatty acyl glycosides; Carbonyl compounds; Oxanes; Glycosyl compounds; O-glycosyl compounds; Sulfoquinovosyldiacylglycerols; Polyols; Glycosyldiacylglycerols; Alkanesulfonic acids and derivatives; Alkanesulfonic acids; Glycosyldiradylglycerols; Fatty acyl glycosides of mono- and disaccharides; Fatty Acyls; Organic oxides; Oxacyclic compounds; Hydrocarbon derivatives; Organic sulfonic acids and derivatives; Organic oxygen compounds; Chemical entities	878.603	145	2.417	839079771442748850	839079621878056346	839079621878056345	437	
1	C45H82O12S	[M + H3N + H]+	C45H86NO12S+	Fatty acids	1.000	Glycerolipids	1.000	Glycosyldiacylglycerols	0.640	Lipids and lipid-like molecules	0.996	Glycerolipids	0.997	Glycosylglycerols	0.988	Glycosyldiradylglycerols	0.909	Sulfoquinovosyldiacylglycerols	0.849	Organic compounds; Organosulfur compounds; Carbohydrates and carbohydrate conjugates; Lipids and lipid-like molecules; Alcohols and polyols; Glycerolipids; Organic acids and derivatives; Carboxylic acids and derivatives; Organosulfonic acids and derivatives; Organooxygen compounds; Fatty acid esters; Dicarboxylic acids and derivatives; Glycosylglycerols; Carboxylic acid derivatives; Sulfonyls; Organosulfonic acids; Carboxylic acid esters; Hexoses; Monosaccharides; Secondary alcohols; Carbonyl compounds; Glycosyl compounds; O-glycosyl compounds; Sulfoquinovosyldiacylglycerols; Polyols; Glycosyldiacylglycerols; Alkanesulfonic acids and derivatives; Alkanesulfonic acids; Glycosyldiradylglycerols; Fatty Acyls; Organic oxides; Hydrocarbon derivatives; Organic sulfonic acids and derivatives; Organic oxygen compounds; Chemical entities	864.587	145	2.423	839079801096480566	839079621919999390	839079621915805085	438	
2	C37H70NO11P	[M - H2O + H]+	C37H69NO10P+	Fatty acids	1.000	Glycerophospholipids	1.000	Glycerophosphoserines	0.996	Lipids and lipid-like molecules	0.990	Glycerophospholipids	0.999	Glycerophosphoserines	0.994	Phosphatidylserines	0.988	Phosphatidylserines	0.988	Organic compounds; Lipids and lipid-like molecules; Amino acids, peptides, and analogues; Alpha amino acids and derivatives; Glycerophospholipids; Organic acids and derivatives; Carboxylic acids and derivatives; Organonitrogen compounds; Organooxygen compounds; Fatty acid esters; Amino acids and derivatives; Organic phosphoric acids and derivatives; Phosphate esters; Monoalkylamines; Carboxylic acid derivatives; Carboxylic acids; Carboxylic acid esters; Phosphoethanolamines; Phosphatidylserines; Carbonyl compounds; Tricarboxylic acids and derivatives; Glycerophosphoserines; Alpha amino acids; Amines; Primary amines; Alkyl phosphates; Dialkyl phosphates; Fatty Acyls; Organic oxides; L-alpha-amino acids; Hydrocarbon derivatives; Amino acids; Organopnictogen compounds; Organic oxygen compounds; Organic nitrogen compounds; Chemical entities	718.466	145	2.425	839079828200074745	839079621953553826	839079621953553825	439	
1	C47H72N4O8	[M + H3N + H]+	C47H76N5O8+	Fatty acids	0.851	Oligopeptides	0.236	Lipopeptides	0.081	Lipids and lipid-like molecules	0.927	Fatty Acyls	0.900	Fatty amides	0.680	N-acyl amines	0.607	N-acyl amines	0.607	Organic compounds; Organoheterocyclic compounds; Lipids and lipid-like molecules; Alcohols and polyols; Organic acids and derivatives; Carboxylic acids and derivatives; Organonitrogen compounds; Primary alcohols; Organooxygen compounds; Fatty acid esters; Fatty amides; Carboxylic acid amides; Carboxylic acid derivatives; N-acyl amines; Carboxylic acid esters; Secondary alcohols; Secondary carboxylic acid amides; Carbonyl compounds; Fatty Acyls; Organic oxides; Azacyclic compounds; Oxacyclic compounds; Hydrocarbon derivatives; Organopnictogen compounds; Organic oxygen compounds; Organic nitrogen compounds; Chemical entities	838.571	147	2.453	839080026393531724	839079621991302566	839079621991302565	440	
1	C40H52O6	[M + H3N + H]+	C40H56NO6+	Terpenoids	0.991	Carotenoids (C40)	0.990	Carotenoids (C40, β-β)	0.726	Lipids and lipid-like molecules	0.886	Prenol lipids	0.867	Tetraterpenoids	0.755	Carotenoids	0.754	Xanthophylls	0.808	Organic compounds; Lipids and lipid-like molecules; Ketones; Alcohols and polyols; Prenol lipids; Organooxygen compounds; Carotenoids; Xanthophylls; Tetraterpenoids; Secondary alcohols; Carbonyl compounds; Organic oxides; Hydrocarbon derivatives; Organic oxygen compounds; Chemical entities	646.408	148	2.463	839080021746242838	839079622091965874	839079622091965873	443	
1	C7H9N5O2	[M - H2O + H]+	C7H8N5O+	Alkaloids	0.749	Pseudoalkaloids (transamidation)	0.773	Purine alkaloids	0.797	Organic acids and derivatives	0.595	Carboxylic acids and derivatives	0.585	Amino acids, peptides, and analogues	0.549	Amino acids and derivatives	0.549	Amino acids	0.513	Organic compounds; Organoheterocyclic compounds; Amino acids, peptides, and analogues; Pyrimidines and pyrimidine derivatives; Imidazoles; Alcohols and polyols; Purines and purine derivatives; Organic acids and derivatives; Carboxylic acids and derivatives; Organonitrogen compounds; Organooxygen compounds; Amino acids and derivatives; Azoles; Monocarboxylic acids and derivatives; Carboxylic acids; Aminopyrimidines and derivatives; Diazines; Imidazopyrimidines; Carbonyl compounds; Substituted imidazoles; Amines; Primary amines; 6-aminopurines; Imidolactams; Organic oxides; Azacyclic compounds; Heteroaromatic compounds; Hydrocarbon derivatives; Amino acids; Organopnictogen compounds; Organic oxygen compounds; Organic nitrogen compounds; Chemical entities	178.072	148	2.463	839079774827552483	839079622058411438	839079622058411437	442	
1	C7H9N5O2	[M + H]+	C7H10N5O2+	Alkaloids	0.826	Pseudoalkaloids (transamidation)	0.886	Purine alkaloids	0.941	Organoheterocyclic compounds	0.991	Imidazopyrimidines	0.769	Purines and purine derivatives	0.772			Purines and purine derivatives	0.772	Organic compounds; Organoheterocyclic compounds; Pyrimidines and pyrimidine derivatives; Imidazoles; Purines and purine derivatives; Organonitrogen compounds; Organooxygen compounds; Azoles; Aminopyrimidines and derivatives; Diazines; Imidazopyrimidines; Amines; Imidolactams; Organic oxides; Azacyclic compounds; Heteroaromatic compounds; Hydrocarbon derivatives; Organopnictogen compounds; Organic oxygen compounds; Organic nitrogen compounds; Chemical entities	196.083	148	2.465	839080026888459606	839079622159074746	839079622159074745	445	
1	C37H72NO8P	[M + Na]+	C37H72NNaO8P+	Fatty acids	0.999	Glycerophospholipids	1.000	Glycerophosphoethanolamines	0.999	Lipids and lipid-like molecules	0.992	Glycerophospholipids	1.000	Glycerophosphoethanolamines	0.997	Phosphatidylethanolamines	0.971	Phosphatidylethanolamines	0.971	Organic compounds; Lipids and lipid-like molecules; Amino acids, peptides, and analogues; Glycerophospholipids; Organic acids and derivatives; Carboxylic acids and derivatives; Organonitrogen compounds; Organooxygen compounds; Fatty acid esters; Dicarboxylic acids and derivatives; Amino acids and derivatives; Organic phosphoric acids and derivatives; Phosphate esters; Monoalkylamines; Carboxylic acid derivatives; Carboxylic acid esters; Phosphoethanolamines; Phosphatidylethanolamines; Carbonyl compounds; Glycerophosphoethanolamines; Amines; Primary amines; Alkyl phosphates; Dialkyl phosphates; Fatty Acyls; Organic oxides; Hydrocarbon derivatives; Organopnictogen compounds; Organic oxygen compounds; Organic nitrogen compounds; Chemical entities	712.489	149	2.476	839079775737716493	839079622024857002	839079622024857001	441	
1	C41H76O12S	[M + H3N + H]+	C41H80NO12S+	Fatty acids	1.000	Glycerolipids	1.000	Glycosyldiacylglycerols	1.000	Lipids and lipid-like molecules	0.998	Glycerolipids	1.000	Glycosylglycerols	1.000	Glycosyldiradylglycerols	1.000	Sulfoquinovosyldiacylglycerols	1.000	Organic compounds; Organoheterocyclic compounds; Organosulfur compounds; Carbohydrates and carbohydrate conjugates; Lipids and lipid-like molecules; Alcohols and polyols; Glycerolipids; Ethers; Organic acids and derivatives; Carboxylic acids and derivatives; Organosulfonic acids and derivatives; Organooxygen compounds; Fatty acid esters; Dicarboxylic acids and derivatives; Glycosylglycerols; Carboxylic acid derivatives; Sulfonyls; Organosulfonic acids; Carboxylic acid esters; Hexoses; Monosaccharides; Acetals; Secondary alcohols; Fatty acyl glycosides; Carbonyl compounds; Oxanes; Glycosyl compounds; O-glycosyl compounds; Sulfoquinovosyldiacylglycerols; Polyols; Glycosyldiacylglycerols; Alkanesulfonic acids and derivatives; Alkanesulfonic acids; Glycosyldiradylglycerols; Fatty acyl glycosides of mono- and disaccharides; Fatty Acyls; Organic oxides; Oxacyclic compounds; Hydrocarbon derivatives; Organic sulfonic acids and derivatives; Organic oxygen compounds; Chemical entities	810.540	149	2.478	839079885494272570	839079622196823486	839079622196823485	446	
1	C37H67NO6	[M + H3N + H]+	C37H71N2O6+	Fatty acids	0.996	Spingolipids	0.500	N-acyl amines	0.350	Organic acids and derivatives	0.999	Carboxylic acids and derivatives	0.998	Amino acids, peptides, and analogues	0.960	Amino acids and derivatives	0.959	Alpha amino acids	0.563	Organic compounds; Lipids and lipid-like molecules; Amino acids, peptides, and analogues; Alpha amino acids and derivatives; Alcohols and polyols; Organic acids and derivatives; Carboxylic acids and derivatives; Organonitrogen compounds; Organooxygen compounds; Fatty acid esters; Fatty amides; Dicarboxylic acids and derivatives; Amino acids and derivatives; Carboxylic acid amides; Carboxylic acid derivatives; N-acyl amines; Carboxylic acids; Carboxylic acid esters; Secondary alcohols; Carbonyl compounds; Alpha amino acids; Amines; Fatty Acyls; Organic oxides; Hydrocarbon derivatives; Organopnictogen compounds; Organic oxygen compounds; Organic nitrogen compounds; Chemical entities	639.532	149	2.481	839079777142808430	839079622234572226	839079622234572225	447	
1	C41H78O12S	[M + H3N + H]+	C41H82NO12S+	Fatty acids	1.000	Glycerolipids	1.000	Glycosyldiacylglycerols	0.998	Lipids and lipid-like molecules	0.996	Glycerolipids	0.999	Glycosylglycerols	1.000	Glycosyldiradylglycerols	1.000	Sulfoquinovosyldiacylglycerols	0.999	Organic compounds; Organoheterocyclic compounds; Organosulfur compounds; Carbohydrates and carbohydrate conjugates; Lipids and lipid-like molecules; Alcohols and polyols; Glycerolipids; Ethers; Organic acids and derivatives; Carboxylic acids and derivatives; Organosulfonic acids and derivatives; Organooxygen compounds; Fatty acid esters; Dicarboxylic acids and derivatives; Glycosylglycerols; Carboxylic acid derivatives; Sulfonyls; Organosulfonic acids; Carboxylic acid esters; Hexoses; Monosaccharides; Acetals; Secondary alcohols; Fatty acyl glycosides; Carbonyl compounds; Oxanes; Glycosyl compounds; O-glycosyl compounds; Sulfoquinovosyldiacylglycerols; Polyols; Glycosyldiacylglycerols; Alkanesulfonic acids and derivatives; Alkanesulfonic acids; Glycosyldiradylglycerols; Fatty acyl glycosides of mono- and disaccharides; Fatty Acyls; Organic oxides; Oxacyclic compounds; Hydrocarbon derivatives; Organic sulfonic acids and derivatives; Organic oxygen compounds; Chemical entities	812.555	149	2.482	839079775855157007	839079622305875402	839079622305875401	449	
2	C7H15NO2	[M + H]+	C7H16NO2+	Fatty acids	0.975	Fatty esters	0.382	Fatty acyl carnitines	0.142	Lipids and lipid-like molecules	0.857	Fatty Acyls	0.858	Fatty acids and conjugates	0.695	Straight chain fatty acids	0.799	Straight chain fatty acids	0.799	Organic compounds; Lipids and lipid-like molecules; Fatty acids and conjugates; Organic acids and derivatives; Carboxylic acids and derivatives; Organonitrogen compounds; Organooxygen compounds; Straight chain fatty acids; Quaternary ammonium salts; Carboxylic acid derivatives; Monocarboxylic acids and derivatives; Carboxylic acids; Carbonyl compounds; Amines; Organic cations; Organic salts; Fatty Acyls; Organic oxides; Hydrocarbon derivatives; Tetraalkylammonium salts; Organopnictogen compounds; Organic oxygen compounds; Organic nitrogen compounds; Chemical entities	146.118	149	2.486	839079779189628906	839079622268126662	839079622268126661	448	
1	C29H34N4O2	[M + H3N + H]+	C29H38N5O2+	Alkaloids	0.878	Tryptophan alkaloids	0.255	Carboline alkaloids	0.043	Benzenoids	0.963	Benzene and substituted derivatives	0.719					Benzene and substituted derivatives	0.719	Organic compounds; Organoheterocyclic compounds; Imidazoles; Organonitrogen compounds; Organooxygen compounds; Azoles; Benzene and substituted derivatives; Substituted imidazoles; Benzenoids; Amines; Azacyclic compounds; Heteroaromatic compounds; Hydrocarbon derivatives; Organopnictogen compounds; Organic oxygen compounds; Organic nitrogen compounds; Chemical entities	488.301	150	2.502	839079900761540477	839079622339429838	839079622339429837	450	
1	C4H5NO3	[M + H3N + H]+	C4H9N2O3+	Fatty acids	0.600	Fatty Acids and Conjugates	0.620	Halogenated fatty acids	0.181	Organic acids and derivatives	1.000	Carboxylic acids and derivatives	0.997	Carboxylic acid derivatives	0.441	Carboxylic acid imides	0.536	Dicarboximides	0.540	Organic compounds; Organic acids and derivatives; Carboxylic acids and derivatives; Organonitrogen compounds; Organooxygen compounds; Organic carbonic acids and derivatives; Monocarboxylic acids and derivatives; Carboxylic acids; Carboxylic acid imides; Carbonyl compounds; Dicarboximides; Organic oxides; Hydrocarbon derivatives; Organopnictogen compounds; Organic oxygen compounds; Organic nitrogen compounds; Chemical entities	133.061	151	2.510	839079833468121063	839079622377178578	839079622377178577	451	
1	C34H50N2O8	[M + H3N + H]+	C34H54N3O8+	Amino acids and Peptides	0.567	Macrolides	0.852	Ansa macrolides	0.106	Benzenoids	0.664	Benzene and substituted derivatives	0.513					Benzene and substituted derivatives	0.513	Organic compounds; Lipids and lipid-like molecules; Alcohols and polyols; Organic acids and derivatives; Carboxylic acids and derivatives; Organonitrogen compounds; Organooxygen compounds; Fatty amides; Carboxylic acid amides; Carboxylic acid derivatives; Monocarboxylic acids and derivatives; Carboxylic acid esters; Secondary alcohols; Secondary carboxylic acid amides; Carbonyl compounds; Benzene and substituted derivatives; Benzenoids; Fatty Acyls; Organic oxides; Hydrocarbon derivatives; Organopnictogen compounds; Organic oxygen compounds; Organic nitrogen compounds; Chemical entities	632.393	151	2.510	839079838417400035	839079622414927318	839079622414927317	452	
2	C29H32N4O6	[M + H3N + H]+	C29H36N5O6+	Alkaloids	0.673	Nicotinic acid alkaloids	0.121	Pyridine alkaloids	0.122	Organoheterocyclic compounds	0.934	Tetrapyrroles and derivatives	0.763					Tetrapyrroles and derivatives	0.763	Organic compounds; Organoheterocyclic compounds; Imidazoles; Organic acids and derivatives; Carboxylic acids and derivatives; Organonitrogen compounds; Organooxygen compounds; Azoles; Carboxylic acid amides; Carboxylic acid derivatives; Carboxylic acids; Tetrapyrroles and derivatives; Carbonyl compounds; Substituted imidazoles; Benzenoids; Organic oxides; Azacyclic compounds; Heteroaromatic compounds; Hydrocarbon derivatives; Organopnictogen compounds; Organic oxygen compounds; Organic nitrogen compounds; Chemical entities	550.266	152	2.539	839079809392814391	839079622452676058	839079622452676057	453	
1	C40H69N7O8	[M + Na]+	C40H69N7NaO8+	Amino acids and Peptides	0.560	Oligopeptides	0.932	Lipopeptides	0.206	Organic acids and derivatives	0.993	Carboxylic acids and derivatives	0.985	Amino acids, peptides, and analogues	0.944	Amino acids and derivatives	0.934	Alpha amino acid esters	0.569	Organic compounds; Organoheterocyclic compounds; Lipids and lipid-like molecules; Amino acids, peptides, and analogues; Alpha amino acids and derivatives; Imidazoles; Alcohols and polyols; Organic acids and derivatives; Carboxylic acids and derivatives; Organonitrogen compounds; Organooxygen compounds; Fatty amides; Amino acids and derivatives; Alpha amino acid esters; Azoles; Carboxylic acid amides; Carboxylic acid derivatives; N-acyl amines; Carboxylic acid esters; Secondary alcohols; Secondary carboxylic acid amides; Carbonyl compounds; Amines; Fatty Acyls; Organic oxides; Azacyclic compounds; Hydrocarbon derivatives; Organopnictogen compounds; Organic oxygen compounds; Organic nitrogen compounds; Chemical entities	798.508	153	2.542	839079783492985295	839079622528173538	839079622523979233	455	
1	C6H3N2O	[M + H3N + H]+	C6H7N3O+	Alkaloids	0.913	Nicotinic acid alkaloids	0.787	Pyridine alkaloids	0.787	Organoheterocyclic compounds	0.902	Heteroaromatic compounds	0.883					Heteroaromatic compounds	0.883	Organic compounds; Organoheterocyclic compounds; Organonitrogen compounds; Organooxygen compounds; Nitriles; Azacyclic compounds; Heteroaromatic compounds; Hydrocarbon derivatives; Organic cyanides; Organic oxygen compounds; Organic nitrogen compounds; Chemical entities	137.059	153	2.543	839079887981495132	839079622561727974	839079622561727973	456	
4	C37H48O6	[M + H3N + H]+	C37H52NO6+	Terpenoids	0.848	Glycerolipids	0.176	Tigliane diterpenoids	0.282	Lipids and lipid-like molecules	0.945	Fatty Acyls	0.742	Fatty acid esters	0.709			Fatty acid esters	0.709	Organic compounds; Lipids and lipid-like molecules; Alcohols and polyols; Prenol lipids; Organic acids and derivatives; Carboxylic acids and derivatives; Organooxygen compounds; Fatty acid esters; Dicarboxylic acids and derivatives; Carboxylic acid derivatives; Carboxylic acid esters; Cyclic alcohols and derivatives; Tertiary alcohols; Carbonyl compounds; Fatty Acyls; Organic oxides; Hydrocarbon derivatives; Organic oxygen compounds; Chemical entities	606.377	153	2.551	839079842188079720	839079622599476714	839079622599476713	457	
3	C10H15N5O3S	[M + H3N + H]+	C10H19N6O3S+	Carbohydrates	1.000	Nucleosides	1.000	Purine nucleosides	0.998	Nucleosides, nucleotides, and analogues	0.978	5'-deoxyribonucleosides	0.996	5'-deoxy-5'-thionucleosides	0.966			5'-deoxy-5'-thionucleosides	0.966	Organic compounds; Organoheterocyclic compounds; Organosulfur compounds; Carbohydrates and carbohydrate conjugates; Pyrimidines and pyrimidine derivatives; Imidazoles; Alcohols and polyols; Purines and purine derivatives; Organonitrogen compounds; Nucleosides, nucleotides, and analogues; Organooxygen compounds; Azoles; Sulfoxides; Aminopyrimidines and derivatives; Diazines; Pentoses; Monosaccharides; Secondary alcohols; Imidazopyrimidines; Glycosyl compounds; Glycosylamines; Polyols; Substituted imidazoles; N-substituted imidazoles; Amines; Primary amines; 1,2-diols; Tetrahydrofurans; 6-aminopurines; Sulfinyl compounds; Imidolactams; Organic oxides; Azacyclic compounds; Oxacyclic compounds; Heteroaromatic compounds; Hydrocarbon derivatives; 5'-deoxyribonucleosides; 5'-deoxy-5'-thionucleosides; Organopnictogen compounds; Organic oxygen compounds; Organic nitrogen compounds; Chemical entities	303.123	153	2.557	839079779881689166	839079622670779890	839079622670779889	459	
3	C29H55N3O5Si3	[M + H]+	C29H56N3O5Si3+	Alkaloids	0.320	Oligopeptides	0.869	Depsipeptides	0.209	Organic acids and derivatives	0.990	Carboxylic acids and derivatives	0.975	Amino acids, peptides, and analogues	0.786	Amino acids and derivatives	0.777	Amino acids and derivatives	0.777	Organic compounds; Organoheterocyclic compounds; Lipids and lipid-like molecules; Amino acids, peptides, and analogues; Alcohols and polyols; Organic acids and derivatives; Carboxylic acids and derivatives; Organohalogen compounds; Organonitrogen compounds; Organooxygen compounds; Amino acids and derivatives; Carboxylic acid derivatives; Monocarboxylic acids and derivatives; Carboxylic acid esters; Secondary alcohols; Carbonyl compounds; Amines; Fatty Acyls; Organic oxides; Azacyclic compounds; Hydrocarbon derivatives; Organopnictogen compounds; Organic oxygen compounds; Organic nitrogen compounds; Chemical entities	610.352	154	2.558	839079782347940197	839079622637225454	839079622637225453	458	
2	C11H20O5	[M + H3N + H]+	C11H24NO5+	Fatty acids	0.749	Fatty acyls	0.273	Iridoids monoterpenoids	0.403	Organic oxygen compounds	1.000	Organooxygen compounds	1.000	Alcohols and polyols	0.927	Secondary alcohols	0.793	Secondary alcohols	0.793	Organic compounds; Alcohols and polyols; Primary alcohols; Organooxygen compounds; Secondary alcohols; Hydrocarbon derivatives; Organic oxygen compounds; Chemical entities	250.165	155	2.576	839079776735960902	839079622704334326	839079622704334325	460	
2	C15H23ClN2O6S	[M + H]+	C15H24ClN2O6S+	Amino acids and Peptides	0.921	Small peptides	0.632	Aminoglycosides	0.461	Organic acids and derivatives	0.996	Carboxylic acids and derivatives	0.993	Amino acids, peptides, and analogues	0.952	Peptides	0.503	Peptides	0.503	Organic compounds; Organosulfur compounds; Lipids and lipid-like molecules; Amino acids, peptides, and analogues; Alpha amino acids and derivatives; Alcohols and polyols; Organic acids and derivatives; Carboxylic acids and derivatives; Organohalogen compounds; Organonitrogen compounds; Organooxygen compounds; Amino acids and derivatives; Peptides; Carboxylic acid amides; Alkyl chlorides; Carboxylic acid derivatives; Monocarboxylic acids and derivatives; N-acyl-alpha amino acids and derivatives; Carboxylic acids; Organochlorides; Secondary alcohols; Secondary carboxylic acid amides; Carbonyl compounds; Alpha amino acid amides; Amines; Alkyl halides; Fatty Acyls; Organic oxides; Hydrocarbon derivatives; Amino acids; Organopnictogen compounds; Organic oxygen compounds; Organic nitrogen compounds; Chemical entities	395.102	156	2.606	839079805689243769	839079622775637502	839079622775637501	462	
3	C33H24N6O4	[M + H3N + H]+	C33H28N7O4+	Alkaloids	0.644	Nucleosides	0.250	Purine nucleosides	0.311	Organoheterocyclic compounds	0.993	Imidazopyrimidines	0.975	Purines and purine derivatives	0.982	6-aminopurines	0.580	6-aminopurines	0.580	Organic compounds; Organoheterocyclic compounds; Pyrimidines and pyrimidine derivatives; Imidazoles; Purines and purine derivatives; Organic acids and derivatives; Organonitrogen compounds; Nucleosides, nucleotides, and analogues; Organooxygen compounds; Azoles; Aminopyrimidines and derivatives; Diazines; Imidazopyrimidines; Benzene and substituted derivatives; Substituted imidazoles; N-substituted imidazoles; Benzenoids; 6-aminopurines; Imidolactams; Organic oxides; Azacyclic compounds; Oxacyclic compounds; Heteroaromatic compounds; Hydrocarbon derivatives; Organopnictogen compounds; Organic oxygen compounds; Organic nitrogen compounds; Chemical entities	586.219	156	2.608	839079783069360558	839079622742083066	839079622742083065	461	
2	C23H31N3O5	[M + K]+	C23H31KN3O5+	Amino acids and Peptides	0.465	Oligopeptides	0.073	Cyclic peptides	0.007	Organic acids and derivatives	0.990	Carboxylic acids and derivatives	0.939	Amino acids, peptides, and analogues	0.750	Amino acids and derivatives	0.745	Amino acids and derivatives	0.745	Organic compounds; Amino acids, peptides, and analogues; Benzoic acids and derivatives; Benzamides; Organic acids and derivatives; Carboxylic acids and derivatives; Organonitrogen compounds; Benzoyl derivatives; Organooxygen compounds; Amino acids and derivatives; Carboxylic acid amides; Carboxylic acid derivatives; Secondary carboxylic acid amides; Carbonyl compounds; Dialkylamines; Benzene and substituted derivatives; Benzenoids; Amines; Secondary amines; Organic oxides; Hydrocarbon derivatives; Organopnictogen compounds; Organic oxygen compounds; Organic nitrogen compounds; Chemical entities	468.191	157	2.610	839079866250804130	839079622813386242	839079622813386241	463	
5	C23H23ClN6O2	[M + Na]+	C23H23ClN6NaO2+	Alkaloids	0.547	Proline alkaloids	0.115	Pyrrole alkaloids	0.113	Organohalogen compounds	1.000	Aryl halides	0.993	Aryl chlorides	0.995			Aryl chlorides	0.995	Organic compounds; Organoheterocyclic compounds; Organic acids and derivatives; Organohalogen compounds; Organonitrogen compounds; Organooxygen compounds; Azoles; Aryl chlorides; Diazines; Organochlorides; Benzene and substituted derivatives; Benzenoids; Amines; Aryl halides; Organic oxides; Azacyclic compounds; Heteroaromatic compounds; Hydrocarbon derivatives; Organopnictogen compounds; Organic oxygen compounds; Organic nitrogen compounds; Chemical entities	473.147	157	2.610	839079820134427499	839079622851134982	839079622851134981	464	
1	C26H24N2O4	[M + Na]+	C26H24N2NaO4+	Alkaloids	0.189	Anthranilic acid alkaloids	0.151	Acridone alkaloids	0.145	Benzenoids	0.999	Benzene and substituted derivatives	0.952	Anilides	0.593	Aromatic anilides	0.599	Aromatic anilides	0.599	Organic compounds; Organoheterocyclic compounds; Phenols; Benzoic acids and derivatives; Organic acids and derivatives; Carboxylic acids and derivatives; Organonitrogen compounds; Anilides; Organooxygen compounds; Carboxylic acid amides; Carboxylic acid derivatives; Secondary carboxylic acid amides; Benzene and substituted derivatives; Benzenoids; Phenylpropanes; Organic oxides; Hydrocarbon derivatives; Organopnictogen compounds; Organic oxygen compounds; Organic nitrogen compounds; Aromatic anilides; Chemical entities	451.165	157	2.612	839079790115791797	839079622888883722	839079622888883721	465	
1	C11H13NO5	[M + H3N + H]+	C11H17N2O5+	Amino acids and Peptides	0.491	Amino acid glycosides	0.233	Cyanogenic glycosides	0.250	Benzenoids	0.899	Benzene and substituted derivatives	0.767					Benzene and substituted derivatives	0.767	Organic compounds; Organoheterocyclic compounds; Carbohydrates and carbohydrate conjugates; Alcohols and polyols; Ethers; Organic acids and derivatives; Carboxylic acids and derivatives; Organonitrogen compounds; Primary alcohols; Organooxygen compounds; Monosaccharides; Secondary alcohols; Benzene and substituted derivatives; Benzenoids; Organic oxides; Oxacyclic compounds; Hydrocarbon derivatives; Organopnictogen compounds; Organic oxygen compounds; Organic nitrogen compounds; Chemical entities	257.113	158	2.642	839079788115108637	839079622926632462	839079622926632461	466	
3	C31H46N2O8	[M + H3N + H]+	C31H50N3O8+	Polyketides	0.595	Macrolides	0.768	Macrolide lactones	0.311	Lipids and lipid-like molecules	0.499	Fatty Acyls	0.546					Fatty Acyls	0.546	Organic compounds; Organoheterocyclic compounds; Lactones; Organic acids and derivatives; Carboxylic acids and derivatives; Organonitrogen compounds; Organooxygen compounds; Carboxylic acid derivatives; Carboxylic acid esters; Carbonyl compounds; Fatty Acyls; Organic oxides; Oxacyclic compounds; Hydrocarbon derivatives; Organopnictogen compounds; Organic oxygen compounds; Organic nitrogen compounds; Chemical entities	592.361	158	2.642	839079792565265593	839079622964381202	839079622964381201	467	
5	C26H54NO9P	[M + Na]+	C26H54NNaO9P+	Fatty acids	1.000	Glycerophospholipids	1.000	Glycerophosphoethanolamines	0.993	Organic acids and derivatives	1.000	Carboxylic acids and derivatives	0.999	Amino acids, peptides, and analogues	0.991	Amino acids and derivatives	0.990	Amino acids and derivatives	0.990	Organic compounds; Lipids and lipid-like molecules; Amino acids, peptides, and analogues; Alcohols and polyols; Glycerophospholipids; Organic acids and derivatives; Carboxylic acids and derivatives; Organonitrogen compounds; Organooxygen compounds; Fatty acid esters; Dicarboxylic acids and derivatives; Amino acids and derivatives; Organic phosphoric acids and derivatives; Phosphate esters; Monoalkylamines; Carboxylic acid derivatives; Carboxylic acid esters; Phosphoethanolamines; Lysophosphatidylethanolamines; Secondary alcohols; 1-acyl-sn-glycero-3-phosphoethanolamines; Carbonyl compounds; Glycerophosphoethanolamines; Amines; Primary amines; Alkyl phosphates; Dialkyl phosphates; Fatty Acyls; Organic oxides; Hydrocarbon derivatives; Organopnictogen compounds; Organic oxygen compounds; Organic nitrogen compounds; Chemical entities	578.346	161	2.678	839079868129852500	839079622997935638	839079622997935637	468	
1	C9H15N5O6	[M - H2O + H]+	C9H14N5O5+	Carbohydrates	1.000	Nucleosides	0.999	Purine nucleosides	0.996	Nucleosides, nucleotides, and analogues	0.884	Purine nucleosides	0.749					Purine nucleosides	0.749	Organic compounds; Organoheterocyclic compounds; Carbohydrates and carbohydrate conjugates; Pyrimidines and pyrimidine derivatives; Imidazoles; Alcohols and polyols; Purines and purine derivatives; Organonitrogen compounds; Primary alcohols; Nucleosides, nucleotides, and analogues; Organooxygen compounds; Azoles; Purine nucleosides; Aminopyrimidines and derivatives; Diazines; Pentoses; Monosaccharides; Secondary alcohols; Imidazopyrimidines; Glycosyl compounds; Glycosylamines; Polyols; Substituted imidazoles; N-substituted imidazoles; Amines; Primary amines; 1,2-diols; Tetrahydrofurans; 6-aminopurines; Imidolactams; Azacyclic compounds; Oxacyclic compounds; Heteroaromatic compounds; Hydrocarbon derivatives; Organopnictogen compounds; Organic oxygen compounds; Organic nitrogen compounds; Chemical entities	272.100	161	2.680	839079787599209176	839079623035684378	839079623035684377	469	
1	C10H12N5O3	[M + Na]+	C10H12N5NaO3+	Carbohydrates	0.999	Nucleosides	0.999	Purine nucleosides	0.998	Nucleosides, nucleotides, and analogues	0.919	Purine nucleosides	0.817					Purine nucleosides	0.817	Organic compounds; Organoheterocyclic compounds; Carbohydrates and carbohydrate conjugates; Pyrimidines and pyrimidine derivatives; Imidazoles; Alcohols and polyols; Purines and purine derivatives; Organonitrogen compounds; Primary alcohols; Nucleosides, nucleotides, and analogues; Organooxygen compounds; Azoles; Purine nucleosides; Aminopyrimidines and derivatives; Diazines; Secondary alcohols; Imidazopyrimidines; Glycosyl compounds; Glycosylamines; Substituted imidazoles; N-substituted imidazoles; Amines; Primary amines; Tetrahydrofurans; 6-aminopurines; Imidolactams; Azacyclic compounds; Oxacyclic compounds; Heteroaromatic compounds; Hydrocarbon derivatives; Organopnictogen compounds; Organic oxygen compounds; Organic nitrogen compounds; Chemical entities	273.084	161	2.691	839079871447547161	839079623102793250	839079623102793249	471	
1	C10H8N8O2	[M + Na]+	C10H8N8NaO2+	Carbohydrates	0.898	Nucleosides	0.870	Purine alkaloids	0.749	Organoheterocyclic compounds	1.000	Imidazopyrimidines	0.997	Purines and purine derivatives	0.996	Purinones	0.975	6-oxopurines	0.945	Organic compounds; Organoheterocyclic compounds; Pyrimidines and pyrimidine derivatives; Imidazoles; Purines and purine derivatives; Hypoxanthines; Organic acids and derivatives; Organonitrogen compounds; Nucleosides, nucleotides, and analogues; Pyrimidones; Organooxygen compounds; Azoles; Purinones; Diazines; 6-oxopurines; Imidazopyrimidines; Substituted imidazoles; N-substituted imidazoles; Vinylogous amides; Organic oxides; Azacyclic compounds; Oxacyclic compounds; Heteroaromatic compounds; Hydrocarbon derivatives; Organopnictogen compounds; Organic oxygen compounds; Organic nitrogen compounds; Chemical entities	295.066	161	2.692	839079787574043337	839079623207650862	839079623207650861	474	
1	C14H27NO2	[M + H3N + H]+	C14H31N2O2+	Fatty acids	0.955	Fatty amides	0.986	N-acyl ethanolamines (endocannabinoids)	0.520	Lipids and lipid-like molecules	0.637	Fatty Acyls	0.590	Fatty amides	0.640	N-acyl amines	0.583	N-acyl amines	0.583	Organic compounds; Lipids and lipid-like molecules; Alcohols and polyols; Organic acids and derivatives; Carboxylic acids and derivatives; Organonitrogen compounds; Organooxygen compounds; Fatty amides; Carboxylic acid amides; Carboxylic acid derivatives; N-acyl amines; Secondary carboxylic acid amides; Carbonyl compounds; Fatty Acyls; Organic oxides; Hydrocarbon derivatives; Organopnictogen compounds; Organic oxygen compounds; Organic nitrogen compounds; Chemical entities	259.238	162	2.693	839079783673340395	839079623073433118	839079623069238813	470	
2	C4H6BNO3S	[M + H]+	C4H7BNO3S+	Amino acids and Peptides	0.446	Small peptides	0.218	Aminoacids	0.262	Organic acids and derivatives	0.912	Boronic acid derivatives	0.520					Boronic acid derivatives	0.520	Organic compounds; Organosulfur compounds; Organic acids and derivatives; Organonitrogen compounds; Organooxygen compounds; Organometallic compounds; Boronic acid derivatives; Organometalloid compounds; Carbonyl compounds; Organic salts; Organic oxides; Organic metalloid salts; Organic metal salts; Hydrocarbon derivatives; Organopnictogen compounds; Organic oxygen compounds; Organic nitrogen compounds; Chemical entities	159.028	162	2.695	839079789780247439	839079623140541990	839079623140541989	472	
2	C5H4N4O	[M + H]+	C5H5N4O+	Alkaloids	0.977	Pseudoalkaloids (transamidation)	0.924	Purine alkaloids	0.972	Organoheterocyclic compounds	0.999	Imidazopyrimidines	0.845	Purines and purine derivatives	0.801	Purinones	0.760	6-oxopurines	0.626	Organic compounds; Organoheterocyclic compounds; Pyrimidines and pyrimidine derivatives; Imidazoles; Purines and purine derivatives; Hypoxanthines; Organic acids and derivatives; Organonitrogen compounds; Pyrimidones; Organooxygen compounds; Azoles; Purinones; Diazines; 6-oxopurines; Imidazopyrimidines; Vinylogous amides; Organic oxides; Azacyclic compounds; Heteroaromatic compounds; Hydrocarbon derivatives; Organopnictogen compounds; Organic oxygen compounds; Organic nitrogen compounds; Chemical entities	137.046	162	2.697	839079779818774582	839079623249593906	839079623249593905	475	
3	C3H5ClN2O	[M + H3N + H]+	C3H9ClN3O+	Alkaloids	0.460	Histidine alkaloids	0.109	Halogenated fatty acids	0.367	Organoheterocyclic compounds	0.944	Heteroaromatic compounds	0.882					Heteroaromatic compounds	0.882	Organic compounds; Organoheterocyclic compounds; Organohalogen compounds; Organonitrogen compounds; Organooxygen compounds; Organochlorides; Organic oxides; Azacyclic compounds; Heteroaromatic compounds; Hydrocarbon derivatives; Organopnictogen compounds; Organic oxygen compounds; Organic nitrogen compounds; Chemical entities	138.043	162	2.697	839079780083015785	839079623283148342	839079623283148341	476	
3	C3H5FN2S	[M + H3N + H]+	C3H9FN3S+	Alkaloids	0.460	Fatty acyls	0.291	Pyridine alkaloids	0.196	Organic nitrogen compounds	0.905	Organonitrogen compounds	0.829					Organonitrogen compounds	0.829	Organic compounds; Organonitrogen compounds; Hydrocarbon derivatives; Organopnictogen compounds; Organic nitrogen compounds; Chemical entities	138.049	162	2.698	839079790568776691	839079623320897082	839079623320897081	477	
7	C16H31N3O5	[M - H2O + H]+	C16H30N3O4+	Amino acids and Peptides	0.825	Small peptides	0.833	Dipeptides	0.575	Organic acids and derivatives	1.000	Carboxylic acids and derivatives	0.999	Amino acids, peptides, and analogues	0.944	Peptides	0.729	Peptides	0.729	Organic compounds; Lipids and lipid-like molecules; Amino acids, peptides, and analogues; Alpha amino acids and derivatives; Alcohols and polyols; Fatty acids and conjugates; Organic acids and derivatives; Carboxylic acids and derivatives; Organonitrogen compounds; Organooxygen compounds; Fatty amides; Branched fatty acids; Amino acids and derivatives; Peptides; Monoalkylamines; Carboxylic acid amides; Carboxylic acid derivatives; N-acyl amines; Monocarboxylic acids and derivatives; N-acyl-alpha amino acids and derivatives; Carboxylic acids; Secondary carboxylic acid amides; Carbonyl compounds; Alpha amino acid amides; N-acyl-alpha amino acids; Amines; Primary amines; Fatty Acyls; Organic oxides; Hydrocarbon derivatives; Amino acids; Organopnictogen compounds; Organic oxygen compounds; Organic nitrogen compounds; Chemical entities	328.223	162	2.700	839079782289219924	839079623358645822	839079623358645821	478	
5	C15H17N9O5	[M + H]+	C15H18N9O5+	Carbohydrates	1.000	Nucleosides	1.000	Purine nucleosides	0.998	Nucleosides, nucleotides, and analogues	0.987	Purine nucleosides	0.960					Purine nucleosides	0.960	Organic compounds; Organoheterocyclic compounds; Carbohydrates and carbohydrate conjugates; Pyrimidines and pyrimidine derivatives; Imidazoles; Alcohols and polyols; Purines and purine derivatives; Organonitrogen compounds; Primary alcohols; Nucleosides, nucleotides, and analogues; Organooxygen compounds; Azoles; Purine nucleosides; Aminopyrimidines and derivatives; Diazines; Pentoses; Monosaccharides; Secondary alcohols; Imidazopyrimidines; Glycosyl compounds; Glycosylamines; Substituted imidazoles; N-substituted imidazoles; Amines; Primary amines; Tetrahydrofurans; 6-aminopurines; Imidolactams; Azacyclic compounds; Oxacyclic compounds; Heteroaromatic compounds; Hydrocarbon derivatives; Organopnictogen compounds; Organic oxygen compounds; Organic nitrogen compounds; Chemical entities	404.143	163	2.714	839079793848722688	839079623429948998	839079623425754693	480	
2	C10H13N5O4	[M + H]+	C10H14N5O4+	Carbohydrates	1.000	Nucleosides	1.000	Purine nucleosides	0.999	Nucleosides, nucleotides, and analogues	0.994	Purine nucleosides	0.979					Purine nucleosides	0.979	Organic compounds; Organoheterocyclic compounds; Carbohydrates and carbohydrate conjugates; Pyrimidines and pyrimidine derivatives; Imidazoles; Alcohols and polyols; Purines and purine derivatives; Organonitrogen compounds; Primary alcohols; Nucleosides, nucleotides, and analogues; Organooxygen compounds; Azoles; Purine nucleosides; Aminopyrimidines and derivatives; Diazines; Pentoses; Monosaccharides; Secondary alcohols; Imidazopyrimidines; Glycosyl compounds; Glycosylamines; Substituted imidazoles; N-substituted imidazoles; Amines; Primary amines; Tetrahydrofurans; 6-aminopurines; Imidolactams; Azacyclic compounds; Oxacyclic compounds; Heteroaromatic compounds; Hydrocarbon derivatives; Organopnictogen compounds; Organic oxygen compounds; Organic nitrogen compounds; Chemical entities	268.104	163	2.722	839079781240643814	839079623547389522	839079623547389521	483	
7	C37H43N5O6Si	[M + H]+	C37H44N5O6Si+	Carbohydrates	0.776	Nucleosides	0.789	Purine nucleosides	0.832	Benzenoids	0.856	Triphenyl compounds	0.613					Triphenyl compounds	0.613	Organic compounds; Organoheterocyclic compounds; Pyrimidines and pyrimidine derivatives; Imidazoles; Alcohols and polyols; Anisoles; Purines and purine derivatives; Ethers; Organohalogen compounds; Organonitrogen compounds; Nucleosides, nucleotides, and analogues; Organooxygen compounds; Azoles; Purine nucleosides; Aminopyrimidines and derivatives; Diazines; Secondary alcohols; Imidazopyrimidines; Carbonyl compounds; Benzene and substituted derivatives; Substituted imidazoles; N-substituted imidazoles; Phenol ethers; Benzenoids; Amines; Primary amines; Benzylethers; Alkyl halides; 6-aminopurines; Imidolactams; Organic oxides; Methoxybenzenes; Azacyclic compounds; Oxacyclic compounds; Heteroaromatic compounds; Hydrocarbon derivatives; Triphenyl compounds; Organopnictogen compounds; Organic oxygen compounds; Organic nitrogen compounds; Phenoxy compounds; Chemical entities	682.309	163	2.723	839079788530344781	839079623513835086	839079623509640781	482	
2	C21H24N4O5	[M + Na]+	C21H24N4NaO5+	Carbohydrates	0.929	Nucleosides	0.934	Purine nucleosides	0.941	Nucleosides, nucleotides, and analogues	0.952	Purine nucleosides	0.849					Purine nucleosides	0.849	Organic compounds; Organoheterocyclic compounds; Carbohydrates and carbohydrate conjugates; Pyrimidines and pyrimidine derivatives; Imidazoles; Alcohols and polyols; Purines and purine derivatives; Organic acids and derivatives; Carboxylic acids and derivatives; Organonitrogen compounds; Primary alcohols; Nucleosides, nucleotides, and analogues; Organooxygen compounds; Azoles; Purine nucleosides; Carboxylic acid derivatives; Aminopyrimidines and derivatives; Diazines; Pentoses; Monosaccharides; Secondary alcohols; Imidazopyrimidines; Oxolanes; Glycosyl compounds; Glycosylamines; Benzene and substituted derivatives; Polyols; Substituted imidazoles; N-substituted imidazoles; Benzenoids; Amines; 1,2-diols; 6-aminopurines; Imidolactams; Organic oxides; Azacyclic compounds; Oxacyclic compounds; Heteroaromatic compounds; Hydrocarbon derivatives; Organopnictogen compounds; Organic oxygen compounds; Organic nitrogen compounds; Chemical entities	435.166	164	2.732	839079793777419495	839079623585138262	839079623585138261	484	
3	C19H20F3N7O2	[M + H]+	C19H21F3N7O2+	Alkaloids	0.895	Pseudoalkaloids (transamidation)	0.627	Purine alkaloids	0.343	Organoheterocyclic compounds	0.999	Imidazopyrimidines	0.973	Purines and purine derivatives	0.979	6-aminopurines	0.911	6-aminopurines	0.911	Organic compounds; Organoheterocyclic compounds; Pyrimidines and pyrimidine derivatives; Imidazoles; Purines and purine derivatives; Organohalogen compounds; Organonitrogen compounds; Organooxygen compounds; Azoles; Alkyl fluorides; Dialkyl ethers; Aminopyrimidines and derivatives; Diazines; Organofluorides; Imidazopyrimidines; Benzene and substituted derivatives; Substituted imidazoles; N-substituted imidazoles; Benzenoids; Amines; Primary amines; Alkyl halides; 6-aminopurines; Imidolactams; Azacyclic compounds; Oxacyclic compounds; Heteroaromatic compounds; Hydrocarbon derivatives; Organopnictogen compounds; Organic oxygen compounds; Organic nitrogen compounds; Chemical entities	436.169	164	2.734	839079801121646392	839079623471892042	839079623471892041	481	
3	C37H39N3O12	[M + H]+	C37H40N3O12+	Polyketides	0.582	Macrolides	0.390	Pyrimidine nucleosides	0.086	Organic oxygen compounds	0.999	Organooxygen compounds	0.999	Carbohydrates and carbohydrate conjugates	0.473	Glycosyl compounds	0.506	Glycosyl compounds	0.506	Organic compounds; Organoheterocyclic compounds; Alcohols and polyols; Phenols; Benzoic acids and derivatives; Organic acids and derivatives; Carboxylic acids and derivatives; Organonitrogen compounds; Organooxygen compounds; Carboxylic acid amides; Carboxylic acid derivatives; Carboxylic acid esters; Monosaccharides; Secondary alcohols; Secondary carboxylic acid amides; Carbonyl compounds; Glycosyl compounds; Benzene and substituted derivatives; Polyols; Benzenoids; Organic oxides; Oxacyclic compounds; Heteroaromatic compounds; Hydrocarbon derivatives; Organopnictogen compounds; Organic oxygen compounds; 1-hydroxy-2-unsubstituted benzenoids; Organic nitrogen compounds; Chemical entities	718.262	165	2.743	839079933867183059	839079623622887002	839079623622887001	485	
2	C21H17N7O2S	[M + H3N + H]+	C21H21N8O2S+	Alkaloids	0.529	Pseudoalkaloids (transamidation)	0.249	Purine alkaloids	0.236	Organoheterocyclic compounds	0.997	Imidazopyrimidines	0.989	Purines and purine derivatives	0.991	6-aminopurines	0.747	6-aminopurines	0.747	Organic compounds; Organoheterocyclic compounds; Organosulfur compounds; Pyrimidines and pyrimidine derivatives; Imidazoles; Purines and purine derivatives; Organic acids and derivatives; Carboxylic acids and derivatives; Organonitrogen compounds; Organooxygen compounds; Azoles; Carboxylic acid amides; Carboxylic acid derivatives; Thioethers; Aminopyrimidines and derivatives; Diazines; Imidazopyrimidines; Benzene and substituted derivatives; Substituted imidazoles; N-substituted imidazoles; Benzenoids; Amines; Primary amines; 6-aminopurines; Sulfenyl compounds; Alkylarylthioethers; Imidolactams; Organic oxides; Azacyclic compounds; Heteroaromatic compounds; Hydrocarbon derivatives; Organopnictogen compounds; Organic oxygen compounds; Aryl thioethers; Organic nitrogen compounds; Chemical entities	449.149	165	2.747	839079872827473336	839079623694190178	839079623694190177	487	
2	C28H20N2O4	[M + H3N + H]+	C28H24N3O4+	Shikimates and Phenylpropanoids	0.286	Flavonoids	0.307	Acridone alkaloids	0.133	Benzenoids	0.998	Benzene and substituted derivatives	0.952	Benzoic acids and derivatives	0.553			Benzoic acids and derivatives	0.553	Organic compounds; Organoheterocyclic compounds; Benzoic acids and derivatives; Organic acids and derivatives; Carboxylic acids and derivatives; Organonitrogen compounds; Benzoyl derivatives; Organooxygen compounds; Carboxylic acid derivatives; Carbonyl compounds; Benzene and substituted derivatives; Benzenoids; Phenylpropanes; Organic oxides; Azacyclic compounds; Hydrocarbon derivatives; Organopnictogen compounds; Organic oxygen compounds; Organic nitrogen compounds; Chemical entities	466.176	165	2.747	839079814342093425	839079623656441438	839079623656441437	486	
1	C21H27N2O7P	[M + H3N + H]+	C21H31N3O7P+	Carbohydrates	0.178	Coumarins	0.359	Simple coumarins	0.395	Organoheterocyclic compounds	0.910	Diazines	0.779	Pyrimidines and pyrimidine derivatives	0.635	Pyrimidones	0.563	Pyrimidones	0.563	Organic compounds; Organoheterocyclic compounds; Pyrimidines and pyrimidine derivatives; Organic acids and derivatives; Organonitrogen compounds; Pyrimidones; Organooxygen compounds; Organic carbonic acids and derivatives; Organophosphorus compounds; Organic phosphonic acids and derivatives; Ureas; Phosphonic acid esters; Diazines; Benzene and substituted derivatives; Benzenoids; Phosphonic acid diesters; Organic oxides; Azacyclic compounds; Heteroaromatic compounds; Hydrocarbon derivatives; Organopnictogen compounds; Organic oxygen compounds; Organic nitrogen compounds; Chemical entities	468.191	165	2.750	839079826279083270	839079623731938918	839079623731938917	488	
1	C26H24N2O4	[M + Na]+	C26H24N2NaO4+	Alkaloids	0.304	Anthranilic acid alkaloids	0.152	Acridone alkaloids	0.098	Benzenoids	0.998	Benzene and substituted derivatives	0.943	Anilides	0.614	Aromatic anilides	0.569	Aromatic anilides	0.569	Organic compounds; Organoheterocyclic compounds; Phenols; Benzoic acids and derivatives; Organic acids and derivatives; Carboxylic acids and derivatives; Organonitrogen compounds; Anilides; Organooxygen compounds; Carboxylic acid amides; Carboxylic acid derivatives; Secondary carboxylic acid amides; Carbonyl compounds; Benzene and substituted derivatives; Benzenoids; Phenylpropanes; Organic oxides; Hydrocarbon derivatives; Organopnictogen compounds; Organic oxygen compounds; Organic nitrogen compounds; Aromatic anilides; Chemical entities	451.165	165	2.750	839079798928025215	839079623790659178	839079623786464873	489	
1	C7H9N5O2	[M - H2O + H]+	C7H8N5O+	Alkaloids	0.695	Pseudoalkaloids (transamidation)	0.915	Purine alkaloids	0.943	Organic acids and derivatives	0.885	Carboxylic acids and derivatives	0.823	Amino acids, peptides, and analogues	0.726	Amino acids and derivatives	0.726	Amino acids	0.737	Organic compounds; Organoheterocyclic compounds; Amino acids, peptides, and analogues; Pyrimidines and pyrimidine derivatives; Imidazoles; Purines and purine derivatives; Organic acids and derivatives; Carboxylic acids and derivatives; Organonitrogen compounds; Organooxygen compounds; Amino acids and derivatives; Azoles; Monocarboxylic acids and derivatives; Carboxylic acids; Aminopyrimidines and derivatives; Diazines; Imidazopyrimidines; Carbonyl compounds; Substituted imidazoles; Amines; Primary amines; 6-aminopurines; Imidolactams; Organic oxides; Azacyclic compounds; Heteroaromatic compounds; Hydrocarbon derivatives; Amino acids; Organopnictogen compounds; Organic oxygen compounds; Organic nitrogen compounds; Chemical entities	178.072	165	2.750	839079820553857958	839079623392200258	839079623392200257	479	
2	C23H23ClN6O2	[M + Na]+	C23H23ClN6NaO2+	Alkaloids	0.585	Anthranilic acid alkaloids	0.111	Benzodiazepine alkaloids	0.085	Organohalogen compounds	1.000	Aryl halides	0.991	Aryl chlorides	0.994			Aryl chlorides	0.994	Organic compounds; Organoheterocyclic compounds; Pyrazoles; Lactams; Organic acids and derivatives; Carboxylic acids and derivatives; Organohalogen compounds; Organonitrogen compounds; Organooxygen compounds; Azoles; Carboxylic acid amides; Aryl chlorides; Carboxylic acid derivatives; Diazines; Organochlorides; Benzene and substituted derivatives; Benzenoids; Aryl halides; Organic oxides; Azacyclic compounds; Heteroaromatic compounds; Hydrocarbon derivatives; Organopnictogen compounds; Organic oxygen compounds; Organic nitrogen compounds; Chemical entities	473.147	165	2.752	839079825192758516	839079623832602222	839079623828407917	490	
1	C22H30N4O6S	[M + H3N + H]+	C22H34N5O6S+	Amino acids and Peptides	0.382	Oligopeptides	0.220	Cyclamides	0.406	Benzenoids	0.744	Benzene and substituted derivatives	0.536					Benzene and substituted derivatives	0.536	Organic compounds; Organoheterocyclic compounds; Organosulfur compounds; Organic acids and derivatives; Carboxylic acids and derivatives; Organonitrogen compounds; Organooxygen compounds; Azoles; Carboxylic acid amides; Carboxylic acid derivatives; Carbonyl compounds; Benzene and substituted derivatives; Benzenoids; Vinylogous amides; Organic oxides; Azacyclic compounds; Heteroaromatic compounds; Hydrocarbon derivatives; Organopnictogen compounds; Organic oxygen compounds; Organic nitrogen compounds; Chemical entities	496.223	165	2.756	839079861486074272	839079623866156658	839079623866156657	491	
1	C7H3N5O	[M + H3N + H]+	C7H7N6O+	Alkaloids	0.930	Pseudoalkaloids (transamidation)	0.787	Purine alkaloids	0.897	Organoheterocyclic compounds	1.000	Pteridines and derivatives	0.914	Pterins and derivatives	0.797			Pterins and derivatives	0.797	Organic compounds; Organoheterocyclic compounds; Pyrazines; Pyrimidines and pyrimidine derivatives; Pteridines and derivatives; Pterins and derivatives; Organic acids and derivatives; Organonitrogen compounds; Pyrimidones; Organooxygen compounds; Aminopyrimidines and derivatives; Diazines; Amines; Primary amines; Vinylogous amides; Organic oxides; Azacyclic compounds; Heteroaromatic compounds; Hydrocarbon derivatives; Organopnictogen compounds; Organic oxygen compounds; Organic nitrogen compounds; Chemical entities	191.068	165	2.757	839079784088576499	839079623899711094	839079623899711093	492	
1	C7H9N5O2	[M - H2O + H]+	C7H8N5O+	Alkaloids	0.816	Pseudoalkaloids (transamidation)	0.916	Purine alkaloids	0.961	Organic acids and derivatives	0.935	Carboxylic acids and derivatives	0.889	Amino acids, peptides, and analogues	0.658	Amino acids and derivatives	0.659	Amino acids and derivatives	0.659	Organic compounds; Organoheterocyclic compounds; Amino acids, peptides, and analogues; Pyrimidines and pyrimidine derivatives; Imidazoles; Purines and purine derivatives; Organic acids and derivatives; Carboxylic acids and derivatives; Organonitrogen compounds; Organooxygen compounds; Amino acids and derivatives; Azoles; Aminopyrimidines and derivatives; Diazines; Imidazopyrimidines; Carbonyl compounds; Amines; Primary amines; 6-aminopurines; Imidolactams; Organic oxides; Azacyclic compounds; Heteroaromatic compounds; Hydrocarbon derivatives; Organopnictogen compounds; Organic oxygen compounds; Organic nitrogen compounds; Chemical entities	178.072	167	2.789	839079790384227279	839079624147175058	839079624147175057	499	
1	C23H46NO7P	[M + H]+	C23H47NO7P+	Fatty acids	1.000	Glycerophospholipids	1.000	Glycerophosphoethanolamines	0.998	Organic acids and derivatives	0.999	Carboxylic acids and derivatives	0.998	Amino acids, peptides, and analogues	0.984	Amino acids and derivatives	0.983	Amino acids and derivatives	0.983	Organic compounds; Lipids and lipid-like molecules; Amino acids, peptides, and analogues; Alcohols and polyols; Glycerophospholipids; Organic acids and derivatives; Carboxylic acids and derivatives; Organonitrogen compounds; Organooxygen compounds; Fatty acid esters; Amino acids and derivatives; Organic phosphoric acids and derivatives; Phosphate esters; Monoalkylamines; Carboxylic acid derivatives; Monocarboxylic acids and derivatives; Carboxylic acid esters; Phosphoethanolamines; Lysophosphatidylethanolamines; Secondary alcohols; 1-acyl-sn-glycero-3-phosphoethanolamines; Carbonyl compounds; Glycerophosphoethanolamines; Amines; Primary amines; Alkyl phosphates; Dialkyl phosphates; Fatty Acyls; Organic oxides; Hydrocarbon derivatives; Organopnictogen compounds; Organic oxygen compounds; Organic nitrogen compounds; Chemical entities	480.309	167	2.791	839079789302096741	839079623937459834	839079623937459833	493	
2	C23H24N6O14	[M + Na]+	C23H24N6NaO14+	Carbohydrates	0.995	Nucleosides	0.987	Purine nucleosides	0.820	Organic acids and derivatives	0.994	Carboxylic acids and derivatives	0.926	Amino acids, peptides, and analogues	0.537	Amino acids and derivatives	0.534	Amino acids and derivatives	0.534	Organic compounds; Organoheterocyclic compounds; Carbohydrates and carbohydrate conjugates; Amino acids, peptides, and analogues; Pyrimidines and pyrimidine derivatives; Alcohols and polyols; Phenols; Lactams; Benzoic acids and derivatives; Purines and purine derivatives; Organic acids and derivatives; Carboxylic acids and derivatives; Organonitrogen compounds; Nucleosides, nucleotides, and analogues; Pyrimidones; Benzoyl derivatives; Organooxygen compounds; Amino acids and derivatives; Carboxylic acid derivatives; Carboxylic acids; Diazines; Pentoses; Monosaccharides; Secondary alcohols; Carbonyl compounds; Glycosyl compounds; Glycosylamines; Benzene and substituted derivatives; Benzenoids; Primary amines; Vinylogous amides; Organic oxides; Azacyclic compounds; Oxacyclic compounds; Heteroaromatic compounds; Hydrocarbon derivatives; Organopnictogen compounds; Organic oxygen compounds; 1-hydroxy-2-unsubstituted benzenoids; Organic nitrogen compounds; Chemical entities	631.123	168	2.800	839079956885524160	839079624008763010	839079624008763009	495	
1	C11H20O2	[M + H3N + H]+	C11H24NO2+	Terpenoids	0.689	Monoterpenoids	0.292	Fatty alcohols	0.088	Organic oxygen compounds	0.999	Organooxygen compounds	0.998	Alcohols and polyols	0.612			Alcohols and polyols	0.612	Organic compounds; Alcohols and polyols; Organooxygen compounds; Carbonyl compounds; Organic oxides; Hydrocarbon derivatives; Organic oxygen compounds; Chemical entities	202.180	168	2.801	839079782649930131	839079624046511750	839079624042317445	496	
2	C5H6N4O3	[M - H2O + H]+	C5H5N4O2+	Alkaloids	0.994	Pseudoalkaloids (transamidation)	0.999	Purine alkaloids	1.000	Organoheterocyclic compounds	0.998	Imidazopyrimidines	0.978	Purines and purine derivatives	0.973	Xanthines	0.977	Xanthines	0.977	Organic compounds; Organoheterocyclic compounds; Pyrimidines and pyrimidine derivatives; Imidazoles; Lactams; Purines and purine derivatives; Xanthines; Organic acids and derivatives; Organonitrogen compounds; Alkaloids and derivatives; Pyrimidones; Organooxygen compounds; Organic carbonic acids and derivatives; Azoles; Ureas; Purinones; Diazines; 6-oxopurines; Imidazopyrimidines; Vinylogous amides; Organic oxides; Azacyclic compounds; Heteroaromatic compounds; Hydrocarbon derivatives; Organopnictogen compounds; Organic oxygen compounds; Organic nitrogen compounds; Chemical entities	153.041	168	2.802	839079959364357913	839079624080066186	839079624080066185	497	
3	C10H15N5O3S	[M + H3N + H]+	C10H19N6O3S+	Carbohydrates	0.992	Nucleosides	0.988	Purine nucleosides	0.991	Nucleosides, nucleotides, and analogues	0.858	5'-deoxyribonucleosides	0.960	5'-deoxy-5'-thionucleosides	0.954			5'-deoxy-5'-thionucleosides	0.954	Organic compounds; Organoheterocyclic compounds; Organosulfur compounds; Carbohydrates and carbohydrate conjugates; Pyrimidines and pyrimidine derivatives; Imidazoles; Alcohols and polyols; Purines and purine derivatives; Organonitrogen compounds; Nucleosides, nucleotides, and analogues; Organooxygen compounds; Azoles; Thioethers; Aminopyrimidines and derivatives; Diazines; Pentoses; Monosaccharides; Secondary alcohols; Imidazopyrimidines; Glycosyl compounds; Glycosylamines; Polyols; Substituted imidazoles; N-substituted imidazoles; Amines; Primary amines; 1,2-diols; 6-aminopurines; Dialkylthioethers; Imidolactams; Azacyclic compounds; Oxacyclic compounds; Heteroaromatic compounds; Hydrocarbon derivatives; 5'-deoxyribonucleosides; 5'-deoxy-5'-thionucleosides; Organopnictogen compounds; Organic oxygen compounds; Organic nitrogen compounds; Chemical entities	303.123	169	2.816	839079796474357187	839079624247838366	839079624247838365	502	
1	C30H60O2	[M + H3N + H]+	C30H64NO2+	Terpenoids	0.959	Steroids	0.238	Carotenoids (C40, Ψ-Ψ)	0.052	Lipids and lipid-like molecules	0.956	Prenol lipids	0.696					Prenol lipids	0.696	Organic compounds; Lipids and lipid-like molecules; Alcohols and polyols; Prenol lipids; Organooxygen compounds; Cyclic alcohols and derivatives; Secondary alcohols; Hydrocarbon derivatives; Organic oxygen compounds; Chemical entities	470.493	169	2.819	839079784243765767	839079624113620622	839079624113620621	498	
1	C6H4N4O2	[M + H3N + H]+	C6H8N5O2+	Alkaloids	0.986	Pseudoalkaloids (transamidation)	0.987	Purine alkaloids	0.998	Organoheterocyclic compounds	1.000	Diazines	0.878	Pyrimidines and pyrimidine derivatives	0.831	Pyrimidones	0.772	Pyrimidones	0.772	Organic compounds; Organoheterocyclic compounds; Pyrimidines and pyrimidine derivatives; Imidazoles; Lactams; Organic acids and derivatives; Organonitrogen compounds; Pyrimidones; Organooxygen compounds; Azoles; Diazines; Vinylogous amides; Organic oxides; Azacyclic compounds; Heteroaromatic compounds; Hydrocarbon derivatives; Organopnictogen compounds; Organic oxygen compounds; Organic nitrogen compounds; Chemical entities	182.067	170	2.830	839079785002934873	839079624352695978	839079624352695977	505	
3	C9H8O	[M + H3N + H]+	C9H12NO+	Shikimates and Phenylpropanoids	0.578	Phenylpropanoids (C6-C3)	0.779	Cinnamic acids and derivatives	0.781	Benzenoids	0.747	Benzene and substituted derivatives	0.565					Benzene and substituted derivatives	0.565	Organic compounds; Aldehydes; Organooxygen compounds; Carbonyl compounds; Benzene and substituted derivatives; Benzenoids; Organic oxides; Hydrocarbon derivatives; Organic oxygen compounds; Chemical entities	150.091	170	2.830	839079833883357196	839079624180729494	839079624180729493	500	
1	C9H11NO	[M + H3N + H]+	C9H15N2O+	Alkaloids	0.949	Lysine alkaloids	0.416	Pyridine alkaloids	0.357	Organoheterocyclic compounds	0.621	Azacyclic compounds	0.620					Azacyclic compounds	0.620	Organic compounds; Organoheterocyclic compounds; Organonitrogen compounds; Organooxygen compounds; Amines; Azacyclic compounds; Hydrocarbon derivatives; Organopnictogen compounds; Organic oxygen compounds; Organic nitrogen compounds; Chemical entities	167.118	170	2.832	839079959628599088	839079624214283930	839079624214283929	501	
2	C24H32N6O2	[M + H3N + H]+	C24H36N7O2+	Alkaloids	0.635	Pseudoalkaloids (transamidation)	0.711	Purine alkaloids	0.573	Organoheterocyclic compounds	0.990	Imidazopyrimidines	0.928	Purines and purine derivatives	0.945	6-aminopurines	0.823	6-alkylaminopurines	0.595	Organic compounds; Organoheterocyclic compounds; Pyrimidines and pyrimidine derivatives; Imidazoles; Alcohols and polyols; Purines and purine derivatives; Organic acids and derivatives; Organonitrogen compounds; Organooxygen compounds; Azoles; Aminopyrimidines and derivatives; Diazines; Imidazopyrimidines; Benzene and substituted derivatives; Substituted imidazoles; N-substituted imidazoles; Benzenoids; Amines; Primary amines; Tertiary amines; 6-aminopurines; 6-alkylaminopurines; Imidolactams; Organic oxides; Azacyclic compounds; Heteroaromatic compounds; Hydrocarbon derivatives; Organopnictogen compounds; Organic oxygen compounds; Organic nitrogen compounds; Chemical entities	454.293	170	2.833	839079798126913125	839079624314947238	839079624314947237	504	
1	C22H44NO7P	[M + H]+	C22H45NO7P+	Fatty acids	1.000	Glycerophospholipids	1.000	Glycerophosphoethanolamines	0.999	Organic acids and derivatives	0.999	Carboxylic acids and derivatives	0.998	Amino acids, peptides, and analogues	0.985	Amino acids and derivatives	0.985	Amino acids and derivatives	0.985	Organic compounds; Lipids and lipid-like molecules; Amino acids, peptides, and analogues; Alcohols and polyols; Glycerophospholipids; Organic acids and derivatives; Carboxylic acids and derivatives; Organonitrogen compounds; Organooxygen compounds; Fatty acid esters; Amino acids and derivatives; Organic phosphoric acids and derivatives; Phosphate esters; Monoalkylamines; Carboxylic acid derivatives; Monocarboxylic acids and derivatives; Carboxylic acid esters; Phosphoethanolamines; Lysophosphatidylethanolamines; Secondary alcohols; 1-acyl-sn-glycero-3-phosphoethanolamines; Carbonyl compounds; Glycerophosphoethanolamines; Amines; Primary amines; Alkyl phosphates; Dialkyl phosphates; Fatty Acyls; Organic oxides; Hydrocarbon derivatives; Organopnictogen compounds; Organic oxygen compounds; Organic nitrogen compounds; Chemical entities	466.293	170	2.836	839079801830483837	839079624281392802	839079624281392801	503	
1	C7H9N5O2	[M + H]+	C7H10N5O2+	Alkaloids	0.867	Pseudoalkaloids (transamidation)	0.941	Purine alkaloids	0.979	Organic acids and derivatives	0.849	Carboxylic acids and derivatives	0.766	Amino acids, peptides, and analogues	0.593	Amino acids and derivatives	0.594	Amino acids and derivatives	0.594	Organic compounds; Organoheterocyclic compounds; Amino acids, peptides, and analogues; Pyrimidines and pyrimidine derivatives; Imidazoles; Purines and purine derivatives; Organic acids and derivatives; Carboxylic acids and derivatives; Organonitrogen compounds; Organooxygen compounds; Amino acids and derivatives; Azoles; Monocarboxylic acids and derivatives; Carboxylic acids; Aminopyrimidines and derivatives; Diazines; Imidazopyrimidines; Carbonyl compounds; Amines; Primary amines; 6-aminopurines; Imidolactams; Organic oxides; Azacyclic compounds; Heteroaromatic compounds; Hydrocarbon derivatives; Organopnictogen compounds; Organic oxygen compounds; Organic nitrogen compounds; Chemical entities	196.083	171	2.851	839079790551999458	839079624491108026	839079624491108025	509	
1	C19H33NO3	[M + H3N + H]+	C19H37N2O3+	Fatty acids	0.974	Spingolipids	0.292	Sphingoid bases	0.480	Lipids and lipid-like molecules	0.649	Fatty Acyls	0.518					Fatty Acyls	0.518	Organic compounds; Lipids and lipid-like molecules; Alcohols and polyols; Organonitrogen compounds; Organooxygen compounds; Secondary alcohols; Amines; Fatty Acyls; Hydrocarbon derivatives; Organopnictogen compounds; Organic oxygen compounds; Organic nitrogen compounds; Chemical entities	341.280	172	2.865	839079804976212055	839079624423999154	839079624423999153	507	
1	C28H56O2	[M + H3N + H]+	C28H60NO2+	Fatty acids	0.873	Fatty Acids and Conjugates	0.210	Fatty alcohols	0.438	Lipids and lipid-like molecules	0.978	Fatty Acyls	0.774					Fatty Acyls	0.774	Organic compounds; Lipids and lipid-like molecules; Alcohols and polyols; Carboxylic acids and derivatives; Organooxygen compounds; Monocarboxylic acids and derivatives; Secondary alcohols; Carbonyl compounds; Fatty Acyls; Organic oxides; Hydrocarbon derivatives; Organic oxygen compounds; Chemical entities	442.462	172	2.866	839079798357599869	839079624386250414	839079624386250413	506	
1	C23H48NO7P	[M + H]+	C23H49NO7P+	Fatty acids	1.000	Glycerophospholipids	1.000	Glycerophosphoethanolamines	1.000	Organic acids and derivatives	1.000	Carboxylic acids and derivatives	0.999	Amino acids, peptides, and analogues	0.987	Amino acids and derivatives	0.987	Amino acids and derivatives	0.987	Organic compounds; Lipids and lipid-like molecules; Amino acids, peptides, and analogues; Alcohols and polyols; Glycerophospholipids; Organic acids and derivatives; Carboxylic acids and derivatives; Organonitrogen compounds; Organooxygen compounds; Fatty acid esters; Amino acids and derivatives; Organic phosphoric acids and derivatives; Phosphate esters; Monoalkylamines; Carboxylic acid derivatives; Monocarboxylic acids and derivatives; Carboxylic acid esters; Phosphoethanolamines; Lysophosphatidylethanolamines; Secondary alcohols; 1-acyl-sn-glycero-3-phosphoethanolamines; Carbonyl compounds; Glycerophosphoethanolamines; Amines; Primary amines; Alkyl phosphates; Dialkyl phosphates; Fatty Acyls; Organic oxides; Hydrocarbon derivatives; Organopnictogen compounds; Organic oxygen compounds; Organic nitrogen compounds; Chemical entities	482.324	172	2.873	839079815239674496	839079624566605506	839079624566605505	511	
1	C21H42NO7P	[M + Na]+	C21H42NNaO7P+	Fatty acids	1.000	Glycerophospholipids	1.000	Glycerophosphoethanolamines	0.999	Organic acids and derivatives	0.999	Carboxylic acids and derivatives	0.997	Amino acids, peptides, and analogues	0.983	Amino acids and derivatives	0.982	Amino acids and derivatives	0.982	Organic compounds; Lipids and lipid-like molecules; Amino acids, peptides, and analogues; Alcohols and polyols; Glycerophospholipids; Organic acids and derivatives; Carboxylic acids and derivatives; Organonitrogen compounds; Organooxygen compounds; Fatty acid esters; Amino acids and derivatives; Organic phosphoric acids and derivatives; Phosphate esters; Monoalkylamines; Carboxylic acid derivatives; Monocarboxylic acids and derivatives; Carboxylic acid esters; Phosphoethanolamines; Lysophosphatidylethanolamines; Secondary alcohols; 1-acyl-sn-glycero-3-phosphoethanolamines; Carbonyl compounds; Glycerophosphoethanolamines; Amines; Primary amines; Alkyl phosphates; Dialkyl phosphates; Fatty Acyls; Organic oxides; Hydrocarbon derivatives; Organopnictogen compounds; Organic oxygen compounds; Organic nitrogen compounds; Chemical entities	474.259	172	2.873	839079799548782248	839079624604354246	839079624600159941	512	
2	C21H33N5O5	[M + H3N + H]+	C21H37N6O5+	Amino acids and Peptides	0.539	Oligopeptides	0.358	Purine nucleosides	0.265	Organic acids and derivatives	0.860	Carboxylic acids and derivatives	0.838	Amino acids, peptides, and analogues	0.619	Amino acids and derivatives	0.613	Amino acids and derivatives	0.613	Organic compounds; Organoheterocyclic compounds; Lipids and lipid-like molecules; Amino acids, peptides, and analogues; Alcohols and polyols; Organic acids and derivatives; Carboxylic acids and derivatives; Organonitrogen compounds; Organooxygen compounds; Fatty amides; Amino acids and derivatives; Azoles; Monoalkylamines; Carboxylic acid amides; Carboxylic acid derivatives; N-acyl amines; Secondary alcohols; Carbonyl compounds; Amines; Primary amines; Fatty Acyls; Organic oxides; Azacyclic compounds; Heteroaromatic compounds; Hydrocarbon derivatives; Organopnictogen compounds; Organic oxygen compounds; Organic nitrogen compounds; Chemical entities	453.281	172	2.874	839079817219386054	839079624457553590	839079624457553589	508	
1	C21H42NO7P	[M + H]+	C21H43NO7P+	Fatty acids	1.000	Glycerophospholipids	1.000	Glycerophosphoethanolamines	0.997	Organic acids and derivatives	0.999	Carboxylic acids and derivatives	0.998	Amino acids, peptides, and analogues	0.984	Amino acids and derivatives	0.983	Amino acids and derivatives	0.983	Organic compounds; Lipids and lipid-like molecules; Amino acids, peptides, and analogues; Alcohols and polyols; Glycerophospholipids; Organic acids and derivatives; Carboxylic acids and derivatives; Organonitrogen compounds; Organooxygen compounds; Fatty acid esters; Amino acids and derivatives; Organic phosphoric acids and derivatives; Phosphate esters; Monoalkylamines; Carboxylic acid derivatives; Monocarboxylic acids and derivatives; Carboxylic acid esters; Phosphoethanolamines; Lysophosphatidylethanolamines; Secondary alcohols; 1-acyl-sn-glycero-3-phosphoethanolamines; Carbonyl compounds; Glycerophosphoethanolamines; Amines; Primary amines; Alkyl phosphates; Dialkyl phosphates; Fatty Acyls; Organic oxides; Hydrocarbon derivatives; Organopnictogen compounds; Organic oxygen compounds; Organic nitrogen compounds; Chemical entities	452.277	173	2.875	839079794595308894	839079624642102986	839079624642102985	513	
1	C19H36O4	[M - H2O + H]+	C19H35O3+	Fatty acids	1.000	Glycerolipids	0.988	Monoacylglycerols	0.997	Lipids and lipid-like molecules	0.998	Glycerolipids	0.979	Monoradylglycerols	0.992	Monoacylglycerols	0.988	1-monoacylglycerols	0.936	Organic compounds; Lipids and lipid-like molecules; Alcohols and polyols; Glycerolipids; Organic acids and derivatives; Carboxylic acids and derivatives; Primary alcohols; Organooxygen compounds; Fatty acid esters; Carboxylic acid derivatives; Monoacylglycerols; Monocarboxylic acids and derivatives; Carboxylic acid esters; 1-monoacylglycerols; Secondary alcohols; Carbonyl compounds; Polyols; 1,2-diols; Monoradylglycerols; Fatty Acyls; Organic oxides; Hydrocarbon derivatives; Organic oxygen compounds; Chemical entities	311.258	173	2.875	839079810982455767	839079624528856766	839079624528856765	510	
9	C10H19N4OPS	[M + H]+	C10H20N4OPS+	Alkaloids	0.569	Histidine alkaloids	0.217	Imidazole alkaloids	0.222	Organoheterocyclic compounds	0.906	Azacyclic compounds	0.904					Azacyclic compounds	0.904	Organic compounds; Organoheterocyclic compounds; Organonitrogen compounds; Organooxygen compounds; Azacyclic compounds; Hydrocarbon derivatives; Organopnictogen compounds; Organic oxygen compounds; Organic nitrogen compounds; Chemical entities	275.110	173	2.885	839079808834971936	839079624675657422	839079624675657421	514	
1	C26H34N6O2	[M + H3N + H]+	C26H38N7O2+	Alkaloids	0.842	Tryptophan alkaloids	0.329	Carboline alkaloids	0.034	Organic acids and derivatives	0.487	Carboxylic acids and derivatives	0.552	Amino acids, peptides, and analogues	0.548	Amino acids and derivatives	0.545	Amino acids and derivatives	0.545	Organic compounds; Organoheterocyclic compounds; Amino acids, peptides, and analogues; Pyrimidines and pyrimidine derivatives; Carboxylic acids and derivatives; Organonitrogen compounds; Organooxygen compounds; Amino acids and derivatives; Aminopyrimidines and derivatives; Diazines; Trialkylamines; Benzenoids; Amines; Primary amines; Tertiary amines; Imidolactams; Aralkylamines; Organic oxides; Azacyclic compounds; Heteroaromatic compounds; Hydrocarbon derivatives; Organopnictogen compounds; Organic oxygen compounds; Organic nitrogen compounds; Chemical entities	480.309	174	2.904	839079805764741262	839079624709211858	839079624709211857	515	
1	C13H21NO	[M + H3N + H]+	C13H25N2O+	Alkaloids	0.671	Pseudoalkaloids (transamidation)	0.549	Terpenoid alkaloids	0.266	Organic nitrogen compounds	1.000	Organonitrogen compounds	0.999					Organonitrogen compounds	0.999	Organic compounds; Organonitrogen compounds; Organooxygen compounds; Organic oxides; Hydrocarbon derivatives; Organopnictogen compounds; Organic oxygen compounds; Organic nitrogen compounds; Chemical entities	225.196	175	2.908	839079790401004506	839079624742766294	839079624742766293	516	
3	C7H12O2	[M + H3N + H]+	C7H16NO2+	Fatty acids	0.947	Fatty esters	0.648	Lactones	0.407	Organic acids and derivatives	0.626	Carboxylic acids and derivatives	0.652	Monocarboxylic acids and derivatives	0.622			Monocarboxylic acids and derivatives	0.622	Organic compounds; Organic acids and derivatives; Carboxylic acids and derivatives; Organooxygen compounds; Monocarboxylic acids and derivatives; Carbonyl compounds; Organic oxides; Hydrocarbon derivatives; Organic oxygen compounds; Chemical entities	146.118	176	2.942	839079811116673513	839079625095087870	839079625095087869	526	
1	C8H5NO	[M + H3N + H]+	C8H9N2O+	Alkaloids	0.361	Amino acid glycosides	0.027	Cyanogenic glycosides	0.035	Benzenoids	0.988	Benzene and substituted derivatives	0.765	Benzonitriles	0.936			Benzonitriles	0.936	Organic compounds; Organonitrogen compounds; Organooxygen compounds; Nitriles; Benzonitriles; Benzene and substituted derivatives; Benzenoids; Hydrocarbon derivatives; Organic cyanides; Organopnictogen compounds; Organic oxygen compounds; Organic nitrogen compounds; Chemical entities	149.071	177	2.944	839079795081848170	839079624776320730	839079624776320729	517	
1	C27H33N5O3	[M + H3N + H]+	C27H37N6O3+	Alkaloids	0.753	Tryptophan alkaloids	0.154	Carboline alkaloids	0.027	Organic acids and derivatives	0.938	Carboxylic acids and derivatives	0.914	Amino acids, peptides, and analogues	0.802	Amino acids and derivatives	0.798	Amino acids and derivatives	0.798	Organic compounds; Organoheterocyclic compounds; Amino acids, peptides, and analogues; Alcohols and polyols; Organic acids and derivatives; Carboxylic acids and derivatives; Organonitrogen compounds; Organooxygen compounds; Amino acids and derivatives; Carboxylic acid amides; Carboxylic acid derivatives; Secondary carboxylic acid amides; Carbonyl compounds; Trialkylamines; Benzenoids; Amines; Tertiary amines; Aralkylamines; Organic oxides; Azacyclic compounds; Heteroaromatic compounds; Hydrocarbon derivatives; Organopnictogen compounds; Organic oxygen compounds; Organic nitrogen compounds; Chemical entities	493.293	177	2.953	839079853680473841	839079624881178342	839079624881178341	520	
1	C21H44NO7P	[M + H]+	C21H45NO7P+	Fatty acids	1.000	Glycerophospholipids	1.000	Glycerophosphoethanolamines	1.000	Organic acids and derivatives	1.000	Carboxylic acids and derivatives	0.998	Amino acids, peptides, and analogues	0.991	Amino acids and derivatives	0.991	Amino acids and derivatives	0.991	Organic compounds; Lipids and lipid-like molecules; Amino acids, peptides, and analogues; Alcohols and polyols; Glycerophospholipids; Organic acids and derivatives; Carboxylic acids and derivatives; Organonitrogen compounds; Organooxygen compounds; Fatty acid esters; Amino acids and derivatives; Organic phosphoric acids and derivatives; Phosphate esters; Monoalkylamines; Carboxylic acid derivatives; Monocarboxylic acids and derivatives; Carboxylic acid esters; Phosphoethanolamines; Lysophosphatidylethanolamines; Secondary alcohols; 1-acyl-sn-glycero-3-phosphoethanolamines; Carbonyl compounds; Glycerophosphoethanolamines; Amines; Primary amines; Alkyl phosphates; Dialkyl phosphates; Fatty Acyls; Organic oxides; Hydrocarbon derivatives; Organopnictogen compounds; Organic oxygen compounds; Organic nitrogen compounds; Chemical entities	454.293	177	2.953	839079854099904286	839079624847623906	839079624847623905	519	
1	C27H36O6	[M + H3N + H]+	C27H40NO6+	Terpenoids	0.666	Sesquiterpenoids	0.209	Eremophilane sesquiterpenoids	0.113	Benzenoids	0.543							Benzenoids	0.543	Organic compounds; Organoheterocyclic compounds; Lipids and lipid-like molecules; Alcohols and polyols; Ethers; Organic acids and derivatives; Carboxylic acids and derivatives; Organooxygen compounds; Carboxylic acid derivatives; Carboxylic acid esters; Carbonyl compounds; Benzenoids; Organic oxides; Oxacyclic compounds; Hydrocarbon derivatives; Organic oxygen compounds; Chemical entities	474.285	177	2.954	839079808566536455	839079624914732778	839079624914732777	521	
1	C11H17NO3	[M + H3N + H]+	C11H21N2O3+	Fatty acids	0.542	Fatty Acids and Conjugates	0.154	Fatty alcohols	0.040	Organic acids and derivatives	0.750	Carboxylic acids and derivatives	0.721					Carboxylic acids and derivatives	0.721	Organic compounds; Alcohols and polyols; Organic acids and derivatives; Carboxylic acids and derivatives; Organonitrogen compounds; Organooxygen compounds; Carbonyl compounds; Organic oxides; Hydrocarbon derivatives; Organic oxygen compounds; Organic nitrogen compounds; Chemical entities	229.155	177	2.956	839079811418663405	839079624809875166	839079624809875165	518	
1	C24H47O9P	[M + Na]+	C24H47NaO9P+	Fatty acids	1.000	Glycerophospholipids	1.000	Glycerophosphoglycerols	0.789	Lipids and lipid-like molecules	0.995	Glycerophospholipids	0.998	Glycerophosphoglycerols	0.816	Lysophosphatidylglycerols	0.830	Lysophosphatidylglycerols	0.830	Organic compounds; Lipids and lipid-like molecules; Alcohols and polyols; Glycerophospholipids; Organic acids and derivatives; Carboxylic acids and derivatives; Primary alcohols; Lysophosphatidylglycerols; Organooxygen compounds; Fatty acid esters; Organic phosphoric acids and derivatives; Phosphate esters; Carboxylic acid derivatives; Monocarboxylic acids and derivatives; Carboxylic acid esters; Secondary alcohols; Carbonyl compounds; Glycerophosphoglycerols; Alkyl phosphates; Dialkyl phosphates; Fatty Acyls; Organic oxides; Hydrocarbon derivatives; Organic oxygen compounds; Chemical entities	533.285	177	2.956	839079838983631163	839079625128642306	839079625128642305	527	
1	C21H40O4	[M - H2O + H]+	C21H39O3+	Fatty acids	0.999	Glycerolipids	0.995	Monoacylglycerols	0.998	Lipids and lipid-like molecules	0.997	Glycerolipids	0.985	Monoradylglycerols	0.991	Monoacylglycerols	0.981	1-monoacylglycerols	0.936	Organic compounds; Lipids and lipid-like molecules; Alcohols and polyols; Glycerolipids; Organic acids and derivatives; Carboxylic acids and derivatives; Primary alcohols; Organooxygen compounds; Fatty acid esters; Carboxylic acid derivatives; Monoacylglycerols; Monocarboxylic acids and derivatives; Carboxylic acid esters; 1-monoacylglycerols; Secondary alcohols; Carbonyl compounds; Polyols; 1,2-diols; Monoradylglycerols; Fatty Acyls; Organic oxides; Hydrocarbon derivatives; Organic oxygen compounds; Chemical entities	339.289	177	2.957	839079867987246141	839079625023784694	839079625023784693	524	
9	C47H69N3O4	[M - H2O + H]+	C47H68N3O3+	Fatty acids	0.870	Fatty amides	0.173	N-acyl amines	0.033	Lipids and lipid-like molecules	0.774	Fatty Acyls	0.643	Fatty amides	0.771	N-acyl amines	0.601	N-acyl amines	0.601	Organic compounds; Lipids and lipid-like molecules; Organic acids and derivatives; Carboxylic acids and derivatives; Organonitrogen compounds; Organooxygen compounds; Fatty amides; Carboxylic acid amides; Quaternary ammonium salts; Carboxylic acid derivatives; N-acyl amines; Secondary carboxylic acid amides; Carbonyl compounds; Benzene and substituted derivatives; Benzenoids; Amines; Fatty Acyls; Organic oxides; Hydrocarbon derivatives; Tetraalkylammonium salts; Organopnictogen compounds; Organic oxygen compounds; Organic nitrogen compounds; Chemical entities	722.528	177	2.957	839079813339654698	839079625057339130	839079625057339129	525	
1	C25H34N2O6	[M + H3N + H]+	C25H38N3O6+	Amino acids and Peptides	0.522	Linear polyketides	0.455	Open-chain polyketides	0.137	Lipids and lipid-like molecules	0.580							Lipids and lipid-like molecules	0.580	Organic compounds; Organoheterocyclic compounds; Lipids and lipid-like molecules; Organic acids and derivatives; Carboxylic acids and derivatives; Organonitrogen compounds; Organooxygen compounds; Carboxylic acid amides; Carboxylic acid derivatives; Monocarboxylic acids and derivatives; Secondary carboxylic acid amides; Carbonyl compounds; Organic oxides; Oxacyclic compounds; Hydrocarbon derivatives; Organopnictogen compounds; Organic oxygen compounds; Organic nitrogen compounds; Chemical entities	476.275	177	2.958	839079857178523651	839079624948287214	839079624948287213	522	
4	C24H47O9P	[M + H]+	C24H48O9P+	Fatty acids	1.000	Glycerophospholipids	1.000	Glycerophosphoglycerols	0.659	Lipids and lipid-like molecules	0.997	Glycerophospholipids	0.999	Glycerophosphoglycerols	0.677	Lysophosphatidylglycerols	0.733	Lysophosphatidylglycerols	0.733	Organic compounds; Lipids and lipid-like molecules; Alcohols and polyols; Glycerophospholipids; Organic acids and derivatives; Carboxylic acids and derivatives; Lysophosphatidylglycerols; Organooxygen compounds; Fatty acid esters; Organic phosphoric acids and derivatives; Phosphate esters; Carboxylic acid derivatives; Monocarboxylic acids and derivatives; Carboxylic acid esters; Secondary alcohols; Carbonyl compounds; Glycerophosphoglycerols; Alkyl phosphates; Dialkyl phosphates; Fatty Acyls; Organic oxides; Hydrocarbon derivatives; Organic oxygen compounds; Chemical entities	511.303	178	2.958	839079851361023549	839079624986035954	839079624986035953	523	
1	C7H7N3O	[M + H3N + H]+	C7H11N4O+	Alkaloids	0.981	Nicotinic acid alkaloids	0.496	Pyridine alkaloids	0.496	Organoheterocyclic compounds	0.992	Pyridines and derivatives	0.543					Pyridines and derivatives	0.543	Organic compounds; Organoheterocyclic compounds; Pyridines and derivatives; Organonitrogen compounds; Organooxygen compounds; Azoles; Organic oxides; Azacyclic compounds; Heteroaromatic compounds; Hydrocarbon derivatives; Organopnictogen compounds; Organic oxygen compounds; Organic nitrogen compounds; Chemical entities	167.093	179	2.991	839079871615319344	839079625162196742	839079625162196741	528	
2	C19H38O4	[M - H2O + H]+	C19H37O3+	Fatty acids	0.985	Fatty acyls	0.874	Fatty alcohols	0.963	Lipids and lipid-like molecules	0.972	Fatty Acyls	0.956	Fatty alcohols	0.784	Long-chain fatty alcohols	0.834	Long-chain fatty alcohols	0.834	Organic compounds; Lipids and lipid-like molecules; Alcohols and polyols; Organic acids and derivatives; Carboxylic acids and derivatives; Primary alcohols; Organooxygen compounds; Monocarboxylic acids and derivatives; Fatty alcohols; Secondary alcohols; Carbonyl compounds; Polyols; 1,2-diols; Long-chain fatty alcohols; Fatty Acyls; Organic oxides; Hydrocarbon derivatives; Organic oxygen compounds; Chemical entities	313.274	180	3.001	839079809900325243	839079625195751178	839079625195751177	529	
7	C5H6ClF	[M + H3N + H]+	C5H10ClFN+	Fatty acids	0.719	Fatty acyls	0.548	Halogenated fatty acids	0.254	Benzenoids	0.311	Benzene and substituted derivatives	0.540					Benzene and substituted derivatives	0.540	Organic compounds; Organohalogen compounds; Organochlorides; Benzene and substituted derivatives; Hydrocarbon derivatives; Chemical entities	138.049	180	3.006	839079810273618324	839079625313191702	839079625308997397	532	
3	C20H21N7O8	[M + H3N + H]+	C20H25N8O8+	Carbohydrates	0.996	Nucleosides	0.991	Purine nucleosides	0.984	Nucleosides, nucleotides, and analogues	0.966	Purine nucleosides	0.703					Purine nucleosides	0.703	Organic compounds; Organoheterocyclic compounds; Carbohydrates and carbohydrate conjugates; Amino acids, peptides, and analogues; Pyrimidines and pyrimidine derivatives; Imidazoles; Alcohols and polyols; Benzoic acids and derivatives; Benzamides; Purines and purine derivatives; Hypoxanthines; Organic acids and derivatives; Carboxylic acids and derivatives; Organonitrogen compounds; Nucleosides, nucleotides, and analogues; Pyrimidones; Benzoyl derivatives; Organooxygen compounds; Amino acids and derivatives; Azoles; Carboxylic acid amides; Purine nucleosides; Purinones; Carboxylic acid derivatives; Carboxylic acids; Aminopyrimidines and derivatives; Diazines; 6-oxopurines; Monosaccharides; Secondary alcohols; Imidazopyrimidines; Carbonyl compounds; Glycosyl compounds; Glycosylamines; Benzene and substituted derivatives; Substituted imidazoles; N-substituted imidazoles; Benzenoids; Amines; Primary amines; Tetrahydrofurans; Vinylogous amides; Organic oxides; Azacyclic compounds; Oxacyclic compounds; Heteroaromatic compounds; Hydrocarbon derivatives; Amino acids; 5'-deoxyribonucleosides; Organopnictogen compounds; Organic oxygen compounds; Organic nitrogen compounds; Chemical entities	505.179	180	3.006	839079816929979065	839079625233499918	839079625233499917	530	
1	C20H24N8O8	[M + Na]+	C20H24N8NaO8+	Carbohydrates	1.000	Nucleosides	0.999	Purine nucleosides	0.999	Nucleosides, nucleotides, and analogues	0.980	Purine nucleosides	0.871					Purine nucleosides	0.871	Organic compounds; Organoheterocyclic compounds; Pyrimidines and pyrimidine derivatives; Imidazoles; Alcohols and polyols; Benzoic acids and derivatives; Purines and purine derivatives; Hypoxanthines; Organic acids and derivatives; Carboxylic acids and derivatives; Organonitrogen compounds; Nucleosides, nucleotides, and analogues; Pyrimidones; Benzoyl derivatives; Organooxygen compounds; Azoles; Purine nucleosides; Purinones; Carboxylic acid derivatives; Diazines; 6-oxopurines; Secondary alcohols; Imidazopyrimidines; Carbonyl compounds; Oxolanes; Glycosyl compounds; Glycosylamines; Benzene and substituted derivatives; Substituted imidazoles; N-substituted imidazoles; Benzenoids; Tetrahydrofurans; Vinylogous amides; Organic oxides; Azacyclic compounds; Oxacyclic compounds; Heteroaromatic compounds; Hydrocarbon derivatives; 5'-deoxyribonucleosides; Organopnictogen compounds; Organic oxygen compounds; Organic nitrogen compounds; Chemical entities	527.161	180	3.006	839079839709245907	839079625275442962	839079625275442961	531	
1	C10H12N4O4	[M + H]+	C10H13N4O4+	Carbohydrates	1.000	Nucleosides	1.000	Purine nucleosides	0.999	Nucleosides, nucleotides, and analogues	0.933	Purine nucleosides	0.969	Purine 2'-deoxyribonucleosides	0.771			Purine 2'-deoxyribonucleosides	0.771	Organic compounds; Organoheterocyclic compounds; Pyrimidines and pyrimidine derivatives; Imidazoles; Alcohols and polyols; Purines and purine derivatives; Hypoxanthines; Organic acids and derivatives; Organonitrogen compounds; Primary alcohols; Nucleosides, nucleotides, and analogues; Pyrimidones; Organooxygen compounds; Azoles; Purine nucleosides; Purinones; Diazines; 6-oxopurines; Secondary alcohols; Imidazopyrimidines; Purine 2'-deoxyribonucleosides; Substituted imidazoles; N-substituted imidazoles; Tetrahydrofurans; Vinylogous amides; Organic oxides; Azacyclic compounds; Oxacyclic compounds; Heteroaromatic compounds; Hydrocarbon derivatives; Organopnictogen compounds; Organic oxygen compounds; Organic nitrogen compounds; Chemical entities	253.093	180	3.008	839079893778023871	839079625388689182	839079625384494877	534	
2	C5H4N4O	[M + H]+	C5H5N4O+	Alkaloids	0.980	Pseudoalkaloids (transamidation)	0.930	Purine alkaloids	0.977	Organoheterocyclic compounds	0.999	Imidazopyrimidines	0.829	Purines and purine derivatives	0.786	Purinones	0.752	6-oxopurines	0.624	Organic compounds; Organoheterocyclic compounds; Pyrimidines and pyrimidine derivatives; Imidazoles; Purines and purine derivatives; Hypoxanthines; Organic acids and derivatives; Organonitrogen compounds; Pyrimidones; Organooxygen compounds; Azoles; Purinones; Diazines; 6-oxopurines; Imidazopyrimidines; Vinylogous amides; Organic oxides; Azacyclic compounds; Heteroaromatic compounds; Hydrocarbon derivatives; Organopnictogen compounds; Organic oxygen compounds; Organic nitrogen compounds; Chemical entities	137.046	180	3.008	839079897263490687	839079625350940442	839079625350940441	533	
2	C10H12N4O4	[M + K]+	C10H12KN4O4+	Carbohydrates	1.000	Nucleosides	1.000	Purine nucleosides	0.999	Nucleosides, nucleotides, and analogues	0.933	Purine nucleosides	0.953					Purine nucleosides	0.953	Organic compounds; Organoheterocyclic compounds; Pyrimidines and pyrimidine derivatives; Imidazoles; Alcohols and polyols; Purines and purine derivatives; Hypoxanthines; Organic acids and derivatives; Organonitrogen compounds; Primary alcohols; Nucleosides, nucleotides, and analogues; Pyrimidones; Organooxygen compounds; Azoles; Purine nucleosides; Purinones; Diazines; 6-oxopurines; Secondary alcohols; Imidazopyrimidines; Substituted imidazoles; N-substituted imidazoles; Tetrahydrofurans; Vinylogous amides; Organic oxides; Azacyclic compounds; Oxacyclic compounds; Heteroaromatic compounds; Hydrocarbon derivatives; Organopnictogen compounds; Organic oxygen compounds; Organic nitrogen compounds; Chemical entities	291.049	180	3.008	839079974992335068	839079625464186662	839079625459992357	536	
1	C10H12N4O4	[M + Na]+	C10H12N4NaO4+	Carbohydrates	1.000	Nucleosides	1.000	Purine nucleosides	0.999	Nucleosides, nucleotides, and analogues	0.939	Purine nucleosides	0.973	Purine 2'-deoxyribonucleosides	0.843			Purine 2'-deoxyribonucleosides	0.843	Organic compounds; Organoheterocyclic compounds; Pyrimidines and pyrimidine derivatives; Imidazoles; Alcohols and polyols; Purines and purine derivatives; Hypoxanthines; Organic acids and derivatives; Organonitrogen compounds; Primary alcohols; Nucleosides, nucleotides, and analogues; Pyrimidones; Organooxygen compounds; Azoles; Purine nucleosides; Purinones; Diazines; 6-oxopurines; Secondary alcohols; Imidazopyrimidines; Purine 2'-deoxyribonucleosides; Substituted imidazoles; N-substituted imidazoles; Tetrahydrofurans; Vinylogous amides; Organic oxides; Azacyclic compounds; Oxacyclic compounds; Heteroaromatic compounds; Hydrocarbon derivatives; Organopnictogen compounds; Organic oxygen compounds; Organic nitrogen compounds; Chemical entities	275.075	181	3.010	839079801532688231	839079625497741098	839079625497741097	537	
4	C3H5ClN2O	[M + H3N + H]+	C3H9ClN3O+	Alkaloids	0.372	Fatty amides	0.048	Halogenated fatty acids	0.392	Organoheterocyclic compounds	0.839	Heteroaromatic compounds	0.719					Heteroaromatic compounds	0.719	Organic compounds; Organoheterocyclic compounds; Organic acids and derivatives; Organohalogen compounds; Organonitrogen compounds; Organooxygen compounds; Organochlorides; Organic oxides; Azacyclic compounds; Heteroaromatic compounds; Hydrocarbon derivatives; Organopnictogen compounds; Organic oxygen compounds; Organic nitrogen compounds; Chemical entities	138.043	181	3.013	839079792280052872	839079625426437922	839079625426437921	535	
3	C7H9NO2	[M + H3N + H]+	C7H13N2O2+	Alkaloids	0.878	Nicotinic acid alkaloids	0.796	Pyridine alkaloids	0.795	Organoheterocyclic compounds	0.880	Heteroaromatic compounds	0.660					Heteroaromatic compounds	0.660	Organic compounds; Organoheterocyclic compounds; Alcohols and polyols; Organonitrogen compounds; Organooxygen compounds; Organic oxides; Azacyclic compounds; Heteroaromatic compounds; Hydrocarbon derivatives; Organopnictogen compounds; Organic oxygen compounds; Organic nitrogen compounds; Chemical entities	157.097	181	3.018	839079794301707562	839079625535489838	839079625535489837	538	
3	C22H43O9P	[M + H]+	C22H44O9P+	Fatty acids	1.000	Glycerophospholipids	1.000	Glycerophosphoglycerols	0.822	Lipids and lipid-like molecules	0.997	Glycerophospholipids	0.999	Glycerophosphoglycerols	0.731	Lysophosphatidylglycerols	0.832	Lysophosphatidylglycerols	0.832	Organic compounds; Lipids and lipid-like molecules; Alcohols and polyols; Glycerophospholipids; Organic acids and derivatives; Carboxylic acids and derivatives; Primary alcohols; Lysophosphatidylglycerols; Organooxygen compounds; Fatty acid esters; Organic phosphoric acids and derivatives; Phosphate esters; Carboxylic acid derivatives; Monocarboxylic acids and derivatives; Carboxylic acid esters; Secondary alcohols; Carbonyl compounds; Glycerophosphoglycerols; Alkyl phosphates; Dialkyl phosphates; Fatty Acyls; Organic oxides; Hydrocarbon derivatives; Organic oxygen compounds; Chemical entities	483.272	182	3.031	839079847665841474	839079625610987318	839079625610987317	540	
1	C25H29N5O3	[M + H3N + H]+	C25H33N6O3+	Alkaloids	0.607	Pseudoalkaloids (transamidation)	0.313	Purine nucleosides	0.043	Benzenoids	0.894	Benzene and substituted derivatives	0.616					Benzene and substituted derivatives	0.616	Organic compounds; Organoheterocyclic compounds; Alcohols and polyols; Organic acids and derivatives; Carboxylic acids and derivatives; Organonitrogen compounds; Organooxygen compounds; Azoles; Carboxylic acid amides; Carboxylic acid derivatives; Carbonyl compounds; Benzene and substituted derivatives; Benzenoids; Amines; Organic oxides; Azacyclic compounds; Heteroaromatic compounds; Hydrocarbon derivatives; Organopnictogen compounds; Organic oxygen compounds; Organic nitrogen compounds; Chemical entities	465.261	182	3.032	839079861096003917	839079625573238578	839079625569044273	539	
1	C19H36O4	[M - H2O + H]+	C19H35O3+	Fatty acids	1.000	Glycerolipids	0.986	Monoacylglycerols	0.996	Lipids and lipid-like molecules	0.998	Glycerolipids	0.978	Monoradylglycerols	0.991	Monoacylglycerols	0.987	1-monoacylglycerols	0.930	Organic compounds; Lipids and lipid-like molecules; Alcohols and polyols; Glycerolipids; Organic acids and derivatives; Carboxylic acids and derivatives; Primary alcohols; Organooxygen compounds; Fatty acid esters; Carboxylic acid derivatives; Monoacylglycerols; Monocarboxylic acids and derivatives; Carboxylic acid esters; 1-monoacylglycerols; Secondary alcohols; Carbonyl compounds; Polyols; 1,2-diols; Monoradylglycerols; Fatty Acyls; Organic oxides; Hydrocarbon derivatives; Organic oxygen compounds; Chemical entities	311.258	182	3.034	839079796767958521	839079625648736058	839079625648736057	541	
1	C6H2N4O	[M + H3N + H]+	C6H6N5O+	Alkaloids	0.963	Pseudoalkaloids (transamidation)	0.811	Purine alkaloids	0.897	Organoheterocyclic compounds	1.000	Pteridines and derivatives	0.968	Pterins and derivatives	0.865			Pterins and derivatives	0.865	Organic compounds; Organoheterocyclic compounds; Pyrazines; Pyrimidines and pyrimidine derivatives; Pteridines and derivatives; Pterins and derivatives; Organic acids and derivatives; Organonitrogen compounds; Pyrimidones; Organooxygen compounds; Diazines; Vinylogous amides; Organic oxides; Azacyclic compounds; Heteroaromatic compounds; Hydrocarbon derivatives; Organopnictogen compounds; Organic oxygen compounds; Organic nitrogen compounds; Chemical entities	164.057	182	3.038	839079792003228742	839079625686484798	839079625686484797	542	
1	C6H5N5O	[M + Na]+	C6H5N5NaO+	Alkaloids	0.952	Pseudoalkaloids (transamidation)	0.882	Purine alkaloids	0.963	Organoheterocyclic compounds	1.000	Pteridines and derivatives	0.456	Pterins and derivatives	0.503			Pterins and derivatives	0.503	Organic compounds; Organoheterocyclic compounds; Pyrimidines and pyrimidine derivatives; Imidazoles; Pterins and derivatives; Purines and purine derivatives; Organic acids and derivatives; Organonitrogen compounds; Pyrimidones; Organooxygen compounds; Azoles; Diazines; Imidazopyrimidines; Organic oxides; Azacyclic compounds; Heteroaromatic compounds; Hydrocarbon derivatives; Organopnictogen compounds; Organic oxygen compounds; Organic nitrogen compounds; Chemical entities	186.039	182	3.039	839079818116967137	839079625720039234	839079625720039233	543	
3	C27H29N5O4	[M + H3N + H]+	C27H33N6O4+	Alkaloids	0.871	Anthranilic acid alkaloids	0.280	Quinazoline alkaloids	0.256	Benzenoids	0.976	Benzene and substituted derivatives	0.555					Benzene and substituted derivatives	0.555	Organic compounds; Organoheterocyclic compounds; Ketones; Lactams; Organic acids and derivatives; Carboxylic acids and derivatives; Organonitrogen compounds; Organooxygen compounds; Azoles; Carboxylic acid amides; Carboxylic acid derivatives; Carbonyl compounds; Benzene and substituted derivatives; Benzenoids; Amines; Organic oxides; Azacyclic compounds; Heteroaromatic compounds; Hydrocarbon derivatives; Organopnictogen compounds; Organic oxygen compounds; Organic nitrogen compounds; Chemical entities	505.254	183	3.042	839079849146430885	839079625787148106	839079625787148105	545	
3	C20H25N5O4S2	[M + H3N + H]+	C20H29N6O4S2+	Amino acids and Peptides	0.931	Oligopeptides	0.819	Cyclamides	0.921	Organoheterocyclic compounds	0.967	Azoles	0.949	Thiadiazoles	0.554			Thiadiazoles	0.554	Organic compounds; Organoheterocyclic compounds; Organosulfur compounds; Thiadiazoles; Thiazoles; Organic acids and derivatives; Carboxylic acids and derivatives; Organonitrogen compounds; Organooxygen compounds; Azoles; Carboxylic acid amides; Carboxylic acid derivatives; Thioethers; Secondary carboxylic acid amides; Carbonyl compounds; Organic oxides; Azacyclic compounds; Heteroaromatic compounds; Hydrocarbon derivatives; Organopnictogen compounds; Organic oxygen compounds; Organic nitrogen compounds; Chemical entities	481.168	183	3.042	839079846826980571	839079625753593670	839079625753593669	544	
2	C11H22N2O3	[M + H]+	C11H23N2O3+	Amino acids and Peptides	0.958	Small peptides	0.965	Dipeptides	0.799	Organic acids and derivatives	0.989	Carboxylic acids and derivatives	0.986	Amino acids, peptides, and analogues	0.911	Amino acids and derivatives	0.907	N-acyl-alpha amino acids and derivatives	0.564	Organic compounds; Lipids and lipid-like molecules; Amino acids, peptides, and analogues; Alpha amino acids and derivatives; Fatty acids and conjugates; Organic acids and derivatives; Carboxylic acids and derivatives; Organonitrogen compounds; Organooxygen compounds; Fatty amides; Branched fatty acids; Amino acids and derivatives; Monoalkylamines; Carboxylic acid amides; Carboxylic acid derivatives; N-acyl amines; Monocarboxylic acids and derivatives; N-acyl-alpha amino acids and derivatives; Carboxylic acids; Secondary carboxylic acid amides; Carbonyl compounds; Alpha amino acid amides; Amines; Primary amines; Fatty Acyls; Organic oxides; Hydrocarbon derivatives; Amino acids; Organopnictogen compounds; Organic oxygen compounds; Organic nitrogen compounds; Chemical entities	231.170	188	3.126	839079894444918244	839079625925560154	839079625925560153	549	
1	C14H28O6	[M + H3N + H]+	C14H32NO6+	Fatty acids	0.969	Fatty Acids and Conjugates	0.724	Dicarboxylic acids	0.481	Lipids and lipid-like molecules	0.766	Fatty Acyls	0.739					Fatty Acyls	0.739	Organic compounds; Lipids and lipid-like molecules; Alcohols and polyols; Ethers; Primary alcohols; Organooxygen compounds; Secondary alcohols; Fatty Acyls; Hydrocarbon derivatives; Organic oxygen compounds; Chemical entities	310.222	190	3.164	839079803361404854	839079625996863330	839079625992669025	551	
1	C26H31N5O4	[M + H3N + H]+	C26H35N6O4+	Alkaloids	0.655	Pseudoalkaloids (transamidation)	0.208	Imidazole alkaloids	0.132	Benzenoids	0.891							Benzenoids	0.891	Organic compounds; Organoheterocyclic compounds; Organic acids and derivatives; Carboxylic acids and derivatives; Organonitrogen compounds; Organooxygen compounds; Carbonyl compounds; Benzenoids; Organic oxides; Azacyclic compounds; Heteroaromatic compounds; Hydrocarbon derivatives; Organopnictogen compounds; Organic oxygen compounds; Organic nitrogen compounds; Chemical entities	495.270	190	3.166	839079855131703144	839079625959114590	839079625959114589	550	
2	C11H22N4O	[M + H]+	C11H23N4O+	Alkaloids	0.591	Ornithine alkaloids	0.271	Polyamines	0.252	Organic acids and derivatives	0.485	Carboxylic acids and derivatives	0.518					Carboxylic acids and derivatives	0.518	Organic compounds; Carboxylic acids and derivatives; Organonitrogen compounds; Organooxygen compounds; Amines; Organic oxides; Azacyclic compounds; Hydrocarbon derivatives; Organopnictogen compounds; Organic oxygen compounds; Organic nitrogen compounds; Chemical entities	227.187	191	3.184	839079794675000674	839079626026223462	839079626026223461	552	
1	C9H11N5O4	[M - H2O + H]+	C9H10N5O3+	Carbohydrates	0.999	Nucleosides	0.996	Purine nucleosides	0.996	Organic oxygen compounds	1.000	Organooxygen compounds	1.000	Carbohydrates and carbohydrate conjugates	0.745	Glycosyl compounds	0.435	Glycosylamines	0.540	Organic compounds; Organoheterocyclic compounds; Carbohydrates and carbohydrate conjugates; Pyrimidines and pyrimidine derivatives; Imidazoles; Alcohols and polyols; Purines and purine derivatives; Hypoxanthines; Organic acids and derivatives; Organonitrogen compounds; Primary alcohols; Nucleosides, nucleotides, and analogues; Organooxygen compounds; Azoles; Aminopyrimidines and derivatives; Diazines; Monosaccharides; Secondary alcohols; Imidazopyrimidines; Glycosylamines; Polyols; Substituted imidazoles; N-substituted imidazoles; Amines; Primary amines; 1,2-diols; 6-aminopurines; Organic oxides; Azacyclic compounds; Oxacyclic compounds; Heteroaromatic compounds; Hydrocarbon derivatives; Organopnictogen compounds; Organic oxygen compounds; Organic nitrogen compounds; Chemical entities	236.078	191	3.186	839079803613063120	839079626093332334	839079626093332333	554	
1	C13H20N2O	[M + H3N + H]+	C13H24N3O+	Alkaloids	0.930	Pseudoalkaloids (transamidation)	0.558	Quinolizidine alkaloids	0.532	Organoheterocyclic compounds	0.581	Azacyclic compounds	0.612					Azacyclic compounds	0.612	Organic compounds; Organoheterocyclic compounds; Organonitrogen compounds; Organooxygen compounds; Amines; Azacyclic compounds; Hydrocarbon derivatives; Organopnictogen compounds; Organic oxygen compounds; Organic nitrogen compounds; Chemical entities	238.191	191	3.188	839079796348528053	839079626059777898	839079626059777897	553	
1	C21H39NO4	[M + H3N + H]+	C21H43N2O4+	Fatty acids	1.000	Fatty amides	0.834	N-acyl amines	0.651	Organic acids and derivatives	0.997	Carboxylic acids and derivatives	0.994	Amino acids, peptides, and analogues	0.707	Amino acids and derivatives	0.702	N-acyl-alpha amino acids	0.736	Organic compounds; Lipids and lipid-like molecules; Amino acids, peptides, and analogues; Alpha amino acids and derivatives; Alcohols and polyols; Fatty acids and conjugates; Organic acids and derivatives; Carboxylic acids and derivatives; Organonitrogen compounds; Organooxygen compounds; Fatty amides; Hydroxy fatty acids; Amino acids and derivatives; Hydroxy acids and derivatives; Carboxylic acid amides; Amino fatty acids; Carboxylic acid derivatives; N-acyl amines; Monocarboxylic acids and derivatives; N-acyl-alpha amino acids and derivatives; Carboxylic acids; Secondary alcohols; Secondary carboxylic acid amides; Carbonyl compounds; N-acyl-alpha amino acids; Long-chain fatty acids; Fatty Acyls; Organic oxides; Hydrocarbon derivatives; Organopnictogen compounds; Organic oxygen compounds; Organic nitrogen compounds; Chemical entities	387.322	192	3.199	839079959255305987	839079626126886770	839079626126886769	555	
1	C25H33NO7	[M + H3N + H]+	C25H37N2O7+	Alkaloids	0.376	Pseudoalkaloids (transamidation)	0.481	Cytochalasan alkaloids	0.395	Benzenoids	0.608	Benzene and substituted derivatives	0.514					Benzene and substituted derivatives	0.514	Organic compounds; Organoheterocyclic compounds; Lipids and lipid-like molecules; Alcohols and polyols; Ethers; Organic acids and derivatives; Carboxylic acids and derivatives; Organonitrogen compounds; Organooxygen compounds; Carboxylic acid derivatives; Carboxylic acid esters; Secondary alcohols; Carbonyl compounds; Benzene and substituted derivatives; Benzenoids; Organic oxides; Oxacyclic compounds; Hydrocarbon derivatives; Organopnictogen compounds; Organic oxygen compounds; Organic nitrogen compounds; Chemical entities	477.260	192	3.206	839079839705051580	839079626164635510	839079626164635509	556	
3	C14H30N4O2	[M - H2O + H]+	C14H29N4O+	Amino acids and Peptides	0.940	Small peptides	0.968	Dipeptides	0.487	Organic acids and derivatives	0.902	Carboxylic acids and derivatives	0.878	Amino acids, peptides, and analogues	0.794	Amino acids and derivatives	0.787	Alpha amino acids and derivatives	0.637	Organic compounds; Lipids and lipid-like molecules; Amino acids, peptides, and analogues; Alpha amino acids and derivatives; Organic acids and derivatives; Carboxylic acids and derivatives; Organonitrogen compounds; Organooxygen compounds; Amino acids and derivatives; Carboxylic acid amides; Carboxylic acid derivatives; Carbonyl compounds; Amines; Fatty Acyls; Organic oxides; Hydrocarbon derivatives; Organopnictogen compounds; Organic oxygen compounds; Organic nitrogen compounds; Chemical entities	269.234	192	3.208	839079806205143211	839079626198189946	839079626198189945	557	
2	C7H9N5O2	[M + H]+	C7H10N5O2+	Alkaloids	0.950	Pseudoalkaloids (transamidation)	0.535	Purine alkaloids	0.645	Organoheterocyclic compounds	0.993	Imidazopyrimidines	0.525					Imidazopyrimidines	0.525	Organic compounds; Organoheterocyclic compounds; Pyrimidines and pyrimidine derivatives; Organic acids and derivatives; Carboxylic acids and derivatives; Organonitrogen compounds; Organooxygen compounds; Diazines; Imidazopyrimidines; Amines; Primary amines; Organic oxides; Azacyclic compounds; Heteroaromatic compounds; Hydrocarbon derivatives; Organopnictogen compounds; Organic oxygen compounds; Organic nitrogen compounds; Chemical entities	196.083	195	3.250	839079795958457740	839079626227550078	839079626227550077	558	
2	C8H13N3O3	[M + H]+	C8H14N3O3+	Amino acids and Peptides	0.765	Small peptides	0.660	Aminoacids	0.316	Organic acids and derivatives	0.620	Carboxylic acids and derivatives	0.588	Monocarboxylic acids and derivatives	0.547			Monocarboxylic acids and derivatives	0.547	Organic compounds; Organoheterocyclic compounds; Ethers; Organic acids and derivatives; Carboxylic acids and derivatives; Organonitrogen compounds; Organooxygen compounds; Monocarboxylic acids and derivatives; Organic oxides; Azacyclic compounds; Hydrocarbon derivatives; Organopnictogen compounds; Organic oxygen compounds; Organic nitrogen compounds; Chemical entities	200.103	197	3.291	839079813964606009	839079626261104514	839079626261104513	559	
2	C25H35NO8	[M + H3N + H]+	C25H39N2O8+	Polyketides	0.485	Macrolides	0.763	Open-chain polyketides	0.335	Lipids and lipid-like molecules	0.596							Lipids and lipid-like molecules	0.596	Organic compounds; Organoheterocyclic compounds; Lipids and lipid-like molecules; Alcohols and polyols; Ethers; Organic acids and derivatives; Carboxylic acids and derivatives; Organonitrogen compounds; Organooxygen compounds; Carboxylic acid derivatives; Secondary alcohols; Carbonyl compounds; Polyols; Organic oxides; Oxacyclic compounds; Hydrocarbon derivatives; Organopnictogen compounds; Organic oxygen compounds; Organic nitrogen compounds; Chemical entities	495.270	198	3.303	839079845598049293	839079626294658950	839079626294658949	560	
3	C7H12N2O4	[M + H]+	C7H13N2O4+	Amino acids and Peptides	0.998	Small peptides	0.998	Aminoacids	0.960	Organic acids and derivatives	1.000	Carboxylic acids and derivatives	1.000	Amino acids, peptides, and analogues	0.991	Amino acids and derivatives	0.991	N-acyl-alpha amino acids and derivatives	0.505	Organic compounds; Lipids and lipid-like molecules; Amino acids, peptides, and analogues; Alpha amino acids and derivatives; Fatty acids and conjugates; Organic acids and derivatives; Carboxylic acids and derivatives; Organonitrogen compounds; Organooxygen compounds; Amino acids and derivatives; Monoalkylamines; Carboxylic acid amides; Carboxylic acid derivatives; Monocarboxylic acids and derivatives; N-acyl-alpha amino acids and derivatives; Carboxylic acids; Secondary carboxylic acid amides; Carbonyl compounds; Alpha amino acids; Amines; Primary amines; Fatty Acyls; Acetamides; Organic oxides; Hydrocarbon derivatives; Amino acids; Organopnictogen compounds; Organic oxygen compounds; Organic nitrogen compounds; Chemical entities	189.087	199	3.311	839079827059223950	839079626328213386	839079626328213385	561	
1	C25H33NO7	[M + H3N + H]+	C25H37N2O7+	Amino acids and Peptides	0.431	Macrolides	0.545	Cytochalasan alkaloids	0.270	Lipids and lipid-like molecules	0.508							Lipids and lipid-like molecules	0.508	Organic compounds; Organoheterocyclic compounds; Lipids and lipid-like molecules; Alcohols and polyols; Ethers; Organic acids and derivatives; Carboxylic acids and derivatives; Organonitrogen compounds; Organooxygen compounds; Carboxylic acid derivatives; Carboxylic acid esters; Secondary alcohols; Carbonyl compounds; Organic oxides; Oxacyclic compounds; Hydrocarbon derivatives; Organopnictogen compounds; Organic oxygen compounds; Organic nitrogen compounds; Chemical entities	477.260	199	3.319	839079832302104347	839079626361767822	839079626361767821	562	
3	C10H16N2O2	[M + H3N + H]+	C10H20N3O2+	Amino acids and Peptides	0.605	Small peptides	0.436	Dipeptides	0.239	Organic acids and derivatives	0.687	Carboxylic acids and derivatives	0.689					Carboxylic acids and derivatives	0.689	Organic compounds; Organoheterocyclic compounds; Organic acids and derivatives; Carboxylic acids and derivatives; Organonitrogen compounds; Organooxygen compounds; Carbonyl compounds; Organic oxides; Hydrocarbon derivatives; Organopnictogen compounds; Organic oxygen compounds; Organic nitrogen compounds; Chemical entities	214.155	199	3.323	839079804556781608	839079626395322258	839079626395322257	563	
2	C14H24N2O3S2	[M + H]+	C14H25N2O3S2+	Amino acids and Peptides	0.497	Histidine alkaloids	0.112	Thiodiketopiperazine alkaloids	0.319	Organic acids and derivatives	0.940	Carboxylic acids and derivatives	0.873	Carboxylic acid derivatives	0.639			Carboxylic acid derivatives	0.639	Organic compounds; Organoheterocyclic compounds; Organosulfur compounds; Organic acids and derivatives; Carboxylic acids and derivatives; Organonitrogen compounds; Organooxygen compounds; Carboxylic acid derivatives; Monocarboxylic acids and derivatives; Carbonyl compounds; Sulfenyl compounds; Organic oxides; Hydrocarbon derivatives; Organopnictogen compounds; Organic oxygen compounds; Organic nitrogen compounds; Chemical entities	333.129	200	3.332	839079826430078253	839079626462431130	839079626462431129	565	
1	C14H32N2O4	[M - H2O + H]+	C14H31N2O3+	Fatty acids	0.981	Fatty amides	0.727	N-acyl amines	0.768	Lipids and lipid-like molecules	0.552	Fatty Acyls	0.625	Fatty amides	0.515	N-acyl amines	0.631	N-acyl amines	0.631	Organic compounds; Lipids and lipid-like molecules; Alcohols and polyols; Organic acids and derivatives; Organonitrogen compounds; Primary alcohols; Organooxygen compounds; Fatty amides; Carboxylic acid amides; N-acyl amines; Secondary alcohols; Amines; Alkanolamines; Fatty Acyls; Organic oxides; Hydrocarbon derivatives; Organopnictogen compounds; Organic oxygen compounds; Organic nitrogen compounds; Chemical entities	275.233	200	3.341	839079845946176631	839079626495985566	839079626495985565	566	
1	C19H35NO4	[M + H3N + H]+	C19H39N2O4+	Fatty acids	0.997	Fatty amides	0.564	Sphingoid bases	0.383	Organic acids and derivatives	0.962	Carboxylic acids and derivatives	0.952	Amino acids, peptides, and analogues	0.696	Amino acids and derivatives	0.694	Alpha amino acids and derivatives	0.603	Organic compounds; Lipids and lipid-like molecules; Amino acids, peptides, and analogues; Alpha amino acids and derivatives; Alcohols and polyols; Fatty acids and conjugates; Organic acids and derivatives; Carboxylic acids and derivatives; Organonitrogen compounds; Organooxygen compounds; Amino acids and derivatives; Carboxylic acid derivatives; Monocarboxylic acids and derivatives; Carboxylic acids; Secondary alcohols; Carbonyl compounds; Fatty Acyls; Organic oxides; Hydrocarbon derivatives; Organopnictogen compounds; Organic oxygen compounds; Organic nitrogen compounds; Chemical entities	359.290	201	3.342	839079839088488786	839079626433070998	839079626433070997	564	
1	C5H10O2	[M + H3N + H]+	C5H14NO2+	Fatty acids	0.995	Fatty Acids and Conjugates	0.866	Branched fatty acids	0.668	Lipids and lipid-like molecules	0.712	Fatty Acyls	0.723	Fatty acids and conjugates	0.615			Fatty acids and conjugates	0.615	Organic compounds; Lipids and lipid-like molecules; Fatty acids and conjugates; Organic acids and derivatives; Carboxylic acids and derivatives; Organooxygen compounds; Monocarboxylic acids and derivatives; Carboxylic acids; Carbonyl compounds; Fatty Acyls; Organic oxides; Hydrocarbon derivatives; Organic oxygen compounds; Chemical entities	120.102	202	3.361	839079810453973430	839079626600843178	839079626600843177	569	
1	C14H27N3O5	[M - H2O + H]+	C14H26N3O4+	Amino acids and Peptides	0.905	Small peptides	0.826	Dipeptides	0.638	Organic acids and derivatives	0.998	Carboxylic acids and derivatives	0.995	Amino acids, peptides, and analogues	0.936	Peptides	0.591	Peptides	0.591	Organic compounds; Lipids and lipid-like molecules; Amino acids, peptides, and analogues; Alpha amino acids and derivatives; Alcohols and polyols; Fatty acids and conjugates; Organic acids and derivatives; Carboxylic acids and derivatives; Organonitrogen compounds; Organooxygen compounds; Fatty amides; Branched fatty acids; Amino acids and derivatives; Peptides; Carboxylic acid amides; Carboxylic acid derivatives; N-acyl amines; Monocarboxylic acids and derivatives; N-acyl-alpha amino acids and derivatives; Carboxylic acids; Secondary carboxylic acid amides; Carbonyl compounds; Alpha amino acid amides; N-acyl-alpha amino acids; Amines; Fatty Acyls; Organic oxides; Hydrocarbon derivatives; Amino acids; Organopnictogen compounds; Organic oxygen compounds; Organic nitrogen compounds; Chemical entities	300.192	202	3.365	839079844595610528	839079626529540002	839079626529540001	567	
1	C10H22N4O2	[M - H2O + H]+	C10H21N4O+	Amino acids and Peptides	0.713	Small peptides	0.881	Dipeptides	0.254	Organic acids and derivatives	0.733	Carboxylic acids and derivatives	0.723	Amino acids, peptides, and analogues	0.616	Amino acids and derivatives	0.610	Alpha amino acids and derivatives	0.563	Organic compounds; Lipids and lipid-like molecules; Amino acids, peptides, and analogues; Alpha amino acids and derivatives; Organic acids and derivatives; Carboxylic acids and derivatives; Organonitrogen compounds; Organooxygen compounds; Amino acids and derivatives; Guanidines; Carboxylic acid amides; Carboxylic acid derivatives; Carbonyl compounds; Amines; Carboximidamides; Organic 1,3-dipolar compounds; Propargyl-type 1,3-dipolar organic compounds; Fatty Acyls; Organic oxides; Hydrocarbon derivatives; Organopnictogen compounds; Organic oxygen compounds; Organic nitrogen compounds; Chemical entities	213.171	202	3.369	839079842360046212	839079626567288742	839079626567288741	568	
2	C11H15N5O4S	[M + H]+	C11H16N5O4S+	Carbohydrates	1.000	Nucleosides	1.000	Purine nucleosides	0.996	Nucleosides, nucleotides, and analogues	0.972	5'-deoxyribonucleosides	0.981	5'-deoxy-5'-thionucleosides	0.720			5'-deoxy-5'-thionucleosides	0.720	Organic compounds; Organoheterocyclic compounds; Organosulfur compounds; Carbohydrates and carbohydrate conjugates; Pyrimidines and pyrimidine derivatives; Imidazoles; Alcohols and polyols; Purines and purine derivatives; Organonitrogen compounds; Nucleosides, nucleotides, and analogues; Organooxygen compounds; Azoles; Sulfoxides; Aminopyrimidines and derivatives; Diazines; Pentoses; Monosaccharides; Secondary alcohols; Imidazopyrimidines; Glycosyl compounds; Glycosylamines; Polyols; Substituted imidazoles; N-substituted imidazoles; Amines; Primary amines; 1,2-diols; Tetrahydrofurans; 6-aminopurines; Sulfinyl compounds; Imidolactams; Organic oxides; Azacyclic compounds; Oxacyclic compounds; Heteroaromatic compounds; Hydrocarbon derivatives; 5'-deoxyribonucleosides; 5'-deoxy-5'-thionucleosides; Organopnictogen compounds; Organic oxygen compounds; Organic nitrogen compounds; Chemical entities	314.092	203	3.388	839079856482269137	839079626638591918	839079626638591917	570	
1	C8H11NO	[M + H3N + H]+	C8H15N2O+	Fatty acids	0.618	Fatty amides	0.566	Primary amides	0.393	Organoheterocyclic compounds	0.794	Lactams	0.555					Lactams	0.555	Organic compounds; Organoheterocyclic compounds; Lactams; Pyrrolidines; Organic acids and derivatives; Carboxylic acids and derivatives; Organonitrogen compounds; Organooxygen compounds; Carboxylic acid amides; Carboxylic acid derivatives; Carbonyl compounds; Organic oxides; Azacyclic compounds; Hydrocarbon derivatives; Organopnictogen compounds; Organic oxygen compounds; Organic nitrogen compounds; Chemical entities	155.118	203	3.389	839079846734705854	839079626672146354	839079626672146353	571	
1	C6H12O2	[M + H3N + H]+	C6H16NO2+	Fatty acids	0.729	Fatty acyls	0.633	Fatty alcohols	0.442	Organic oxygen compounds	0.999	Organooxygen compounds	0.999	Alcohols and polyols	0.819	Primary alcohols	0.629	Primary alcohols	0.629	Organic compounds; Alcohols and polyols; Primary alcohols; Organooxygen compounds; Hydrocarbon derivatives; Organic oxygen compounds; Chemical entities	134.118	204	3.396	839079801700460408	839079626709895094	839079626709895093	572	
3	C17H19N2O2	[M + H3N + H]+	C17H23N3O2+	Alkaloids	0.933	Nicotinic acid alkaloids	0.460	Simple indole alkaloids	0.610	Benzenoids	0.608							Benzenoids	0.608	Organic compounds; Organoheterocyclic compounds; Organonitrogen compounds; Organooxygen compounds; Benzenoids; Organic oxides; Azacyclic compounds; Hydrocarbon derivatives; Organopnictogen compounds; Organic oxygen compounds; Organic nitrogen compounds; Chemical entities	301.179	205	3.417	839079852459931298	839079626743449530	839079626743449529	573	
1	C5H8N2O	[M + H3N + H]+	C5H12N3O+	Alkaloids	0.386	Fatty acyls	0.209	Aminoacids	0.193	Organoheterocyclic compounds	0.508	Azacyclic compounds	0.539					Azacyclic compounds	0.539	Organic compounds; Organoheterocyclic compounds; Organonitrogen compounds; Organooxygen compounds; Organic oxides; Azacyclic compounds; Hydrocarbon derivatives; Organopnictogen compounds; Organic oxygen compounds; Organic nitrogen compounds; Chemical entities	130.098	205	3.419	839079959389523757	839079626814752702	839079626814752701	574	
1	C20H46N4O10	[M + H3N + H]+	C20H50N5O10+	Carbohydrates	0.980	Aminosugars and aminoglycosides	0.792	Aminoglycosides	0.782	Organic oxygen compounds	1.000	Organooxygen compounds	0.998	Carbohydrates and carbohydrate conjugates	0.953	Aminosaccharides	0.981	4,6-disubstituted 2-deoxystreptamines	0.523	Organic compounds; Organoheterocyclic compounds; Carbohydrates and carbohydrate conjugates; Alcohols and polyols; Ethers; Organonitrogen compounds; Aminoglycosides; Primary alcohols; Organooxygen compounds; Monoalkylamines; Cyclic alcohols and derivatives; Monosaccharides; Acetals; Secondary alcohols; Aminocyclitol glycosides; 1,2-aminoalcohols; Oxanes; Glycosyl compounds; O-glycosyl compounds; Amines; Primary amines; Alkanolamines; Cyclitols and derivatives; Aminocyclitols and derivatives; Cyclohexanols; Cyclohexylamines; Aminosaccharides; 4,6-disubstituted 2-deoxystreptamines; 2-deoxystreptamine aminoglycosides; Oxacyclic compounds; Hydrocarbon derivatives; Organopnictogen compounds; Organic oxygen compounds; Organic nitrogen compounds; Chemical entities	520.355	206	3.441	839079839579222430	839079626848307138	839079626848307137	575	
1	C7H17NO3S	[M + H3N + H]+	C7H21N2O3S+	Fatty acids	0.950	Fatty acyls	0.174	Fatty alcohols	0.239	Organosulfur compounds	0.979	Sulfenyl compounds	0.673					Sulfenyl compounds	0.673	Organic compounds; Organosulfur compounds; Organic acids and derivatives; Organooxygen compounds; Sulfenyl compounds; Organic oxides; Hydrocarbon derivatives; Organic oxygen compounds; Organic nitrogen compounds; Chemical entities	213.127	207	3.447	839079806544881846	839079626881861574	839079626881861573	576	
1	C10H22ClNO4	[M + H]+	C10H23ClNO4+	Fatty acids	0.848	Fatty Acids and Conjugates	0.296	N-acyl amines	0.383	Lipids and lipid-like molecules	0.581	Fatty Acyls	0.520					Fatty Acyls	0.520	Organic compounds; Lipids and lipid-like molecules; Alcohols and polyols; Organic acids and derivatives; Carboxylic acids and derivatives; Organohalogen compounds; Organonitrogen compounds; Organooxygen compounds; Carboxylic acid amides; Alkyl chlorides; Carboxylic acid derivatives; Organochlorides; Carbonyl compounds; Alkyl halides; Fatty Acyls; Organic oxides; Hydrocarbon derivatives; Organopnictogen compounds; Organic oxygen compounds; Organic nitrogen compounds; Chemical entities	256.131	207	3.452	839079812307855887	839079626915416010	839079626915416009	577	
3	C14H24N2O4	[M + H3N + H]+	C14H28N3O4+	Amino acids and Peptides	0.779	Small peptides	0.599	Dipeptides	0.475	Organic acids and derivatives	0.997	Carboxylic acids and derivatives	0.992	Amino acids, peptides, and analogues	0.752	Amino acids and derivatives	0.745	Alpha amino acids and derivatives	0.566	Organic compounds; Lipids and lipid-like molecules; Amino acids, peptides, and analogues; Alpha amino acids and derivatives; Fatty acids and conjugates; Organic acids and derivatives; Carboxylic acids and derivatives; Organonitrogen compounds; Organooxygen compounds; Fatty amides; Amino acids and derivatives; Carboxylic acid amides; Carboxylic acid derivatives; Monocarboxylic acids and derivatives; Carboxylic acids; Secondary carboxylic acid amides; Carbonyl compounds; Fatty Acyls; Organic oxides; Hydrocarbon derivatives; Organopnictogen compounds; Organic oxygen compounds; Organic nitrogen compounds; Chemical entities	302.207	208	3.462	839079818532203279	839079626953164750	839079626953164749	578	
1	C10H23NO4S2	[M - H2O + H]+	C10H22NO3S2+	Fatty acids	0.985	Fatty amides	0.910	N-acyl amines	0.921	Lipids and lipid-like molecules	0.859	Fatty Acyls	0.880	Fatty amides	0.626	N-acyl amines	0.634	N-acyl amines	0.634	Organic compounds; Organosulfur compounds; Lipids and lipid-like molecules; Organic acids and derivatives; Carboxylic acids and derivatives; Organonitrogen compounds; Primary alcohols; Organooxygen compounds; Fatty amides; Carboxylic acid amides; Carboxylic acid derivatives; N-acyl amines; Carboxylic acids; Secondary carboxylic acid amides; Carbonyl compounds; Sulfenyl compounds; Fatty Acyls; Organic oxides; Hydrocarbon derivatives; Organopnictogen compounds; Organic oxygen compounds; Organic nitrogen compounds; Chemical entities	268.104	213	3.544	839079822776839280	839079627087382494	839079627087382493	582	
1	C6H4N2O2	[M + H3N + H]+	C6H8N3O2+	Alkaloids	0.980	Nicotinic acid alkaloids	0.973	Pyridine alkaloids	0.972	Organoheterocyclic compounds	0.985	Pyridines and derivatives	0.882					Pyridines and derivatives	0.882	Organic compounds; Organoheterocyclic compounds; Pyridines and derivatives; Organic acids and derivatives; Carboxylic acids and derivatives; Organonitrogen compounds; Organooxygen compounds; Organic oxides; Azacyclic compounds; Heteroaromatic compounds; Hydrocarbon derivatives; Organopnictogen compounds; Organic oxygen compounds; Organic nitrogen compounds; Chemical entities	154.061	213	3.552	839079823401790646	839079626986719186	839079626986719185	579	
3	C17H27N5O4S	[M + H3N + H]+	C17H31N6O4S+	Carbohydrates	0.481	Nucleosides	0.258	Cyclamides	0.277	Organoheterocyclic compounds	0.993	Diazines	0.646	Pyrimidines and pyrimidine derivatives	0.714	Aminopyrimidines and derivatives	0.589	Aminopyrimidines and derivatives	0.589	Organic compounds; Organoheterocyclic compounds; Organosulfur compounds; Pyrimidines and pyrimidine derivatives; Alcohols and polyols; Organic acids and derivatives; Organonitrogen compounds; Organooxygen compounds; Azoles; Thioethers; Aminopyrimidines and derivatives; Diazines; Secondary alcohols; Carbonyl compounds; Amines; Primary amines; Sulfenyl compounds; Dialkylthioethers; Organic oxides; Azacyclic compounds; Heteroaromatic compounds; Hydrocarbon derivatives; Organopnictogen compounds; Organic oxygen compounds; Organic nitrogen compounds; Chemical entities	415.212	213	3.556	839079821958949925	839079627020273622	839079627020273621	580	
1	C26H33NO6	[M + H3N + H]+	C26H37N2O6+	Polyketides	0.554	Macrolides	0.280	Linear polyenes	0.087	Lipids and lipid-like molecules	0.518							Lipids and lipid-like molecules	0.518	Organic compounds; Organoheterocyclic compounds; Lipids and lipid-like molecules; Ketones; Alcohols and polyols; Ethers; Organic acids and derivatives; Carboxylic acids and derivatives; Organonitrogen compounds; Organooxygen compounds; Carboxylic acid derivatives; Carbonyl compounds; Organic oxides; Oxacyclic compounds; Hydrocarbon derivatives; Organopnictogen compounds; Organic oxygen compounds; Organic nitrogen compounds; Chemical entities	473.265	215	3.589	839079832499236705	839079627129325538	839079627129325537	583	
1	C5H4N2O	[M + H3N + H]+	C5H8N3O+	Alkaloids	0.930	Nicotinic acid alkaloids	0.907	Pyridine alkaloids	0.907	Organoheterocyclic compounds	0.919	Pyridines and derivatives	0.590					Pyridines and derivatives	0.590	Organic compounds; Organoheterocyclic compounds; Pyridines and derivatives; Organonitrogen compounds; Organooxygen compounds; Nitriles; Organic oxides; Azacyclic compounds; Heteroaromatic compounds; Hydrocarbon derivatives; Organic cyanides; Organopnictogen compounds; Organic oxygen compounds; Organic nitrogen compounds; Chemical entities	126.066	216	3.603	839079827398962600	839079627171268582	839079627171268581	584	
1	C17H30N6O4S	[M + H3N + H]+	C17H34N7O4S+	Carbohydrates	0.668	Nucleosides	0.288	Cyclamides	0.328	Organoheterocyclic compounds	0.994	Azoles	0.904					Azoles	0.904	Organic compounds; Organoheterocyclic compounds; Organosulfur compounds; Alcohols and polyols; Organonitrogen compounds; Organooxygen compounds; Azoles; Thioethers; Amines; Primary amines; Sulfenyl compounds; Dialkylthioethers; Azacyclic compounds; Oxacyclic compounds; Heteroaromatic compounds; Hydrocarbon derivatives; Organopnictogen compounds; Organic oxygen compounds; Organic nitrogen compounds; Chemical entities	432.238	216	3.606	839079839851852260	839079627053828058	839079627053828057	581	
1	C17H30N6O4S	[M + H3N + H]+	C17H34N7O4S+	Carbohydrates	0.673	Nucleosides	0.297	Cyclamides	0.329	Organoheterocyclic compounds	0.994	Azoles	0.904					Azoles	0.904	Organic compounds; Organoheterocyclic compounds; Organosulfur compounds; Alcohols and polyols; Organonitrogen compounds; Organooxygen compounds; Azoles; Thioethers; Amines; Primary amines; Sulfenyl compounds; Dialkylthioethers; Azacyclic compounds; Oxacyclic compounds; Heteroaromatic compounds; Hydrocarbon derivatives; Organopnictogen compounds; Organic oxygen compounds; Organic nitrogen compounds; Chemical entities	432.238	219	3.650	839079874089958937	839079627246766062	839079627242571757	586	
2	C24H32O7	[M - H2O + H]+	C24H31O6+	Shikimates and Phenylpropanoids	0.989	Lignans	0.996	Dibenzylbutane lignans	0.654	Lignans, neolignans and related compounds	0.918	Dibenzylbutane lignans	0.722					Dibenzylbutane lignans	0.722	Organic compounds; Organoheterocyclic compounds; Alkyl aryl ethers; Alcohols and polyols; Anisoles; Ethers; Organooxygen compounds; Dialkyl ethers; Lignans, neolignans and related compounds; Dibenzylbutane lignans; Benzene and substituted derivatives; Phenol ethers; Benzenoids; Phenylpropanes; Dimethoxybenzenes; Methoxybenzenes; Oxacyclic compounds; Hydrocarbon derivatives; Organic oxygen compounds; Phenoxy compounds; Chemical entities	415.212	220	3.660	839079808033859816	839079627209017322	839079627209017321	585	
1	C7H11N	[M + H3N + H]+	C7H15N2+	Alkaloids	0.944	Ornithine alkaloids	0.282	Piperidine alkaloids	0.372	Organic nitrogen compounds	1.000	Organonitrogen compounds	1.000	Amines	0.954	Secondary amines	0.889	Dialkylamines	0.882	Organic compounds; Organoheterocyclic compounds; Organonitrogen compounds; Dialkylamines; Amines; Secondary amines; Azacyclic compounds; Hydrocarbon derivatives; Organopnictogen compounds; Organic nitrogen compounds; Chemical entities	127.123	223	3.712	839079808067414267	839079627515201550	839079627515201549	594	
1	C7H11N	[M + H3N + H]+	C7H15N2+	Alkaloids	0.908	Ornithine alkaloids	0.288	Acetate-derived alkaloids	0.514	Organoheterocyclic compounds	0.645	Azacyclic compounds	0.714					Azacyclic compounds	0.714	Organic compounds; Organoheterocyclic compounds; Organonitrogen compounds; Amines; Azacyclic compounds; Hydrocarbon derivatives; Organopnictogen compounds; Organic nitrogen compounds; Chemical entities	127.123	223	3.713	839079818200853238	839079627280320498	839079627280320497	587	
1	C7H11N3O2	[M + H3N + H]+	C7H15N4O2+	Amino acids and Peptides	0.675	Small peptides	0.688	Aminoacids	0.506	Organoheterocyclic compounds	0.890	Heteroaromatic compounds	0.689					Heteroaromatic compounds	0.689	Organic compounds; Organoheterocyclic compounds; Organic acids and derivatives; Carboxylic acids and derivatives; Organonitrogen compounds; Organooxygen compounds; Monocarboxylic acids and derivatives; Carbonyl compounds; Organic oxides; Azacyclic compounds; Heteroaromatic compounds; Hydrocarbon derivatives; Organopnictogen compounds; Organic oxygen compounds; Organic nitrogen compounds; Chemical entities	187.119	224	3.733	839079805194315880	839079627309680630	839079627309680629	588	
1	C5H6N4O2	[M - H2O + H]+	C5H5N4O+	Alkaloids	0.967	Pseudoalkaloids (transamidation)	0.952	Purine alkaloids	0.985	Organoheterocyclic compounds	0.998	Imidazopyrimidines	0.869	Purines and purine derivatives	0.839	Purinones	0.785	6-oxopurines	0.717	Organic compounds; Organoheterocyclic compounds; Pyrimidines and pyrimidine derivatives; Imidazoles; Purines and purine derivatives; Hypoxanthines; Organic acids and derivatives; Organonitrogen compounds; Pyrimidones; Organooxygen compounds; Azoles; Purinones; Diazines; 6-oxopurines; Imidazopyrimidines; Vinylogous amides; Organic oxides; Azacyclic compounds; Heteroaromatic compounds; Hydrocarbon derivatives; Organopnictogen compounds; Organic oxygen compounds; Organic nitrogen compounds; Chemical entities	137.046	224	3.740	839079805500500080	839079627347429370	839079627347429369	589	
1	C5H6N2O2	[M + H3N + H]+	C5H10N3O2+	Alkaloids	0.675	Nicotinic acid alkaloids	0.200	Pyridine alkaloids	0.201	Organoheterocyclic compounds	0.955	Heteroaromatic compounds	0.917					Heteroaromatic compounds	0.917	Organic compounds; Organoheterocyclic compounds; Organic acids and derivatives; Organonitrogen compounds; Organooxygen compounds; Organic oxides; Azacyclic compounds; Heteroaromatic compounds; Hydrocarbon derivatives; Organopnictogen compounds; Organic oxygen compounds; Organic nitrogen compounds; Chemical entities	144.077	225	3.742	839079809447340363	839079627380983806	839079627380983805	590	
1	C6H4N2O2	[M + H3N + H]+	C6H8N3O2+	Alkaloids	0.974	Nicotinic acid alkaloids	0.965	Pyridine alkaloids	0.965	Organoheterocyclic compounds	0.961	Pyridines and derivatives	0.798					Pyridines and derivatives	0.798	Organic compounds; Organoheterocyclic compounds; Pyridines and derivatives; Organonitrogen compounds; Organooxygen compounds; Organic oxides; Azacyclic compounds; Heteroaromatic compounds; Hydrocarbon derivatives; Organopnictogen compounds; Organic oxygen compounds; Organic nitrogen compounds; Chemical entities	154.061	225	3.755	839079827096972701	839079627414538242	839079627414538241	591	
1	C15H26N2O2	[M + H3N + H]+	C15H30N3O2+	Amino acids and Peptides	0.435	Small peptides	0.312	Piperidine alkaloids	0.126	Organic acids and derivatives	0.940	Carboxylic acids and derivatives	0.925	Amino acids, peptides, and analogues	0.573	Amino acids and derivatives	0.567	Amino acids and derivatives	0.567	Organic compounds; Lipids and lipid-like molecules; Amino acids, peptides, and analogues; Organic acids and derivatives; Carboxylic acids and derivatives; Organonitrogen compounds; Organooxygen compounds; Amino acids and derivatives; Carboxylic acid amides; Carboxylic acid derivatives; Carbonyl compounds; Amines; Organic oxides; Hydrocarbon derivatives; Organopnictogen compounds; Organic oxygen compounds; Organic nitrogen compounds; Chemical entities	284.233	225	3.757	839079820742601674	839079627448092678	839079627448092677	592	
3	C11H14N4O2	[M + H]+	C11H15N4O2+	Alkaloids	0.940	Pseudoalkaloids (transamidation)	0.701	Purine alkaloids	0.749	Organoheterocyclic compounds	0.998	Azoles	0.876	Imidazoles	0.856	Substituted imidazoles	0.567	Substituted imidazoles	0.567	Organic compounds; Organoheterocyclic compounds; Imidazoles; Lactams; Organic acids and derivatives; Carboxylic acids and derivatives; Organonitrogen compounds; Organooxygen compounds; Azoles; Carbonyl compounds; Substituted imidazoles; Vinylogous amides; Organic oxides; Azacyclic compounds; Heteroaromatic compounds; Hydrocarbon derivatives; Organopnictogen compounds; Organic oxygen compounds; Organic nitrogen compounds; Chemical entities	235.119	226	3.762	839079818221824760	839079627481647114	839079627481647113	593	
1	C5H6N4O	[M + H3N + H]+	C5H10N5O+	Alkaloids	0.959	Pseudoalkaloids (transamidation)	0.905	Purine alkaloids	0.974	Organoheterocyclic compounds	0.998	Imidazopyrimidines	0.842	Purines and purine derivatives	0.774	Purinones	0.582	Hypoxanthines	0.529	Organic compounds; Organoheterocyclic compounds; Pyrimidines and pyrimidine derivatives; Imidazoles; Purines and purine derivatives; Hypoxanthines; Organic acids and derivatives; Organonitrogen compounds; Pyrimidones; Organooxygen compounds; Azoles; Purinones; Diazines; Imidazopyrimidines; Vinylogous amides; Organic oxides; Azacyclic compounds; Heteroaromatic compounds; Hydrocarbon derivatives; Organopnictogen compounds; Organic oxygen compounds; Organic nitrogen compounds; Chemical entities	156.088	227	3.784	839079818586729250	839079627544561682	839079627544561681	595	
1	C9H11NO2	[M + H3N + H]+	C9H15N2O2+	Alkaloids	0.885	Nicotinic acid alkaloids	0.368	Pyrrolidine alkaloids	0.478	Organoheterocyclic compounds	0.693	Azacyclic compounds	0.701					Azacyclic compounds	0.701	Organic compounds; Organoheterocyclic compounds; Organonitrogen compounds; Organooxygen compounds; Organic oxides; Azacyclic compounds; Hydrocarbon derivatives; Organopnictogen compounds; Organic oxygen compounds; Organic nitrogen compounds; Chemical entities	183.113	229	3.810	839079810223286661	839079627611670554	839079627611670553	597	
1	C6H4N4O2	[M + H3N + H]+	C6H8N5O2+	Alkaloids	0.991	Pseudoalkaloids (transamidation)	0.933	Purine alkaloids	0.973	Organoheterocyclic compounds	0.999	Diazines	0.868	Pyrimidines and pyrimidine derivatives	0.721	Pyrimidones	0.619	Pyrimidones	0.619	Organic compounds; Organoheterocyclic compounds; Pyrimidines and pyrimidine derivatives; Imidazoles; Organic acids and derivatives; Organonitrogen compounds; Pyrimidones; Organooxygen compounds; Azoles; Diazines; Vinylogous amides; Organic oxides; Azacyclic compounds; Heteroaromatic compounds; Hydrocarbon derivatives; Organopnictogen compounds; Organic oxygen compounds; Organic nitrogen compounds; Chemical entities	182.067	229	3.813	839079848072689021	839079627578116118	839079627578116117	596	
1	C8H15N3O4	[M + Na]+	C8H15N3NaO4+	Amino acids and Peptides	0.994	Small peptides	0.998	Aminoacids	0.904	Organic acids and derivatives	1.000	Carboxylic acids and derivatives	1.000	Amino acids, peptides, and analogues	0.990	Amino acids and derivatives	0.990	N-acyl-alpha amino acids	0.711	Organic compounds; Lipids and lipid-like molecules; Amino acids, peptides, and analogues; Alpha amino acids and derivatives; Fatty acids and conjugates; Organic acids and derivatives; Carboxylic acids and derivatives; Organonitrogen compounds; Organooxygen compounds; Amino acids and derivatives; Monoalkylamines; Carboxylic acid amides; Carboxylic acid derivatives; Monocarboxylic acids and derivatives; N-acyl-alpha amino acids and derivatives; Carboxylic acids; Secondary carboxylic acid amides; Carbonyl compounds; N-acyl-alpha amino acids; Alpha amino acids; Amines; Primary amines; Fatty Acyls; Acetamides; Organic oxides; Hydrocarbon derivatives; Amino acids; Organopnictogen compounds; Organic oxygen compounds; Organic nitrogen compounds; Chemical entities	240.095	229	3.819	839079902594451391	839079627645224990	839079627645224989	598	
3	C13H20N2O4	[M + H3N + H]+	C13H24N3O4+	Amino acids and Peptides	0.557	Small peptides	0.194	Dipeptides	0.186	Lipids and lipid-like molecules	0.501							Lipids and lipid-like molecules	0.501	Organic compounds; Lipids and lipid-like molecules; Organic acids and derivatives; Carboxylic acids and derivatives; Organonitrogen compounds; Organooxygen compounds; Carboxylic acid amides; Carboxylic acid derivatives; Monocarboxylic acids and derivatives; Carboxylic acids; Carbonyl compounds; Organic oxides; Hydrocarbon derivatives; Organopnictogen compounds; Organic oxygen compounds; Organic nitrogen compounds; Chemical entities	286.176	229	3.819	839079908395174069	839079627808802862	839079627808802861	602	
3	C8H9NO4	[M + H3N + H]+	C8H13N2O4+	Alkaloids	0.488	Nicotinic acid alkaloids	0.368	Pyridine alkaloids	0.366	Organic acids and derivatives	0.904	Carboxylic acids and derivatives	0.875	Carboxylic acids	0.655			Carboxylic acids	0.655	Organic compounds; Organoheterocyclic compounds; Organic acids and derivatives; Carboxylic acids and derivatives; Organonitrogen compounds; Organooxygen compounds; Monocarboxylic acids and derivatives; Carboxylic acids; Carbonyl compounds; Organic oxides; Hydrocarbon derivatives; Organopnictogen compounds; Organic oxygen compounds; Organic nitrogen compounds; Chemical entities	201.087	229	3.819	839079816124672667	839079627674585122	839079627674585121	599	
2	C8H15N3O4	[M + H]+	C8H16N3O4+	Amino acids and Peptides	0.999	Small peptides	1.000	Aminoacids	0.966	Organic acids and derivatives	1.000	Carboxylic acids and derivatives	1.000	Amino acids, peptides, and analogues	0.997	Amino acids and derivatives	0.997	N-acyl-alpha amino acids	0.902	Organic compounds; Lipids and lipid-like molecules; Amino acids, peptides, and analogues; Alpha amino acids and derivatives; Fatty acids and conjugates; Organic acids and derivatives; Carboxylic acids and derivatives; Organonitrogen compounds; Organooxygen compounds; Amino acids and derivatives; Carboxylic acid amides; Carboxylic acid derivatives; Monocarboxylic acids and derivatives; N-acyl-alpha amino acids and derivatives; Carboxylic acids; Secondary carboxylic acid amides; Carbonyl compounds; N-acyl-alpha amino acids; Fatty Acyls; Acetamides; Organic oxides; Hydrocarbon derivatives; Organopnictogen compounds; Organic oxygen compounds; Organic nitrogen compounds; Chemical entities	218.114	229	3.820	839079809883548011	839079627741693990	839079627741693989	600	
1	C8H15N3O4	[M + K]+	C8H15KN3O4+	Amino acids and Peptides	0.983	Small peptides	0.996	Dipeptides	0.796	Organic acids and derivatives	1.000	Carboxylic acids and derivatives	1.000	Amino acids, peptides, and analogues	0.980	Amino acids and derivatives	0.980	N-acyl-alpha amino acids	0.857	Organic compounds; Lipids and lipid-like molecules; Amino acids, peptides, and analogues; Alpha amino acids and derivatives; Fatty acids and conjugates; Organic acids and derivatives; Carboxylic acids and derivatives; Organonitrogen compounds; Organooxygen compounds; Amino acids and derivatives; Carboxylic acid amides; Carboxylic acid derivatives; Monocarboxylic acids and derivatives; N-acyl-alpha amino acids and derivatives; Carboxylic acids; Secondary carboxylic acid amides; Carbonyl compounds; N-acyl-alpha amino acids; Fatty Acyls; Acetamides; Organic oxides; Hydrocarbon derivatives; Organopnictogen compounds; Organic oxygen compounds; Organic nitrogen compounds; Chemical entities	256.069	229	3.821	839079834126626891	839079627775248426	839079627775248425	601	
1	C3H8N4O2	[M + Na]+	C3H8N4NaO2+	Alkaloids	0.495	Small peptides	0.181	Aminoacids	0.231	Organic nitrogen compounds	1.000	Organonitrogen compounds	0.998	Hydrazines and derivatives	0.445	Semicarbazides	0.503	Semicarbazides	0.503	Organic compounds; Semicarbazides; Organic acids and derivatives; Organonitrogen compounds; Organooxygen compounds; Organic carbonic acids and derivatives; Carbonyl compounds; Organic oxides; Hydrocarbon derivatives; Organopnictogen compounds; Organic oxygen compounds; Organic nitrogen compounds; Chemical entities	155.054	230	3.829	839079822055418939	839079627875911734	839079627875911733	604	
1	C9H13N5O6	[M - H2O + H]+	C9H12N5O5+	Carbohydrates	0.983	Nucleosides	0.934	Purine nucleosides	0.846	Organoheterocyclic compounds	0.997	Pteridines and derivatives	0.528	Pterins and derivatives	0.449	Biopterins and derivatives	0.690	Biopterins and derivatives	0.690	Organic compounds; Organoheterocyclic compounds; Carbohydrates and carbohydrate conjugates; Pyrimidines and pyrimidine derivatives; Pteridines and derivatives; Alcohols and polyols; Organic acids and derivatives; Organonitrogen compounds; Primary alcohols; Pyrimidones; Organooxygen compounds; Azoles; Aminopyrimidines and derivatives; Diazines; Pentoses; Monosaccharides; Biopterins and derivatives; Secondary alcohols; Glycosyl compounds; Polyols; Amines; Primary amines; Vinylogous amides; Organic oxides; Azacyclic compounds; Heteroaromatic compounds; Hydrocarbon derivatives; Organopnictogen compounds; Organic oxygen compounds; Organic nitrogen compounds; Chemical entities	270.083	230	3.832	839079820562246578	839079627842357298	839079627842357297	603	
3	C17H27N5O4S	[M + H3N + H]+	C17H31N6O4S+	Alkaloids	0.423	Histidine alkaloids	0.090	Cyclamides	0.563	Organoheterocyclic compounds	0.983	Azoles	0.788					Azoles	0.788	Organic compounds; Organoheterocyclic compounds; Organosulfur compounds; Organonitrogen compounds; Organooxygen compounds; Azoles; Thioethers; Amines; Dialkylthioethers; Organic oxides; Azacyclic compounds; Oxacyclic compounds; Heteroaromatic compounds; Hydrocarbon derivatives; Organopnictogen compounds; Organic oxygen compounds; Organic nitrogen compounds; Chemical entities	415.212	230	3.840	839079833765916657	839079628190484570	839079628190484569	613	
3	C23H32N2O7	[M + H3N + H]+	C23H36N3O7+	Amino acids and Peptides	0.368	Linear polyketides	0.497	Open-chain polyketides	0.222	Organic acids and derivatives	0.904	Carboxylic acids and derivatives	0.759	Carboxylic acid derivatives	0.654	Carboxylic acid amides	0.575	Carboxylic acid amides	0.575	Organic compounds; Organoheterocyclic compounds; Alcohols and polyols; Organic acids and derivatives; Carboxylic acids and derivatives; Organonitrogen compounds; Organooxygen compounds; Carboxylic acid amides; Carboxylic acid derivatives; Carbonyl compounds; Organic oxides; Oxacyclic compounds; Hydrocarbon derivatives; Organopnictogen compounds; Organic oxygen compounds; Organic nitrogen compounds; Chemical entities	466.257	232	3.868	839079852271187569	839079627909466170	839079627909466169	605	
2	C10H19NO3S2	[M + H]+	C10H20NO3S2+	Amino acids and Peptides	0.793	Fatty amides	0.197	Aminoacids	0.062	Lipids and lipid-like molecules	0.487	Fatty Acyls	0.557	Fatty acids and conjugates	0.582			Fatty acids and conjugates	0.582	Organic compounds; Organoheterocyclic compounds; Organosulfur compounds; Fatty acids and conjugates; Organic acids and derivatives; Carboxylic acids and derivatives; Organonitrogen compounds; Organooxygen compounds; Monocarboxylic acids and derivatives; Carboxylic acids; Carbonyl compounds; Sulfenyl compounds; Fatty Acyls; Dithiocarbamic acids and derivatives; Dithiocarbamic acid esters; Organic oxides; Hydrocarbon derivatives; Organopnictogen compounds; Organic oxygen compounds; Organic nitrogen compounds; Chemical entities	266.088	232	3.870	839079810277812637	839079627943020606	839079627943020605	606	
2	C5H13NO2	[M + H]+	C5H14NO2+	Fatty acids	0.549	Aminosugars and aminoglycosides	0.056	Sphingoid bases	0.243	Organic nitrogen compounds	1.000	Organonitrogen compounds	1.000	Amines	0.999	Alkanolamines	0.982	1,2-aminoalcohols	0.963	Organic compounds; Alcohols and polyols; Organonitrogen compounds; Primary alcohols; Organooxygen compounds; 1,2-aminoalcohols; Dialkylamines; Amines; Secondary amines; Alkanolamines; Hydrocarbon derivatives; Organopnictogen compounds; Organic oxygen compounds; Organic nitrogen compounds; Chemical entities	120.102	232	3.871	839079810466556343	839079627980769346	839079627980769345	607	
7	C11H10F5NO	[M + H3N + H]+	C11H14F5N2O+	Alkaloids	0.888	Pseudoalkaloids (transamidation)	0.302	Phenylalanine-derived alkaloids	0.406	Benzenoids	0.796	Benzene and substituted derivatives	0.702					Benzene and substituted derivatives	0.702	Organic compounds; Alcohols and polyols; Organohalogen compounds; Organonitrogen compounds; Organooxygen compounds; Alkyl fluorides; Organofluorides; Benzene and substituted derivatives; Benzenoids; Alkyl halides; Hydrocarbon derivatives; Organopnictogen compounds; Organic oxygen compounds; Organic nitrogen compounds; Chemical entities	285.102	233	3.881	839079818662226735	839079628018518086	839079628018518085	608	
1	C10H13N5O5	[M + H]+	C10H14N5O5+	Carbohydrates	1.000	Nucleosides	0.999	Purine nucleosides	0.993	Nucleosides, nucleotides, and analogues	0.955	Purine nucleosides	0.873					Purine nucleosides	0.873	Organic compounds; Organoheterocyclic compounds; Carbohydrates and carbohydrate conjugates; Pyrimidines and pyrimidine derivatives; Imidazoles; Alcohols and polyols; Purines and purine derivatives; Organonitrogen compounds; Primary alcohols; Nucleosides, nucleotides, and analogues; Organooxygen compounds; Azoles; Purine nucleosides; Aminopyrimidines and derivatives; Diazines; Pentoses; Monosaccharides; Secondary alcohols; Imidazopyrimidines; Glycosyl compounds; Glycosylamines; Substituted imidazoles; N-substituted imidazoles; Amines; Primary amines; Tetrahydrofurans; 6-aminopurines; Imidolactams; Azacyclic compounds; Oxacyclic compounds; Heteroaromatic compounds; Hydrocarbon derivatives; Organopnictogen compounds; Organic oxygen compounds; Organic nitrogen compounds; Chemical entities	284.099	233	3.882	839079936316656754	839079628056266826	839079628056266825	609	
4	C23H19N3O6	[M + H3N + H]+	C23H23N4O6+	Alkaloids	0.743	Anthranilic acid alkaloids	0.324	Benzodiazepine alkaloids	0.125	Organoheterocyclic compounds	0.978	Benzodioxoles	0.667					Benzodioxoles	0.667	Organic compounds; Organoheterocyclic compounds; Ethers; Organic acids and derivatives; Carboxylic acids and derivatives; Organonitrogen compounds; Benzodioxoles; Organooxygen compounds; Carboxylic acid amides; Carboxylic acid derivatives; Acetals; Carbonyl compounds; Benzene and substituted derivatives; Benzenoids; Organic oxides; Azacyclic compounds; Oxacyclic compounds; Heteroaromatic compounds; Hydrocarbon derivatives; Organopnictogen compounds; Organic oxygen compounds; Organic nitrogen compounds; Chemical entities	451.161	233	3.885	839079896437212771	839079628089821262	839079628089821261	610	
1	C6H8N2O	[M + H3N + H]+	C6H12N3O+	Alkaloids	0.720	Nicotinic acid alkaloids	0.739	Pyridine alkaloids	0.738	Organoheterocyclic compounds	0.523	Azacyclic compounds	0.546					Azacyclic compounds	0.546	Organic compounds; Organoheterocyclic compounds; Organonitrogen compounds; Organooxygen compounds; Organic oxides; Azacyclic compounds; Hydrocarbon derivatives; Organopnictogen compounds; Organic oxygen compounds; Organic nitrogen compounds; Chemical entities	142.098	234	3.899	839079843479925508	839079628123375698	839079628123375697	611	
1	C8H11NO	[M + H3N + H]+	C8H15N2O+	Alkaloids	0.570	Fatty amides	0.459	Primary amides	0.362	Organoheterocyclic compounds	0.824	Lactams	0.623					Lactams	0.623	Organic compounds; Organoheterocyclic compounds; Lactams; Pyrrolidines; Organic acids and derivatives; Carboxylic acids and derivatives; Organonitrogen compounds; Organooxygen compounds; Carboxylic acid amides; Carboxylic acid derivatives; Carbonyl compounds; Organic oxides; Azacyclic compounds; Hydrocarbon derivatives; Organopnictogen compounds; Organic oxygen compounds; Organic nitrogen compounds; Chemical entities	155.118	234	3.904	839079822781033615	839079628156930134	839079628156930133	612	
1	C7H9N5O2	[M - H2O + H]+	C7H8N5O+	Alkaloids	0.640	Pseudoalkaloids (transamidation)	0.485	Purine alkaloids	0.469	Organic acids and derivatives	0.700	Carboxylic acids and derivatives	0.626	Amino acids, peptides, and analogues	0.590	Amino acids and derivatives	0.589	Amino acids	0.581	Organic compounds; Organoheterocyclic compounds; Amino acids, peptides, and analogues; Pyrimidines and pyrimidine derivatives; Organic acids and derivatives; Carboxylic acids and derivatives; Organonitrogen compounds; Organooxygen compounds; Amino acids and derivatives; Monocarboxylic acids and derivatives; Carboxylic acids; Aminopyrimidines and derivatives; Diazines; Carbonyl compounds; Amines; Primary amines; Imidolactams; Organic oxides; Azacyclic compounds; Heteroaromatic compounds; Hydrocarbon derivatives; Amino acids; Organopnictogen compounds; Organic oxygen compounds; Organic nitrogen compounds; Chemical entities	178.072	237	3.944	839079829244456522	839079628224039006	839079628224039005	614	
1	C6H4N2O2	[M + H3N + H]+	C6H8N3O2+	Alkaloids	0.971	Nicotinic acid alkaloids	0.976	Pyridine alkaloids	0.976	Organoheterocyclic compounds	0.962	Pyridines and derivatives	0.827					Pyridines and derivatives	0.827	Organic compounds; Organoheterocyclic compounds; Pyridines and derivatives; Organic acids and derivatives; Organonitrogen compounds; Organooxygen compounds; Organic oxides; Azacyclic compounds; Heteroaromatic compounds; Hydrocarbon derivatives; Organopnictogen compounds; Organic oxygen compounds; Organic nitrogen compounds; Chemical entities	154.061	238	3.964	839079848244655497	839079628291147878	839079628291147877	616	
3	C14H23N3O7S	[M + H3N + H]+	C14H27N4O7S+	Amino acids and Peptides	0.730	Small peptides	0.297	Aminoglycosides	0.217	Organic acids and derivatives	0.993	Carboxylic acids and derivatives	0.983	Amino acids, peptides, and analogues	0.809	Amino acids and derivatives	0.806	Alpha amino acids	0.747	Organic compounds; Organosulfur compounds; Lipids and lipid-like molecules; Amino acids, peptides, and analogues; Alpha amino acids and derivatives; Alcohols and polyols; Fatty acids and conjugates; Organic acids and derivatives; Carboxylic acids and derivatives; Organonitrogen compounds; Organooxygen compounds; Fatty amides; Hydroxy fatty acids; Amino acids and derivatives; Carboxylic acid amides; Carboxylic acid derivatives; N-acyl amines; Monocarboxylic acids and derivatives; Carboxylic acids; Secondary carboxylic acid amides; Carbonyl compounds; Heterocyclic fatty acids; Alpha amino acids; Amines; Sulfenyl compounds; Dialkylthioethers; Fatty Acyls; Organic oxides; Hydrocarbon derivatives; Amino acids; Organopnictogen compounds; Organic oxygen compounds; Organic nitrogen compounds; Chemical entities	395.159	239	3.976	839079838614532350	839079628257593442	839079628257593441	615	
1	C18H26N6O8	[M + H]+	C18H27N6O8+	Carbohydrates	1.000	Nucleosides	1.000	Pyrimidine nucleosides	1.000	Nucleosides, nucleotides, and analogues	0.983	Pyrimidine nucleosides	0.985	Pyrimidine 2'-deoxyribonucleosides	0.787			Pyrimidine 2'-deoxyribonucleosides	0.787	Organic compounds; Organoheterocyclic compounds; Pyrimidines and pyrimidine derivatives; Alcohols and polyols; Organic acids and derivatives; Carboxylic acids and derivatives; Organonitrogen compounds; Primary alcohols; Nucleosides, nucleotides, and analogues; Pyrimidones; Organooxygen compounds; Carboxylic acid amides; Pyrimidine nucleosides; Carboxylic acid derivatives; Aminopyrimidines and derivatives; Diazines; Secondary alcohols; Secondary carboxylic acid amides; Carbonyl compounds; Pyrimidine 2'-deoxyribonucleosides; Hydropyrimidines; Amines; Primary amines; Tetrahydrofurans; Imidolactams; Organic oxides; Azacyclic compounds; Oxacyclic compounds; Heteroaromatic compounds; Hydrocarbon derivatives; Organopnictogen compounds; Organic oxygen compounds; Organic nitrogen compounds; Chemical entities	455.189	239	3.988	839079818976799556	839079628328896618	839079628328896617	617	
1	C9H13N3O4	[M + Na]+	C9H13N3NaO4+	Carbohydrates	0.998	Nucleosides	0.998	Pyrimidine nucleosides	0.994	Nucleosides, nucleotides, and analogues	0.898	Pyrimidine nucleosides	0.874					Pyrimidine nucleosides	0.874	Organic compounds; Organoheterocyclic compounds; Pyrimidines and pyrimidine derivatives; Alcohols and polyols; Organonitrogen compounds; Primary alcohols; Nucleosides, nucleotides, and analogues; Pyrimidones; Organooxygen compounds; Pyrimidine nucleosides; Aminopyrimidines and derivatives; Diazines; Secondary alcohols; Hydropyrimidines; Amines; Primary amines; Imidolactams; Organic oxides; Azacyclic compounds; Oxacyclic compounds; Heteroaromatic compounds; Hydrocarbon derivatives; Organopnictogen compounds; Organic oxygen compounds; Organic nitrogen compounds; Chemical entities	250.080	239	3.991	839079832042057456	839079628362451054	839079628362451053	618	
4	C13H13Br	[M + H3N + H]+	C13H17BrN+	Terpenoids	0.591	Sesquiterpenoids	0.463	Laurane sesquiterpenoids	0.019	Organohalogen compounds	0.999	Aryl halides	0.812	Aryl bromides	0.770			Aryl bromides	0.770	Organic compounds; Organohalogen compounds; Aryl bromides; Organobromides; Benzene and substituted derivatives; Benzenoids; Aryl halides; Hydrocarbon derivatives; Chemical entities	266.054	240	3.993	839079826966949241	839079628396005490	839079628396005489	619	
1	C9H13N3O4	[M + H]+	C9H14N3O4+	Carbohydrates	1.000	Nucleosides	1.000	Pyrimidine nucleosides	0.999	Nucleosides, nucleotides, and analogues	0.974	Pyrimidine nucleosides	0.972	Pyrimidine 2'-deoxyribonucleosides	0.905			Pyrimidine 2'-deoxyribonucleosides	0.905	Organic compounds; Organoheterocyclic compounds; Pyrimidines and pyrimidine derivatives; Alcohols and polyols; Organonitrogen compounds; Primary alcohols; Nucleosides, nucleotides, and analogues; Pyrimidones; Organooxygen compounds; Pyrimidine nucleosides; Aminopyrimidines and derivatives; Diazines; Secondary alcohols; Pyrimidine 2'-deoxyribonucleosides; Hydropyrimidines; Amines; Primary amines; Tetrahydrofurans; Imidolactams; Organic oxides; Azacyclic compounds; Oxacyclic compounds; Heteroaromatic compounds; Hydrocarbon derivatives; Organopnictogen compounds; Organic oxygen compounds; Organic nitrogen compounds; Chemical entities	228.098	240	3.995	839079875239198396	839079628429559926	839079628429559925	620	
1	C13H18N6O5	[M + H]+	C13H19N6O5+	Carbohydrates	1.000	Nucleosides	1.000	Pyrimidine nucleosides	1.000	Nucleosides, nucleotides, and analogues	0.958	Pyrimidine nucleosides	0.978	Pyrimidine 2'-deoxyribonucleosides	0.668			Pyrimidine 2'-deoxyribonucleosides	0.668	Organic compounds; Organoheterocyclic compounds; Carbohydrates and carbohydrate conjugates; Pyrimidines and pyrimidine derivatives; Alcohols and polyols; Organonitrogen compounds; Primary alcohols; Nucleosides, nucleotides, and analogues; Pyrimidones; Organooxygen compounds; Pyrimidine nucleosides; Aminopyrimidines and derivatives; Diazines; Secondary alcohols; Pyrimidine 2'-deoxyribonucleosides; Hydropyrimidines; Amines; Primary amines; Tetrahydrofurans; Imidolactams; Organic oxides; Azacyclic compounds; Oxacyclic compounds; Heteroaromatic compounds; Hydrocarbon derivatives; Organopnictogen compounds; Organic oxygen compounds; Organic nitrogen compounds; Chemical entities	339.141	240	3.996	839079811443829241	839079628467308666	839079628467308665	621	
1	C13H18N6O5	[M + Na]+	C13H18N6NaO5+	Carbohydrates	0.990	Nucleosides	0.992	Purine nucleosides	0.799	Organic oxygen compounds	1.000	Organooxygen compounds	0.994	Carbohydrates and carbohydrate conjugates	0.420	Glycosyl compounds	0.421	Glycosylamines	0.590	Organic compounds; Organoheterocyclic compounds; Pyrimidines and pyrimidine derivatives; Imidazoles; Alcohols and polyols; Organonitrogen compounds; Primary alcohols; Nucleosides, nucleotides, and analogues; Organooxygen compounds; Azoles; Aminopyrimidines and derivatives; Diazines; Secondary alcohols; Glycosylamines; Substituted imidazoles; N-substituted imidazoles; Amines; Primary amines; Organic 1,3-dipolar compounds; Allyl-type 1,3-dipolar organic compounds; Imidolactams; Organic oxides; Azacyclic compounds; Oxacyclic compounds; Heteroaromatic compounds; Hydrocarbon derivatives; Organopnictogen compounds; Organic oxygen compounds; Organic nitrogen compounds; Chemical entities	361.123	240	4.000	839079827671592389	839079628500863102	839079628500863101	622	
8	C6H11FN4OS	[M + H3N + H]+	C6H15FN5OS+	Alkaloids	0.245	Histidine alkaloids	0.134	Imidazole alkaloids	0.134	Organoheterocyclic compounds	0.965	Heteroaromatic compounds	0.864					Heteroaromatic compounds	0.864	Organic compounds; Organoheterocyclic compounds; Organosulfur compounds; Organohalogen compounds; Organonitrogen compounds; Organooxygen compounds; Alkyl fluorides; Organofluorides; Amines; Alkyl halides; Azacyclic compounds; Heteroaromatic compounds; Hydrocarbon derivatives; Organopnictogen compounds; Organic oxygen compounds; Organic nitrogen compounds; Chemical entities	224.097	240	4.006	839079842582344358	839079628538611842	839079628538611841	623	
6	C11H19NO8	[M - H2O + H]+	C11H18NO7+	Amino acids and Peptides	0.664	Amino acid glycosides	0.636	Cyanogenic glycosides	0.672	Organic oxygen compounds	1.000	Organooxygen compounds	0.997	Carbohydrates and carbohydrate conjugates	0.624	Monosaccharides	0.521	Monosaccharides	0.521	Organic compounds; Carbohydrates and carbohydrate conjugates; Alcohols and polyols; Ethers; Organonitrogen compounds; Primary alcohols; Organooxygen compounds; Monosaccharides; Secondary alcohols; Carbonyl compounds; Polyols; Organic oxides; Hydrocarbon derivatives; Organopnictogen compounds; Organic oxygen compounds; Organic nitrogen compounds; Chemical entities	276.108	242	4.026	839079828984409652	839079628677023890	839079628672829585	627	
1	C6H10N2	[M + H3N + H]+	C6H14N3+	Alkaloids	0.799	Pseudoalkaloids (transamidation)	0.219	Acetate-derived alkaloids	0.790	Organic nitrogen compounds	1.000	Organonitrogen compounds	0.999					Organonitrogen compounds	0.999	Organic compounds; Organonitrogen compounds; Hydrocarbon derivatives; Organopnictogen compounds; Organic nitrogen compounds; Chemical entities	128.118	243	4.046	839079828149743090	839079628706384022	839079628706384021	628	
3	C13H19BN2O4	[M + H3N + H]+	C13H23BN3O4+	Amino acids and Peptides	0.328	Monoterpenoids	0.546	Pinane monoterpenoids	0.715	Organic acids and derivatives	0.940	Boronic acid derivatives	0.790	Boronic acids	0.672			Boronic acids	0.672	Organic compounds; Organoheterocyclic compounds; Organic acids and derivatives; Organonitrogen compounds; Organooxygen compounds; Boronic acids; Organometallic compounds; Boronic acid derivatives; Organometalloid compounds; Metalloheterocyclic compounds; Organoboron compounds; Organic salts; Organic metalloid salts; Organic metal salts; Oxacyclic compounds; Hydrocarbon derivatives; Alkylboranes; Organic oxygen compounds; Organic nitrogen compounds; Chemical entities	295.180	244	4.061	839079826908228958	839079628773492894	839079628773492893	630	
1	C3H3N5	[M + H3N + H]+	C3H7N6+	Alkaloids	0.929	Histidine alkaloids	0.754	Imidazole alkaloids	0.757	Organoheterocyclic compounds	1.000	Triazines	0.945	Aminotriazines	0.870			Aminotriazines	0.870	Organic compounds; Organoheterocyclic compounds; Triazines; Organonitrogen compounds; Aminotriazines; Amines; Primary amines; 1,3,5-triazines; Azacyclic compounds; Heteroaromatic compounds; Hydrocarbon derivatives; Organopnictogen compounds; Organic nitrogen compounds; Chemical entities	127.073	244	4.062	839079896751785588	839079628739938458	839079628739938457	629	
1	C7H13NO	[M + H3N + H]+	C7H17N2O+	Fatty acids	0.961	Fatty amides	0.642	N-acyl amines	0.246	Organic acids and derivatives	0.999	Carboxylic acids and derivatives	0.998	Carboxylic acid derivatives	0.997	Carboxylic acid amides	0.992	Tertiary carboxylic acid amides	0.829	Organic compounds; Organic acids and derivatives; Carboxylic acids and derivatives; Organonitrogen compounds; Organooxygen compounds; Carboxylic acid amides; Carboxylic acid derivatives; Tertiary carboxylic acid amides; Carbonyl compounds; Acetamides; Organic oxides; Hydrocarbon derivatives; Organopnictogen compounds; Organic oxygen compounds; Organic nitrogen compounds; Chemical entities	145.134	244	4.067	839079896961500796	839079628807047330	839079628807047329	631	
1	C13H24N2O2	[M + H3N + H]+	C13H28N3O2+	Alkaloids	0.424	Lysine alkaloids	0.264	Pyrrolidine alkaloids	0.234	Organic acids and derivatives	0.883	Carboxylic acids and derivatives	0.876	Carboxylic acid derivatives	0.728	Carboxylic acid amides	0.669	Carboxylic acid amides	0.669	Organic compounds; Organoheterocyclic compounds; Organic acids and derivatives; Carboxylic acids and derivatives; Organonitrogen compounds; Organooxygen compounds; Carboxylic acid amides; Carboxylic acid derivatives; Carbonyl compounds; Organic oxides; Azacyclic compounds; Hydrocarbon derivatives; Organopnictogen compounds; Organic oxygen compounds; Organic nitrogen compounds; Chemical entities	258.218	246	4.100	839079819161348956	839079628874156202	839079628874156201	633	
1	C5H10N2O	[M + H3N + H]+	C5H14N3O+	Alkaloids	0.796	Ornithine alkaloids	0.112	Acetate-derived alkaloids	0.053	Organic nitrogen compounds	1.000	Organonitrogen compounds	0.999	Organic nitroso compounds	0.643	Organic N-nitroso compounds	0.735	Organic N-nitroso compounds	0.735	Organic compounds; Organonitrogen compounds; Organic oxides; Hydrocarbon derivatives; Organopnictogen compounds; Organic oxygen compounds; Organic nitrogen compounds; Organic nitroso compounds; Organic N-nitroso compounds; Chemical entities	132.113	246	4.100	839079828330098194	839079628840601766	839079628840601765	632	
4	C10H14N4O2S	[M + H]+	C10H15N4O2S+	Alkaloids	0.621	Histidine alkaloids	0.423	Imidazole alkaloids	0.424	Organoheterocyclic compounds	0.980	Heteroaromatic compounds	0.965					Heteroaromatic compounds	0.965	Organic compounds; Organoheterocyclic compounds; Organosulfur compounds; Organic acids and derivatives; Carboxylic acids and derivatives; Organonitrogen compounds; Organooxygen compounds; Amines; Organic oxides; Azacyclic compounds; Heteroaromatic compounds; Hydrocarbon derivatives; Organopnictogen compounds; Organic oxygen compounds; Organic nitrogen compounds; Chemical entities	255.091	247	4.122	839079838287376587	839079628911904942	839079628907710637	634	
2	C11H14N4O2	[M + H]+	C11H15N4O2+	Amino acids and Peptides	1.000	Small peptides	1.000	Dipeptides	0.989	Organic acids and derivatives	1.000	Carboxylic acids and derivatives	1.000	Amino acids, peptides, and analogues	0.999	Amino acids and derivatives	0.999	Alpha amino acids and derivatives	0.999	Organic compounds; Organoheterocyclic compounds; Amino acids, peptides, and analogues; Alpha amino acids and derivatives; Imidazoles; Lactams; Piperazines; Pyrrolidines; Organic acids and derivatives; Carboxylic acids and derivatives; Organonitrogen compounds; Organooxygen compounds; Amino acids and derivatives; Azoles; Carboxylic acid amides; Carboxylic acid derivatives; Secondary carboxylic acid amides; Tertiary carboxylic acid amides; Dioxopiperazines; Carbonyl compounds; Diazinanes; N-alkylpiperazines; 2,5-dioxopiperazines; Organic oxides; Azacyclic compounds; Heteroaromatic compounds; Hydrocarbon derivatives; Organopnictogen compounds; Organic oxygen compounds; Organic nitrogen compounds; Chemical entities	235.119	249	4.142	839079821782789109	839079628945459378	839079628945459377	635	
3	C7H15NO3	[M + H]+	C7H16NO3+	Fatty acids	0.993	Fatty esters	0.922	Fatty acyl carnitines	0.975	Lipids and lipid-like molecules	0.864	Fatty Acyls	0.883	Fatty acids and conjugates	0.520			Fatty acids and conjugates	0.520	Organic compounds; Lipids and lipid-like molecules; Alcohols and polyols; Fatty acids and conjugates; Organic acids and derivatives; Carboxylic acids and derivatives; Organonitrogen compounds; Organooxygen compounds; Quaternary ammonium salts; Monocarboxylic acids and derivatives; Carboxylic acid salts; Carboxylic acids; Secondary alcohols; Carbonyl compounds; Amines; Organic cations; Organic salts; Fatty Acyls; Organic oxides; Hydrocarbon derivatives; Tetraalkylammonium salts; Organopnictogen compounds; Organic oxygen compounds; Organic nitrogen compounds; Chemical entities	162.112	249	4.142	839079819413007199	839079628979013814	839079628979013813	636	
2	C8H8FNO5	[M + H]+	C8H9FNO5+	Shikimates and Phenylpropanoids	0.285	Small peptides	0.052	Halogenated fatty acids	0.055	Benzenoids	0.988	Benzene and substituted derivatives	0.940	Nitrobenzenes	0.818			Nitrobenzenes	0.818	Organic compounds; Halobenzenes; Nitrobenzenes; Organic acids and derivatives; Carboxylic acids and derivatives; Organohalogen compounds; Organonitrogen compounds; Organooxygen compounds; Aryl fluorides; Carboxylic acid derivatives; Fluorobenzenes; Monocarboxylic acids and derivatives; Organic nitro compounds; Carboxylic acids; Organic oxoazanium compounds; Organofluorides; Carbonyl compounds; Benzene and substituted derivatives; Benzenoids; Aryl halides; Organic 1,3-dipolar compounds; Allyl-type 1,3-dipolar organic compounds; Propargyl-type 1,3-dipolar organic compounds; Organic oxides; C-nitro compounds; Hydrocarbon derivatives; Organopnictogen compounds; Organic oxygen compounds; Nitroaromatic compounds; Organic nitrogen compounds; Chemical entities	218.046	249	4.151	839079872978468336	839079629012568250	839079629012568249	637	
2	C6H15NO5S	[M - H2O + H]+	C6H14NO4S+	Fatty acids	0.108	Spingolipids	0.022	Sphingoid bases	0.261	Organic acids and derivatives	0.996	Organic sulfonic acids and derivatives	0.997	Organosulfonic acids and derivatives	0.997	Alkanesulfonic acids and derivatives	0.993	Alkanesulfonic acids	0.994	Organic compounds; Organosulfur compounds; Alcohols and polyols; Organic acids and derivatives; Organosulfonic acids and derivatives; Organonitrogen compounds; Primary alcohols; Organooxygen compounds; Sulfonyls; Organosulfonic acids; 1,2-aminoalcohols; Trialkylamines; Amines; Tertiary amines; Alkanolamines; Alkanesulfonic acids and derivatives; Alkanesulfonic acids; Organic oxides; Hydrocarbon derivatives; Organic sulfonic acids and derivatives; Organic oxygen compounds; Organic nitrogen compounds; Chemical entities	196.064	249	4.153	839079841479242290	839079629155174602	839079629155174601	641	
2	C12H16N4O4	[M + Na]+	C12H16N4NaO4+	Amino acids and Peptides	0.371	Small peptides	0.750	Aminoacids	0.506	Organic acids and derivatives	0.838	Carboxylic acids and derivatives	0.605	Amino acids, peptides, and analogues	0.525	Amino acids and derivatives	0.526	Amino acids and derivatives	0.526	Organic compounds; Organoheterocyclic compounds; Amino acids, peptides, and analogues; Organic acids and derivatives; Carboxylic acids and derivatives; Organonitrogen compounds; Organooxygen compounds; Amino acids and derivatives; Azoles; Organic nitro compounds; Organic oxoazanium compounds; Carbonyl compounds; Benzene and substituted derivatives; Substituted imidazoles; Benzenoids; Amines; Primary amines; Organic 1,3-dipolar compounds; Allyl-type 1,3-dipolar organic compounds; Propargyl-type 1,3-dipolar organic compounds; Organic oxides; C-nitro compounds; Azacyclic compounds; Heteroaromatic compounds; Hydrocarbon derivatives; Organopnictogen compounds; Organic oxygen compounds; Nitroaromatic compounds; Organic nitrogen compounds; Chemical entities	303.106	249	4.153	839079835804348560	839079629188729038	839079629188729037	642	
4	C7H14N2O4S	[M + H3N + H]+	C7H18N3O4S+	Amino acids and Peptides	0.661	Small peptides	0.635	Aminoacids	0.460	Organosulfur compounds	0.972	Sulfonyls	0.782					Sulfonyls	0.782	Organic compounds; Organosulfur compounds; Organic acids and derivatives; Organonitrogen compounds; Organooxygen compounds; Sulfonyls; Carbonyl compounds; Organic oxides; Hydrocarbon derivatives; Organopnictogen compounds; Organic oxygen compounds; Organic nitrogen compounds; Chemical entities	240.101	249	4.154	839079842032890448	839079629117425862	839079629117425861	640	
1	C6H13NO4S	[M + K]+	C6H13KNO4S+	Amino acids and Peptides	0.996	Small peptides	0.998	Aminoacids	0.998	Organic acids and derivatives	0.996	Carboxylic acids and derivatives	0.951	Amino acids, peptides, and analogues	0.951	Amino acids and derivatives	0.950	Alpha amino acids	0.808	Organic compounds; Organosulfur compounds; Lipids and lipid-like molecules; Amino acids, peptides, and analogues; Alpha amino acids and derivatives; Fatty acids and conjugates; Organic acids and derivatives; Carboxylic acids and derivatives; Organonitrogen compounds; Organooxygen compounds; Amino acids and derivatives; Monoalkylamines; Monocarboxylic acids and derivatives; Sulfonyls; Carboxylic acids; Thia fatty acids; Carbonyl compounds; Alpha amino acids; Amines; Primary amines; Fatty Acyls; Organic oxides; Hydrocarbon derivatives; Amino acids; Organic sulfonamides; Organopnictogen compounds; Organic oxygen compounds; Organic nitrogen compounds; Chemical entities	234.020	249	4.154	839079859128875178	839079629050316990	839079629050316989	638	
2	C22H32N6O14	[M + Na]+	C22H32N6NaO14+	Carbohydrates	0.996	Nucleosides	0.934	Purine nucleosides	0.676	Organoheterocyclic compounds	1.000	Pteridines and derivatives	0.594	Pterins and derivatives	0.617			Pterins and derivatives	0.617	Organic compounds; Organoheterocyclic compounds; Carbohydrates and carbohydrate conjugates; Pyrimidines and pyrimidine derivatives; Imidazoles; Pteridines and derivatives; Pterins and derivatives; Alcohols and polyols; Purines and purine derivatives; Hypoxanthines; Ethers; Organic acids and derivatives; Organonitrogen compounds; Primary alcohols; Pyrimidones; Organooxygen compounds; Azoles; Purinones; Aminopyrimidines and derivatives; Diazines; 6-oxopurines; Monosaccharides; Acetals; Secondary alcohols; Imidazopyrimidines; Carbonyl compounds; Oxanes; Glycosyl compounds; Glycosylamines; Polyols; Substituted imidazoles; N-substituted imidazoles; Amines; Primary amines; Vinylogous amides; Organic oxides; Azacyclic compounds; Oxacyclic compounds; Heteroaromatic compounds; Hydrocarbon derivatives; Organopnictogen compounds; Organic oxygen compounds; Organic nitrogen compounds; Chemical entities	627.187	249	4.155	839079827604483504	839079629264226518	839079629264226517	644	
1	C5H4N4O2	[M - H2O + H]+	C5H3N4O+	Alkaloids	0.994	Pseudoalkaloids (transamidation)	0.990	Purine alkaloids	0.998	Organoheterocyclic compounds	0.999	Pteridines and derivatives	0.376	Pterins and derivatives	0.516			Pterins and derivatives	0.516	Organic compounds; Organoheterocyclic compounds; Pyrimidines and pyrimidine derivatives; Imidazoles; Pterins and derivatives; Purines and purine derivatives; Organic acids and derivatives; Organonitrogen compounds; Pyrimidones; Organooxygen compounds; Azoles; Purinones; Diazines; 6-oxopurines; Imidazopyrimidines; Vinylogous amides; Organic oxides; Azacyclic compounds; Heteroaromatic compounds; Hydrocarbon derivatives; Organopnictogen compounds; Organic oxygen compounds; Organic nitrogen compounds; Chemical entities	135.030	249	4.155	839079829802298967	839079629369084130	839079629369084129	647	
2	C7H8FNOS	[M + H]+	C7H9FNOS+	Alkaloids	0.460	Nicotinic acid alkaloids	0.171	Pyridine alkaloids	0.172	Benzenoids	0.835	Benzene and substituted derivatives	0.810	Halobenzenes	0.811	Fluorobenzenes	0.861	Fluorobenzenes	0.861	Organic compounds; Organosulfur compounds; Halobenzenes; Organohalogen compounds; Organonitrogen compounds; Aryl fluorides; Fluorobenzenes; Thioethers; Organofluorides; Benzene and substituted derivatives; Benzenoids; Aryl halides; Sulfenyl compounds; Hydrocarbon derivatives; Organopnictogen compounds; Organic oxygen compounds; Organic nitrogen compounds; Chemical entities	174.039	249	4.155	839079825012403420	839079629301975258	839079629297780953	645	
1	C5H2N4O	[M + H3N + H]+	C5H6N5O+	Alkaloids	0.992	Pseudoalkaloids (transamidation)	0.940	Purine alkaloids	0.980	Organoheterocyclic compounds	0.999	Imidazopyrimidines	0.717	Purines and purine derivatives	0.626			Purines and purine derivatives	0.626	Organic compounds; Organoheterocyclic compounds; Pyrimidines and pyrimidine derivatives; Imidazoles; Purines and purine derivatives; Organonitrogen compounds; Pyrimidones; Organooxygen compounds; Azoles; Diazines; Imidazopyrimidines; Organic oxides; Azacyclic compounds; Heteroaromatic compounds; Hydrocarbon derivatives; Organopnictogen compounds; Organic oxygen compounds; Organic nitrogen compounds; Chemical entities	152.057	249	4.156	839079829865213545	839079629335529694	839079629335529693	646	
3	C13H20N2O4	[M + H3N + H]+	C13H24N3O4+	Amino acids and Peptides	0.400	Small peptides	0.158	Dipeptides	0.284	Lipids and lipid-like molecules	0.543							Lipids and lipid-like molecules	0.543	Organic compounds; Lipids and lipid-like molecules; Organic acids and derivatives; Carboxylic acids and derivatives; Organonitrogen compounds; Organooxygen compounds; Carbonyl compounds; Organic oxides; Hydrocarbon derivatives; Organopnictogen compounds; Organic oxygen compounds; Organic nitrogen compounds; Chemical entities	286.176	249	4.156	839079832243384071	839079629788514578	839079629784320273	659	
2	C16H9N5O5	[M + H3N + H]+	C16H13N6O5+	Shikimates and Phenylpropanoids	0.387	Coumarins	0.620	Simple coumarins	0.393	Benzenoids	0.982	Benzene and substituted derivatives	0.660	Nitrobenzenes	0.579			Nitrobenzenes	0.579	Organic compounds; Organoheterocyclic compounds; Nitrobenzenes; Organic acids and derivatives; Organonitrogen compounds; Organooxygen compounds; Organic nitro compounds; Organic oxoazanium compounds; Benzene and substituted derivatives; Benzenoids; Organic 1,3-dipolar compounds; Allyl-type 1,3-dipolar organic compounds; Propargyl-type 1,3-dipolar organic compounds; Organic oxides; C-nitro compounds; Azacyclic compounds; Oxacyclic compounds; Heteroaromatic compounds; Hydrocarbon derivatives; Organopnictogen compounds; Organic oxygen compounds; Nitroaromatic compounds; Organic nitrogen compounds; Chemical entities	369.095	249	4.157	839079874790407821	839079629541050614	839079629541050613	652	
3	C22H22N6O4S	[M + H]+	C22H23N6O4S+	Amino acids and Peptides	0.385	Oligopeptides	0.233	Cyclamides	0.457	Organosulfur compounds	0.798	Thioethers	0.621	Aryl thioethers	0.452	Alkylarylthioethers	0.511	Alkylarylthioethers	0.511	Organic compounds; Organoheterocyclic compounds; Organosulfur compounds; Organic acids and derivatives; Carboxylic acids and derivatives; Organonitrogen compounds; Organooxygen compounds; Azoles; Carboxylic acid amides; Carboxylic acid derivatives; Thioethers; Secondary carboxylic acid amides; Carbonyl compounds; Benzene and substituted derivatives; Benzenoids; Sulfenyl compounds; Alkylarylthioethers; Organic oxides; Azacyclic compounds; Heteroaromatic compounds; Hydrocarbon derivatives; Organopnictogen compounds; Organic oxygen compounds; Organic nitrogen compounds; Chemical entities	467.150	249	4.157	839079895157949937	839079629083871426	839079629083871425	639	
3	C11H18N6O5S	[M + H]+	C11H19N6O5S+	Carbohydrates	0.512	Nucleosides	0.483	Purine nucleosides	0.470	Organoheterocyclic compounds	0.940	Azoles	0.529					Azoles	0.529	Organic compounds; Organoheterocyclic compounds; Organosulfur compounds; Organic acids and derivatives; Organonitrogen compounds; Organooxygen compounds; Azoles; Thioethers; Carbonyl compounds; Amines; Primary amines; Dialkylthioethers; Organic oxides; Azacyclic compounds; Heteroaromatic compounds; Hydrocarbon derivatives; Organopnictogen compounds; Organic oxygen compounds; Organic nitrogen compounds; Chemical entities	347.113	249	4.157	839079977420837190	839079629507496178	839079629507496177	651	
3	C12H17N5O5	[M - H2O + H]+	C12H16N5O4+	Carbohydrates	0.990	Nucleosides	0.981	Purine nucleosides	0.966	Organoheterocyclic compounds	0.996	Imidazopyrimidines	0.776	Purines and purine derivatives	0.709	Purinones	0.625	6-oxopurines	0.655	Organic compounds; Organoheterocyclic compounds; Pyrimidines and pyrimidine derivatives; Imidazoles; Alcohols and polyols; Purines and purine derivatives; Hypoxanthines; Organic acids and derivatives; Organonitrogen compounds; Primary alcohols; Nucleosides, nucleotides, and analogues; Pyrimidones; Organooxygen compounds; Azoles; Purinones; Aminopyrimidines and derivatives; Diazines; 6-oxopurines; Secondary alcohols; Imidazopyrimidines; Substituted imidazoles; N-substituted imidazoles; Amines; Primary amines; Vinylogous amides; Organic oxides; Azacyclic compounds; Oxacyclic compounds; Heteroaromatic compounds; Hydrocarbon derivatives; Organopnictogen compounds; Organic oxygen compounds; Organic nitrogen compounds; Chemical entities	294.118	250	4.159	839079842477486729	839079629750765838	839079629750765837	658	
2	C15H20ClN3O2	[M + H3N + H]+	C15H24ClN4O2+	Alkaloids	0.892	Tryptophan alkaloids	0.102	Benzodiazepine alkaloids	0.363	Benzenoids	0.912	Benzene and substituted derivatives	0.689	Halobenzenes	0.718	Chlorobenzenes	0.771	Chlorobenzenes	0.771	Organic compounds; Organoheterocyclic compounds; Halobenzenes; Organic acids and derivatives; Organohalogen compounds; Organonitrogen compounds; Organooxygen compounds; Azoles; Aryl chlorides; Chlorobenzenes; Organochlorides; Benzene and substituted derivatives; Benzenoids; Aryl halides; Organic oxides; Azacyclic compounds; Heteroaromatic compounds; Hydrocarbon derivatives; Organopnictogen compounds; Organic oxygen compounds; Organic nitrogen compounds; Chemical entities	327.158	250	4.159	839079897393514135	839079629683656966	839079629683656965	656	
1	C22H23NO12	[M + H3N + H]+	C22H27N2O12+	Carbohydrates	0.635	Amino acid glycosides	0.504	Cyanogenic glycosides	0.519	Organic oxygen compounds	1.000	Organooxygen compounds	0.999	Carbohydrates and carbohydrate conjugates	0.929	Glycosyl compounds	0.925	O-glycosyl compounds	0.837	Organic compounds; Organoheterocyclic compounds; Carbohydrates and carbohydrate conjugates; Alcohols and polyols; Phenols; Ethers; Organic acids and derivatives; Carboxylic acids and derivatives; Organonitrogen compounds; Primary alcohols; Organooxygen compounds; Carboxylic acid derivatives; Monosaccharides; Acetals; Secondary alcohols; Oxanes; Glycosyl compounds; O-glycosyl compounds; Benzene and substituted derivatives; Polyols; Benzenoids; Organic oxides; Oxacyclic compounds; Heteroaromatic compounds; Hydrocarbon derivatives; Organopnictogen compounds; Organic oxygen compounds; 1-hydroxy-2-unsubstituted benzenoids; Organic nitrogen compounds; Chemical entities	511.157	250	4.160	839079844557861768	839079629650102530	839079629650102529	655	
7	C16H15N5O4S	[M + H3N + H]+	C16H19N6O4S+	Alkaloids	0.449	Anthranilic acid alkaloids	0.071	Cyclamides	0.127	Benzenoids	0.978	Benzene and substituted derivatives	0.747	Benzoic acids and derivatives	0.736			Benzoic acids and derivatives	0.736	Organic compounds; Organoheterocyclic compounds; Organosulfur compounds; Benzoic acids and derivatives; Organic acids and derivatives; Carboxylic acids and derivatives; Organonitrogen compounds; Benzoyl derivatives; Organooxygen compounds; Azoles; Thioethers; Benzene and substituted derivatives; Benzenoids; Sulfenyl compounds; Organic oxides; Azacyclic compounds; Heteroaromatic compounds; Hydrocarbon derivatives; Organopnictogen compounds; Organic oxygen compounds; Aryl thioethers; Organic nitrogen compounds; Chemical entities	391.120	250	4.160	839079886186332817	839079629578799354	839079629578799353	653	
1	C11H14O7	[M + H3N + H]+	C11H18NO7+	Carbohydrates	0.534	Phenolic acids (C6-C1)	0.411	Acyl phloroglucinols	0.426	Organic oxygen compounds	1.000	Organooxygen compounds	1.000	Carbohydrates and carbohydrate conjugates	0.915	Monosaccharides	0.863	Hexoses	0.501	Organic compounds; Organoheterocyclic compounds; Carbohydrates and carbohydrate conjugates; Alcohols and polyols; Ethers; Organic acids and derivatives; Carboxylic acids and derivatives; Primary alcohols; Organooxygen compounds; Hexoses; Monosaccharides; Acetals; Secondary alcohols; Carbonyl compounds; Oxanes; Glycosyl compounds; O-glycosyl compounds; Polyols; Benzenoids; Organic oxides; Oxacyclic compounds; Hydrocarbon derivatives; Organic oxygen compounds; Chemical entities	276.108	250	4.163	839079830754406067	839079629721405706	839079629717211401	657	
1	C28H36N10O13	[M + Na]+	C28H36N10NaO13+	Carbohydrates	0.951	Nucleosides	0.937	Purine nucleosides	0.948	Nucleosides, nucleotides, and analogues	0.701	Purine nucleosides	0.641					Purine nucleosides	0.641	Organic compounds; Organoheterocyclic compounds; Carbohydrates and carbohydrate conjugates; Amino acids, peptides, and analogues; Alpha amino acids and derivatives; Pyrimidines and pyrimidine derivatives; Imidazoles; Alcohols and polyols; Purines and purine derivatives; Organic acids and derivatives; Carboxylic acids and derivatives; Organonitrogen compounds; Nucleosides, nucleotides, and analogues; Pyrimidones; Benzoyl derivatives; Organooxygen compounds; Amino acids and derivatives; Azoles; Monoalkylamines; Carboxylic acid amides; Purine nucleosides; Purinones; Carboxylic acid derivatives; N-acyl-alpha amino acids and derivatives; Carboxylic acids; Aminopyrimidines and derivatives; Diazines; 6-oxopurines; Monosaccharides; Secondary alcohols; Secondary carboxylic acid amides; Imidazopyrimidines; Carbonyl compounds; Glycosyl compounds; Glycosylamines; Benzene and substituted derivatives; Substituted imidazoles; N-substituted imidazoles; Benzenoids; Amines; Primary amines; Vinylogous amides; Organic oxides; Azacyclic compounds; Oxacyclic compounds; Heteroaromatic compounds; Hydrocarbon derivatives; Organopnictogen compounds; Organic oxygen compounds; 1-hydroxy-2-unsubstituted benzenoids; Organic nitrogen compounds; Chemical entities	743.235	250	4.165	839080050028434991	839079629822069014	839079629822069013	660	
2	C8H21N3	[M + H]+	C8H22N3+	Fatty acids	0.658	Fatty acyls	0.793	Acetate-derived alkaloids	0.568	Organic nitrogen compounds	0.998	Organonitrogen compounds	0.994					Organonitrogen compounds	0.994	Organic compounds; Organonitrogen compounds; Hydrocarbon derivatives; Organopnictogen compounds; Organic nitrogen compounds; Chemical entities	160.181	250	4.165	839079825087900912	839079629889177886	839079629889177885	662	
2	C12H15N5O4	[M + K]+	C12H15KN5O4+	Carbohydrates	0.995	Nucleosides	0.989	Purine nucleosides	0.984	Nucleosides, nucleotides, and analogues	0.707	Purine nucleosides	0.518					Purine nucleosides	0.518	Organic compounds; Organoheterocyclic compounds; Pyrimidines and pyrimidine derivatives; Imidazoles; Alcohols and polyols; Purines and purine derivatives; Hypoxanthines; Organic acids and derivatives; Organonitrogen compounds; Primary alcohols; Nucleosides, nucleotides, and analogues; Pyrimidones; Organooxygen compounds; Azoles; Purine nucleosides; Purinones; Aminopyrimidines and derivatives; Diazines; 6-oxopurines; Secondary alcohols; Imidazopyrimidines; Substituted imidazoles; N-substituted imidazoles; Amines; Primary amines; Vinylogous amides; Organic oxides; Azacyclic compounds; Oxacyclic compounds; Heteroaromatic compounds; Hydrocarbon derivatives; Organopnictogen compounds; Organic oxygen compounds; Organic nitrogen compounds; Chemical entities	332.074	250	4.166	839079847166719217	839079629952092454	839079629952092453	664	
1	C11H19NO8	[M + Na]+	C11H19NNaO8+	Carbohydrates	0.999	Aminosugars and aminoglycosides	0.999	Aminosugars	1.000	Organic oxygen compounds	1.000	Organooxygen compounds	1.000	Carbohydrates and carbohydrate conjugates	0.949	Aminosaccharides	0.686	Acylaminosugars	0.685	Organic compounds; Organoheterocyclic compounds; Carbohydrates and carbohydrate conjugates; Alcohols and polyols; Acylaminosugars; Ethers; Organic acids and derivatives; Carboxylic acids and derivatives; Organonitrogen compounds; Primary alcohols; Organooxygen compounds; Carboxylic acid amides; Hemiacetals; Carboxylic acid derivatives; Monocarboxylic acids and derivatives; Amino sugars; Carboxylic acids; Monosaccharides; Secondary alcohols; Secondary carboxylic acid amides; Carbonyl compounds; Oxanes; N-acyl-alpha-hexosamines; Polyols; Aminosaccharides; Acetamides; Organic oxides; Oxacyclic compounds; Hydrocarbon derivatives; Organopnictogen compounds; Organic oxygen compounds; Organic nitrogen compounds; Chemical entities	316.100	250	4.166	839079864338201284	839079629855623450	839079629855623449	661	
5	C16H28N2O8S2	[M + H]+	C16H29N2O8S2+	Amino acids and Peptides	0.658	Small peptides	0.701	Dipeptides	0.228	Organic acids and derivatives	0.998	Carboxylic acids and derivatives	0.992	Amino acids, peptides, and analogues	0.957	Amino acids and derivatives	0.954	N-acyl-alpha amino acids	0.785	Organic compounds; Organosulfur compounds; Carbohydrates and carbohydrate conjugates; Lipids and lipid-like molecules; Amino acids, peptides, and analogues; Alpha amino acids and derivatives; Alcohols and polyols; Fatty acids and conjugates; Organic acids and derivatives; Carboxylic acids and derivatives; Organonitrogen compounds; Organooxygen compounds; Fatty amides; Hydroxy fatty acids; Amino acids and derivatives; Carboxylic acid amides; Carboxylic acid derivatives; N-acyl amines; N-acyl-alpha amino acids and derivatives; Carboxylic acids; Monosaccharides; Secondary alcohols; Secondary carboxylic acid amides; Carbonyl compounds; N-acyl-alpha amino acids; Alpha amino acids; Amines; Sulfenyl compounds; Fatty Acyls; Organic oxides; Hydrocarbon derivatives; Amino acids; Cysteine and derivatives; Organopnictogen compounds; Organic oxygen compounds; Organic nitrogen compounds; Chemical entities	441.135	250	4.168	839079884726714852	839079629922732322	839079629922732321	663	
2	C10H13N5O4	[M + H]+	C10H14N5O4+	Carbohydrates	1.000	Nucleosides	0.999	Purine nucleosides	0.998	Nucleosides, nucleotides, and analogues	0.966	Purine nucleosides	0.967	Purine 2'-deoxyribonucleosides	0.916			Purine 2'-deoxyribonucleosides	0.916	Organic compounds; Organoheterocyclic compounds; Pyrimidines and pyrimidine derivatives; Imidazoles; Alcohols and polyols; Purines and purine derivatives; Hypoxanthines; Organic acids and derivatives; Organonitrogen compounds; Primary alcohols; Nucleosides, nucleotides, and analogues; Pyrimidones; Organooxygen compounds; Azoles; Purine nucleosides; Purinones; Aminopyrimidines and derivatives; Diazines; 6-oxopurines; Secondary alcohols; Imidazopyrimidines; Purine 2'-deoxyribonucleosides; Substituted imidazoles; N-substituted imidazoles; Amines; Primary amines; Tetrahydrofurans; Vinylogous amides; Organic oxides; Azacyclic compounds; Oxacyclic compounds; Heteroaromatic compounds; Hydrocarbon derivatives; Organopnictogen compounds; Organic oxygen compounds; Organic nitrogen compounds; Chemical entities	268.104	250	4.170	839079886639317731	839079629989841194	839079629985646889	665	
3	C12H19FN6O2	[M + H]+	C12H20FN6O2+	Alkaloids	0.164	Nucleosides	0.234	Aminoacids	0.054	Organoheterocyclic compounds	0.987	Diazines	0.725	Pyrimidines and pyrimidine derivatives	0.737	Aminopyrimidines and derivatives	0.695	Aminopyrimidines and derivatives	0.695	Organic compounds; Organoheterocyclic compounds; Pyrimidines and pyrimidine derivatives; Organohalogen compounds; Organonitrogen compounds; Organooxygen compounds; Alkyl fluorides; Aryl fluorides; Aminopyrimidines and derivatives; Diazines; Organofluorides; Benzene and substituted derivatives; Benzenoids; Amines; Primary amines; Organic oxides; Azacyclic compounds; Heteroaromatic compounds; Hydrocarbon derivatives; Organopnictogen compounds; Organic oxygen compounds; Organic nitrogen compounds; Chemical entities	299.163	250	4.173	839079845753238577	839079630019201326	839079630019201325	666	
3	C14H8O7	[M + H3N + H]+	C14H12NO7+	Shikimates and Phenylpropanoids	0.637	Flavonoids	0.524	Flavonols	0.480	Organoheterocyclic compounds	0.867	Benzopyrans	0.706	1-benzopyrans	0.724	Chromones	0.712	Chromones	0.712	Organic compounds; Organoheterocyclic compounds; Pyrans; Benzopyrans; Phenols; Chromones; Phenylpropanoids and polyketides; Organic acids and derivatives; Organooxygen compounds; Pyranones and derivatives; Benzenoids; 1-benzopyrans; Vinylogous acids; Organic oxides; Oxacyclic compounds; Heteroaromatic compounds; Hydrocarbon derivatives; Organic oxygen compounds; 1-hydroxy-2-unsubstituted benzenoids; 1-hydroxy-4-unsubstituted benzenoids; Chemical entities	306.060	251	4.175	839079851939837514	839079630094698806	839079630094698805	668	
2	C12H16FNO4S	[M + H]+	C12H17FNO4S+	Amino acids and Peptides	0.437	Small peptides	0.648	Aminoacids	0.293	Organic acids and derivatives	0.999	Carboxylic acids and derivatives	0.980	Amino acids, peptides, and analogues	0.824	Amino acids and derivatives	0.823	Alpha amino acids and derivatives	0.577	Organic compounds; Organosulfur compounds; Amino acids, peptides, and analogues; Halobenzenes; Alpha amino acids and derivatives; Organic acids and derivatives; Carboxylic acids and derivatives; Organohalogen compounds; Organosulfonic acids and derivatives; Organonitrogen compounds; Organooxygen compounds; Amino acids and derivatives; Alkyl fluorides; Aryl fluorides; Fluorobenzenes; Monocarboxylic acids and derivatives; Sulfonyls; Carboxylic acids; Organofluorides; Organosulfonamides; Carbonyl compounds; Benzene and substituted derivatives; Benzenoids; Aryl halides; Alkyl halides; Aminosulfonyl compounds; Organic oxides; Hydrocarbon derivatives; Organic sulfonic acids and derivatives; Organopnictogen compounds; Organic oxygen compounds; Organic nitrogen compounds; Chemical entities	290.086	251	4.177	839079862551427581	839079630056950066	839079630056950065	667	
1	C8H6	[M + H3N + H]+	C8H10N+	Shikimates and Phenylpropanoids	0.397	Phenylpropanoids (C6-C3)	0.601	Cinnamic acids and derivatives	0.563	Benzenoids	0.941	Benzene and substituted derivatives	0.631					Benzene and substituted derivatives	0.631	Organic compounds; Benzene and substituted derivatives; Benzenoids; Hydrocarbons; Olefins; Unsaturated hydrocarbons; Aromatic hydrocarbons; Chemical entities	120.081	251	4.185	839079830167203456	839079630128253242	839079630128253241	669	
2	C9H11NO2	[M + H]+	C9H12NO2+	Amino acids and Peptides	1.000	Small peptides	1.000	Aminoacids	1.000	Organic acids and derivatives	1.000	Carboxylic acids and derivatives	0.999	Amino acids, peptides, and analogues	0.995	Amino acids and derivatives	0.995	Phenylalanine and derivatives	0.894	Organic compounds; Amino acids, peptides, and analogues; Alpha amino acids and derivatives; Phenethylamines; Amphetamines and derivatives; Phenylpropanoids and polyketides; Organic acids and derivatives; Carboxylic acids and derivatives; Organonitrogen compounds; Organooxygen compounds; Amino acids and derivatives; Monoalkylamines; Monocarboxylic acids and derivatives; Carboxylic acids; Carbonyl compounds; Benzene and substituted derivatives; Alpha amino acids; Benzenoids; Amines; Primary amines; Phenylpropanoic acids; Aralkylamines; Organic oxides; Hydrocarbon derivatives; Amino acids; Phenylalanine and derivatives; Organopnictogen compounds; Organic oxygen compounds; Organic nitrogen compounds; Chemical entities	166.086	251	4.186	839079831643598552	839079630161807678	839079630161807677	670	
8	C15H14N2O2	[M + H]+	C15H15N2O2+	Alkaloids	0.954	Tryptophan alkaloids	0.595	Benzodiazepine alkaloids	0.589	Benzenoids	0.958							Benzenoids	0.958	Organic compounds; Organoheterocyclic compounds; Organic acids and derivatives; Carboxylic acids and derivatives; Organonitrogen compounds; Organooxygen compounds; Benzenoids; Organic oxides; Azacyclic compounds; Heteroaromatic compounds; Hydrocarbon derivatives; Organopnictogen compounds; Organic oxygen compounds; Organic nitrogen compounds; Chemical entities	255.112	252	4.196	839079874551332433	839079630233110854	839079630233110853	672	
2	C7H16N4O3	[M + H]+	C7H17N4O3+	Amino acids and Peptides	0.991	Small peptides	0.993	Aminoacids	0.920	Organic acids and derivatives	0.986	Carboxylic acids and derivatives	0.965	Amino acids, peptides, and analogues	0.870	Amino acids and derivatives	0.868	Alpha amino acids	0.657	Organic compounds; Lipids and lipid-like molecules; Amino acids, peptides, and analogues; Alpha amino acids and derivatives; Fatty acids and conjugates; Organic acids and derivatives; Carboxylic acids and derivatives; Organonitrogen compounds; Organooxygen compounds; Amino acids and derivatives; Monoalkylamines; Monocarboxylic acids and derivatives; Carboxylic acids; Carbonyl compounds; Alpha amino acids; Amines; Primary amines; Fatty Acyls; Organic oxides; Hydrocarbon derivatives; Amino acids; Organopnictogen compounds; Organic oxygen compounds; Organic nitrogen compounds; Chemical entities	205.130	253	4.217	839079834382479459	839079630266665290	839079630262470985	673	
1	C7H9NO3	[M - H2O + H]+	C7H8NO2+	Alkaloids	0.929	Nicotinic acid alkaloids	0.936	Pyridine alkaloids	0.936	Organoheterocyclic compounds	0.977	Pyridines and derivatives	0.640	Methylpyridines	0.740			Methylpyridines	0.740	Organic compounds; Organoheterocyclic compounds; Pyridines and derivatives; Organic acids and derivatives; Carboxylic acids and derivatives; Organonitrogen compounds; Organooxygen compounds; Monocarboxylic acids and derivatives; Carboxylic acids; Organic oxides; Azacyclic compounds; Heteroaromatic compounds; Hydrocarbon derivatives; Methylpyridines; Organopnictogen compounds; Organic oxygen compounds; Organic nitrogen compounds; Chemical entities	138.055	253	4.225	839079843849024268	839079630296025422	839079630296025421	674	
2	C11H22O2S	[M + H3N + H]+	C11H26NO2S+	Fatty acids	0.993	Fatty Acids and Conjugates	0.870	Thia fatty acids	0.890	Lipids and lipid-like molecules	0.765	Fatty Acyls	0.761	Fatty acids and conjugates	0.591			Fatty acids and conjugates	0.591	Organic compounds; Organosulfur compounds; Lipids and lipid-like molecules; Fatty acids and conjugates; Organic acids and derivatives; Carboxylic acids and derivatives; Organooxygen compounds; Monocarboxylic acids and derivatives; Thioethers; Carboxylic acids; Carbonyl compounds; Sulfenyl compounds; Fatty Acyls; Organic oxides; Hydrocarbon derivatives; Organic oxygen compounds; Chemical entities	236.168	254	4.227	839079833031913402	839079630539295082	839079630539295081	681	
1	C20H44N4O8	[M + Na]+	C20H44N4NaO8+	Amino acids and Peptides	0.520	Small peptides	0.375	N-acyl amines	0.269	Organic acids and derivatives	0.987	Carboxylic acids and derivatives	0.975	Amino acids, peptides, and analogues	0.920	Amino acids and derivatives	0.912	N-acyl-alpha amino acids and derivatives	0.712	Organic compounds; Lipids and lipid-like molecules; Amino acids, peptides, and analogues; Alpha amino acids and derivatives; Alcohols and polyols; Fatty acids and conjugates; Organic acids and derivatives; Carboxylic acids and derivatives; Organonitrogen compounds; Organooxygen compounds; Fatty amides; Branched fatty acids; Amino acids and derivatives; Monoalkylamines; Carboxylic acid amides; Carboxylic acid derivatives; N-acyl amines; Monocarboxylic acids and derivatives; N-acyl-alpha amino acids and derivatives; Carboxylic acids; Secondary alcohols; Secondary carboxylic acid amides; Carbonyl compounds; Fatty Acyls; Organic oxides; Hydrocarbon derivatives; Valine and derivatives; Organopnictogen compounds; Organic oxygen compounds; Organic nitrogen compounds; Chemical entities	491.305	254	4.228	839079843928716064	839079630333774162	839079630333774161	675	
1	C10H22N2O4	[M + H]+	C10H23N2O4+	Amino acids and Peptides	0.968	Small peptides	0.983	Dipeptides	0.508	Organic acids and derivatives	1.000	Carboxylic acids and derivatives	0.999	Amino acids, peptides, and analogues	0.993	Amino acids and derivatives	0.993	Alpha amino acid esters	0.551	Organic compounds; Lipids and lipid-like molecules; Amino acids, peptides, and analogues; Alpha amino acids and derivatives; Fatty acids and conjugates; Organic acids and derivatives; Carboxylic acids and derivatives; Organonitrogen compounds; Organooxygen compounds; Fatty acid esters; Branched fatty acids; Amino acids and derivatives; Alpha amino acid esters; Carboxylic acid amides; Carboxylic acid derivatives; N-acyl amines; Monocarboxylic acids and derivatives; N-acyl-alpha amino acids and derivatives; Carboxylic acid esters; Secondary carboxylic acid amides; Carbonyl compounds; Methyl-branched fatty acids; Fatty Acyls; Organic oxides; Hydrocarbon derivatives; Valine and derivatives; Organopnictogen compounds; Organic oxygen compounds; Organic nitrogen compounds; Chemical entities	235.165	254	4.230	839079969225166972	839079630438631774	839079630438631773	678	
1	C8H15NO6	[M - H2O + H]+	C8H14NO5+	Carbohydrates	0.998	Aminosugars and aminoglycosides	0.998	Aminosugars	0.999	Organic oxygen compounds	1.000	Organooxygen compounds	1.000	Carbohydrates and carbohydrate conjugates	0.941	Monosaccharides	0.936	Hexoses	0.776	Organic compounds; Organoheterocyclic compounds; Carbohydrates and carbohydrate conjugates; Alcohols and polyols; Ethers; Organic acids and derivatives; Carboxylic acids and derivatives; Organonitrogen compounds; Primary alcohols; Organooxygen compounds; Carboxylic acid amides; Hemiacetals; Carboxylic acid derivatives; Hexoses; Monosaccharides; Secondary alcohols; Secondary carboxylic acid amides; Carbonyl compounds; Oxanes; Polyols; Aminosaccharides; Acetamides; Organic oxides; Oxacyclic compounds; Hydrocarbon derivatives; Organopnictogen compounds; Organic oxygen compounds; Organic nitrogen compounds; Chemical entities	204.087	254	4.231	839079891299189955	839079630367328598	839079630367328597	676	
1	C10H22N2O4	[M + Na]+	C10H22N2NaO4+	Amino acids and Peptides	0.949	Small peptides	0.977	Aminoacids	0.547	Organic acids and derivatives	1.000	Carboxylic acids and derivatives	0.999	Amino acids, peptides, and analogues	0.998	Amino acids and derivatives	0.998	Carbamate esters	0.904	Organic compounds; Lipids and lipid-like molecules; Amino acids, peptides, and analogues; Alpha amino acids and derivatives; Fatty acids and conjugates; Organic acids and derivatives; Carboxylic acids and derivatives; Organonitrogen compounds; Carbamic acids and derivatives; Organooxygen compounds; Fatty acid esters; Branched fatty acids; Amino acids and derivatives; Organic carbonic acids and derivatives; Carboxylic acid derivatives; Monocarboxylic acids and derivatives; Carbamate esters; Carboxylic acids; Carbonyl compounds; Methyl-branched fatty acids; Fatty Acyls; Organic oxides; Hydrocarbon derivatives; Valine and derivatives; Organopnictogen compounds; Organic oxygen compounds; Organic nitrogen compounds; Chemical entities	257.147	254	4.232	839079839151403368	839079630509934950	839079630505740645	680	
3	C8H10BNO4S	[M + H3N + H]+	C8H14BN2O4S+	Amino acids and Peptides	0.269	Small peptides	0.208	Pinane monoterpenoids	0.147	Benzenoids	0.565							Benzenoids	0.565	Organic compounds; Organoheterocyclic compounds; Organosulfur compounds; Organic acids and derivatives; Organooxygen compounds; Boronic acids; Organometallic compounds; Boronic acid derivatives; Organometalloid compounds; Benzenoids; Organoboron compounds; Organic salts; Organic metalloid salts; Organic metal salts; Hydrocarbon derivatives; Organic oxygen compounds; Chemical entities	244.079	254	4.233	839079874748464758	839079630472186210	839079630472186209	679	
1	C15H33N3O6	[M + H]+	C15H34N3O6+	Amino acids and Peptides	0.927	Small peptides	0.953	Dipeptides	0.331	Organic acids and derivatives	1.000	Carboxylic acids and derivatives	0.999	Amino acids, peptides, and analogues	0.996	Amino acids and derivatives	0.995	Alpha amino acid esters	0.670	Organic compounds; Lipids and lipid-like molecules; Amino acids, peptides, and analogues; Alpha amino acids and derivatives; Organic acids and derivatives; Carboxylic acids and derivatives; Organonitrogen compounds; Organooxygen compounds; Fatty acid esters; Fatty amides; Branched fatty acids; Amino acids and derivatives; Alpha amino acid esters; Carboxylic acid amides; Carboxylic acid derivatives; N-acyl amines; Monocarboxylic acids and derivatives; N-acyl-alpha amino acids and derivatives; Carboxylic acid esters; Secondary carboxylic acid amides; Carbonyl compounds; Alpha amino acid amides; Fatty Acyls; Organic oxides; Hydrocarbon derivatives; Valine and derivatives; Organopnictogen compounds; Organic oxygen compounds; Organic nitrogen compounds; Chemical entities	352.244	254	4.233	839079879731298369	839079630644152694	839079630644152693	684	
3	C4H7FN2	[M + H3N + H]+	C4H11FN3+	Alkaloids	0.494	Nicotinic acid alkaloids	0.265	Pyridine alkaloids	0.263	Organohalogen compounds	0.955	Aryl halides	0.427	Aryl fluorides	0.644			Aryl fluorides	0.644	Organic compounds; Organohalogen compounds; Organonitrogen compounds; Aryl fluorides; Organofluorides; Hydrocarbon derivatives; Organopnictogen compounds; Organic nitrogen compounds; Chemical entities	120.093	254	4.235	839079846013285501	839079630606403954	839079630606403953	683	
1	C10H22N2O4	[M + K]+	C10H22KN2O4+	Amino acids and Peptides	0.991	Small peptides	0.994	Dipeptides	0.850	Organic acids and derivatives	0.999	Carboxylic acids and derivatives	0.997	Amino acids, peptides, and analogues	0.977	Peptides	0.539	Peptides	0.539	Organic compounds; Lipids and lipid-like molecules; Amino acids, peptides, and analogues; Alpha amino acids and derivatives; Fatty acids and conjugates; Organic acids and derivatives; Carboxylic acids and derivatives; Organonitrogen compounds; Organooxygen compounds; Fatty amides; Branched fatty acids; Amino acids and derivatives; Peptides; Monoalkylamines; Carboxylic acid amides; Carboxylic acid derivatives; N-acyl amines; Monocarboxylic acids and derivatives; N-acyl-alpha amino acids and derivatives; Carboxylic acids; Secondary carboxylic acid amides; Carbonyl compounds; Alpha amino acid amides; Amines; Primary amines; Methyl-branched fatty acids; Fatty Acyls; Organic oxides; Hydrocarbon derivatives; Amino acids; Valine and derivatives; Organopnictogen compounds; Organic oxygen compounds; Organic nitrogen compounds; Chemical entities	273.121	254	4.237	839079883732664621	839079630572849518	839079630572849517	682	
3	C13H17FO3	[M + H3N + H]+	C13H21FNO3+	Fatty acids	0.283	Fatty Acids and Conjugates	0.160	Halogenated fatty acids	0.323	Benzenoids	0.700	Benzene and substituted derivatives	0.689					Benzene and substituted derivatives	0.689	Organic compounds; Organic acids and derivatives; Carboxylic acids and derivatives; Organohalogen compounds; Organooxygen compounds; Monocarboxylic acids and derivatives; Organofluorides; Carbonyl compounds; Benzene and substituted derivatives; Benzenoids; Alkyl halides; Organic oxides; Hydrocarbon derivatives; Organic oxygen compounds; Chemical entities	258.151	255	4.244	839079835800154236	839079630677707130	839079630677707129	685	
1	C5H11NO2	[M + Na]+	C5H11NNaO2+	Amino acids and Peptides	0.737	Small peptides	0.870	Aminoacids	0.827	Organic acids and derivatives	0.976	Carboxylic acids and derivatives	0.967	Amino acids, peptides, and analogues	0.753	Amino acids and derivatives	0.750	Alpha amino acids and derivatives	0.703	Organic compounds; Amino acids, peptides, and analogues; Alpha amino acids and derivatives; Organic acids and derivatives; Carboxylic acids and derivatives; Organonitrogen compounds; Organooxygen compounds; Amino acids and derivatives; Quaternary ammonium salts; Carboxylic acid derivatives; Monocarboxylic acids and derivatives; Carbonyl compounds; Amines; Organic cations; Organic salts; Organic oxides; Hydrocarbon derivatives; Tetraalkylammonium salts; Organopnictogen compounds; Organic oxygen compounds; Organic nitrogen compounds; Chemical entities	140.068	255	4.253	839079840048984576	839079630744816002	839079630744816001	687	
3	C11H15NO6	[M + H3N + H]+	C11H19N2O6+	Amino acids and Peptides	0.424	Amino acid glycosides	0.211	Cyanogenic glycosides	0.301	Organic acids and derivatives	0.727	Carboxylic acids and derivatives	0.730					Carboxylic acids and derivatives	0.730	Organic compounds; Organic acids and derivatives; Carboxylic acids and derivatives; Organonitrogen compounds; Organooxygen compounds; Carbonyl compounds; Organic oxides; Hydrocarbon derivatives; Organopnictogen compounds; Organic oxygen compounds; Organic nitrogen compounds; Chemical entities	275.124	257	4.279	839079833925300249	839079630807730570	839079630807730569	689	
1	C6H11N3O	[M + H3N + H]+	C6H15N4O+	Alkaloids	0.969	Guanidine alkaloids	0.607	Imidazole alkaloids	0.256	Organic nitrogen compounds	1.000	Organonitrogen compounds	1.000	Guanidines	0.982			Guanidines	0.982	Organic compounds; Organoheterocyclic compounds; Organonitrogen compounds; Organooxygen compounds; Guanidines; Carboximidamides; Organic 1,3-dipolar compounds; Propargyl-type 1,3-dipolar organic compounds; Organic oxides; Azacyclic compounds; Hydrocarbon derivatives; Organopnictogen compounds; Organic oxygen compounds; Organic nitrogen compounds; Chemical entities	159.124	257	4.281	839079842280354430	839079630841285006	839079630841285005	690	
1	C17H32N6O5S	[M - H2O + H]+	C17H31N6O4S+	Carbohydrates	0.806	Nucleosides	0.474	Purine nucleosides	0.393	Organoheterocyclic compounds	0.951	Biotin and derivatives	0.558					Biotin and derivatives	0.558	Organic compounds; Organoheterocyclic compounds; Organosulfur compounds; Lipids and lipid-like molecules; Alcohols and polyols; Thiolanes; Biotin and derivatives; Organic acids and derivatives; Organonitrogen compounds; Organooxygen compounds; Thioethers; Carbonyl compounds; Amines; Primary amines; Organic 1,3-dipolar compounds; Propargyl-type 1,3-dipolar organic compounds; Dialkylthioethers; Fatty Acyls; Organic oxides; Azacyclic compounds; Oxacyclic compounds; Heteroaromatic compounds; Hydrocarbon derivatives; Organopnictogen compounds; Organic oxygen compounds; Organic nitrogen compounds; Chemical entities	415.212	261	4.347	839079854632580924	839079631084554666	839079631080360361	697	
2	C46H76N2O7	[M + H3N + H]+	C46H80N3O7+	Polyketides	0.466	Linear polyketides	0.731	Open-chain polyketides	0.638	Lipids and lipid-like molecules	0.633							Lipids and lipid-like molecules	0.633	Organic compounds; Organoheterocyclic compounds; Lipids and lipid-like molecules; Ketones; Alcohols and polyols; Organic acids and derivatives; Carboxylic acids and derivatives; Organonitrogen compounds; Organooxygen compounds; Carboxylic acid derivatives; Carboxylic acid esters; Secondary alcohols; Carbonyl compounds; Amines; Organic oxides; Oxacyclic compounds; Hydrocarbon derivatives; Organopnictogen compounds; Organic oxygen compounds; Organic nitrogen compounds; Chemical entities	786.601	261	4.350	839079891320161496	839079630874839442	839079630870645137	691	
2	C12H19FN6O2	[M + H]+	C12H20FN6O2+	Alkaloids	0.183	Small peptides	0.279	Aminoacids	0.033	Organoheterocyclic compounds	0.984	Diazines	0.492	Pyrimidines and pyrimidine derivatives	0.498	Aminopyrimidines and derivatives	0.516	Aminopyrimidines and derivatives	0.516	Organic compounds; Organoheterocyclic compounds; Halobenzenes; Organohalogen compounds; Organonitrogen compounds; Organooxygen compounds; Aryl fluorides; Fluorobenzenes; Organic nitro compounds; Aminopyrimidines and derivatives; Organic oxoazanium compounds; Organofluorides; Benzene and substituted derivatives; Benzenoids; Amines; Primary amines; Aryl halides; Allyl-type 1,3-dipolar organic compounds; Imidolactams; Organic oxides; C-nitro compounds; Azacyclic compounds; Heteroaromatic compounds; Hydrocarbon derivatives; Organopnictogen compounds; Organic oxygen compounds; Organic nitrogen compounds; Chemical entities	299.163	261	4.355	839079834059517998	839079630937754010	839079630937754009	693	
3	C13H20N2O4	[M + H3N + H]+	C13H24N3O4+	Alkaloids	0.423	Ornithine alkaloids	0.332	Pyrrolidine alkaloids	0.118	Lipids and lipid-like molecules	0.574	Fatty Acyls	0.573					Fatty Acyls	0.573	Organic compounds; Lipids and lipid-like molecules; Organic acids and derivatives; Carboxylic acids and derivatives; Organonitrogen compounds; Organooxygen compounds; Carboxylic acid amides; Carboxylic acid derivatives; Monocarboxylic acids and derivatives; Secondary carboxylic acid amides; Carbonyl compounds; Fatty Acyls; Organic oxides; Hydrocarbon derivatives; Organopnictogen compounds; Organic oxygen compounds; Organic nitrogen compounds; Chemical entities	286.176	262	4.358	839079840300642845	839079630971308446	839079630971308445	694	
1	C17H30N6O4S	[M + H3N + H]+	C17H34N7O4S+	Amino acids and Peptides	0.392	Oligopeptides	0.214	Cyclamides	0.417	Organoheterocyclic compounds	0.984	Azoles	0.896					Azoles	0.896	Organic compounds; Organoheterocyclic compounds; Organosulfur compounds; Organic acids and derivatives; Organonitrogen compounds; Organooxygen compounds; Azoles; Thioethers; Carbonyl compounds; Amines; Primary amines; Sulfenyl compounds; Organic 1,3-dipolar compounds; Dialkylthioethers; Organic oxides; Azacyclic compounds; Oxacyclic compounds; Heteroaromatic compounds; Hydrocarbon derivatives; Organopnictogen compounds; Organic oxygen compounds; Organic nitrogen compounds; Chemical entities	432.238	263	4.375	839079879345422377	839079631214578106	839079631214578105	701	
1	C6H15F2N3O3S	[M + H]+	C6H16F2N3O3S+	Alkaloids	0.143	Small peptides	0.211	Aminoacids	0.278	Organohalogen compounds	0.938	Alkyl halides	0.967	Alkyl fluorides	0.919			Alkyl fluorides	0.919	Organic compounds; Organosulfur compounds; Organohalogen compounds; Organonitrogen compounds; Organooxygen compounds; Alkyl fluorides; Organofluorides; Alkyl halides; Organic oxides; Hydrocarbon derivatives; Organopnictogen compounds; Organic oxygen compounds; Organic nitrogen compounds; Chemical entities	248.088	263	4.382	839079839545667974	839079631009057186	839079631009057185	695	
1	C19H27NO12	[M + H3N + H]+	C19H31N2O12+	Carbohydrates	0.997	Aminosugars and aminoglycosides	0.948	Aminosugars	0.900	Organic oxygen compounds	1.000	Organooxygen compounds	1.000	Carbohydrates and carbohydrate conjugates	0.997	Aminosaccharides	0.985	N-acyl-alpha-hexosamines	0.985	Organic compounds; Organoheterocyclic compounds; Carbohydrates and carbohydrate conjugates; Alcohols and polyols; Ethers; Organic acids and derivatives; Carboxylic acids and derivatives; Organonitrogen compounds; Primary alcohols; Organooxygen compounds; Carboxylic acid amides; Carboxylic acid derivatives; Acetals; Secondary alcohols; Secondary carboxylic acid amides; Carbonyl compounds; Oxanes; Glycosyl compounds; O-glycosyl compounds; N-acyl-alpha-hexosamines; Benzene and substituted derivatives; Benzenoids; Aminosaccharides; Acetamides; Organic oxides; Oxacyclic compounds; Hydrocarbon derivatives; Organopnictogen compounds; Organic oxygen compounds; Organic nitrogen compounds; Chemical entities	479.187	263	4.383	839079897536120495	839079631046805926	839079631046805925	696	
2	C25H28N2O7S	[M + H]+	C25H29N2O7S+	Amino acids and Peptides	0.826	β-lactams	0.612	Penicillins	0.387	Organic acids and derivatives	0.996	Carboxylic acids and derivatives	0.987	Amino acids, peptides, and analogues	0.783	Amino acids and derivatives	0.777	N-acyl-alpha amino acids and derivatives	0.564	Organic compounds; Organoheterocyclic compounds; Organosulfur compounds; Amino acids, peptides, and analogues; Alpha amino acids and derivatives; Alkyl aryl ethers; Lactams; Beta lactams; Ethers; Organic acids and derivatives; Carboxylic acids and derivatives; Organonitrogen compounds; Organooxygen compounds; Amino acids and derivatives; Carboxylic acid amides; Carboxylic acid derivatives; Monocarboxylic acids and derivatives; N-acyl-alpha amino acids and derivatives; Thioethers; Carboxylic acid esters; Secondary carboxylic acid amides; Tertiary carboxylic acid amides; Carbonyl compounds; Benzene and substituted derivatives; Phenol ethers; Benzenoids; Dialkylthioethers; Organic oxides; Azacyclic compounds; Oxacyclic compounds; Hydrocarbon derivatives; Organopnictogen compounds; Organic oxygen compounds; Organic nitrogen compounds; Phenoxy compounds; Chemical entities	501.169	263	4.388	839079882365321356	839079631118109102	839079631118109101	698	
1	C5H8N2O2	[M + H3N + H]+	C5H12N3O2+	Amino acids and Peptides	0.527	Small peptides	0.520	Aminoacids	0.720	Lipids and lipid-like molecules	0.492	Fatty Acyls	0.534	Fatty acids and conjugates	0.577	Straight chain fatty acids	0.608	Straight chain fatty acids	0.608	Organic compounds; Fatty acids and conjugates; Organic acids and derivatives; Carboxylic acids and derivatives; Organonitrogen compounds; Organooxygen compounds; Straight chain fatty acids; Monocarboxylic acids and derivatives; Carboxylic acids; Carbonyl compounds; Fatty Acyls; Organic oxides; Hydrocarbon derivatives; Organopnictogen compounds; Organic oxygen compounds; Organic nitrogen compounds; Chemical entities	146.092	265	4.418	839079844117459763	839079631185217974	839079631185217973	700	
3	C11H16N4O2	[M + H3N + H]+	C11H20N5O2+	Alkaloids	0.790	Small peptides	0.252	Imidazole alkaloids	0.167	Organoheterocyclic compounds	0.959	Azoles	0.650					Azoles	0.650	Organic compounds; Organoheterocyclic compounds; Organonitrogen compounds; Organooxygen compounds; Azoles; Organic oxides; Azacyclic compounds; Heteroaromatic compounds; Hydrocarbon derivatives; Organopnictogen compounds; Organic oxygen compounds; Organic nitrogen compounds; Chemical entities	254.161	266	4.432	839079846701151400	839079631252326846	839079631248132541	702	
3	C9H17N3O3	[M + H3N + H]+	C9H21N4O3+	Amino acids and Peptides	0.968	Small peptides	0.983	Dipeptides	0.641	Organic acids and derivatives	0.999	Carboxylic acids and derivatives	0.994	Amino acids, peptides, and analogues	0.983	Amino acids and derivatives	0.981	Carbamate esters	0.535	Organic compounds; Lipids and lipid-like molecules; Amino acids, peptides, and analogues; Alpha amino acids and derivatives; Fatty acids and conjugates; Organic acids and derivatives; Carboxylic acids and derivatives; Organonitrogen compounds; Organooxygen compounds; Branched fatty acids; Amino acids and derivatives; Carboxylic acid amides; Carboxylic acid derivatives; Monocarboxylic acids and derivatives; Carbamate esters; Carboxylic acids; Carbonyl compounds; Alpha amino acid amides; Methyl-branched fatty acids; Fatty Acyls; Organic oxides; Hydrocarbon derivatives; Valine and derivatives; Organopnictogen compounds; Organic oxygen compounds; Organic nitrogen compounds; Chemical entities	233.161	268	4.459	839079837809225919	839079631323630022	839079631323630021	704	
3	C9H19N3O4S	[M + H3N + H]+	C9H23N4O4S+	Amino acids and Peptides	0.958	Small peptides	0.943	Dipeptides	0.345	Organic acids and derivatives	0.917	Carboxylic acids and derivatives	0.840	Amino acids, peptides, and analogues	0.632	Amino acids and derivatives	0.626	Alpha amino acids	0.527	Organic compounds; Organosulfur compounds; Lipids and lipid-like molecules; Amino acids, peptides, and analogues; Alpha amino acids and derivatives; Fatty acids and conjugates; Organic acids and derivatives; Carboxylic acids and derivatives; Organonitrogen compounds; Organooxygen compounds; Amino acids and derivatives; Monoalkylamines; Monocarboxylic acids and derivatives; Carboxylic acids; Thia fatty acids; Carbonyl compounds; Alpha amino acids; Amines; Primary amines; Fatty Acyls; Organic oxides; Hydrocarbon derivatives; Amino acids; Organopnictogen compounds; Organic oxygen compounds; Organic nitrogen compounds; Chemical entities	283.143	268	4.461	839079845048595442	839079631390738894	839079631390738893	706	
3	C7H7NO2	[M + H]+	C7H8NO2+	Alkaloids	0.993	Nicotinic acid alkaloids	0.992	Pyridine alkaloids	0.992	Organoheterocyclic compounds	1.000	Pyridines and derivatives	0.996	Pyridinecarboxylic acids and derivatives	0.950	Pyridinecarboxylic acids	0.942	Pyridinecarboxylic acids	0.942	Organic compounds; Organoheterocyclic compounds; Pyridines and derivatives; Organic acids and derivatives; Carboxylic acids and derivatives; Organonitrogen compounds; Organooxygen compounds; Monocarboxylic acids and derivatives; Carboxylic acids; Pyridinecarboxylic acids and derivatives; Pyridinecarboxylic acids; Organic oxides; Azacyclic compounds; Heteroaromatic compounds; Hydrocarbon derivatives; Methylpyridines; N-methylpyridinium compounds; Organopnictogen compounds; Organic oxygen compounds; Organic nitrogen compounds; Chemical entities	138.055	268	4.463	839079845006652377	839079631357184458	839079631357184457	705	
3	C14H13N2O2S	[M + H3N + H]+	C14H17N3O2S+	Alkaloids	0.679	Nicotinic acid alkaloids	0.275	Pyridine alkaloids	0.275	Benzenoids	0.897	Benzene and substituted derivatives	0.528					Benzene and substituted derivatives	0.528	Organic compounds; Organoheterocyclic compounds; Organic acids and derivatives; Carboxylic acids and derivatives; Organonitrogen compounds; Organooxygen compounds; Benzene and substituted derivatives; Benzenoids; Organic oxides; Azacyclic compounds; Heteroaromatic compounds; Hydrocarbon derivatives; Organopnictogen compounds; Organic oxygen compounds; Organic nitrogen compounds; Chemical entities	291.105	268	4.474	839079980348461486	839079631420099026	839079631420099025	707	
1	C8H18N2	[M + H3N + H]+	C8H22N3+	Terpenoids	0.272	Monoterpenoids	0.467	Acetate-derived alkaloids	0.640	Organic nitrogen compounds	0.997	Organonitrogen compounds	0.994					Organonitrogen compounds	0.994	Organic compounds; Organonitrogen compounds; Hydrocarbon derivatives; Organopnictogen compounds; Organic nitrogen compounds; Chemical entities	160.181	272	4.526	839079844700468152	839079631285881282	839079631285881281	703	
2	C17H32N6O5S	[M - H2O + H]+	C17H31N6O4S+	Amino acids and Peptides	0.672	Oligopeptides	0.352	Cyclamides	0.388	Lipids and lipid-like molecules	0.608	Fatty Acyls	0.585					Fatty Acyls	0.585	Organic compounds; Organoheterocyclic compounds; Organosulfur compounds; Lipids and lipid-like molecules; Organic acids and derivatives; Carboxylic acids and derivatives; Organonitrogen compounds; Organooxygen compounds; Azoles; Carboxylic acid derivatives; Thioethers; Carbonyl compounds; Amines; Sulfenyl compounds; Dialkylthioethers; Fatty Acyls; Organic oxides; Azacyclic compounds; Oxacyclic compounds; Heteroaromatic compounds; Hydrocarbon derivatives; Organopnictogen compounds; Organic oxygen compounds; Organic nitrogen compounds; Chemical entities	415.211	273	4.543	839079866502462397	839079631617231334	839079631617231333	712	
1	C17H28N2O6S	[M + Na]+	C17H28N2NaO6S+	Amino acids and Peptides	0.918	Small peptides	0.226	Aminoglycosides	0.165	Organic acids and derivatives	0.990	Carboxylic acids and derivatives	0.982	Amino acids, peptides, and analogues	0.906	Amino acids and derivatives	0.900	N-acyl-alpha amino acids and derivatives	0.533	Organic compounds; Organoheterocyclic compounds; Organosulfur compounds; Lipids and lipid-like molecules; Amino acids, peptides, and analogues; Alpha amino acids and derivatives; Alcohols and polyols; Organic acids and derivatives; Carboxylic acids and derivatives; Organonitrogen compounds; Organooxygen compounds; Amino acids and derivatives; Carboxylic acid amides; Carboxylic acid derivatives; Monocarboxylic acids and derivatives; N-acyl-alpha amino acids and derivatives; Carboxylic acids; Secondary alcohols; Secondary carboxylic acid amides; Carbonyl compounds; Sulfenyl compounds; Fatty Acyls; Organic oxides; Hydrocarbon derivatives; Organopnictogen compounds; Organic oxygen compounds; Organic nitrogen compounds; Chemical entities	411.154	274	4.570	839079906620983385	839079631487207898	839079631487207897	709	
5	C27H26N4O3S	[M + H]+	C27H27N4O3S+	Amino acids and Peptides	0.526	Tryptophan alkaloids	0.193	Other indole diketopiperazine alkaloids	0.040	Benzenoids	0.982	Benzene and substituted derivatives	0.819					Benzene and substituted derivatives	0.819	Organic compounds; Organoheterocyclic compounds; Organosulfur compounds; Organic acids and derivatives; Carboxylic acids and derivatives; Organonitrogen compounds; Organooxygen compounds; Carboxylic acid amides; Carboxylic acid derivatives; Carbonyl compounds; Benzene and substituted derivatives; Benzenoids; Organic oxides; Azacyclic compounds; Heteroaromatic compounds; Hydrocarbon derivatives; Organopnictogen compounds; Organic oxygen compounds; Organic nitrogen compounds; Chemical entities	487.179	274	4.570	839079919069678029	839079631579482594	839079631575288289	711	
1	C7H17F2N3O3S	[M - H2O + H]+	C7H16F2N3O2S+	Alkaloids	0.155	Ornithine alkaloids	0.127	Aminoacids	0.116	Organohalogen compounds	0.979	Alkyl halides	0.984	Alkyl fluorides	0.966			Alkyl fluorides	0.966	Organic compounds; Organosulfur compounds; Organohalogen compounds; Organonitrogen compounds; Organooxygen compounds; Alkyl fluorides; Organofluorides; Alkyl halides; Organic oxides; Hydrocarbon derivatives; Organopnictogen compounds; Organic oxygen compounds; Organic nitrogen compounds; Chemical entities	244.093	274	4.573	839079851352634910	839079631520762334	839079631520762333	710	
1	C8H18N3O3PS2	[M - H2O + H]+	C8H17N3O2PS2+	Alkaloids	0.276	Histidine alkaloids	0.155	Imidazole alkaloids	0.158	Organosulfur compounds	0.849	Sulfenyl compounds	0.649					Sulfenyl compounds	0.649	Organic compounds; Organosulfur compounds; Organic acids and derivatives; Organonitrogen compounds; Organooxygen compounds; Sulfenyl compounds; Organic oxides; Hydrocarbon derivatives; Organopnictogen compounds; Organic oxygen compounds; Organic nitrogen compounds; Chemical entities	282.049	274	4.573	839079891710231816	839079631646591466	839079631646591465	713	
1	C12H21N5O5	[M + K]+	C12H21KN5O5+	Amino acids and Peptides	0.783	Small peptides	0.662	Dipeptides	0.312	Lipids and lipid-like molecules	0.572	Fatty Acyls	0.569					Fatty Acyls	0.569	Organic compounds; Organoheterocyclic compounds; Lipids and lipid-like molecules; Organic acids and derivatives; Carboxylic acids and derivatives; Organonitrogen compounds; Organooxygen compounds; Monoalkylamines; Carbonyl compounds; Amines; Primary amines; Fatty Acyls; Organic oxides; Oxacyclic compounds; Hydrocarbon derivatives; Organopnictogen compounds; Organic oxygen compounds; Organic nitrogen compounds; Chemical entities	354.117	275	4.578	839079861016312123	839079631717894642	839079631717894641	715	
1	C12H18N4O5	[M + H3N + H]+	C12H22N5O5+	Amino acids and Peptides	0.959	Small peptides	0.917	Dipeptides	0.701	Organic acids and derivatives	0.990	Carboxylic acids and derivatives	0.974	Amino acids, peptides, and analogues	0.861	Amino acids and derivatives	0.853	Alpha amino acids and derivatives	0.844	Organic compounds; Lipids and lipid-like molecules; Amino acids, peptides, and analogues; Alpha amino acids and derivatives; Organic acids and derivatives; Carboxylic acids and derivatives; Organonitrogen compounds; Organooxygen compounds; Fatty amides; Amino acids and derivatives; Carboxylic acid amides; Carboxylic acid derivatives; N-acyl amines; Monocarboxylic acids and derivatives; Carboxylic acids; Primary carboxylic acid amides; Secondary carboxylic acid amides; Carbonyl compounds; Amines; Fatty Acyls; Organic oxides; Hydrocarbon derivatives; Organopnictogen compounds; Organic oxygen compounds; Organic nitrogen compounds; Chemical entities	316.161	275	4.579	839079860911454495	839079631751449078	839079631747254773	716	
1	C12H21N5O5	[M + Na]+	C12H21N5NaO5+	Amino acids and Peptides	0.997	Small peptides	0.999	Dipeptides	0.913	Organic acids and derivatives	1.000	Carboxylic acids and derivatives	1.000	Amino acids, peptides, and analogues	0.998	Peptides	0.987	Oligopeptides	0.511	Organic compounds; Lipids and lipid-like molecules; Amino acids, peptides, and analogues; Alpha amino acids and derivatives; Fatty acids and conjugates; Organic acids and derivatives; Carboxylic acids and derivatives; Organonitrogen compounds; Organooxygen compounds; Fatty amides; Amino acids and derivatives; Peptides; Monoalkylamines; Carboxylic acid amides; Carboxylic acid derivatives; N-acyl amines; Monocarboxylic acids and derivatives; N-acyl-alpha amino acids and derivatives; Carboxylic acids; Primary carboxylic acid amides; Secondary carboxylic acid amides; Carbonyl compounds; Alpha amino acid amides; N-acyl-alpha amino acids; Amines; Primary amines; Fatty Acyls; Organic oxides; Hydrocarbon derivatives; Amino acids; Glutamine and derivatives; Organopnictogen compounds; Organic oxygen compounds; Organic nitrogen compounds; Dipeptides; Oligopeptides; Chemical entities	338.143	275	4.580	839079900174337866	839079631684340206	839079631684340205	714	
2	C11H24N2O4S	[M + H3N + H]+	C11H28N3O4S+	Amino acids and Peptides	0.777	Small peptides	0.711	N-acyl amines	0.350	Lipids and lipid-like molecules	0.798	Fatty Acyls	0.824	Fatty acids and conjugates	0.799	Thia fatty acids	0.544	Thia fatty acids	0.544	Organic compounds; Organosulfur compounds; Lipids and lipid-like molecules; Fatty acids and conjugates; Organic acids and derivatives; Carboxylic acids and derivatives; Organonitrogen compounds; Organooxygen compounds; Monocarboxylic acids and derivatives; Carboxylic acids; Thia fatty acids; Carbonyl compounds; Fatty Acyls; Organic oxides; Hydrocarbon derivatives; Organopnictogen compounds; Organic oxygen compounds; Organic nitrogen compounds; Chemical entities	298.179	275	4.589	839079844335563582	839079631780809210	839079631780809209	717	
2	C7H7N5O3	[M + H]+	C7H8N5O3+	Alkaloids	0.551	Pseudoalkaloids (transamidation)	0.716	Purine alkaloids	0.790	Organoheterocyclic compounds	0.995	Pteridines and derivatives	0.879	Pterins and derivatives	0.962			Pterins and derivatives	0.962	Organic compounds; Organoheterocyclic compounds; Pyrimidines and pyrimidine derivatives; Pteridines and derivatives; Pterins and derivatives; Alcohols and polyols; Organic acids and derivatives; Organonitrogen compounds; Pyrimidones; Organooxygen compounds; Aminopyrimidines and derivatives; Diazines; Amines; Primary amines; Vinylogous amides; Organic oxides; Azacyclic compounds; Heteroaromatic compounds; Hydrocarbon derivatives; Organopnictogen compounds; Organic oxygen compounds; Organic nitrogen compounds; Chemical entities	210.062	276	4.606	839079844926960582	839079631818557950	839079631818557949	718	
1	C11H9NO3	[M + H3N + H]+	C11H13N2O3+	Alkaloids	0.942	Anthranilic acid alkaloids	0.375	Quinoline alkaloids	0.389	Benzenoids	0.973							Benzenoids	0.973	Organic compounds; Organoheterocyclic compounds; Organic acids and derivatives; Carboxylic acids and derivatives; Organonitrogen compounds; Organooxygen compounds; Benzenoids; Organic oxides; Azacyclic compounds; Oxacyclic compounds; Heteroaromatic compounds; Hydrocarbon derivatives; Organopnictogen compounds; Organic oxygen compounds; Organic nitrogen compounds; Chemical entities	221.092	278	4.633	839079849108682129	839079631852112386	839079631852112385	719	
2	C9H10N2O4	[M + H3N + H]+	C9H14N3O4+	Alkaloids	0.735	Nicotinic acid alkaloids	0.913	Pyridine alkaloids	0.913	Organic acids and derivatives	0.932	Carboxylic acids and derivatives	0.895	Carboxylic acids	0.671			Carboxylic acids	0.671	Organic compounds; Organic acids and derivatives; Carboxylic acids and derivatives; Organonitrogen compounds; Organooxygen compounds; Monocarboxylic acids and derivatives; Carboxylic acids; Carbonyl compounds; Organic oxides; Hydrocarbon derivatives; Organopnictogen compounds; Organic oxygen compounds; Organic nitrogen compounds; Chemical entities	228.098	278	4.634	839079859074349207	839079631919221258	839079631919221257	721	
1	C10H18N2O2	[M + H3N + H]+	C10H22N3O2+	Amino acids and Peptides	0.970	Small peptides	0.771	Dipeptides	0.783	Organic acids and derivatives	0.995	Carboxylic acids and derivatives	0.992	Amino acids, peptides, and analogues	0.936	Amino acids and derivatives	0.929	Alpha amino acids and derivatives	0.915	Organic compounds; Organoheterocyclic compounds; Amino acids, peptides, and analogues; Alpha amino acids and derivatives; Lactams; Piperazines; Organic acids and derivatives; Carboxylic acids and derivatives; Organonitrogen compounds; Organooxygen compounds; Amino acids and derivatives; Carboxylic acid amides; Carboxylic acid derivatives; Secondary carboxylic acid amides; Tertiary carboxylic acid amides; Dioxopiperazines; Carbonyl compounds; Diazinanes; 2,5-dioxopiperazines; Organic oxides; Azacyclic compounds; Hydrocarbon derivatives; Organopnictogen compounds; Organic oxygen compounds; Organic nitrogen compounds; Chemical entities	216.171	278	4.635	839079859674134750	839079631885666822	839079631885666821	720	
1	C7H17NO3S	[M + H3N + H]+	C7H21N2O3S+	Fatty acids	0.954	Fatty Acids and Conjugates	0.283	Fatty alcohols	0.298	Organosulfur compounds	0.986	Sulfenyl compounds	0.751					Sulfenyl compounds	0.751	Organic compounds; Organosulfur compounds; Organic acids and derivatives; Organonitrogen compounds; Organooxygen compounds; Sulfenyl compounds; Organic oxides; Hydrocarbon derivatives; Organic oxygen compounds; Organic nitrogen compounds; Chemical entities	213.127	280	4.661	839079861188278642	839079631982135826	839079631982135825	723	
3	C12H13N3OS	[M + H3N + H]+	C12H17N4OS+	Alkaloids	0.750	Tryptophan alkaloids	0.095	Pyridine alkaloids	0.092	Organoheterocyclic compounds	0.951	Azoles	0.442	Thiazoles	0.506			Thiazoles	0.506	Organic compounds; Organoheterocyclic compounds; Thiazoles; Organonitrogen compounds; Organooxygen compounds; Organic oxides; Azacyclic compounds; Heteroaromatic compounds; Hydrocarbon derivatives; Organopnictogen compounds; Organic oxygen compounds; Organic nitrogen compounds; Chemical entities	265.112	281	4.683	839079850396333518	839079632015690262	839079632015690261	724	
1	C6H10N2O	[M + H3N + H]+	C6H14N3O+	Alkaloids	0.634	Lysine alkaloids	0.299	Piperidine alkaloids	0.161	Organoheterocyclic compounds	0.575	Azacyclic compounds	0.636					Azacyclic compounds	0.636	Organic compounds; Organoheterocyclic compounds; Organonitrogen compounds; Organooxygen compounds; Organic oxides; Azacyclic compounds; Hydrocarbon derivatives; Organopnictogen compounds; Organic oxygen compounds; Organic nitrogen compounds; Chemical entities	144.113	283	4.718	839079840170619417	839079632049244698	839079632049244697	725	
2	C7H7N5O2	[M + H]+	C7H8N5O2+	Alkaloids	0.919	Pseudoalkaloids (transamidation)	0.716	Purine alkaloids	0.857	Organoheterocyclic compounds	0.997	Pteridines and derivatives	0.413	Pterins and derivatives	0.546			Pterins and derivatives	0.546	Organic compounds; Organoheterocyclic compounds; Pyrimidines and pyrimidine derivatives; Pterins and derivatives; Organic acids and derivatives; Carboxylic acids and derivatives; Organonitrogen compounds; Pyrimidones; Organooxygen compounds; Azoles; Carboxylic acid derivatives; Diazines; Vinylogous amides; Organic oxides; Azacyclic compounds; Heteroaromatic compounds; Hydrocarbon derivatives; Organopnictogen compounds; Organic oxygen compounds; Organic nitrogen compounds; Chemical entities	194.067	283	4.720	839079844432032627	839079632082799134	839079632082799133	726	
1	C6H14O3SSi	[M + H3N + H]+	C6H18NO3SSi+	Fatty acids	0.996	Fatty Acids and Conjugates	0.983	Thia fatty acids	0.931	Lipids and lipid-like molecules	0.879	Fatty Acyls	0.856	Fatty acids and conjugates	0.870	Halogenated fatty acids	0.564	Halogenated fatty acids	0.564	Organic compounds; Organosulfur compounds; Lipids and lipid-like molecules; Fatty acids and conjugates; Organic acids and derivatives; Carboxylic acids and derivatives; Organohalogen compounds; Organooxygen compounds; Halogenated fatty acids; Monocarboxylic acids and derivatives; Thioethers; Carboxylic acids; Thia fatty acids; Carbonyl compounds; Alkyl halides; Sulfenyl compounds; Dialkylthioethers; Fatty Acyls; Organic oxides; Hydrocarbon derivatives; Organic oxygen compounds; Chemical entities	212.078	285	4.747	839079849943348663	839079632594504278	839079632594504277	740	
2	C9H7NO	[M + H]+	C9H8NO+	Alkaloids	0.997	Tryptophan alkaloids	0.679	Simple indole alkaloids	0.705	Organoheterocyclic compounds	0.995	Indoles and derivatives	0.665	Indoles	0.734			Indoles	0.734	Organic compounds; Organoheterocyclic compounds; Pyrroles; Indoles and derivatives; Organonitrogen compounds; Organooxygen compounds; Benzenoids; Indoles; Organic oxides; Azacyclic compounds; Heteroaromatic compounds; Hydrocarbon derivatives; Organopnictogen compounds; Organic oxygen compounds; Organic nitrogen compounds; Chemical entities	146.060	285	4.748	839079846512407708	839079632154102310	839079632149908005	728	
1	C11H6O2	[M + H3N + H]+	C11H10NO2+	Shikimates and Phenylpropanoids	0.636	Naphthalenes	0.812	Naphthoquinones	0.478	Benzenoids	0.998	Naphthalenes	0.816					Naphthalenes	0.816	Organic compounds; Naphthalenes; Organooxygen compounds; Carbonyl compounds; Benzenoids; Organic oxides; Hydrocarbon derivatives; Organic oxygen compounds; Chemical entities	188.071	285	4.750	839079847258993925	839079632229599790	839079632229599789	730	
1	C11H9NO2	[M + H3N + H]+	C11H13N2O2+	Alkaloids	0.997	Tryptophan alkaloids	0.991	Simple indole alkaloids	0.966	Organoheterocyclic compounds	0.999	Indoles and derivatives	0.965	Indolyl carboxylic acids and derivatives	0.691			Indolyl carboxylic acids and derivatives	0.691	Organic compounds; Organoheterocyclic compounds; Pyrroles; Indoles and derivatives; Organic acids and derivatives; Carboxylic acids and derivatives; Organonitrogen compounds; Organooxygen compounds; Monocarboxylic acids and derivatives; Carboxylic acids; Indolyl carboxylic acids and derivatives; Carbonyl compounds; Substituted pyrroles; Benzenoids; Indoles; Organic oxides; Azacyclic compounds; Heteroaromatic compounds; Hydrocarbon derivatives; 3-alkylindoles; Organopnictogen compounds; Organic oxygen compounds; Organic nitrogen compounds; Chemical entities	205.097	285	4.751	839079853219100376	839079632267348530	839079632267348529	731	
2	C22H44N2O2	[M + H]+	C22H45N2O2+	Fatty acids	0.998	Fatty amides	0.990	N-acyl amines	0.637	Lipids and lipid-like molecules	0.931	Fatty Acyls	0.920	Fatty amides	0.909	N-acyl amines	0.907	N-acyl amines	0.907	Organic compounds; Lipids and lipid-like molecules; Alcohols and polyols; Organic acids and derivatives; Carboxylic acids and derivatives; Organonitrogen compounds; Organooxygen compounds; Fatty amides; Monoalkylamines; Carboxylic acid amides; Carboxylic acid derivatives; N-acyl amines; Secondary carboxylic acid amides; Carbonyl compounds; Amines; Primary amines; Fatty Acyls; Organic oxides; Hydrocarbon derivatives; Organopnictogen compounds; Organic oxygen compounds; Organic nitrogen compounds; Chemical entities	369.348	285	4.752	839079842666230457	839079632191851050	839079632191851049	729	
2	C22H39NO	[M + H3N + H]+	C22H43N2O+	Fatty acids	0.999	Fatty amides	0.986	N-acyl amines	0.460	Lipids and lipid-like molecules	0.893	Fatty Acyls	0.884	Fatty amides	0.890	N-acyl amines	0.808	N-acyl amines	0.808	Organic compounds; Lipids and lipid-like molecules; Organic acids and derivatives; Carboxylic acids and derivatives; Organonitrogen compounds; Organooxygen compounds; Fatty amides; Carboxylic acid amides; Carboxylic acid derivatives; N-acyl amines; Secondary carboxylic acid amides; Carbonyl compounds; Fatty Acyls; Organic oxides; Hydrocarbon derivatives; Organopnictogen compounds; Organic oxygen compounds; Organic nitrogen compounds; Chemical entities	351.337	285	4.752	839079865856539493	839079632305097270	839079632305097269	732	
1	C27H55N5O4	[M + Na]+	C27H55N5NaO4+	Amino acids and Peptides	0.386	Oligopeptides	0.075	N-acyl ethanolamines (endocannabinoids)	0.054	Organic acids and derivatives	0.982	Carboxylic acids and derivatives	0.940	Amino acids, peptides, and analogues	0.755	Amino acids and derivatives	0.744	Amino acids and derivatives	0.744	Organic compounds; Organoheterocyclic compounds; Lipids and lipid-like molecules; Amino acids, peptides, and analogues; Alcohols and polyols; Organic acids and derivatives; Carboxylic acids and derivatives; Organonitrogen compounds; Organooxygen compounds; Fatty amides; Amino acids and derivatives; Organic carbonic acids and derivatives; Carboxylic acid amides; Ureas; Carboxylic acid derivatives; N-acyl amines; Secondary carboxylic acid amides; Carbonyl compounds; 1,2-aminoalcohols; Trialkylamines; Amines; Tertiary amines; Alkanolamines; Fatty Acyls; Organic oxides; Azacyclic compounds; Hydrocarbon derivatives; Organopnictogen compounds; Organic oxygen compounds; Organic nitrogen compounds; Chemical entities	536.410	285	4.757	839079858994657403	839079632342846010	839079632338651705	733	
3	C9H14N4O3	[M - H2O + H]+	C9H13N4O2+	Amino acids and Peptides	1.000	Small peptides	1.000	Dipeptides	0.999	Organic acids and derivatives	1.000	Peptidomimetics	0.695	Hybrid peptides	0.750			Hybrid peptides	0.750	Organic compounds; Organoheterocyclic compounds; Amino acids, peptides, and analogues; Alpha amino acids and derivatives; Imidazoles; Organic acids and derivatives; Carboxylic acids and derivatives; Organonitrogen compounds; Organooxygen compounds; Amino acids and derivatives; Peptides; Azoles; Monoalkylamines; Carboxylic acid amides; Carboxylic acid derivatives; Monocarboxylic acids and derivatives; N-acyl-alpha amino acids and derivatives; Carboxylic acids; Imidazolyl carboxylic acids and derivatives; Secondary carboxylic acid amides; Peptidomimetics; Carbonyl compounds; Hybrid peptides; Alpha amino acid amides; Substituted imidazoles; N-acyl-alpha amino acids; Amines; Primary amines; Organic oxides; Azacyclic compounds; Heteroaromatic compounds; Hydrocarbon derivatives; Amino acids; Histidine and derivatives; Organopnictogen compounds; Organic oxygen compounds; Organic nitrogen compounds; Dipeptides; Chemical entities	209.103	286	4.773	839079852967442109	839079632447703622	839079632447703621	736	
1	C5H10O3S	[M - H2O + H]+	C5H9O2S+	Fatty acids	0.995	Fatty Acids and Conjugates	0.968	Thia fatty acids	0.966	Lipids and lipid-like molecules	0.874	Fatty Acyls	0.860	Fatty acids and conjugates	0.869	Thia fatty acids	0.746	Thia fatty acids	0.746	Organic compounds; Organosulfur compounds; Lipids and lipid-like molecules; Ketones; Fatty acids and conjugates; Organic acids and derivatives; Carboxylic acids and derivatives; Organooxygen compounds; Monocarboxylic acids and derivatives; Thioethers; Carboxylic acids; Thia fatty acids; Carbonyl compounds; Sulfenyl compounds; Dialkylthioethers; Fatty Acyls; Organic oxides; Hydrocarbon derivatives; Organic oxygen compounds; Chemical entities	133.032	286	4.773	839079845858096216	839079632485452362	839079632485452361	737	
1	C5H8O2S	[M + H3N + H]+	C5H12NO2S+	Fatty acids	0.998	Fatty Acids and Conjugates	0.992	Thia fatty acids	0.971	Lipids and lipid-like molecules	0.883	Fatty Acyls	0.897	Fatty acids and conjugates	0.911	Thia fatty acids	0.786	Thia fatty acids	0.786	Organic compounds; Organosulfur compounds; Lipids and lipid-like molecules; Fatty acids and conjugates; Organic acids and derivatives; Carboxylic acids and derivatives; Organooxygen compounds; Straight chain fatty acids; Monocarboxylic acids and derivatives; Thioethers; Carboxylic acids; Thia fatty acids; Carbonyl compounds; Sulfenyl compounds; Dialkylthioethers; Fatty Acyls; Organic oxides; Hydrocarbon derivatives; Organic oxygen compounds; Chemical entities	150.058	287	4.778	839079844398478172	839079632560949842	839079632556755537	739	
3	C29H44N6O	[M + H3N + H]+	C29H48N7O+	Alkaloids	0.809	Tryptophan alkaloids	0.269	Carboline alkaloids	0.079	Organic acids and derivatives	0.938	Carboxylic acids and derivatives	0.886	Amino acids, peptides, and analogues	0.794	Amino acids and derivatives	0.790	Amino acids and derivatives	0.790	Organic compounds; Organoheterocyclic compounds; Amino acids, peptides, and analogues; Organic acids and derivatives; Carboxylic acids and derivatives; Organonitrogen compounds; Organooxygen compounds; Amino acids and derivatives; Azoles; Carboxylic acid amides; Carboxylic acid derivatives; Secondary carboxylic acid amides; Carbonyl compounds; Trialkylamines; Benzenoids; Amines; Tertiary amines; Aralkylamines; Organic oxides; Azacyclic compounds; Heteroaromatic compounds; Hydrocarbon derivatives; Organopnictogen compounds; Organic oxygen compounds; Organic nitrogen compounds; Chemical entities	510.394	287	4.780	839079855555327887	839079632523201102	839079632519006797	738	
3	C19H34O	[M + H3N + H]+	C19H38NO+	Terpenoids	0.855	Diterpenoids	0.523	Fatty alcohols	0.188	Lipids and lipid-like molecules	0.926							Lipids and lipid-like molecules	0.926	Organic compounds; Lipids and lipid-like molecules; Alcohols and polyols; Organooxygen compounds; Hydrocarbon derivatives; Organic oxygen compounds; Chemical entities	296.295	287	4.782	839079844692079538	839079632376400446	839079632376400445	734	
3	C20H36O2	[M + H3N + H]+	C20H40NO2+	Fatty acids	0.800	Diterpenoids	0.481	Unsaturated fatty acids	0.281	Lipids and lipid-like molecules	0.934	Fatty Acyls	0.718					Fatty Acyls	0.718	Organic compounds; Lipids and lipid-like molecules; Alcohols and polyols; Organooxygen compounds; Carbonyl compounds; Fatty Acyls; Hydrocarbon derivatives; Organic oxygen compounds; Chemical entities	326.306	287	4.783	839079882663116963	839079632409954882	839079632409954881	735	
1	C13H24N2O3	[M + H3N + H]+	C13H28N3O3+	Amino acids and Peptides	0.476	Small peptides	0.278	Dipeptides	0.289	Lipids and lipid-like molecules	0.592	Fatty Acyls	0.509					Fatty Acyls	0.509	Organic compounds; Lipids and lipid-like molecules; Organic acids and derivatives; Carboxylic acids and derivatives; Organonitrogen compounds; Organooxygen compounds; Carboxylic acid amides; Carboxylic acid derivatives; Monocarboxylic acids and derivatives; Secondary carboxylic acid amides; Carbonyl compounds; Fatty Acyls; Organic oxides; Hydrocarbon derivatives; Organopnictogen compounds; Organic oxygen compounds; Organic nitrogen compounds; Chemical entities	274.213	288	4.793	839079845761627214	839079632665807454	839079632665807453	742	
1	C7H17NO3S	[M + H3N + H]+	C7H21N2O3S+	Fatty acids	0.926	Fatty Acids and Conjugates	0.217	Aminoacids	0.186	Lipids and lipid-like molecules	0.644	Fatty Acyls	0.677					Fatty Acyls	0.677	Organic compounds; Organosulfur compounds; Lipids and lipid-like molecules; Organic acids and derivatives; Carboxylic acids and derivatives; Organonitrogen compounds; Organooxygen compounds; Monocarboxylic acids and derivatives; Carbonyl compounds; Sulfenyl compounds; Fatty Acyls; Organic oxides; Hydrocarbon derivatives; Organic oxygen compounds; Organic nitrogen compounds; Chemical entities	213.127	288	4.794	839079852426376840	839079632632253018	839079632632253017	741	
1	C9H16N2O2	[M + H3N + H]+	C9H20N3O2+	Amino acids and Peptides	0.925	Small peptides	0.466	Dipeptides	0.628	Organic acids and derivatives	0.975	Carboxylic acids and derivatives	0.962	Amino acids, peptides, and analogues	0.717	Amino acids and derivatives	0.706	Alpha amino acids and derivatives	0.704	Organic compounds; Organoheterocyclic compounds; Amino acids, peptides, and analogues; Alpha amino acids and derivatives; Lactams; Piperazines; Organic acids and derivatives; Carboxylic acids and derivatives; Organonitrogen compounds; Organooxygen compounds; Amino acids and derivatives; Carboxylic acid amides; Carboxylic acid derivatives; Secondary carboxylic acid amides; Dioxopiperazines; Carbonyl compounds; Diazinanes; 2,5-dioxopiperazines; Organic oxides; Azacyclic compounds; Hydrocarbon derivatives; Organopnictogen compounds; Organic oxygen compounds; Organic nitrogen compounds; Chemical entities	202.155	288	4.794	839079853059716814	839079632703556194	839079632703556193	743	
1	C12H18N2O4S	[M + H3N + H]+	C12H22N3O4S+	Amino acids and Peptides	0.895	Small peptides	0.741	Dipeptides	0.489	Organic acids and derivatives	0.995	Carboxylic acids and derivatives	0.987	Amino acids, peptides, and analogues	0.764	Amino acids and derivatives	0.759	Alpha amino acids and derivatives	0.699	Organic compounds; Organoheterocyclic compounds; Organosulfur compounds; Lipids and lipid-like molecules; Amino acids, peptides, and analogues; Alpha amino acids and derivatives; Fatty acids and conjugates; Organic acids and derivatives; Carboxylic acids and derivatives; Organonitrogen compounds; Organooxygen compounds; Amino acids and derivatives; Carboxylic acid amides; Carboxylic acid derivatives; Monocarboxylic acids and derivatives; Thioethers; Carboxylic acids; Thia fatty acids; Carbonyl compounds; Sulfenyl compounds; Dialkylthioethers; Fatty Acyls; Organic oxides; Azacyclic compounds; Hydrocarbon derivatives; Amino acids; Organopnictogen compounds; Organic oxygen compounds; Organic nitrogen compounds; Chemical entities	304.132	288	4.807	839079883980128608	839079632741304934	839079632741304933	744	
2	C20H42N2O2	[M - H2O + H]+	C20H41N2O+	Fatty acids	0.939	Fatty amides	0.586	Sphingoid bases	0.200	Organic nitrogen compounds	1.000	Organonitrogen compounds	1.000	Amines	0.961	Alkanolamines	0.771	1,2-aminoalcohols	0.632	Organic compounds; Alcohols and polyols; Organonitrogen compounds; Organooxygen compounds; Secondary alcohols; 1,2-aminoalcohols; Amines; Alkanolamines; Hydrocarbon derivatives; Organopnictogen compounds; Organic oxygen compounds; Organic nitrogen compounds; Chemical entities	325.321	289	4.813	839079884168872357	839079632812608110	839079632812608109	746	
1	C20H39NO2	[M + H3N + H]+	C20H43N2O2+	Fatty acids	0.978	Fatty amides	0.946	N-acyl ethanolamines (endocannabinoids)	0.567	Lipids and lipid-like molecules	0.611	Fatty Acyls	0.600	Fatty amides	0.557	N-acyl amines	0.522	N-acyl amines	0.522	Organic compounds; Lipids and lipid-like molecules; Alcohols and polyols; Organic acids and derivatives; Carboxylic acids and derivatives; Organonitrogen compounds; Organooxygen compounds; Fatty amides; Carboxylic acid amides; Carboxylic acid derivatives; N-acyl amines; Carbonyl compounds; Fatty Acyls; Organic oxides; Hydrocarbon derivatives; Organopnictogen compounds; Organic oxygen compounds; Organic nitrogen compounds; Chemical entities	343.332	289	4.816	839079845602243623	839079632779053674	839079632779053673	745	
1	C20H37NO2	[M + H3N + H]+	C20H41N2O2+	Fatty acids	0.997	Fatty amides	0.794	Primary amides	0.579	Lipids and lipid-like molecules	0.727	Fatty Acyls	0.716	Fatty amides	0.567			Fatty amides	0.567	Organic compounds; Lipids and lipid-like molecules; Alcohols and polyols; Organic acids and derivatives; Carboxylic acids and derivatives; Organonitrogen compounds; Organooxygen compounds; Fatty amides; Carboxylic acid amides; Carboxylic acid derivatives; Carbonyl compounds; Fatty Acyls; Organic oxides; Hydrocarbon derivatives; Organopnictogen compounds; Organic oxygen compounds; Organic nitrogen compounds; Chemical entities	341.317	290	4.826	839079846445298839	839079632879716982	839079632879716981	748	
1	C20H40N2O2	[M - H2O + H]+	C20H39N2O+	Fatty acids	0.911	Spingolipids	0.162	Sphingoid bases	0.368	Lipids and lipid-like molecules	0.609							Lipids and lipid-like molecules	0.609	Organic compounds; Lipids and lipid-like molecules; Alcohols and polyols; Organonitrogen compounds; Organooxygen compounds; Secondary alcohols; Amines; Alkanolamines; Hydrocarbon derivatives; Organopnictogen compounds; Organic oxygen compounds; Organic nitrogen compounds; Chemical entities	323.306	290	4.829	839079844717245371	839079632846162546	839079632846162545	747	
2	C4H6O5	[M + H3N + H]+	C4H10NO5+	Fatty acids	0.770	Fatty Acids and Conjugates	0.823	Monosaccharides	0.772	Organic acids and derivatives	0.966	Hydroxy acids and derivatives	0.741					Hydroxy acids and derivatives	0.741	Organic compounds; Carbohydrates and carbohydrate conjugates; Lipids and lipid-like molecules; Alcohols and polyols; Organic acids and derivatives; Carboxylic acids and derivatives; Organooxygen compounds; Hydroxy acids and derivatives; Monocarboxylic acids and derivatives; Carboxylic acids; Monosaccharides; Secondary alcohols; Carbonyl compounds; Fatty Acyls; Organic oxides; Hydrocarbon derivatives; Organic oxygen compounds; Chemical entities	152.057	290	4.833	839079847430960424	839079632913271418	839079632913271417	749	
1	C15H12O3S2	[M + H3N + H]+	C15H16NO3S2+	Fatty acids	0.352	Coumarins	0.107	Naphthoquinones	0.180	Organic acids and derivatives	0.789	Carboxylic acids and derivatives	0.751	Monocarboxylic acids and derivatives	0.542			Monocarboxylic acids and derivatives	0.542	Organic compounds; Organoheterocyclic compounds; Organosulfur compounds; Organic acids and derivatives; Carboxylic acids and derivatives; Organooxygen compounds; Monocarboxylic acids and derivatives; Carbonyl compounds; Organic oxides; Hydrocarbon derivatives; Organic oxygen compounds; Chemical entities	322.055	290	4.839	839079862777920033	839079632946825854	839079632946825853	750	
3	C9H17ClN2O3	[M + H3N + H]+	C9H21ClN3O3+	Amino acids and Peptides	0.151	Ornithine alkaloids	0.124	Halogenated fatty acids	0.105	Organic acids and derivatives	0.920	Carboxylic acids and derivatives	0.833	Carboxylic acid derivatives	0.705	Carboxylic acid amides	0.682	Carboxylic acid amides	0.682	Organic compounds; Organic acids and derivatives; Carboxylic acids and derivatives; Organohalogen compounds; Organonitrogen compounds; Organooxygen compounds; Carboxylic acid amides; Alkyl chlorides; Carboxylic acid derivatives; Organochlorides; Carbonyl compounds; Alkyl halides; Organic oxides; Hydrocarbon derivatives; Organopnictogen compounds; Organic oxygen compounds; Organic nitrogen compounds; Chemical entities	254.127	293	4.885	839079855031039827	839079633013934726	839079633013934725	752	
1	C5H9N3O	[M + H3N + H]+	C5H13N4O+	Alkaloids	0.795	Small peptides	0.140	Aminoacids	0.201	Organic nitrogen compounds	1.000	Organonitrogen compounds	1.000	Guanidines	0.989			Guanidines	0.989	Organic compounds; Imines; Organonitrogen compounds; Organooxygen compounds; Guanidines; Carboximidamides; Organic 1,3-dipolar compounds; Propargyl-type 1,3-dipolar organic compounds; Hydrocarbon derivatives; Organopnictogen compounds; Organic oxygen compounds; Organic nitrogen compounds; Chemical entities	145.108	295	4.913	839079845757432907	839079633085237902	839079633081043597	754	
3	C24H22ClN3O3	[M + H3N + H]+	C24H26ClN4O3+	Alkaloids	0.648	Tryptophan alkaloids	0.800	Acridone alkaloids	0.143	Organic acids and derivatives	0.926	Carboxylic acids and derivatives	0.911	Amino acids, peptides, and analogues	0.592	Amino acids and derivatives	0.593	Amino acids and derivatives	0.593	Organic compounds; Organoheterocyclic compounds; Amino acids, peptides, and analogues; Halobenzenes; Pyrroles; Indoles and derivatives; Organic acids and derivatives; Carboxylic acids and derivatives; Organohalogen compounds; Organonitrogen compounds; Organooxygen compounds; Amino acids and derivatives; Carboxylic acid amides; Aryl chlorides; Carboxylic acid derivatives; Chlorobenzenes; Organic nitro compounds; Organic oxoazanium compounds; Organochlorides; Secondary carboxylic acid amides; Tertiary carboxylic acid amides; Carbonyl compounds; Substituted pyrroles; Benzene and substituted derivatives; Benzenoids; Indoles; Aryl halides; Organic 1,3-dipolar compounds; Allyl-type 1,3-dipolar organic compounds; Organic oxides; C-nitro compounds; Azacyclic compounds; Oxacyclic compounds; Heteroaromatic compounds; Hydrocarbon derivatives; 3-alkylindoles; Organopnictogen compounds; Organic oxygen compounds; Organic nitrogen compounds; Chemical entities	453.168	295	4.921	839079875151117991	839079633152346774	839079633152346773	756	
1	C12H11Cl11O3	[M + K]+	C12H11Cl11KO3+	Polyketides	0.376	Fatty Acids and Conjugates	0.098	Halogenated fatty acids	0.251	Benzenoids	0.431	Benzene and substituted derivatives	0.581	Halobenzenes	0.730	Chlorobenzenes	0.619	Chlorobenzenes	0.619	Organic compounds; Halobenzenes; Organohalogen compounds; Organooxygen compounds; Alkyl chlorides; Chlorobenzenes; Organochlorides; Benzene and substituted derivatives; Aryl halides; Alkyl halides; Hydrocarbon derivatives; Organic oxygen compounds; Chemical entities	626.693	296	4.931	839079861901310423	839079633521445566	839079633521445565	766	
10	C34H68N2O2	[M + K]+	C34H68KN2O2+	Fatty acids	0.464	Fatty amides	0.218	Open-chain polyketides	0.137	Organic acids and derivatives	0.745	Carboxylic acids and derivatives	0.761	Amino acids, peptides, and analogues	0.579	Amino acids and derivatives	0.577	Amino acids and derivatives	0.577	Organic compounds; Lipids and lipid-like molecules; Amino acids, peptides, and analogues; Organic acids and derivatives; Carboxylic acids and derivatives; Organonitrogen compounds; Organooxygen compounds; Fatty amides; Amino acids and derivatives; Carboxylic acid amides; Carboxylic acid derivatives; Secondary carboxylic acid amides; Carbonyl compounds; Trialkylamines; Benzenoids; Amines; Tertiary amines; Organic oxides; Hydrocarbon derivatives; Organopnictogen compounds; Organic oxygen compounds; Organic nitrogen compounds; Chemical entities	575.492	297	4.945	839079886576403151	839079633718577874	839079633714383569	771	
1	C3H10NO4P	[M + K]+	C3H10KNO4P+	Amino acids and Peptides	0.360	Small peptides	0.257	Aminoacids	0.328	Organic nitrogen compounds	0.996	Organonitrogen compounds	0.986	Amines	0.948	Primary amines	0.873	Monoalkylamines	0.862	Organic compounds; Organic acids and derivatives; Organonitrogen compounds; Organooxygen compounds; Organophosphorus compounds; Monoalkylamines; Amines; Primary amines; Organic oxides; Hydrocarbon derivatives; Organopnictogen compounds; Organic oxygen compounds; Organic nitrogen compounds; Chemical entities	193.998	297	4.958	839079850547328498	839079633819241182	839079633819241181	774	
1	C4H8ClNO3	[M + K]+	C4H8ClKNO3+	Fatty acids	0.546	Fatty Acids and Conjugates	0.482	Halogenated fatty acids	0.874	Organic acids and derivatives	0.646	Carboxylic acids and derivatives	0.634					Carboxylic acids and derivatives	0.634	Organic compounds; Organic acids and derivatives; Carboxylic acids and derivatives; Organohalogen compounds; Organonitrogen compounds; Organooxygen compounds; Alkyl chlorides; Organochlorides; Carbonyl compounds; Alkyl halides; Organic oxides; Hydrocarbon derivatives; Organopnictogen compounds; Organic oxygen compounds; Organic nitrogen compounds; Chemical entities	191.982	298	4.973	839079850568300032	839079633852795618	839079633852795617	775	
3	C13H13BO4S	[M + H3N + H]+	C13H17BNO4S+	Terpenoids	0.419	Monoterpenoids	0.201	Pinane monoterpenoids	0.169	Benzenoids	0.821	Benzene and substituted derivatives	0.577					Benzene and substituted derivatives	0.577	Organic compounds; Organoheterocyclic compounds; Organosulfur compounds; Organic acids and derivatives; Organooxygen compounds; Organometallic compounds; Boronic acid derivatives; Organometalloid compounds; Benzene and substituted derivatives; Benzenoids; Organoboron compounds; Organic salts; Organic oxides; Organic metalloid salts; Organic metal salts; Oxacyclic compounds; Hydrocarbon derivatives; Organic oxygen compounds; Chemical entities	293.101	301	5.017	839079861901310403	839079633890544358	839079633890544357	776	
4	C20H31N3O4	[M + H3N + H]+	C20H35N4O4+	Amino acids and Peptides	0.799	Ornithine alkaloids	0.288	Polyamines	0.118	Organic acids and derivatives	0.996	Carboxylic acids and derivatives	0.989	Amino acids, peptides, and analogues	0.776	Amino acids and derivatives	0.767	N-acyl-alpha amino acids and derivatives	0.572	Organic compounds; Lipids and lipid-like molecules; Amino acids, peptides, and analogues; Organic acids and derivatives; Carboxylic acids and derivatives; Organonitrogen compounds; Organooxygen compounds; Fatty amides; Amino acids and derivatives; Hydroxamic acids; Carboxylic acid amides; Carboxylic acid derivatives; N-acyl amines; N-acyl-alpha amino acids and derivatives; Secondary carboxylic acid amides; Carbonyl compounds; Benzene and substituted derivatives; Benzenoids; Fatty Acyls; Organic oxides; Hydrocarbon derivatives; Organopnictogen compounds; Organic oxygen compounds; Organic nitrogen compounds; Chemical entities	395.267	302	5.037	839079853877606151	839079633928293098	839079633928293097	777	
1	C9H10F4N2	[M + H3N + H]+	C9H14F4N3+	Alkaloids	0.959	Nicotinic acid alkaloids	0.891	Pyridine alkaloids	0.891	Organic nitrogen compounds	0.999	Organonitrogen compounds	0.999	Amines	0.774	Aralkylamines	0.736	Aralkylamines	0.736	Organic compounds; Organoheterocyclic compounds; Pyridines and derivatives; Organohalogen compounds; Organonitrogen compounds; Alkyl fluorides; Organofluorides; Dialkylamines; Amines; Secondary amines; Alkyl halides; Aralkylamines; Azacyclic compounds; Heteroaromatic compounds; Hydrocarbon derivatives; Organopnictogen compounds; Organic nitrogen compounds; Chemical entities	240.111	303	5.052	839079859875461353	839079633966041838	839079633966041837	778	
7	C32H56N6O11	[M + H]+	C32H57N6O11+	Amino acids and Peptides	0.727	Oligopeptides	0.969	Lipopeptides	0.639	Organic acids and derivatives	0.992	Peptidomimetics	0.427	Depsipeptides	0.493	Cyclic depsipeptides	0.506	Cyclic depsipeptides	0.506	Organic compounds; Organoheterocyclic compounds; Lipids and lipid-like molecules; Amino acids, peptides, and analogues; Alpha amino acids and derivatives; Alcohols and polyols; Organic acids and derivatives; Carboxylic acids and derivatives; Organonitrogen compounds; Primary alcohols; Organooxygen compounds; Fatty amides; Amino acids and derivatives; Carboxylic acid amides; Carboxylic acid derivatives; N-acyl amines; Monocarboxylic acids and derivatives; N-acyl-alpha amino acids and derivatives; Carboxylic acid esters; Secondary alcohols; Secondary carboxylic acid amides; Carbonyl compounds; Cyclic depsipeptides; Fatty Acyls; Organic oxides; Azacyclic compounds; Oxacyclic compounds; Hydrocarbon derivatives; Organopnictogen compounds; Organic oxygen compounds; Organic nitrogen compounds; Chemical entities	701.410	303	5.052	839079871900532073	839079634003790578	839079634003790577	779	
2	C18H37NO5	[M + H3N + H]+	C18H41N2O5+	Fatty acids	0.770	Ornithine alkaloids	0.182	Open-chain polyketides	0.137	Lipids and lipid-like molecules	0.773	Fatty Acyls	0.752					Fatty Acyls	0.752	Organic compounds; Lipids and lipid-like molecules; Alcohols and polyols; Organic acids and derivatives; Carboxylic acids and derivatives; Organonitrogen compounds; Organooxygen compounds; Carboxylic acid amides; Carboxylic acid derivatives; Monocarboxylic acids and derivatives; Secondary alcohols; Carbonyl compounds; Fatty Acyls; Organic oxides; Hydrocarbon derivatives; Organopnictogen compounds; Organic oxygen compounds; Organic nitrogen compounds; Chemical entities	365.301	303	5.056	839079859598637258	839079634070899450	839079634070899449	781	
1	C6H8N2O2	[M + H3N + H]+	C6H12N3O2+	Amino acids and Peptides	0.893	Small peptides	0.937	Aminoacids	0.852	Organic acids and derivatives	0.852	Carboxylic acids and derivatives	0.816	Amino acids, peptides, and analogues	0.603	Amino acids and derivatives	0.604	Alpha amino acids and derivatives	0.577	Organic compounds; Organoheterocyclic compounds; Amino acids, peptides, and analogues; Alpha amino acids and derivatives; Organic acids and derivatives; Carboxylic acids and derivatives; Organonitrogen compounds; Organooxygen compounds; Amino acids and derivatives; Monocarboxylic acids and derivatives; Carboxylic acids; Carbonyl compounds; Organic oxides; Azacyclic compounds; Hydrocarbon derivatives; Organopnictogen compounds; Organic oxygen compounds; Organic nitrogen compounds; Chemical entities	158.093	304	5.064	839079898429507285	839079634037345014	839079634037345013	780	
3	C20H37NO	[M + H3N + H]+	C20H41N2O+	Fatty acids	1.000	Fatty amides	0.998	Primary amides	0.991	Lipids and lipid-like molecules	0.894	Fatty Acyls	0.895	Fatty amides	0.895	N-acyl amines	0.524	N-acyl amines	0.524	Organic compounds; Lipids and lipid-like molecules; Organic acids and derivatives; Carboxylic acids and derivatives; Organonitrogen compounds; Organooxygen compounds; Fatty amides; Carboxylic acid amides; Carboxylic acid derivatives; N-acyl amines; Primary carboxylic acid amides; Secondary carboxylic acid amides; Carbonyl compounds; Fatty Acyls; Organic oxides; Hydrocarbon derivatives; Organopnictogen compounds; Organic oxygen compounds; Organic nitrogen compounds; Chemical entities	325.321	313	5.222	839079850845124116	839079634100259582	839079634100259581	782	
3	C12H14O3S	[M + H3N + H]+	C12H18NO3S+	Terpenoids	0.663	Monoterpenoids	0.218	Menthane monoterpenoids	0.076	Organic acids and derivatives	0.931	Carboxylic acids and derivatives	0.642	Monocarboxylic acids and derivatives	0.598			Monocarboxylic acids and derivatives	0.598	Organic compounds; Organosulfur compounds; Organic acids and derivatives; Carboxylic acids and derivatives; Organooxygen compounds; Monocarboxylic acids and derivatives; Carbonyl compounds; Organic oxides; Hydrocarbon derivatives; Organic oxygen compounds; Chemical entities	256.100	314	5.232	839079855752460190	839079634175757062	839079634175757061	784	
3	C11H14N2O5	[M + H]+	C11H15N2O5+	Carbohydrates	0.962	Nucleosides	0.962	Pyridine alkaloids	0.830	Organic oxygen compounds	1.000	Organooxygen compounds	1.000	Carbohydrates and carbohydrate conjugates	0.999	Glycosyl compounds	0.996	Glycosylamines	0.995	Organic compounds; Organoheterocyclic compounds; Carbohydrates and carbohydrate conjugates; Pyridines and derivatives; Alcohols and polyols; Organic acids and derivatives; Carboxylic acids and derivatives; Organonitrogen compounds; Primary alcohols; Nucleosides, nucleotides, and analogues; Organooxygen compounds; Carboxylic acid amides; Carboxylic acid derivatives; Pyridinecarboxylic acids and derivatives; Pyridinecarboxamides; Pentoses; Monosaccharides; Secondary alcohols; Primary carboxylic acid amides; Pyridinium derivatives; Glycosyl compounds; Glycosylamines; Nicotinamides; Tetrahydrofurans; Vinylogous amides; Organic oxides; Azacyclic compounds; Oxacyclic compounds; Heteroaromatic compounds; Hydrocarbon derivatives; Organopnictogen compounds; Organic oxygen compounds; Organic nitrogen compounds; Chemical entities	255.098	315	5.245	839079889227203527	839079634213505802	839079634209311497	785	
1	C6H3NO	[M + H3N + H]+	C6H7N2O+	Alkaloids	0.929	Nicotinic acid alkaloids	0.950	Pyridine alkaloids	0.949	Organoheterocyclic compounds	0.819	Pyridines and derivatives	0.840					Pyridines and derivatives	0.840	Organic compounds; Organoheterocyclic compounds; Pyridines and derivatives; Organonitrogen compounds; Organooxygen compounds; Nitriles; Azacyclic compounds; Heteroaromatic compounds; Hydrocarbon derivatives; Organic cyanides; Organopnictogen compounds; Organic oxygen compounds; Organic nitrogen compounds; Chemical entities	123.055	315	5.246	839079888442868632	839079634247060238	839079634247060237	786	
3	C12H24N2O3	[M + H]+	C12H25N2O3+	Alkaloids	0.617	Pseudoalkaloids (transamidation)	0.032	Aminoacids	0.012	Organoheterocyclic compounds	0.996	Oxazinanes	0.999	Morpholines	0.999			Morpholines	0.999	Organic compounds; Organoheterocyclic compounds; Oxazinanes; Ethers; Organonitrogen compounds; Organooxygen compounds; Morpholines; Dialkyl ethers; Trialkylamines; Amines; Tertiary amines; Azacyclic compounds; Oxacyclic compounds; Hydrocarbon derivatives; Organopnictogen compounds; Organic oxygen compounds; Organic nitrogen compounds; Chemical entities	245.186	315	5.252	839079854611609388	839079634280614674	839079634280614673	787	
1	C7H11NO	[M + H3N + H]+	C7H15N2O+	Fatty acids	0.782	Fatty amides	0.517	Primary amides	0.360	Organic oxygen compounds	0.994	Organooxygen compounds	0.975	Carbonyl compounds	0.637			Carbonyl compounds	0.637	Organic compounds; Organonitrogen compounds; Organooxygen compounds; Carbonyl compounds; Organic oxides; Hydrocarbon derivatives; Organopnictogen compounds; Organic oxygen compounds; Organic nitrogen compounds; Chemical entities	143.118	316	5.271	839079868113075278	839079634347723546	839079634347723545	789	
2	C7H11NO	[M + H]+	C7H12NO+	Alkaloids	0.919	Lysine alkaloids	0.620	Pyrrolidine alkaloids	0.269	Organoheterocyclic compounds	0.968	Pyrrolidines	0.704	Pyrrolidones	0.648	Pyrrolidine-2-ones	0.625	Pyrrolidine-2-ones	0.625	Organic compounds; Organoheterocyclic compounds; Lactams; Pyrrolidines; Organic acids and derivatives; Carboxylic acids and derivatives; Organonitrogen compounds; Organooxygen compounds; Carboxylic acid amides; Carboxylic acid derivatives; Pyrrolidones; Tertiary carboxylic acid amides; Carbonyl compounds; Pyrrolidine-2-ones; N-alkylpyrrolidines; Organic oxides; Azacyclic compounds; Hydrocarbon derivatives; Organopnictogen compounds; Organic oxygen compounds; Organic nitrogen compounds; Chemical entities	126.092	316	5.273	839079861725149626	839079634314169110	839079634314169109	788	
7	C13H11BrN2	[M + H3N + H]+	C13H15BrN3+	Alkaloids	0.747	Tryptophan alkaloids	0.861	Carboline alkaloids	0.623	Organohalogen compounds	0.999	Aryl halides	0.966	Aryl bromides	0.976			Aryl bromides	0.976	Organic compounds; Organohalogen compounds; Organonitrogen compounds; Aryl bromides; Organobromides; Benzene and substituted derivatives; Benzenoids; Aryl halides; Hydrocarbon derivatives; Organopnictogen compounds; Organic nitrogen compounds; Chemical entities	292.044	324	5.403	839079862878583360	839079634444192550	839079634444192549	792	
2	C9H19NO3S2	[M + H]+	C9H20NO3S2+	Fatty acids	0.712	Fatty amides	0.502	N-acyl amines	0.305	Lipids and lipid-like molecules	0.740	Fatty Acyls	0.740	Fatty acids and conjugates	0.754			Fatty acids and conjugates	0.754	Organic compounds; Organosulfur compounds; Lipids and lipid-like molecules; Fatty acids and conjugates; Organic acids and derivatives; Carboxylic acids and derivatives; Organonitrogen compounds; Organooxygen compounds; Monocarboxylic acids and derivatives; Carboxylic acids; Carbonyl compounds; Sulfenyl compounds; Fatty Acyls; Organic oxides; Hydrocarbon derivatives; Organopnictogen compounds; Organic oxygen compounds; Organic nitrogen compounds; Chemical entities	254.088	324	5.405	839079857954469936	839079634486135594	839079634486135593	793	
1	C10H15BrN2O	[M + H3N + H]+	C10H19BrN3O+	Alkaloids	0.728	Pseudoalkaloids (transamidation)	0.359	Halogenated fatty acids	0.331	Organoheterocyclic compounds	0.526							Organoheterocyclic compounds	0.526	Organic compounds; Organoheterocyclic compounds; Organohalogen compounds; Organonitrogen compounds; Organooxygen compounds; Organobromides; Hydrocarbon derivatives; Organopnictogen compounds; Organic oxygen compounds; Organic nitrogen compounds; Chemical entities	276.070	324	5.405	839079865500023597	839079634519690030	839079634519690029	794	
1	C7H16N2	[M + H3N + H]+	C7H20N3+	Alkaloids	0.999	Ornithine alkaloids	0.999	Polyamines	1.000	Organic nitrogen compounds	1.000	Organonitrogen compounds	1.000	Amines	0.997	Secondary amines	0.811	Dialkylamines	0.810	Organic compounds; Organonitrogen compounds; Monoalkylamines; Dialkylamines; Amines; Primary amines; Secondary amines; Hydrocarbon derivatives; Organopnictogen compounds; Organic nitrogen compounds; Chemical entities	146.165	326	5.440	839079859183401155	839079634414832418	839079634414832417	791	
1	C8H18N2	[M + H3N + H]+	C8H22N3+	Alkaloids	0.995	Ornithine alkaloids	0.996	Polyamines	0.999	Organic nitrogen compounds	1.000	Organonitrogen compounds	1.000	Amines	0.968	Secondary amines	0.587	Dialkylamines	0.586	Organic compounds; Organonitrogen compounds; Monoalkylamines; Dialkylamines; Amines; Primary amines; Secondary amines; Hydrocarbon derivatives; Organopnictogen compounds; Organic nitrogen compounds; Chemical entities	160.181	328	5.473	839079861989390821	839079634553244466	839079634553244465	795	
2	C7H16N2	[M + H]+	C7H17N2+	Alkaloids	0.952	Ornithine alkaloids	0.905	Polyamines	0.944	Organic nitrogen compounds	1.000	Organonitrogen compounds	1.000	Amines	0.983	Tertiary amines	0.602	Trialkylamines	0.634	Organic compounds; Organonitrogen compounds; Monoalkylamines; Trialkylamines; Amines; Primary amines; Tertiary amines; Azacyclic compounds; Hydrocarbon derivatives; Organopnictogen compounds; Organic nitrogen compounds; Chemical entities	129.139	328	5.473	839079883426480425	839079634695850818	839079634695850817	799	
1	C8H15N	[M + H3N + H]+	C8H19N2+	Alkaloids	0.609	Lysine alkaloids	0.234	Acetate-derived alkaloids	0.323	Organic nitrogen compounds	1.000	Organonitrogen compounds	1.000	Amines	0.961	Tertiary amines	0.836	Trialkylamines	0.853	Organic compounds; Organonitrogen compounds; Trialkylamines; Amines; Tertiary amines; Hydrocarbon derivatives; Organopnictogen compounds; Organic nitrogen compounds; Chemical entities	143.154	329	5.489	839079861196667278	839079634586798902	839079634586798901	796	
1	C10H16ClN	[M + Na]+	C10H16ClNNa+	Alkaloids	0.707	Pseudoalkaloids (transamidation)	0.401	Phenylalanine-derived alkaloids	0.454	Organohalogen compounds	0.982	Aryl halides	0.613	Aryl chlorides	0.637			Aryl chlorides	0.637	Organic compounds; Organohalogen compounds; Organonitrogen compounds; Aryl chlorides; Organochlorides; Benzene and substituted derivatives; Benzenoids; Aryl halides; Hydrocarbon derivatives; Organopnictogen compounds; Organic nitrogen compounds; Chemical entities	208.087	330	5.508	839079861100198244	839079634662296382	839079634662296381	798	
1	C8H15N	[M + H3N + H]+	C8H19N2+	Alkaloids	0.552	Lysine alkaloids	0.285	Acetate-derived alkaloids	0.308	Organic nitrogen compounds	1.000	Organonitrogen compounds	1.000	Amines	0.955	Tertiary amines	0.794	Trialkylamines	0.824	Organic compounds; Organonitrogen compounds; Trialkylamines; Amines; Tertiary amines; Hydrocarbon derivatives; Organopnictogen compounds; Organic nitrogen compounds; Chemical entities	143.154	331	5.512	839079861200861585	839079634926537566	839079634926537565	806	
1	C7H16N2	[M + H3N + H]+	C7H20N3+	Alkaloids	1.000	Ornithine alkaloids	1.000	Polyamines	1.000	Organic nitrogen compounds	1.000	Organonitrogen compounds	1.000	Amines	0.998	Secondary amines	0.847	Dialkylamines	0.848	Organic compounds; Organonitrogen compounds; Monoalkylamines; Dialkylamines; Amines; Primary amines; Secondary amines; Hydrocarbon derivatives; Organopnictogen compounds; Organic nitrogen compounds; Chemical entities	146.165	331	5.512	839079892813333899	839079634733599558	839079634733599557	800	
3	C6H11NO2	[M + H3N + H]+	C6H15N2O2+	Amino acids and Peptides	0.999	Small peptides	0.999	Aminoacids	0.999	Organic acids and derivatives	0.998	Carboxylic acids and derivatives	0.997	Amino acids, peptides, and analogues	0.984	Amino acids and derivatives	0.984	Alpha amino acids	0.546	Organic compounds; Lipids and lipid-like molecules; Amino acids, peptides, and analogues; Alpha amino acids and derivatives; Fatty acids and conjugates; Organic acids and derivatives; Carboxylic acids and derivatives; Organonitrogen compounds; Organooxygen compounds; Amino acids and derivatives; Monoalkylamines; Monocarboxylic acids and derivatives; Carboxylic acids; Carbonyl compounds; Alpha amino acids; Amines; Primary amines; Fatty Acyls; Organic oxides; Hydrocarbon derivatives; Amino acids; Organopnictogen compounds; Organic oxygen compounds; Organic nitrogen compounds; Chemical entities	147.113	333	5.545	839079865604881225	839079634830068562	839079634830068561	803	
1	C9H8O3	[M + H3N + H]+	C9H12NO3+	Shikimates and Phenylpropanoids	0.932	Phenylpropanoids (C6-C3)	0.875	Cinnamic acids and derivatives	0.844	Benzenoids	0.980	Phenols	0.774	1-hydroxy-2-unsubstituted benzenoids	0.756			1-hydroxy-2-unsubstituted benzenoids	0.756	Organic compounds; Phenols; Organooxygen compounds; Carbonyl compounds; Benzene and substituted derivatives; Benzenoids; Organic oxides; Hydrocarbon derivatives; Organic oxygen compounds; 1-hydroxy-2-unsubstituted benzenoids; Chemical entities	182.081	333	5.546	839079864812157690	839079634863622998	839079634863622997	804	
1	C9H20N2	[M + H3N + H]+	C9H24N3+	Alkaloids	0.947	Lysine alkaloids	0.596	Acetate-derived alkaloids	0.827	Organoheterocyclic compounds	0.674	Piperidines	0.615					Piperidines	0.615	Organic compounds; Organoheterocyclic compounds; Piperidines; Organonitrogen compounds; Amines; Azacyclic compounds; Hydrocarbon derivatives; Organopnictogen compounds; Organic nitrogen compounds; Chemical entities	174.196	334	5.563	839079861209250196	839079634796514126	839079634796514125	802	
3	C17H38N4O6	[M + H]+	C17H39N4O6+	Carbohydrates	0.728	Aminosugars and aminoglycosides	0.733	Aminoglycosides	0.502	Organic acids and derivatives	0.832	Carboxylic acids and derivatives	0.674	Amino acids, peptides, and analogues	0.593	Amino acids and derivatives	0.589	Alpha amino acids	0.540	Organic compounds; Lipids and lipid-like molecules; Amino acids, peptides, and analogues; Alpha amino acids and derivatives; Alcohols and polyols; Fatty acids and conjugates; Organic acids and derivatives; Carboxylic acids and derivatives; Organonitrogen compounds; Organooxygen compounds; Amino acids and derivatives; Monoalkylamines; Carboxylic acids; Secondary alcohols; Carbonyl compounds; Alpha amino acids; Amines; Primary amines; Fatty Acyls; Organic oxides; Hydrocarbon derivatives; Organopnictogen compounds; Organic oxygen compounds; Organic nitrogen compounds; Chemical entities	395.288	334	5.563	839079863130241617	839079634960092002	839079634960092001	807	
9	C16H18ClF2N3O4S	[M + H3N + H]+	C16H22ClF2N4O4S+	Alkaloids	0.505	Histidine alkaloids	0.106	Imidazole alkaloids	0.104	Benzenoids	0.691	Benzene and substituted derivatives	0.826	Benzenesulfonyl compounds	0.671			Benzenesulfonyl compounds	0.671	Organic compounds; Organoheterocyclic compounds; Organosulfur compounds; Halobenzenes; Organic acids and derivatives; Carboxylic acids and derivatives; Organohalogen compounds; Organosulfonic acids and derivatives; Organonitrogen compounds; Organooxygen compounds; Alkyl fluorides; Aryl chlorides; Aryl fluorides; Chlorobenzenes; Fluorobenzenes; Sulfonyls; Organochlorides; Organofluorides; Carbonyl compounds; Benzene and substituted derivatives; Benzenoids; Aryl halides; Alkyl halides; Organic oxides; Azacyclic compounds; Hydrocarbon derivatives; Benzenesulfonyl compounds; Organic sulfonic acids and derivatives; Organopnictogen compounds; Organic oxygen compounds; Organic nitrogen compounds; Chemical entities	439.101	335	5.586	839079889566942218	839079634993646438	839079634993646437	808	
3	C12H21NO3Si	[M + H3N + H]+	C12H25N2O3Si+	Terpenoids	0.711	Monoterpenoids	0.524	Halogenated fatty acids	0.206	Lipids and lipid-like molecules	0.732	Fatty Acyls	0.551	Fatty acids and conjugates	0.550			Fatty acids and conjugates	0.550	Organic compounds; Lipids and lipid-like molecules; Fatty acids and conjugates; Organic acids and derivatives; Carboxylic acids and derivatives; Organonitrogen compounds; Organooxygen compounds; Carboxylic acids; Carbonyl compounds; Fatty Acyls; Organic oxides; Hydrocarbon derivatives; Organic oxygen compounds; Organic nitrogen compounds; Chemical entities	273.164	339	5.648	839079871116197110	839079635027200874	839079635027200873	809	
3	C12H18N2O4	[M + H3N + H]+	C12H22N3O4+	Amino acids and Peptides	0.392	Linear polyketides	0.103	Phenylethylamines	0.044	Organic acids and derivatives	0.881	Carboxylic acids and derivatives	0.632	Carboxylic acid derivatives	0.567	Carboxylic acid amides	0.523	Carboxylic acid amides	0.523	Organic compounds; Organoheterocyclic compounds; Ethers; Organic acids and derivatives; Carboxylic acids and derivatives; Organonitrogen compounds; Organooxygen compounds; Carboxylic acid amides; Carboxylic acid derivatives; Carbonyl compounds; Organic oxides; Azacyclic compounds; Oxacyclic compounds; Hydrocarbon derivatives; Organopnictogen compounds; Organic oxygen compounds; Organic nitrogen compounds; Chemical entities	272.160	339	5.653	839079863725832813	839079635064949614	839079635064949613	810	
3	C7H17NS2	[M + Na]+	C7H17NNaS2+	Fatty acids	0.540	Fatty amides	0.139	Primary amides	0.270	Organosulfur compounds	0.980	Thioethers	0.446	Dialkylthioethers	0.579			Dialkylthioethers	0.579	Organic compounds; Organosulfur compounds; Organonitrogen compounds; Monoalkylamines; Amines; Primary amines; Sulfenyl compounds; Dialkylthioethers; Hydrocarbon derivatives; Organopnictogen compounds; Organic nitrogen compounds; Chemical entities	202.070	341	5.683	839079865613269836	839079635098504050	839079635098504049	811	
1	C9H20N2	[M + H3N + H]+	C9H24N3+	Alkaloids	0.948	Lysine alkaloids	0.687	Acetate-derived alkaloids	0.771	Organoheterocyclic compounds	0.697	Piperidines	0.661					Piperidines	0.661	Organic compounds; Organoheterocyclic compounds; Piperidines; Organonitrogen compounds; Trialkylamines; Amines; Azacyclic compounds; Hydrocarbon derivatives; Organopnictogen compounds; Organic nitrogen compounds; Chemical entities	174.196	349	5.820	839079862647896602	839079636105137114	839079636105137113	837	
6	C12H5ClN2O4S2	[M + Na]+	C12H5ClN2NaO4S2+	Alkaloids	0.369	Anthranilic acid alkaloids	0.080	Cephalosporins	0.044	Organohalogen compounds	0.999	Aryl halides	0.976	Aryl chlorides	0.981			Aryl chlorides	0.981	Organic compounds; Organoheterocyclic compounds; Organosulfur compounds; Organic acids and derivatives; Carboxylic acids and derivatives; Organohalogen compounds; Organonitrogen compounds; Organooxygen compounds; Azoles; Aryl chlorides; Monocarboxylic acids and derivatives; Carboxylic acids; Organochlorides; Benzene and substituted derivatives; Benzenoids; Aryl halides; Organic oxides; Azacyclic compounds; Heteroaromatic compounds; Hydrocarbon derivatives; Organopnictogen compounds; Organic oxygen compounds; Organic nitrogen compounds; Chemical entities	362.926	349	5.821	839079864304646842	839079635127864182	839079635127864181	812	
2	C7H16N2	[M + H]+	C7H17N2+	Alkaloids	0.941	Ornithine alkaloids	0.793	Polyamines	0.843	Organic nitrogen compounds	1.000	Organonitrogen compounds	1.000	Amines	0.972	Tertiary amines	0.492	Trialkylamines	0.518	Organic compounds; Organoheterocyclic compounds; Organonitrogen compounds; Monoalkylamines; Dialkylamines; Trialkylamines; Amines; Primary amines; Azacyclic compounds; Hydrocarbon derivatives; Organopnictogen compounds; Organic nitrogen compounds; Chemical entities	129.139	349	5.822	839079862744365596	839079635232721794	839079635228527489	815	
1	C8H15N	[M + H3N + H]+	C8H19N2+	Alkaloids	0.764	Lysine alkaloids	0.445	Acetate-derived alkaloids	0.495	Organic nitrogen compounds	1.000	Organonitrogen compounds	1.000	Amines	0.972	Tertiary amines	0.855	Trialkylamines	0.859	Organic compounds; Organoheterocyclic compounds; Organonitrogen compounds; Trialkylamines; Amines; Tertiary amines; Azacyclic compounds; Hydrocarbon derivatives; Organopnictogen compounds; Organic nitrogen compounds; Chemical entities	143.154	349	5.825	839079858034161738	839079635262081926	839079635262081925	816	
3	CH6N2O6S2	[M + Na]+	CH6N2NaO6S2+	Fatty acids	0.398	Small peptides	0.130	Aminoacids	0.218	Organic nitrogen compounds	0.970	Organonitrogen compounds	0.556	Amines	0.389	Primary amines	0.479	Monoalkylamines	0.521	Organic compounds; Organosulfur compounds; Organic acids and derivatives; Organonitrogen compounds; Monoalkylamines; Organic oxides; Hydrocarbon derivatives; Organic oxygen compounds; Organic nitrogen compounds; Chemical entities	228.955	350	5.828	839079872923942354	839079635517934494	839079635517934493	822	
1	C4H6NO4PS2	[M + H]+	C4H7NO4PS2+	Amino acids and Peptides	0.180	Pseudoalkaloids (transamidation)	0.104	Aminoacids	0.055	Organic nitrogen compounds	0.966	Organonitrogen compounds	0.701					Organonitrogen compounds	0.701	Organic compounds; Organosulfur compounds; Organic acids and derivatives; Organonitrogen compounds; Organic oxides; Hydrocarbon derivatives; Organopnictogen compounds; Organic oxygen compounds; Organic nitrogen compounds; Chemical entities	227.954	350	5.831	839079866204666764	839079636000279502	839079635996085197	834	
1	C11H10Cl3NO4	[M + K]+	C11H10Cl3KNO4+	Alkaloids	0.349	Tyrosine alkaloids	0.061	Pyrrolidine alkaloids	0.049	Benzenoids	0.665	Benzene and substituted derivatives	0.686	Halobenzenes	0.760	Chlorobenzenes	0.741	Chlorobenzenes	0.741	Organic compounds; Halobenzenes; Ethers; Organic acids and derivatives; Carboxylic acids and derivatives; Organohalogen compounds; Organonitrogen compounds; Organooxygen compounds; Alkyl chlorides; Aryl chlorides; Carboxylic acid derivatives; Chlorobenzenes; Organochlorides; Carbonyl compounds; Benzene and substituted derivatives; Benzenoids; Aryl halides; Alkyl halides; Organic oxides; Hydrocarbon derivatives; Organopnictogen compounds; Organic oxygen compounds; Organic nitrogen compounds; Chemical entities	363.930	350	5.832	839079870906481893	839079636071582678	839079636071582677	836	
1	C13H23N3O5	[M + Na]+	C13H23N3NaO5+	Amino acids and Peptides	0.811	Small peptides	0.615	Dipeptides	0.527	Organic acids and derivatives	0.981	Carboxylic acids and derivatives	0.951	Amino acids, peptides, and analogues	0.621	Amino acids and derivatives	0.615	Alpha amino acids and derivatives	0.578	Organic compounds; Lipids and lipid-like molecules; Amino acids, peptides, and analogues; Alpha amino acids and derivatives; Fatty acids and conjugates; Organic acids and derivatives; Carboxylic acids and derivatives; Organonitrogen compounds; Organooxygen compounds; Fatty amides; Amino acids and derivatives; Carboxylic acid amides; Carboxylic acid derivatives; N-acyl amines; Monocarboxylic acids and derivatives; Carboxylic acids; Secondary carboxylic acid amides; Carbonyl compounds; Fatty Acyls; Organic oxides; Hydrocarbon derivatives; Organopnictogen compounds; Organic oxygen compounds; Organic nitrogen compounds; Chemical entities	324.153	352	5.861	839079899163510525	839079636134497246	839079636134497245	838	
4	C14H22N4O4S2	[M + H3N + H]+	C14H26N5O4S2+	Amino acids and Peptides	0.510	Histidine alkaloids	0.575	Imidazole alkaloids	0.573	Organoheterocyclic compounds	0.741	Biotin and derivatives	0.661					Biotin and derivatives	0.661	Organic compounds; Organoheterocyclic compounds; Organosulfur compounds; Biotin and derivatives; Organic acids and derivatives; Carboxylic acids and derivatives; Organonitrogen compounds; Organooxygen compounds; Azoles; Monocarboxylic acids and derivatives; Thioethers; Carbonyl compounds; Organic 1,3-dipolar compounds; Propargyl-type 1,3-dipolar organic compounds; Dialkylthioethers; Organic oxides; Azacyclic compounds; Hydrocarbon derivatives; Organopnictogen compounds; Organic oxygen compounds; Organic nitrogen compounds; Chemical entities	392.140	352	5.861	839079904385419286	839079636168051682	839079636168051681	839	
1	C12H16N4O3	[M + H3N + H]+	C12H20N5O3+	Amino acids and Peptides	0.490	Small peptides	0.668	Dipeptides	0.348	Organoheterocyclic compounds	0.888	Azoles	0.697					Azoles	0.697	Organic compounds; Organoheterocyclic compounds; Organic acids and derivatives; Carboxylic acids and derivatives; Organonitrogen compounds; Organooxygen compounds; Azoles; Carboxylic acid derivatives; Carbonyl compounds; Organic oxides; Azacyclic compounds; Heteroaromatic compounds; Hydrocarbon derivatives; Organopnictogen compounds; Organic oxygen compounds; Organic nitrogen compounds; Chemical entities	282.155	356	5.927	839079864917015318	839079636201606118	839079636201606117	840	
4	C5H12N2O2	[M + Na]+	C5H12N2NaO2+	Amino acids and Peptides	0.999	Small peptides	0.999	Aminoacids	1.000	Organic acids and derivatives	0.996	Carboxylic acids and derivatives	0.995	Amino acids, peptides, and analogues	0.983	Amino acids and derivatives	0.983	Alpha amino acids	0.918	Organic compounds; Lipids and lipid-like molecules; Amino acids, peptides, and analogues; Alpha amino acids and derivatives; Fatty acids and conjugates; Organic acids and derivatives; Carboxylic acids and derivatives; Organonitrogen compounds; Organooxygen compounds; Amino acids and derivatives; Monoalkylamines; Monocarboxylic acids and derivatives; Carboxylic acids; Carbonyl compounds; Alpha amino acids; Amines; Primary amines; Fatty Acyls; Organic oxides; Hydrocarbon derivatives; Amino acids; Organopnictogen compounds; Organic oxygen compounds; Organic nitrogen compounds; Chemical entities	155.079	358	5.975	839079866183695226	839079636235160554	839079636235160553	841	
3	C8H16N4O3	[M + H]+	C8H17N4O3+	Amino acids and Peptides	0.987	Small peptides	0.993	Aminoacids	0.829	Organic acids and derivatives	0.994	Carboxylic acids and derivatives	0.988	Amino acids, peptides, and analogues	0.937	Amino acids and derivatives	0.935	Alpha amino acids	0.666	Organic compounds; Lipids and lipid-like molecules; Amino acids, peptides, and analogues; Alpha amino acids and derivatives; Fatty acids and conjugates; Organic acids and derivatives; Carboxylic acids and derivatives; Organonitrogen compounds; Organooxygen compounds; Amino acids and derivatives; Monoalkylamines; Carboxylic acid amides; Carboxylic acid derivatives; Monocarboxylic acids and derivatives; Carboxylic acids; Carbonyl compounds; Alpha amino acids; Amines; Primary amines; Fatty Acyls; Organic oxides; Hydrocarbon derivatives; Amino acids; Organopnictogen compounds; Organic oxygen compounds; Organic nitrogen compounds; Chemical entities	217.130	360	5.993	839079868402482280	839079636272909294	839079636272909293	842	
1	C5H9NO2	[M + H3N + H]+	C5H13N2O2+	Amino acids and Peptides	0.732	Small peptides	0.495	Aminoacids	0.486	Organic acids and derivatives	0.662	Carboxylic acids and derivatives	0.699					Carboxylic acids and derivatives	0.699	Organic compounds; Organoheterocyclic compounds; Organic acids and derivatives; Carboxylic acids and derivatives; Organonitrogen compounds; Organooxygen compounds; Carbonyl compounds; Organic oxides; Azacyclic compounds; Hydrocarbon derivatives; Organopnictogen compounds; Organic oxygen compounds; Organic nitrogen compounds; Chemical entities	133.097	360	6.000	839079879005683704	839079636306463730	839079636306463729	843	
1	C13H25N3O6	[M - H2O + H]+	C13H24N3O5+	Amino acids and Peptides	0.482	Small peptides	0.509	Polyamines	0.208	Organic acids and derivatives	0.999	Carboxylic acids and derivatives	0.998	Amino acids, peptides, and analogues	0.881	Amino acids and derivatives	0.873	N-acyl-alpha amino acids and derivatives	0.549	Organic compounds; Lipids and lipid-like molecules; Amino acids, peptides, and analogues; Alpha amino acids and derivatives; Alcohols and polyols; Fatty acids and conjugates; Organic acids and derivatives; Carboxylic acids and derivatives; Organonitrogen compounds; Organooxygen compounds; Fatty amides; Amino acids and derivatives; Carboxylic acid amides; Carboxylic acid derivatives; N-acyl amines; Monocarboxylic acids and derivatives; N-acyl-alpha amino acids and derivatives; Carboxylic acids; Secondary alcohols; Secondary carboxylic acid amides; Carbonyl compounds; Amines; Fatty Acyls; Acetamides; Organic oxides; Hydrocarbon derivatives; Amino acids; Organopnictogen compounds; Organic oxygen compounds; Organic nitrogen compounds; Chemical entities	302.171	360	6.008	839079867253242838	839079636340018166	839079636340018165	844	
1	C5H9NO2	[M + H3N + H]+	C5H13N2O2+	Amino acids and Peptides	0.565	Fatty amides	0.353	Primary amides	0.261	Organic acids and derivatives	0.796	Carboxylic acids and derivatives	0.807	Carboxylic acid derivatives	0.642	Carboxylic acid amides	0.628	Carboxylic acid amides	0.628	Organic compounds; Organoheterocyclic compounds; Organic acids and derivatives; Carboxylic acids and derivatives; Organonitrogen compounds; Organooxygen compounds; Carboxylic acid amides; Carboxylic acid derivatives; Carbonyl compounds; Organic oxides; Azacyclic compounds; Hydrocarbon derivatives; Organopnictogen compounds; Organic oxygen compounds; Organic nitrogen compounds; Chemical entities	133.097	361	6.012	839079865751681889	839079636373572602	839079636373572601	845	
1	C8H18N2	[M + H3N + H]+	C8H22N3+	Alkaloids	0.982	Ornithine alkaloids	0.642	Acetate-derived alkaloids	0.845	Organoheterocyclic compounds	0.575	Azacyclic compounds	0.630					Azacyclic compounds	0.630	Organic compounds; Organoheterocyclic compounds; Organonitrogen compounds; Monoalkylamines; Amines; Primary amines; Azacyclic compounds; Hydrocarbon derivatives; Organopnictogen compounds; Organic nitrogen compounds; Chemical entities	160.181	361	6.021	839079899218036502	839079636503596042	839079636503596041	849	
3	C9H12N2O2S	[M + H3N + H]+	C9H16N3O2S+	Amino acids and Peptides	0.963	β-lactams	0.289	Carbapenems	0.060	Organic acids and derivatives	0.967	Carboxylic acids and derivatives	0.939	Amino acids, peptides, and analogues	0.605	Amino acids and derivatives	0.603	Amino acids and derivatives	0.603	Organic compounds; Organoheterocyclic compounds; Amino acids, peptides, and analogues; Thiazoles; Organic acids and derivatives; Carboxylic acids and derivatives; Organonitrogen compounds; Organooxygen compounds; Amino acids and derivatives; Monocarboxylic acids and derivatives; Carboxylic acids; Carbonyl compounds; Organic oxides; Azacyclic compounds; Hydrocarbon derivatives; Organopnictogen compounds; Organic oxygen compounds; Organic nitrogen compounds; Chemical entities	230.096	364	6.066	839079882847666374	839079636407127038	839079636407127037	846	
2	C9H15N3O3S	[M + H]+	C9H16N3O3S+	Amino acids and Peptides	0.767	Histidine alkaloids	0.473	Imidazole alkaloids	0.471	Organic acids and derivatives	0.676	Carboxylic acids and derivatives	0.680	Carboxylic acids	0.671			Carboxylic acids	0.671	Organic compounds; Organoheterocyclic compounds; Organosulfur compounds; Organic acids and derivatives; Carboxylic acids and derivatives; Organonitrogen compounds; Organooxygen compounds; Monocarboxylic acids and derivatives; Thioethers; Carboxylic acids; Carbonyl compounds; Amines; Dialkylthioethers; Organic oxides; Azacyclic compounds; Hydrocarbon derivatives; Organopnictogen compounds; Organic oxygen compounds; Organic nitrogen compounds; Chemical entities	246.091	364	6.067	839079868792552590	839079636440681474	839079636440681473	847	
1	C9H9N3O3	[M + H3N + H]+	C9H13N4O3+	Alkaloids	0.747	Nicotinic acid alkaloids	0.385	Pyridine alkaloids	0.387	Organoheterocyclic compounds	0.849	Heteroaromatic compounds	0.669					Heteroaromatic compounds	0.669	Organic compounds; Organoheterocyclic compounds; Organic acids and derivatives; Carboxylic acids and derivatives; Organonitrogen compounds; Organooxygen compounds; Organic oxides; Azacyclic compounds; Heteroaromatic compounds; Hydrocarbon derivatives; Organopnictogen compounds; Organic oxygen compounds; Organic nitrogen compounds; Chemical entities	225.098	364	6.071	839079878808551373	839079636470041606	839079636470041605	848	
1	C5H11NO3S	[M - H2O + H]+	C5H10NO2S+	Amino acids and Peptides	0.991	Small peptides	0.982	Aminoacids	0.985	Organic acids and derivatives	0.983	Carboxylic acids and derivatives	0.979	Amino acids, peptides, and analogues	0.976	Amino acids and derivatives	0.976	Alpha amino acids	0.810	Organic compounds; Organosulfur compounds; Amino acids, peptides, and analogues; Alpha amino acids and derivatives; Organic acids and derivatives; Carboxylic acids and derivatives; Organonitrogen compounds; Organooxygen compounds; Amino acids and derivatives; Monoalkylamines; Monocarboxylic acids and derivatives; Carboxylic acids; Carbonyl compounds; Alpha amino acids; Amines; Primary amines; Sulfenyl compounds; Organic oxides; Hydrocarbon derivatives; Amino acids; Cysteine and derivatives; Organopnictogen compounds; Organic oxygen compounds; Organic nitrogen compounds; Chemical entities	148.043	365	6.080	839079873213349378	839079636537150478	839079636537150477	850	
3	C5H5NO2	[M + H3N + H]+	C5H9N2O2+	Amino acids and Peptides	0.610	Small peptides	0.441	Aminoacids	0.589	Organic acids and derivatives	0.858	Carboxylic acids and derivatives	0.881	Carboxylic acids	0.776			Carboxylic acids	0.776	Organic compounds; Organoheterocyclic compounds; Organic acids and derivatives; Carboxylic acids and derivatives; Organonitrogen compounds; Organooxygen compounds; Monocarboxylic acids and derivatives; Carboxylic acids; Carbonyl compounds; Organic oxides; Azacyclic compounds; Hydrocarbon derivatives; Organopnictogen compounds; Organic oxygen compounds; Organic nitrogen compounds; Chemical entities	129.066	365	6.088	839079866020117365	839079636566510610	839079636566510609	851	
1	C6H12N2O3	[M + H]+	C6H13N2O3+	Amino acids and Peptides	0.995	Small peptides	0.999	Dipeptides	0.923	Organic acids and derivatives	1.000	Carboxylic acids and derivatives	1.000	Amino acids, peptides, and analogues	1.000	Peptides	0.829	Dipeptides	0.584	Organic compounds; Amino acids, peptides, and analogues; Alpha amino acids and derivatives; Organic acids and derivatives; Carboxylic acids and derivatives; Organonitrogen compounds; Organooxygen compounds; Amino acids and derivatives; Peptides; Monoalkylamines; Carboxylic acid amides; Carboxylic acid derivatives; Monocarboxylic acids and derivatives; N-acyl-alpha amino acids and derivatives; Carboxylic acids; Secondary carboxylic acid amides; Carbonyl compounds; Alpha amino acid amides; N-acyl-alpha amino acids; Amines; Primary amines; Organic oxides; Hydrocarbon derivatives; Amino acids; Alanine and derivatives; Organopnictogen compounds; Organic oxygen compounds; Organic nitrogen compounds; Dipeptides; Chemical entities	161.092	369	6.143	839079864531139291	839079636604259350	839079636600065045	852	
1	C7H11NO3	[M + H3N + H]+	C7H15N2O3+	Amino acids and Peptides	0.962	Small peptides	0.990	Aminoacids	0.967	Organic acids and derivatives	1.000	Carboxylic acids and derivatives	1.000	Amino acids, peptides, and analogues	0.966	Amino acids and derivatives	0.966	N-acyl-alpha amino acids	0.947	Organic compounds; Organoheterocyclic compounds; Amino acids, peptides, and analogues; Alpha amino acids and derivatives; Pyrrolidines; Organic acids and derivatives; Carboxylic acids and derivatives; Organonitrogen compounds; Organooxygen compounds; Amino acids and derivatives; Carboxylic acid amides; Carboxylic acid derivatives; Monocarboxylic acids and derivatives; N-acyl-alpha amino acids and derivatives; Carboxylic acids; Tertiary carboxylic acid amides; Carbonyl compounds; Pyrrolidine carboxylic acids and derivatives; N-acyl-alpha amino acids; Pyrrolidine carboxylic acids; N-acylpyrrolidines; Acetamides; Organic oxides; Azacyclic compounds; Hydrocarbon derivatives; Proline and derivatives; Organopnictogen compounds; Organic oxygen compounds; Organic nitrogen compounds; Chemical entities	175.108	370	6.162	839079866326301621	839079636633619482	839079636633619481	853	
1	C10H19N3O5	[M - H2O + H]+	C10H18N3O4+	Amino acids and Peptides	1.000	Small peptides	1.000	Dipeptides	0.983	Organic acids and derivatives	1.000	Carboxylic acids and derivatives	1.000	Amino acids, peptides, and analogues	0.998	Peptides	0.996	Oligopeptides	0.607	Organic compounds; Lipids and lipid-like molecules; Amino acids, peptides, and analogues; Alpha amino acids and derivatives; Alcohols and polyols; Fatty acids and conjugates; Organic acids and derivatives; Carboxylic acids and derivatives; Organonitrogen compounds; Organooxygen compounds; Fatty amides; Branched fatty acids; Amino acids and derivatives; Peptides; Monoalkylamines; Carboxylic acid amides; Carboxylic acid derivatives; N-acyl amines; Monocarboxylic acids and derivatives; N-acyl-alpha amino acids and derivatives; Carboxylic acids; Secondary carboxylic acid amides; Carbonyl compounds; Alpha amino acid amides; N-acyl-alpha amino acids; Amines; Primary amines; Fatty Acyls; Organic oxides; Hydrocarbon derivatives; Amino acids; Glutamine and derivatives; Organopnictogen compounds; Organic oxygen compounds; Organic nitrogen compounds; Dipeptides; Oligopeptides; Chemical entities	244.129	370	6.166	839079877780946813	839079636667173918	839079636667173917	854	
1	C6H3NO	[M + H3N + H]+	C6H7N2O+	Alkaloids	0.900	Nicotinic acid alkaloids	0.849	Pyridine alkaloids	0.849	Organoheterocyclic compounds	0.440	Heteroaromatic compounds	0.582					Heteroaromatic compounds	0.582	Organic compounds; Organonitrogen compounds; Organooxygen compounds; Nitriles; Heteroaromatic compounds; Hydrocarbon derivatives; Organic cyanides; Organopnictogen compounds; Organic oxygen compounds; Organic nitrogen compounds; Chemical entities	123.055	376	6.272	839079872961691108	839079636738477094	839079636738477093	856	
1	C11H11NO6	[M + H3N + H]+	C11H15N2O6+	Carbohydrates	0.603	Nicotinic acid alkaloids	0.542	Pyridine alkaloids	0.543	Organic oxygen compounds	1.000	Organooxygen compounds	0.992	Carbohydrates and carbohydrate conjugates	0.850	Glycosyl compounds	0.717	Glycosylamines	0.659	Organic compounds; Organoheterocyclic compounds; Carbohydrates and carbohydrate conjugates; Alcohols and polyols; Organic acids and derivatives; Carboxylic acids and derivatives; Organonitrogen compounds; Organooxygen compounds; Monosaccharides; Secondary alcohols; Glycosyl compounds; Glycosylamines; Polyols; Benzenoids; Organic oxides; Azacyclic compounds; Oxacyclic compounds; Heteroaromatic compounds; Hydrocarbon derivatives; Organopnictogen compounds; Organic oxygen compounds; Organic nitrogen compounds; Chemical entities	271.092	377	6.279	839079867660090371	839079636772031530	839079636772031529	857	
1	C11H9NO5	[M + H3N + H]+	C11H13N2O5+	Alkaloids	0.447	Anthranilic acid alkaloids	0.178	Anthranillic acid derivatives	0.350	Benzenoids	0.859	Benzene and substituted derivatives	0.661	Benzoic acids and derivatives	0.625			Benzoic acids and derivatives	0.625	Organic compounds; Benzoic acids and derivatives; Organic acids and derivatives; Carboxylic acids and derivatives; Organonitrogen compounds; Benzoyl derivatives; Organooxygen compounds; Carboxylic acid derivatives; Monocarboxylic acids and derivatives; Carboxylic acids; Carbonyl compounds; Benzene and substituted derivatives; Benzenoids; Organic oxides; Hydrocarbon derivatives; Organopnictogen compounds; Organic oxygen compounds; Organic nitrogen compounds; Chemical entities	253.082	377	6.281	839079876476518168	839079636809780270	839079636809780269	858	
2	C7H14N4O3	[M + H]+	C7H15N4O3+	Amino acids and Peptides	0.980	Small peptides	0.991	Aminoacids	0.975	Organic acids and derivatives	0.998	Carboxylic acids and derivatives	0.995	Amino acids, peptides, and analogues	0.971	Amino acids and derivatives	0.970	Alpha amino acids and derivatives	0.956	Organic compounds; Lipids and lipid-like molecules; Amino acids, peptides, and analogues; Alpha amino acids and derivatives; Fatty acids and conjugates; Organic acids and derivatives; Carboxylic acids and derivatives; Organonitrogen compounds; Organooxygen compounds; Amino acids and derivatives; Guanidines; Monocarboxylic acids and derivatives; Carboxylic acids; Carbonyl compounds; Carboximidamides; Organic 1,3-dipolar compounds; Propargyl-type 1,3-dipolar organic compounds; Fatty Acyls; Organic oxides; Hydrocarbon derivatives; Organopnictogen compounds; Organic oxygen compounds; Organic nitrogen compounds; Chemical entities	203.114	382	6.365	839079872353516955	839079636872694838	839079636872694837	860	
1	C12H22O11	[M + Na]+	C12H22NaO11+	Carbohydrates	1.000	Saccharides	1.000	Disaccharides	0.998	Organic oxygen compounds	1.000	Organooxygen compounds	1.000	Carbohydrates and carbohydrate conjugates	1.000	Glycosyl compounds	0.990	C-glycosyl compounds	0.537	Organic compounds; Organoheterocyclic compounds; Carbohydrates and carbohydrate conjugates; Alcohols and polyols; Ethers; Primary alcohols; Organooxygen compounds; Disaccharides; Acetals; Secondary alcohols; Oxanes; Glycosyl compounds; C-glycosyl compounds; O-glycosyl compounds; Polyols; Oxacyclic compounds; Hydrocarbon derivatives; Organic oxygen compounds; Chemical entities	365.105	387	6.449	839079975717949711	839079636943998014	839079636939803709	862	
1	C7H11NO3	[M + H3N + H]+	C7H15N2O3+	Amino acids and Peptides	0.886	Small peptides	0.813	Aminoacids	0.795	Organic acids and derivatives	0.919	Carboxylic acids and derivatives	0.917	Amino acids, peptides, and analogues	0.627	Amino acids and derivatives	0.628	Alpha amino acids and derivatives	0.513	Organic compounds; Amino acids, peptides, and analogues; Alpha amino acids and derivatives; Organic acids and derivatives; Carboxylic acids and derivatives; Organonitrogen compounds; Organooxygen compounds; Amino acids and derivatives; Monocarboxylic acids and derivatives; Carboxylic acids; Carbonyl compounds; Organic oxides; Hydrocarbon derivatives; Organopnictogen compounds; Organic oxygen compounds; Organic nitrogen compounds; Chemical entities	175.108	387	6.450	839079965358018542	839079636973358146	839079636973358145	863	
1	C10H16ClN	[M + Na]+	C10H16ClNNa+	Alkaloids	0.883	Pseudoalkaloids (transamidation)	0.482	Phenylethylamines	0.493	Benzenoids	0.729	Benzene and substituted derivatives	0.655	Halobenzenes	0.514			Halobenzenes	0.514	Organic compounds; Halobenzenes; Organohalogen compounds; Organonitrogen compounds; Aryl chlorides; Organochlorides; Dialkylamines; Benzene and substituted derivatives; Benzenoids; Amines; Secondary amines; Aryl halides; Aralkylamines; Hydrocarbon derivatives; Organopnictogen compounds; Organic nitrogen compounds; Chemical entities	208.087	391	6.521	839079871640485176	839079637006912582	839079637006912581	864	
3	C5H11NO3S	[M + H]+	C5H12NO3S+	Amino acids and Peptides	1.000	Small peptides	1.000	Aminoacids	1.000	Organic acids and derivatives	0.999	Carboxylic acids and derivatives	0.998	Amino acids, peptides, and analogues	0.997	Amino acids and derivatives	0.997	Alpha amino acids	0.945	Organic compounds; Organosulfur compounds; Lipids and lipid-like molecules; Amino acids, peptides, and analogues; Alpha amino acids and derivatives; Fatty acids and conjugates; Organic acids and derivatives; Carboxylic acids and derivatives; Organonitrogen compounds; Organooxygen compounds; Amino acids and derivatives; Monoalkylamines; Monocarboxylic acids and derivatives; Carboxylic acids; Thia fatty acids; Carbonyl compounds; Alpha amino acids; Amines; Primary amines; Carbo-azosulfones; Fatty Acyls; Organic oxides; Hydrocarbon derivatives; Amino acids; Organopnictogen compounds; Organic oxygen compounds; Organic nitrogen compounds; Chemical entities	166.053	393	6.556	839079867555232744	839079637069827150	839079637069827149	866	
1	C7H14O4	[M + K]+	C7H14KO4+	Fatty acids	0.666	Fatty acyls	0.258	Fatty alcohols	0.265	Organic oxygen compounds	1.000	Organooxygen compounds	1.000	Ethers	0.880	Dialkyl ethers	0.676	Dialkyl ethers	0.676	Organic compounds; Organoheterocyclic compounds; Alcohols and polyols; Ethers; Organooxygen compounds; Dialkyl ethers; Oxacyclic compounds; Hydrocarbon derivatives; Organic oxygen compounds; Chemical entities	201.052	394	6.566	839079871841811797	839079637103381586	839079637103381585	867	
1	C11H16N2O2S	[M + Na]+	C11H16N2NaO2S+	Alkaloids	0.463	Monoterpenoids	0.426	Menthane monoterpenoids	0.456	Organoheterocyclic compounds	0.699	Azacyclic compounds	0.569					Azacyclic compounds	0.569	Organic compounds; Organoheterocyclic compounds; Organosulfur compounds; Organonitrogen compounds; Organooxygen compounds; Organic oxides; Azacyclic compounds; Hydrocarbon derivatives; Organopnictogen compounds; Organic oxygen compounds; Organic nitrogen compounds; Chemical entities	263.083	395	6.583	839079903160682458	839079637136936022	839079637136936021	868	
1	C5H4O3	[M + H3N + H]+	C5H8NO3+	Fatty acids	0.806	Fatty Acids and Conjugates	0.641	Unsaturated fatty acids	0.270	Organoheterocyclic compounds	0.833	Lactones	0.541					Lactones	0.541	Organic compounds; Organoheterocyclic compounds; Lactones; Organic acids and derivatives; Carboxylic acids and derivatives; Organooxygen compounds; Monocarboxylic acids and derivatives; Carboxylic acids; Carbonyl compounds; Organic oxides; Oxacyclic compounds; Hydrocarbon derivatives; Organic oxygen compounds; Chemical entities	130.050	402	6.706	839079870499634367	839079637166296154	839079637166296153	869	
1	C5H7NO3	[M + H3N + H]+	C5H11N2O3+	Amino acids and Peptides	0.998	Small peptides	0.995	Aminoacids	0.995	Organic acids and derivatives	1.000	Carboxylic acids and derivatives	1.000	Amino acids, peptides, and analogues	0.924	Amino acids and derivatives	0.922	Proline and derivatives	0.738	Organic compounds; Organoheterocyclic compounds; Amino acids, peptides, and analogues; Alpha amino acids and derivatives; Lactams; Pyrrolidines; Organic acids and derivatives; Carboxylic acids and derivatives; Organonitrogen compounds; Organooxygen compounds; Amino acids and derivatives; Carboxylic acid amides; Carboxylic acid derivatives; Monocarboxylic acids and derivatives; Pyrrolidones; Carboxylic acids; Secondary carboxylic acid amides; Carbonyl compounds; Pyrrolidine carboxylic acids and derivatives; Oxoprolines; Pyrrolidine carboxylic acids; Pyrrolidine-2-ones; Organic oxides; Azacyclic compounds; Hydrocarbon derivatives; Proline and derivatives; Organopnictogen compounds; Organic oxygen compounds; Organic nitrogen compounds; Chemical entities	147.076	402	6.708	839079867731393569	839079637233405026	839079637233405025	871	
1	C13H17NO3	[M + Na]+	C13H17NNaO3+	Alkaloids	0.554	Small peptides	0.141	Aminoacids	0.055	Benzenoids	0.844	Benzene and substituted derivatives	0.750					Benzene and substituted derivatives	0.750	Organic compounds; Organic acids and derivatives; Carboxylic acids and derivatives; Organonitrogen compounds; Organooxygen compounds; Carbonyl compounds; Benzene and substituted derivatives; Benzenoids; Organic oxides; Hydrocarbon derivatives; Organopnictogen compounds; Organic oxygen compounds; Organic nitrogen compounds; Chemical entities	258.110	408	6.798	839079890393220142	839079637266959462	839079637266959461	872	
1	C16H29N5O7	[M + H]+	C16H30N5O7+	Carbohydrates	0.751	Aminosugars and aminoglycosides	0.786	Aminoglycosides	0.773	Organic acids and derivatives	0.869	Carboxylic acids and derivatives	0.716	Amino acids, peptides, and analogues	0.659	Amino acids and derivatives	0.650	Alpha amino acids and derivatives	0.674	Organic compounds; Lipids and lipid-like molecules; Amino acids, peptides, and analogues; Alpha amino acids and derivatives; Alcohols and polyols; Fatty acids and conjugates; Organic acids and derivatives; Carboxylic acids and derivatives; Organonitrogen compounds; Organooxygen compounds; Fatty amides; Amino acids and derivatives; Monoalkylamines; N-acyl amines; Carboxylic acids; Secondary alcohols; Carbonyl compounds; Amines; Primary amines; Fatty Acyls; Organic oxides; Hydrocarbon derivatives; Amino acids; Organopnictogen compounds; Organic oxygen compounds; Organic nitrogen compounds; Chemical entities	404.214	411	6.850	839079879165067279	839079637300513898	839079637300513897	873	
2	C9H12N2O2	[M + H3N + H]+	C9H16N3O2+	Alkaloids	0.852	Nicotinic acid alkaloids	0.838	Pyridine alkaloids	0.837	Organic acids and derivatives	0.872	Carboxylic acids and derivatives	0.849	Carboxylic acids	0.636			Carboxylic acids	0.636	Organic compounds; Organoheterocyclic compounds; Organic acids and derivatives; Carboxylic acids and derivatives; Organonitrogen compounds; Organooxygen compounds; Monocarboxylic acids and derivatives; Carboxylic acids; Carbonyl compounds; Organic oxides; Azacyclic compounds; Hydrocarbon derivatives; Organopnictogen compounds; Organic oxygen compounds; Organic nitrogen compounds; Chemical entities	198.124	419	6.983	839079877642534769	839079637334068334	839079637334068333	874	
1	C10H16ClN	[M + Na]+	C10H16ClNNa+	Alkaloids	0.916	Pseudoalkaloids (transamidation)	0.567	Phenylalanine-derived alkaloids	0.629	Benzenoids	0.954	Benzene and substituted derivatives	0.830	Halobenzenes	0.609	Chlorobenzenes	0.553	Chlorobenzenes	0.553	Organic compounds; Halobenzenes; Organohalogen compounds; Organonitrogen compounds; Aryl chlorides; Chlorobenzenes; Organochlorides; Dialkylamines; Benzene and substituted derivatives; Benzenoids; Amines; Aryl halides; Aralkylamines; Hydrocarbon derivatives; Organopnictogen compounds; Organic nitrogen compounds; Chemical entities	208.087	428	7.131	839079874593275491	839079637367622770	839079637367622769	875	
2	C19H27N5O6	[M + Na]+	C19H27N5NaO6+	Amino acids and Peptides	0.992	Small peptides	0.833	Dipeptides	0.372	Organic acids and derivatives	1.000	Carboxylic acids and derivatives	0.998	Amino acids, peptides, and analogues	0.983	Peptides	0.643	Peptides	0.643	Organic compounds; Lipids and lipid-like molecules; Amino acids, peptides, and analogues; Alpha amino acids and derivatives; Benzoic acids and derivatives; Benzamides; Hippuric acids and derivatives; Organic acids and derivatives; Carboxylic acids and derivatives; Organonitrogen compounds; Benzoyl derivatives; Organooxygen compounds; Fatty amides; Amino acids and derivatives; Peptides; Guanidines; Carboxylic acid amides; Carboxylic acid derivatives; N-acyl amines; Monocarboxylic acids and derivatives; N-acyl-alpha amino acids and derivatives; Carboxylic acids; Secondary carboxylic acid amides; Carbonyl compounds; Benzene and substituted derivatives; Alpha amino acid amides; N-acyl-alpha amino acids; Benzenoids; Carboximidamides; Organic 1,3-dipolar compounds; Propargyl-type 1,3-dipolar organic compounds; Fatty Acyls; Organic oxides; Hydrocarbon derivatives; Organopnictogen compounds; Organic oxygen compounds; Organic nitrogen compounds; Chemical entities	444.186	435	7.246	839079911071140057	839079637434731642	839079637434731641	877	
1	C6H10F3N3O	[M + Na]+	C6H10F3N3NaO+	Alkaloids	0.746	Histidine alkaloids	0.184	Imidazole alkaloids	0.184	Organoheterocyclic compounds	0.681	Azoles	0.526					Azoles	0.526	Organic compounds; Organoheterocyclic compounds; Organic acids and derivatives; Organohalogen compounds; Organonitrogen compounds; Organooxygen compounds; Azoles; Alkyl fluorides; Organofluorides; Amines; Primary amines; Alkyl halides; Organic oxides; Azacyclic compounds; Heteroaromatic compounds; Hydrocarbon derivatives; Organopnictogen compounds; Organic oxygen compounds; Organic nitrogen compounds; Chemical entities	220.067	435	7.252	839079878246514591	839079637606698126	839079637606698125	882	
1	C16H21N3O7S	[M + H3N + H]+	C16H25N4O7S+	Amino acids and Peptides	0.848	Small peptides	0.282	Dipeptides	0.107	Organic acids and derivatives	0.994	Carboxylic acids and derivatives	0.934	Amino acids, peptides, and analogues	0.773	Amino acids and derivatives	0.768	Alpha amino acids and derivatives	0.778	Organic compounds; Organoheterocyclic compounds; Organosulfur compounds; Amino acids, peptides, and analogues; Alpha amino acids and derivatives; Fatty acids and conjugates; Organic acids and derivatives; Carboxylic acids and derivatives; Organonitrogen compounds; Organooxygen compounds; Amino acids and derivatives; Carboxylic acid derivatives; Monocarboxylic acids and derivatives; Carboxylic acids; Carbonyl compounds; Organic oxides; Hydrocarbon derivatives; Organopnictogen compounds; Organic oxygen compounds; Organic nitrogen compounds; Chemical entities	417.144	435	7.252	839079931828751254	839079637573143690	839079637573143689	881	
1	C6H7NO3	[M + H3N + H]+	C6H11N2O3+	Amino acids and Peptides	0.775	Small peptides	0.132	Primary amides	0.129	Organoheterocyclic compounds	0.932	Lactams	0.621					Lactams	0.621	Organic compounds; Organoheterocyclic compounds; Lactams; Organic acids and derivatives; Carboxylic acids and derivatives; Organonitrogen compounds; Organooxygen compounds; Carboxylic acid derivatives; Carbonyl compounds; Organic oxides; Azacyclic compounds; Hydrocarbon derivatives; Organopnictogen compounds; Organic oxygen compounds; Organic nitrogen compounds; Chemical entities	159.077	435	7.255	839079933632302005	839079637506034818	839079637506034817	879	
1	C27H28N6O10	[M + H3N + H]+	C27H32N7O10+	Amino acids and Peptides	0.561	Oligopeptides	0.621	Linear peptides	0.501	Organic acids and derivatives	0.996	Carboxylic acids and derivatives	0.976	Amino acids, peptides, and analogues	0.727	Amino acids and derivatives	0.714	N-acyl-alpha amino acids and derivatives	0.624	Organic compounds; Amino acids, peptides, and analogues; Alpha amino acids and derivatives; Phenols; Benzoic acids and derivatives; Benzamides; Organic acids and derivatives; Carboxylic acids and derivatives; Organonitrogen compounds; Benzoyl derivatives; Organooxygen compounds; Amino acids and derivatives; Carboxylic acid amides; Salicylic acid and derivatives; Carboxylic acid derivatives; N-acyl-alpha amino acids and derivatives; Hydroxybenzoic acid derivatives; Secondary carboxylic acid amides; Carbonyl compounds; Benzene and substituted derivatives; Alpha amino acid amides; Benzenoids; Salicylamides; Vinylogous acids; Organic oxides; Hydrocarbon derivatives; Organopnictogen compounds; Organic oxygen compounds; 1-hydroxy-2-unsubstituted benzenoids; 1-hydroxy-4-unsubstituted benzenoids; Organic nitrogen compounds; Chemical entities	614.223	435	7.257	839079955975360122	839079637539589254	839079637539589253	880	
1	C12H26N6O6	[M + Na]+	C12H26N6NaO6+	Amino acids and Peptides	0.999	Small peptides	0.999	Dipeptides	0.890	Organic acids and derivatives	1.000	Carboxylic acids and derivatives	1.000	Amino acids, peptides, and analogues	0.997	Amino acids and derivatives	0.997	N-acyl-alpha amino acids	0.652	Organic compounds; Lipids and lipid-like molecules; Amino acids, peptides, and analogues; Alpha amino acids and derivatives; Fatty acids and conjugates; Organic acids and derivatives; Carboxylic acids and derivatives; Organonitrogen compounds; Organooxygen compounds; Fatty amides; Amino acids and derivatives; Guanidines; Monoalkylamines; Carboxylic acid amides; Carboxylic acid derivatives; N-acyl amines; Monocarboxylic acids and derivatives; N-acyl-alpha amino acids and derivatives; Carboxylic acids; Secondary carboxylic acid amides; Carbonyl compounds; N-acyl-alpha amino acids; Amines; Primary amines; Carboximidamides; Organic 1,3-dipolar compounds; Propargyl-type 1,3-dipolar organic compounds; Fatty Acyls; Organic oxides; Hydrocarbon derivatives; Amino acids; Organopnictogen compounds; Organic oxygen compounds; Organic nitrogen compounds; Chemical entities	373.181	435	7.258	839079964758233029	839079637707361434	839079637707361433	885	
3	C18H19NO6S2	[M + H3N + H]+	C18H23N2O6S2+	Amino acids and Peptides	0.908	Peptide alkaloids	0.357	Thiodiketopiperazine alkaloids	0.536	Organic acids and derivatives	0.968	Carboxylic acids and derivatives	0.676	Amino acids, peptides, and analogues	0.515	Amino acids and derivatives	0.514	Amino acids and derivatives	0.514	Organic compounds; Organoheterocyclic compounds; Organosulfur compounds; Amino acids, peptides, and analogues; Organic acids and derivatives; Carboxylic acids and derivatives; Organonitrogen compounds; Organooxygen compounds; Amino acids and derivatives; Carbonyl compounds; Organic oxides; Azacyclic compounds; Hydrocarbon derivatives; Organopnictogen compounds; Organic oxygen compounds; Organic nitrogen compounds; Chemical entities	427.100	435	7.258	839079931094748007	839079637912882354	839079637912882353	891	
5	C6H13N3O3	[M + K]+	C6H13KN3O3+	Amino acids and Peptides	1.000	Small peptides	1.000	Aminoacids	1.000	Organic acids and derivatives	1.000	Carboxylic acids and derivatives	1.000	Amino acids, peptides, and analogues	0.999	Amino acids and derivatives	0.999	Alpha amino acids	0.985	Organic compounds; Lipids and lipid-like molecules; Amino acids, peptides, and analogues; Alpha amino acids and derivatives; Fatty acids and conjugates; Organic acids and derivatives; Carboxylic acids and derivatives; Organonitrogen compounds; Organooxygen compounds; Amino acids and derivatives; Organic carbonic acids and derivatives; Monoalkylamines; Ureas; Monocarboxylic acids and derivatives; Carboxylic acids; Carbonyl compounds; Alpha amino acids; Amines; Primary amines; Fatty Acyls; Organic oxides; Hydrocarbon derivatives; Amino acids; Organopnictogen compounds; Organic oxygen compounds; Organic nitrogen compounds; Chemical entities	214.059	435	7.258	839079886870004482	839079637774470306	839079637774470305	887	
1	C6H7F3N2O	[M + H3N + H]+	C6H11F3N3O+	Alkaloids	0.884	Nicotinic acid alkaloids	0.215	Pyridine alkaloids	0.214	Organoheterocyclic compounds	0.899	Heteroaromatic compounds	0.907					Heteroaromatic compounds	0.907	Organic compounds; Organoheterocyclic compounds; Organic acids and derivatives; Organohalogen compounds; Organonitrogen compounds; Organooxygen compounds; Alkyl fluorides; Organofluorides; Alkyl halides; Organic oxides; Azacyclic compounds; Heteroaromatic compounds; Hydrocarbon derivatives; Organopnictogen compounds; Organic oxygen compounds; Organic nitrogen compounds; Chemical entities	198.085	435	7.258	839079889311089632	839079637640252562	839079637640252561	883	
2	C19H23FN2O6	[M + H]+	C19H24FN2O6+	Amino acids and Peptides	0.239	Ornithine alkaloids	0.161	Pyrimidine nucleosides	0.120	Benzenoids	0.979	Benzene and substituted derivatives	0.936	Halobenzenes	0.810	Fluorobenzenes	0.858	Fluorobenzenes	0.858	Organic compounds; Organoheterocyclic compounds; Halobenzenes; Organic acids and derivatives; Carboxylic acids and derivatives; Organohalogen compounds; Organonitrogen compounds; Organooxygen compounds; Organic carbonic acids and derivatives; Carboxylic acid amides; Ureas; Aryl fluorides; Carboxylic acid derivatives; Fluorobenzenes; Organofluorides; Secondary carboxylic acid amides; Carbonyl compounds; Benzene and substituted derivatives; Benzenoids; Aryl halides; Organic oxides; Azacyclic compounds; Hydrocarbon derivatives; Organopnictogen compounds; Organic oxygen compounds; Organic nitrogen compounds; Chemical entities	395.162	435	7.258	839079898534364891	839079637808024742	839079637808024741	888	
1	C12H23N3O3	[M + H3N + H]+	C12H27N4O3+	Amino acids and Peptides	0.944	Small peptides	0.952	Dipeptides	0.652	Organic acids and derivatives	1.000	Carboxylic acids and derivatives	0.997	Amino acids, peptides, and analogues	0.735	Amino acids and derivatives	0.724	Alpha amino acids and derivatives	0.502	Organic compounds; Lipids and lipid-like molecules; Amino acids, peptides, and analogues; Alpha amino acids and derivatives; Fatty acids and conjugates; Organic acids and derivatives; Carboxylic acids and derivatives; Organonitrogen compounds; Organooxygen compounds; Fatty amides; Branched fatty acids; Amino acids and derivatives; Carboxylic acid amides; Amino fatty acids; Ureas; Carboxylic acid derivatives; N-acyl amines; Monocarboxylic acids and derivatives; Carboxylic acids; Secondary carboxylic acid amides; Carbonyl compounds; Medium-chain fatty acids; Fatty Acyls; Organic oxides; Hydrocarbon derivatives; Organopnictogen compounds; Organic oxygen compounds; Organic nitrogen compounds; Chemical entities	275.208	436	7.259	839079872055721337	839079637879327918	839079637879327917	890	
1	C6H10N2O3	[M + H3N + H]+	C6H14N3O3+	Amino acids and Peptides	0.998	Small peptides	0.998	Aminoacids	0.998	Organic acids and derivatives	1.000	Carboxylic acids and derivatives	1.000	Amino acids, peptides, and analogues	0.987	Amino acids and derivatives	0.987	Alpha amino acids	0.527	Organic compounds; Organoheterocyclic compounds; Amino acids, peptides, and analogues; Alpha amino acids and derivatives; Organic acids and derivatives; Carboxylic acids and derivatives; Organonitrogen compounds; Organooxygen compounds; Amino acids and derivatives; Organic carbonic acids and derivatives; Ureas; Monocarboxylic acids and derivatives; Carboxylic acids; Carbonyl compounds; Alpha amino acids; Organic oxides; Azacyclic compounds; Hydrocarbon derivatives; Amino acids; Organopnictogen compounds; Organic oxygen compounds; Organic nitrogen compounds; Chemical entities	176.103	436	7.260	839079873385315854	839079637845773482	839079637841579177	889	
1	C11H16N2O2S	[M + Na]+	C11H16N2NaO2S+	Amino acids and Peptides	0.399	Histidine alkaloids	0.178	Imidazole alkaloids	0.181	Organoheterocyclic compounds	0.768	Azacyclic compounds	0.593					Azacyclic compounds	0.593	Organic compounds; Organoheterocyclic compounds; Organosulfur compounds; Organonitrogen compounds; Organooxygen compounds; Organic oxides; Azacyclic compounds; Hydrocarbon derivatives; Organopnictogen compounds; Organic oxygen compounds; Organic nitrogen compounds; Chemical entities	263.083	436	7.260	839079882692477094	839079637673806998	839079637673806997	884	
1	C28H32Cl2N4O5S	[M + H3N + H]+	C28H36Cl2N5O5S+	Amino acids and Peptides	0.798	Oligopeptides	0.878	Carboline alkaloids	0.035	Organic acids and derivatives	0.988	Carboxylic acids and derivatives	0.967	Amino acids, peptides, and analogues	0.896	Amino acids and derivatives	0.892	Alpha amino acids and derivatives	0.751	Organic compounds; Organoheterocyclic compounds; Organosulfur compounds; Amino acids, peptides, and analogues; Halobenzenes; Alpha amino acids and derivatives; Ethers; Organic acids and derivatives; Carboxylic acids and derivatives; Organohalogen compounds; Organonitrogen compounds; Organooxygen compounds; Amino acids and derivatives; Carboxylic acid amides; Aryl chlorides; Carboxylic acid derivatives; Chlorobenzenes; Sulfonyls; Organochlorides; Secondary carboxylic acid amides; Tertiary carboxylic acid amides; Carbonyl compounds; Benzene and substituted derivatives; Benzenoids; Amines; Tertiary amines; Dichlorobenzenes; Aryl halides; Organic oxides; Azacyclic compounds; Heteroaromatic compounds; Hydrocarbon derivatives; Benzenesulfonyl compounds; Organopnictogen compounds; Organic oxygen compounds; Organic nitrogen compounds; Chemical entities	624.178	436	7.261	839080014989219022	839079637740915870	839079637740915869	886	
1	C9H20N2	[M + H3N + H]+	C9H24N3+	Alkaloids	0.911	Lysine alkaloids	0.543	Acetate-derived alkaloids	0.787	Organoheterocyclic compounds	0.755	Piperidines	0.656					Piperidines	0.656	Organic compounds; Organoheterocyclic compounds; Piperidines; Organonitrogen compounds; Amines; Azacyclic compounds; Hydrocarbon derivatives; Organopnictogen compounds; Organic nitrogen compounds; Chemical entities	174.196	436	7.269	839079933711993795	839079637468286078	839079637468286077	878	
1	C5H10O4	[M + H3N + H]+	C5H14NO4+	Carbohydrates	0.951	Saccharides	0.926	Monosaccharides	0.887	Organic oxygen compounds	1.000	Organooxygen compounds	1.000	Alcohols and polyols	0.978	Secondary alcohols	0.870	Secondary alcohols	0.870	Organic compounds; Alcohols and polyols; Primary alcohols; Organooxygen compounds; Secondary alcohols; Short-chain aldehydes; Polyols; Hydrocarbon derivatives; Organic oxygen compounds; Chemical entities	152.092	445	7.411	839079899108984570	839079637946436790	839079637946436789	892	
1	C8H18N2Se	[M + H3N + H]+	C8H22N3Se+	Terpenoids	0.373	Monoterpenoids	0.342	Pinane monoterpenoids	0.040	Organometallic compounds	1.000	Organometalloid compounds	1.000	Organoselenium compounds	1.000	Diselenides	0.718	Diselenides	0.718	Organic compounds; Organonitrogen compounds; Organometallic compounds; Organometalloid compounds; Organoselenium compounds; Diselenides; Hydrocarbon derivatives; Organic nitrogen compounds; Chemical entities	234.103	455	7.589	839079876493295402	839079637979991226	839079637979991225	893	
1	C10H19N3	[M + H3N + H]+	C10H23N4+	Alkaloids	0.822	Pseudoalkaloids (transamidation)	0.424	Acetate-derived alkaloids	0.615	Organoheterocyclic compounds	0.472	Azacyclic compounds	0.515					Azacyclic compounds	0.515	Organic compounds; Organonitrogen compounds; Azacyclic compounds; Hydrocarbon derivatives; Organopnictogen compounds; Organic nitrogen compounds; Chemical entities	199.192	457	7.612	839079915735206242	839079638055488706	839079638055488705	895	
1	C11H20N2O3	[M + H3N + H]+	C11H24N3O3+	Amino acids and Peptides	0.825	Small peptides	0.884	Dipeptides	0.606	Organic acids and derivatives	0.998	Carboxylic acids and derivatives	0.994	Amino acids, peptides, and analogues	0.800	Amino acids and derivatives	0.792	N-acyl-alpha amino acids and derivatives	0.565	Organic compounds; Lipids and lipid-like molecules; Amino acids, peptides, and analogues; Alpha amino acids and derivatives; Fatty acids and conjugates; Organic acids and derivatives; Carboxylic acids and derivatives; Organonitrogen compounds; Organooxygen compounds; Fatty amides; Amino acids and derivatives; Monoalkylamines; Carboxylic acid amides; Carboxylic acid derivatives; N-acyl amines; Monocarboxylic acids and derivatives; N-acyl-alpha amino acids and derivatives; Carboxylic acids; Secondary carboxylic acid amides; Carbonyl compounds; Fatty Acyls; Organic oxides; Hydrocarbon derivatives; Organopnictogen compounds; Organic oxygen compounds; Organic nitrogen compounds; Chemical entities	246.181	457	7.614	839079878271680434	839079638017739966	839079638017739965	894	
1	C14H8N2	[M + H3N + H]+	C14H12N3+	Alkaloids	0.997	Tryptophan alkaloids	0.950	Carboline alkaloids	0.926	Benzenoids	0.930							Benzenoids	0.930	Organic compounds; Organoheterocyclic compounds; Pyridines and derivatives; Organonitrogen compounds; Benzenoids; Azacyclic compounds; Heteroaromatic compounds; Hydrocarbon derivatives; Organopnictogen compounds; Organic nitrogen compounds; Chemical entities	222.103	462	7.708	839079884953207315	839079638093237446	839079638093237445	896	
3	C13H12N2S	[M + H]+	C13H13N2S+	Alkaloids	0.966	Tryptophan alkaloids	0.469	Pyridine alkaloids	0.435	Benzenoids	0.862	Benzene and substituted derivatives	0.545					Benzene and substituted derivatives	0.545	Organic compounds; Organoheterocyclic compounds; Organosulfur compounds; Organonitrogen compounds; Benzene and substituted derivatives; Benzenoids; Azacyclic compounds; Hydrocarbon derivatives; Organopnictogen compounds; Organic nitrogen compounds; Chemical entities	229.079	468	7.800	839079934144007168	839079638164540622	839079638164540621	898	
1	C10H16ClN	[M + Na]+	C10H16ClNNa+	Alkaloids	0.925	Pseudoalkaloids (transamidation)	0.580	Phenylalanine-derived alkaloids	0.643	Benzenoids	0.956	Benzene and substituted derivatives	0.826	Halobenzenes	0.757	Chlorobenzenes	0.722	Chlorobenzenes	0.722	Organic compounds; Halobenzenes; Organohalogen compounds; Organonitrogen compounds; Aryl chlorides; Chlorobenzenes; Organochlorides; Benzene and substituted derivatives; Benzenoids; Amines; Aryl halides; Aralkylamines; Hydrocarbon derivatives; Organopnictogen compounds; Organic nitrogen compounds; Chemical entities	208.087	469	7.824	839079967287398397	839079638126791882	839079638126791881	897	
1	C9H16N2O	[M + H3N + H]+	C9H20N3O+	Alkaloids	0.638	Lysine alkaloids	0.574	Piperidine alkaloids	0.339	Organoheterocyclic compounds	0.814	Azacyclic compounds	0.812					Azacyclic compounds	0.812	Organic compounds; Organoheterocyclic compounds; Organonitrogen compounds; Organooxygen compounds; Carbonyl compounds; Organic oxides; Azacyclic compounds; Hydrocarbon derivatives; Organopnictogen compounds; Organic oxygen compounds; Organic nitrogen compounds; Chemical entities	186.160	473	7.886	839079900342110050	839079638193900754	839079638193900753	899	
1	C5H10N4O2S	[M + H3N + H]+	C5H14N5O2S+	Alkaloids	0.900	Histidine alkaloids	0.623	Imidazole alkaloids	0.620	Organoheterocyclic compounds	0.998	Azoles	0.933	Triazoles	0.631	1-sulfamoyl-1,2,3-triazoles	0.556	1-sulfamoyl-1,2,3-triazoles	0.556	Organic compounds; Organoheterocyclic compounds; Organosulfur compounds; Triazoles; Organic acids and derivatives; Organonitrogen compounds; Azoles; Organic oxides; Azacyclic compounds; Heteroaromatic compounds; Hydrocarbon derivatives; 1-sulfamoyl-1,2,3-triazoles; Organopnictogen compounds; Organic oxygen compounds; Organic nitrogen compounds; Chemical entities	208.087	476	7.926	839079890447746117	839079638231649494	839079638231649493	900	
1	C7H7F3N2O	[M + H3N + H]+	C7H11F3N3O+	Alkaloids	0.940	Nicotinic acid alkaloids	0.619	Pyridine alkaloids	0.620	Organoheterocyclic compounds	0.908	Pyridines and derivatives	0.759					Pyridines and derivatives	0.759	Organic compounds; Organoheterocyclic compounds; Pyridines and derivatives; Organohalogen compounds; Organonitrogen compounds; Organooxygen compounds; Alkyl fluorides; Organofluorides; Alkyl halides; Azacyclic compounds; Heteroaromatic compounds; Hydrocarbon derivatives; Organopnictogen compounds; Organic oxygen compounds; Organic nitrogen compounds; Chemical entities	210.085	476	7.933	839079880758902876	839079638265203930	839079638265203929	901	
1	C7H16N2Se	[M + H3N + H]+	C7H20N3Se+	Fatty acids	0.162	Monoterpenoids	0.035	Hydrocarbons	0.003	Organometallic compounds	1.000	Organometalloid compounds	1.000	Organoselenium compounds	1.000	Diselenides	0.656	Diselenides	0.656	Organic compounds; Organonitrogen compounds; Organometallic compounds; Organometalloid compounds; Selenols; Organoselenium compounds; Diselenides; Hydrocarbon derivatives; Organic nitrogen compounds; Chemical entities	220.087	478	7.974	839079899872347930	839079638344895714	839079638344895713	903	
2	C9H19N3O	[M + H]+	C9H20N3O+	Alkaloids	0.966	Ornithine alkaloids	0.943	Polyamines	0.900	Organic acids and derivatives	0.982	Carboxylic acids and derivatives	0.976	Amino acids, peptides, and analogues	0.967	Amino acids and derivatives	0.966	Alpha amino acid amides	0.552	Organic compounds; Organoheterocyclic compounds; Amino acids, peptides, and analogues; Alpha amino acids and derivatives; Piperidines; Organic acids and derivatives; Carboxylic acids and derivatives; Organonitrogen compounds; Organooxygen compounds; Amino acids and derivatives; Monoalkylamines; Carboxylic acid amides; Carboxylic acid derivatives; Carbonyl compounds; Dialkylamines; Alpha amino acid amides; Aminopiperidines; Amines; Secondary amines; Organic oxides; Azacyclic compounds; Hydrocarbon derivatives; Organopnictogen compounds; Organic oxygen compounds; Organic nitrogen compounds; Chemical entities	186.160	481	8.012	839079900048508736	839079638311341278	839079638311341277	902	
1	C9H16N2O	[M + H3N + H]+	C9H20N3O+	Alkaloids	0.642	Lysine alkaloids	0.611	Piperidine alkaloids	0.340	Organoheterocyclic compounds	0.818	Azacyclic compounds	0.819					Azacyclic compounds	0.819	Organic compounds; Organoheterocyclic compounds; Organonitrogen compounds; Organooxygen compounds; Carbonyl compounds; Organic oxides; Azacyclic compounds; Hydrocarbon derivatives; Organopnictogen compounds; Organic oxygen compounds; Organic nitrogen compounds; Chemical entities	186.160	482	8.030	839079877822889871	839079638378450150	839079638378450149	904	
1	C10H21N3O3	[M + Na]+	C10H21N3NaO3+	Amino acids and Peptides	0.978	Small peptides	0.989	Aminoacids	0.724	Organic acids and derivatives	1.000	Carboxylic acids and derivatives	0.994	Amino acids, peptides, and analogues	0.905	Amino acids and derivatives	0.902	N-acyl-alpha amino acids and derivatives	0.555	Organic compounds; Lipids and lipid-like molecules; Amino acids, peptides, and analogues; Alpha amino acids and derivatives; Fatty acids and conjugates; Organic acids and derivatives; Carboxylic acids and derivatives; Organonitrogen compounds; Organooxygen compounds; Branched fatty acids; Amino acids and derivatives; Organic carbonic acids and derivatives; Ureas; Monocarboxylic acids and derivatives; N-acyl-alpha amino acids and derivatives; Carboxylic acids; N-carbamoyl-alpha amino acids and derivatives; Carbonyl compounds; Fatty Acyls; Organic oxides; Hydrocarbon derivatives; Amino acids; Organopnictogen compounds; Organic oxygen compounds; Organic nitrogen compounds; Chemical entities	254.147	486	8.102	839079887302017826	839079638416198890	839079638416198889	905	
1	C8H15N	[M + H3N + H]+	C8H19N2+	Alkaloids	0.786	Lysine alkaloids	0.378	Acetate-derived alkaloids	0.481	Organic nitrogen compounds	1.000	Organonitrogen compounds	1.000	Amines	0.970	Tertiary amines	0.878	Trialkylamines	0.892	Organic compounds; Organoheterocyclic compounds; Organonitrogen compounds; Trialkylamines; Amines; Tertiary amines; Azacyclic compounds; Hydrocarbon derivatives; Organopnictogen compounds; Organic nitrogen compounds; Chemical entities	143.154	487	8.115	839079872143801733	839079638483307762	839079638483307761	907	
1	C10H18N2O3	[M + H3N + H]+	C10H22N3O3+	Amino acids and Peptides	0.997	Small peptides	1.000	Dipeptides	0.975	Organic acids and derivatives	1.000	Carboxylic acids and derivatives	1.000	Amino acids, peptides, and analogues	1.000	Peptides	0.641	Gamma-glutamyl amino acids	0.548	Organic compounds; Lipids and lipid-like molecules; Amino acids, peptides, and analogues; Alpha amino acids and derivatives; Fatty acids and conjugates; Organic acids and derivatives; Carboxylic acids and derivatives; Organonitrogen compounds; Organooxygen compounds; Fatty amides; Branched fatty acids; Amino acids and derivatives; Peptides; Monoalkylamines; Carboxylic acid amides; Carboxylic acid derivatives; N-acyl amines; Monocarboxylic acids and derivatives; N-acyl-alpha amino acids and derivatives; Carboxylic acids; Secondary carboxylic acid amides; Carbonyl compounds; N-acyl-alpha amino acids; Alpha amino acids; Amines; Primary amines; Gamma-glutamyl amino acids; Fatty Acyls; Organic oxides; Hydrocarbon derivatives; Amino acids; Glutamine and derivatives; Leucine and derivatives; Organopnictogen compounds; Organic oxygen compounds; Organic nitrogen compounds; Dipeptides; Chemical entities	232.165	487	8.120	839079872684866987	839079638449753326	839079638449753325	906	
1	C8H15NO	[M + H3N + H]+	C8H19N2O+	Alkaloids	0.750	Lysine alkaloids	0.790	Piperidine alkaloids	0.524	Organoheterocyclic compounds	0.781	Piperidines	0.752					Piperidines	0.752	Organic compounds; Organoheterocyclic compounds; Piperidines; Organonitrogen compounds; Organooxygen compounds; Carbonyl compounds; Trialkylamines; Amines; Organic oxides; Azacyclic compounds; Hydrocarbon derivatives; Organopnictogen compounds; Organic oxygen compounds; Organic nitrogen compounds; Chemical entities	159.150	495	8.245	839079872508706215	839079638588165374	839079638588165373	910	
1	C10H16ClN	[M + Na]+	C10H16ClNNa+	Alkaloids	0.759	Pseudoalkaloids (transamidation)	0.387	Phenylalanine-derived alkaloids	0.327	Benzenoids	0.910	Benzene and substituted derivatives	0.716	Halobenzenes	0.634	Chlorobenzenes	0.596	Chlorobenzenes	0.596	Organic compounds; Halobenzenes; Organohalogen compounds; Organonitrogen compounds; Aryl chlorides; Chlorobenzenes; Organochlorides; Benzene and substituted derivatives; Benzenoids; Aryl halides; Hydrocarbon derivatives; Organopnictogen compounds; Organic nitrogen compounds; Chemical entities	208.087	499	8.310	839079876883365714	839079638550416634	839079638550416633	909	
2	C11H18ClN	[M + Na]+	C11H18ClNNa+	Terpenoids	0.233	Pseudoalkaloids (transamidation)	0.136	Phenylalanine-derived alkaloids	0.161	Benzenoids	0.929	Benzene and substituted derivatives	0.874	Halobenzenes	0.755	Chlorobenzenes	0.706	Chlorobenzenes	0.706	Organic compounds; Halobenzenes; Organohalogen compounds; Organonitrogen compounds; Aryl chlorides; Chlorobenzenes; Organochlorides; Benzene and substituted derivatives; Benzenoids; Aryl halides; Hydrocarbon derivatives; Organic nitrogen compounds; Chemical entities	222.103	501	8.342	839079885360054825	839079638621719810	839079638621719809	911	
1	C8H13N	[M + H3N + H]+	C8H17N2+	Alkaloids	0.724	Fatty acyls	0.294	Acetate-derived alkaloids	0.560	Organic nitrogen compounds	0.999	Organonitrogen compounds	0.999	Amines	0.795			Amines	0.795	Organic compounds; Organonitrogen compounds; Amines; Hydrocarbon derivatives; Organopnictogen compounds; Organic nitrogen compounds; Chemical entities	141.139	501	8.353	839079882931552476	839079638655274246	839079638655274245	912	
1	C10H16ClN	[M + Na]+	C10H16ClNNa+	Alkaloids	0.751	Pseudoalkaloids (transamidation)	0.367	Phenylalanine-derived alkaloids	0.301	Benzenoids	0.908	Benzene and substituted derivatives	0.717	Halobenzenes	0.633	Chlorobenzenes	0.597	Chlorobenzenes	0.597	Organic compounds; Halobenzenes; Organohalogen compounds; Organonitrogen compounds; Aryl chlorides; Chlorobenzenes; Organochlorides; Benzene and substituted derivatives; Benzenoids; Aryl halides; Hydrocarbon derivatives; Organopnictogen compounds; Organic nitrogen compounds; Chemical entities	208.087	503	8.375	839079876740759359	839079638688828682	839079638688828681	913	
1	C9H16N2O3	[M + H3N + H]+	C9H20N3O3+	Amino acids and Peptides	0.873	Small peptides	0.968	Dipeptides	0.751	Organic acids and derivatives	0.996	Carboxylic acids and derivatives	0.990	Amino acids, peptides, and analogues	0.868	Amino acids and derivatives	0.864	Alpha amino acids and derivatives	0.756	Organic compounds; Organoheterocyclic compounds; Amino acids, peptides, and analogues; Alpha amino acids and derivatives; Organic acids and derivatives; Carboxylic acids and derivatives; Organonitrogen compounds; Organooxygen compounds; Amino acids and derivatives; Carboxylic acid amides; Carboxylic acid derivatives; Monocarboxylic acids and derivatives; Carboxylic acids; Carbonyl compounds; Amines; Organic oxides; Azacyclic compounds; Hydrocarbon derivatives; Organopnictogen compounds; Organic oxygen compounds; Organic nitrogen compounds; Chemical entities	218.150	510	8.507	839079883103518984	839079638718188814	839079638718188813	914	
1	C9H12O	[M + H3N + H]+	C9H16NO+	Terpenoids	0.911	Monoterpenoids	0.589	Menthane monoterpenoids	0.203	Organic oxygen compounds	0.993	Organooxygen compounds	0.989	Carbonyl compounds	0.871	Aldehydes	0.589	Aldehydes	0.589	Organic compounds; Aldehydes; Organooxygen compounds; Carbonyl compounds; Organic oxides; Hydrocarbon derivatives; Organic oxygen compounds; Chemical entities	154.123	513	8.543	839079876342300434	839079638751743250	839079638751743249	915	
1	C15H8N2O	[M + H3N + H]+	C15H12N3O+	Alkaloids	0.999	Tryptophan alkaloids	0.894	Carboline alkaloids	0.587	Alkaloids and derivatives	0.377	Indolonaphthyridine alkaloids	0.690					Indolonaphthyridine alkaloids	0.690	Organic compounds; Organoheterocyclic compounds; Pyridines and derivatives; Pyrroles; Indoles and derivatives; Organonitrogen compounds; Organooxygen compounds; Pyridoindoles; Naphthyridines; Beta carbolines; Benzenoids; Indoles; Indolonaphthyridine alkaloids; Organic oxides; Azacyclic compounds; Heteroaromatic compounds; Hydrocarbon derivatives; Organopnictogen compounds; Organic oxygen compounds; Organic nitrogen compounds; Diazanaphthalenes; Chemical entities	250.098	513	8.543	839079885670433374	839079638785297686	839079638785297685	916	
1	C22H27N3O3	[M + H3N + H]+	C22H31N4O3+	Amino acids and Peptides	0.822	Small peptides	0.773	Aminoacids	0.167	Organic acids and derivatives	0.997	Carboxylic acids and derivatives	0.992	Amino acids, peptides, and analogues	0.966	Amino acids and derivatives	0.965	Alpha amino acids	0.506	Organic compounds; Amino acids, peptides, and analogues; Alpha amino acids and derivatives; Organic acids and derivatives; Carboxylic acids and derivatives; Organonitrogen compounds; Organooxygen compounds; Amino acids and derivatives; Guanidines; Carboxylic acid derivatives; Monocarboxylic acids and derivatives; Carboxylic acids; Carbonyl compounds; Benzene and substituted derivatives; Alpha amino acids; Benzenoids; Amines; Carboximidamides; Organic 1,3-dipolar compounds; Propargyl-type 1,3-dipolar organic compounds; Organic oxides; Hydrocarbon derivatives; Amino acids; Organopnictogen compounds; Organic oxygen compounds; Organic nitrogen compounds; Chemical entities	399.238	522	8.699	839079884110152074	839079638823046426	839079638823046425	917	
1	C19H25N5O5	[M + H3N + H]+	C19H29N6O5+	Amino acids and Peptides	0.889	Small peptides	0.759	Dipeptides	0.248	Organic acids and derivatives	0.962	Carboxylic acids and derivatives	0.923	Amino acids, peptides, and analogues	0.775	Amino acids and derivatives	0.767	N-acyl-alpha amino acids and derivatives	0.582	Organic compounds; Organoheterocyclic compounds; Amino acids, peptides, and analogues; Alpha amino acids and derivatives; Organic acids and derivatives; Carboxylic acids and derivatives; Organonitrogen compounds; Organooxygen compounds; Amino acids and derivatives; Guanidines; Azoles; Carboxylic acid amides; Carboxylic acid derivatives; N-acyl-alpha amino acids and derivatives; Secondary carboxylic acid amides; Carbonyl compounds; Benzene and substituted derivatives; Benzenoids; Amines; Carboximidamides; Organic 1,3-dipolar compounds; Propargyl-type 1,3-dipolar organic compounds; Organic oxides; Azacyclic compounds; Heteroaromatic compounds; Hydrocarbon derivatives; Organopnictogen compounds; Organic oxygen compounds; Organic nitrogen compounds; Chemical entities	421.220	522	8.700	839079893631223187	839079638852406558	839079638852406557	918	
3	C12H14O2Si	[M + H]+	C12H15O2Si+	Terpenoids	0.514	Sesquiterpenoids	0.150	Halogenated fatty acids	0.199	Benzenoids	0.837	Benzene and substituted derivatives	0.621					Benzene and substituted derivatives	0.621	Organic compounds; Organohalogen compounds; Organooxygen compounds; Carbonyl compounds; Benzene and substituted derivatives; Benzenoids; Organic oxides; Hydrocarbon derivatives; Organic oxygen compounds; Chemical entities	219.083	522	8.703	839079883061575923	839079638995012910	839079638995012909	922	
3	C6H8N2O2	[M + H3N + H]+	C6H12N3O2+	Amino acids and Peptides	0.581	Small peptides	0.570	Aminoacids	0.400	Organoheterocyclic compounds	0.988	Azoles	0.563					Azoles	0.563	Organic compounds; Organoheterocyclic compounds; Organic acids and derivatives; Carboxylic acids and derivatives; Organonitrogen compounds; Organooxygen compounds; Azoles; Monocarboxylic acids and derivatives; Carboxylic acids; Organic oxides; Azacyclic compounds; Heteroaromatic compounds; Hydrocarbon derivatives; Organopnictogen compounds; Organic oxygen compounds; Organic nitrogen compounds; Chemical entities	158.093	522	8.704	839079878422675389	839079638885960994	839079638885960993	919	
2	C12H28N8O4	[M + Na]+	C12H28N8NaO4+	Amino acids and Peptides	0.999	Small peptides	1.000	Dipeptides	0.994	Organic acids and derivatives	1.000	Carboxylic acids and derivatives	1.000	Amino acids, peptides, and analogues	0.999	Peptides	0.973	Dipeptides	0.902	Organic compounds; Lipids and lipid-like molecules; Amino acids, peptides, and analogues; Alpha amino acids and derivatives; Fatty acids and conjugates; Organic acids and derivatives; Carboxylic acids and derivatives; Organonitrogen compounds; Organooxygen compounds; Fatty amides; Amino acids and derivatives; Peptides; Guanidines; Monoalkylamines; Carboxylic acid amides; Carboxylic acid derivatives; N-acyl amines; Monocarboxylic acids and derivatives; N-acyl-alpha amino acids and derivatives; Carboxylic acids; Secondary carboxylic acid amides; Carbonyl compounds; Alpha amino acid amides; N-acyl-alpha amino acids; Amines; Primary amines; Carboximidamides; Organic 1,3-dipolar compounds; Propargyl-type 1,3-dipolar organic compounds; Fatty Acyls; Organic oxides; Hydrocarbon derivatives; Amino acids; Organopnictogen compounds; Organic oxygen compounds; Organic nitrogen compounds; Dipeptides; Chemical entities	371.213	522	8.706	839079944621378870	839079638957264170	839079638957264169	921	
1	C6H14N4O2	[M + Na]+	C6H14N4NaO2+	Amino acids and Peptides	1.000	Small peptides	1.000	Aminoacids	1.000	Organic acids and derivatives	1.000	Carboxylic acids and derivatives	1.000	Amino acids, peptides, and analogues	1.000	Amino acids and derivatives	1.000	L-alpha-amino acids	0.603	Organic compounds; Lipids and lipid-like molecules; Amino acids, peptides, and analogues; Alpha amino acids and derivatives; Fatty acids and conjugates; Organic acids and derivatives; Carboxylic acids and derivatives; Organonitrogen compounds; Organooxygen compounds; Amino acids and derivatives; Guanidines; Monoalkylamines; Monocarboxylic acids and derivatives; Carboxylic acids; Carbonyl compounds; Alpha amino acids; Amines; Primary amines; Carboximidamides; Organic 1,3-dipolar compounds; Propargyl-type 1,3-dipolar organic compounds; Fatty Acyls; Organic oxides; L-alpha-amino acids; Hydrocarbon derivatives; Amino acids; Organopnictogen compounds; Organic oxygen compounds; Organic nitrogen compounds; Chemical entities	197.101	523	8.713	839079878955352036	839079639028567346	839079639028567345	923	
1	C6H14N2OSi	[M + H3N + H]+	C6H18N3OSi+	Fatty acids	0.807	Fatty acyls	0.505	Halogenated fatty acids	0.802	Organic oxygen compounds	0.961	Organooxygen compounds	0.818	Carbonyl compounds	0.565			Carbonyl compounds	0.565	Organic compounds; Organooxygen compounds; Carbonyl compounds; Organic oxides; Hydrocarbon derivatives; Organic oxygen compounds; Chemical entities	176.122	523	8.715	839079887817917266	839079638923709734	839079638923709733	920	
1	C6H11N3O2	[M + H3N + H]+	C6H15N4O2+	Amino acids and Peptides	1.000	Small peptides	1.000	Aminoacids	1.000	Organic acids and derivatives	1.000	Carboxylic acids and derivatives	1.000	Amino acids, peptides, and analogues	0.999	Amino acids and derivatives	0.999	Alpha amino acids	0.957	Organic compounds; Lipids and lipid-like molecules; Amino acids, peptides, and analogues; Alpha amino acids and derivatives; Fatty acids and conjugates; Organic acids and derivatives; Carboxylic acids and derivatives; Organonitrogen compounds; Organooxygen compounds; Amino acids and derivatives; Guanidines; Monoalkylamines; Monocarboxylic acids and derivatives; Carboxylic acids; Carbonyl compounds; Alpha amino acids; Amines; Primary amines; Carboximidamides; Organic 1,3-dipolar compounds; Propargyl-type 1,3-dipolar organic compounds; Fatty Acyls; Organic oxides; Hydrocarbon derivatives; Amino acids; Organopnictogen compounds; Organic oxygen compounds; Organic nitrogen compounds; Chemical entities	175.119	523	8.718	839079878774996931	839079639074704694	839079639070510389	924	
1	C7H13NO	[M + H3N + H]+	C7H17N2O+	Alkaloids	0.841	Lysine alkaloids	0.614	Piperidine alkaloids	0.518	Organic oxygen compounds	0.998	Organooxygen compounds	0.978	Carbonyl compounds	0.776	Ketones	0.619	Ketones	0.619	Organic compounds; Organoheterocyclic compounds; Ketones; Organonitrogen compounds; Organooxygen compounds; Carbonyl compounds; Trialkylamines; Amines; Organic oxides; Azacyclic compounds; Hydrocarbon derivatives; Organopnictogen compounds; Organic oxygen compounds; Organic nitrogen compounds; Chemical entities	145.134	525	8.749	839079884651217370	839079639137619258	839079639137619257	925	
1	C9H21N3O	[M + Na]+	C9H21N3NaO+	Alkaloids	0.927	Ornithine alkaloids	0.486	Polyamines	0.414	Organoheterocyclic compounds	0.666	Azacyclic compounds	0.653					Azacyclic compounds	0.653	Organic compounds; Organoheterocyclic compounds; Organonitrogen compounds; Organooxygen compounds; Amines; Organic oxides; Azacyclic compounds; Hydrocarbon derivatives; Organopnictogen compounds; Organic oxygen compounds; Organic nitrogen compounds; Chemical entities	210.158	527	8.784	839079879022460922	839079639175367998	839079639175367997	926	
2	C40H69N5O26	[M + K]+	C40H69KN5O26+	Carbohydrates	1.000	Nucleosides	0.958	Pyrimidine nucleosides	0.990	Organic oxygen compounds	1.000	Organooxygen compounds	1.000	Carbohydrates and carbohydrate conjugates	0.994	Aminosaccharides	0.983	N-acyl-alpha-hexosamines	0.982	Organic compounds; Organoheterocyclic compounds; Carbohydrates and carbohydrate conjugates; Lipids and lipid-like molecules; Pyrimidines and pyrimidine derivatives; Alcohols and polyols; Lactams; Ethers; Organic acids and derivatives; Carboxylic acids and derivatives; Organonitrogen compounds; Primary alcohols; Nucleosides, nucleotides, and analogues; Pyrimidones; Organooxygen compounds; Fatty amides; Organic carbonic acids and derivatives; Carboxylic acid amides; Ureas; Carboxylic acid derivatives; N-acyl amines; Diazines; Disaccharides; Acetals; Secondary alcohols; Secondary carboxylic acid amides; Carbonyl compounds; Oxanes; Glycosyl compounds; Hydropyrimidines; Glycosylamines; O-glycosyl compounds; N-acyl-alpha-hexosamines; Tetrahydrofurans; Aminosaccharides; Vinylogous amides; Fatty Acyls; Acetamides; Organic oxides; Azacyclic compounds; Oxacyclic compounds; Heteroaromatic compounds; Hydrocarbon derivatives; Organopnictogen compounds; Organic oxygen compounds; Organic nitrogen compounds; Chemical entities	1074.385	527	8.785	839080078037997269	839079639213116738	839079639208922433	927	
1	C6H11N3O2	[M + H3N + H]+	C6H15N4O2+	Amino acids and Peptides	1.000	Small peptides	1.000	Aminoacids	1.000	Organic acids and derivatives	1.000	Carboxylic acids and derivatives	1.000	Amino acids, peptides, and analogues	0.999	Amino acids and derivatives	0.998	Alpha amino acids	0.820	Organic compounds; Lipids and lipid-like molecules; Amino acids, peptides, and analogues; Alpha amino acids and derivatives; Fatty acids and conjugates; Organic acids and derivatives; Carboxylic acids and derivatives; Organonitrogen compounds; Organooxygen compounds; Amino acids and derivatives; Guanidines; Monoalkylamines; Monocarboxylic acids and derivatives; Carboxylic acids; Carbonyl compounds; Alpha amino acids; Amines; Primary amines; Carboximidamides; Organic 1,3-dipolar compounds; Propargyl-type 1,3-dipolar organic compounds; Fatty Acyls; Organic oxides; Hydrocarbon derivatives; Amino acids; Organopnictogen compounds; Organic oxygen compounds; Organic nitrogen compounds; Chemical entities	175.119	527	8.788	839079877059526502	839079639313780046	839079639313780045	930	
1	C8H13N	[M + H3N + H]+	C8H17N2+	Alkaloids	0.909	Pseudoalkaloids (transamidation)	0.235	Acetate-derived alkaloids	0.294	Organic nitrogen compounds	1.000	Organonitrogen compounds	1.000	Amines	0.860	Tertiary amines	0.480	Trialkylamines	0.584	Organic compounds; Organonitrogen compounds; Trialkylamines; Amines; Hydrocarbon derivatives; Organopnictogen compounds; Organic nitrogen compounds; Chemical entities	141.139	528	8.799	839079892897219983	839079639246671174	839079639246671173	928	
1	C9H21N3O	[M + Na]+	C9H21N3NaO+	Alkaloids	0.379	Fatty amides	0.429	Primary amides	0.375	Organic acids and derivatives	0.732	Carboxylic acids and derivatives	0.711	Carboxylic acid derivatives	0.577	Carboxylic acid amides	0.603	Carboxylic acid amides	0.603	Organic compounds; Organic acids and derivatives; Carboxylic acids and derivatives; Organonitrogen compounds; Organooxygen compounds; Carboxylic acid amides; Carboxylic acid derivatives; Carbonyl compounds; Organic oxides; Hydrocarbon derivatives; Organopnictogen compounds; Organic oxygen compounds; Organic nitrogen compounds; Chemical entities	210.158	531	8.846	839079892372931914	839079639678684534	839079639678684533	940	
3	C6H8N2O2	[M + H3N + H]+	C6H12N3O2+	Amino acids and Peptides	0.899	Small peptides	0.902	Aminoacids	0.902	Organoheterocyclic compounds	0.859	Heteroaromatic compounds	0.502					Heteroaromatic compounds	0.502	Organic compounds; Organoheterocyclic compounds; Organic acids and derivatives; Carboxylic acids and derivatives; Organonitrogen compounds; Organooxygen compounds; Monocarboxylic acids and derivatives; Carboxylic acids; Carbonyl compounds; Organic oxides; Azacyclic compounds; Heteroaromatic compounds; Hydrocarbon derivatives; Organopnictogen compounds; Organic oxygen compounds; Organic nitrogen compounds; Chemical entities	158.093	532	8.863	839079888660972464	839079639280225610	839079639280225609	929	
2	C14H31N3O5S	[M + H3N + H]+	C14H35N4O5S+	Amino acids and Peptides	0.980	Small peptides	0.952	Dipeptides	0.363	Organic acids and derivatives	0.999	Carboxylic acids and derivatives	0.996	Amino acids, peptides, and analogues	0.984	Peptides	0.616	Peptides	0.616	Organic compounds; Organosulfur compounds; Lipids and lipid-like molecules; Amino acids, peptides, and analogues; Alpha amino acids and derivatives; Fatty acids and conjugates; Organic acids and derivatives; Carboxylic acids and derivatives; Organonitrogen compounds; Organooxygen compounds; Branched fatty acids; Amino acids and derivatives; Peptides; Monoalkylamines; Carboxylic acid amides; Carboxylic acid derivatives; N-acyl amines; Monocarboxylic acids and derivatives; N-acyl-alpha amino acids and derivatives; Carboxylic acids; Thia fatty acids; Carbonyl compounds; Dialkylamines; Alpha amino acids; Amines; Primary amines; Secondary amines; Medium-chain fatty acids; Fatty Acyls; Organic oxides; Hydrocarbon derivatives; Amino acids; Organopnictogen compounds; Organic oxygen compounds; Organic nitrogen compounds; Chemical entities	371.232	532	8.864	839079892129662243	839079639351528786	839079639347334481	931	
1	C21H23N3O5	[M + H3N + H]+	C21H27N4O5+	Amino acids and Peptides	0.502	Coumarins	0.347	Pyridine alkaloids	0.149	Organic acids and derivatives	0.996	Carboxylic acids and derivatives	0.987	Amino acids, peptides, and analogues	0.831	Amino acids and derivatives	0.828	N-acyl-alpha amino acids and derivatives	0.531	Organic compounds; Organoheterocyclic compounds; Amino acids, peptides, and analogues; Alpha amino acids and derivatives; Phenols; Benzoic acids and derivatives; Organic acids and derivatives; Carboxylic acids and derivatives; Organonitrogen compounds; Benzoyl derivatives; Organooxygen compounds; Amino acids and derivatives; Carboxylic acid amides; Carboxylic acid derivatives; Monocarboxylic acids and derivatives; N-acyl-alpha amino acids and derivatives; Carboxylic acids; Secondary carboxylic acid amides; Carbonyl compounds; Benzene and substituted derivatives; Benzenoids; Organic oxides; Heteroaromatic compounds; Hydrocarbon derivatives; Organopnictogen compounds; Organic oxygen compounds; Organic nitrogen compounds; Chemical entities	415.196	532	8.864	839079952968044067	839079639385083222	839079639385083221	932	
1	C22H27N3O3	[M + H3N + H]+	C22H31N4O3+	Amino acids and Peptides	0.950	Small peptides	0.822	Dipeptides	0.262	Organic acids and derivatives	0.999	Carboxylic acids and derivatives	0.998	Amino acids, peptides, and analogues	0.979	Amino acids and derivatives	0.978	N-acyl-alpha amino acids	0.772	Organic compounds; Amino acids, peptides, and analogues; Alpha amino acids and derivatives; Organic acids and derivatives; Carboxylic acids and derivatives; Organonitrogen compounds; Organooxygen compounds; Amino acids and derivatives; Guanidines; Carboxylic acid amides; Carboxylic acid derivatives; Monocarboxylic acids and derivatives; N-acyl-alpha amino acids and derivatives; Carboxylic acids; Carbonyl compounds; Benzene and substituted derivatives; N-acyl-alpha amino acids; Benzenoids; Carboximidamides; Organic 1,3-dipolar compounds; Propargyl-type 1,3-dipolar organic compounds; Organic oxides; Hydrocarbon derivatives; Organopnictogen compounds; Organic oxygen compounds; Organic nitrogen compounds; Chemical entities	399.238	532	8.867	839079885573964349	839079639418637658	839079639418637657	933	
1	C12H23N3O3	[M + H3N + H]+	C12H27N4O3+	Amino acids and Peptides	0.968	Small peptides	0.962	Dipeptides	0.782	Organic acids and derivatives	0.999	Carboxylic acids and derivatives	0.998	Amino acids, peptides, and analogues	0.951	Amino acids and derivatives	0.948	N-acyl-alpha amino acids	0.536	Organic compounds; Lipids and lipid-like molecules; Amino acids, peptides, and analogues; Alpha amino acids and derivatives; Fatty acids and conjugates; Organic acids and derivatives; Carboxylic acids and derivatives; Organonitrogen compounds; Organooxygen compounds; Fatty amides; Branched fatty acids; Amino acids and derivatives; Monoalkylamines; Carboxylic acid amides; Amino fatty acids; Carboxylic acid derivatives; N-acyl amines; Monocarboxylic acids and derivatives; N-acyl-alpha amino acids and derivatives; Carboxylic acids; Secondary carboxylic acid amides; Carbonyl compounds; N-acyl-alpha amino acids; Amines; Primary amines; Medium-chain fatty acids; Fatty Acyls; Organic oxides; Hydrocarbon derivatives; Amino acids; Organopnictogen compounds; Organic oxygen compounds; Organic nitrogen compounds; Chemical entities	275.208	532	8.874	839079884512805321	839079639456386398	839079639456386397	934	
1	C8H13N3O2P2	[M + H3N + H]+	C8H17N4O2P2+	Amino acids and Peptides	0.790	Small peptides	0.926	Aminoacids	0.945	Organic acids and derivatives	0.952	Carboxylic acids and derivatives	0.638	Amino acids, peptides, and analogues	0.631	Amino acids and derivatives	0.631	Alpha amino acids and derivatives	0.622	Organic compounds; Amino acids, peptides, and analogues; Alpha amino acids and derivatives; Organic acids and derivatives; Carboxylic acids and derivatives; Organonitrogen compounds; Organooxygen compounds; Amino acids and derivatives; Monocarboxylic acids and derivatives; Carbonyl compounds; Amines; Organic oxides; Hydrocarbon derivatives; Organopnictogen compounds; Organic oxygen compounds; Organic nitrogen compounds; Chemical entities	263.083	533	8.875	839079887335572284	839079639536078182	839079639536078181	936	
1	C6H11NO2	[M + H3N + H]+	C6H15N2O2+	Amino acids and Peptides	0.999	Small peptides	1.000	Aminoacids	1.000	Organic acids and derivatives	1.000	Carboxylic acids and derivatives	1.000	Amino acids, peptides, and analogues	0.999	Amino acids and derivatives	0.999	Alpha amino acids	0.971	Organic compounds; Amino acids, peptides, and analogues; Alpha amino acids and derivatives; Organic acids and derivatives; Carboxylic acids and derivatives; Organonitrogen compounds; Organooxygen compounds; Amino acids and derivatives; Monocarboxylic acids and derivatives; Carboxylic acids; Carbonyl compounds; Trialkylamines; Alpha amino acids; Amines; Tertiary amines; Organic oxides; Hydrocarbon derivatives; Amino acids; Organopnictogen compounds; Organic oxygen compounds; Organic nitrogen compounds; Chemical entities	147.113	533	8.881	839079884697354718	839079639569632618	839079639569632617	937	
1	C10H20N2O	[M + H3N + H]+	C10H24N3O+	Alkaloids	0.631	Small peptides	0.460	Dipeptides	0.159	Organic acids and derivatives	0.996	Carboxylic acids and derivatives	0.993	Amino acids, peptides, and analogues	0.969	Amino acids and derivatives	0.968	Alpha amino acid amides	0.703	Organic compounds; Organoheterocyclic compounds; Amino acids, peptides, and analogues; Alpha amino acids and derivatives; Organic acids and derivatives; Carboxylic acids and derivatives; Organonitrogen compounds; Organooxygen compounds; Amino acids and derivatives; Monoalkylamines; Carboxylic acid amides; Carboxylic acid derivatives; Tertiary carboxylic acid amides; Carbonyl compounds; Alpha amino acid amides; Amines; Primary amines; Organic oxides; Azacyclic compounds; Hydrocarbon derivatives; Organopnictogen compounds; Organic oxygen compounds; Organic nitrogen compounds; Chemical entities	202.191	533	8.888	839079888145073033	839079639607381358	839079639607381357	938	
1	C10H17NO	[M + H3N + H]+	C10H21N2O+	Fatty acids	0.572	Fatty amides	0.516	Primary amides	0.241	Organoheterocyclic compounds	0.824	Pyrrolidines	0.541					Pyrrolidines	0.541	Organic compounds; Organoheterocyclic compounds; Pyrrolidines; Organic acids and derivatives; Carboxylic acids and derivatives; Organonitrogen compounds; Organooxygen compounds; Carboxylic acid amides; Carboxylic acid derivatives; Tertiary carboxylic acid amides; Carbonyl compounds; Amines; Organic oxides; Azacyclic compounds; Hydrocarbon derivatives; Organopnictogen compounds; Organic oxygen compounds; Organic nitrogen compounds; Chemical entities	185.165	534	8.893	839079885804651142	839079639645130098	839079639640935793	939	
1	C6H11NO2	[M + H3N + H]+	C6H15N2O2+	Amino acids and Peptides	1.000	Small peptides	1.000	Aminoacids	1.000	Organic acids and derivatives	1.000	Carboxylic acids and derivatives	1.000	Amino acids, peptides, and analogues	0.999	Amino acids and derivatives	0.999	Alpha amino acids	0.974	Organic compounds; Amino acids, peptides, and analogues; Alpha amino acids and derivatives; Organic acids and derivatives; Carboxylic acids and derivatives; Organonitrogen compounds; Organooxygen compounds; Amino acids and derivatives; Monocarboxylic acids and derivatives; Carboxylic acids; Carbonyl compounds; Trialkylamines; Alpha amino acids; Amines; Tertiary amines; Organic oxides; Hydrocarbon derivatives; Amino acids; Organopnictogen compounds; Organic oxygen compounds; Organic nitrogen compounds; Chemical entities	147.113	538	8.965	839079893828355542	839079639846456714	839079639846456713	945	
1	C11H20N2O2	[M + H3N + H]+	C11H24N3O2+	Amino acids and Peptides	0.536	Fatty amides	0.328	Dipeptides	0.190	Organic acids and derivatives	0.974	Carboxylic acids and derivatives	0.962	Carboxylic acid derivatives	0.932	Carboxylic acid amides	0.860	Secondary carboxylic acid amides	0.624	Organic compounds; Organic acids and derivatives; Carboxylic acids and derivatives; Organonitrogen compounds; Organooxygen compounds; Carboxylic acid amides; Carboxylic acid derivatives; Secondary carboxylic acid amides; Carbonyl compounds; Organic oxides; Hydrocarbon derivatives; Organopnictogen compounds; Organic oxygen compounds; Organic nitrogen compounds; Chemical entities	230.186	540	8.993	839079879035043847	839079639708044666	839079639708044665	941	
1	C10H16ClN	[M + Na]+	C10H16ClNNa+	Alkaloids	0.645	Pseudoalkaloids (transamidation)	0.308	Phenylalanine-derived alkaloids	0.301	Benzenoids	0.891	Benzene and substituted derivatives	0.687	Halobenzenes	0.598	Chlorobenzenes	0.562	Chlorobenzenes	0.562	Organic compounds; Halobenzenes; Organohalogen compounds; Organonitrogen compounds; Aryl chlorides; Chlorobenzenes; Organochlorides; Benzene and substituted derivatives; Benzenoids; Aryl halides; Hydrocarbon derivatives; Organopnictogen compounds; Organic nitrogen compounds; Chemical entities	208.087	540	8.997	839079889856349201	839079639741599102	839079639741599101	942	
1	C13H21N3O4	[M + H3N + H]+	C13H25N4O4+	Amino acids and Peptides	0.941	Small peptides	0.955	Dipeptides	0.800	Organic acids and derivatives	0.997	Carboxylic acids and derivatives	0.992	Amino acids, peptides, and analogues	0.910	Amino acids and derivatives	0.905	Alpha amino acids and derivatives	0.871	Organic compounds; Organoheterocyclic compounds; Lipids and lipid-like molecules; Amino acids, peptides, and analogues; Alpha amino acids and derivatives; Fatty acids and conjugates; Organic acids and derivatives; Carboxylic acids and derivatives; Organonitrogen compounds; Organooxygen compounds; Amino acids and derivatives; Carboxylic acid amides; Carboxylic acid derivatives; Monocarboxylic acids and derivatives; Carboxylic acids; Secondary carboxylic acid amides; Carbonyl compounds; Amines; Fatty Acyls; Organic oxides; Azacyclic compounds; Hydrocarbon derivatives; Amino acids; Organopnictogen compounds; Organic oxygen compounds; Organic nitrogen compounds; Chemical entities	301.187	541	9.025	839079885716570738	839079639880011150	839079639880011149	946	
1	C21H33NO16	[M + H3N + H]+	C21H37N2O16+	Carbohydrates	1.000	Aminosugars and aminoglycosides	0.982	Aminosugars	0.986	Organic oxygen compounds	1.000	Organooxygen compounds	1.000	Carbohydrates and carbohydrate conjugates	0.992	Sugar acids and derivatives	0.973	N-acylneuraminic acids	0.967	Organic compounds; Organoheterocyclic compounds; Carbohydrates and carbohydrate conjugates; Pyrans; Alcohols and polyols; Sugar acids and derivatives; Ethers; Organic acids and derivatives; Carboxylic acids and derivatives; Organonitrogen compounds; Primary alcohols; Organooxygen compounds; Glucuronides; Carboxylic acid amides; Hemiacetals; Carboxylic acid derivatives; Monocarboxylic acids and derivatives; Carboxylic acids; Neuraminic acids and derivatives; Sugar amino acids and derivatives; Acetals; Secondary alcohols; Secondary carboxylic acid amides; Pyranoid amino acids and derivatives; Carbonyl compounds; Oxanes; Glucuronic acid derivatives; Glycosyl compounds; C-glycosyl compounds; O-glycosyl compounds; N-acyl-alpha-hexosamines; Polyols; C-glucuronides; N-acylneuraminic acids; N-acylneuraminic acids and derivatives; Neuraminic acids; Aminosaccharides; Acetamides; Organic oxides; Oxacyclic compounds; Hydrocarbon derivatives; Ketals; Organopnictogen compounds; Organic oxygen compounds; Organic nitrogen compounds; Chemical entities	573.215	542	9.028	839080056038872668	839079639917759890	839079639917759889	947	
3	C42H60N14O23	[M + H3N + H]+	C42H64N15O23+	Carbohydrates	0.924	Oligopeptides	0.886	Linear peptides	0.622	Organic acids and derivatives	0.992	Carboxylic acids and derivatives	0.964	Amino acids, peptides, and analogues	0.884	Peptides	0.685	Peptides	0.685	Organic compounds; Organoheterocyclic compounds; Carbohydrates and carbohydrate conjugates; Lipids and lipid-like molecules; Amino acids, peptides, and analogues; Alpha amino acids and derivatives; Alcohols and polyols; Organic acids and derivatives; Carboxylic acids and derivatives; Organonitrogen compounds; Primary alcohols; Organooxygen compounds; Fatty amides; Amino acids and derivatives; Peptides; Monoalkylamines; Carboxylic acid amides; Carboxylic acid derivatives; N-acyl amines; Monocarboxylic acids and derivatives; N-acyl-alpha amino acids and derivatives; Carboxylic acids; Monosaccharides; Secondary alcohols; Secondary carboxylic acid amides; Carbonyl compounds; Oxanes; Glycosyl compounds; Glycosylamines; N-acyl-alpha-hexosamines; Amines; Primary amines; Aminosaccharides; Organic 1,3-dipolar compounds; Fatty Acyls; Acetamides; Organic oxides; Azacyclic compounds; Oxacyclic compounds; Hydrocarbon derivatives; Organopnictogen compounds; Organic oxygen compounds; Organic nitrogen compounds; Chemical entities	1146.425	542	9.030	839079987311006306	839079639989063066	839079639989063065	949	
2	C46H64N18O12S2	[M + Na]+	C46H64N18NaO12S2+	Amino acids and Peptides	0.992	Oligopeptides	1.000	Cyclic peptides	0.933	Organic acids and derivatives	0.999	Carboxylic acids and derivatives	0.992	Amino acids, peptides, and analogues	0.983	Peptides	0.819	Cyclic peptides	0.869	Organic compounds; Organoheterocyclic compounds; Amino acids, peptides, and analogues; Alpha amino acids and derivatives; Macrolactams; Thiazoles; Alcohols and polyols; Lactams; Phenylpropanoids and polyketides; Organic acids and derivatives; Carboxylic acids and derivatives; Organonitrogen compounds; Organooxygen compounds; Amino acids and derivatives; Peptides; Azoles; Carboxylic acid amides; Carboxylic acid derivatives; Secondary alcohols; Primary carboxylic acid amides; Secondary carboxylic acid amides; Tertiary carboxylic acid amides; Carbonyl compounds; Cyclic peptides; Thiazolecarboxylic acids and derivatives; Organic oxides; Azacyclic compounds; Heteroaromatic compounds; Hydrocarbon derivatives; Organopnictogen compounds; Organic oxygen compounds; Organic nitrogen compounds; 2-heteroaryl carboxamides; Chemical entities	1147.428	542	9.031	839080925161576396	839079640022617502	839079640022617501	950	
1	C10H20N2O2	[M + H3N + H]+	C10H24N3O2+	Amino acids and Peptides	0.397	Ornithine alkaloids	0.633	Polyamines	0.698	Organic acids and derivatives	0.992	Carboxylic acids and derivatives	0.988	Amino acids, peptides, and analogues	0.892	Amino acids and derivatives	0.891	Amino acids	0.542	Organic compounds; Lipids and lipid-like molecules; Amino acids, peptides, and analogues; Fatty acids and conjugates; Organic acids and derivatives; Carboxylic acids and derivatives; Organonitrogen compounds; Organooxygen compounds; Fatty amides; Amino acids and derivatives; Monoalkylamines; Carboxylic acid amides; Carboxylic acid derivatives; Monocarboxylic acids and derivatives; Carboxylic acids; Secondary carboxylic acid amides; Carbonyl compounds; Amines; Primary amines; Fatty Acyls; Organic oxides; Hydrocarbon derivatives; Amino acids; Organopnictogen compounds; Organic oxygen compounds; Organic nitrogen compounds; Chemical entities	218.186	544	9.065	839079883359371551	839079640202972594	839079640202972593	955	
2	C11H16N2O2S	[M + Na]+	C11H16N2NaO2S+	Terpenoids	0.524	Monoterpenoids	0.574	Menthane monoterpenoids	0.496	Organoheterocyclic compounds	0.737							Organoheterocyclic compounds	0.737	Organic compounds; Organoheterocyclic compounds; Organosulfur compounds; Organonitrogen compounds; Organooxygen compounds; Organic oxides; Hydrocarbon derivatives; Organopnictogen compounds; Organic oxygen compounds; Organic nitrogen compounds; Chemical entities	263.083	545	9.090	839080013550572697	839079640337190338	839079640337190337	959	
1	C12H23N3O3	[M + H3N + H]+	C12H27N4O3+	Amino acids and Peptides	0.942	Small peptides	0.937	Dipeptides	0.847	Organic acids and derivatives	0.981	Carboxylic acids and derivatives	0.960	Amino acids, peptides, and analogues	0.851	Amino acids and derivatives	0.843	Alpha amino acid amides	0.593	Organic compounds; Organoheterocyclic compounds; Amino acids, peptides, and analogues; Alpha amino acids and derivatives; Organic acids and derivatives; Carboxylic acids and derivatives; Organonitrogen compounds; Organooxygen compounds; Amino acids and derivatives; Carboxylic acid amides; Carboxylic acid derivatives; Secondary carboxylic acid amides; Carbonyl compounds; Alpha amino acid amides; Amines; Organic oxides; Azacyclic compounds; Hydrocarbon derivatives; Organopnictogen compounds; Organic oxygen compounds; Organic nitrogen compounds; Chemical entities	275.208	546	9.092	839079953857236559	839079640240721334	839079640240721333	956	
1	C5H9NO2	[M + H3N + H]+	C5H13N2O2+	Amino acids and Peptides	1.000	Small peptides	1.000	Aminoacids	1.000	Organic acids and derivatives	1.000	Carboxylic acids and derivatives	0.999	Amino acids, peptides, and analogues	0.998	Amino acids and derivatives	0.997	Alpha amino acids	0.909	Organic compounds; Organoheterocyclic compounds; Amino acids, peptides, and analogues; Alpha amino acids and derivatives; Organic acids and derivatives; Carboxylic acids and derivatives; Organonitrogen compounds; Organooxygen compounds; Amino acids and derivatives; Monoalkylamines; Monocarboxylic acids and derivatives; Carboxylic acids; Carbonyl compounds; Pyrrolidine carboxylic acids and derivatives; Dialkylamines; Alpha amino acids; Pyrrolidine carboxylic acids; Amines; Primary amines; Organic oxides; Azacyclic compounds; Hydrocarbon derivatives; Amino acids; Organopnictogen compounds; Organic oxygen compounds; Organic nitrogen compounds; Chemical entities	133.097	546	9.101	839079883204182287	839079640370744774	839079640370744773	960	
1	C15H21FN4O	[M + K]+	C15H21FKN4O+	Alkaloids	0.526	Monoterpenoids	0.295	Menthane monoterpenoids	0.389	Benzenoids	0.249	Benzene and substituted derivatives	0.337	Halobenzenes	0.468	Fluorobenzenes	0.584	Fluorobenzenes	0.584	Organic compounds; Organoheterocyclic compounds; Organohalogen compounds; Organonitrogen compounds; Organooxygen compounds; Aryl fluorides; Fluorobenzenes; Organofluorides; Aryl halides; Organic oxides; Azacyclic compounds; Hydrocarbon derivatives; Organopnictogen compounds; Organic oxygen compounds; Organic nitrogen compounds; Chemical entities	331.132	546	9.105	839079913864546619	839079640442047950	839079640442047949	962	
2	C15H22N6O5S	[M + H]+	C15H23N6O5S+	Carbohydrates	0.999	Nucleosides	0.999	Purine nucleosides	0.999	Nucleosides, nucleotides, and analogues	0.976	5'-deoxyribonucleosides	0.998	5'-deoxy-5'-thionucleosides	0.995			5'-deoxy-5'-thionucleosides	0.995	Organic compounds; Organoheterocyclic compounds; Organosulfur compounds; Carbohydrates and carbohydrate conjugates; Lipids and lipid-like molecules; Amino acids, peptides, and analogues; Alpha amino acids and derivatives; Pyrimidines and pyrimidine derivatives; Imidazoles; Alcohols and polyols; Purines and purine derivatives; Fatty acids and conjugates; Organic acids and derivatives; Carboxylic acids and derivatives; Organonitrogen compounds; Nucleosides, nucleotides, and analogues; Organooxygen compounds; Hydroxy fatty acids; Amino acids and derivatives; Azoles; Monoalkylamines; Monocarboxylic acids and derivatives; Thioethers; Carboxylic acids; Aminopyrimidines and derivatives; Diazines; Thia fatty acids; Pentoses; Monosaccharides; Secondary alcohols; Imidazopyrimidines; Carbonyl compounds; Glycosyl compounds; Glycosylamines; Polyols; Substituted imidazoles; N-substituted imidazoles; Alpha amino acids; Amines; Primary amines; 1,2-diols; Tetrahydrofurans; 6-aminopurines; Sulfenyl compounds; Dialkylthioethers; Imidolactams; Fatty Acyls; Organic oxides; Azacyclic compounds; Oxacyclic compounds; Methionine and derivatives; Heteroaromatic compounds; Hydrocarbon derivatives; Amino acids; 5'-deoxyribonucleosides; 5'-deoxy-5'-thionucleosides; Organopnictogen compounds; Organic oxygen compounds; Organic nitrogen compounds; Chemical entities	399.144	546	9.108	839079905706625066	839079640408493514	839079640408493513	961	
1	C40H69N5O26	[M + K]+	C40H69KN5O26+	Carbohydrates	0.469	Oligopeptides	0.828	Lipopeptides	0.248	Organic acids and derivatives	0.983	Carboxylic acids and derivatives	0.938	Amino acids, peptides, and analogues	0.752	Amino acids and derivatives	0.728	Alpha amino acids and derivatives	0.613	Organic compounds; Organoheterocyclic compounds; Carbohydrates and carbohydrate conjugates; Lipids and lipid-like molecules; Amino acids, peptides, and analogues; Alpha amino acids and derivatives; Alcohols and polyols; Organic acids and derivatives; Carboxylic acids and derivatives; Organonitrogen compounds; Organooxygen compounds; Fatty amides; Amino acids and derivatives; Carboxylic acid amides; Carboxylic acid derivatives; N-acyl amines; Carboxylic acids; Secondary alcohols; Secondary carboxylic acid amides; Carbonyl compounds; Fatty Acyls; Organic oxides; Oxacyclic compounds; Hydrocarbon derivatives; Organopnictogen compounds; Organic oxygen compounds; Organic nitrogen compounds; Chemical entities	1074.385	547	9.119	839079920525101573	839079640572071390	839079640572071389	966	
2	C8H16N2O	[M + H]+	C8H17N2O+	Alkaloids	0.626	Lysine alkaloids	0.470	Piperidine alkaloids	0.219	Organic acids and derivatives	0.691	Carboxylic acids and derivatives	0.719	Amino acids, peptides, and analogues	0.525	Amino acids and derivatives	0.523	Amino acids and derivatives	0.523	Organic compounds; Organoheterocyclic compounds; Amino acids, peptides, and analogues; Organic acids and derivatives; Carboxylic acids and derivatives; Organonitrogen compounds; Organooxygen compounds; Amino acids and derivatives; Carboxylic acid amides; Carboxylic acid derivatives; Carbonyl compounds; Amines; Organic oxides; Azacyclic compounds; Hydrocarbon derivatives; Organopnictogen compounds; Organic oxygen compounds; Organic nitrogen compounds; Chemical entities	157.134	548	9.136	839079890527437918	839079640538516954	839079640538516953	965	
1	C8H16N2O	[M + H3N + H]+	C8H20N3O+	Alkaloids	0.632	Lysine alkaloids	0.642	Quinolizidine alkaloids	0.241	Organic acids and derivatives	0.864	Carboxylic acids and derivatives	0.871	Amino acids, peptides, and analogues	0.717	Amino acids and derivatives	0.713	Amino acids and derivatives	0.713	Organic compounds; Organoheterocyclic compounds; Amino acids, peptides, and analogues; Organic acids and derivatives; Carboxylic acids and derivatives; Organonitrogen compounds; Organooxygen compounds; Amino acids and derivatives; Carboxylic acid amides; Carboxylic acid derivatives; Carbonyl compounds; Amines; Organic oxides; Azacyclic compounds; Hydrocarbon derivatives; Organopnictogen compounds; Organic oxygen compounds; Organic nitrogen compounds; Chemical entities	174.160	548	9.142	839079920701262364	839079640307830206	839079640303635901	958	
1	C11H23N3O	[M + H3N + H]+	C11H27N4O+	Alkaloids	0.562	Lysine alkaloids	0.431	Dipeptides	0.199	Organic acids and derivatives	0.983	Carboxylic acids and derivatives	0.973	Amino acids, peptides, and analogues	0.901	Amino acids and derivatives	0.897	Alpha amino acids and derivatives	0.542	Organic compounds; Organoheterocyclic compounds; Amino acids, peptides, and analogues; Alpha amino acids and derivatives; Organic acids and derivatives; Carboxylic acids and derivatives; Organonitrogen compounds; Organooxygen compounds; Amino acids and derivatives; Carboxylic acid amides; Carboxylic acid derivatives; Secondary carboxylic acid amides; Carbonyl compounds; Dialkylamines; Amines; Secondary amines; Organic oxides; Azacyclic compounds; Hydrocarbon derivatives; Organopnictogen compounds; Organic oxygen compounds; Organic nitrogen compounds; Chemical entities	231.218	549	9.146	839079884332450241	839079640643374566	839079640643374565	968	
1	C8H19N3O	[M + Na]+	C8H19N3NaO+	Amino acids and Peptides	0.309	Small peptides	0.435	Primary amides	0.263	Organic acids and derivatives	0.771	Carboxylic acids and derivatives	0.737	Amino acids, peptides, and analogues	0.558	Amino acids and derivatives	0.556	Amino acids and derivatives	0.556	Organic compounds; Amino acids, peptides, and analogues; Organic acids and derivatives; Carboxylic acids and derivatives; Organonitrogen compounds; Organooxygen compounds; Amino acids and derivatives; Monoalkylamines; Carboxylic acid amides; Carboxylic acid derivatives; Carbonyl compounds; Amines; Organic oxides; Hydrocarbon derivatives; Organopnictogen compounds; Organic oxygen compounds; Organic nitrogen compounds; Chemical entities	196.142	549	9.151	839079890753930358	839079640270081466	839079640270081465	957	
2	C8H14N2	[M + H3N + H]+	C8H18N3+	Alkaloids	0.762	Pseudoalkaloids (transamidation)	0.216	Acetate-derived alkaloids	0.548	Organic nitrogen compounds	1.000	Organonitrogen compounds	0.999					Organonitrogen compounds	0.999	Organic compounds; Organonitrogen compounds; Hydrocarbon derivatives; Organopnictogen compounds; Organic nitrogen compounds; Chemical entities	156.150	549	9.156	839080013609292971	839079640605625826	839079640605625825	967	
1	C5H11N3	[M + H3N + H]+	C5H15N4+	Alkaloids	0.977	Ornithine alkaloids	0.853	Polyamines	0.936	Organic nitrogen compounds	1.000	Organonitrogen compounds	1.000	Guanidines	0.961			Guanidines	0.961	Organic compounds; Organonitrogen compounds; Guanidines; Carboximidamides; Hydrocarbon derivatives; Organopnictogen compounds; Organic nitrogen compounds; Chemical entities	131.129	550	9.171	839080013672207534	839079640676929002	839079640676929001	969	
3	C8H19N3O	[M + Na]+	C8H19N3NaO+	Alkaloids	0.872	Ornithine alkaloids	0.175	Polyamines	0.102	Organoheterocyclic compounds	0.552	Azacyclic compounds	0.585					Azacyclic compounds	0.585	Organic compounds; Organoheterocyclic compounds; Organonitrogen compounds; Organooxygen compounds; Organic oxides; Azacyclic compounds; Hydrocarbon derivatives; Organopnictogen compounds; Organic oxygen compounds; Organic nitrogen compounds; Chemical entities	196.142	551	9.177	839079900602156907	839079640710483438	839079640710483437	970	
2	C9H21N3O	[M + Na]+	C9H21N3NaO+	Alkaloids	0.383	Pseudoalkaloids (transamidation)	0.305	Acetate-derived alkaloids	0.424	Organic nitrogen compounds	1.000	Organonitrogen compounds	0.998					Organonitrogen compounds	0.998	Organic compounds; Organonitrogen compounds; Organic oxides; Hydrocarbon derivatives; Organopnictogen compounds; Organic oxygen compounds; Organic nitrogen compounds; Chemical entities	210.158	551	9.185	839079884047237499	839079640819535354	839079640819535353	973	
1	C9H18N2O	[M + H3N + H]+	C9H22N3O+	Fatty acids	0.670	Fatty amides	0.630	Primary amides	0.413	Organic acids and derivatives	0.457	Carboxylic acids and derivatives	0.540	Carboxylic acid derivatives	0.457	Carboxylic acid amides	0.558	Carboxylic acid amides	0.558	Organic compounds; Carboxylic acids and derivatives; Organonitrogen compounds; Organooxygen compounds; Carboxylic acid amides; Carbonyl compounds; Organic oxides; Hydrocarbon derivatives; Organopnictogen compounds; Organic oxygen compounds; Organic nitrogen compounds; Chemical entities	188.176	552	9.197	839079884504416710	839079640509156822	839079640504962517	964	
1	C5H11N3	[M + H3N + H]+	C5H15N4+	Alkaloids	0.977	Ornithine alkaloids	0.687	Polyamines	0.826	Organic nitrogen compounds	1.000	Organonitrogen compounds	1.000	Guanidines	0.965			Guanidines	0.965	Organic compounds; Organonitrogen compounds; Guanidines; Carboximidamides; Hydrocarbon derivatives; Organopnictogen compounds; Organic nitrogen compounds; Chemical entities	131.129	552	9.205	839079884579914198	839079640886644226	839079640886644225	975	
1	C9H18N2O	[M + H3N + H]+	C9H22N3O+	Alkaloids	0.860	Ornithine alkaloids	0.918	Polyamines	0.849	Organic acids and derivatives	0.991	Carboxylic acids and derivatives	0.985	Amino acids, peptides, and analogues	0.964	Amino acids and derivatives	0.964	Amino acids and derivatives	0.964	Organic compounds; Organoheterocyclic compounds; Amino acids, peptides, and analogues; Pyrrolidines; Organic acids and derivatives; Carboxylic acids and derivatives; Organonitrogen compounds; Organooxygen compounds; Amino acids and derivatives; Monoalkylamines; Carboxylic acid amides; Carboxylic acid derivatives; Tertiary carboxylic acid amides; Carbonyl compounds; Amines; Primary amines; N-acylpyrrolidines; Organic oxides; Azacyclic compounds; Hydrocarbon derivatives; Organopnictogen compounds; Organic oxygen compounds; Organic nitrogen compounds; Chemical entities	188.176	555	9.246	839079890510660695	839079640857284094	839079640857284093	974	
1	C9H21NSi	[M + H3N + H]+	C9H25N2Si+	Alkaloids	0.619	Ornithine alkaloids	0.276	Acetate-derived alkaloids	0.036	Organoheterocyclic compounds	0.604	Pyrrolidines	0.735	N-alkylpyrrolidines	0.619			N-alkylpyrrolidines	0.619	Organic compounds; Organoheterocyclic compounds; Pyrrolidines; Organonitrogen compounds; Trialkylamines; Amines; Tertiary amines; N-alkylpyrrolidines; Azacyclic compounds; Hydrocarbon derivatives; Organopnictogen compounds; Organic nitrogen compounds; Chemical entities	189.179	556	9.269	839079884185649578	839079640744037874	839079640744037873	971	
1	C5H9NO2	[M + H3N + H]+	C5H13N2O2+	Amino acids and Peptides	1.000	Small peptides	1.000	Aminoacids	1.000	Organic acids and derivatives	1.000	Carboxylic acids and derivatives	0.999	Amino acids, peptides, and analogues	0.996	Amino acids and derivatives	0.996	Alpha amino acids	0.914	Organic compounds; Amino acids, peptides, and analogues; Alpha amino acids and derivatives; Organic acids and derivatives; Carboxylic acids and derivatives; Organonitrogen compounds; Organooxygen compounds; Amino acids and derivatives; Monocarboxylic acids and derivatives; Carboxylic acids; Carbonyl compounds; Dialkylamines; Alpha amino acids; Amines; Secondary amines; Organic oxides; Azacyclic compounds; Hydrocarbon derivatives; Amino acids; Organopnictogen compounds; Organic oxygen compounds; Organic nitrogen compounds; Chemical entities	133.097	557	9.291	839079905845037122	839079640953753098	839079640953753097	977	
1	C12H23N3O3	[M + H3N + H]+	C12H27N4O3+	Amino acids and Peptides	0.932	Small peptides	0.961	Dipeptides	0.802	Organic acids and derivatives	0.994	Carboxylic acids and derivatives	0.984	Amino acids, peptides, and analogues	0.899	Amino acids and derivatives	0.893	Alpha amino acid amides	0.623	Organic compounds; Organoheterocyclic compounds; Lipids and lipid-like molecules; Amino acids, peptides, and analogues; Alpha amino acids and derivatives; Organic acids and derivatives; Carboxylic acids and derivatives; Organonitrogen compounds; Organooxygen compounds; Amino acids and derivatives; Carboxylic acid amides; Carboxylic acid derivatives; Monocarboxylic acids and derivatives; Carboxylic acids; Secondary carboxylic acid amides; Carbonyl compounds; Alpha amino acid amides; Amines; Fatty Acyls; Organic oxides; Azacyclic compounds; Hydrocarbon derivatives; Organopnictogen compounds; Organic oxygen compounds; Organic nitrogen compounds; Chemical entities	275.208	559	9.313	839079892737836411	839079641020861970	839079641020861969	979	
1	C6H11NO2	[M + H3N + H]+	C6H15N2O2+	Amino acids and Peptides	1.000	Small peptides	1.000	Aminoacids	1.000	Organic acids and derivatives	1.000	Carboxylic acids and derivatives	1.000	Amino acids, peptides, and analogues	0.998	Amino acids and derivatives	0.998	Alpha amino acids	0.958	Organic compounds; Lipids and lipid-like molecules; Amino acids, peptides, and analogues; Alpha amino acids and derivatives; Fatty acids and conjugates; Organic acids and derivatives; Carboxylic acids and derivatives; Organonitrogen compounds; Organooxygen compounds; Amino acids and derivatives; Monoalkylamines; Monocarboxylic acids and derivatives; Carboxylic acids; Carbonyl compounds; Alpha amino acids; Amines; Primary amines; Fatty Acyls; Organic oxides; Hydrocarbon derivatives; Amino acids; Organopnictogen compounds; Organic oxygen compounds; Organic nitrogen compounds; Chemical entities	147.113	559	9.316	839079977542472029	839079641159274018	839079641159274017	983	
1	C21H33NO16	[M + H3N + H]+	C21H37N2O16+	Carbohydrates	1.000	Aminosugars and aminoglycosides	0.992	Aminosugars	0.996	Organic oxygen compounds	1.000	Organooxygen compounds	1.000	Carbohydrates and carbohydrate conjugates	0.995	Sugar acids and derivatives	0.995	N-acylneuraminic acids	0.990	Organic compounds; Organoheterocyclic compounds; Carbohydrates and carbohydrate conjugates; Pyrans; Alcohols and polyols; Sugar acids and derivatives; Ethers; Organic acids and derivatives; Carboxylic acids and derivatives; Organonitrogen compounds; Primary alcohols; Organooxygen compounds; Glucuronides; Carboxylic acid amides; Hemiacetals; Carboxylic acid derivatives; Monocarboxylic acids and derivatives; Carboxylic acids; Neuraminic acids and derivatives; Sugar amino acids and derivatives; Acetals; Secondary alcohols; Secondary carboxylic acid amides; Pyranoid amino acids and derivatives; Carbonyl compounds; Oxanes; Glucuronic acid derivatives; Glycosyl compounds; C-glycosyl compounds; O-glycosyl compounds; Polyols; C-glucuronides; N-acylneuraminic acids; N-acylneuraminic acids and derivatives; Neuraminic acids; Aminosaccharides; Acetamides; Organic oxides; Oxacyclic compounds; Hydrocarbon derivatives; Ketals; Organopnictogen compounds; Organic oxygen compounds; Organic nitrogen compounds; Chemical entities	573.215	559	9.317	839080094760687363	839079641092165146	839079641092165145	981	
1	C46H64N18O12S2	[M + Na]+	C46H64N18NaO12S2+	Amino acids and Peptides	0.988	Oligopeptides	1.000	Cyclic peptides	0.875	Organic acids and derivatives	0.999	Carboxylic acids and derivatives	0.994	Amino acids, peptides, and analogues	0.984	Peptides	0.800	Cyclic peptides	0.807	Organic compounds; Organoheterocyclic compounds; Organosulfur compounds; Amino acids, peptides, and analogues; Alpha amino acids and derivatives; Macrolactams; Thiazoles; Alcohols and polyols; Lactams; Thiazolines; Phenylpropanoids and polyketides; Organic acids and derivatives; Carboxylic acids and derivatives; Organonitrogen compounds; Organooxygen compounds; Amino acids and derivatives; Peptides; Azoles; Carboxylic acid amides; Carboxylic acid derivatives; Secondary alcohols; Primary carboxylic acid amides; Secondary carboxylic acid amides; Tertiary carboxylic acid amides; Carbonyl compounds; Cyclic peptides; Thiazolecarboxylic acids and derivatives; Organic oxides; Azacyclic compounds; Heteroaromatic compounds; Hydrocarbon derivatives; Organopnictogen compounds; Organic oxygen compounds; Organic nitrogen compounds; 2-heteroaryl carboxamides; Chemical entities	1147.428	559	9.318	839080910863194043	839079641230577194	839079641230577193	985	
1	C45H69N15O14S2	[M + K]+	C45H69KN15O14S2+	Amino acids and Peptides	0.954	Oligopeptides	1.000	Lipopeptides	0.714	Organic acids and derivatives	0.999	Carboxylic acids and derivatives	0.984	Amino acids, peptides, and analogues	0.984	Peptides	0.768	Cyclic peptides	0.505	Organic compounds; Organoheterocyclic compounds; Organosulfur compounds; Lipids and lipid-like molecules; Amino acids, peptides, and analogues; Alpha amino acids and derivatives; Macrolactams; Alcohols and polyols; Lactams; Phenylpropanoids and polyketides; Organic acids and derivatives; Carboxylic acids and derivatives; Organonitrogen compounds; Organooxygen compounds; Fatty amides; Amino acids and derivatives; Peptides; Azoles; Monoalkylamines; Carboxylic acid amides; Carboxylic acid derivatives; N-acyl amines; Monocarboxylic acids and derivatives; N-acyl-alpha amino acids and derivatives; Carboxylic acids; Secondary alcohols; Secondary carboxylic acid amides; Tertiary carboxylic acid amides; Carbonyl compounds; Cyclic peptides; Alpha amino acid amides; Amines; Primary amines; Alkanesulfonic acids; Fatty Acyls; Organic oxides; Azacyclic compounds; Oxacyclic compounds; Heteroaromatic compounds; Hydrocarbon derivatives; Organopnictogen compounds; Organic oxygen compounds; Organic nitrogen compounds; Chemical entities	1146.425	559	9.318	839081080090777569	839079641192828454	839079641192828453	984	
1	C9H20N2	[M + H3N + H]+	C9H24N3+	Alkaloids	0.950	Lysine alkaloids	0.648	Acetate-derived alkaloids	0.727	Organoheterocyclic compounds	0.744	Piperidines	0.681					Piperidines	0.681	Organic compounds; Organoheterocyclic compounds; Piperidines; Organonitrogen compounds; Dialkylamines; Trialkylamines; Amines; Secondary amines; Tertiary amines; Azacyclic compounds; Hydrocarbon derivatives; Organopnictogen compounds; Organic nitrogen compounds; Chemical entities	174.196	559	9.324	839079885414580792	839079640987307534	839079640987307533	978	
1	C11H23N3O	[M + H3N + H]+	C11H27N4O+	Alkaloids	0.484	Small peptides	0.393	Dipeptides	0.214	Organic acids and derivatives	0.991	Carboxylic acids and derivatives	0.986	Amino acids, peptides, and analogues	0.979	Amino acids and derivatives	0.978	Alpha amino acid amides	0.856	Organic compounds; Amino acids, peptides, and analogues; Alpha amino acids and derivatives; Organic acids and derivatives; Carboxylic acids and derivatives; Organonitrogen compounds; Organooxygen compounds; Amino acids and derivatives; Monoalkylamines; Carboxylic acid amides; Carboxylic acid derivatives; Secondary carboxylic acid amides; Carbonyl compounds; Dialkylamines; Alpha amino acid amides; Amines; Primary amines; Secondary amines; Organic oxides; Azacyclic compounds; Hydrocarbon derivatives; Organopnictogen compounds; Organic oxygen compounds; Organic nitrogen compounds; Chemical entities	231.218	560	9.333	839080028692010359	839079640920198662	839079640920198661	976	
1	C9H16N2O2	[M + H3N + H]+	C9H20N3O2+	Amino acids and Peptides	0.750	Small peptides	0.725	Aminoacids	0.397	Organic acids and derivatives	0.904	Carboxylic acids and derivatives	0.893	Amino acids, peptides, and analogues	0.751	Amino acids and derivatives	0.749	Alpha amino acids and derivatives	0.655	Organic compounds; Organoheterocyclic compounds; Amino acids, peptides, and analogues; Alpha amino acids and derivatives; Organic acids and derivatives; Carboxylic acids and derivatives; Organonitrogen compounds; Organooxygen compounds; Amino acids and derivatives; Carboxylic acid derivatives; Carbonyl compounds; Organic oxides; Azacyclic compounds; Hydrocarbon derivatives; Organopnictogen compounds; Organic oxygen compounds; Organic nitrogen compounds; Chemical entities	202.155	566	9.428	839079975327879409	839079641499012678	839079641499012677	992	
1	C8H13NO	[M + H3N + H]+	C8H17N2O+	Alkaloids	0.639	Lysine alkaloids	0.344	Piperidine alkaloids	0.222	Organic oxygen compounds	0.984	Organooxygen compounds	0.884	Carbonyl compounds	0.628			Carbonyl compounds	0.628	Organic compounds; Organonitrogen compounds; Organooxygen compounds; Carbonyl compounds; Organic oxides; Hydrocarbon derivatives; Organopnictogen compounds; Organic oxygen compounds; Organic nitrogen compounds; Chemical entities	157.134	566	9.428	839079892616201567	839079641566121550	839079641566121549	994	
1	C8H16N2O	[M + H3N + H]+	C8H20N3O+	Alkaloids	0.813	Ornithine alkaloids	0.907	Polyamines	0.908	Organic acids and derivatives	0.974	Carboxylic acids and derivatives	0.956	Amino acids, peptides, and analogues	0.865	Amino acids and derivatives	0.863	Amino acids and derivatives	0.863	Organic compounds; Amino acids, peptides, and analogues; Organic acids and derivatives; Carboxylic acids and derivatives; Organonitrogen compounds; Organooxygen compounds; Amino acids and derivatives; Monoalkylamines; Carboxylic acid amides; Carboxylic acid derivatives; Secondary carboxylic acid amides; Carbonyl compounds; Amines; Primary amines; Organic oxides; Azacyclic compounds; Hydrocarbon derivatives; Organopnictogen compounds; Organic oxygen compounds; Organic nitrogen compounds; Chemical entities	174.160	566	9.434	839079891395658983	839079641457069634	839079641452875329	991	
1	C8H14N2	[M + H3N + H]+	C8H18N3+	Alkaloids	0.452	Fatty acyls	0.305	Acetate-derived alkaloids	0.369	Organic nitrogen compounds	0.999	Organonitrogen compounds	0.999	Organic cyanides	0.571	Nitriles	0.560	Nitriles	0.560	Organic compounds; Organonitrogen compounds; Nitriles; Hydrocarbon derivatives; Organic cyanides; Organopnictogen compounds; Organic nitrogen compounds; Chemical entities	156.150	567	9.450	839079948052319674	839079641532567114	839079641532567113	993	
1	C8H16N2O	[M + H3N + H]+	C8H20N3O+	Alkaloids	0.771	Lysine alkaloids	0.671	Quinolizidine alkaloids	0.283	Organic acids and derivatives	0.913	Carboxylic acids and derivatives	0.905	Amino acids, peptides, and analogues	0.703	Amino acids and derivatives	0.700	Amino acids and derivatives	0.700	Organic compounds; Organoheterocyclic compounds; Amino acids, peptides, and analogues; Organic acids and derivatives; Carboxylic acids and derivatives; Organonitrogen compounds; Organooxygen compounds; Amino acids and derivatives; Carboxylic acid amides; Carboxylic acid derivatives; Carbonyl compounds; Amines; Organic oxides; Azacyclic compounds; Hydrocarbon derivatives; Organopnictogen compounds; Organic oxygen compounds; Organic nitrogen compounds; Chemical entities	174.160	567	9.451	839079948161371583	839079641633230422	839079641633230421	996	
1	C31H32N4O11	[M + H3N + H]+	C31H36N5O11+	Carbohydrates	0.776	Nucleosides	0.506	Simple coumarins	0.295	Organic oxygen compounds	1.000	Organooxygen compounds	1.000	Carbohydrates and carbohydrate conjugates	0.839	Glycosyl compounds	0.811	Glycosyl compounds	0.811	Organic compounds; Organoheterocyclic compounds; Carbohydrates and carbohydrate conjugates; Alcohols and polyols; Phenols; Benzoic acids and derivatives; Benzamides; Ethers; Organic acids and derivatives; Carboxylic acids and derivatives; Organonitrogen compounds; Benzoyl derivatives; Organooxygen compounds; Carboxylic acid amides; Carboxylic acid derivatives; Carboxylic acid esters; Hydroxybenzoic acid derivatives; Monosaccharides; Secondary carboxylic acid amides; Carbonyl compounds; Oxanes; Glycosyl compounds; Benzene and substituted derivatives; Benzenoids; Vinylogous acids; Organic oxides; Oxacyclic compounds; Heteroaromatic compounds; Hydrocarbon derivatives; Organopnictogen compounds; Organic oxygen compounds; 1-hydroxy-2-unsubstituted benzenoids; 1-hydroxy-4-unsubstituted benzenoids; Organic nitrogen compounds; Chemical entities	654.241	571	9.520	839080254018410324	839079641670979162	839079641670979161	997	
1	C9H18N2O2	[M + H3N + H]+	C9H22N3O2+	Amino acids and Peptides	0.585	Small peptides	0.608	Aminoacids	0.380	Organic acids and derivatives	0.714	Carboxylic acids and derivatives	0.701	Amino acids, peptides, and analogues	0.524	Amino acids and derivatives	0.526	Amino acids and derivatives	0.526	Organic compounds; Amino acids, peptides, and analogues; Organic acids and derivatives; Carboxylic acids and derivatives; Organonitrogen compounds; Organooxygen compounds; Amino acids and derivatives; Monocarboxylic acids and derivatives; Carbonyl compounds; Organic oxides; Hydrocarbon derivatives; Organopnictogen compounds; Organic oxygen compounds; Organic nitrogen compounds; Chemical entities	204.171	572	9.541	839079889990566949	839079641738088034	839079641738088033	999	
1	C6H13NO	[M + H3N + H]+	C6H17N2O+	Alkaloids	0.285	Pseudoalkaloids (transamidation)	0.120	Acetate-derived alkaloids	0.077	Organoheterocyclic compounds	0.646	Oxazinanes	0.624	Morpholines	0.627			Morpholines	0.627	Organic compounds; Organoheterocyclic compounds; Oxazinanes; Ethers; Organonitrogen compounds; Organooxygen compounds; Morpholines; Dialkyl ethers; Trialkylamines; Amines; Tertiary amines; Oxacyclic compounds; Hydrocarbon derivatives; Organopnictogen compounds; Organic oxygen compounds; Organic nitrogen compounds; Chemical entities	133.134	579	9.647	839079893962573279	839079641805196906	839079641801002601	1001	
1	C10H16ClN	[M + Na]+	C10H16ClNNa+	Alkaloids	0.643	Pseudoalkaloids (transamidation)	0.440	Phenylalanine-derived alkaloids	0.475	Benzenoids	0.589	Benzene and substituted derivatives	0.550					Benzene and substituted derivatives	0.550	Organic compounds; Organohalogen compounds; Organonitrogen compounds; Organochlorides; Benzene and substituted derivatives; Benzenoids; Hydrocarbon derivatives; Organopnictogen compounds; Organic nitrogen compounds; Chemical entities	208.087	579	9.648	839079990628700965	839079641767448166	839079641767448165	1000	
1	C7H13NO	[M + H3N + H]+	C7H17N2O+	Alkaloids	0.502	Lysine alkaloids	0.243	Piperidine alkaloids	0.137	Organoheterocyclic compounds	0.577	Azacyclic compounds	0.592					Azacyclic compounds	0.592	Organic compounds; Organoheterocyclic compounds; Organonitrogen compounds; Organooxygen compounds; Amines; Azacyclic compounds; Hydrocarbon derivatives; Organopnictogen compounds; Organic oxygen compounds; Organic nitrogen compounds; Chemical entities	145.134	582	9.703	839079949147033032	839079641939414650	839079641939414649	1005	
1	C50H76N16O21S	[M + K]+	C50H76KN16O21S+	Amino acids and Peptides	0.957	Oligopeptides	1.000	Linear peptides	0.741	Organic acids and derivatives	0.999	Carboxylic acids and derivatives	0.978	Amino acids, peptides, and analogues	0.993	Peptides	0.798	Peptides	0.798	Organic compounds; Organoheterocyclic compounds; Organosulfur compounds; Carbohydrates and carbohydrate conjugates; Lipids and lipid-like molecules; Amino acids, peptides, and analogues; Alpha amino acids and derivatives; Pyrimidines and pyrimidine derivatives; Alcohols and polyols; Lactams; Organic acids and derivatives; Carboxylic acids and derivatives; Organonitrogen compounds; Primary alcohols; Pyrimidones; Organooxygen compounds; Fatty amides; Amino acids and derivatives; Peptides; Organic carbonic acids and derivatives; Monoalkylamines; Carboxylic acid amides; Ureas; Carboxylic acid derivatives; N-acyl amines; Monocarboxylic acids and derivatives; N-acyl-alpha amino acids and derivatives; Carboxylic acids; Diazines; Secondary alcohols; Secondary carboxylic acid amides; Carbonyl compounds; Glycosyl compounds; Hydropyrimidines; Glycosylamines; Alpha amino acid amides; Amines; Primary amines; Alkanesulfonic acids and derivatives; Alkanesulfonic acids; Fatty Acyls; Organic oxides; Azacyclic compounds; Oxacyclic compounds; Heteroaromatic compounds; Hydrocarbon derivatives; Amino acids; Organopnictogen compounds; Organic oxygen compounds; 1-hydroxy-2-unsubstituted benzenoids; Organic nitrogen compounds; Chemical entities	1307.475	587	9.791	839080334821676905	839079641977163390	839079641977163389	1006	
1	C31H32N4O11	[M + H3N + H]+	C31H36N5O11+	Shikimates and Phenylpropanoids	0.804	Coumarins	0.341	Simple coumarins	0.144	Benzenoids	0.994	Benzene and substituted derivatives	0.959	Benzoic acids and derivatives	0.904	Hydroxybenzoic acid derivatives	0.736	Hydroxybenzoic acid derivatives	0.736	Organic compounds; Organoheterocyclic compounds; Carbohydrates and carbohydrate conjugates; Alcohols and polyols; Phenols; Catechols; Benzoic acids and derivatives; Benzamides; Ethers; Phenylpropanoids and polyketides; Organic acids and derivatives; Carboxylic acids and derivatives; Organonitrogen compounds; Benzoyl derivatives; Organooxygen compounds; Carboxylic acid amides; Carboxylic acid derivatives; Carboxylic acids; Hydroxybenzoic acid derivatives; Benzenediols; Monosaccharides; Secondary carboxylic acid amides; Carbonyl compounds; Benzene and substituted derivatives; Benzenoids; Vinylogous acids; Organic oxides; Oxacyclic compounds; Hydrocarbon derivatives; Organopnictogen compounds; Organic oxygen compounds; 1-hydroxy-2-unsubstituted benzenoids; 1-hydroxy-4-unsubstituted benzenoids; Organic nitrogen compounds; Phenoxy compounds; Chemical entities	654.241	587	9.791	839079899985594154	839079642010717826	839079642010717825	1007	
1	C37H67N9O6	[M + H3N + H]+	C37H71N10O6+	Amino acids and Peptides	0.993	Oligopeptides	0.988	Linear peptides	0.687	Organic acids and derivatives	0.999	Carboxylic acids and derivatives	0.997	Amino acids, peptides, and analogues	0.992	Peptides	0.855	Peptides	0.855	Organic compounds; Organoheterocyclic compounds; Lipids and lipid-like molecules; Amino acids, peptides, and analogues; Alpha amino acids and derivatives; Pyrrolidines; Organic acids and derivatives; Carboxylic acids and derivatives; Organonitrogen compounds; Organooxygen compounds; Fatty amides; Amino acids and derivatives; Peptides; Carboxylic acid amides; Carboxylic acid derivatives; N-acyl amines; N-acyl-alpha amino acids and derivatives; Secondary carboxylic acid amides; Tertiary carboxylic acid amides; Carbonyl compounds; Pyrrolidine carboxylic acids and derivatives; Alpha amino acid amides; N-acylpyrrolidines; Fatty Acyls; Organic oxides; Azacyclic compounds; Hydrocarbon derivatives; Valine and derivatives; Organopnictogen compounds; Organic oxygen compounds; Organic nitrogen compounds; Chemical entities	751.554	589	9.819	839079891659900146	839079642115575438	839079642111381133	1010	
1	C9H20N2	[M + H3N + H]+	C9H24N3+	Alkaloids	0.951	Lysine alkaloids	0.456	Acetate-derived alkaloids	0.612	Organoheterocyclic compounds	0.557	Piperidines	0.509					Piperidines	0.509	Organic compounds; Organoheterocyclic compounds; Piperidines; Organonitrogen compounds; Dialkylamines; Trialkylamines; Amines; Secondary amines; Tertiary amines; Azacyclic compounds; Hydrocarbon derivatives; Organopnictogen compounds; Organic nitrogen compounds; Chemical entities	174.196	590	9.838	839079920797731360	839079642224627354	839079642224627353	1013	
2	C49H75N15O15S2	[M + K]+	C49H75KN15O15S2+	Amino acids and Peptides	0.989	Oligopeptides	1.000	Cyclic peptides	0.706	Organic acids and derivatives	0.998	Carboxylic acids and derivatives	0.990	Amino acids, peptides, and analogues	0.992	Peptides	0.790	Cyclic peptides	0.723	Organic compounds; Organoheterocyclic compounds; Organosulfur compounds; Lipids and lipid-like molecules; Amino acids, peptides, and analogues; Alpha amino acids and derivatives; Macrolactams; Thiazoles; Alcohols and polyols; Lactams; Phenylpropanoids and polyketides; Organic acids and derivatives; Carboxylic acids and derivatives; Organonitrogen compounds; Organooxygen compounds; Fatty amides; Amino acids and derivatives; Peptides; Azoles; Monoalkylamines; Carboxylic acid amides; Carboxylic acid derivatives; N-acyl amines; N-acyl-alpha amino acids and derivatives; Primary carboxylic acid amides; Secondary carboxylic acid amides; Carbonyl compounds; Cyclic peptides; Thiazolecarboxylic acids and derivatives; Alpha amino acid amides; Amines; Primary amines; Organic disulfides; Fatty Acyls; Organic oxides; Azacyclic compounds; Heteroaromatic compounds; Hydrocarbon derivatives; Organopnictogen compounds; Organic oxygen compounds; Organic nitrogen compounds; Chemical entities	1216.462	591	9.845	839079902330210225	839079642149129874	839079642149129873	1011	
1	C11H23N3O	[M + H3N + H]+	C11H27N4O+	Alkaloids	0.584	Small peptides	0.375	Dipeptides	0.155	Organic acids and derivatives	0.988	Carboxylic acids and derivatives	0.980	Amino acids, peptides, and analogues	0.959	Amino acids and derivatives	0.957	Alpha amino acid amides	0.773	Organic compounds; Organoheterocyclic compounds; Amino acids, peptides, and analogues; Alpha amino acids and derivatives; Organic acids and derivatives; Carboxylic acids and derivatives; Organonitrogen compounds; Organooxygen compounds; Amino acids and derivatives; Carboxylic acid amides; Carboxylic acid derivatives; Secondary carboxylic acid amides; Carbonyl compounds; Dialkylamines; Alpha amino acid amides; Amines; Secondary amines; Organic oxides; Azacyclic compounds; Hydrocarbon derivatives; Organopnictogen compounds; Organic oxygen compounds; Organic nitrogen compounds; Chemical entities	231.218	591	9.849	839079954394107486	839079642044272262	839079642044272261	1008	
1	C13H9Br4NO4S	[M + H3N + H]+	C13H13Br4N2O4S+	Shikimates and Phenylpropanoids	0.244	Coumarins	0.075	Simple coumarins	0.077	Benzenoids	0.980	Phenols	0.617	Halophenols	0.678	Bromophenols	0.683	Bromophenols	0.683	Organic compounds; Organoheterocyclic compounds; Organosulfur compounds; Halobenzenes; Phenols; Organic acids and derivatives; Carboxylic acids and derivatives; Organohalogen compounds; Organonitrogen compounds; Organooxygen compounds; Aryl bromides; Carboxylic acid derivatives; Bromobenzenes; Organobromides; Benzene and substituted derivatives; Halophenols; Benzenoids; Bromophenols; Aryl halides; Organic oxides; Hydrocarbon derivatives; Organopnictogen compounds; Organic oxygen compounds; Organic nitrogen compounds; Chemical entities	608.733	592	9.866	839079931145079678	839079642186878614	839079642186878613	1012	
1	C7H13N	[M + H3N + H]+	C7H17N2+	Alkaloids	0.684	Lysine alkaloids	0.283	Acetate-derived alkaloids	0.434	Organic nitrogen compounds	1.000	Organonitrogen compounds	0.999	Amines	0.881	Tertiary amines	0.492	Trialkylamines	0.586	Organic compounds; Organonitrogen compounds; Trialkylamines; Amines; Azacyclic compounds; Hydrocarbon derivatives; Organopnictogen compounds; Organic nitrogen compounds; Chemical entities	129.139	594	9.897	839079980751114697	839079642392399534	839079642392399533	1018	
1	C11H23N3O	[M + H3N + H]+	C11H27N4O+	Alkaloids	0.760	Ornithine alkaloids	0.186	Quinolizidine alkaloids	0.121	Organic acids and derivatives	0.872	Carboxylic acids and derivatives	0.850	Amino acids, peptides, and analogues	0.742	Amino acids and derivatives	0.739	Amino acids and derivatives	0.739	Organic compounds; Amino acids, peptides, and analogues; Organic acids and derivatives; Carboxylic acids and derivatives; Organonitrogen compounds; Organooxygen compounds; Amino acids and derivatives; Carboxylic acid amides; Carboxylic acid derivatives; Carbonyl compounds; Amines; Organic oxides; Azacyclic compounds; Hydrocarbon derivatives; Organopnictogen compounds; Organic oxygen compounds; Organic nitrogen compounds; Chemical entities	231.218	596	9.933	839079981199905251	839079642287541922	839079642287541921	1015	
1	C8H15N	[M + H3N + H]+	C8H19N2+	Alkaloids	0.754	Lysine alkaloids	0.519	Acetate-derived alkaloids	0.493	Organic nitrogen compounds	1.000	Organonitrogen compounds	1.000	Amines	0.903	Tertiary amines	0.654	Trialkylamines	0.734	Organic compounds; Organonitrogen compounds; Trialkylamines; Amines; Tertiary amines; Azacyclic compounds; Hydrocarbon derivatives; Organopnictogen compounds; Organic nitrogen compounds; Chemical entities	143.154	600	10.007	839079895694820912	839079642455314102	839079642455314101	1020	
1	C13H9Br4NO4S	[M + H3N + H]+	C13H13Br4N2O4S+	Shikimates and Phenylpropanoids	0.233	Coumarins	0.057	Simple coumarins	0.126	Benzenoids	0.978	Phenols	0.647	Halophenols	0.709	Bromophenols	0.705	Bromophenols	0.705	Organic compounds; Organoheterocyclic compounds; Organosulfur compounds; Halobenzenes; Phenols; Organic acids and derivatives; Carboxylic acids and derivatives; Organohalogen compounds; Organonitrogen compounds; Organooxygen compounds; Aryl bromides; Carboxylic acid derivatives; Bromobenzenes; Organobromides; Benzene and substituted derivatives; Halophenols; Benzenoids; Bromophenols; Aryl halides; Organic oxides; Heteroaromatic compounds; Hydrocarbon derivatives; Organopnictogen compounds; Organic oxygen compounds; Organic nitrogen compounds; Chemical entities	608.733	606	10.106	839080010551645296	839079642493062842	839079642493062841	1021	
1	C7H16N2	[M + H3N + H]+	C7H20N3+	Alkaloids	0.893	Ornithine alkaloids	0.781	Polyamines	0.802	Organic nitrogen compounds	1.000	Organonitrogen compounds	1.000	Amines	0.854			Amines	0.854	Organic compounds; Organonitrogen compounds; Amines; Hydrocarbon derivatives; Organopnictogen compounds; Organic nitrogen compounds; Chemical entities	146.165	611	10.180	839079949188976075	839079642631474890	839079642631474889	1025	
1	C5H10N4O2S	[M + H3N + H]+	C5H14N5O2S+	Alkaloids	0.897	Pseudoalkaloids (transamidation)	0.835	Purine alkaloids	0.724	Organoheterocyclic compounds	0.979	Azoles	0.832	Imidazoles	0.541			Imidazoles	0.541	Organic compounds; Organoheterocyclic compounds; Imidazoles; Organonitrogen compounds; Azoles; Organic oxides; Azacyclic compounds; Heteroaromatic compounds; Hydrocarbon derivatives; Organopnictogen compounds; Organic oxygen compounds; Organic nitrogen compounds; Chemical entities	208.087	611	10.188	839079945804172628	839079642597920454	839079642597920453	1024	
1	C11H23N3O	[M + H3N + H]+	C11H27N4O+	Alkaloids	0.745	Lysine alkaloids	0.274	Quinolizidine alkaloids	0.129	Organic acids and derivatives	0.949	Carboxylic acids and derivatives	0.921	Amino acids, peptides, and analogues	0.795	Amino acids and derivatives	0.792	Amino acids and derivatives	0.792	Organic compounds; Organoheterocyclic compounds; Amino acids, peptides, and analogues; Organic acids and derivatives; Carboxylic acids and derivatives; Organonitrogen compounds; Organooxygen compounds; Amino acids and derivatives; Carboxylic acid amides; Carboxylic acid derivatives; Carbonyl compounds; Amines; Organic oxides; Azacyclic compounds; Hydrocarbon derivatives; Organopnictogen compounds; Organic oxygen compounds; Organic nitrogen compounds; Chemical entities	231.218	613	10.208	839079957426589410	839079642564366018	839079642564366017	1023	
3	C14H8N2	[M + H3N + H]+	C14H12N3+	Alkaloids	1.000	Tryptophan alkaloids	0.989	Carboline alkaloids	0.960	Organoheterocyclic compounds	0.998	Indoles and derivatives	0.633	Indoles	0.631			Indoles	0.631	Organic compounds; Organoheterocyclic compounds; Pyridines and derivatives; Pyrroles; Indoles and derivatives; Organonitrogen compounds; Benzenoids; Indoles; Azacyclic compounds; Heteroaromatic compounds; Hydrocarbon derivatives; Organopnictogen compounds; Organic nitrogen compounds; Chemical entities	222.103	616	10.260	839079961465704296	839079642698583762	839079642698583761	1027	
1	C13H17N4O9P	[M + Na]+	C13H17N4NaO9P+	Carbohydrates	0.998	Nucleosides	0.995	Purine nucleotides	0.993	Nucleosides, nucleotides, and analogues	0.935	Purine nucleotides	0.907	Cyclic purine nucleotides	0.836	3',5'-cyclic purine nucleotides	0.809	3',5'-cyclic purine nucleotides	0.809	Organic compounds; Organoheterocyclic compounds; Carbohydrates and carbohydrate conjugates; Pyrimidines and pyrimidine derivatives; Imidazoles; Alcohols and polyols; Purines and purine derivatives; Hypoxanthines; Organic acids and derivatives; Carboxylic acids and derivatives; Organonitrogen compounds; Nucleosides, nucleotides, and analogues; Pyrimidones; Organooxygen compounds; Organic phosphoric acids and derivatives; Phosphate esters; Azoles; Purinones; Carboxylic acid derivatives; Diazines; Cyclic purine nucleotides; Pentoses; 3',5'-cyclic purine nucleotides; 6-oxopurines; Purine nucleotides; Monosaccharides; Monosaccharide phosphates; Secondary alcohols; Imidazopyrimidines; Carbonyl compounds; Glycosyl compounds; Glycosylamines; Pentose phosphates; Substituted imidazoles; N-substituted imidazoles; Tetrahydrofurans; Monoalkyl phosphates; Vinylogous amides; Organic oxides; Azacyclic compounds; Oxacyclic compounds; Heteroaromatic compounds; Hydrocarbon derivatives; Organopnictogen compounds; Organic oxygen compounds; Organic nitrogen compounds; Chemical entities	427.063	616	10.273	839079968738627643	839079642732138198	839079642732138197	1028	
1	C9H20N2	[M + H3N + H]+	C9H24N3+	Alkaloids	0.960	Lysine alkaloids	0.560	Acetate-derived alkaloids	0.765	Organoheterocyclic compounds	0.616	Piperidines	0.607					Piperidines	0.607	Organic compounds; Organoheterocyclic compounds; Piperidines; Organonitrogen compounds; Dialkylamines; Trialkylamines; Amines; Secondary amines; Tertiary amines; Azacyclic compounds; Hydrocarbon derivatives; Organopnictogen compounds; Organic nitrogen compounds; Chemical entities	174.196	616	10.274	839079947427368338	839079642665029326	839079642665029325	1026	
1	C24H30N4O8S	[M + H3N + H]+	C24H34N5O8S+	Amino acids and Peptides	0.678	Oligopeptides	0.391	Cyclamides	0.204	Benzenoids	0.749	Benzene and substituted derivatives	0.677					Benzene and substituted derivatives	0.677	Organic compounds; Organoheterocyclic compounds; Organosulfur compounds; Alcohols and polyols; Organic acids and derivatives; Carboxylic acids and derivatives; Organonitrogen compounds; Organooxygen compounds; Carboxylic acid amides; Carboxylic acid derivatives; Monocarboxylic acids and derivatives; Secondary alcohols; Secondary carboxylic acid amides; Carbonyl compounds; Benzene and substituted derivatives; Benzenoids; Organic oxides; Azacyclic compounds; Heteroaromatic compounds; Hydrocarbon derivatives; Organopnictogen compounds; Organic oxygen compounds; Organic nitrogen compounds; Chemical entities	552.210	618	10.303	839080047444743664	839079642769886938	839079642769886937	1029	
1	C12H17NO4	[M + Na]+	C12H17NNaO4+	Alkaloids	0.977	Tyrosine alkaloids	0.970	Phenylethylamines	0.937	Organic acids and derivatives	0.817	Carboxylic acids and derivatives	0.841	Amino acids, peptides, and analogues	0.770	Amino acids and derivatives	0.770	Alpha amino acids	0.651	Organic compounds; Organoheterocyclic compounds; Amino acids, peptides, and analogues; Alpha amino acids and derivatives; Organic acids and derivatives; Carboxylic acids and derivatives; Organonitrogen compounds; Organooxygen compounds; Amino acids and derivatives; Monoalkylamines; Monocarboxylic acids and derivatives; Carboxylic acids; Carbonyl compounds; Alpha amino acids; Benzenoids; Amines; Primary amines; Aralkylamines; Organic oxides; Oxacyclic compounds; Hydrocarbon derivatives; Amino acids; Organopnictogen compounds; Organic oxygen compounds; Organic nitrogen compounds; Chemical entities	262.106	620	10.326	839079907749251216	839079643013156594	839079643013156593	1035	
1	C9H14N2O4S	[M + H3N + H]+	C9H18N3O4S+	Amino acids and Peptides	0.969	Small peptides	0.901	Aminoacids	0.893	Organic acids and derivatives	0.997	Carboxylic acids and derivatives	0.970	Amino acids, peptides, and analogues	0.907	Amino acids and derivatives	0.906	Alpha amino acids	0.719	Organic compounds; Organosulfur compounds; Amino acids, peptides, and analogues; Alpha amino acids and derivatives; Organic acids and derivatives; Carboxylic acids and derivatives; Organosulfonic acids and derivatives; Organonitrogen compounds; Organooxygen compounds; Amino acids and derivatives; Monocarboxylic acids and derivatives; Sulfonyls; Carboxylic acids; Carbonyl compounds; Alpha amino acids; Organic oxides; Hydrocarbon derivatives; Amino acids; Organic sulfonic acids and derivatives; Organopnictogen compounds; Organic oxygen compounds; Organic nitrogen compounds; Chemical entities	264.101	620	10.327	839079893706720683	839079642979602158	839079642979602157	1034	
1	C3H2N3O2P	[M + H3N + H]+	C3H6N4O2P+	Alkaloids	0.759	Nicotinic acid alkaloids	0.302	Pyridine alkaloids	0.304	Organoheterocyclic compounds	0.668							Organoheterocyclic compounds	0.668	Organic compounds; Organoheterocyclic compounds; Organonitrogen compounds; Organic oxides; Hydrocarbon derivatives; Organopnictogen compounds; Organic oxygen compounds; Organic nitrogen compounds; Chemical entities	161.022	620	10.336	839079896160388665	839079643118014206	839079643118014205	1038	
1	C8H15N	[M + H3N + H]+	C8H19N2+	Alkaloids	0.772	Lysine alkaloids	0.494	Acetate-derived alkaloids	0.665	Organoheterocyclic compounds	0.643	Piperidines	0.551					Piperidines	0.551	Organic compounds; Organoheterocyclic compounds; Piperidines; Organonitrogen compounds; Trialkylamines; Amines; Tertiary amines; Azacyclic compounds; Hydrocarbon derivatives; Organopnictogen compounds; Organic nitrogen compounds; Chemical entities	143.154	620	10.336	839079896219108936	839079643260620558	839079643260620557	1042	
1	C12H15NO10	[M + K]+	C12H15KNO10+	Alkaloids	0.860	Tyrosine alkaloids	0.889	Phenylethylamines	0.393	Organic acids and derivatives	0.777	Carboxylic acids and derivatives	0.785	Amino acids, peptides, and analogues	0.543	Amino acids and derivatives	0.545	Alpha amino acids	0.543	Organic compounds; Organoheterocyclic compounds; Amino acids, peptides, and analogues; Alcohols and polyols; Ethers; Organic acids and derivatives; Carboxylic acids and derivatives; Organonitrogen compounds; Organooxygen compounds; Amino acids and derivatives; Carboxylic acids; Secondary alcohols; Carbonyl compounds; Polyols; Alpha amino acids; Benzenoids; Amines; Organic oxides; Oxacyclic compounds; Hydrocarbon derivatives; Organopnictogen compounds; Organic oxygen compounds; Organic nitrogen compounds; Chemical entities	372.035	620	10.337	839079917521979775	839079643050905334	839079643050905333	1036	
1	C11H15NO4	[M + Na]+	C11H15NNaO4+	Alkaloids	0.929	Tyrosine alkaloids	0.907	Phenylethylamines	0.660	Benzenoids	0.587							Benzenoids	0.587	Organic compounds; Organoheterocyclic compounds; Organic acids and derivatives; Carboxylic acids and derivatives; Organonitrogen compounds; Organooxygen compounds; Carbonyl compounds; Benzenoids; Amines; Organic oxides; Azacyclic compounds; Hydrocarbon derivatives; Organopnictogen compounds; Organic oxygen compounds; Organic nitrogen compounds; Chemical entities	248.090	621	10.344	839080027580519780	839079643193511686	839079643189317381	1040	
3	C13H16O3Si	[M + H3N + H]+	C13H20NO3Si+	Terpenoids	0.787	Monoterpenoids	0.428	Acyclic monoterpenoids	0.092	Organic oxygen compounds	0.999	Organooxygen compounds	0.995	Carbonyl compounds	0.842	Ketones	0.645	Ketones	0.645	Organic compounds; Ketones; Organohalogen compounds; Organooxygen compounds; Carbonyl compounds; Organic oxides; Hydrocarbon derivatives; Organic oxygen compounds; Chemical entities	266.120	621	10.344	839079901562652568	839079643080265466	839079643080265465	1037	
1	C11H15N3OS2	[M + H3N + H]+	C11H19N4OS2+	Amino acids and Peptides	0.809	Linear polyketides	0.104	Melithiazole and Myxothiazole derivatives	0.073	Organic acids and derivatives	0.777	Carboxylic acids and derivatives	0.713	Amino acids, peptides, and analogues	0.667	Amino acids and derivatives	0.667	Amino acids and derivatives	0.667	Organic compounds; Organoheterocyclic compounds; Amino acids, peptides, and analogues; Thiazoles; Organic acids and derivatives; Carboxylic acids and derivatives; Organonitrogen compounds; Organooxygen compounds; Amino acids and derivatives; Azoles; Carboxylic acid amides; Carboxylic acid derivatives; Dialkylamines; Amines; Secondary amines; Aralkylamines; Organic oxides; Azacyclic compounds; Heteroaromatic compounds; Hydrocarbon derivatives; Organopnictogen compounds; Organic oxygen compounds; Organic nitrogen compounds; Chemical entities	287.099	621	10.347	839080010320958554	839079643227066122	839079643227066121	1041	
1	C8H18N2	[M + H3N + H]+	C8H22N3+	Alkaloids	0.998	Ornithine alkaloids	0.999	Polyamines	1.000	Organic nitrogen compounds	1.000	Organonitrogen compounds	1.000	Amines	0.990	Secondary amines	0.624	Dialkylamines	0.611	Organic compounds; Organonitrogen compounds; Monoalkylamines; Dialkylamines; Amines; Primary amines; Secondary amines; Hydrocarbon derivatives; Organopnictogen compounds; Organic nitrogen compounds; Chemical entities	160.181	621	10.349	839079900446967654	839079643537444654	839079643533250349	1050	
4	C17H9NO4S2	[M + H3N + H]+	C17H13N2O4S2+	Amino acids and Peptides	0.637	β-lactams	0.604	Simple coumarins	0.085	Benzenoids	0.706							Benzenoids	0.706	Organic compounds; Organoheterocyclic compounds; Thiophenes; Organic acids and derivatives; Carboxylic acids and derivatives; Organonitrogen compounds; Organooxygen compounds; Monocarboxylic acids and derivatives; Carboxylic acids; Carbonyl compounds; Benzenoids; Organic oxides; Azacyclic compounds; Heteroaromatic compounds; Hydrocarbon derivatives; Organopnictogen compounds; Organic oxygen compounds; Organic nitrogen compounds; Chemical entities	373.032	621	10.354	839080018277553375	839079642908298982	839079642908298981	1032	
1	C27H18O13	[M + Na]+	C27H18NaO13+	Polyketides	0.879	Naphthalenes	0.530	Bisnaphthalenes	0.618	Organoheterocyclic compounds	0.636	Benzopyrans	0.600	1-benzopyrans	0.458	Chromones	0.541	Chromones	0.541	Organic compounds; Organoheterocyclic compounds; Naphthalenes; Pyrans; Benzopyrans; Alcohols and polyols; Phenols; Chromones; Phenylpropanoids and polyketides; Organic acids and derivatives; Carboxylic acids and derivatives; Organooxygen compounds; Pyranones and derivatives; Carboxylic acids; Carbonyl compounds; Benzene and substituted derivatives; Polyols; Naphthols and derivatives; Benzenoids; Vinylogous acids; Organic oxides; Oxacyclic compounds; Hydrocarbon derivatives; Organic oxygen compounds; 1-hydroxy-2-unsubstituted benzenoids; 1-hydroxy-4-unsubstituted benzenoids; Chemical entities	573.062	621	10.355	839080025558865212	839079643155762946	839079643155762945	1039	
1	C23H17ClN8O6	[M + K]+	C23H17ClKN8O6+	Amino acids and Peptides	0.420	Oligopeptides	0.039	Pyrrole alkaloids	0.019	Organic acids and derivatives	0.998	Carboxylic acids and derivatives	0.995	Amino acids, peptides, and analogues	0.949	Amino acids and derivatives	0.948	N-acyl-alpha amino acids	0.567	Organic compounds; Organoheterocyclic compounds; Amino acids, peptides, and analogues; Alpha amino acids and derivatives; Pyrazines; Benzoic acids and derivatives; Benzamides; Organic acids and derivatives; Carboxylic acids and derivatives; Organohalogen compounds; Organonitrogen compounds; Benzoyl derivatives; Organooxygen compounds; Dicarboxylic acids and derivatives; Amino acids and derivatives; Carboxylic acid amides; Aryl chlorides; Carboxylic acid derivatives; N-acyl-alpha amino acids and derivatives; Carboxylic acids; Hippuric acids; Diazines; Organochlorides; Secondary carboxylic acid amides; Carbonyl compounds; Benzene and substituted derivatives; N-acyl-alpha amino acids; Benzenoids; Amines; Primary amines; Aryl halides; Imidolactams; Organic oxides; Azacyclic compounds; Heteroaromatic compounds; Hydrocarbon derivatives; Amino acids; Organopnictogen compounds; Organic oxygen compounds; Organic nitrogen compounds; 2-heteroaryl carboxamides; Chemical entities	575.058	621	10.355	839080038020142482	839079642946047722	839079642946047721	1033	
6	C14H8O11	[M + H3N + H]+	C14H12NO11+	Shikimates and Phenylpropanoids	0.895	Phenolic acids (C6-C1)	0.668	Gallotannins	0.346	Benzenoids	0.779	Phenols	0.651	1-hydroxy-2-unsubstituted benzenoids	0.593			1-hydroxy-2-unsubstituted benzenoids	0.593	Organic compounds; Organoheterocyclic compounds; Pyrans; Alcohols and polyols; Phenols; Organic acids and derivatives; Carboxylic acids and derivatives; Organooxygen compounds; Pyranones and derivatives; Carboxylic acids; Polyols; Benzenoids; Organic oxides; Oxacyclic compounds; Heteroaromatic compounds; Hydrocarbon derivatives; Organic oxygen compounds; 1-hydroxy-2-unsubstituted benzenoids; Chemical entities	370.040	622	10.359	839079943631523093	839079642803441374	839079642803441373	1030	
2	C13H11F3N4O3	[M + K]+	C13H11F3KN4O3+	Alkaloids	0.791	Small peptides	0.119	Aminoacids	0.032	Organic acids and derivatives	0.990	Carboxylic acids and derivatives	0.984	Amino acids, peptides, and analogues	0.768	Amino acids and derivatives	0.771	Amino acids	0.643	Organic compounds; Organoheterocyclic compounds; Amino acids, peptides, and analogues; Pyrimidines and pyrimidine derivatives; Pyridines and derivatives; Organic acids and derivatives; Carboxylic acids and derivatives; Organohalogen compounds; Organonitrogen compounds; Organooxygen compounds; Amino acids and derivatives; Alkyl fluorides; Monocarboxylic acids and derivatives; Carboxylic acids; Diazines; Organofluorides; Pyridinecarboxylic acids; Amines; Tertiary amines; Tertiary alkylarylamines; Alkyl halides; Dialkylarylamines; Organic oxides; Azacyclic compounds; Heteroaromatic compounds; Hydrocarbon derivatives; Amino acids; Organopnictogen compounds; Organic oxygen compounds; Organic nitrogen compounds; Chemical entities	367.042	622	10.365	839079928745937704	839079643680051006	839079643680051005	1054	
2	C6H8N4O2	[M + K]+	C6H8KN4O2+	Alkaloids	0.815	Pseudoalkaloids (transamidation)	0.674	Purine alkaloids	0.701	Organoheterocyclic compounds	0.999	Diazines	0.870	Pyrimidines and pyrimidine derivatives	0.719	Aminopyrimidines and derivatives	0.544	Aminopyrimidines and derivatives	0.544	Organic compounds; Organoheterocyclic compounds; Pyrimidines and pyrimidine derivatives; Organic acids and derivatives; Carboxylic acids and derivatives; Organonitrogen compounds; Organooxygen compounds; Monocarboxylic acids and derivatives; Carboxylic acids; Aminopyrimidines and derivatives; Diazines; Amines; Primary amines; Vinylogous amides; Organic oxides; Azacyclic compounds; Heteroaromatic compounds; Hydrocarbon derivatives; Organopnictogen compounds; Organic oxygen compounds; Organic nitrogen compounds; Chemical entities	207.028	622	10.365	839080001953321947	839079643428392738	839079643428392737	1047	
1	C7H16N2	[M + H3N + H]+	C7H20N3+	Alkaloids	0.999	Ornithine alkaloids	0.999	Polyamines	1.000	Organic nitrogen compounds	1.000	Organonitrogen compounds	1.000	Amines	0.996	Secondary amines	0.792	Dialkylamines	0.794	Organic compounds; Organonitrogen compounds; Monoalkylamines; Dialkylamines; Amines; Primary amines; Secondary amines; Hydrocarbon derivatives; Organopnictogen compounds; Organic nitrogen compounds; Chemical entities	146.165	622	10.366	839079933909126123	839079643361283866	839079643361283865	1045	
1	C9H18N2O2S2	[M + H3N + H]+	C9H22N3O2S2+	Amino acids and Peptides	0.895	Linear polyketides	0.495	Primary amides	0.132	Organic acids and derivatives	0.713	Carboxylic acids and derivatives	0.507					Carboxylic acids and derivatives	0.507	Organic compounds; Organoheterocyclic compounds; Organosulfur compounds; Organic acids and derivatives; Carboxylic acids and derivatives; Organonitrogen compounds; Organooxygen compounds; Amines; Organic oxides; Hydrocarbon derivatives; Organopnictogen compounds; Organic oxygen compounds; Organic nitrogen compounds; Chemical entities	268.115	622	10.367	839079984660206126	839079643604553526	839079643604553525	1052	
3	C10H18N2O5	[M + Na]+	C10H18N2NaO5+	Amino acids and Peptides	0.211	Fatty amides	0.282	Polyamines	0.179	Organic acids and derivatives	0.985	Carboxylic acids and derivatives	0.968	Amino acids, peptides, and analogues	0.603	Amino acids and derivatives	0.603	Amino acids and derivatives	0.603	Organic compounds; Lipids and lipid-like molecules; Amino acids, peptides, and analogues; Organic acids and derivatives; Carboxylic acids and derivatives; Organonitrogen compounds; Primary alcohols; Organooxygen compounds; Fatty amides; Amino acids and derivatives; Monoalkylamines; Carboxylic acid amides; Carboxylic acid derivatives; N-acyl amines; Carboxylic acids; Secondary carboxylic acid amides; Carbonyl compounds; Amines; Primary amines; Fatty Acyls; Organic oxides; Hydrocarbon derivatives; Organopnictogen compounds; Organic oxygen compounds; Organic nitrogen compounds; Chemical entities	269.110	622	10.367	839079991689859920	839079643499695914	839079643499695913	1049	
1	C8H5NO2S2	[M + H3N + H]+	C8H9N2O2S2+	Amino acids and Peptides	0.434	β-lactams	0.150	Imidazole alkaloids	0.080	Organoheterocyclic compounds	0.993	Thiophenes	0.871					Thiophenes	0.871	Organic compounds; Organoheterocyclic compounds; Thiophenes; Organic acids and derivatives; Carboxylic acids and derivatives; Organonitrogen compounds; Organooxygen compounds; Monocarboxylic acids and derivatives; Carboxylic acids; Carbonyl compounds; Organic oxides; Azacyclic compounds; Heteroaromatic compounds; Hydrocarbon derivatives; Organopnictogen compounds; Organic oxygen compounds; Organic nitrogen compounds; Chemical entities	229.009	622	10.369	839080005208101940	839079643394838302	839079643394838301	1046	
2	C17H13NO4	[M + H3N + H]+	C17H17N2O4+	Alkaloids	0.381	Coumarins	0.448	Simple coumarins	0.288	Organic acids and derivatives	0.987	Carboxylic acids and derivatives	0.974	Amino acids, peptides, and analogues	0.788	Amino acids and derivatives	0.788	Alpha amino acids and derivatives	0.682	Organic compounds; Organoheterocyclic compounds; Amino acids, peptides, and analogues; Alpha amino acids and derivatives; Oxazinanes; Ethers; Organic acids and derivatives; Carboxylic acids and derivatives; Organonitrogen compounds; Organooxygen compounds; Amino acids and derivatives; Morpholines; Carboxylic acid derivatives; Monocarboxylic acids and derivatives; Dialkyl ethers; Carboxylic acids; Carbonyl compounds; Benzenoids; Organic oxides; Azacyclic compounds; Oxacyclic compounds; Hydrocarbon derivatives; Organopnictogen compounds; Organic oxygen compounds; Organic nitrogen compounds; Chemical entities	313.118	622	10.370	839079963143425943	839079643327729430	839079643327729429	1044	
2	C10H20N6O3	[M + K]+	C10H20KN6O3+	Amino acids and Peptides	0.851	Small peptides	0.870	Aminoacids	0.657	Organic acids and derivatives	0.682	Carboxylic acids and derivatives	0.674	Amino acids, peptides, and analogues	0.685	Amino acids and derivatives	0.680	Amino acids and derivatives	0.680	Organic compounds; Organoheterocyclic compounds; Amino acids, peptides, and analogues; Organic acids and derivatives; Carboxylic acids and derivatives; Organonitrogen compounds; Organooxygen compounds; Amino acids and derivatives; Diazines; Carbonyl compounds; Amines; Primary amines; Imidolactams; Organic oxides; Azacyclic compounds; Heteroaromatic compounds; Hydrocarbon derivatives; Organopnictogen compounds; Organic oxygen compounds; Organic nitrogen compounds; Chemical entities	311.122	622	10.370	839079906834892924	839079643713605442	839079643713605441	1055	
1	C9H20N2	[M + H3N + H]+	C9H24N3+	Alkaloids	0.944	Pseudoalkaloids (transamidation)	0.540	Acetate-derived alkaloids	0.777	Organic nitrogen compounds	1.000	Organonitrogen compounds	1.000	Amines	0.921	Tertiary amines	0.519	Trialkylamines	0.570	Organic compounds; Organonitrogen compounds; Dialkylamines; Trialkylamines; Amines; Secondary amines; Tertiary amines; Azacyclic compounds; Hydrocarbon derivatives; Organopnictogen compounds; Organic nitrogen compounds; Chemical entities	174.196	622	10.371	839079963202146221	839079643747159878	839079643747159877	1056	
2	C7H16N2	[M + H]+	C7H17N2+	Alkaloids	0.980	Ornithine alkaloids	0.956	Polyamines	0.973	Organic nitrogen compounds	1.000	Organonitrogen compounds	1.000	Amines	0.990	Tertiary amines	0.609	Trialkylamines	0.631	Organic compounds; Organoheterocyclic compounds; Organonitrogen compounds; Monoalkylamines; Trialkylamines; Amines; Primary amines; Tertiary amines; Azacyclic compounds; Hydrocarbon derivatives; Organopnictogen compounds; Organic nitrogen compounds; Chemical entities	129.139	623	10.376	839079903911462912	839079643570999090	839079643570999089	1051	
1	C10H20BrClN2O	[M + H3N + H]+	C10H24BrClN3O+	Fatty acids	0.474	Fatty Acids and Conjugates	0.118	Halogenated fatty acids	0.484	Organic acids and derivatives	0.943	Carboxylic acids and derivatives	0.907	Carboxylic acid derivatives	0.870	Carboxylic acid amides	0.863	Secondary carboxylic acid amides	0.741	Organic compounds; Organic acids and derivatives; Carboxylic acids and derivatives; Organohalogen compounds; Organonitrogen compounds; Organooxygen compounds; Carboxylic acid amides; Alkyl bromides; Alkyl chlorides; Carboxylic acid derivatives; Organobromides; Organochlorides; Secondary carboxylic acid amides; Carbonyl compounds; Alkyl halides; Organic oxides; Hydrocarbon derivatives; Organopnictogen compounds; Organic oxygen compounds; Organic nitrogen compounds; Chemical entities	316.078	623	10.388	839079905983449158	839079643847823186	839079643843628881	1059	
3	C22H28N4O12	[M + H]+	C22H29N4O12+	Carbohydrates	0.984	Nucleosides	0.962	Pyrimidine nucleosides	0.766	Organic oxygen compounds	1.000	Organooxygen compounds	0.998	Carbohydrates and carbohydrate conjugates	0.880	Glycosyl compounds	0.878	Glycosylamines	0.957	Organic compounds; Organoheterocyclic compounds; Carbohydrates and carbohydrate conjugates; Pyrimidines and pyrimidine derivatives; Alcohols and polyols; Lactams; Organic acids and derivatives; Carboxylic acids and derivatives; Organonitrogen compounds; Nucleosides, nucleotides, and analogues; Pyrimidones; Organooxygen compounds; Carboxylic acid derivatives; Diazines; Monosaccharides; Secondary alcohols; Glycosyl compounds; Hydropyrimidines; Glycosylamines; Substituted imidazoles; Vinylogous amides; Organic oxides; Azacyclic compounds; Oxacyclic compounds; Heteroaromatic compounds; Hydrocarbon derivatives; Organopnictogen compounds; Organic oxygen compounds; Organic nitrogen compounds; Chemical entities	541.179	624	10.402	839079906818115696	839079643877183318	839079643877183317	1060	
2	C18H10N4O3	[M + K]+	C18H10KN4O3+	Alkaloids	0.963	Anthranilic acid alkaloids	0.447	Pyrroloquinoline alkaloids	0.728	Organoheterocyclic compounds	0.972	Indoles and derivatives	0.550					Indoles and derivatives	0.550	Organic compounds; Organoheterocyclic compounds; Ketones; Indoles and derivatives; Organic acids and derivatives; Organonitrogen compounds; Organooxygen compounds; Carbonyl compounds; Benzenoids; Amines; Vinylogous amides; Organic oxides; Azacyclic compounds; Heteroaromatic compounds; Hydrocarbon derivatives; Organopnictogen compounds; Organic oxygen compounds; Organic nitrogen compounds; Chemical entities	369.038	625	10.409	839079911775783173	839079644015595366	839079644015595365	1064	
2	C12H15ClN4O4S	[M + Na]+	C12H15ClN4NaO4S+	Alkaloids	0.573	Guanidine alkaloids	0.734	Tricyclic guanidine alkaloids	0.334	Benzenoids	0.705	Benzene and substituted derivatives	0.603	Benzenesulfonamides	0.502			Benzenesulfonamides	0.502	Organic compounds; Organosulfur compounds; Benzenesulfonamides; Organic acids and derivatives; Organohalogen compounds; Organosulfonic acids and derivatives; Organonitrogen compounds; Organooxygen compounds; Guanidines; Aryl chlorides; Sulfonyls; Organochlorides; Benzene and substituted derivatives; Benzenoids; Organic oxides; Hydrocarbon derivatives; Benzenesulfonyl compounds; Organic sulfonic acids and derivatives; Organopnictogen compounds; Organic oxygen compounds; Organic nitrogen compounds; Chemical entities	369.038	625	10.410	839079965207023584	839079643461947174	839079643461947173	1048	
1	C28H16N4O8	[M + K]+	C28H16KN4O8+	Alkaloids	0.779	Tryptophan alkaloids	0.235	Pyrroloquinoline alkaloids	0.283	Benzenoids	0.983	Benzene and substituted derivatives	0.789	Benzoic acids and derivatives	0.636	Benzoic acids	0.587	Benzoic acids	0.587	Organic compounds; Organoheterocyclic compounds; Benzoic acids and derivatives; Organic acids and derivatives; Carboxylic acids and derivatives; Organonitrogen compounds; Benzoyl derivatives; Organooxygen compounds; Carboxylic acids; Carbonyl compounds; Benzene and substituted derivatives; Benzenoids; Benzoic acids; Organic oxides; Azacyclic compounds; Heteroaromatic compounds; Hydrocarbon derivatives; Organopnictogen compounds; Organic oxygen compounds; Organic nitrogen compounds; Chemical entities	575.058	625	10.415	839080046635242976	839079644195950458	839079644195950457	1069	
2	C7H5N5O2	[M + K]+	C7H5KN5O2+	Alkaloids	0.965	Pseudoalkaloids (transamidation)	0.942	Purine alkaloids	0.983	Organoheterocyclic compounds	0.999	Pteridines and derivatives	0.498	Pterins and derivatives	0.517			Pterins and derivatives	0.517	Organic compounds; Organoheterocyclic compounds; Pyrazines; Pyrimidines and pyrimidine derivatives; Pterins and derivatives; Organic acids and derivatives; Organonitrogen compounds; Pyrimidones; Organooxygen compounds; Diazines; Vinylogous amides; Organic oxides; Azacyclic compounds; Heteroaromatic compounds; Hydrocarbon derivatives; Organopnictogen compounds; Organic oxygen compounds; Organic nitrogen compounds; Chemical entities	230.007	625	10.418	839079952720580117	839079643944292190	839079643944292189	1062	
1	C8H17N3O8S2	[M + Na]+	C8H17N3NaO8S2+	Amino acids and Peptides	0.908	Small peptides	0.832	Aminoacids	0.358	Organic acids and derivatives	0.986	Carboxylic acids and derivatives	0.869	Amino acids, peptides, and analogues	0.851	Amino acids and derivatives	0.849	Alpha amino acids	0.872	Organic compounds; Organosulfur compounds; Amino acids, peptides, and analogues; Alpha amino acids and derivatives; Fatty acids and conjugates; Organic acids and derivatives; Carboxylic acids and derivatives; Organonitrogen compounds; Organooxygen compounds; Amino acids and derivatives; Monoalkylamines; Carboxylic acids; Carbonyl compounds; Alpha amino acids; Amines; Sulfenyl compounds; Organic oxides; Dialkyldisulfides; Hydrocarbon derivatives; Amino acids; Cysteine and derivatives; Organopnictogen compounds; Organic oxygen compounds; Organic nitrogen compounds; Chemical entities	370.037	626	10.427	839079973226533012	839079644124647282	839079644124647281	1067	
6	C19H22IN5O8	[M + H]+	C19H23IN5O8+	Amino acids and Peptides	0.293	Oligopeptides	0.482	Depsipeptides	0.081	Organic acids and derivatives	0.960	Carboxylic acids and derivatives	0.883	Amino acids, peptides, and analogues	0.625	Amino acids and derivatives	0.619	Alpha amino acids and derivatives	0.557	Organic compounds; Amino acids, peptides, and analogues; Halobenzenes; Alpha amino acids and derivatives; Alcohols and polyols; Benzoic acids and derivatives; Organic acids and derivatives; Carboxylic acids and derivatives; Organohalogen compounds; Organonitrogen compounds; Organooxygen compounds; Amino acids and derivatives; Carboxylic acid amides; Aryl iodides; Carboxylic acid derivatives; Iodobenzenes; Organoiodides; Carbonyl compounds; Benzene and substituted derivatives; Benzenoids; Amines; Aryl halides; Vinyl halides; Organic oxides; Hydrocarbon derivatives; Organopnictogen compounds; Organic oxygen compounds; Organic nitrogen compounds; Chemical entities	576.057	626	10.436	839080051135731285	839079644300808070	839079644300808069	1072	
2	C16H19ClN4O2S2	[M + K]+	C16H19ClKN4O2S2+	Amino acids and Peptides	0.739	Oligopeptides	0.867	Cyclamides	0.151	Organohalogen compounds	0.999	Aryl halides	0.982	Aryl chlorides	0.985			Aryl chlorides	0.985	Organic compounds; Organoheterocyclic compounds; Organosulfur compounds; Thiazoles; Organic acids and derivatives; Organohalogen compounds; Organonitrogen compounds; Organooxygen compounds; Azoles; Aryl chlorides; Organochlorides; Aryl halides; Organic oxides; Azacyclic compounds; Heteroaromatic compounds; Hydrocarbon derivatives; Organopnictogen compounds; Organic oxygen compounds; Organic nitrogen compounds; Chemical entities	437.025	626	10.437	839080070895097545	839079644263059330	839079644263059329	1071	
1	C18H14N4O6S3	[M + K]+	C18H14KN4O6S3+	Amino acids and Peptides	0.980	β-lactams	0.757	Cephalosporins	0.812	Organic acids and derivatives	0.975	Carboxylic acids and derivatives	0.919	Amino acids, peptides, and analogues	0.881	Amino acids and derivatives	0.878	Alpha amino acids and derivatives	0.876	Organic compounds; Organoheterocyclic compounds; Organosulfur compounds; Amino acids, peptides, and analogues; Alpha amino acids and derivatives; Thiazines; Azetidines; Lactams; Beta lactams; Cephems; Cephalosporins; Organic acids and derivatives; Carboxylic acids and derivatives; Organonitrogen compounds; Organooxygen compounds; Amino acids and derivatives; Azoles; Carboxylic acid amides; Carboxylic acid derivatives; Thioethers; Carboxylic acids; 1,3-thiazines; Tertiary carboxylic acid amides; Thiohemiaminal derivatives; Carbonyl compounds; Benzenoids; Amines; Organic oxides; Azacyclic compounds; Heteroaromatic compounds; Hydrocarbon derivatives; Organopnictogen compounds; Organic oxygen compounds; Organic nitrogen compounds; Chemical entities	516.969	627	10.443	839079975365628148	839079644372111246	839079644372111245	1074	
1	C7H4ClF3N2O3S	[M + Na]+	C7H4ClF3N2NaO3S+	Alkaloids	0.218	β-lactams	0.078	Pyridine alkaloids	0.028	Organohalogen compounds	1.000	Aryl halides	0.793	Aryl chlorides	0.932			Aryl chlorides	0.932	Organic compounds; Organoheterocyclic compounds; Organosulfur compounds; Organic acids and derivatives; Carboxylic acids and derivatives; Organohalogen compounds; Organonitrogen compounds; Organooxygen compounds; Azoles; Alkyl fluorides; Aryl chlorides; Organochlorides; Organofluorides; Aryl halides; Alkyl halides; Organic oxides; Azacyclic compounds; Heteroaromatic compounds; Hydrocarbon derivatives; Organopnictogen compounds; Organic oxygen compounds; Organic nitrogen compounds; Chemical entities	310.948	627	10.458	839079933837822916	839079644544077730	839079644544077729	1079	
1	C11H18N3O2	[M + K]+	C11H18KN3O2+	Alkaloids	0.790	Small peptides	0.175	Aminoacids	0.060	Organoheterocyclic compounds	0.889	Azacyclic compounds	0.881					Azacyclic compounds	0.881	Organic compounds; Organoheterocyclic compounds; Organonitrogen compounds; Organooxygen compounds; Amines; Organic oxides; Azacyclic compounds; Hydrocarbon derivatives; Organopnictogen compounds; Organic oxygen compounds; Organic nitrogen compounds; Chemical entities	263.104	628	10.465	839079951743307270	839079644615380906	839079644615380905	1081	
1	C11H5ClN2O2S2	[M + K]+	C11H5ClKN2O2S2+	Alkaloids	0.187	Fatty acyls	0.063	Oxygenated hydrocarbons	0.034	Organoheterocyclic compounds	0.999	Thiophenes	0.972	2,5-disubstituted thiophenes	0.803			2,5-disubstituted thiophenes	0.803	Organic compounds; Organoheterocyclic compounds; Organosulfur compounds; Thiophenes; Organic acids and derivatives; Organohalogen compounds; Organosulfonic acids and derivatives; Organonitrogen compounds; Azoles; Aryl chlorides; Sulfonyls; Organochlorides; Aryl halides; 2,5-disubstituted thiophenes; Organic oxides; Azacyclic compounds; Heteroaromatic compounds; Hydrocarbon derivatives; Organic sulfonic acids and derivatives; Organopnictogen compounds; Organic oxygen compounds; Organic nitrogen compounds; Chemical entities	334.912	628	10.466	839079935477795906	839079644648935342	839079644648935341	1082	
6	C5H8BrNO4S2	[M + Na]+	C5H8BrNNaO4S2+	Amino acids and Peptides	0.769	Fatty Acids and Conjugates	0.282	Halogenated fatty acids	0.367	Organic acids and derivatives	0.998	Organic sulfonic acids and derivatives	0.696	Organosulfonic acids and derivatives	0.697	Organosulfonamides	0.553	Organosulfonamides	0.553	Organic compounds; Organosulfur compounds; Organic acids and derivatives; Carboxylic acids and derivatives; Organohalogen compounds; Organosulfonic acids and derivatives; Organonitrogen compounds; Organooxygen compounds; Monocarboxylic acids and derivatives; Sulfonyls; Carboxylic acids; Organobromides; Organosulfonamides; Carbonyl compounds; Aminosulfonyl compounds; Organic oxides; Hydrocarbon derivatives; Organic sulfonic acids and derivatives; Organopnictogen compounds; Organic oxygen compounds; Organic nitrogen compounds; Chemical entities	311.896	628	10.468	839079917719112080	839079644716044214	839079644716044213	1084	
1	C14H15Cl2N3O3	[M + Na]+	C14H15Cl2N3NaO3+	Alkaloids	0.676	Tryptophan alkaloids	0.204	Carboline alkaloids	0.347	Organic acids and derivatives	0.498	Carboxylic acids and derivatives	0.469	Amino acids, peptides, and analogues	0.505	Amino acids and derivatives	0.504	Amino acids and derivatives	0.504	Organic compounds; Organoheterocyclic compounds; Amino acids, peptides, and analogues; Halobenzenes; Alcohols and polyols; Ethers; Organohalogen compounds; Organonitrogen compounds; Primary alcohols; Organooxygen compounds; Amino acids and derivatives; Aryl chlorides; Chlorobenzenes; Organochlorides; Benzene and substituted derivatives; Benzenoids; Amines; Dichlorobenzenes; Aryl halides; Organic oxides; Azacyclic compounds; Heteroaromatic compounds; Hydrocarbon derivatives; Organopnictogen compounds; Organic oxygen compounds; Organic nitrogen compounds; Chemical entities	366.040	629	10.484	839079926350990036	839079644749598650	839079644749598649	1085	
2	C9H15N3O3S	[M + H3N + H]+	C9H19N4O3S+	Alkaloids	0.813	Histidine alkaloids	0.283	Imidazole alkaloids	0.284	Organic acids and derivatives	0.630	Carboxylic acids and derivatives	0.450	Carboxylic acids	0.507			Carboxylic acids	0.507	Organic compounds; Organoheterocyclic compounds; Organosulfur compounds; Organic acids and derivatives; Organonitrogen compounds; Organooxygen compounds; Carboxylic acids; Carbonyl compounds; Dialkylthioethers; Organic oxides; Azacyclic compounds; Hydrocarbon derivatives; Organopnictogen compounds; Organic oxygen compounds; Organic nitrogen compounds; Chemical entities	263.116	633	10.550	839079908097378473	839079645118697446	839079645118697445	1096	
2	C13H15ClN4O4	[M + K]+	C13H15ClKN4O4+	Alkaloids	0.381	Small peptides	0.243	Pyrrole alkaloids	0.067	Benzenoids	0.918	Benzene and substituted derivatives	0.849	Benzoic acids and derivatives	0.592			Benzoic acids and derivatives	0.592	Organic compounds; Organoheterocyclic compounds; Nitrobenzenes; Benzoic acids and derivatives; Organic acids and derivatives; Carboxylic acids and derivatives; Organohalogen compounds; Organonitrogen compounds; Benzoyl derivatives; Organooxygen compounds; Organic nitro compounds; Organic oxoazanium compounds; Organochlorides; Benzene and substituted derivatives; Benzenoids; Amines; Organic zwitterions; Organic 1,3-dipolar compounds; Allyl-type 1,3-dipolar organic compounds; Propargyl-type 1,3-dipolar organic compounds; Organic oxides; C-nitro compounds; Azacyclic compounds; Heteroaromatic compounds; Hydrocarbon derivatives; Organopnictogen compounds; Organic oxygen compounds; Nitroaromatic compounds; Organic nitrogen compounds; Chemical entities	365.042	633	10.550	839080003060618220	839079645148057578	839079645148057577	1097	
2	C3H5NO6S3	[M + K]+	C3H5KNO6S3+	Amino acids and Peptides	0.722	Fatty Acids and Conjugates	0.412	Aminoacids	0.275	Organic acids and derivatives	0.996	Organic sulfonic acids and derivatives	0.575	Organosulfonic acids and derivatives	0.568			Organosulfonic acids and derivatives	0.568	Organic compounds; Organosulfur compounds; Organic acids and derivatives; Carboxylic acids and derivatives; Organosulfonic acids and derivatives; Organooxygen compounds; Monocarboxylic acids and derivatives; Sulfonyls; Carboxylic acids; Carbonyl compounds; Organic oxides; Hydrocarbon derivatives; Organic sulfonic acids and derivatives; Organic oxygen compounds; Organic nitrogen compounds; Chemical entities	285.894	634	10.565	839079977689272672	839079644850261958	839079644850261957	1088	
1	C24H30N4O8S	[M + H3N + H]+	C24H34N5O8S+	Amino acids and Peptides	0.814	Oligopeptides	0.892	Cyclamides	0.199	Organic acids and derivatives	0.998	Carboxylic acids and derivatives	0.989	Amino acids, peptides, and analogues	0.805	Amino acids and derivatives	0.795	N-acyl-alpha amino acids and derivatives	0.609	Organic compounds; Organoheterocyclic compounds; Organosulfur compounds; Amino acids, peptides, and analogues; Alpha amino acids and derivatives; Alcohols and polyols; Organic acids and derivatives; Carboxylic acids and derivatives; Organonitrogen compounds; Organooxygen compounds; Amino acids and derivatives; Carboxylic acid amides; Carboxylic acid derivatives; Monocarboxylic acids and derivatives; N-acyl-alpha amino acids and derivatives; Carboxylic acids; Secondary alcohols; Secondary carboxylic acid amides; Carbonyl compounds; Benzene and substituted derivatives; Benzenoids; Organic oxides; Azacyclic compounds; Oxacyclic compounds; Heteroaromatic compounds; Hydrocarbon derivatives; Organopnictogen compounds; Organic oxygen compounds; Organic nitrogen compounds; Chemical entities	552.210	634	10.572	839080041321059777	839079644917370830	839079644917370829	1090	
1	CHN2O3P	[M + Na]+	CHN2NaO3P+	Alkaloids	0.962	Pseudoalkaloids (transamidation)	0.674	Purine alkaloids	0.726	Organoheterocyclic compounds	0.900	Heteroaromatic compounds	0.772					Heteroaromatic compounds	0.772	Organic compounds; Organoheterocyclic compounds; Organic acids and derivatives; Organonitrogen compounds; Organooxygen compounds; Organic oxides; Azacyclic compounds; Heteroaromatic compounds; Hydrocarbon derivatives; Organopnictogen compounds; Organic oxygen compounds; Organic nitrogen compounds; Chemical entities	142.962	634	10.574	839079958059929316	839079644955119570	839079644950925265	1091	
2	C19H15Cl4N3O4	[M + Na]+	C19H15Cl4N3NaO4+	Alkaloids	0.522	Proline alkaloids	0.151	Pyrrole alkaloids	0.153	Benzenoids	0.979	Benzene and substituted derivatives	0.923	Halobenzenes	0.778	Chlorobenzenes	0.716	Dichlorobenzenes	0.643	Organic compounds; Organoheterocyclic compounds; Halobenzenes; Alkyl aryl ethers; Ethers; Organic acids and derivatives; Organohalogen compounds; Organonitrogen compounds; Organooxygen compounds; Azoles; Aryl chlorides; Chlorobenzenes; Organochlorides; Benzene and substituted derivatives; Phenol ethers; Benzenoids; Amines; Dichlorobenzenes; Aryl halides; Organic oxides; Azacyclic compounds; Heteroaromatic compounds; Hydrocarbon derivatives; Organopnictogen compounds; Organic oxygen compounds; Organic nitrogen compounds; Phenoxy compounds; Chemical entities	511.971	636	10.592	839080050556917314	839079644787347390	839079644787347389	1086	
1	C20H11Cl2N3O2S3	[M + H3N + H]+	C20H15Cl2N4O2S3+	Alkaloids	0.451	Tryptophan alkaloids	0.132	Carboline alkaloids	0.095	Benzenoids	0.993	Benzene and substituted derivatives	0.849	Halobenzenes	0.868	Chlorobenzenes	0.879	Dichlorobenzenes	0.867	Organic compounds; Organoheterocyclic compounds; Organosulfur compounds; Halobenzenes; Organic acids and derivatives; Carboxylic acids and derivatives; Organohalogen compounds; Organonitrogen compounds; Organooxygen compounds; Aryl chlorides; Chlorobenzenes; Organochlorides; Carbonyl compounds; Benzene and substituted derivatives; Benzenoids; Dichlorobenzenes; Aryl halides; Organic oxides; Azacyclic compounds; Heteroaromatic compounds; Hydrocarbon derivatives; Organopnictogen compounds; Organic oxygen compounds; Organic nitrogen compounds; Chemical entities	508.972	636	10.606	839080032773068167	839079645022228442	839079645022228441	1093	
1	C6H4BrClFNO2S	[M + H]+	C6H5BrClFNO2S+	Fatty acids	0.471	Fatty Acids and Conjugates	0.125	Halogenated fatty acids	0.235	Organohalogen compounds	1.000	Aryl halides	0.997	Aryl bromides	0.802			Aryl bromides	0.802	Organic compounds; Organoheterocyclic compounds; Organic acids and derivatives; Carboxylic acids and derivatives; Organohalogen compounds; Organonitrogen compounds; Organooxygen compounds; Aryl bromides; Aryl chlorides; Aryl fluorides; Monocarboxylic acids and derivatives; Organobromides; Organochlorides; Organofluorides; Aryl halides; Vinyl halides; Vinylogous halides; Organic oxides; Azacyclic compounds; Heteroaromatic compounds; Hydrocarbon derivatives; Organic oxygen compounds; Organic nitrogen compounds; Chemical entities	287.889	637	10.621	839079939483356331	839079645320024062	839079645320024061	1102	
1	C23H37NO18	[M + H3N + H]+	C23H41N2O18+	Carbohydrates	1.000	Aminosugars and aminoglycosides	0.955	Aminosugars	0.952	Organic oxygen compounds	1.000	Organooxygen compounds	1.000	Carbohydrates and carbohydrate conjugates	0.999	Sugar acids and derivatives	0.973	N-acylneuraminic acids	0.963	Organic compounds; Organoheterocyclic compounds; Carbohydrates and carbohydrate conjugates; Pyrans; Alcohols and polyols; Acylaminosugars; Oligosaccharides; Sugar acids and derivatives; Ethers; Organic acids and derivatives; Carboxylic acids and derivatives; Organonitrogen compounds; Primary alcohols; Organooxygen compounds; Glucuronides; Carboxylic acid amides; Hemiacetals; Carboxylic acid derivatives; Monocarboxylic acids and derivatives; Amino sugars; Carboxylic acids; Neuraminic acids and derivatives; Sugar amino acids and derivatives; Acetals; Secondary alcohols; Secondary carboxylic acid amides; Pyranoid amino acids and derivatives; Carbonyl compounds; Oxanes; Glucuronic acid derivatives; Glycosyl compounds; C-glycosyl compounds; O-glycosyl compounds; N-acyl-alpha-hexosamines; Polyols; C-glucuronides; N-acylneuraminic acids; N-acylneuraminic acids and derivatives; Neuraminic acids; Aminosaccharides; Acetamides; Organic oxides; Oxacyclic compounds; Hydrocarbon derivatives; Ketals; Organopnictogen compounds; Organic oxygen compounds; Organic nitrogen compounds; Chemical entities	633.236	644	10.736	839080090239227630	839079645357772802	839079645357772801	1103	
1	C8H15N	[M + H3N + H]+	C8H19N2+	Alkaloids	0.791	Lysine alkaloids	0.579	Acetate-derived alkaloids	0.509	Organoheterocyclic compounds	0.623	Piperidines	0.627					Piperidines	0.627	Organic compounds; Organoheterocyclic compounds; Piperidines; Organonitrogen compounds; Trialkylamines; Amines; Tertiary amines; Azacyclic compounds; Hydrocarbon derivatives; Organopnictogen compounds; Organic nitrogen compounds; Chemical entities	143.154	644	10.738	839079923977013907	839079645391327238	839079645391327237	1104	
1	C8H18N2	[M + H3N + H]+	C8H22N3+	Alkaloids	0.993	Ornithine alkaloids	0.986	Polyamines	0.995	Organic nitrogen compounds	1.000	Organonitrogen compounds	1.000	Amines	0.958	Secondary amines	0.544	Dialkylamines	0.537	Organic compounds; Organonitrogen compounds; Monoalkylamines; Dialkylamines; Amines; Primary amines; Secondary amines; Azacyclic compounds; Hydrocarbon derivatives; Organopnictogen compounds; Organic nitrogen compounds; Chemical entities	160.181	645	10.749	839079915806509414	839079645433270282	839079645433270281	1105	
2	C13H6N2	[M + H3N + H]+	C13H10N3+	Alkaloids	1.000	Tryptophan alkaloids	0.988	Carboline alkaloids	0.965	Organoheterocyclic compounds	0.998	Indoles and derivatives	0.639	Indoles	0.588			Indoles	0.588	Organic compounds; Organoheterocyclic compounds; Pyridines and derivatives; Pyrroles; Indoles and derivatives; Organonitrogen compounds; Benzenoids; Indoles; Azacyclic compounds; Heteroaromatic compounds; Hydrocarbon derivatives; Organopnictogen compounds; Organic nitrogen compounds; Chemical entities	208.087	662	11.039	839079923616303706	839079645504573458	839079645504573457	1108	
1	C3H4O4S	[M + Na]+	C3H4NaO4S+	Fatty acids	0.933	Fatty Acids and Conjugates	0.767	Dicarboxylic acids	0.196	Organic acids and derivatives	0.913	Carboxylic acids and derivatives	0.883	Carboxylic acids	0.559			Carboxylic acids	0.559	Organic compounds; Organoheterocyclic compounds; Organosulfur compounds; Organic acids and derivatives; Carboxylic acids and derivatives; Organooxygen compounds; Carboxylic acids; Carbonyl compounds; Organic oxides; Hydrocarbon derivatives; Organic oxygen compounds; Chemical entities	158.973	663	11.044	839080044231906767	839079645592653850	839079645592653849	1110	
1	C3H2O3S	[M + Na]+	C3H2NaO3S+	Shikimates and Phenylpropanoids	0.345	Tropolones	0.896	Tropolones and derivatives (Shikimate)	0.574	Organoheterocyclic compounds	0.931	Heteroaromatic compounds	0.525					Heteroaromatic compounds	0.525	Organic compounds; Organoheterocyclic compounds; Organic acids and derivatives; Organooxygen compounds; Organic oxides; Oxacyclic compounds; Heteroaromatic compounds; Hydrocarbon derivatives; Organic oxygen compounds; Chemical entities	140.962	663	11.046	839079934550854677	839079645626208286	839079645626208285	1111	
4	C4H2Cl2N2O	[M + H3N + H]+	C4H6Cl2N3O+	Alkaloids	0.785	Nicotinic acid alkaloids	0.325	Halogenated fatty acids	0.428	Organoheterocyclic compounds	0.837	Heteroaromatic compounds	0.695					Heteroaromatic compounds	0.695	Organic compounds; Organoheterocyclic compounds; Organohalogen compounds; Organonitrogen compounds; Organooxygen compounds; Organochlorides; Organic oxides; Azacyclic compounds; Heteroaromatic compounds; Hydrocarbon derivatives; Organopnictogen compounds; Organic oxygen compounds; Organic nitrogen compounds; Chemical entities	181.988	663	11.048	839079992579052390	839079645693317158	839079645693317157	1113	
1	C14H8N2	[M + H3N + H]+	C14H12N3+	Alkaloids	0.999	Tryptophan alkaloids	0.974	Carboline alkaloids	0.951	Organoheterocyclic compounds	0.998	Indoles and derivatives	0.520	Indoles	0.522			Indoles	0.522	Organic compounds; Organoheterocyclic compounds; Pyridines and derivatives; Pyrroles; Indoles and derivatives; Organonitrogen compounds; Benzenoids; Indoles; Azacyclic compounds; Heteroaromatic compounds; Hydrocarbon derivatives; Organopnictogen compounds; Organic nitrogen compounds; Chemical entities	222.103	663	11.050	839079978389721455	839079645663957026	839079645659762721	1112	
1	C10H16ClN	[M + Na]+	C10H16ClNNa+	Alkaloids	0.278	Pseudoalkaloids (transamidation)	0.138	Phenylalanine-derived alkaloids	0.126	Benzenoids	0.964	Benzene and substituted derivatives	0.913	Halobenzenes	0.830	Chlorobenzenes	0.809	Chlorobenzenes	0.809	Organic compounds; Halobenzenes; Organohalogen compounds; Organonitrogen compounds; Aryl chlorides; Chlorobenzenes; Organochlorides; Benzene and substituted derivatives; Benzenoids; Aryl halides; Hydrocarbon derivatives; Organic nitrogen compounds; Chemical entities	208.087	663	11.053	839079923469503038	839079645726871594	839079645726871593	1114	
4	C4H12N2OS2	[M + H]+	C4H13N2OS2+	Fatty acids	0.780	Fatty acyls	0.409	Fatty alcohols	0.240	Organosulfur compounds	0.939	Sulfenyl compounds	0.692					Sulfenyl compounds	0.692	Organic compounds; Organosulfur compounds; Organonitrogen compounds; Sulfenyl compounds; Organic oxides; Hydrocarbon derivatives; Organopnictogen compounds; Organic oxygen compounds; Organic nitrogen compounds; Chemical entities	169.046	675	11.252	839079925377911491	839079646532178050	839079646527983745	1136	
1	C7H12FN3O6S2	[M + K]+	C7H12FKN3O6S2+	Amino acids and Peptides	0.607	Small peptides	0.450	Aminoacids	0.218	Organic acids and derivatives	0.947	Organic sulfonic acids and derivatives	0.597	Organosulfonic acids and derivatives	0.591			Organosulfonic acids and derivatives	0.591	Organic compounds; Organosulfur compounds; Organic acids and derivatives; Organohalogen compounds; Organosulfonic acids and derivatives; Organonitrogen compounds; Organooxygen compounds; Alkyl fluorides; Sulfonyls; Carboxylic acids; Organofluorides; Carbonyl compounds; Alkyl halides; Organic oxides; Hydrocarbon derivatives; Organic sulfonic acids and derivatives; Organopnictogen compounds; Organic oxygen compounds; Organic nitrogen compounds; Chemical entities	355.980	675	11.254	839079968830902359	839079645798174770	839079645798174769	1116	
1	C7H16N2	[M + H3N + H]+	C7H20N3+	Alkaloids	0.999	Ornithine alkaloids	1.000	Polyamines	1.000	Organic nitrogen compounds	1.000	Organonitrogen compounds	1.000	Amines	0.997	Secondary amines	0.823	Dialkylamines	0.822	Organic compounds; Organonitrogen compounds; Monoalkylamines; Dialkylamines; Amines; Primary amines; Secondary amines; Hydrocarbon derivatives; Organopnictogen compounds; Organic nitrogen compounds; Chemical entities	146.165	675	11.255	839079968902205542	839079646469263482	839079646469263481	1134	
2	C7H16N2	[M + H]+	C7H17N2+	Alkaloids	0.992	Ornithine alkaloids	0.978	Polyamines	0.987	Organic nitrogen compounds	1.000	Organonitrogen compounds	1.000	Amines	0.995	Tertiary amines	0.681	Trialkylamines	0.683	Organic compounds; Organoheterocyclic compounds; Organonitrogen compounds; Monoalkylamines; Trialkylamines; Amines; Primary amines; Tertiary amines; Azacyclic compounds; Hydrocarbon derivatives; Organopnictogen compounds; Organic nitrogen compounds; Chemical entities	129.139	675	11.255	839079956243795617	839079646498623614	839079646498623613	1135	
1	C8H16N2O	[M + H3N + H]+	C8H20N3O+	Amino acids and Peptides	0.568	Small peptides	0.585	Dipeptides	0.362	Organic acids and derivatives	0.890	Carboxylic acids and derivatives	0.884	Amino acids, peptides, and analogues	0.736	Amino acids and derivatives	0.732	Alpha amino acids and derivatives	0.672	Organic compounds; Organoheterocyclic compounds; Amino acids, peptides, and analogues; Alpha amino acids and derivatives; Organic acids and derivatives; Carboxylic acids and derivatives; Organonitrogen compounds; Organooxygen compounds; Amino acids and derivatives; Carboxylic acid amides; Carboxylic acid derivatives; Carbonyl compounds; Organic oxides; Azacyclic compounds; Hydrocarbon derivatives; Organopnictogen compounds; Organic oxygen compounds; Organic nitrogen compounds; Chemical entities	174.160	676	11.260	839079957275594463	839079645903032382	839079645903032381	1119	
1	C10H9N3O3S3	[M + Na]+	C10H9N3NaO3S3+	Amino acids and Peptides	0.828	Oligopeptides	0.093	Cyclamides	0.040	Organoheterocyclic compounds	0.987	Azoles	0.628	Thiazoles	0.568			Thiazoles	0.568	Organic compounds; Organoheterocyclic compounds; Organosulfur compounds; Thiazoles; Organic acids and derivatives; Carboxylic acids and derivatives; Organonitrogen compounds; Organooxygen compounds; Azoles; Carboxylic acid derivatives; Carbonyl compounds; Organic oxides; Azacyclic compounds; Heteroaromatic compounds; Hydrocarbon derivatives; Organopnictogen compounds; Organic oxygen compounds; Organic nitrogen compounds; Chemical entities	337.969	676	11.263	839079949763595724	839079645764620334	839079645764620333	1115	
1	C8H15N	[M + H3N + H]+	C8H19N2+	Alkaloids	0.807	Lysine alkaloids	0.571	Acetate-derived alkaloids	0.540	Organoheterocyclic compounds	0.643	Piperidines	0.609					Piperidines	0.609	Organic compounds; Organoheterocyclic compounds; Piperidines; Organonitrogen compounds; Trialkylamines; Amines; Tertiary amines; Azacyclic compounds; Hydrocarbon derivatives; Organopnictogen compounds; Organic nitrogen compounds; Chemical entities	143.154	676	11.264	839079934609574948	839079646083387474	839079646083387473	1124	
3	C9H14	[M + H3N + H]+	C9H18N+	Fatty acids	0.848	Fatty acyls	0.886	Hydrocarbons	0.381	Hydrocarbons	0.993	Unsaturated hydrocarbons	0.949	Olefins	0.532			Olefins	0.532	Organic compounds; Hydrocarbons; Olefins; Unsaturated hydrocarbons; Unsaturated aliphatic hydrocarbons; Chemical entities	140.143	676	11.265	839079968977703034	839079646225993826	839079646225993825	1128	
1	C8H18N2	[M + H3N + H]+	C8H22N3+	Alkaloids	0.995	Ornithine alkaloids	0.994	Polyamines	0.998	Organic nitrogen compounds	1.000	Organonitrogen compounds	1.000	Amines	0.968	Secondary amines	0.525	Dialkylamines	0.518	Organic compounds; Organonitrogen compounds; Monoalkylamines; Dialkylamines; Amines; Primary amines; Secondary amines; Azacyclic compounds; Hydrocarbon derivatives; Organopnictogen compounds; Organic nitrogen compounds; Chemical entities	160.181	676	11.266	839079949830704605	839079646012084298	839079646012084297	1122	
1	C11H23N3O	[M + H3N + H]+	C11H27N4O+	Alkaloids	0.564	Small peptides	0.389	Dipeptides	0.165	Organic acids and derivatives	0.943	Carboxylic acids and derivatives	0.918	Amino acids, peptides, and analogues	0.823	Amino acids and derivatives	0.820	Alpha amino acid amides	0.618	Organic compounds; Amino acids, peptides, and analogues; Alpha amino acids and derivatives; Organic acids and derivatives; Carboxylic acids and derivatives; Organonitrogen compounds; Organooxygen compounds; Amino acids and derivatives; Carboxylic acid amides; Carboxylic acid derivatives; Carbonyl compounds; Alpha amino acid amides; Amines; Organic oxides; Hydrocarbon derivatives; Organopnictogen compounds; Organic oxygen compounds; Organic nitrogen compounds; Chemical entities	231.218	676	11.268	839079924228672151	839079646192439390	839079646188245085	1127	
1	C9H17N	[M + H3N + H]+	C9H21N2+	Alkaloids	0.852	Lysine alkaloids	0.658	Acetate-derived alkaloids	0.648	Organoheterocyclic compounds	0.770	Piperidines	0.764					Piperidines	0.764	Organic compounds; Organoheterocyclic compounds; Piperidines; Organonitrogen compounds; Trialkylamines; Amines; Tertiary amines; Azacyclic compounds; Hydrocarbon derivatives; Organopnictogen compounds; Organic nitrogen compounds; Chemical entities	157.170	676	11.271	839079923595332178	839079646049833038	839079646049833037	1123	
1	C4H4N2O2S	[M + K]+	C4H4KN2O2S+	Fatty acids	0.751	Fatty acyls	0.531	Oxygenated hydrocarbons	0.234	Organic nitrogen compounds	0.854	Organonitrogen compounds	0.692					Organonitrogen compounds	0.692	Organic compounds; Organonitrogen compounds; Organooxygen compounds; Organic oxides; Hydrocarbon derivatives; Organic oxygen compounds; Organic nitrogen compounds; Chemical entities	182.962	676	11.273	839079928179706628	839079645940781122	839079645940781121	1120	
1	C9H20N2	[M + H3N + H]+	C9H24N3+	Alkaloids	0.966	Pseudoalkaloids (transamidation)	0.442	Acetate-derived alkaloids	0.721	Organic nitrogen compounds	1.000	Organonitrogen compounds	1.000	Amines	0.900	Tertiary amines	0.456	Trialkylamines	0.506	Organic compounds; Organonitrogen compounds; Dialkylamines; Trialkylamines; Amines; Secondary amines; Azacyclic compounds; Hydrocarbon derivatives; Organopnictogen compounds; Organic nitrogen compounds; Chemical entities	174.196	677	11.277	839079934680878119	839079646435709046	839079646435709045	1133	
1	C9H5N3O2S	[M + Na]+	C9H5N3NaO2S+	Alkaloids	0.730	Nicotinic acid alkaloids	0.050	Pyridine alkaloids	0.050	Organoheterocyclic compounds	0.993	Azoles	0.775	Thiazoles	0.747			Thiazoles	0.747	Organic compounds; Organoheterocyclic compounds; Thiazoles; Organic acids and derivatives; Organonitrogen compounds; Organooxygen compounds; Azoles; Organic oxides; Azacyclic compounds; Heteroaromatic compounds; Hydrocarbon derivatives; Organopnictogen compounds; Organic oxygen compounds; Organic nitrogen compounds; Chemical entities	242.000	677	11.278	839079933963652076	839079646309879914	839079646309879913	1130	
3	C4H8N2O4S	[M + K]+	C4H8KN2O4S+	Amino acids and Peptides	0.613	Small peptides	0.318	Aminoacids	0.200	Organic acids and derivatives	0.789	Organic sulfuric acids and derivatives	0.575					Organic sulfuric acids and derivatives	0.575	Organic compounds; Organic acids and derivatives; Organonitrogen compounds; Organic sulfuric acids and derivatives; Organic oxides; Hydrocarbon derivatives; Organopnictogen compounds; Organic oxygen compounds; Organic nitrogen compounds; Chemical entities	218.984	677	11.280	839079945850309989	839079646397960306	839079646393766001	1132	
2	C8H17O	[M + H3N + H]+	C8H21NO+	Terpenoids	0.813	Monoterpenoids	0.826	Acyclic monoterpenoids	0.366	Lipids and lipid-like molecules	0.526							Lipids and lipid-like molecules	0.526	Organic compounds; Lipids and lipid-like molecules; Alcohols and polyols; Organooxygen compounds; Hydrocarbon derivatives; Organic oxygen compounds; Chemical entities	147.163	677	11.287	839079931430292370	839079646632841354	839079646632841353	1138	
1	C6H16BN2O	[M + H3N + H]+	C6H20BN3O+	Amino acids and Peptides	0.371	Small peptides	0.504	Aminoacids	0.326	Organic salts	0.990	Organic metal salts	0.964	Organic metalloid salts	0.964			Organic metalloid salts	0.964	Organic compounds; Organic acids and derivatives; Organonitrogen compounds; Organometallic compounds; Organometalloid compounds; Organoboron compounds; Organic salts; Organic metalloid salts; Organic metal salts; Hydrocarbon derivatives; Alkylboranes; Organic oxygen compounds; Organic nitrogen compounds; Chemical entities	160.173	678	11.299	839079931593870228	839079646599286918	839079646599286917	1137	
1	C10H16ClN	[M + Na]+	C10H16ClNNa+	Alkaloids	0.275	Pseudoalkaloids (transamidation)	0.136	Phenylalanine-derived alkaloids	0.132	Benzenoids	0.959	Benzene and substituted derivatives	0.903	Halobenzenes	0.818	Chlorobenzenes	0.796	Chlorobenzenes	0.796	Organic compounds; Halobenzenes; Organohalogen compounds; Organonitrogen compounds; Aryl chlorides; Chlorobenzenes; Organochlorides; Benzene and substituted derivatives; Benzenoids; Aryl halides; Hydrocarbon derivatives; Organic nitrogen compounds; Chemical entities	208.087	695	11.585	839079958890401522	839079646704144534	839079646704144533	1141	
1	C12H23N3O3	[M + H3N + H]+	C12H27N4O3+	Amino acids and Peptides	0.899	Small peptides	0.961	Dipeptides	0.774	Organic acids and derivatives	0.997	Carboxylic acids and derivatives	0.992	Amino acids, peptides, and analogues	0.888	Amino acids and derivatives	0.881	Alpha amino acid amides	0.603	Organic compounds; Lipids and lipid-like molecules; Amino acids, peptides, and analogues; Alpha amino acids and derivatives; Organic acids and derivatives; Carboxylic acids and derivatives; Organonitrogen compounds; Organooxygen compounds; Amino acids and derivatives; Carboxylic acid amides; Carboxylic acid derivatives; Monocarboxylic acids and derivatives; Carboxylic acids; Secondary carboxylic acid amides; Carbonyl compounds; Alpha amino acid amides; Amines; Fatty Acyls; Organic oxides; Hydrocarbon derivatives; Organopnictogen compounds; Organic oxygen compounds; Organic nitrogen compounds; Chemical entities	275.208	700	11.662	839079932034272170	839079646704144538	839079646704144537	1142	
