formulaRank	molecularFormula	adduct	precursorFormula	ZodiacScore	SiriusScoreNormalized	SiriusScore	TreeScore	IsotopeScore	numExplainedPeaks	explainedIntensity	medianMassErrorFragmentPeaks(ppm)	medianAbsoluteMassErrorFragmentPeaks(ppm)	massErrorPrecursor(ppm)	lipidClass	ionMass	retentionTimeInSeconds	retentionTimeInMinutes	formulaId	alignedFeatureId	compoundId	mappingFeatureId	overallFeatureQuality
1	C68H131NO2	[M + H3N + H]+	C68H135N2O2+	0.748	0.333	33.580	33.580	0.000	11	0.627	0.652	0.760	-1.772		1012.050	27	0.450	839079740622999952	839079602856885986	839079602852691681	7	
1	C52H95N3O4	[M + K]+	C52H95KN3O4+	0.272	0.306	66.294	62.753	3.541	33	0.731	0.679	0.682	1.877		864.697	28	0.464	839079746797015964	839079602064162506	839079602043190985	1	
1	C50H99NO9	[M + Na]+	C50H99NNaO9+	1.000	1.000	142.572	137.605	4.967	48	0.924	-0.021	0.445	-2.912		880.719	28	0.465	839079756183869416	839079602361958094	839079602353569485	2	
1	C50H99NO10	[M + Na]+	C50H99NNaO10+	1.000	1.000	129.116	124.443	4.672	40	0.836	0.161	0.644	-3.278		896.713	28	0.467	839079746503414625	839079602504564434	839079602500370129	3	
1	C68H129NO2	[M + H3N + H]+	C68H133N2O2+	0.927	0.333	36.821	36.821	0.000	23	0.820	0.814	0.814	-1.295		1010.035	28	0.468	839079740744634772	839079602701696730	839079602701696729	5	
1	C56H99N5O7	[M - H2O + H]+	C56H98N5O6+	0.326	0.171	176.927	171.360	5.567	44	0.873	1.441	2.208	-19227.815		936.750	28	0.468	839079749468787854	839079602622004950	839079602617810645	4	
1	C47H79NO4	[M + Na]+	C47H79NNaO4+	0.907	0.907	145.029	137.383	7.646	44	0.893	0.489	0.566	3.894		744.593	28	0.468	839079749477176480	839079603016269546	839079603012075241	9	
1	C49H76O5	[M - H2O + H]+	C49H75O4+	0.532	0.500	144.840	144.840	0.000	53	0.978	0.369	0.615	-24753.921		727.566	28	0.468	839079750676747532	839079602932383462	839079602928189157	8	
1	C68H127NO2	[M + H3N + H]+	C68H131N2O2+	0.934	0.333	35.678	35.678	0.000	28	0.806	1.434	1.595	-0.167		1008.020	28	0.468	839079742204252614	839079602781388510	839079602777194205	6	
1	C39H76FN5O7	[M - H2O + H]+	C39H75FN5O6+	0.248	0.223	80.019	76.906	3.113	43	0.863	0.227	0.589	-24717.337		728.572	28	0.468	839079746805404600	839079603091767022	839079603087572717	10	
1	C42H83NO11	[M - H2O + H]+	C42H82NO10+	0.385	0.333	142.752	137.306	5.447	46	0.902	0.395	1.391	-23688.742		760.587	28	0.470	839079750165042392	839079603305676538	839079603305676537	13	
1	C38H48N2O10Si5	[M + H3N + H]+	C38H52N3O10Si5+	0.110	0.101	44.095	44.095	0.000	27	0.875	-0.623	0.810	2.418		850.251	28	0.471	839079843119215304	839079603171458802	839079603167264497	11	
1	C10H14O5	[M - H2O + H]+	C10H13O4+	0.725	0.500	85.821	85.821	0.000	11	0.109	0.370	0.370	-91386.468		197.081	28	0.472	839079745320620731	839079603238567670	839079603234373365	12	
1	C34H64O	[M + H3N + H]+	C34H68NO+	1.000	0.333	73.218	64.740	8.478	25	0.780	2.477	2.560	-0.478		506.529	29	0.479	839079778958942138	839079603444088578	839079603439894273	15	
1	C40H60O7	[M + H3N + H]+	C40H64NO7+	0.951	0.333	69.410	62.710	6.700	29	0.754	3.722	3.722	0.343		670.468	29	0.480	839079746646020980	839079603569917706	839079603569917705	17	
1	C59H108N6O14	[M + H3N + H]+	C59H112N7O14+	0.756	0.259	32.506	26.978	5.529	13	0.894	3.043	3.043	-0.357		1142.826	29	0.481	839079741080179100	839079603641220878	839079603637026573	18	
1	C32H62O	[M + H3N + H]+	C32H66NO+	0.346	0.333	39.243	32.841	6.402	8	0.415	1.479	1.479	2.201		480.515	29	0.481	839079741281505707	839079603507003142	839079603502808837	16	
1	C34H60O	[M + H3N + H]+	C34H64NO+	0.999	0.333	138.090	134.710	3.380	44	0.899	1.054	1.054	1.648		502.499	29	0.483	839079744251073136	839079603783827222	839079603783827221	20	
1	C32H60O	[M + H3N + H]+	C32H64NO+	0.990	0.333	43.580	39.755	3.825	26	0.783	1.745	1.745	0.706		478.499	29	0.483	839079746809598925	839079603712524050	839079603708329745	19	
1	C34H62O	[M + H3N + H]+	C34H66NO+	0.999	0.333	105.832	102.186	3.646	39	0.884	1.432	1.735	0.967		504.514	29	0.483	839079844285231927	839079603855130394	839079603850936089	21	
1	C29H61N2O3	[M + H3N + H]+	C29H65N3O3+	0.997	0.498	159.148	159.148	0.000	35	0.605	1.745	2.197	0.667		503.502	29	0.483	839079751234590026	839079603989348130	839079603989348129	23	
1	C34H62O2	[M + H3N + H]+	C34H66NO2+	0.969	0.333	108.188	104.450	3.738	33	0.722	3.818	3.818	0.967		520.509	29	0.483	839079752434161152	839079603922239262	839079603918044957	22	
1	C34H58O	[M + H3N + H]+	C34H62NO+	0.877	0.333	81.891	78.807	3.085	30	0.729	2.825	2.825	1.514		500.483	29	0.486	839079937168100500	839079604060651302	839079604056456997	24	
1	C28H54O	[M + H3N + H]+	C28H58NO+	1.000	0.333	107.510	101.243	6.267	26	0.680	3.072	4.012	-0.075		424.451	29	0.488	839079755525363600	839079604123565866	839079604119371561	25	
1	C29H48O15	[M + H3N + H]+	C29H52NO15+	1.000	0.331	55.326	46.824	8.502	16	0.556	0.068	2.252	-1.080		654.332	29	0.488	839079764262099723	839079604186480430	839079604182286125	26	
1	C26H50O	[M + H3N + H]+	C26H54NO+	0.996	0.333	70.700	66.935	3.765	19	0.972	6.866	6.866	-0.181		396.420	29	0.489	839079744548868742	839079604312309558	839079604312309557	28	
1	C26H46N8O8	[M + K]+	C26H46KN8O8+	0.486	0.606	49.621	44.373	5.249	34	0.927	0.073	1.035	-2.320		637.306	29	0.489	839079974832951499	839079604253589298	839079604249394993	27	
1	C24H46O	[M + H3N + H]+	C24H50NO+	1.000	0.333	65.449	62.224	3.225	21	0.737	3.180	3.180	0.050		368.389	29	0.490	839079755525363603	839079604400389946	839079604396195641	29	
1	C33H38O6	[M + H3N + H]+	C33H42NO6+	0.958	0.333	74.431	67.976	6.456	25	0.650	5.221	5.221	0.484		548.301	29	0.490	839079766384417738	839079604480081726	839079604475887421	30	
1	C26H48O4	[M + H]+	C26H49O4+	0.647	0.500	85.471	78.974	6.497	12	0.820	3.907	3.907	-0.133		425.362	29	0.490	839079947272179054	839079604542996290	839079604538801985	31	
1	C25H46O2	[M + H3N + H]+	C25H50NO2+	0.999	0.333	82.786	76.406	6.380	20	0.878	6.955	6.955	0.337		396.384	29	0.491	839079747740734508	839079604605910854	839079604605910853	32	
1	C33H38O6	[M + H]+	C33H39O6+	0.637	0.500	60.632	53.895	6.737	14	0.937	0.693	0.693	0.611		531.274	29	0.491	839079747216446447	839079604664631114	839079604664631113	33	
1	C34H60O2	[M + H3N + H]+	C34H64NO2+	0.821	0.333	123.428	119.831	3.597	41	0.889	3.486	3.486	0.431		518.493	29	0.491	839079750672553217	839079604731739982	839079604731739981	34	
1	C34H60O3	[M + H3N + H]+	C34H64NO3+	0.931	0.322	103.822	103.822	0.000	41	0.894	1.273	2.302	1.176		534.489	30	0.493	839079751347836277	839079604786265938	839079604786265937	35	
1	C34H58O2	[M + H3N + H]+	C34H62NO2+	0.789	0.333	114.654	111.065	3.589	40	0.882	1.608	2.294	0.684		516.478	30	0.493	839079942423563500	839079604840791894	839079604840791893	36	
1	C25H50	[M + H3N + H]+	C25H54N+	0.722	0.500	26.325	24.253	2.072	6	0.417	8.570	8.570	-0.454		368.425	30	0.497	839079748009170001	839079604954038110	839079604954038109	38	
1	C60H72N2O5	[M + H3N + H]+	C60H76N3O5+	0.998	0.102	49.684	43.906	5.778	25	0.847	0.055	1.460	-0.489		918.578	30	0.498	839079781601353989	839079605008564066	839079605008564065	39	
1	C20H36O	[M + H3N + H]+	C20H40NO+	1.000	0.333	361.065	354.994	6.070	48	0.676	2.591	2.591	-0.327		310.310	31	0.512	839079749594617041	839079605063090022	839079605063090021	40	
1	C9H29N8O	[M + H3N + H]+	C9H33N9O+	1.000	1.000	-10.309	-10.309	0.000	0		3.392	3.392	4.878		283.282	31	0.517	839079742887924246	839079605126004586	839079605126004585	41	
1	C18H32O	[M + H]+	C18H33O+	0.997	0.500	211.425	211.330	0.094	47	0.978	2.783	2.783	0.595		265.253	31	0.517	839079743156359721	839079605184724846	839079605184724845	42	
1	C36H67NO2	[M + H3N + H]+	C36H71N2O2+	1.000	0.333	114.067	108.043	6.024	40	0.869	1.750	1.750	1.019		563.552	31	0.517	839079948274617794	839079605239250802	839079605239250801	43	
1	C16H36Si	[M + H]+	C16H37Si+	1.000	1.000	8.273	8.273	0.000	2	0.061	3.486	3.486	3.541		257.267	31	0.518	839079752438355462	839079605759344538	839079605759344537	53	
1	C18H33NO2	[M + Na]+	C18H33NNaO2+	0.528	0.524	7.901	1.998	5.902	0	0.000	0.019	0.019	-0.094		318.240	31	0.520	839079918948043184	839079605289582454	839079605289582453	44	
1	C20H34O2	[M + H3N + H]+	C20H38NO2+	1.000	0.333	208.698	207.187	1.511	34	0.510	1.894	1.894	0.044		324.290	31	0.521	839079757324720261	839079605344108410	839079605344108409	45	
1	C17H30O	[M + H3N + H]+	C17H34NO+	1.000	0.333	242.154	238.481	3.673	53	0.864	2.779	2.779	0.592		268.264	31	0.523	839079757698013366	839079605394440062	839079605394440061	46	
1	C16H30O	[M + H3N + H]+	C16H34NO+	1.000	0.333	78.471	72.637	5.835	28	0.744	5.324	5.324	0.425		256.264	31	0.523	839079741688353204	839079605448966018	839079605444771713	47	
1	C20H35NO2	[M + H3N + H]+	C20H39N2O2+	1.000	0.333	154.883	148.265	6.618	47	0.818	1.841	1.841	0.103		339.301	31	0.524	839079758872418564	839079605499297670	839079605495103365	48	
1	C16H28O	[M + H3N + H]+	C16H32NO+	1.000	0.333	233.336	229.488	3.848	44	0.848	3.547	3.547	0.782		254.248	31	0.525	839079765218401123	839079605549629322	839079605549629321	49	
1	C9H29N8O2	[M + H3N + H]+	C9H33N9O2+	1.000	1.000	209.733	206.751	2.982	36	0.645	2.311	2.434	6.841		299.277	32	0.526	839079774252932706	839079605599960974	839079605595766669	50	
1	C18H32O2	[M + H3N + H]+	C18H36NO2+	1.000	0.333	314.122	306.870	7.252	56	0.969	2.006	2.147	-0.992		298.274	32	0.526	839079756934649934	839079605658681234	839079605654486929	51	
1	C13H31N2O4	[M + H3N + H]+	C13H35N3O4+	1.000	0.995	145.117	145.117	0.000	48	0.784	1.767	2.301	-1.844		297.262	32	0.528	839079745509364451	839079605864202146	839079605864202145	55	
1	C18H30O2	[M + H3N + H]+	C18H34NO2+	1.000	0.333	257.185	252.016	5.170	55	0.858	1.811	1.811	0.217		296.258	32	0.528	839079750685136154	839079605818064798	839079605813870493	54	
1	C18H30O2	[M + H]+	C18H31O2+	1.000	0.500	309.575	307.213	2.363	54	0.966	2.316	2.316	2.590		279.233	32	0.530	839079755856713643	839079605914533798	839079605914533797	56	
1	C18H30O	[M + H]+	C18H31O+	0.939	0.500	231.026	225.417	5.609	53	0.982	2.755	2.755	0.980		263.237	32	0.533	839079754011219651	839079606023585710	839079606023585709	58	
1	C14H33B3N2	[M + K]+	C14H33B3KN2+	0.994	0.998	6.911	6.911	0.000	4	0.026	0.935	1.026	-3.514		298.265	32	0.533	839079742120366522	839079605960671146	839079605960671145	57	
1	C13H31N2O3	[M + H3N + H]+	C13H35N3O3+	1.000	1.000	129.401	129.401	0.000	49	0.881	2.873	2.873	0.628		281.267	32	0.534	839079743902945857	839079606170386362	839079606170386361	61	
1	C18H30O	[M + H3N + H]+	C18H34NO+	1.000	0.333	267.903	264.596	3.307	56	0.920	2.397	2.397	2.172		280.264	32	0.534	839079753268827815	839079606120054710	839079606120054709	60	
1	C18H30O	[M - H2O + H]+	C18H29+	1.000	0.500	139.412	135.951	3.461	37	0.970	5.873	5.873	-73444.022		245.227	32	0.534	839079742405579215	839079606229106622	839079606224912317	62	
1	C18H28O	[M + H3N + H]+	C18H32NO+	1.000	0.333	264.930	261.676	3.254	55	0.914	1.732	1.732	2.117		278.248	32	0.536	839079743181525556	839079606287826882	839079606283632577	63	
1	C18H26O2	[M + H3N + H]+	C18H30NO2+	1.000	0.333	272.553	267.771	4.782	55	0.810	2.441	2.441	0.905		292.227	32	0.537	839079744993464997	839079606359130054	839079606359130053	64	
1	C16H32NO2	[M + Na]+	C16H32NNaO2+	1.000	0.998	13.449	13.449	0.000	6	0.050	2.489	2.609	-5.456		293.231	32	0.539	839079742606905840	839079606073917362	839079606073917361	59	
1	C16H26O2	[M + H3N + H]+	C16H30NO2+	1.000	0.333	271.874	268.416	3.458	55	0.858	2.514	2.514	0.948		268.227	33	0.542	839079744775361174	839079606409461706	839079606409461705	65	
1	C18H28O3	[M + H3N + H]+	C18H32NO3+	1.000	0.333	271.888	264.177	7.712	53	0.845	2.588	2.588	0.225		310.238	33	0.549	839079747224835076	839079606459793358	839079606459793357	66	
1	C18H32O3	[M + H3N + H]+	C18H36NO3+	1.000	0.333	246.242	240.012	6.230	53	0.872	2.001	2.001	0.094		314.269	34	0.560	839079745643582197	839079606514319314	839079606514319313	67	
1	C16H26O	[M + H3N + H]+	C16H30NO+	1.000	0.333	295.709	292.525	3.184	56	0.942	3.353	3.353	1.146		252.232	34	0.563	839079744393679482	839079606560456662	839079606556262357	68	
1	C24H30O6	[M + Na]+	C24H30NaO6+	0.622	0.269	19.419	12.961	6.458	5	0.112	0.600	0.691	-0.548		437.193	34	0.563	839079743970054729	839079606606594010	839079606606594009	69	
1	C18H30O3	[M + H3N + H]+	C18H34NO3+	1.000	0.333	257.079	251.023	6.056	52	0.886	2.072	2.072	-0.001		312.253	34	0.570	839079748021752915	839079606707257314	839079606707257313	71	
1	C18H37NO7	[M + K]+	C18H37KNO7+	1.000	1.000	134.848	134.848	0.000	33	0.360	1.594	1.692	-1.914		418.219	34	0.571	839079752463521323	839079607009247226	839079607009247225	77	
1	C9H12O2	[M - H2O + H]+	C9H11O+	1.000	0.500	75.562	72.281	3.282	17	0.919	8.115	8.115	-133330.980		135.081	34	0.572	839079742858564095	839079606757588966	839079606753394661	72	
1	C24H30O6	[M + H3N + H]+	C24H34NO6+	0.998	0.333	67.258	67.258	0.000	19	0.745	4.942	4.942	0.962		432.238	34	0.572	839079747824620598	839079606803726314	839079606803726313	73	
1	C24H30O6	[M - H2O + H]+	C24H29O5+	0.992	0.498	57.660	51.940	5.720	17	0.975	3.280	3.280	-45342.632		397.201	34	0.572	839079743143776792	839079606904389618	839079606904389617	75	
1	C13H20N3O5	[M - H2O + H]+	C13H19N3O4+	0.557	0.333	173.703	168.429	5.274	49	0.850	4.095	4.095	-64056.517		281.139	34	0.572	839079752455132697	839079606858252270	839079606858252269	74	
1	C24H30O6	[M + H]+	C24H31O6+	0.975	0.437	45.483	39.483	6.000	6	0.971	2.823	2.823	1.818		415.212	34	0.573	839079917043829096	839079606954721270	839079606954721269	76	
1	C11H20N4O3	[M + K]+	C11H20KN4O3+	0.998	0.998	172.056	172.056	0.000	47	0.764	3.193	3.193	4.240		295.118	34	0.573	839079988619629225	839079607055384574	839079607055384573	78	
1	C11H21N3O4	[M + Na]+	C11H21N3NaO4+	1.000	1.000	118.376	118.376	0.000	23	0.119	4.737	4.737	0.171		282.142	34	0.573	839079757492492438	839079607151853574	839079607147659269	80	
1	C54H56N2O6	[M + H3N + H]+	C54H60N3O6+	0.964	0.285	71.720	62.281	9.439	24	0.671	3.786	3.786	-4.824		846.444	34	0.574	839079757068867693	839079607105716226	839079607105716225	79	
1	C26H32O6	[M + H3N + H]+	C26H36NO6+	0.670	0.333	71.168	71.168	0.000	24	0.877	4.715	4.715	0.405		458.254	35	0.576	839079749175186553	839079607193796618	839079607193796617	81	
1	C48H60O12	[M + Na]+	C48H60NaO12+	0.999	0.911	20.807	12.376	8.431	2	0.975	0.560	0.560	1.553		851.399	35	0.580	839079746784433035	839079607244128270	839079607244128269	82	
1	C18H26O	[M + H3N + H]+	C18H30NO+	1.000	0.333	228.023	225.136	2.888	53	0.887	1.980	2.034	1.444		276.233	35	0.587	839079743974249052	839079607294459922	839079607294459921	83	
1	C18H28O2	[M + H3N + H]+	C18H32NO2+	1.000	0.333	274.054	268.575	5.479	56	0.832	1.594	1.594	1.102		294.243	35	0.587	839079746826376144	839079607340597270	839079607340597269	84	
1	C13H29N2O4	[M + H3N + H]+	C13H33N3O4+	1.000	0.500	188.268	187.006	1.262	55	0.823	1.613	1.965	-0.467		295.246	35	0.588	839079745853297415	839079607386734618	839079607386734617	85	
1	C18H28O2	[M + H]+	C18H29O2+	1.000	0.500	279.826	275.496	4.330	57	0.990	2.250	2.250	1.708		277.217	35	0.590	839079770893294954	839079607432871966	839079607432871965	86	
1	C22H21FN6O4	[M + H]+	C22H22FN6O4+	0.337	0.318	26.923	23.798	3.125	9	0.133	-0.079	6.441	-1.253		453.168	36	0.593	839079749099689060	839079607479009314	839079607474815009	87	
1	C11H16O2	[M + H3N + H]+	C11H20NO2+	1.000	0.333	261.480	258.149	3.331	48	0.902	5.655	5.655	1.285		198.149	36	0.593	839079752341886402	839079607520952358	839079607520952357	88	
1	C18H28O3	[M + H3N + H]+	C18H32NO3+	1.000	0.333	197.707	197.707	0.000	27	0.422	1.424	1.424	0.386		310.238	36	0.598	839079747732345879	839079608049434710	839079608049434709	100	
1	C18H28O4	[M + H3N + H]+	C18H32NO4+	1.000	0.333	219.533	219.533	0.000	27	0.419	1.381	1.381	0.583		326.233	36	0.608	839079980797252044	839079606652731358	839079606652731357	70	
1	C25H32O6	[M + H3N + H]+	C25H36NO6+	0.682	0.333	98.757	92.726	6.031	28	0.906	4.898	4.898	0.595		446.254	37	0.613	839079762974448269	839079607562895402	839079607562895401	89	
1	C34H64O	[M + H3N + H]+	C34H68NO+	0.998	0.333	64.615	58.346	6.269	23	0.759	3.636	3.636	2.365		506.531	37	0.614	839079757496686766	839079608213012582	839079608208818277	104	
1	C18H33NO3	[M + O + H]+	C18H34NO4+	1.000	1.000	257.147	253.470	3.677	57	0.993	1.892	1.892	0.381	Cer(d9:1_9:1)	328.248	37	0.615	839079801062926132	839079607604838446	839079607604838445	90	
1	C24H28O3	[M + Na]+	C24H28NaO3+	0.617	0.064	46.471	45.422	1.050	16	0.889	1.916	1.916	0.812		387.193	37	0.615	839079750513169648	839079607650975794	839079607650975793	91	
1	C10H14O2	[M + H3N + H]+	C10H18NO2+	1.000	0.333	256.460	253.832	2.629	47	0.945	4.772	4.772	0.949		184.133	37	0.616	839079753273022132	839079607692918838	839079607692918837	92	
1	C9H14O2	[M + H3N + H]+	C9H18NO2+	1.000	0.333	156.081	152.796	3.285	29	0.905	6.686	6.686	0.551		172.133	37	0.619	839079747132560362	839079607734861882	839079607734861881	93	
1	C16H24O2	[M + H3N + H]+	C16H28NO2+	1.000	0.333	295.009	291.338	3.671	54	0.864	2.569	2.569	0.843		266.212	37	0.621	839079755076572986	839079607789387838	839079607789387837	94	
1	C9H14O2	[M + H]+	C9H15O2+	0.999	0.500	127.018	127.018	0.000	24	0.988	8.206	8.206	0.734		155.107	37	0.621	839079783040000409	839079607831330882	839079607831330881	95	
1	C18H26O3	[M + H3N + H]+	C18H30NO3+	1.000	0.333	297.222	289.517	7.705	55	0.884	1.821	1.821	0.226		308.222	38	0.632	839079757840619711	839079607877468230	839079607877468229	96	
1	C18H24O3	[M + H3N + H]+	C18H28NO3+	1.000	0.333	285.772	282.007	3.765	55	0.877	1.224	1.303	-0.262		306.206	38	0.633	839079754615199482	839079607923605578	839079607919411273	97	
1	C18H31NO3	[M + O + H]+	C18H32NO4+	1.000	1.000	299.539	296.329	3.210	58	1.000	0.878	0.878	0.199	Cer(d9:2_9:1)	326.233	38	0.638	839079744360125048	839079607965548622	839079607965548621	98	
1	C18H29NO3	[M + O + H]+	C18H30NO4+	1.000	1.000	300.078	294.463	5.615	56	0.969	0.865	0.865	0.139	Cer(d9:2_9:2)	324.217	39	0.647	839079754011219650	839079608007491666	839079608007491665	99	
1	C18H35NO3	[M + O + H]+	C18H36NO4+	1.000	1.000	281.567	275.937	5.630	56	0.977	0.985	0.985	0.045	Cer(d9:0_9:1)	330.264	39	0.657	839079770624859496	839079608091377754	839079608091377753	101	
1	C16H29N7O3	[M - H2O + H]+	C16H28N7O2+	0.503	0.313	39.629	37.141	2.488	12	0.399	3.231	3.231	-51423.145		350.231	40	0.661	839079923846990442	839079608129126494	839079608129126493	102	
1	C18H30O5	[M + H3N + H]+	C18H34NO5+	0.999	0.333	256.228	252.823	3.405	44	0.627	0.473	0.604	0.001		344.243	40	0.664	839079762370468407	839079608171069538	839079608171069537	103	
1	C11H16O2	[M + H3N + H]+	C11H20NO2+	0.998	0.333	92.608	92.608	0.000	18	0.835	0.669	0.669	0.377		198.149	40	0.673	839079943136595189	839079608716329110	839079608716329109	116	
1	C12H16O2	[M + H3N + H]+	C12H20NO2+	1.000	0.333	284.624	281.018	3.606	52	0.887	3.375	3.375	0.689		210.149	41	0.680	839079759304431932	839079608250761322	839079608250761321	105	
1	C14H30O8	[M + H]+	C14H31O8+	1.000	1.000	55.398	51.946	3.452	15	0.939	1.562	1.562	-0.625		327.201	41	0.688	839079778698895266	839079608292704366	839079608292704365	106	
1	C9H12O3	[M + H3N + H]+	C9H16NO3+	1.000	0.333	196.609	193.738	2.871	35	0.903	5.433	5.433	0.377		186.113	42	0.694	839079754862663443	839079608334647410	839079608334647409	107	
1	C11H24NO4S	[M + H3N + H]+	C11H28N2O4S+	0.978	0.468	105.538	103.116	2.422	39	0.665	6.268	6.268	5.913		284.178	42	0.702	839079755361785721	839079608468865150	839079608464670845	110	
1	C44H84NO8P	[M + H]+	C44H85NO8P+	0.899	0.068	77.287	67.930	9.357	32	0.703	4.588	4.588	0.443		786.601	42	0.702	839079773334380029	839079608376590454	839079608376590453	108	
1	C48H79NO5	[M + Na]+	C48H79NNaO5+	1.000	1.000	123.780	114.442	9.338	37	0.743	2.815	2.815	0.744		772.586	42	0.703	839079760952793545	839079608422727802	839079608422727801	109	
1	C40H82NO8P	[M + Na]+	C40H82NNaO8P+	1.000	1.000	96.402	96.402	0.000	34	0.739	4.713	4.713	4.000		758.570	43	0.710	839079763750394583	839079608510808194	839079608506613889	111	
1	C39H80NO8P	[M + Na]+	C39H80NNaO8P+	0.940	0.771	109.081	109.081	0.000	35	0.728	4.351	4.351	4.156		744.554	43	0.712	839079774550728355	839079608552751238	839079608552751237	112	
1	C16H29N7O4	[M - H2O + H]+	C16H28N7O3+	0.534	0.287	37.642	34.750	2.892	8	0.523	1.823	2.901	-49177.307		366.225	43	0.715	839079752421578195	839079608594694282	839079608594694281	113	
1	C11H18O3	[M + H3N + H]+	C11H22NO3+	1.000	0.333	219.827	216.938	2.889	45	0.948	3.547	3.547	0.463		216.160	43	0.724	839079974442881216	839079608636637326	839079608636637325	114	
1	C10H16O3	[M + H3N + H]+	C10H20NO3+	1.000	0.333	217.464	214.223	3.241	40	0.925	4.904	4.904	0.347		202.144	44	0.727	839079847296742682	839079608678580370	839079608678580369	115	
1	C25H32O6	[M + H3N + H]+	C25H36NO6+	0.676	0.333	91.301	85.827	5.475	26	0.898	3.616	3.616	-0.077		446.254	45	0.742	839079928372644624	839079608837963938	839079608837963937	119	
1	C19H38O2	[M + H3N + H]+	C19H42NO2+	0.897	0.500	78.611	74.849	3.762	25	0.738	4.464	4.464	-0.588		316.321	45	0.743	839079749481370807	839079608758272154	839079608758272153	117	
1	C9H21N2O2	[M + Na]+	C9H21N2NaO2+	0.893	1.000	199.069	196.024	3.045	42	0.728	5.108	5.108	-0.865		212.149	45	0.748	839079752450938376	839079608796020894	839079608796020893	118	
1	C32H46O6	[M + H3N + H]+	C32H50NO6+	0.750	0.193	24.413	17.839	6.574	2	0.964	4.660	4.660	0.910		544.364	45	0.756	839079749493953727	839079608917655722	839079608917655721	121	
1	C18H29NO5	[M + H3N + H]+	C18H33N2O5+	1.000	0.333	110.117	106.438	3.679	29	0.948	1.528	1.528	-0.164		357.238	45	0.756	839079994562958197	839079608879906982	839079608879906981	120	
1	C10H14O2	[M + H3N + H]+	C10H18NO2+	1.000	0.333	291.765	288.345	3.420	51	0.949	4.560	4.560	0.243		184.133	46	0.770	839079750924211499	839079608959598766	839079608959598765	122	
1	C8H14O2	[M + H3N + H]+	C8H18NO2+	1.000	0.333	180.796	177.681	3.115	31	0.923	7.353	7.353	0.342		160.133	47	0.786	839079989068419817	839079608997347506	839079608997347505	123	
1	C16H24O3	[M + H3N + H]+	C16H28NO3+	1.000	0.333	293.940	290.141	3.798	51	0.852	2.156	2.156	1.452		282.207	47	0.790	839079755529557913	839079609081233594	839079609081233593	125	
1	C7H10O3	[M + K]+	C7H10KO3+	1.000	1.000	111.016	109.281	1.735	27	0.800	5.570	5.570	-0.620		181.026	48	0.792	839079753218496129	839079609039290550	839079609039290549	124	
1	C12H18O4	[M + H3N + H]+	C12H22NO4+	1.000	0.333	272.269	268.809	3.460	52	0.871	2.035	2.035	0.063		244.154	48	0.798	839079766631881733	839079609135759550	839079609135759549	126	
1	C18H26O4	[M + H3N + H]+	C18H30NO4+	1.000	0.333	189.547	189.547	0.000	29	0.446	0.235	0.311	-0.462		324.217	48	0.800	839079752568378942	839079609265782986	839079609265782985	129	
1	C17H27NO5	[M + H3N + H]+	C17H31N2O5+	0.998	0.333	160.241	157.752	2.489	40	0.929	1.257	1.456	-2.093		343.222	48	0.801	839079752429966824	839079609177702594	839079609177702593	127	
1	C18H36Cl2N2O4	[M + K]+	C18H36Cl2KN2O4+	0.999	1.000	120.877	120.877	0.000	34	0.385	0.218	0.363	-2.154		453.167	48	0.801	839079766178896825	839079609219645638	839079609219645637	128	
1	C6H14O4	[M + H3N + H]+	C6H18NO4+	0.992	0.000	109.720	109.720	0.000	12	0.366	6.510	6.510	0.509		168.123	49	0.819	839079742606905831	839079609307726030	839079609303531725	130	
1	C19H30FNO4S2	[M + H3N + H]+	C19H34FN2O4S2+	0.670	0.000	132.096	132.096	0.000	31	0.334	0.194	0.360	-1.828		437.193	49	0.821	839079772143197631	839079609353863378	839079609353863377	131	
1	C8H14O2	[M - H2O + H]+	C8H13O+	1.000	0.500	99.587	96.635	2.952	21	0.882	7.795	7.795	-143972.482		125.096	50	0.831	839079742598517209	839079609395806422	839079609395806421	132	
1	C8H10	[M + H3N + H]+	C8H14N+	0.999	0.333	104.218	101.126	3.092	20	0.638	7.238	7.238	1.242		124.112	50	0.832	839079754413872846	839079609446138074	839079609446138073	133	
1	C9H12O2	[M + H3N + H]+	C9H16NO2+	1.000	0.333	229.907	226.626	3.281	35	0.912	5.095	5.095	0.087		170.118	50	0.832	839079759157631275	839079609492275422	839079609488081117	134	
1	C11H12O3	[M + H3N + H]+	C11H16NO3+	1.000	0.333	208.181	207.885	0.295	41	0.876	2.891	3.007	-10.755		210.110	50	0.833	839079756808820773	839079609530024162	839079609530024161	135	
1	C18H32O5	[M + H3N + H]+	C18H36NO5+	1.000	0.333	284.866	281.013	3.853	55	0.935	0.181	0.777	0.059		346.259	51	0.850	839079756238395406	839079609609715946	839079609609715945	137	
1	C25H32O6	[M + H3N + H]+	C25H36NO6+	1.000	0.333	50.258	50.258	0.000	25	0.422	-0.185	0.340	-0.290		446.254	52	0.872	839079988942590678	839079609647464686	839079609647464685	138	
1	C14H20F3NO5	[M + H3N + H]+	C14H24F3N2O5+	0.823	0.055	43.838	40.184	3.654	7	0.630	0.815	0.963	0.076		357.163	53	0.877	839079751624660377	839079609760710906	839079609760710905	141	
1	C14H19NO5	[M + H3N + H]+	C14H23N2O5+	1.000	0.333	157.186	153.587	3.598	37	0.841	2.799	2.799	-0.830		299.160	53	0.878	839079762739567222	839079609685213426	839079609685213425	139	
1	C14H21NO6	[M + H3N + H]+	C14H25N2O6+	1.000	0.333	158.901	155.344	3.557	36	0.847	1.311	1.311	-0.293		317.171	53	0.884	839079761527413252	839079609722962166	839079609722962165	140	
1	C14H20O3	[M + H3N + H]+	C14H24NO3+	1.000	0.333	295.426	295.426	0.000	51	0.867	1.994	2.204	0.118		254.175	53	0.887	839079754468398823	839079609802653950	839079609798459645	142	
1	C9H12O2	[M - H2O + H]+	C9H11O+	1.000	0.500	104.224	104.224	0.000	18	0.110	4.913	4.913	-133331.819		135.080	53	0.890	839079845879067748	839079609567772902	839079609567772901	136	
1	C9H12O2	[M - H2O + H]+	C9H11O+	1.000	0.500	123.871	123.871	0.000	21	0.192	5.377	5.377	-133331.777		135.080	54	0.901	839079990960051012	839079610578600250	839079610574405945	157	
1	C12H16O4	[M + H3N + H]+	C12H20NO4+	1.000	0.333	296.809	293.432	3.377	47	0.848	2.467	2.467	-0.184		242.139	54	0.903	839079947762912660	839079610008174862	839079610008174861	146	
1	C14H23NO7	[M + H3N + H]+	C14H27N2O7+	0.990	0.322	62.425	61.263	1.162	13	0.845	0.249	1.422	-0.202		335.181	54	0.903	839080023407187244	839079610113032470	839079610113032469	148	
1	C8H12O3	[M + H3N + H]+	C8H16NO3+	1.000	0.333	179.147	175.917	3.229	28	0.873	5.307	5.307	0.231		174.113	54	0.904	839079875893509865	839079609945260298	839079609945260297	145	
1	C8H10O2	[M + H3N + H]+	C8H14NO2+	1.000	0.333	203.107	199.847	3.259	26	0.422	6.655	6.655	0.480		156.102	54	0.904	839079752841008754	839079609840402690	839079609840402689	143	
1	C44H84NO8P	[M + Na]+	C44H84NNaO8P+	0.148	0.119	2.366	2.366	0.000	2	0.018	-0.873	0.873	-0.193		808.583	55	0.910	839079774508785294	839079610188529950	839079610188529949	150	
1	C8H12O3	[M - H2O + H]+	C8H11O2+	0.975	0.500	159.635	156.516	3.119	26	0.941	7.192	7.192	-129502.087		139.075	55	0.912	839079745400312530	839079609882345734	839079609882345733	144	
1	C8H15NO3	[M + Na]+	C8H15NNaO3+	0.589	0.690	158.731	155.545	3.186	24	0.520	3.744	3.744	0.132		196.094	55	0.918	839079746167870234	839079610071089426	839079610071089425	147	
1	C46H88NO8P	[M + H]+	C46H89NO8P+	1.000	1.000	41.172	32.267	8.905	7	0.982	4.460	4.460	0.562		814.632	55	0.922	839079740555891086	839079610230472994	839079610230472993	151	
1	C13H21NO3S2	[M + H3N + H]+	C13H25N2O3S2+	0.531	0.177	45.203	45.203	0.000	13	0.082	0.584	0.688	2.052		321.131	55	0.924	839079968650547245	839079610268221734	839079610268221733	152	
1	C11H15N5O4	[M + H3N + H]+	C11H19N6O4+	0.959	0.320	158.708	157.680	1.028	36	0.768	4.383	4.383	9.161		299.149	56	0.928	839079768758394101	839079610310164778	839079610305970473	153	
1	C6H12O5	[M + H]+	C6H13O5+	0.520	0.500	37.514	37.514	0.000	5	0.040	3.941	3.941	0.455		165.076	56	0.931	839079767848230015	839079610368885038	839079610368885037	154	
1	C45H86NO8P	[M + H]+	C45H87NO8P+	1.000	1.000	42.989	31.925	11.064	7	0.951	3.886	3.886	-0.689		800.616	56	0.932	839079759119882537	839079610649903422	839079610645709117	158	
1	C71H88Br6N2O5	[M + Na]+	C71H88Br6N2NaO5+	0.759	0.635	25.786	25.786	0.000	12	0.620	0.008	1.758	-0.503		1545.168	56	0.933	839080029669283193	839079610993836370	839079610993836369	163	
1	C44H84NO8P	[M + H]+	C44H85NO8P+	1.000	1.000	41.304	33.769	7.535	7	0.923	4.115	4.115	1.498		786.602	56	0.935	839079981363483109	839079610868007242	839079610868007241	161	
1	C9H13O5	[M - H2O + H]+	C9H12O4+	0.484	0.401	96.820	94.962	1.858	26	0.386	5.504	5.504	-97842.474		184.073	56	0.937	839079953358114365	839079610930921806	839079610930921805	162	
1	C18H29NO4	[M + H3N + H]+	C18H33N2O4+	0.988	0.333	100.737	96.984	3.754	27	0.879	1.170	1.583	-0.422		341.243	56	0.939	839079976988823861	839079611333575014	839079611333575013	168	
1	C98H161NO14	[M - H2O + H]+	C98H160NO13+	0.317	0.311	0.737	0.737	0.000	0	0.000	-2.939	2.939	-11555.409		1559.182	56	0.940	839079895971644981	839079611128054106	839079611128054105	165	
1	C42H80NO8P	[M + H]+	C42H81NO8P+	1.000	1.000	66.894	66.894	0.000	37	0.862	3.768	3.768	1.672		758.571	56	0.941	839079766157925288	839079611400683882	839079611396489577	169	
1	C43H82NO8P	[M + H]+	C43H83NO8P+	1.000	1.000	80.249	80.249	0.000	33	0.715	5.250	5.250	1.551		772.586	57	0.942	839079876711399229	839079611467792750	839079611463598445	170	
1	C82H152N10O16	[M - H2O + H]+	C82H151N10O15+	0.194	0.122	9.357	9.357	0.000	11	0.908	-0.058	1.552	-11881.461		1516.132	57	0.943	839079972454781070	839079611551678834	839079611551678833	171	
1	C93H160O17	[M - H2O + H]+	C93H159O16+	0.260	0.233	25.876	25.876	0.000	12	0.815	0.540	1.624	-11756.877		1532.159	57	0.945	839079774445870717	839079611593621878	839079611593621877	172	
1	C96H154N2O10	[M + Na]+	C96H154N2NaO10+	0.529	0.263	4.769	4.769	0.000	5	0.747	0.857	0.961	-2.391		1518.146	57	0.945	839079804959434826	839079611639759226	839079611635564921	173	
1	C42H82NO8P	[M + H]+	C42H83NO8P+	1.000	1.000	61.805	53.443	8.362	12	0.871	7.645	7.645	-1.370		760.584	57	0.946	839079764761221940	839079611681702270	839079611681702269	174	
1	C41H78NO8P	[M + H]+	C41H79NO8P+	1.000	1.000	74.202	74.202	0.000	34	0.795	3.915	3.915	0.911		744.554	57	0.948	839079891693454597	839079611727839618	839079611723645313	175	
1	C37H70FN5O7	[M + H3N + H]+	C37H74FN6O7+	0.998	0.332	80.960	80.960	0.000	34	0.693	0.154	0.551	-2.492		733.558	57	0.948	839079776262004527	839079611262271842	839079611262271841	167	
1	C9H12O2	[M + H3N + H]+	C9H16NO2+	1.000	0.333	82.992	82.992	0.000	16	0.726	1.755	1.755	0.175		170.118	57	0.949	839079766740933684	839079612336013758	839079612336013757	190	
1	C40H76NO8P	[M + H]+	C40H77NO8P+	1.000	1.000	121.403	121.403	0.000	44	0.952	3.787	3.787	1.175		730.539	57	0.951	839079752400606672	839079611769782662	839079611769782661	176	
1	C6H3NO	[M + H3N + H]+	C6H7N2O+	0.993	0.324	58.470	55.495	2.975	7	0.904	5.970	5.970	1.469		123.055	57	0.952	839079989462684408	839079611811725706	839079611811725705	177	
1	C45H86NO10P	[M - H2O + H]+	C45H85NO9P+	0.936	0.333	37.129	32.312	4.817	7	0.954	4.845	4.845	-22110.997		814.595	57	0.952	839080004251800610	839079611899806098	839079611895611793	179	
1	C44H84NO10P	[M - H2O + H]+	C44H83NO9P+	0.945	0.317	32.531	32.531	0.000	7	0.942	4.313	4.313	-22497.351		800.580	57	0.953	839079988695126716	839079611941749142	839079611941749141	180	
1	C42H86N2O7S	[M + K]+	C42H86KN2O7S+	1.000	1.000	27.059	27.059	0.000	7	0.848	4.443	4.443	4.401		801.582	57	0.956	839079924815874730	839079611987886490	839079611987886489	181	
1	C45H74N4O5	[M + Na]+	C45H74N4NaO5+	0.995	0.995	53.875	53.875	0.000	26	0.748	5.967	5.967	-1.994		773.554	57	0.956	839079765876906902	839079611853668750	839079611853668749	178	
1	C41H75N5O7	[M + Na]+	C41H75N5NaO7+	1.000	1.000	60.531	60.531	0.000	29	0.770	5.367	5.367	-6.667		772.551	57	0.957	839079973528522923	839079612029829534	839079612029829533	182	
1	C30H33NO7	[M + H3N + H]+	C30H37N2O7+	1.000	0.333	49.921	49.921	0.000	30	0.515	0.108	0.333	1.037		537.260	58	0.962	839079826341997850	839079612109521318	839079612109521317	184	
1	C10H18ClN3O3	[M + H3N + H]+	C10H22ClN4O3+	0.854	0.000	101.538	101.538	0.000	21	0.445	0.145	0.514	3.558		281.138	58	0.967	839079768158608576	839079612755444202	839079612755444201	201	
1	C18H26O3	[M + H3N + H]+	C18H30NO3+	1.000	0.333	157.248	157.248	0.000	25	0.268	0.095	0.121	-0.374		308.222	58	0.972	839079769865690405	839079612524757458	839079612524757457	195	
1	C44H82NO10P	[M + H]+	C44H83NO10P+	0.640	0.122	35.680	35.680	0.000	8	0.921	4.600	4.600	-4.275		816.571	59	0.977	839079756209035260	839079612147270058	839079612147270057	185	
1	C9H10O3	[M + H3N + H]+	C9H14NO3+	1.000	0.333	129.780	129.780	0.000	15	0.288	2.168	2.168	0.219		184.097	59	0.981	839079774752054990	839079612260516278	839079612260516277	188	
1	C13H31N2O3	[M + H3N + H]+	C13H35N3O3+	1.000	1.000	141.679	141.679	0.000	30	0.560	0.277	0.280	-1.185		281.267	59	0.986	839079752887146110	839079612675752418	839079612675752417	199	
1	C12H26BNO5	[M + H3N + H]+	C12H30BN2O5+	0.980	0.499	148.354	148.354	0.000	33	0.517	0.265	0.341	-2.500		292.227	59	0.986	839079779005079486	839079612839330290	839079612839330289	203	
1	C16H28O	[M + H3N + H]+	C16H32NO+	0.872	0.333	69.926	69.926	0.000	14	0.183	0.299	0.299	0.192		254.248	59	0.987	839079741340225966	839079612491203022	839079612491203021	194	
1	C15H31FO2	[M + H3N + H]+	C15H35FNO2+	1.000	1.000	116.491	116.491	0.000	23	0.430	0.279	0.357	-3.672		280.264	59	0.987	839079744624366219	839079612801581550	839079612797387245	202	
1	C18H28O2	[M + H3N + H]+	C18H32NO2+	0.964	0.000	167.145	167.145	0.000	25	0.364	0.275	0.275	0.287		294.243	59	0.987	839079751356224903	839079612919022074	839079612919022073	205	
1	C18H30O2	[M + H3N + H]+	C18H34NO2+	1.000	0.333	181.942	181.942	0.000	27	0.519	0.267	0.267	-0.087		296.258	59	0.987	839079751117149498	839079612717695462	839079612717695461	200	
1	C9H15NO2	[M + H3N + H]+	C9H19N2O2+	1.000	0.333	132.477	129.311	3.165	29	0.604	4.082	4.082	0.191		187.144	59	0.988	839079758331353308	839079612185018798	839079612185018797	186	
1	C18H28O3	[M + H3N + H]+	C18H32NO3+	1.000	0.333	174.451	174.451	0.000	28	0.355	0.251	0.292	-0.436		310.238	59	0.989	839079756041263058	839079612998713858	839079612998713857	207	
1	C31H64FNO5	[M + H3N + H]+	C31H68FN2O5+	0.981	0.278	88.962	85.915	3.046	33	0.713	3.713	3.713	-1.776		567.510	59	0.991	839079761162508772	839079612071772578	839079612071772577	183	
1	C8H10O2	[M + H3N + H]+	C8H14NO2+	1.000	0.333	119.500	116.286	3.213	21	0.873	5.626	5.626	0.480		156.102	60	0.998	839079751242978643	839079612298265018	839079612298265017	189	
1	C8H12O3	[M - H2O + H]+	C8H11O2+	0.994	0.500	161.526	158.585	2.941	27	0.895	7.337	7.337	-129502.006		139.075	60	1.003	839079752329303473	839079612373762498	839079612373762497	191	
1	C44H86NO11P	[M - H2O + H]+	C44H85NO10P+	0.851	0.321	40.328	32.762	7.565	7	0.894	3.657	3.657	-22002.384		818.590	60	1.005	839079746427917134	839079612453454282	839079612453454281	193	
1	C12H24O	[M + H3N + H]+	C12H28NO+	0.957	0.500	148.140	144.711	3.429	25	0.664	5.362	5.362	0.193		202.217	60	1.005	839079747069645797	839079613036462598	839079613036462597	208	
1	C24H30O6	[M + H3N + H]+	C24H34NO6+	1.000	0.314	57.018	57.018	0.000	30	0.328	0.123	0.252	0.256		432.238	60	1.007	839079763259660962	839079612956770814	839079612956770813	206	
1	C22H33ClN2O2	[M + Na]+	C22H33ClN2NaO2+	0.916	0.935	29.222	29.222	0.000	33	0.647	-0.092	0.592	-1.389		415.212	61	1.012	839079766547995633	839079612881273334	839079612881273333	204	
1	C8H14F3NO2	[M - H2O + H]+	C8H13F3NO+	0.440	0.333	109.902	106.821	3.082	21	0.464	3.511	4.906	-91845.939		196.094	61	1.015	839079746423722806	839079612415705542	839079612411511237	192	
1	C25H32O6	[M + H3N + H]+	C25H36NO6+	1.000	0.333	57.467	57.467	0.000	26	0.442	-0.084	0.312	0.046		446.254	61	1.022	839079768221523149	839079612226961842	839079612226961841	187	
1	C16H30O	[M + H3N + H]+	C16H34NO+	0.463	0.333	45.859	45.859	0.000	12	0.166	0.330	0.330	-0.063		256.263	61	1.024	839079746604077936	839079612638003678	839079612638003677	198	
1	C34H64O	[M + H3N + H]+	C34H68NO+	1.000	0.333	77.604	77.604	0.000	14	0.299	0.331	0.331	1.299		506.530	62	1.027	839079747992392782	839079612558311894	839079612558311893	196	
1	C24H30O6	[M + Na]+	C24H30NaO6+	0.753	0.439	11.620	5.195	6.426	1	0.057	-0.838	0.838	0.070		437.193	63	1.045	839079759090522390	839079613078405642	839079613078405641	209	
1	C25H32O6	[M + H3N + H]+	C25H36NO6+	0.666	0.333	72.450	69.375	3.075	21	0.832	2.808	3.295	0.282		446.254	63	1.058	839079756032874430	839079613116154382	839079613116154381	210	
1	C18H36Cl2N2O4	[M + K]+	C18H36Cl2KN2O4+	0.994	1.000	94.573	94.573	0.000	31	0.336	0.021	0.270	-2.319		453.167	65	1.076	839079922890689071	839079613153903122	839079613153903121	211	
1	C95H151N3O12	[M + H3N + H]+	C95H155N4O12+	0.438	0.150	57.070	57.070	0.000	28	0.576	0.502	0.694	0.150		1544.164	65	1.084	839080022920647960	839079613191651862	839079613191651861	212	
1	C94H154N6O6S2	[M + H3N + H]+	C94H158N7O6S2+	0.864	0.290	59.800	59.800	0.000	31	0.748	0.238	0.620	-2.242		1545.167	65	1.086	839079827763867100	839079613229400602	839079613229400601	213	
1	C4H12FN3O5	[M - H2O + H]+	C4H11FN3O4+	0.305	0.286	19.679	19.679	0.000	8	0.220	1.839	3.094	-97841.478		184.073	66	1.100	839079754866857765	839079613300703778	839079613300703777	215	
1	C18H33Cl2NO4	[M + H3N + H]+	C18H37Cl2N2O4+	0.725	0.020	49.853	49.853	0.000	25	0.713	0.027	0.313	-1.962		415.212	66	1.106	839080004046279701	839079613569139262	839079613569139261	222	
1	C7H13NO3	[M + Na]+	C7H13NNaO3+	1.000	1.000	32.210	32.210	0.000	5	0.282	0.789	1.235	0.061		182.079	67	1.115	839080003626849276	839079613267149342	839079613262955037	214	
1	C46H74N2O8	[M + H3N + H]+	C46H78N3O8+	0.998	0.316	79.626	79.626	0.000	34	0.306	0.345	0.945	1.283		800.579	68	1.130	839079800635107076	839079613455893042	839079613455893041	219	
1	C45H66N6O4	[M + H3N + H]+	C45H70N7O4+	0.371	0.166	104.329	104.329	0.000	34	0.437	0.169	0.640	1.993		772.550	68	1.130	839079838786498843	839079613380395562	839079613376201257	217	
1	C44H73N5O7	[M + H3N + H]+	C44H77N6O7+	0.889	0.000	58.951	58.951	0.000	32	0.297	0.022	0.621	-3.144		801.582	68	1.132	839079779256737806	839079613493641782	839079613489447477	220	
1	C11H19NO4	[M + H]+	C11H20NO4+	0.449	0.333	259.327	256.027	3.300	54	0.989	2.056	2.056	0.241		230.139	68	1.132	839079758641731824	839079613342646822	839079613338452517	216	
1	C40H73O8P	[M + H3N + H]+	C40H77NO8P+	1.000	0.333	73.978	73.978	0.000	33	0.679	0.333	0.418	1.079		730.539	68	1.140	839079780234010773	839079613413949998	839079613413949997	218	
1	C11H20O5P	[M + H3N + H]+	C11H24NO5P+	1.000	0.271	101.289	101.289	0.000	22	0.445	-0.030	0.189	-0.768		281.138	69	1.147	839079763578428100	839079613686579786	839079613686579785	225	
1	C44H84NO8P	[M + Na]+	C44H84NNaO8P+	1.000	1.000	88.673	83.286	5.387	25	0.604	2.937	2.937	-0.292	PC(18:1_18:1)	808.582	70	1.163	839079773309214201	839079613531390522	839079613531390521	221	
1	C31H64FNO5	[M + H3N + H]+	C31H68FN2O5+	0.842	0.009	91.792	85.417	6.375	34	0.725	3.747	4.385	-1.617		567.510	71	1.181	839079779508396070	839079613611082306	839079613611082305	223	
1	C37H52N4O9	[M + K]+	C37H52KN4O9+	0.092	0.113	15.271	15.271	0.000	5	0.777	-0.966	4.174	-0.935		735.336	72	1.195	839079764786387769	839079613648831046	839079613648831045	224	
1	C15H22O6	[M + H3N + H]+	C15H26NO6+	1.000	0.333	223.728	220.079	3.649	29	0.556	4.022	4.022	-0.107		316.175	73	1.222	839079765100960588	839079613770465874	839079613770465873	227	
1	C15H22O6	[M + H]+	C15H23O6+	0.538	0.500	150.339	144.614	5.725	31	0.848	5.596	6.398	-0.250		299.149	74	1.225	839079755231762252	839079613850157658	839079613850157657	229	
1	C10H20O	[M + H3N + H]+	C10H24NO+	0.853	0.500	58.743	55.366	3.377	12	0.563	4.768	4.768	0.110		174.185	74	1.226	839079783304241603	839079613808214614	839079613808214613	228	
1	C18H29NO8S	[M + H3N + H]+	C18H33N2O8S+	0.997	0.333	124.992	124.992	0.000	32	0.336	0.287	0.391	-4.331		437.193	74	1.226	839080020919964929	839079614164730490	839079614164730489	237	
1	C9H12O2	[M - H2O + H]+	C9H11O+	1.000	0.500	90.996	87.707	3.289	12	0.942	5.016	5.016	-133331.567		135.081	74	1.228	839079874207399473	839079613887906398	839079613887906397	230	
1	C6H12O5	[M + H]+	C6H13O5+	0.901	0.500	141.952	138.987	2.965	24	0.887	7.328	7.328	0.424		165.076	74	1.229	839079766178896809	839079613929849442	839079613925655137	231	
1	C44H86NO11P	[M - H2O + H]+	C44H85NO10P+	0.838	0.327	44.982	39.578	5.404	10	0.776	3.252	3.252	-22002.796		818.590	74	1.235	839079760898267574	839079613967598182	839079613967598181	232	
1	C46H74N2O9	[M + H3N + H]+	C46H78N3O9+	0.852	0.119	86.604	86.604	0.000	36	0.388	0.429	1.454	0.223		816.573	75	1.249	839079791743181876	839079613724328526	839079613724328525	226	
1	C30H44O12	[M + Na]+	C30H44NaO12+	1.000	0.989	20.705	13.895	6.810	1	0.916	-0.988	0.988	0.828		619.273	75	1.251	839079891139806360	839079614047289966	839079614047289965	234	
1	C43H74N4O9	[M + H3N + H]+	C43H78N5O9+	0.999	0.322	65.886	65.886	0.000	24	0.241	0.589	0.589	3.938		808.583	75	1.257	839079890997199996	839079614408000146	839079614408000145	243	
1	C18H18O5	[M + Na]+	C18H18NaO5+	0.605	0.854	9.872	6.312	3.560	1	0.014	-2.343	2.344	-0.013		337.105	76	1.259	839079756922067004	839079614085038706	839079614085038705	235	
1	C12H17NO8	[M + H3N + H]+	C12H21N2O8+	0.831	0.279	13.415	9.177	4.238	2	0.028	-0.175	3.192	4.758		321.131	76	1.262	839079762479520328	839079614122787446	839079614122787445	236	
1	C11H14O3	[M + H3N + H]+	C11H18NO3+	0.446	0.333	242.032	238.687	3.345	21	0.243	3.204	3.204	0.425		212.128	77	1.280	839079754464204501	839079614206673534	839079614202479229	238	
1	C47H76N4O5	[M + Na]+	C47H76N4NaO5+	1.000	1.000	44.649	44.649	0.000	12	0.797	1.069	3.482	-3.692		799.568	78	1.305	839079947326705021	839079614005346922	839079614005346921	233	
1	C40H63NO6	[M + Na]+	C40H63NNaO6+	0.416	0.382	92.331	92.331	0.000	37	0.876	3.704	3.704	0.681		676.455	79	1.309	839079767214890088	839079614248616578	839079614244422273	239	
1	C13H24O4	[M + H3N + H]+	C13H28NO4+	0.999	0.333	115.980	112.402	3.578	25	0.882	1.438	2.026	0.172		262.201	79	1.317	839079773372128792	839079614324114058	839079614324114057	241	
1	C44H82NO10P	[M + H]+	C44H83NO10P+	0.707	0.212	41.916	41.916	0.000	10	0.842	1.750	1.750	-1.605		816.574	79	1.318	839079759908411757	839079614286365318	839079614286365317	240	
1	C38H74NO10P	[M - H2O + H]+	C38H73NO9P+	0.546	0.302	52.954	52.954	0.000	12	0.796	4.375	4.375	-25066.073		718.502	79	1.319	839079762563406432	839079614370251406	839079614370251405	242	
1	C34H64O	[M + H3N + H]+	C34H68NO+	0.985	0.333	44.119	40.689	3.430	14	0.742	6.148	6.148	1.437		506.530	79	1.324	839079751213618503	839079614533829278	839079614529634973	246	
1	C37H72NO10P	[M - H2O + H]+	C37H71NO9P+	0.862	0.333	49.974	41.507	8.466	8	0.935	3.590	3.590	-25564.788		704.487	80	1.335	839079752786482779	839079614449943190	839079614449943189	244	
1	C10H14O4	[M + H3N + H]+	C10H18NO4+	0.541	0.333	241.796	241.796	0.000	20	0.274	1.094	1.478	0.488		216.123	81	1.343	839079759648364892	839079614496080538	839079614491886233	245	
1	C11H17NO7	[M + K]+	C11H17KNO7+	1.000	1.000	45.193	45.193	0.000	11	0.112	-0.022	0.096	-0.573		314.063	82	1.364	839079779193823216	839079614730961586	839079614730961585	251	
1	C11H14O7	[M + H3N + H]+	C11H18NO7+	1.000	0.333	85.560	79.775	5.785	17	0.972	3.385	3.385	0.404		276.108	82	1.365	839079751335253344	839079614651269802	839079614651269801	249	
1	C11H17NO7	[M + Na]+	C11H17NNaO7+	0.955	0.899	130.776	127.285	3.491	28	0.472	2.476	2.476	-0.311		298.090	82	1.365	839079766489275361	839079614613521062	839079614613521061	248	
1	C8H8O4	[M + H3N + H]+	C8H12NO4+	1.000	0.333	195.774	192.552	3.222	29	0.835	5.645	5.645	0.192		186.076	82	1.367	839079766900317244	839079614693212846	839079614689018541	250	
1	C22H34N2O14	[M + Na]+	C22H34N2NaO14+	1.000	1.000	37.057	30.274	6.783	5	0.951	0.448	0.811	0.603		573.191	82	1.368	839079755332425568	839079614848402110	839079614848402109	254	
1	C7H9NO3	[M - H2O + H]+	C7H8NO2+	0.985	0.333	71.760	71.760	0.000	13	0.088	7.881	7.881	-130459.304		138.055	82	1.371	839079929010178871	839079614764516022	839079614764516021	252	
1	C47H76N4O5	[M + Na]+	C47H76N4NaO5+	0.899	1.000	83.874	83.874	0.000	37	0.501	-0.201	1.520	-3.842		799.568	82	1.373	839079820469971832	839079614928093894	839079614928093893	256	
1	C25H32O6	[M + H3N + H]+	C25H36NO6+	0.685	0.333	56.565	52.621	3.943	16	0.769	2.586	2.586	0.125		446.254	83	1.384	839079781085454544	839079614890345154	839079614890345153	255	
1	C44H82NO10P	[M - H2O + H]+	C44H81NO9P+	0.980	0.309	33.868	33.868	0.000	8	0.898	2.752	2.752	-22554.008		798.564	83	1.384	839079753222690450	839079614970036938	839079614965842633	257	
1	C41H68BN7O7	[M + H3N + H]+	C41H72BN8O7+	0.997	0.333	80.039	80.039	0.000	34	0.401	-0.459	0.688	-0.870		798.564	84	1.400	839079832369213252	839079614575772322	839079614571578017	247	
1	C36H70NO10P	[M - H2O + H]+	C36H69NO9P+	0.490	0.333	52.056	46.994	5.062	23	0.766	3.809	3.809	-26084.269		690.471	84	1.400	839079784730305077	839079615007785678	839079615007785677	258	
1	C43H60O6	[M + H3N + H]+	C43H64NO6+	0.996	0.333	81.465	81.465	0.000	31	0.510	-0.064	0.328	-3.266		690.471	85	1.409	839079803923441670	839079614806459066	839079614806459065	253	
1	C25H32O6	[M + H3N + H]+	C25H36NO6+	1.000	0.328	125.949	125.949	0.000	30	0.384	0.090	0.245	-0.021		446.254	87	1.457	839079788165440303	839079615188140770	839079615188140769	263	
1	C22H41NO	[M + H3N + H]+	C22H45N2O+	1.000	0.333	76.605	73.174	3.431	14	0.202	4.093	4.093	-0.256		353.353	87	1.457	839079929186339654	839079615045534418	839079615045534417	259	
1	C10H19NO4	[M + Na]+	C10H19NNaO4+	1.000	1.000	152.392	152.392	0.000	24	0.458	-0.007	0.166	-0.266		240.121	88	1.463	839079762085255708	839079615116837594	839079615116837593	261	
1	C9H14O5	[M + H3N + H]+	C9H18NO5+	0.418	0.333	72.382	72.382	0.000	13	0.201	0.456	0.456	0.209		220.118	88	1.471	839079768120859810	839079615083283158	839079615079088853	260	
1	C10H14O3	[M + H3N + H]+	C10H18NO3+	0.995	0.333	135.297	135.297	0.000	19	0.287	0.171	0.266	0.251		200.128	89	1.488	839079757022730331	839079615154586334	839079615150392029	262	
1	C20H39NO	[M + H3N + H]+	C20H43N2O+	0.999	0.333	53.980	50.150	3.830	18	0.209	4.556	4.556	-0.460		327.337	91	1.515	839079973415276710	839079615225889510	839079615225889509	264	
1	C35H45N5O9S	[M + H]+	C35H46N5O9S+	0.525	0.332	25.854	25.854	0.000	7	0.730	1.100	1.100	0.947		712.302	91	1.524	839079787884421872	839079615267832554	839079615267832553	265	
1	C5H3NO2	[M + H3N + H]+	C5H7N2O2+	0.997	0.333	81.357	81.357	0.000	6	0.315	6.691	6.691	0.993		127.050	92	1.531	839079895367665164	839079615301386990	839079615301386989	266	
1	C18H36N4	[M + H3N + H]+	C18H40N5+	0.999	0.333	59.215	59.215	0.000	11	0.410	4.507	5.206	-9.508		326.325	92	1.536	839079773573455400	839079615414633210	839079615414633209	269	
1	C11H17N5O4S	[M - H2O + H]+	C11H16N5O3S+	0.849	0.333	47.601	43.761	3.840	7	0.959	1.809	1.817	-60418.492		298.097	93	1.543	839079810860820925	839079615343330034	839079615339135729	267	
1	C20H37NO	[M + H3N + H]+	C20H41N2O+	0.980	0.333	81.461	77.651	3.810	29	0.500	2.904	3.266	-0.308		325.321	93	1.546	839079764257905413	839079615381078774	839079615381078773	268	
1	C37H68NO10P	[M + H]+	C37H69NO10P+	0.423	0.219	55.808	51.952	3.856	24	0.826	4.913	4.913	1.809		718.467	96	1.595	839079765377784704	839079615456576254	839079615456576253	270	
1	C18H35NO	[M + H3N + H]+	C18H39N2O+	1.000	0.333	84.613	84.613	0.000	15	0.282	0.070	0.185	-0.736		299.305	96	1.605	839079759614810454	839079615490130690	839079615490130689	271	
1	C39H60N2O9	[M + H3N + H]+	C39H64N3O9+	0.634	0.297	119.472	119.472	0.000	33	0.548	0.274	0.462	4.256		718.467	96	1.605	839079912870496533	839079615829869346	839079615829869345	279	
1	C30H60O2	[M + H3N + H]+	C30H64NO2+	0.521	0.500	97.807	94.074	3.733	21	0.691	5.488	5.488	0.368		470.493	96	1.607	839079768762588424	839079615527879430	839079615527879429	272	
1	C23H41NO3	[M + H3N + H]+	C23H45N2O3+	1.000	0.333	121.285	117.482	3.803	28	0.850	5.854	5.854	0.227		397.343	96	1.607	839079961792860022	839079615565628170	839079615565628169	273	
1	C47H72N6O3	[M + H3N + H]+	C47H76N7O3+	0.947	0.053	44.345	44.345	0.000	28	0.663	0.404	1.754	1.232		786.601	97	1.611	839079979794813337	839079615603376910	839079615603376909	274	
1	C9H14O2	[M + H3N + H]+	C9H18NO2+	1.000	0.333	211.963	208.780	3.183	39	0.795	5.494	5.494	-0.147		172.133	97	1.624	839079772554239460	839079615641125650	839079615641125649	275	
1	C46H83NO9	[M + K]+	C46H83KNO9+	0.993	0.997	46.483	42.321	4.162	9	0.762	0.186	1.761	-0.830		832.569	98	1.630	839079791235671073	839079615678874390	839079615678874389	276	
1	C42H80NO8P	[M + H]+	C42H81NO8P+	1.000	1.000	74.831	74.831	0.000	34	0.795	3.093	3.093	0.077	PE(18:1_19:1)	758.569	98	1.634	839079896823088761	839079615779537694	839079615779537693	278	
1	C21H39NO3	[M + H3N + H]+	C21H43N2O3+	1.000	0.333	109.722	103.312	6.410	23	0.861	5.144	5.144	0.082		371.327	98	1.638	839079964158447540	839079615716623130	839079615716623129	277	
1	C28H56O2	[M + H3N + H]+	C28H60NO2+	0.508	0.500	78.473	71.964	6.509	18	0.773	6.195	6.195	-0.422		442.462	99	1.649	839079870860344547	839079615867618086	839079615867618085	280	
1	C82H147N6O14P	[M + H3N + H]+	C82H151N7O14P+	0.446	0.002	40.129	40.129	0.000	35	0.853	0.893	1.454	-0.393		1489.105	100	1.662	839079944009010474	839079615947309870	839079615947309869	282	
1	C98H150O12	[M - H2O + H]+	C98H149O11+	0.323	0.310	21.959	21.793	0.166	16	0.697	1.322	1.581	-11986.578		1502.115	100	1.663	839079764627004202	839079615985058610	839079615985058609	283	
1	C41H78NO8P	[M + H]+	C41H79NO8P+	1.000	1.000	85.540	75.435	10.105	35	0.895	2.911	2.911	0.884	PE(18:1_18:1)	744.554	100	1.664	839079769404316962	839079615909561130	839079615909561129	281	
1	C84H150N4O17	[M + H]+	C84H151N4O17+	0.218	0.206	23.122	16.953	6.169	15	0.912	-0.144	1.346	-3.888		1488.101	100	1.668	839079781760737563	839079616022807350	839079616022807349	284	
1	C39H80NO8P	[M + Na]+	C39H80NNaO8P+	0.999	1.000	95.688	95.688	0.000	29	0.658	2.300	2.300	4.411		744.555	100	1.672	839079780489863341	839079616391906138	839079616391906137	293	
1	C84H144N6O14	[M + H]+	C84H145N6O14+	0.144	0.124	20.234	20.234	0.000	20	0.767	0.467	0.938	1.813		1462.084	101	1.688	839079780162707586	839079616144442178	839079616144442177	287	
1	C78H148N2O16P2	[M + H]+	C78H149N2O16P2+	0.392	0.303	19.015	19.015	0.000	16	0.962	0.685	0.779	0.477		1432.038	102	1.693	839079766732545045	839079616106693438	839079616106693437	286	
1	C84H146O16	[M + Na]+	C84H146NaO16+	0.884	0.598	22.465	22.465	0.000	29	0.803	0.258	1.430	2.190		1434.053	102	1.695	839079987415863925	839079616509346662	839079616509346661	296	
1	C40H63N9O2	[M + H3N + H]+	C40H67N10O2+	0.958	0.333	33.672	33.672	0.000	11	0.850	-1.900	3.296	-4.416		719.541	102	1.696	839079975797641505	839079616354157398	839079616354157397	292	
1	C40H76NO8P	[M + H]+	C40H77NO8P+	1.000	1.000	97.123	97.123	0.000	34	0.806	3.228	3.228	0.669	PE(17:1_18:1)	730.539	102	1.698	839079764492786469	839079616186385222	839079616186385221	288	
1	C37H73BNO9P	[M + H]+	C37H74BNO9P+	0.495	0.333	16.163	16.163	0.000	4	0.716	3.322	3.322	4.902		717.526	102	1.702	839079784336040457	839079616266077006	839079616266077005	290	
1	C10H13N5O4	[M - H2O + H]+	C10H12N5O3+	0.834	0.333	50.502	47.793	2.709	9	0.975	-0.019	0.309	-72015.316		250.093	102	1.707	839079802421880705	839079616232522570	839079616228328265	289	
1	C39H76NO8P	[M + H]+	C39H77NO8P+	1.000	1.000	119.726	116.909	2.817	35	0.760	2.746	2.994	-0.935	PE(16:0_18:1)	718.537	103	1.709	839079781387444481	839079616308020050	839079616308020049	291	
1	C84H146O16	[M + Na]+	C84H146NaO16+	0.984	0.963	20.794	20.794	0.000	29	0.815	-0.276	1.781	2.009		1434.053	103	1.709	839080011826713731	839079616060556090	839079616060556089	285	
1	C39H74NO8P	[M + H]+	C39H75NO8P+	1.000	1.000	126.752	126.752	0.000	38	0.905	3.439	3.439	0.696	PE(18:1_16:1)	716.523	103	1.716	839079935930780771	839079616433849182	839079616433849181	294	
1	C76H146N2O16P2	[M + H]+	C76H147N2O16P2+	0.340	0.056	31.630	31.630	0.000	29	0.923	0.424	0.776	0.458		1406.023	103	1.719	839079803822778345	839079616471597922	839079616471597921	295	
1	C40H74O8	[M + Na]+	C40H74NaO8+	0.320	0.431	86.222	86.222	0.000	30	0.777	3.526	3.526	-2.551		705.526	104	1.736	839079784814191173	839079616626787186	839079616626787185	299	
1	C45H76O10	[M - H2O + H]+	C45H75O9+	0.650	0.500	124.692	121.967	2.726	26	0.399	3.093	3.127	-23718.242		759.536	104	1.738	839079794083603732	839079616966525842	839079616962331537	307	
1	C35H66O5	[M - H2O + H]+	C35H65O4+	0.999	0.499	153.971	147.389	6.581	46	0.964	3.303	3.303	-32776.703		549.488	104	1.738	839079774848524015	839079616672924534	839079616672924533	300	
1	C37H72NO8P	[M + H]+	C37H73NO8P+	1.000	1.000	16.977	16.977	0.000	17	0.615	0.237	0.456	1.497		690.508	104	1.738	839079787263664828	839079617385956286	839079617385956285	318	
1	C41H80NO10P	[M - H2O + H]+	C41H79NO9P+	0.305	0.283	51.586	51.586	0.000	34	0.870	3.269	3.520	-23685.814		760.545	104	1.739	839079786189922955	839079616547095402	839079616547095401	297	
1	C43H77NO7	[M + K]+	C43H77KNO7+	0.519	0.772	78.858	75.559	3.298	37	0.712	2.891	2.891	-0.082		758.533	104	1.741	839079789486646119	839079616714867578	839079616714867577	301	
1	C74H146N2O17P2	[M - H2O + H]+	C74H145N2O16P2+	0.408	0.310	35.986	23.932	12.054	18	0.924	0.533	0.681	-13050.770		1380.007	105	1.743	839079774714306239	839079616794559362	839079616794559361	303	
1	C74H144N2O17P2	[M - H2O + H]+	C74H143N2O16P2+	0.266	0.025	32.021	32.021	0.000	30	0.929	0.785	0.817	-13069.463		1377.992	105	1.743	839079800337311460	839079616836502406	839079616836502405	304	
1	C75H148N2O17P2	[M - H2O + H]+	C75H147N2O16P2+	0.333	0.163	61.423	52.299	9.124	39	0.807	0.727	0.738	-12921.045		1394.020	105	1.743	839079858524895315	839079616878445450	839079616878445449	305	
1	C38H72NO8P	[M + H]+	C38H73NO8P+	1.000	1.000	105.650	105.650	0.000	38	0.850	3.778	3.778	-0.529	PE(17:1_16:1)	702.506	105	1.743	839080000049107889	839079616920388494	839079616920388493	306	
1	C36H77N2O6P	[M + K]+	C36H77KN2O6P+	1.000	1.000	74.307	74.307	0.000	36	0.824	1.878	2.492	-7.453		703.510	105	1.745	839079802648373142	839079616584844142	839079616584844141	298	
1	C38H74NO8P	[M + H]+	C38H75NO8P+	1.000	1.000	144.679	135.860	8.820	42	0.906	1.785	2.890	-0.754	PE(17:1_16:0)	704.522	105	1.745	839079884064014724	839079616756810622	839079616752616317	302	
1	C76H133N9O14	[M - H2O + H]+	C76H132N9O13+	0.152	0.138	36.971	36.971	0.000	30	0.813	0.561	1.288	-13059.511		1378.995	105	1.751	839079846755677385	839079617008468886	839079617004274581	308	
1	C37H72NO8P	[M + H]+	C37H73NO8P+	1.000	1.000	95.715	86.415	9.300	30	0.867	3.466	3.466	1.084	PE(16:1_16:0)	690.508	106	1.760	839079781051900109	839079617130103714	839079617130103713	311	
1	C9H14O2	[M + H3N + H]+	C9H18NO2+	1.000	0.333	214.545	211.226	3.319	37	0.736	5.404	5.404	-0.089		172.133	106	1.767	839079831064784584	839079617167852454	839079617167852453	312	
1	C40H66N4O4	[M + Na]+	C40H66N4NaO4+	1.000	1.000	92.852	92.852	0.000	42	0.893	2.040	2.498	-1.142		689.497	106	1.768	839079776157146904	839079617616643030	839079617616643029	324	
1	C37H70NO8P	[M + H]+	C37H71NO8P+	1.000	1.000	106.079	106.079	0.000	35	0.909	3.990	3.990	3.266	PE(16:1_16:1)	688.493	106	1.769	839079764459232036	839079617578894290	839079617578894289	323	
1	C37H70NO9P	[M + H]+	C37H71NO9P+	0.496	0.284	103.166	100.098	3.068	35	0.774	3.196	3.402	0.417		704.486	107	1.779	839079795237037427	839079617654391770	839079617654391769	325	
1	C36H70NO8P	[M + H]+	C36H71NO8P+	1.000	1.000	100.884	94.985	5.899	33	0.842	2.574	2.820	1.728	PE(15:0_16:1)	676.492	107	1.781	839079980574953927	839079617205601194	839079617205601193	313	
1	C32H66N8O10	[M - H2O + H]+	C32H65N8O9+	0.426	0.257	105.237	103.527	1.710	36	0.828	3.337	3.337	-25525.100		705.490	107	1.783	839079863939742339	839079617692140510	839079617692140509	326	
1	C41H73NO7	[M + K]+	C41H73KNO7+	0.998	0.992	117.041	117.041	0.000	38	0.847	2.066	2.753	1.024		730.503	107	1.785	839079930423659339	839079617243349934	839079617243349933	314	
1	C40H66N4O4	[M + Na]+	C40H66N4NaO4+	1.000	1.000	54.857	54.857	0.000	28	0.443	-0.148	0.545	-0.612		689.497	107	1.786	839079794410759482	839079617050411930	839079617050411929	309	
1	C37H70NO8P	[M + H]+	C37H71NO8P+	1.000	1.000	79.987	79.987	0.000	31	0.609	0.526	0.649	3.578		688.494	107	1.787	839079944701070672	839079617088160670	839079617088160669	310	
1	C9H12O3	[M - H2O + H]+	C9H11O2+	0.984	0.500	91.607	91.607	0.000	19	0.947	4.549	4.549	-119215.517		151.075	108	1.798	839079956176686730	839079617314653110	839079617314653109	316	
1	C8H12O2	[M - H2O + H]+	C8H11O+	1.000	0.500	70.805	70.805	0.000	9	0.708	5.933	5.933	-146330.085		123.081	108	1.799	839079987495555736	839079617281098674	839079617281098673	315	
1	C9H14O4	[M + H3N + H]+	C9H18NO4+	1.000	0.333	100.341	100.341	0.000	11	0.490	0.175	0.180	0.468		204.123	108	1.799	839079988850315977	839079617352401850	839079617352401849	317	
1	C9H12O3	[M + H3N + H]+	C9H16NO3+	0.994	0.333	135.095	131.750	3.344	22	0.970	3.581	3.581	0.162		186.113	108	1.801	839079990712587059	839079617427899330	839079617423705025	319	
1	C9H10O2	[M + H3N + H]+	C9H14NO2+	0.995	0.333	109.610	109.610	0.000	18	0.696	4.216	4.216	0.208		168.102	108	1.803	839079796122035612	839079617461453766	839079617461453765	320	
1	C35H68NO8P	[M + H]+	C35H69NO8P+	1.000	1.000	101.605	95.789	5.816	32	0.873	3.530	3.530	0.889	PE(14:0_16:1)	662.476	108	1.805	839079892003833117	839079617499202506	839079617499202505	321	
1	C9H16F3NO3	[M - H2O + H]+	C9H15F3NO2+	0.381	0.333	86.554	83.188	3.366	19	0.386	4.159	4.921	-79655.824		226.105	109	1.808	839079764006247155	839079617536951246	839079617536951245	322	
1	C19H35NO3	[M + H3N + H]+	C19H39N2O3+	0.917	0.333	37.422	33.970	3.452	13	0.953	5.945	5.945	-0.232		343.295	110	1.838	839079774034828866	839079617734083554	839079617734083553	327	
1	C41H78NO10P	[M + H]+	C41H79NO10P+	0.305	0.161	131.737	131.737	0.000	30	0.703	2.004	2.313	-0.362		776.543	110	1.841	839079870612880583	839079617771832294	839079617771832293	328	
1	C37H68NO10P	[M + H]+	C37H69NO10P+	0.668	0.290	134.945	134.945	0.000	39	0.884	3.768	3.768	3.061		718.468	111	1.858	839079792141640797	839079617922827254	839079617922827253	332	
1	C20H34N3O5S	[M + H3N + H]+	C20H38N4O5S+	0.999	0.333	126.820	126.820	0.000	43	0.538	0.103	0.282	-4.544		446.254	112	1.865	839079981464146407	839079618031879170	839079618031879169	335	
1	C18H30O2	[M + H3N + H]+	C18H34NO2+	1.000	0.333	128.701	128.701	0.000	22	0.369	0.182	0.210	-0.104		296.258	112	1.865	839079772554239466	839079618145125390	839079618145125389	338	
1	C37H70NO10P	[M + H]+	C37H71NO10P+	0.639	0.333	38.746	32.068	6.678	24	0.771	6.057	6.057	0.263		720.481	112	1.868	839079768594816226	839079617809581034	839079617809581033	329	
1	C19H32N3O5S	[M + H3N + H]+	C19H36N4O5S+	0.999	0.333	96.583	96.583	0.000	36	0.455	0.138	0.210	-4.379		432.238	112	1.870	839079792447825059	839079618178679826	839079618178679825	339	
1	C17H27N5O4S	[M + H3N + H]+	C17H31N6O4S+	0.956	0.333	108.899	108.899	0.000	38	0.643	0.215	0.287	-1.507		415.212	112	1.872	839079857744754717	839079617960575994	839079617960575993	333	
1	C14H26O5	[M + H3N + H]+	C14H30NO5+	0.976	0.333	100.905	97.302	3.602	32	0.794	2.280	2.624	0.104		292.212	113	1.883	839079807924807888	839079617847329774	839079617847329773	330	
1	C13H24O3	[M + H3N + H]+	C13H28NO3+	0.688	0.333	51.854	48.259	3.594	9	0.921	4.991	4.991	0.040		246.206	113	1.889	839079761363835387	839079617885078514	839079617885078513	331	
1	C18H31NO3	[M + H3N + H]+	C18H35N2O3+	0.998	0.333	160.715	156.916	3.799	48	0.866	0.553	0.742	-0.395		327.264	115	1.911	839079797082531390	839079617994130430	839079617994130429	334	
1	C42H75NO5	[M + H3N + H]+	C42H79N2O5+	0.995	0.333	27.693	27.693	0.000	12	0.498	3.677	3.677	-0.087		691.598	115	1.925	839079769093938442	839079618069627910	839079618069627909	336	
1	C39H78N2O5	[M + Na]+	C39H78N2NaO5+	1.000	1.000	95.616	95.616	0.000	36	0.705	3.703	3.703	4.731		677.584	116	1.926	839079765247761256	839079618111570954	839079618107376649	337	
1	C37H72NO10P	[M + H]+	C37H73NO10P+	0.707	0.333	117.526	110.636	6.890	31	0.791	2.889	2.889	-0.859		722.496	116	1.940	839079821120089049	839079618262565914	839079618262565913	341	
1	C30H58NO11P	[M - H2O + H]+	C30H57NO10P+	0.910	0.333	49.726	43.063	6.663	7	0.876	3.226	3.226	-28937.750		622.372	116	1.940	839079766929677393	839079618220622870	839079618220622869	340	
1	C36H68NO10P	[M - H2O + H]+	C36H67NO9P+	0.751	0.333	54.570	54.570	0.000	22	0.822	4.996	4.996	-26159.878		688.455	116	1.941	839079986811884104	839079618300314654	839079618300314653	342	
1	C34H66NO10P	[M - H2O + H]+	C34H65NO9P+	0.540	0.328	131.211	126.471	4.740	39	0.861	2.438	2.438	-27187.132		662.440	117	1.952	839079935368743978	839079618338063394	839079618338063393	343	
1	C7H12O3	[M + H3N + H]+	C7H16NO3+	1.000	0.333	92.368	92.368	0.000	11	0.189	6.230	6.230	0.032		162.112	118	1.959	839079913180875058	839079618417755178	839079618417755177	345	
1	C8H14O2	[M + H3N + H]+	C8H18NO2+	0.999	0.333	55.997	55.997	0.000	7	0.144	7.756	7.756	0.123		160.133	118	1.959	839079762504686169	839079618455503918	839079618455503917	346	
1	C39H71NO5	[M + H3N + H]+	C39H75N2O5+	0.981	0.333	85.595	76.796	8.799	42	0.864	1.636	2.193	0.752		651.568	118	1.961	839079763507124917	839079618380006438	839079618380006437	344	
1	C40H71FN2O9	[M + H3N + H]+	C40H75FN3O9+	0.972	0.331	96.122	96.122	0.000	37	0.680	0.453	1.189	-0.941		760.547	119	1.980	839080013751899313	839079618652636226	839079618652636225	351	
1	C37H69NO5	[M + H3N + H]+	C37H73N2O5+	0.999	0.333	118.189	109.296	8.893	39	0.848	2.953	2.953	0.112		625.551	119	1.988	839079966503063538	839079618497446962	839079618493252657	347	
1	C43H71N3O9	[M - H2O + H]+	C43H70N3O8+	0.635	0.333	150.379	150.379	0.000	43	0.796	1.801	1.899	-23804.391		756.518	120	1.992	839079796856038923	839079618535195702	839079618535195701	348	
1	C33H64NO10P	[M - H2O + H]+	C33H63NO9P+	0.631	0.195	68.300	68.300	0.000	21	0.773	4.766	4.766	-27775.145		648.424	120	1.993	839079786294780580	839079618577138746	839079618572944441	349	
1	C38H66FN5O8	[M + H3N + H]+	C38H70FN6O8+	0.608	0.289	76.247	76.247	0.000	38	0.622	0.221	2.290	-2.677		757.521	120	1.995	839079823250795675	839079618690384966	839079618690384965	352	
1	C36H68NO10P	[M + H]+	C36H69NO10P+	0.533	0.333	56.508	56.508	0.000	15	0.760	5.013	5.013	-0.114		706.465	120	2.000	839079979329245568	839079618614887486	839079618614887485	350	
1	C37H67NO5	[M + H3N + H]+	C37H71N2O5+	0.984	0.333	75.268	75.268	0.000	37	0.834	1.909	1.909	0.786		623.536	120	2.008	839079779101548503	839079618732328010	839079618732328009	353	
1	C32H62NO10P	[M - H2O + H]+	C32H61NO9P+	0.542	0.331	128.777	128.777	0.000	42	0.874	1.371	1.371	-28388.815		634.408	122	2.031	839079796629546464	839079618778465358	839079618774271053	354	
1	C39H69NO9	[M + K]+	C39H69KNO9+	0.825	0.839	36.368	34.338	2.031	16	0.754	6.504	6.504	1.006		734.461	122	2.034	839079981929714188	839079618816214098	839079618816214097	355	
1	C39H72O5	[M - H2O + H]+	C39H71O4+	0.997	0.500	133.270	126.660	6.610	39	0.934	3.630	3.630	-29841.135		603.535	122	2.036	839079989236191983	839079618858157142	839079618858157141	356	
1	C42H79O10P	[M + H]+	C42H80O10P+	1.000	1.000	78.721	73.755	4.965	32	0.816	2.762	2.762	1.171		775.549	122	2.037	839079913742911801	839079618904294490	839079618904294489	357	
1	C35H66NO10P	[M + H]+	C35H67NO10P+	0.388	0.333	74.797	68.904	5.893	16	0.786	3.348	3.348	0.866		692.450	122	2.038	839079766736739360	839079618950431838	839079618950431837	358	
1	C42H79O10P	[M + H3N + H]+	C42H83NO10P+	1.000	1.000	79.279	71.090	8.189	35	0.892	2.458	2.458	0.567		792.575	122	2.038	839079775339257593	839079618988180578	839079618988180577	359	
1	C35H65NO5	[M + H3N + H]+	C35H69N2O5+	0.997	0.333	82.535	74.307	8.228	37	0.839	2.877	2.877	1.038		597.521	123	2.045	839079830657937061	839079619030123622	839079619025929317	360	
1	C35H63NO5	[M + H3N + H]+	C35H67N2O5+	0.854	0.244	70.491	70.491	0.000	31	0.757	3.115	3.115	1.646		595.505	123	2.047	839079918218234270	839079619063678058	839079619063678057	361	
1	C37H67NO6	[M + H3N + H]+	C37H71N2O6+	0.970	0.102	64.993	58.627	6.366	37	0.645	2.104	2.195	0.634		639.531	124	2.066	839079784453480995	839079619101426798	839079619101426797	362	
1	C37H68O5	[M - H2O + H]+	C37H67O4+	0.998	0.500	112.615	107.948	4.667	33	0.875	3.860	3.860	-31294.494		575.504	124	2.067	839079782364717422	839079619139175538	839079619139175537	363	
1	C37H67NO6S2	[M + H3N + H]+	C37H71N2O6S2+	0.813	0.268	72.581	72.581	0.000	30	0.585	0.179	0.360	-0.755		703.474	124	2.067	839079830389501578	839079619332113542	839079619332113541	368	
1	C37H70O5	[M - H2O + H]+	C37H69O4+	0.998	0.500	93.623	86.820	6.804	28	0.838	3.224	3.224	-31185.235		577.520	124	2.067	839079783321018824	839079619218867322	839079619218867321	365	
1	C32H55N3O9	[M - H2O + H]+	C32H54N3O8+	0.331	0.325	116.340	110.427	5.913	36	0.882	3.794	3.794	-29600.513		608.392	124	2.069	839079782012395833	839079619294364802	839079619294364801	367	
1	C40H77O10P	[M + H3N + H]+	C40H81NO10P+	0.757	0.158	43.499	37.291	6.208	20	0.706	4.629	4.629	3.156		766.562	124	2.069	839079954813537889	839079619176924278	839079619176924277	364	
1	C45H65N3O	[M + K]+	C45H65KN3O+	1.000	1.000	110.147	110.147	0.000	41	0.518	3.134	3.321	-6.964		702.471	124	2.069	839079999197664150	839079619256616062	839079619256616061	366	
1	C45H70N6O7	[M - H2O + H]+	C45H69N6O6+	0.451	0.310	157.709	157.709	0.000	42	0.811	2.503	2.503	-22810.991		789.528	125	2.077	839079956784860843	839079619369862282	839079619369862281	369	
1	C4H14N4O2	[M + Na]+	C4H14N4NaO2+	0.971	1.000	21.134	21.134	0.000	3	0.017	-4.009	4.009	-4.023		173.100	125	2.088	839079840103510537	839079619659269290	839079619659269289	377	
1	C35H66O5	[M - H2O + H]+	C35H65O4+	0.999	0.500	136.587	129.767	6.820	42	0.942	3.644	3.644	-32776.195		549.488	125	2.089	839079862102637032	839079619407611022	839079619407611021	370	
1	C38H73O10P	[M + H3N + H]+	C38H77NO10P+	1.000	1.000	91.747	85.087	6.661	29	0.846	2.980	2.980	0.866		738.529	125	2.089	839079954368941660	839079619445359762	839079619441165457	371	
1	C33H61NO5	[M + H3N + H]+	C33H65N2O5+	1.000	0.333	67.191	64.012	3.179	30	0.643	1.666	1.666	0.879		569.489	125	2.090	839079767995030674	839079619516662938	839079619516662937	373	
1	C8H12O4	[M + H3N + H]+	C8H16NO4+	0.998	0.333	110.360	110.360	0.000	13	0.728	0.877	2.131	2.659		190.108	125	2.091	839079981682250233	839079619478914198	839079619478914197	372	
1	C8H8O2	[M + H3N + H]+	C8H12NO2+	1.000	0.333	163.634	163.634	0.000	15	0.075	5.832	5.832	0.162		154.086	126	2.093	839079936840944776	839079619554411678	839079619554411677	374	
1	C8H10O3	[M - H2O + H]+	C8H9O2+	1.000	0.500	89.416	89.416	0.000	13	0.571	7.520	7.520	-131406.137		137.060	126	2.093	839079781760737572	839079619587966114	839079619587966113	375	
1	C8H10O3	[M + H3N + H]+	C8H14NO3+	0.824	0.333	95.195	92.053	3.142	13	0.940	2.895	2.895	0.350		172.097	126	2.094	839079794536588622	839079619625714854	839079619625714853	376	
1	C37H53NO7	[M - H2O + H]+	C37H52NO6+	0.514	0.326	85.850	85.850	0.000	27	0.826	4.221	4.221	-29705.372		606.377	126	2.097	839079882956718305	839079619806069946	839079619806069945	381	
1	C38H71O10P	[M + H3N + H]+	C38H75NO10P+	0.224	0.027	121.499	121.499	0.000	38	0.863	3.599	3.599	0.773		736.513	126	2.098	839080039953716647	839079619697018030	839079619692823725	378	
1	C35H64O5	[M - H2O + H]+	C35H63O4+	0.997	0.500	132.868	132.868	0.000	40	0.915	3.597	3.597	-32896.793		547.473	126	2.100	839079983850705439	839079619730572466	839079619730572465	379	
1	C8H9F3O2	[M + H3N + H]+	C8H13F3NO2+	0.937	0.316	47.993	44.721	3.273	2	0.104	0.994	0.994	0.850		212.089	126	2.102	839080018504045802	839079619768321206	839079619768321205	380	
1	C42H69NO6	[M + Na]+	C42H69NNaO6+	1.000	1.000	123.939	120.628	3.310	40	0.903	1.603	1.797	-1.429		706.501	127	2.124	839079869962763427	839079619868984510	839079619868984509	382	
1	C20H39NO2	[M + H3N + H]+	C20H43N2O2+	0.997	0.333	81.664	78.199	3.464	22	0.816	4.889	4.889	-0.073		343.332	128	2.127	839079770297703743	839079619915121858	839079619915121857	383	
1	C5H2N4O	[M + H3N + H]+	C5H6N5O+	0.992	0.333	23.189	21.088	2.101	3	0.176	1.933	1.933	0.222		152.057	128	2.132	839079785917293170	839079619961259206	839079619961259205	384	
1	C35H63NO6	[M + H3N + H]+	C35H67N2O6+	0.994	0.333	94.143	87.546	6.597	39	0.826	1.530	1.530	0.549		611.500	128	2.135	839079924371278490	839079620015785162	839079620015785161	385	
1	C3H13N9	[M + H3N + H]+	C3H17N10+	0.349	0.333	-3.272	-3.272	0.000	0		-4.235	4.235	-4.152		193.162	128	2.135	839079784398955038	839079620200334558	839079620196140253	390	
1	C9H16O2	[M + H3N + H]+	C9H20NO2+	0.994	0.333	80.535	77.170	3.365	15	0.619	3.762	3.762	0.257		174.149	128	2.136	839079830628576927	839079620053533902	839079620053533901	386	
1	C8H18NO3	[M + H3N + H]+	C8H22N2O3+	0.999	0.500	111.246	108.838	2.408	19	0.288	6.281	6.281	5.490		194.164	128	2.137	839079831098339022	839079620129031382	839079620129031381	388	
1	C9H18O3	[M + H3N + H]+	C9H22NO3+	1.000	0.500	99.713	94.832	4.881	18	0.836	4.538	4.538	0.260		192.159	128	2.138	839079765059017542	839079620091282642	839079620091282641	387	
1	C11H14N2	[M + H3N + H]+	C11H18N3+	1.000	0.332	76.359	74.606	1.753	10	0.221	6.089	6.089	0.031		192.150	128	2.138	839079774332624493	839079620162585818	839079620162585817	389	
1	C9H21NO3	[M + Na]+	C9H21NNaO3+	1.000	1.000	14.962	14.962	0.000	2	0.092	0.406	0.406	-0.183		214.141	130	2.159	839079802879059882	839079620368106738	839079620368106737	395	
1	C10H23NO3S2	[M - H2O + H]+	C10H22NO2S2+	0.835	0.316	6.456	6.456	0.000	3	0.092	1.318	1.318	-71437.643		252.109	130	2.163	839079777339940736	839079620401661174	839079620401661173	396	
1	C33H51NO6	[M + Na]+	C33H51NNaO6+	0.377	0.469	70.934	67.504	3.429	20	0.864	4.368	4.368	1.139		580.362	132	2.196	839079772529073609	839079620439409914	839079620439409913	397	
1	C25H32O6	[M + H3N + H]+	C25H36NO6+	0.960	0.276	30.053	30.053	0.000	4	0.846	0.219	0.228	0.024		446.254	132	2.200	839079797044782631	839079620540073222	839079620540073221	400	
1	C37H68NO10P	[M + H]+	C37H69NO10P+	0.863	0.330	112.935	112.935	0.000	31	0.812	3.313	3.313	2.240		718.467	132	2.208	839079968050761743	839079620506518786	839079620506518785	399	
1	C6H8N2O3	[M - H2O + H]+	C6H7N2O2+	0.540	0.333	43.680	43.680	0.000	7	0.408	5.658	5.658	-129525.251		139.050	133	2.214	839079968759599183	839079620472964350	839079620472964349	398	
1	C35H61NO7	[M + H3N + H]+	C35H65N2O7+	0.933	0.331	72.638	72.638	0.000	33	0.817	1.185	1.898	1.233		625.479	133	2.216	839079771405000080	839079620615570702	839079620615570701	402	
1	C27H54NO7P	[M + H]+	C27H55NO7P+	1.000	1.000	46.473	42.698	3.775	8	0.878	1.213	1.213	0.772	LPC(19:1)	536.371	134	2.227	839079767181335654	839079620653319442	839079620653319441	403	
1	C27H45N5O5	[M + H3N + H]+	C27H49N6O5+	0.999	0.076	32.314	32.314	0.000	4	0.167	-0.472	2.233	-2.131		537.375	134	2.227	839079770427727179	839079620577821962	839079620577821961	401	
1	C24H48NO7P	[M + H]+	C24H49NO7P+	0.813	0.292	95.653	91.790	3.863	26	0.743	4.317	4.317	0.473		494.324	134	2.233	839079793605453007	839079620691068182	839079620691068181	404	
1	C30H58NO11P	[M - H2O + H]+	C30H57NO10P+	0.362	0.300	87.784	84.063	3.722	21	0.708	3.202	3.202	-28937.849		622.372	134	2.236	839079791017567242	839079620829480230	839079620829480229	408	
1	C7H14O2	[M + H3N + H]+	C7H18NO2+	0.851	0.500	64.088	64.088	0.000	9	0.183	5.021	5.021	0.235		148.133	134	2.239	839079772134809012	839079620724622618	839079620724622617	405	
1	C37H69NO6	[M + H3N + H]+	C37H73N2O6+	0.921	0.333	27.855	27.855	0.000	15	0.743	4.303	4.303	0.305		641.547	134	2.240	839079774001274419	839079620758177054	839079620758177053	406	
1	C8H9N5O3	[M - H2O + H]+	C8H8N5O2+	0.631	0.332	20.942	20.942	0.000	5	0.015	0.256	0.256	-87401.107		206.067	135	2.243	839079776815652700	839079620863034666	839079620863034665	409	
1	C10H21NO3S2	[M - H2O + H]+	C10H20NO2S2+	0.711	0.327	12.129	12.129	0.000	3	0.084	1.358	1.358	-72013.401		250.093	135	2.247	839079792263275641	839079620896589102	839079620896589101	410	
1	C41H62N2O7	[M + H3N + H]+	C41H66N3O7+	1.000	0.332	40.400	40.400	0.000	16	0.437	0.142	0.219	-0.215		712.489	136	2.261	839079804569364529	839079620791731490	839079620791731489	407	
1	C42H60O8	[M + H3N + H]+	C42H64NO8+	0.505	0.333	104.773	104.773	0.000	18	0.453	3.260	4.065	-2.737		710.461	136	2.263	839079814056880715	839079621014029626	839079621014029625	413	
1	C32H58O6	[M - H2O + H]+	C32H57O5+	0.963	0.500	102.496	100.184	2.312	27	0.710	4.381	4.381	-34540.384		521.421	136	2.263	839079882184966262	839079620934337842	839079620934337841	411	
1	C37H64O8	[M + K]+	C37H64KO8+	0.910	0.911	230.779	230.779	0.000	35	0.673	0.740	1.614	0.360		675.424	136	2.265	839079832767672232	839079620972086582	839079620972086581	412	
1	C35H51N7O8	[M + H3N + H]+	C35H55N8O8+	0.999	0.273	51.779	51.779	0.000	30	0.736	0.187	0.293	3.345		715.416	136	2.266	839079896223303243	839079621047584062	839079621047584061	414	
1	C26H52NO7P	[M + H]+	C26H53NO7P+	1.000	1.000	49.786	43.377	6.409	7	0.981	2.066	2.066	0.812	LPC(18:1)	522.356	136	2.267	839079783618814440	839079621089527106	839079621089527105	415	
1	C47H72O8	[M + Na]+	C47H72NaO8+	0.808	0.762	75.074	75.074	0.000	30	0.718	1.175	1.835	2.489		787.514	137	2.278	839079788039611145	839079621165024586	839079621165024585	417	
1	C30H42N2O6	[M + H3N + H]+	C30H46N3O6+	0.997	0.333	72.038	72.038	0.000	25	0.584	0.184	0.257	-0.675		544.338	137	2.279	839079809522837843	839079621127275846	839079621127275845	416	
1	C38H65N11O7	[M + H]+	C38H66N11O7+	0.999	1.000	53.011	53.011	0.000	28	0.714	3.306	3.359	1.142	PC 37:8	788.515	137	2.280	839079799641056963	839079621202773326	839079621202773325	418	
1	C7H13NO4	[M + Na]+	C7H13NNaO4+	0.941	0.938	8.354	8.354	0.000	2	0.031	0.913	0.913	-0.195		198.074	137	2.286	839079777377689487	839079621236327762	839079621236327761	419	
1	C7H8O3	[M + H3N + H]+	C7H12NO3+	0.999	0.333	171.061	168.073	2.988	30	0.928	5.628	5.628	0.571		158.081	137	2.287	839079775548972796	839079621274076502	839079621274076501	420	
1	C35H65NO6	[M + H3N + H]+	C35H69N2O6+	0.980	0.333	63.029	56.196	6.833	28	0.700	4.125	4.125	0.026		613.515	138	2.299	839079771430165923	839079621311825242	839079621311825241	421	
1	C47H68O8	[M + H]+	C47H69O8+	0.496	0.449	62.591	62.591	0.000	23	0.647	3.736	3.736	-2.069		761.497	139	2.311	839079828615310870	839079621345379678	839079621345379677	422	
1	C24H50NO7P	[M + H]+	C24H51NO7P+	1.000	1.000	61.428	57.537	3.891	10	0.716	4.519	4.519	0.854	LPC(16:0)	496.340	139	2.321	839079769110715676	839079621383128418	839079621383128417	423	
1	C37H68N2O7	[M + H]+	C37H69N2O7+	0.351	0.333	45.619	45.619	0.000	11	0.840	0.638	1.550	1.165		653.511	140	2.339	839079770910072189	839079621420877158	839079621416682853	424	
1	C37H67NO7	[M + H3N + H]+	C37H71N2O7+	0.998	0.333	103.305	96.543	6.762	33	0.796	1.963	2.204	0.688		655.526	141	2.351	839079797350966866	839079621454431594	839079621454431593	425	
1	C45H64O8	[M + H]+	C45H65O8+	0.487	0.386	131.582	131.435	0.147	39	0.785	2.638	3.705	-2.748		733.465	141	2.356	839080000229462962	839079621496374638	839079621492180333	426	
1	C26H40N2O6	[M + H3N + H]+	C26H44N3O6+	0.993	0.333	67.574	67.574	0.000	32	0.725	0.099	0.239	3.808		494.324	142	2.367	839079782389883253	839079621525734770	839079621525734769	427	
1	C41H56O7	[M + H3N + H]+	C41H60NO7+	0.919	0.234	59.083	59.083	0.000	27	0.665	0.085	0.307	-2.535		678.435	142	2.372	839079820545469325	839079621601232250	839079621601232249	429	
1	C13H24O3	[M + H3N + H]+	C13H28NO3+	0.984	0.333	69.061	65.459	3.602	21	0.811	2.791	2.877	-0.082		246.206	143	2.377	839079776131981074	839079621634786686	839079621634786685	430	
1	C35H61NO6	[M + H3N + H]+	C35H65N2O6+	0.668	0.065	79.068	79.068	0.000	37	0.733	1.329	1.721	0.403		609.484	143	2.378	839079790002545569	839079621563483510	839079621563483509	428	
1	C36H59N5O3	[M + H3N + H]+	C36H63N6O3+	0.997	0.333	134.581	127.991	6.590	43	0.866	0.785	2.020	-1.540		627.495	143	2.379	839079799443924631	839079621672535426	839079621672535425	431	
1	C41H54O6	[M + H3N + H]+	C41H58NO6+	1.000	1.000	90.091	90.091	0.000	27	0.658	0.356	0.419	-2.779		660.424	143	2.380	839079774311652971	839079621706089862	839079621706089861	432	
1	C14H26N2O6S2	[M - H2O + H]+	C14H25N2O5S2+	0.471	0.333	45.350	45.350	0.000	18	0.724	0.172	0.324	-49325.649		365.121	143	2.385	839079800773519131	839079621739644298	839079621739644297	433	
1	C33H44N6O6	[M + H3N + H]+	C33H48N7O6+	0.704	0.261	70.351	70.351	0.000	31	0.634	0.094	0.333	1.200		638.367	143	2.389	839079888023438197	839079621806753170	839079621806753169	435	
1	C38H63N7O6	[M + Na]+	C38H63N7NaO6+	0.587	0.658	47.325	47.325	0.000	12	0.648	3.658	3.658	4.517		736.477	144	2.392	839079799561365161	839079621844501910	839079621844501909	436	
1	C42H58O8	[M + H3N + H]+	C42H62NO8+	0.994	0.005	41.186	41.186	0.000	28	0.657	0.279	0.432	-2.293		708.445	144	2.405	839079883841716552	839079621773198734	839079621773198733	434	
1	C46H84O12S	[M + H3N + H]+	C46H88NO12S+	1.000	1.000	78.258	78.258	0.000	18	0.701	3.013	3.302	0.951		878.603	145	2.417	839079771442748850	839079621878056346	839079621878056345	437	
1	C45H82O12S	[M + H3N + H]+	C45H86NO12S+	1.000	1.000	70.080	63.464	6.616	31	0.773	0.861	2.085	0.480		864.587	145	2.423	839079801096480566	839079621919999390	839079621915805085	438	
1	C37H68NO10P	[M + H]+	C37H69NO10P+	0.682	0.330	156.037	156.037	0.000	37	0.815	2.518	3.068	1.141		718.466	145	2.425	839079828200074743	839079621953553826	839079621953553825	439	
1	C47H72N4O8	[M + H3N + H]+	C47H76N5O8+	1.000	1.000	102.296	96.451	5.845	31	0.834	1.540	2.575	3.100	SQDG 34:1	838.571	147	2.453	839080026393531724	839079621991302566	839079621991302565	440	
1	C40H52O6	[M + H3N + H]+	C40H56NO6+	1.000	1.000	73.066	73.066	0.000	25	0.530	0.106	0.280	-3.133		646.408	148	2.463	839080021746242838	839079622091965874	839079622091965873	443	
1	C7H9N5O2	[M - H2O + H]+	C7H8N5O+	0.999	0.333	16.935	16.935	0.000	3	0.107	-0.136	0.249	-101141.822		178.072	148	2.463	839079774827552483	839079622058411438	839079622058411437	442	
1	C7H9N5O2	[M + H]+	C7H10N5O2+	0.634	0.333	25.997	25.997	0.000	6	0.102	0.194	0.194	-0.081		196.083	148	2.465	839080026888459606	839079622159074746	839079622159074745	445	
1	C7H18OSi	[M + H]+	C7H19OSi+	0.636	0.664	0.803	0.803	0.000	1	0.007	5.838	5.838	5.790		147.121	148	2.466	839079796222698926	839079622129714614	839079622125520309	444	
1	C37H72NO8P	[M + Na]+	C37H72NNaO8P+	1.000	1.000	59.753	59.753	0.000	16	0.524	4.956	4.956	0.357		712.489	149	2.476	839079775737716493	839079622024857002	839079622024857001	441	
1	C41H76O12S	[M + H3N + H]+	C41H80NO12S+	1.000	1.000	48.581	48.581	0.000	22	0.806	4.977	4.977	0.340		810.540	149	2.478	839079885494272570	839079622196823486	839079622196823485	446	
1	C37H67NO6	[M + H3N + H]+	C37H71N2O6+	0.974	0.333	29.305	29.305	0.000	6	0.671	1.359	1.689	1.416		639.532	149	2.481	839079777142808430	839079622234572226	839079622234572225	447	
1	C41H78O12S	[M + H3N + H]+	C41H82NO12S+	1.000	1.000	79.387	79.387	0.000	19	0.740	3.936	3.936	-0.166		812.555	149	2.482	839079775855157007	839079622305875402	839079622305875401	449	
1	C7H17NO3	[M - H2O + H]+	C7H16NO2+	0.847	0.333	35.582	32.430	3.152	3	0.966	5.933	5.933	-123260.979		146.118	149	2.486	839079779189628908	839079622268126662	839079622268126661	448	
1	C29H34N4O2	[M + H3N + H]+	C29H38N5O2+	0.996	0.103	60.481	60.481	0.000	24	0.632	-0.148	0.207	-2.267		488.301	150	2.502	839079900761540477	839079622339429838	839079622339429837	450	
1	C4H5NO3	[M + H3N + H]+	C4H9N2O3+	1.000	0.333	80.838	78.596	2.242	6	0.694	5.542	5.542	1.514		133.061	151	2.510	839079833468121063	839079622377178578	839079622377178577	451	
1	C34H50N2O8	[M + H3N + H]+	C34H54N3O8+	0.992	0.332	61.084	61.084	0.000	27	0.311	0.215	0.243	3.365		632.393	151	2.510	839079838417400035	839079622414927318	839079622414927317	452	
1	C29H35N5O6	[M + H]+	C29H36N5O6+	0.439	0.329	54.115	50.402	3.714	21	0.771	4.851	4.851	0.726		550.266	152	2.539	839079809392814390	839079622452676058	839079622452676057	453	
1	C40H69N7O8	[M + Na]+	C40H69N7NaO8+	0.216	0.227	2.975	2.975	0.000	3	0.563	-0.129	0.226	-1.982		798.508	153	2.542	839079783492985295	839079622528173538	839079622523979233	455	
1	C5H5F2O	[M + H3N + H]+	C5H9F2NO+	0.985	0.330	4.866	4.866	0.000	1	0.021	-4.261	5.335	0.863		137.065	153	2.543	839079801331361626	839079622490424798	839079622490424797	454	
1	C6H3N2O	[M + H3N + H]+	C6H7N3O+	0.902	0.325	60.957	60.957	0.000	5	0.554	2.708	3.926	2.822		137.059	153	2.543	839079887981495132	839079622561727974	839079622561727973	456	
1	C37H53NO7	[M - H2O + H]+	C37H52NO6+	0.360	0.187	150.071	150.071	0.000	23	0.557	2.534	3.204	-29705.270		606.377	153	2.551	839079842188079721	839079622599476714	839079622599476713	457	
1	C10H20N6O4S	[M - H2O + H]+	C10H19N6O3S+	0.645	0.333	25.116	24.150	0.966	8	0.966	0.671	0.671	-59416.947		303.123	153	2.557	839079779881689167	839079622670779890	839079622670779889	459	
1	C33H48N5O4P	[M + H]+	C33H49N5O4P+	0.324	0.347	6.012	2.700	3.312	1	0.593	-0.144	0.144	1.183		610.352	154	2.558	839079782347940195	839079622637225454	839079622637225453	458	
1	C11H25NO6	[M - H2O + H]+	C11H24NO5+	0.395	0.333	30.233	30.233	0.000	8	0.201	0.056	0.233	-71994.940		250.165	155	2.576	839079776735960903	839079622704334326	839079622704334325	460	
1	C15H25ClN2O7S	[M - H2O + H]+	C15H24ClN2O6S+	0.402	0.333	46.182	46.182	0.000	23	0.320	0.115	0.151	-45589.524		395.102	156	2.606	839079805689243771	839079622775637502	839079622775637501	462	
1	C28H24F4N6O3	[M + H3N + H]+	C28H28F4N7O3+	0.477	0.138	12.062	9.203	2.859	2	0.757	-0.961	0.961	1.762		586.219	156	2.608	839079783069360552	839079622742083066	839079622742083065	461	
1	C21H27N2O7P	[M + H3N + H]+	C21H31N3O7P+	0.931	0.000	104.166	101.466	2.700	20	0.428	1.393	2.017	3.837		468.191	157	2.610	839079866250804134	839079622813386242	839079622813386241	463	
1	C22H27ClN2O6	[M + Na]+	C22H27ClN2NaO6+	0.385	0.180	14.730	14.730	0.000	4	0.174	3.297	3.297	3.329		473.147	157	2.610	839079820134427497	839079622851134982	839079622851134981	464	
1	C26H24N2O4	[M + Na]+	C26H24N2NaO4+	1.000	1.000	77.434	74.779	2.655	31	0.866	1.698	2.568	3.928		451.165	157	2.612	839079790115791797	839079622888883722	839079622888883721	465	
1	C11H13NO5	[M + H3N + H]+	C11H17N2O5+	1.000	0.333	52.176	48.671	3.505	20	0.434	2.492	2.492	-0.148		257.113	158	2.642	839079788115108637	839079622926632462	839079622926632461	466	
1	C31H51N3O9	[M - H2O + H]+	C31H50N3O8+	0.289	0.260	86.448	83.599	2.849	24	0.705	3.787	3.842	-30401.151		592.361	158	2.642	839079792565265594	839079622964381202	839079622964381201	467	
1	C35H49NO7	[M - H2O + H]+	C35H48NO6+	0.394	0.257	70.051	70.051	0.000	24	0.665	3.964	3.973	-31144.831		578.346	161	2.678	839079868129852498	839079622997935638	839079622997935637	468	
1	C9H15N5O6	[M - H2O + H]+	C9H14N5O5+	0.403	0.309	19.418	19.418	0.000	4	0.558	2.152	2.725	-66187.177		272.100	161	2.680	839079787599209176	839079623035684378	839079623035684377	469	
1	C10H12N5O3	[M + Na]+	C10H12N5NaO3+	0.844	0.634	22.454	22.454	0.000	7	0.548	0.880	1.533	2.747		273.084	161	2.691	839079871447547161	839079623102793250	839079623102793249	471	
1	C10H8N8O2	[M + Na]+	C10H8N8NaO2+	0.716	0.003	18.064	18.064	0.000	4	0.549	0.249	0.272	-0.516		295.066	161	2.692	839079787574043337	839079623207650862	839079623207650861	474	
1	C14H27NO2	[M + H3N + H]+	C14H31N2O2+	0.999	0.333	79.078	75.710	3.367	21	0.411	3.079	3.079	0.484		259.238	162	2.693	839079783673340395	839079623073433118	839079623069238813	470	
1	C4H8BNO4S	[M - H2O + H]+	C4H7BNO3S+	0.251	0.230	19.790	19.790	0.000	3	0.406	6.548	6.548	-113249.770		159.028	162	2.695	839079789780247441	839079623140541990	839079623140541989	472	
1	C5H6N4O2	[M - H2O + H]+	C5H5N4O+	0.983	0.333	52.592	49.728	2.864	8	0.684	5.120	5.120	-131419.783		137.046	162	2.697	839079779818774584	839079623249593906	839079623249593905	475	
1	C3H10ClN3O2	[M - H2O + H]+	C3H9ClN3O+	0.898	0.331	31.203	31.203	0.000	8	0.142	2.531	2.531	-130472.089		138.043	162	2.697	839079780083015786	839079623283148342	839079623283148341	476	
1	C9H4O5	[M - H2O + H]+	C9H3O4+	0.444	0.425	4.044	4.044	0.000	0	0.000	-5.440	5.440	-102921.664		175.002	162	2.697	839079789738304381	839079623178290730	839079623174096425	473	
1	C3H10FN3OS	[M - H2O + H]+	C3H9FN3S+	0.627	0.333	11.052	11.052	0.000	4	0.187	-1.494	6.466	-130470.065		138.049	162	2.698	839079790568776692	839079623320897082	839079623320897081	477	
1	C14H29N6O4	[M - H2O + H]+	C14H28N6O3+	0.394	0.162	27.354	27.354	0.000	13	0.621	0.325	0.325	-54869.322		328.223	162	2.700	839079782289219921	839079623358645822	839079623358645821	478	
1	C14H23N5O10	[M - H2O + H]+	C14H22N5O9+	0.428	0.306	20.032	17.233	2.799	2	0.707	-0.197	0.274	-44561.421		404.143	163	2.714	839079793848722687	839079623429948998	839079623425754693	480	
1	C10H15N5O5	[M - H2O + H]+	C10H14N5O4+	0.779	0.333	48.875	43.441	5.434	7	0.978	3.874	3.874	-67177.485		268.104	163	2.722	839079781240643816	839079623547389522	839079623547389521	483	
1	C35H41N9O7	[M - H2O + H]+	C35H40N9O6+	0.344	0.247	12.671	12.671	0.000	3	0.702	0.098	0.576	-26397.698		682.309	163	2.723	839079788530344777	839079623513835086	839079623509640781	482	
1	C13H22F2N10O6	[M - H2O + H]+	C13H21F2N10O5+	0.354	0.163	28.272	25.202	3.070	11	0.826	-0.946	1.426	-41388.236		435.166	164	2.732	839079793777419498	839079623585138262	839079623585138261	484	
1	C19H17F3N6O2	[M + H3N + H]+	C19H21F3N7O2+	0.338	0.332	32.565	32.565	0.000	9	0.781	0.642	4.805	-2.692		436.169	164	2.734	839079801121646393	839079623471892042	839079623471892041	481	
1	C30H45N7O9S	[M + K]+	C30H45KN7O9S+	0.612	0.509	56.086	56.086	0.000	15	0.754	3.831	5.422	-1.901		718.262	165	2.743	839079933867183058	839079623622887002	839079623622887001	485	
1	C21H20N8O2S	[M + H]+	C21H21N8O2S+	0.276	0.310	28.276	28.276	0.000	18	0.746	0.363	0.415	-2.381		449.149	165	2.747	839079872827473335	839079623694190178	839079623694190177	487	
1	C19H28O10S	[M + H3N + H]+	C19H32NO10S+	0.455	0.070	43.107	43.107	0.000	6	0.394	3.640	3.640	3.103		466.176	165	2.747	839079814342093420	839079623656441438	839079623656441437	486	
1	C21H27N2O7P	[M + H3N + H]+	C21H31N3O7P+	1.000	0.191	62.819	59.896	2.924	15	0.306	2.127	2.905	4.286		468.191	165	2.750	839079826279083270	839079623731938918	839079623731938917	488	
1	C26H24N2O4	[M + Na]+	C26H24N2NaO4+	1.000	1.000	67.307	65.556	1.751	28	0.796	3.165	3.165	3.950		451.165	165	2.750	839079798928025215	839079623790659178	839079623786464873	489	
1	C7H9N5O2	[M - H2O + H]+	C7H8N5O+	1.000	0.333	33.141	33.141	0.000	3	0.582	0.175	0.229	-101141.946		178.072	165	2.750	839079820553857958	839079623392200258	839079623392200257	479	
1	C22H27ClN2O6	[M + Na]+	C22H27ClN2NaO6+	0.585	0.568	13.319	13.319	0.000	3	0.439	1.893	1.933	3.435		473.147	165	2.752	839079825192758515	839079623832602222	839079623828407917	490	
1	C22H30N4O6S	[M + H3N + H]+	C22H34N5O6S+	0.991	0.333	33.475	33.475	0.000	14	0.621	0.270	0.270	0.390		496.223	165	2.756	839079861486074272	839079623866156658	839079623866156657	491	
1	C7H3N5O	[M + H3N + H]+	C7H7N6O+	0.999	0.333	47.449	45.428	2.020	14	0.631	0.662	0.662	0.182		191.068	165	2.757	839079784088576499	839079623899711094	839079623899711093	492	
1	C7H9N5O2	[M - H2O + H]+	C7H8N5O+	1.000	0.331	25.221	25.221	0.000	2	0.533	-0.142	0.301	-101141.946		178.072	167	2.789	839079790384227279	839079624147175058	839079624147175057	499	
1	C23H46NO7P	[M + H]+	C23H47NO7P+	1.000	1.000	95.771	91.935	3.836	30	0.829	2.119	2.119	0.300	LPE(18:1)	480.309	167	2.791	839079789302096741	839079623937459834	839079623937459833	493	
1	C17H38N7O7S	[M + H3N + H]+	C17H42N8O7S+	0.997	0.221	64.839	64.839	0.000	37	0.746	0.331	0.357	4.901		502.292	168	2.796	839079833283571659	839079623971014270	839079623971014269	494	
1	C21H23F7N4O9	[M + Na]+	C21H23F7N4NaO9+	0.224	0.373	19.251	16.574	2.676	4	0.575	-1.744	1.744	-1.943		631.123	168	2.800	839079956885524159	839079624008763010	839079624008763009	495	
1	C11H20O2	[M + H3N + H]+	C11H24NO2+	1.000	0.333	88.291	84.901	3.391	14	0.871	6.767	6.767	0.122		202.180	168	2.801	839079782649930131	839079624046511750	839079624042317445	496	
1	C5HN3O2	[M + H3N + H]+	C5H5N4O2+	0.982	0.333	32.562	30.327	2.235	2	0.581	2.316	2.316	0.053		153.041	168	2.802	839079959364357912	839079624080066186	839079624080066185	497	
1	C10H20N6O4S	[M - H2O + H]+	C10H19N6O3S+	0.736	0.308	27.107	27.107	0.000	20	0.504	0.117	0.235	-59417.035		303.123	169	2.816	839079796474357188	839079624247838366	839079624247838365	502	
1	C30H60O2	[M + H3N + H]+	C30H64NO2+	0.849	0.500	21.076	21.076	0.000	13	0.076	0.036	0.097	0.241		470.493	169	2.819	839079784243765767	839079624113620622	839079624113620621	498	
1	C6H4N4O2	[M + H3N + H]+	C6H8N5O2+	1.000	0.333	40.197	40.197	0.000	6	0.597	-0.294	1.284	0.160		182.067	170	2.830	839079785002934873	839079624352695978	839079624352695977	505	
1	C9H11NO	[M + H]+	C9H12NO+	0.442	0.333	29.525	29.525	0.000	6	0.010	4.110	4.110	-0.036		150.091	170	2.830	839079833883357195	839079624180729494	839079624180729493	500	
1	C9H11NO	[M + H3N + H]+	C9H15N2O+	0.993	0.333	21.389	21.389	0.000	3	0.028	5.301	5.301	0.422		167.118	170	2.832	839079959628599088	839079624214283930	839079624214283929	501	
1	C24H35N7O2	[M + H]+	C24H36N7O2+	0.291	0.280	56.207	56.207	0.000	24	0.386	0.035	0.233	1.123		454.293	170	2.833	839079798126913124	839079624314947238	839079624314947237	504	
1	C22H44NO7P	[M + H]+	C22H45NO7P+	1.000	1.000	70.270	66.396	3.874	24	0.748	4.272	4.272	0.181	LPE(17:1)	466.293	170	2.836	839079801830483837	839079624281392802	839079624281392801	503	
1	C7H9N5O2	[M + H]+	C7H10N5O2+	0.648	0.333	44.178	44.178	0.000	5	0.441	0.008	0.263	0.199		196.083	171	2.851	839079790551999458	839079624491108026	839079624491108025	509	
1	C19H33NO3	[M + H3N + H]+	C19H37N2O3+	0.984	0.333	75.774	75.774	0.000	22	0.430	0.071	0.148	-0.072		341.280	172	2.865	839079804976212055	839079624423999154	839079624423999153	507	
1	C28H56O2	[M + H3N + H]+	C28H60NO2+	0.802	0.500	34.271	34.271	0.000	13	0.101	0.026	0.084	0.008		442.462	172	2.866	839079798357599869	839079624386250414	839079624386250413	506	
1	C23H48NO7P	[M + H]+	C23H49NO7P+	0.462	0.332	65.021	61.240	3.781	11	0.376	2.570	3.352	0.506		482.324	172	2.873	839079815239674496	839079624566605506	839079624566605505	511	
1	C21H42NO7P	[M + Na]+	C21H42NNaO7P+	1.000	1.000	159.766	155.902	3.864	28	0.697	2.990	2.990	0.232	LPE(16:1)	474.259	172	2.873	839079799548782248	839079624604354246	839079624600159941	512	
1	C21H38N6O6	[M - H2O + H]+	C21H37N6O5+	0.565	0.333	102.719	102.719	0.000	33	0.577	0.101	0.256	-39737.104		453.281	172	2.874	839079817219386055	839079624457553590	839079624457553589	508	
1	C21H42NO7P	[M + H]+	C21H43NO7P+	1.000	1.000	115.629	109.685	5.945	34	0.933	2.330	2.330	0.297	LPE(16:1)	452.277	173	2.875	839079794595308894	839079624642102986	839079624642102985	513	
1	C19H36O4	[M - H2O + H]+	C19H35O3+	0.562	0.500	168.268	164.421	3.847	35	0.887	3.266	3.266	-57864.554		311.258	173	2.875	839079810982455767	839079624528856766	839079624528856765	510	
1	C11H19FN3O3S	[M - H2O + H]+	C11H18FN3O2S+	0.246	0.174	22.324	22.324	0.000	11	0.408	0.597	0.809	-65465.606		275.110	173	2.885	839079808834971932	839079624675657422	839079624675657421	514	
1	C26H34N6O2	[M + H3N + H]+	C26H38N7O2+	0.997	0.333	67.322	67.322	0.000	24	0.608	0.031	0.321	0.948		480.309	174	2.904	839079805764741262	839079624709211858	839079624709211857	515	
1	C13H21NO	[M + H3N + H]+	C13H25N2O+	0.368	0.332	43.400	43.400	0.000	11	0.253	-0.092	0.210	-0.155		225.196	175	2.908	839079790401004506	839079624742766294	839079624742766293	516	
1	C7H17NO3	[M - H2O + H]+	C7H16NO2+	0.792	0.333	29.374	29.374	0.000	5	0.101	5.640	5.640	-123260.941		146.118	176	2.942	839079811116673514	839079625095087870	839079625095087869	526	
1	C8H5NO	[M + H3N + H]+	C8H9N2O+	0.983	0.333	73.405	73.405	0.000	13	0.014	2.164	2.164	-0.029		149.071	177	2.944	839079795081848170	839079624776320730	839079624776320729	517	
1	C27H33N5O3	[M + H3N + H]+	C27H37N6O3+	0.998	0.333	70.249	70.249	0.000	32	0.594	0.134	0.262	0.942		493.293	177	2.953	839079853680473841	839079624881178342	839079624881178341	520	
1	C21H44NO7P	[M + H]+	C21H45NO7P+	1.000	1.000	58.508	51.933	6.575	21	0.752	3.487	3.487	0.295	LPE(16:0)	454.293	177	2.953	839079854099904286	839079624847623906	839079624847623905	519	
1	C27H36O6	[M + H3N + H]+	C27H40NO6+	0.236	0.062	58.412	54.895	3.517	11	0.409	0.643	1.596	0.328		474.285	177	2.954	839079808566536455	839079624914732778	839079624914732777	521	
1	C11H17NO3	[M + H3N + H]+	C11H21N2O3+	0.997	0.333	57.891	57.891	0.000	10	0.322	0.219	0.226	-0.061		229.155	177	2.956	839079811418663405	839079624809875166	839079624809875165	518	
1	C24H47O9P	[M + Na]+	C24H47NaO9P+	0.820	0.803	63.508	59.666	3.842	13	0.571	3.974	4.020	0.731		533.285	177	2.956	839079838983631163	839079625128642306	839079625128642305	527	
1	C21H40O4	[M - H2O + H]+	C21H39O3+	0.933	0.500	119.736	115.808	3.928	27	0.752	3.213	3.236	-53083.326		339.289	177	2.957	839079867987246141	839079625023784694	839079625023784693	524	
1	C35H73N5O11	[M - H2O + H]+	C35H72N5O10+	0.475	0.201	35.228	35.228	0.000	8	0.521	-0.104	1.308	-24926.875		722.528	177	2.957	839079813339654690	839079625057339130	839079625057339129	525	
1	C25H34N2O6	[M + H3N + H]+	C25H38N3O6+	0.658	0.009	96.494	96.494	0.000	28	0.416	0.029	0.235	-0.950		476.275	177	2.958	839079857178523651	839079624948287214	839079624948287213	522	
1	C26H42N2O8	[M + H]+	C26H43N2O8+	0.204	0.207	42.149	38.988	3.161	7	0.280	2.800	2.962	3.926		511.303	178	2.958	839079851361023541	839079624986035954	839079624986035953	523	
1	C7H7N3O	[M + H3N + H]+	C7H11N4O+	0.998	0.333	42.012	42.012	0.000	5	0.475	0.850	1.047	0.494		167.093	179	2.991	839079871615319344	839079625162196742	839079625162196741	528	
1	C19H36O3	[M + H]+	C19H37O3+	0.499	0.494	14.971	14.971	0.000	4	0.026	0.146	0.203	-0.611		313.274	180	3.001	839079809900325242	839079625195751178	839079625195751177	529	
1	C3H10FN3OS	[M - H2O + H]+	C3H9FN3S+	0.539	0.171	2.507	2.507	0.000	1	0.001	-3.076	3.076	-130469.614		138.049	180	3.006	839079810273618321	839079625313191702	839079625308997397	532	
1	C20H24N8O8	[M + H]+	C20H25N8O8+	0.630	0.001	45.924	42.541	3.383	11	0.533	4.935	4.999	0.582		505.179	180	3.006	839079816929979064	839079625233499918	839079625233499917	530	
1	C20H24N8O8	[M + Na]+	C20H24N8NaO8+	0.999	0.082	25.679	22.718	2.962	4	0.720	-0.843	1.503	0.682		527.161	180	3.006	839079839709245907	839079625275442962	839079625275442961	531	
1	C10H12N4O4	[M + H]+	C10H13N4O4+	0.637	0.330	29.428	29.428	0.000	7	0.621	0.275	0.529	-0.064		253.093	180	3.008	839079893778023871	839079625388689182	839079625384494877	534	
1	C5H6N4O2	[M - H2O + H]+	C5H5N4O+	0.985	0.333	39.892	36.978	2.914	7	0.710	5.265	5.265	-131419.948		137.046	180	3.008	839079897263490689	839079625350940442	839079625350940441	533	
1	C7H9N8O2P	[M + Na]+	C7H9N8NaO2P+	0.456	0.629	24.529	24.529	0.000	6	0.550	0.480	0.480	3.852		291.049	180	3.008	839079974992335067	839079625464186662	839079625459992357	536	
1	C10H12N4O4	[M + Na]+	C10H12N4NaO4+	0.770	0.318	18.866	15.896	2.970	2	0.966	-0.543	0.543	-0.129		275.075	181	3.010	839079801532688231	839079625497741098	839079625497741097	537	
1	C3H10ClN3O2	[M - H2O + H]+	C3H9ClN3O+	0.729	0.167	18.744	18.744	0.000	4	0.144	1.222	1.597	-130471.843		138.043	181	3.013	839079792280052873	839079625426437922	839079625426437921	535	
1	C7H14N2O3	[M - H2O + H]+	C7H13N2O2+	0.475	0.333	53.151	53.151	0.000	8	0.536	3.928	3.928	-114645.418		157.097	181	3.018	839079794301707563	839079625535489838	839079625535489837	538	
1	C29H38O6	[M + H]+	C29H39O6+	0.369	0.280	93.075	92.816	0.259	16	0.499	4.985	4.985	-4.460		483.272	182	3.031	839079847665841472	839079625610987318	839079625610987317	540	
1	C25H29N5O3	[M + H3N + H]+	C25H33N6O3+	0.993	0.333	65.856	65.856	0.000	24	0.643	0.272	0.326	1.052		465.261	182	3.032	839079861096003917	839079625573238578	839079625569044273	539	
1	C19H36O4	[M - H2O + H]+	C19H35O3+	0.524	0.500	163.537	159.833	3.705	35	0.799	2.612	2.612	-57864.316		311.258	182	3.034	839079796767958521	839079625648736058	839079625648736057	541	
1	C6H2N4O	[M + H3N + H]+	C6H6N5O+	1.000	0.333	71.877	69.961	1.916	10	0.531	0.582	1.158	-0.038		164.057	182	3.038	839079792003228742	839079625686484798	839079625686484797	542	
1	C6H5N5O	[M + Na]+	C6H5N5NaO+	0.597	0.266	11.002	11.002	0.000	2	0.231	0.272	0.272	0.186		186.039	182	3.039	839079818116967137	839079625720039234	839079625720039233	543	
1	C25H34N6O4	[M + Na]+	C25H34N6NaO4+	0.843	0.780	68.313	68.313	0.000	33	0.724	0.206	0.285	0.853		505.254	183	3.042	839079849146430882	839079625787148106	839079625787148105	545	
1	C20H30N6O5S2	[M - H2O + H]+	C20H29N6O4S2+	0.586	0.332	58.426	58.426	0.000	20	0.567	0.092	0.260	-37431.940		481.168	183	3.042	839079846826980572	839079625753593670	839079625753593669	544	
1	C10H17NO2Si2	[M + H3N + H]+	C10H21N2O2Si2+	0.979	0.326	74.466	74.466	0.000	15	0.472	0.525	1.526	-1.896		257.113	185	3.086	839079822109944918	839079625854256978	839079625854256977	547	
1	C6H4N4O	[M + H3N + H]+	C6H8N5O+	0.989	0.333	11.624	11.624	0.000	1	0.070	0.430	0.430	0.444		166.072	185	3.088	839079800446363369	839079625887811414	839079625887811413	548	
1	C11H24N2O4	[M - H2O + H]+	C11H23N2O3+	0.550	0.333	67.932	67.932	0.000	16	0.422	0.053	0.260	-77910.480		231.170	188	3.126	839079894444918246	839079625925560154	839079625925560153	549	
1	C14H28O6	[M + H3N + H]+	C14H32NO6+	0.996	0.493	80.130	76.373	3.758	21	0.832	3.617	3.617	-0.304		310.222	190	3.164	839079803361404854	839079625996863330	839079625992669025	551	
1	C26H31N5O4	[M + H3N + H]+	C26H35N6O4+	0.926	0.287	73.831	73.831	0.000	28	0.626	0.129	0.450	-2.372		495.270	190	3.166	839079855131703144	839079625959114590	839079625959114589	550	
1	C11H24N4O2	[M - H2O + H]+	C11H23N4O+	0.403	0.333	51.628	51.628	0.000	12	0.460	0.516	0.516	-79276.599		227.187	191	3.184	839079794675000676	839079626026223462	839079626026223461	552	
1	C9H11N5O4	[M - H2O + H]+	C9H10N5O3+	0.836	0.328	35.748	35.748	0.000	8	0.277	0.202	0.202	-76290.777		236.078	191	3.186	839079803613063120	839079626093332334	839079626093332333	554	
1	C13H20N2O	[M + H3N + H]+	C13H24N3O+	0.955	0.333	78.740	78.740	0.000	14	0.424	0.060	0.338	-0.121		238.191	191	3.188	839079796348528053	839079626059777898	839079626059777897	553	
1	C21H39NO4	[M + H3N + H]+	C21H43N2O4+	0.998	0.333	81.161	77.500	3.661	13	0.604	-0.889	2.192	0.299		387.322	192	3.199	839079959255305987	839079626126886770	839079626126886769	555	
1	C25H33NO7	[M + H3N + H]+	C25H37N2O7+	1.000	0.333	149.825	146.020	3.805	21	0.516	0.241	1.969	0.298		477.260	192	3.206	839079839705051580	839079626164635510	839079626164635509	556	
1	C14H25N3O	[M + H3N + H]+	C14H29N4O+	0.975	0.333	73.465	73.465	0.000	14	0.505	0.060	0.184	0.008		269.234	192	3.208	839079806205143210	839079626198189946	839079626198189945	557	
1	C7H11N5O3	[M - H2O + H]+	C7H10N5O2+	0.507	0.333	51.233	51.233	0.000	8	0.173	0.052	0.304	-91851.457		196.083	195	3.250	839079795958457742	839079626227550078	839079626227550077	558	
1	C8H15N3O4	[M - H2O + H]+	C8H14N3O3+	0.427	0.333	30.079	30.079	0.000	5	0.073	0.062	0.336	-90006.336		200.103	197	3.291	839079813964606011	839079626261104514	839079626261104513	559	
1	C26H31N5O4	[M + H3N + H]+	C26H35N6O4+	0.564	0.109	71.788	71.788	0.000	29	0.632	0.076	0.323	-2.312		495.270	198	3.303	839079845598049296	839079626294658950	839079626294658949	560	
1	C7H14N2O5	[M - H2O + H]+	C7H13N2O4+	0.420	0.333	14.891	14.891	0.000	2	0.016	-0.044	0.104	-95250.146		189.087	199	3.311	839079827059223952	839079626328213386	839079626328213385	561	
1	C25H33NO7	[M + H3N + H]+	C25H37N2O7+	1.000	0.333	143.185	139.682	3.502	19	0.517	-0.083	1.946	0.256		477.260	199	3.319	839079832302104347	839079626361767822	839079626361767821	562	
1	C10H21N3O3	[M - H2O + H]+	C10H20N3O2+	0.493	0.333	40.165	40.165	0.000	10	0.245	0.219	0.471	-84100.720		214.155	199	3.323	839079804556781609	839079626395322258	839079626395322257	563	
1	C14H26N2O4S2	[M - H2O + H]+	C14H25N2O3S2+	0.535	0.333	97.170	97.170	0.000	30	0.703	0.219	0.325	-54067.918		333.129	200	3.332	839079826430078255	839079626462431130	839079626462431129	565	
1	C14H32N2O4	[M - H2O + H]+	C14H31N2O3+	0.543	0.333	82.379	82.379	0.000	23	0.703	0.160	0.279	-65437.419		275.233	200	3.341	839079845946176631	839079626495985566	839079626495985565	566	
1	C19H35NO4	[M + H3N + H]+	C19H39N2O4+	0.987	0.333	81.240	77.424	3.816	14	0.697	0.952	1.796	-0.262		359.290	201	3.342	839079839088488786	839079626433070998	839079626433070997	564	
1	C5H10O2	[M + H3N + H]+	C5H14NO2+	0.807	0.500	45.581	45.581	0.000	7	0.854	9.423	9.423	1.456		120.102	202	3.361	839079810453973430	839079626600843178	839079626600843177	569	
1	C14H27N3O5	[M - H2O + H]+	C14H26N3O4+	0.556	0.333	113.524	113.524	0.000	27	0.688	0.159	0.319	-59996.677		300.192	202	3.365	839079844595610528	839079626529540002	839079626529540001	567	
1	C10H22N4O2	[M - H2O + H]+	C10H21N4O+	0.448	0.333	28.246	28.246	0.000	7	0.148	-0.086	0.541	-84488.577		213.171	202	3.369	839079842360046212	839079626567288742	839079626567288741	568	
1	C11H17N5O5S	[M - H2O + H]+	C11H16N5O4S+	0.616	0.333	53.776	51.566	2.211	20	0.821	-0.749	1.124	-57342.274		314.092	203	3.388	839079856482269139	839079626638591918	839079626638591917	570	
1	C8H11NO	[M + H3N + H]+	C8H15N2O+	1.000	0.333	66.583	66.583	0.000	11	0.519	5.827	5.827	-0.061		155.118	203	3.389	839079846734705854	839079626672146354	839079626672146353	571	
1	C6H12O2	[M + H3N + H]+	C6H16NO2+	1.000	0.500	90.164	87.149	3.015	9	0.938	8.073	8.073	0.483		134.118	204	3.396	839079801700460408	839079626709895094	839079626709895093	572	
1	C17H24N3O3	[M - H2O + H]+	C17H23N3O2+	0.364	0.324	19.788	19.788	0.000	14	0.747	0.308	0.471	-59798.240		301.179	205	3.417	839079852459931299	839079626743449530	839079626743449529	573	
1	C5H8N2O	[M + H3N + H]+	C5H12N3O+	1.000	0.333	59.831	59.831	0.000	10	0.406	5.605	5.605	0.858		130.098	205	3.419	839079959389523757	839079626814752702	839079626814752701	574	
1	C20H46N4O10	[M + H3N + H]+	C20H50N5O10+	0.602	0.638	34.102	34.102	0.000	20	0.659	0.246	0.471	0.338		520.355	206	3.441	839079839579222430	839079626848307138	839079626848307137	575	
1	C7H17NO3S	[M + H3N + H]+	C7H21N2O3S+	0.949	0.666	22.133	22.133	0.000	4	0.531	0.446	0.446	0.282		213.127	207	3.447	839079806544881846	839079626881861574	839079626881861573	576	
1	C10H22ClNO4	[M + H]+	C10H23ClNO4+	0.499	0.499	48.157	48.157	0.000	11	0.297	-0.699	0.699	-0.770		256.131	207	3.452	839079812307855887	839079626915416010	839079626915416009	577	
1	C14H29N3O5	[M - H2O + H]+	C14H28N3O4+	0.434	0.333	57.641	57.641	0.000	20	0.715	0.187	0.408	-59597.408		302.207	208	3.462	839079818532203280	839079626953164750	839079626953164749	578	
1	C10H23NO4S2	[M - H2O + H]+	C10H22NO3S2+	0.388	0.314	40.648	40.648	0.000	10	0.399	0.260	0.446	-67175.837		268.104	213	3.544	839079822776839280	839079627087382494	839079627087382493	582	
1	C6H4N2O2	[M + H3N + H]+	C6H8N3O2+	0.996	0.333	86.432	86.432	0.000	15	0.031	2.501	2.501	0.046		154.061	213	3.552	839079823401790646	839079626986719186	839079626986719185	579	
1	C17H30N6O4S	[M + H]+	C17H31N6O4S+	0.888	0.333	74.324	74.324	0.000	32	0.763	0.135	0.327	-1.652		415.212	213	3.556	839079821958949924	839079627020273622	839079627020273621	580	
1	C26H33NO6	[M + H3N + H]+	C26H37N2O6+	0.990	0.333	90.823	90.823	0.000	22	0.540	0.219	0.338	0.247		473.265	215	3.589	839079832499236705	839079627129325538	839079627129325537	583	
1	C5H4N2O	[M + H3N + H]+	C5H8N3O+	0.991	0.333	34.778	34.778	0.000	6	0.292	5.807	5.807	1.005		126.066	216	3.603	839079827398962600	839079627171268582	839079627171268581	584	
1	C17H30N6O4S	[M + H3N + H]+	C17H34N7O4S+	1.000	0.333	62.082	62.082	0.000	28	0.679	0.187	0.325	-1.377		432.238	216	3.606	839079839851852260	839079627053828058	839079627053828057	581	
1	C17H30N6O4S	[M + H3N + H]+	C17H34N7O4S+	0.999	0.333	62.146	62.146	0.000	28	0.679	0.187	0.325	-1.353		432.238	219	3.650	839079874089958937	839079627246766062	839079627242571757	586	
1	C24H30O6	[M + H]+	C24H31O6+	0.979	0.478	58.471	54.589	3.882	9	0.825	1.774	1.774	-0.012		415.212	220	3.660	839079808033859815	839079627209017322	839079627209017321	585	
1	C7H11N	[M + H3N + H]+	C7H15N2+	0.990	0.333	34.048	34.048	0.000	6	0.492	5.320	5.320	1.023		127.123	223	3.712	839079808067414267	839079627515201550	839079627515201549	594	
1	C7H11N	[M + H3N + H]+	C7H15N2+	1.000	0.333	43.601	43.601	0.000	6	0.478	6.081	6.081	1.023		127.123	223	3.713	839079818200853238	839079627280320498	839079627280320497	587	
1	C7H11N3O2	[M + H3N + H]+	C7H15N4O2+	0.961	0.333	43.300	43.300	0.000	10	0.125	0.445	0.445	0.790		187.119	224	3.733	839079805194315880	839079627309680630	839079627309680629	588	
1	C5H6N4O2	[M - H2O + H]+	C5H5N4O+	0.989	0.333	23.354	23.354	0.000	4	0.093	2.025	2.025	-131419.989		137.046	224	3.740	839079805500500080	839079627347429370	839079627347429369	589	
1	C5H6N2O2	[M + H3N + H]+	C5H10N3O2+	0.991	0.333	36.576	36.576	0.000	5	0.192	4.638	4.638	0.257		144.077	225	3.742	839079809447340363	839079627380983806	839079627380983805	590	
1	C6H4N2O2	[M + H3N + H]+	C6H8N3O2+	0.999	0.333	126.832	126.832	0.000	20	0.057	3.090	3.090	0.014		154.061	225	3.755	839079827096972701	839079627414538242	839079627414538241	591	
1	C15H26N2O2	[M + H3N + H]+	C15H30N3O2+	0.939	0.333	86.360	86.360	0.000	20	0.553	0.156	0.325	-0.400		284.233	225	3.757	839079820742601674	839079627448092678	839079627448092677	592	
1	C11H16N4O3	[M - H2O + H]+	C11H15N4O2+	0.374	0.333	48.985	48.985	0.000	11	0.432	0.331	0.337	-76602.119		235.119	226	3.762	839079818221824762	839079627481647114	839079627481647113	593	
1	C5H6N4O	[M + H3N + H]+	C5H10N5O+	0.999	0.333	32.458	32.458	0.000	4	0.293	0.363	0.363	0.376		156.088	227	3.784	839079818586729250	839079627544561682	839079627544561681	595	
1	C9H11NO2	[M + H3N + H]+	C9H15N2O2+	0.990	0.333	88.659	88.659	0.000	14	0.043	0.579	0.955	0.032		183.113	229	3.810	839079810223286661	839079627611670554	839079627611670553	597	
1	C6H4N4O2	[M + H3N + H]+	C6H8N5O2+	0.998	0.333	41.710	41.710	0.000	6	0.071	0.156	0.510	0.050		182.067	229	3.813	839079848072689021	839079627578116118	839079627578116117	596	
1	C8H15N3O4	[M + Na]+	C8H15N3NaO4+	0.735	0.948	26.409	26.409	0.000	8	0.129	0.219	0.461	-0.132		240.095	229	3.819	839079902594451391	839079627645224990	839079627645224989	598	
1	C13H25N3O5	[M - H2O + H]+	C13H24N3O4+	0.716	0.333	82.146	82.146	0.000	22	0.531	0.034	0.235	-62936.312		286.176	229	3.819	839079908395174070	839079627808802862	839079627808802861	602	
1	C8H12N2O4	[M + H]+	C8H13N2O4+	0.512	0.333	30.991	30.991	0.000	6	0.080	0.961	0.961	0.158		201.087	229	3.819	839079816124672666	839079627674585122	839079627674585121	599	
1	C8H12N2O4	[M + H3N + H]+	C8H16N3O4+	0.971	0.333	50.384	50.384	0.000	9	0.110	0.723	0.723	0.218		218.114	229	3.820	839079809883548012	839079627741693990	839079627741693989	600	
1	C8H15N3O4	[M + K]+	C8H15KN3O4+	0.800	0.679	24.411	24.411	0.000	7	0.138	0.357	0.456	-0.172		256.069	229	3.821	839079834126626891	839079627775248426	839079627775248425	601	
1	C3H8N4O2	[M + Na]+	C3H8N4NaO2+	0.976	0.999	13.664	13.664	0.000	3	0.003	2.422	2.422	0.057		155.054	230	3.829	839079822055418939	839079627875911734	839079627875911733	604	
1	C9H13N5O6	[M - H2O + H]+	C9H12N5O5+	0.483	0.333	79.110	79.110	0.000	14	0.507	-0.780	0.916	-66685.242		270.083	230	3.832	839079820562246578	839079627842357298	839079627842357297	603	
1	C17H32N6O5S	[M - H2O + H]+	C17H31N6O4S+	0.428	0.333	76.221	76.221	0.000	34	0.708	0.106	0.241	-43378.482		415.212	230	3.840	839079833765916658	839079628190484570	839079628190484569	613	
1	C23H37N3O8	[M - H2O + H]+	C23H36N3O7+	0.424	0.333	54.077	54.077	0.000	27	0.702	0.091	0.396	-38624.245		466.257	232	3.868	839079852271187570	839079627909466170	839079627909466169	605	
1	C10H21NO4S2	[M - H2O + H]+	C10H20NO3S2+	0.484	0.333	31.687	31.687	0.000	10	0.395	0.198	1.868	-67684.541		266.088	232	3.870	839079810277812639	839079627943020606	839079627943020605	606	
1	C5H10O2	[M + H3N + H]+	C5H14NO2+	0.854	0.500	55.462	55.462	0.000	7	0.811	6.841	6.841	1.456		120.102	232	3.871	839079810466556344	839079627980769346	839079627980769345	607	
1	C11H16F2N2O3	[M + Na]+	C11H16F2N2NaO3+	0.268	0.342	20.974	20.974	0.000	5	0.735	2.022	4.958	1.194		285.102	233	3.881	839079818662226733	839079628018518086	839079628018518085	608	
1	C10H13N5O5	[M + H]+	C10H14N5O5+	0.430	0.333	38.228	35.407	2.821	7	0.962	1.631	2.217	-0.193		284.099	233	3.882	839079936316656754	839079628056266826	839079628056266825	609	
1	C15H32N4O7S	[M + K]+	C15H32KN4O7S+	0.645	0.490	55.892	55.892	0.000	31	0.801	0.172	0.344	-3.632		451.161	233	3.885	839079896437212768	839079628089821262	839079628089821261	610	
1	C6H8N2O	[M + H3N + H]+	C6H12N3O+	1.000	0.333	83.948	83.948	0.000	12	0.101	6.072	6.072	0.222		142.098	234	3.899	839079843479925508	839079628123375698	839079628123375697	611	
1	C8H11NO	[M + H3N + H]+	C8H15N2O+	1.000	0.333	64.493	64.493	0.000	11	0.444	6.216	6.216	-0.061		155.118	234	3.904	839079822781033615	839079628156930134	839079628156930133	612	
1	C7H9N5O2	[M - H2O + H]+	C7H8N5O+	0.936	0.330	12.318	12.318	0.000	2	0.028	-0.052	0.084	-101141.977		178.072	237	3.944	839079829244456522	839079628224039006	839079628224039005	614	
1	C6H4N2O2	[M + H3N + H]+	C6H8N3O2+	0.996	0.333	41.141	41.141	0.000	5	0.013	2.489	2.489	0.111		154.061	238	3.964	839079848244655497	839079628291147878	839079628291147877	616	
1	C14H28N4O8S	[M - H2O + H]+	C14H27N4O7S+	0.472	0.333	58.492	58.492	0.000	36	0.508	0.216	0.334	-45578.059		395.159	239	3.976	839079838614532351	839079628257593442	839079628257593441	615	
1	C18H26N6O8	[M + H]+	C18H27N6O8+	0.641	0.330	24.581	18.166	6.415	4	0.989	1.567	1.567	0.158		455.189	239	3.988	839079818976799556	839079628328896618	839079628328896617	617	
1	C9H13N3O4	[M + Na]+	C9H13N3NaO4+	0.999	0.955	16.157	16.157	0.000	5	0.063	0.375	0.375	-0.266		250.080	239	3.991	839079832042057456	839079628362451054	839079628362451053	618	
1	C9H13N3O4	[M + K]+	C9H13KN3O4+	0.832	0.531	14.084	14.084	0.000	6	0.068	0.156	0.451	-0.109		266.054	240	3.993	839079826966949239	839079628396005490	839079628396005489	619	
1	C9H13N3O4	[M + H]+	C9H14N3O4+	0.996	0.333	20.446	17.262	3.184	4	0.986	3.177	3.177	-0.668		228.098	240	3.995	839079875239198396	839079628429559926	839079628429559925	620	
1	C13H18N6O5	[M + H]+	C13H19N6O5+	0.978	0.333	20.729	14.942	5.787	3	0.989	0.896	1.274	-0.071		339.141	240	3.996	839079811443829241	839079628467308666	839079628467308665	621	
1	C13H18N6O5	[M + Na]+	C13H18N6NaO5+	0.991	0.117	37.504	37.504	0.000	18	0.403	0.272	0.485	-0.162		361.123	240	4.000	839079827671592389	839079628500863102	839079628500863101	622	
1	C4H5N3O	[M + Na]+	C4H5N3NaO+	0.948	0.972	1.974	1.974	0.000	0	0.000	0.481	0.481	0.504		134.033	240	4.004	839079839373701502	839079628609915018	839079628609915017	625	
1	C8H10N6O2	[M + H]+	C8H11N6O2+	0.988	0.333	16.781	13.482	3.299	1	0.986	1.979	1.979	0.179		223.094	240	4.006	839079832608288635	839079628576360582	839079628576360581	624	
1	C6H12BFN4O2	[M + Na]+	C6H12BFN4NaO2+	0.174	0.182	14.504	14.504	0.000	5	0.856	4.266	4.966	0.462		224.097	240	4.006	839079842582344353	839079628538611842	839079628538611841	623	
1	C8H16FN6O2P	[M + H]+	C8H17FN6O2P+	0.814	0.331	38.981	38.981	0.000	18	0.723	1.110	1.714	-2.580		279.112	241	4.012	839079823720557758	839079628643469454	839079628643469453	626	
1	C9H17F2N5O2Si	[M - H2O + H]+	C9H16F2N5OSi+	0.278	0.274	36.957	36.957	0.000	13	0.632	0.886	2.330	-65233.186		276.108	242	4.026	839079828984409649	839079628677023890	839079628672829585	627	
1	C6H10N2	[M + H3N + H]+	C6H14N3+	1.000	0.333	69.091	69.091	0.000	9	0.102	7.171	7.171	0.789		128.118	243	4.046	839079828149743090	839079628706384022	839079628706384021	628	
1	C13H24BN3O5	[M - H2O + H]+	C13H23BN3O4+	0.347	0.333	65.700	65.700	0.000	21	0.659	-0.108	0.428	-61020.377		295.180	244	4.061	839079826908228959	839079628773492894	839079628773492893	630	
1	C3H3N5	[M + H3N + H]+	C3H7N6+	1.000	0.333	19.247	19.247	0.000	2	0.592	6.142	6.142	1.097		127.073	244	4.062	839079896751785588	839079628739938458	839079628739938457	629	
1	C7H13NO	[M + H3N + H]+	C7H17N2O+	1.000	0.333	61.722	61.722	0.000	8	0.045	7.675	7.675	-0.100		145.134	244	4.067	839079896961500796	839079628807047330	839079628807047329	631	
1	C13H24N2O2	[M + H3N + H]+	C13H28N3O2+	0.941	0.333	71.239	71.239	0.000	15	0.565	0.060	0.316	0.083		258.218	246	4.100	839079819161348956	839079628874156202	839079628874156201	633	
1	C5H10N2O	[M + H3N + H]+	C5H14N3O+	1.000	0.333	47.013	47.013	0.000	11	0.676	7.348	7.348	0.390		132.113	246	4.100	839079828330098194	839079628840601766	839079628840601765	632	
1	C10H14F2N2O2	[M + Na]+	C10H14F2N2NaO2+	0.517	0.216	44.021	40.877	3.144	19	0.820	-3.528	3.834	-2.175		255.091	247	4.122	839079838287376590	839079628911904942	839079628907710637	634	
1	C11H11N3O2	[M + H3N + H]+	C11H15N4O2+	0.670	0.333	49.401	46.253	3.147	14	0.950	0.065	0.634	-0.137		235.119	249	4.142	839079821782789110	839079628945459378	839079628945459377	635	
1	C7H17NO4	[M - H2O + H]+	C7H16NO3+	0.444	0.333	34.248	34.248	0.000	6	0.115	3.052	3.052	-111099.192		162.112	249	4.142	839079819413007201	839079628979013814	839079628979013813	636	
1	C8H5FO5	[M + H3N + H]+	C8H9FNO5+	0.226	0.276	5.094	2.605	2.489	1	0.014	2.843	3.393	-0.583		218.046	249	4.151	839079872978468337	839079629012568250	839079629012568249	637	
1	C6H10O4S	[M + H3N + H]+	C6H14NO4S+	0.574	0.333	52.891	47.769	5.122	15	0.891	3.801	3.801	0.330		196.064	249	4.153	839079841479242289	839079629155174602	839079629155174601	641	
1	C9H9BF2N4O4	[M + H3N + H]+	C9H13BF2N5O4+	0.652	0.094	33.631	33.631	0.000	19	0.773	3.430	3.430	0.219		303.106	249	4.153	839079835804348562	839079629188729038	839079629188729037	642	
1	C10H16ClN5O	[M - H2O + H]+	C10H15ClN5+	0.260	0.244	30.035	30.035	0.000	6	0.373	0.739	1.072	-75011.808		240.101	249	4.154	839079842032890446	839079629117425862	839079629117425861	640	
1	C6H13NO4S	[M + K]+	C6H13KNO4S+	0.418	0.409	18.576	15.933	2.643	5	0.143	1.930	2.475	0.013		234.020	249	4.154	839079859128875178	839079629050316990	839079629050316989	638	
1	C10H10N10O2	[M + Na]+	C10H10N10NaO2+	0.999	0.295	12.774	12.774	0.000	1	0.629	-0.462	0.462	-0.462		325.088	249	4.155	839079835632382056	839079629226477778	839079629222283473	643	
1	C23H28N10O10	[M + Na]+	C23H28N10NaO10+	0.978	0.899	20.303	14.318	5.986	2	0.964	-0.834	0.834	-1.495		627.187	249	4.155	839079827604483503	839079629264226518	839079629264226517	644	
1	C5H4N4O2	[M - H2O + H]+	C5H3N4O+	0.646	0.499	15.022	15.022	0.000	3	0.003	3.649	3.649	-133381.329		135.030	249	4.155	839079829802298967	839079629369084130	839079629369084129	647	
1	C5H5N5O	[M + K]+	C5H5KN5O+	0.630	0.572	3.906	3.906	0.000	1	0.014	0.356	0.356	0.222		190.013	249	4.155	839079821879258125	839079629406832870	839079629402638565	648	
1	C5H5F2O2	[M + H3N + H]+	C5H9F2NO2+	0.953	0.268	-0.053	-0.053	0.000	0	0.000	-0.107	0.107	0.840		153.060	249	4.155	839079822101556300	839079629473941742	839079629473941741	650	
1	C7H10FNO2S	[M - H2O + H]+	C7H9FNOS+	0.358	0.333	13.928	12.267	1.662	4	0.058	1.698	1.898	-103484.348		174.039	249	4.155	839079825012403422	839079629301975258	839079629297780953	645	
1	C5H2N4O	[M + H3N + H]+	C5H6N5O+	0.993	0.333	36.766	32.032	4.734	4	0.265	2.479	2.479	0.222		152.057	249	4.156	839079829865213545	839079629335529694	839079629335529693	646	
1	C6H3N2O2	[M + H3N + H]+	C6H7N3O2+	0.598	0.180	21.518	21.518	0.000	5	0.137	3.198	3.198	4.457		153.054	249	4.156	839079826673347911	839079629440387306	839079629440387305	649	
1	C13H25N3O5	[M - H2O + H]+	C13H24N3O4+	0.671	0.333	80.564	80.564	0.000	25	0.431	0.137	0.469	-62935.458		286.176	249	4.156	839079832243384072	839079629788514578	839079629784320273	659	
1	C11H18N6O5S	[M + Na]+	C11H18N6NaO5S+	0.946	0.996	28.734	28.734	0.000	20	0.774	0.408	0.673	0.056		369.095	249	4.157	839079874790407819	839079629541050614	839079629541050613	652	
1	C22H19N5O4S	[M + H3N + H]+	C22H23N6O4S+	0.956	0.333	68.889	68.889	0.000	33	0.785	0.078	0.588	0.491		467.150	249	4.157	839079895157949938	839079629083871426	839079629083871425	639	
1	C11H15N5O5S	[M + H3N + H]+	C11H19N6O5S+	0.889	0.333	52.314	52.314	0.000	22	0.739	0.408	0.503	0.028		347.113	249	4.157	839079977420837191	839079629507496178	839079629507496177	651	
1	C12H12N4O4	[M + H3N + H]+	C12H16N5O4+	0.967	0.333	48.154	48.154	0.000	18	0.682	0.254	0.662	-4.846		294.118	250	4.159	839079842477486728	839079629750765838	839079629750765837	658	
1	C15H25ClN4O3	[M - H2O + H]+	C15H24ClN4O2+	0.337	0.329	45.159	45.159	0.000	32	0.602	0.426	0.934	-55051.283		327.158	250	4.159	839079897393514136	839079629683656966	839079629683656965	656	
1	C12H26N2O8S2	[M + Na]+	C12H26N2NaO8S2+	0.881	0.082	10.874	10.874	0.000	1	0.832	-0.159	0.159	0.149		413.102	250	4.160	839079832365018931	839079629612353790	839079629612353789	654	
1	C22H23NO12	[M + H3N + H]+	C22H27N2O12+	0.216	0.244	21.529	21.529	0.000	4	0.754	1.689	1.689	2.718		511.157	250	4.160	839079844557861768	839079629650102530	839079629650102529	655	
1	C15H25ClN4O5S	[M - H2O + H]+	C15H24ClN4O4S+	0.192	0.299	43.953	43.953	0.000	10	0.948	1.954	1.954	-46047.929		391.120	250	4.160	839079886186332815	839079629578799354	839079629578799353	653	
1	C11H14O7	[M + H3N + H]+	C11H18NO7+	1.000	0.333	89.098	85.587	3.511	19	0.890	3.848	3.848	0.151		276.108	250	4.163	839079830754406067	839079629721405706	839079629717211401	657	
1	C28H36N10O13	[M + Na]+	C28H36N10NaO13+	0.069	0.287	19.067	19.067	0.000	5	0.801	-0.388	0.388	-1.133		743.235	250	4.165	839080050028434991	839079629822069014	839079629822069013	660	
1	C8H18N2	[M + H3N + H]+	C8H22N3+	0.558	0.500	7.908	7.908	0.000	3	0.024	1.432	1.432	0.224		160.181	250	4.165	839079825087900913	839079629889177886	839079629889177885	662	
1	C12H14N2O4S2	[M + H3N + H]+	C12H18N3O4S2+	0.599	0.025	80.942	80.942	0.000	22	0.637	0.305	0.326	2.125		332.074	250	4.166	839079847166719219	839079629952092454	839079629952092453	664	
1	C11H19NO8	[M + Na]+	C11H19NNaO8+	1.000	1.000	49.500	46.144	3.356	9	0.443	-0.514	1.057	-0.276		316.100	250	4.166	839079864338201284	839079629855623450	839079629855623449	661	
1	C16H25NO8S2	[M + H3N + H]+	C16H29N2O8S2+	0.513	0.271	23.264	23.264	0.000	20	0.710	0.014	0.419	-1.291		441.135	250	4.168	839079884726714853	839079629922732322	839079629922732321	663	
1	C10H15N5O5	[M - H2O + H]+	C10H14N5O4+	0.559	0.333	23.797	20.867	2.930	6	0.984	0.014	0.476	-67177.524		268.104	250	4.170	839079886639317733	839079629989841194	839079629985646889	665	
1	C12H16FN5O2	[M + H3N + H]+	C12H20FN6O2+	0.930	0.333	40.009	40.009	0.000	15	0.719	0.601	0.800	2.679		299.163	250	4.173	839079845753238578	839079630019201326	839079630019201325	666	
1	C14H13NO8	[M - H2O + H]+	C14H12NO7+	0.253	0.137	8.706	7.228	1.478	2	0.316	-3.412	3.412	-58849.914		306.060	251	4.175	839079851939837515	839079630094698806	839079630094698805	668	
1	C12H18FNO5S	[M - H2O + H]+	C12H17FNO4S+	0.351	0.331	32.329	32.329	0.000	21	0.421	0.327	0.616	-62086.406		290.086	251	4.177	839079862551427583	839079630056950066	839079630056950065	667	
1	C8H6	[M + H3N + H]+	C8H10N+	0.984	0.323	61.672	60.930	0.742	8	0.398	5.839	5.839	2.284		120.081	251	4.185	839079830167203456	839079630128253242	839079630128253241	669	
1	C9H8O2	[M + H3N + H]+	C9H12NO2+	0.877	0.333	44.221	40.951	3.270	4	0.973	1.118	1.118	0.632		166.086	251	4.186	839079831643598553	839079630161807678	839079630161807677	670	
1	C4H9N2O4	[M + H3N + H]+	C4H13N3O4+	0.981	0.333	48.398	48.398	0.000	6	0.712	-2.078	2.321	-2.079		167.090	251	4.190	839079832708951959	839079630199556418	839079630199556417	671	
1	C7H20N4O5S	[M - H2O + H]+	C7H19N4O4S+	0.263	0.108	12.471	10.924	1.547	5	0.989	3.397	3.397	-70598.752		255.112	252	4.196	839079874551332429	839079630233110854	839079630233110853	672	
1	C7H18N4O4	[M - H2O + H]+	C7H17N4O3+	0.458	0.333	21.844	21.844	0.000	2	0.122	0.298	0.298	-87800.659		205.130	253	4.217	839079834382479461	839079630266665290	839079630262470985	673	
1	C7H9NO3	[M - H2O + H]+	C7H8NO2+	0.984	0.333	36.745	36.745	0.000	7	0.010	4.802	5.511	-130459.345		138.055	253	4.225	839079843849024268	839079630296025422	839079630296025421	674	
1	C11H25NO2S	[M + H]+	C11H26NO2S+	0.968	0.500	30.817	30.817	0.000	11	0.062	0.608	0.928	0.248		236.168	254	4.227	839079833031913401	839079630539295082	839079630539295081	681	
1	C20H44N4O8	[M + Na]+	C20H44N4NaO8+	0.999	0.037	21.402	17.698	3.704	2	0.313	-0.307	0.307	0.417		491.305	254	4.228	839079843928716064	839079630333774162	839079630333774161	675	
1	C10H22N2O4	[M + H]+	C10H23N2O4+	0.997	0.333	21.978	16.807	5.171	3	0.986	1.006	1.006	0.112		235.165	254	4.230	839079969225166972	839079630438631774	839079630438631773	678	
1	C5H11NO2	[M + K]+	C5H11KNO2+	0.972	0.394	2.454	2.454	0.000	1	0.004	4.179	4.179	0.053		156.042	254	4.231	839079837687591084	839079630711261566	839079630711261565	686	
1	C8H15NO6	[M - H2O + H]+	C8H14NO5+	0.439	0.333	50.207	50.207	0.000	10	0.257	0.475	0.522	-88249.006		204.087	254	4.231	839079891299189955	839079630367328598	839079630367328597	676	
1	C7H13	[M + Na]+	C7H13Na+	1.000	1.000	0.043	0.043	0.000	1	0.003	-5.460	5.460	-1.966		120.091	254	4.232	839079843899355930	839079630400883034	839079630400883033	677	
1	C10H22N2O4	[M + Na]+	C10H22N2NaO4+	1.000	0.970	22.594	19.250	3.344	2	0.947	-0.322	0.459	-0.264		257.147	254	4.232	839079839151403368	839079630509934950	839079630505740645	680	
1	C8H15BN2O5S	[M - H2O + H]+	C8H14BN2O4S+	0.408	0.333	49.265	49.265	0.000	18	0.544	0.051	2.588	-73792.693		244.079	254	4.233	839079874748464759	839079630472186210	839079630472186209	679	
1	C15H33N3O6	[M + H]+	C15H34N3O6+	0.978	0.317	24.936	21.397	3.539	5	0.540	-0.564	0.658	-0.177		352.244	254	4.233	839079879731298369	839079630644152694	839079630644152693	684	
1	C4H12FN3O	[M - H2O + H]+	C4H11FN3+	0.388	0.333	29.703	29.703	0.000	8	0.726	6.631	6.631	-149974.130		120.093	254	4.235	839079846013285502	839079630606403954	839079630606403953	683	
1	C10H22N2O4	[M + K]+	C10H22KN2O4+	1.000	0.740	10.514	10.514	0.000	4	0.054	0.154	0.301	-0.312		273.121	254	4.237	839079883732664621	839079630572849518	839079630572849517	682	
1	C13H22FNO4	[M - H2O + H]+	C13H21FNO3+	0.355	0.330	10.131	10.131	0.000	4	0.036	0.566	0.756	-69765.748		258.151	255	4.244	839079835800154237	839079630677707130	839079630677707129	685	
1	C5H11NO2	[M + Na]+	C5H11NNaO2+	1.000	1.000	25.498	25.498	0.000	6	0.075	6.666	6.666	-0.031		140.068	255	4.253	839079840048984576	839079630744816002	839079630744816001	687	
1	C11H24N3O2S	[M + Na]+	C11H24N3NaO2S+	1.000	0.992	31.625	31.625	0.000	15	0.724	0.080	0.857	-1.083		285.148	255	4.254	839079843270210279	839079630774176134	839079630774176133	688	
1	C11H20N2O7	[M - H2O + H]+	C11H19N2O6+	0.349	0.291	52.242	52.242	0.000	16	0.301	0.373	0.385	-65463.531		275.124	257	4.279	839079833925300250	839079630807730570	839079630807730569	689	
1	C6H11N3O	[M + H3N + H]+	C6H15N4O+	1.000	0.333	81.013	81.013	0.000	11	0.108	2.647	2.883	-0.361		159.124	257	4.281	839079842280354430	839079630841285006	839079630841285005	690	
1	C17H32N6O5S	[M - H2O + H]+	C17H31N6O4S+	0.412	0.333	65.207	65.207	0.000	28	0.760	-0.002	0.311	-43378.533		415.212	261	4.347	839079854632580924	839079631084554666	839079631080360361	697	
1	C42H68N8O4Si	[M + H3N + H]+	C42H72N9O4Si+	0.241	0.219	58.698	58.698	0.000	34	0.841	0.226	1.056	2.127		794.549	261	4.348	839079868633169015	839079630904199574	839079630904199573	692	
1	C37H80N4O10Si	[M + H3N + H]+	C37H84N5O10Si+	0.926	0.456	62.053	62.053	0.000	33	0.789	0.367	0.409	3.862		786.601	261	4.350	839079891320161491	839079630874839442	839079630870645137	691	
1	C12H16FN5O2	[M + H3N + H]+	C12H20FN6O2+	0.549	0.333	31.680	31.680	0.000	15	0.726	0.166	0.344	2.629		299.163	261	4.355	839079834059517999	839079630937754010	839079630937754009	693	
1	C13H25N3O5	[M - H2O + H]+	C13H24N3O4+	0.714	0.333	47.752	47.752	0.000	20	0.740	0.034	0.385	-62935.551		286.176	262	4.358	839079840300642846	839079630971308446	839079630971308445	694	
1	C17H30N6O4S	[M + H3N + H]+	C17H34N7O4S+	0.999	0.333	73.760	73.760	0.000	28	0.741	0.064	0.319	-1.400		432.238	263	4.375	839079879345422377	839079631214578106	839079631214578105	701	
1	C6H15F2N3O3S	[M + H]+	C6H16F2N3O3S+	0.581	0.500	26.677	26.677	0.000	9	0.421	0.772	0.772	0.846		248.088	263	4.382	839079839545667974	839079631009057186	839079631009057185	695	
1	C19H27NO12	[M + H3N + H]+	C19H31N2O12+	0.999	0.333	87.338	83.585	3.753	11	0.657	0.548	0.962	0.395		479.187	263	4.383	839079897536120495	839079631046805926	839079631046805925	696	
1	C25H30N2O8S	[M - H2O + H]+	C25H29N2O7S+	0.356	0.273	42.609	42.609	0.000	26	0.721	0.053	0.308	-35936.527		501.169	263	4.388	839079882365321358	839079631118109102	839079631118109101	698	
1	C11H24N3O2S	[M + Na]+	C11H24N3NaO2S+	0.999	0.999	65.769	65.769	0.000	23	0.644	0.137	0.685	-1.170		285.148	264	4.406	839079847875556692	839079631147469234	839079631147469233	699	
1	C5H8N2O2	[M + H3N + H]+	C5H12N3O2+	1.000	0.333	91.559	91.559	0.000	13	0.116	6.408	6.408	-0.055		146.092	265	4.418	839079844117459763	839079631185217974	839079631185217973	700	
1	C11H21N5O3	[M - H2O + H]+	C11H20N5O2+	0.400	0.333	32.245	32.245	0.000	14	0.704	0.128	0.226	-70862.908		254.161	266	4.432	839079846701151401	839079631252326846	839079631248132541	702	
1	C9H20N4O3	[M + H]+	C9H21N4O3+	0.931	0.333	20.995	17.942	3.053	3	0.990	1.132	1.132	-0.158		233.161	268	4.459	839079837809225918	839079631323630022	839079631323630021	704	
1	C9H22N4O4S	[M + H]+	C9H23N4O4S+	0.492	0.333	62.099	62.099	0.000	19	0.705	0.132	0.187	-0.045		283.143	268	4.461	839079845048595441	839079631390738894	839079631390738893	706	
1	C7H9NO3	[M - H2O + H]+	C7H8NO2+	0.937	0.333	64.470	61.370	3.100	10	0.753	4.839	4.839	-130459.181		138.055	268	4.463	839079845006652379	839079631357184458	839079631357184457	705	
1	C14H18N3O3S	[M - H2O + H]+	C14H17N3O2S+	0.295	0.249	39.578	39.578	0.000	13	0.478	0.320	0.397	-61865.094		291.105	268	4.474	839079980348461487	839079631420099026	839079631420099025	707	
1	C8H18N2	[M + H3N + H]+	C8H22N3+	0.996	0.500	13.738	13.738	0.000	2	0.005	0.896	0.896	0.162		160.181	272	4.526	839079844700468152	839079631285881282	839079631285881281	703	
1	C17H30N6O4S	[M + H]+	C17H31N6O4S+	0.899	0.333	47.068	47.068	0.000	27	0.727	0.205	0.280	-1.736		415.211	273	4.543	839079866502462395	839079631617231334	839079631617231333	712	
1	C17H28N2O6S	[M + Na]+	C17H28N2NaO6S+	0.999	0.998	70.518	70.518	0.000	38	0.846	0.092	0.401	-3.875		411.154	274	4.570	839079906620983385	839079631487207898	839079631487207897	709	
1	C27H23N3O3S	[M + H3N + H]+	C27H27N4O3S+	0.511	0.106	82.621	82.621	0.000	38	0.812	0.121	0.522	-2.736		487.179	274	4.570	839079919069678030	839079631579482594	839079631575288289	711	
1	C7H17F2N3O3S	[M - H2O + H]+	C7H16F2N3O2S+	0.390	0.279	25.350	25.350	0.000	9	0.269	0.874	0.874	-73784.916		244.093	274	4.573	839079851352634910	839079631520762334	839079631520762333	710	
1	C8H15BClFN2O5	[M - H2O + H]+	C8H14BClFN2O4+	0.348	0.331	38.063	38.063	0.000	17	0.490	-0.525	3.581	-67690.812		266.075	274	4.573	839079915655514444	839079631453653462	839079631453653461	708	
1	C8H18N3O3PS2	[M - H2O + H]+	C8H17N3O2PS2+	0.334	0.305	33.252	33.252	0.000	13	0.479	0.401	2.167	-63858.780		282.049	274	4.573	839079891710231816	839079631646591466	839079631646591465	713	
1	C12H21N5O5	[M + K]+	C12H21KN5O5+	1.000	1.000	93.262	93.262	0.000	26	0.692	0.097	0.299	-0.175		354.117	275	4.578	839079861016312123	839079631717894642	839079631717894641	715	
1	C12H18N4O5	[M + H3N + H]+	C12H22N5O5+	0.996	0.333	91.962	91.962	0.000	27	0.760	0.190	0.276	-0.238		316.161	275	4.579	839079860911454495	839079631751449078	839079631747254773	716	
1	C12H21N5O5	[M + Na]+	C12H21N5NaO5+	1.000	1.000	78.010	75.136	2.874	17	0.494	-0.412	1.378	-0.353		338.143	275	4.580	839079900174337866	839079631684340206	839079631684340205	714	
1	C11H27N3O4S	[M + H]+	C11H28N3O4S+	0.529	0.362	33.407	33.407	0.000	18	0.775	0.031	0.218	-0.415		298.179	275	4.589	839079844335563581	839079631780809210	839079631780809209	717	
1	C7H9N5O4	[M - H2O + H]+	C7H8N5O3+	0.555	0.320	20.481	20.481	0.000	4	0.045	0.104	0.431	-85738.647		210.062	276	4.606	839079844926960584	839079631818557950	839079631818557949	718	
1	C11H9NO3	[M + H3N + H]+	C11H13N2O3+	0.998	0.333	43.119	43.119	0.000	5	0.400	0.409	0.694	-0.017		221.092	278	4.633	839079849108682129	839079631852112386	839079631852112385	719	
1	C9H15N3O5	[M - H2O + H]+	C9H14N3O4+	0.767	0.319	29.531	29.531	0.000	7	0.072	-0.337	0.735	-78960.102		228.098	278	4.634	839079859074349208	839079631919221258	839079631919221257	721	
1	C10H18N2O2	[M + H3N + H]+	C10H22N3O2+	0.959	0.333	81.406	78.344	3.062	21	0.743	1.104	1.320	0.216		216.171	278	4.635	839079859674134750	839079631885666822	839079631885666821	720	
1	C40H86N5O5P	[M + K]+	C40H86KN5O5P+	0.630	0.648	34.069	34.069	0.000	19	0.678	0.235	0.394	1.792		786.601	279	4.657	839079864543722212	839079631952775694	839079631952775693	722	
1	C7H17NO3S	[M + H3N + H]+	C7H21N2O3S+	0.965	0.640	17.691	17.691	0.000	4	0.451	0.286	0.286	0.493		213.127	280	4.661	839079861188278642	839079631982135826	839079631982135825	723	
1	C12H18N4O2S	[M - H2O + H]+	C12H17N4OS+	0.344	0.305	49.046	49.046	0.000	13	0.521	0.110	0.371	-67935.658		265.112	281	4.683	839079850396333519	839079632015690262	839079632015690261	724	
1	C6H10N2O	[M + H3N + H]+	C6H14N3O+	1.000	0.333	63.202	63.202	0.000	8	0.033	5.658	5.658	0.219		144.113	283	4.718	839079840170619417	839079632049244698	839079632049244697	725	
1	C7H9N5O3	[M - H2O + H]+	C7H8N5O2+	0.881	0.323	8.079	8.079	0.000	2	0.023	0.400	0.400	-92805.092		194.067	283	4.720	839079844432032629	839079632082799134	839079632082799133	726	
1	C9H17ClFN3O2	[M + H3N + H]+	C9H21ClFN4O2+	0.832	0.314	56.637	56.637	0.000	21	0.697	-2.143	2.359	-3.516		271.132	284	4.733	839079892674921827	839079632116353570	839079632116353569	727	
1	C6H14O3SSi	[M + H3N + H]+	C6H18NO3SSi+	0.987	0.499	38.992	38.992	0.000	6	0.409	0.756	0.756	4.209		212.078	285	4.747	839079849943348663	839079632594504278	839079632594504277	740	
1	C9H9NO2	[M - H2O + H]+	C9H8NO+	0.571	0.333	21.334	21.334	0.000	4	0.022	4.029	4.029	-123309.248		146.060	285	4.748	839079846512407710	839079632154102310	839079632149908005	728	
1	C11H6O2	[M + H3N + H]+	C11H10NO2+	0.990	0.333	93.157	89.592	3.566	10	0.960	-0.602	0.648	0.186		188.071	285	4.750	839079847258993925	839079632229599790	839079632229599789	730	
1	C11H9NO2	[M + H3N + H]+	C11H13N2O2+	1.000	0.333	86.871	83.409	3.461	13	0.511	-0.252	0.603	0.516		205.097	285	4.751	839079853219100376	839079632267348530	839079632267348529	731	
1	C22H41NO2	[M + H3N + H]+	C22H45N2O2+	0.696	0.333	93.752	89.914	3.838	33	0.890	2.343	2.973	0.122		369.348	285	4.752	839079842666230458	839079632191851050	839079632191851049	729	
1	C22H44N2O2	[M - H2O + H]+	C22H43N2O+	0.482	0.333	108.537	104.764	3.773	37	0.925	2.801	2.801	-51263.204		351.337	285	4.752	839079865856539494	839079632305097270	839079632305097269	732	
1	C27H55N5O4	[M + Na]+	C27H55N5NaO4+	0.984	0.991	51.419	49.389	2.030	8	0.411	-0.626	1.844	-8.587		536.410	285	4.757	839079858994657403	839079632342846010	839079632338651705	733	
1	C9H9N3O2	[M + H3N + H]+	C9H13N4O2+	0.883	0.333	55.933	52.959	2.974	15	0.774	1.240	1.427	0.325		209.103	286	4.773	839079852967442108	839079632447703622	839079632447703621	736	
1	C5H10O3S	[M - H2O + H]+	C5H9O2S+	0.860	0.500	113.207	113.207	0.000	17	0.643	6.840	6.840	-135384.553		133.032	286	4.773	839079845858096216	839079632485452362	839079632485452361	737	
1	C5H8O2S	[M + H3N + H]+	C5H12NO2S+	0.997	0.333	92.065	87.338	4.727	14	0.795	6.196	6.196	0.226		150.058	287	4.778	839079844398478172	839079632560949842	839079632556755537	739	
1	C23H46F2N6O3	[M + H3N + H]+	C23H50F2N7O3+	0.374	0.177	45.592	41.893	3.699	10	0.725	4.034	4.034	0.350		510.394	287	4.780	839079855555327875	839079632523201102	839079632519006797	738	
1	C19H39NO2	[M - H2O + H]+	C19H38NO+	0.464	0.333	30.767	30.767	0.000	9	0.109	0.386	0.475	-60785.826		296.295	287	4.782	839079844692079539	839079632376400446	839079632376400445	734	
1	C20H41NO3	[M - H2O + H]+	C20H40NO2+	0.461	0.333	43.307	43.307	0.000	16	0.138	0.514	0.545	-55193.526		326.306	287	4.783	839079882663116964	839079632409954882	839079632409954881	735	
1	C13H24N2O3	[M + H3N + H]+	C13H28N3O3+	0.992	0.333	60.185	60.185	0.000	13	0.503	0.377	0.377	0.153		274.213	288	4.793	839079845761627214	839079632665807454	839079632665807453	742	
1	C7H17NO3S	[M + H3N + H]+	C7H21N2O3S+	0.979	0.656	29.285	29.285	0.000	4	0.419	0.260	0.260	0.657		213.127	288	4.794	839079852426376840	839079632632253018	839079632632253017	741	
1	C9H16N2O2	[M + H3N + H]+	C9H20N3O2+	0.979	0.333	91.981	88.960	3.021	18	0.695	2.732	2.732	0.280		202.155	288	4.794	839079853059716814	839079632703556194	839079632703556193	743	
1	C12H18N2O4S	[M + H3N + H]+	C12H22N3O4S+	0.997	0.333	30.810	30.810	0.000	17	0.641	0.012	0.172	-0.275		304.132	288	4.807	839079883980128608	839079632741304934	839079632741304933	744	
1	C20H37NO	[M + H3N + H]+	C20H41N2O+	0.607	0.333	38.488	32.608	5.881	13	0.957	6.613	6.613	-0.247		325.321	289	4.813	839079884168872356	839079632812608110	839079632812608109	746	
1	C20H39NO2	[M + H3N + H]+	C20H43N2O2+	0.997	0.333	59.301	53.353	5.947	13	0.823	3.905	3.905	-0.015		343.332	289	4.816	839079845602243623	839079632779053674	839079632779053673	745	
1	C20H37NO2	[M + H3N + H]+	C20H41N2O2+	0.978	0.333	70.236	70.236	0.000	18	0.628	0.419	0.493	1.626		341.317	290	4.826	839079846445298839	839079632879716982	839079632879716981	748	
1	C20H40N2O2	[M - H2O + H]+	C20H39N2O+	0.344	0.331	61.011	61.011	0.000	14	0.447	0.419	0.545	-55705.843		323.306	290	4.829	839079844717245371	839079632846162546	839079632846162545	747	
1	C4H11NO6	[M - H2O + H]+	C4H10NO5+	0.342	0.333	34.090	34.090	0.000	6	0.186	8.725	9.300	-118437.046		152.057	290	4.833	839079847430960425	839079632913271418	839079632913271417	749	
1	C13H13FNO2S	[M + H3N + H]+	C13H17FN2O2S+	0.816	0.204	44.526	44.526	0.000	9	0.398	0.341	0.469	0.182		284.099	290	4.838	839079864128486043	839079632980380290	839079632980380289	751	
1	C15H12O3S2	[M + H3N + H]+	C15H16NO3S2+	0.988	0.333	50.494	50.494	0.000	10	0.439	0.376	0.545	-4.756		322.055	290	4.839	839079862777920033	839079632946825854	839079632946825853	750	
1	C9H22ClN3O4	[M - H2O + H]+	C9H21ClN3O3+	0.363	0.333	45.430	45.430	0.000	11	0.414	-0.316	0.324	-70872.709		254.127	293	4.885	839079855031039828	839079633013934726	839079633013934725	752	
1	C12H14O2S	[M - H2O + H]+	C12H13OS+	0.370	0.345	5.000	5.000	0.000	1	0.031	0.674	0.674	-87826.004		205.068	294	4.902	839079856612292589	839079633047489162	839079633047489161	753	
1	C5H9N3O	[M + H3N + H]+	C5H13N4O+	0.994	0.333	16.675	16.675	0.000	2	0.099	6.178	6.178	0.018		145.108	295	4.913	839079845757432907	839079633085237902	839079633081043597	754	
1	C5H11NO2	[M + K]+	C5H11KNO2+	0.964	0.353	2.280	2.280	0.000	1	0.007	4.098	4.098	0.117		156.042	295	4.918	839079846348829828	839079633118792338	839079633118792337	755	
1	C24H27ClN4O4	[M - H2O + H]+	C24H26ClN4O3+	0.367	0.329	52.131	52.131	0.000	20	0.288	-0.079	0.355	-39746.537		453.168	295	4.921	839079875151117992	839079633152346774	839079633152346773	756	
1	C12H12Cl12O6	[M + K]+	C12H12Cl12KO6+	1.000	0.994	8.321	8.321	0.000	4	0.430	0.522	0.522	2.423		710.655	296	4.928	839079850522162665	839079633190095514	839079633190095513	757	
1	C15H12Cl12O7S	[M + K]+	C15H12Cl12KO7S+	0.998	0.886	5.879	5.879	0.000	4	0.431	0.528	0.528	-4.825		794.616	296	4.928	839079856276748222	839079633299147430	839079633299147429	760	
1	C2H2N4O4P2S4	[M + K]+	C2H2KN4O4P2S4+	0.989	0.033	-1.003	-1.003	0.000	1	0.168	4.780	4.780	5.496		374.809	296	4.929	839079883334205718	839079633223649950	839079633223649949	758	
1	C13H10Cl3I3N2O6S2	[M + K]+	C13H10Cl3I3KN2O6S2+	0.999	0.999	10.621	10.621	0.000	7	0.662	2.028	2.028	-4.488		878.577	296	4.929	839079886458962604	839079633374644910	839079633374644909	762	
1	C6H7I3N2O	[M + K]+	C6H7I3KN2O+	0.869	0.974	3.333	0.391	2.943	0	0.000			-1.151		542.732	296	4.930	839079859179206845	839079633336896170	839079633336896169	761	
1	C6H8AsIN2OS3	[M + K]+	C6H8AsIKN2OS3+	0.967	0.970	4.039	4.039	0.000	3	0.280	1.789	2.397	-2.091		460.768	296	4.930	839079861192472970	839079633412393650	839079633408199345	763	
1	C6H7Cl7O6	[M + K]+	C6H7Cl7KO6+	0.721	0.085	4.906	4.599	0.307	1	0.432	0.507	0.507	1.461		458.770	296	4.930	839079892465206616	839079633450142390	839079633445948085	764	
1	CH5AsOS	[M - H2O + H]+	CH4AsS+	0.520	0.496	-1.333	-1.333	0.000	0	0.000	2.204	2.204	-146514.953		122.925	296	4.931	839079846940226797	839079633563388610	839079633563388609	767	
1	C2O4S3	[M + Na]+	C2NaO4S3+	0.481	0.485	0.192	-0.609	0.801	0	0.000			4.146		206.886	296	4.931	839079847997191536	839079633601137350	839079633601137349	768	
1	C3H3BrClFO5	[M + K]+	C3H3BrClFKO5+	0.991	0.811	8.566	6.561	2.006	2	0.995	3.514	3.514	1.378		290.847	296	4.931	839079852074055266	839079633643080394	839079633643080393	769	
1	C12H11Cl11O3	[M + K]+	C12H11Cl11KO3+	0.990	0.854	6.768	6.768	0.000	3	0.435	0.540	0.540	2.766		626.693	296	4.931	839079861901310423	839079633521445566	839079633521445565	766	
1	C2H8As2O6S	[M - H2O + H]+	C2H7As2O5S+	0.383	0.374	4.661	4.661	0.000	1	0.357	1.911	1.911	-61498.770		292.845	296	4.931	839079878103908243	839079633680829134	839079633680829133	770	
1	C4H2O3S4	[M - H2O + H]+	C4HO2S4+	0.311	0.300	1.357	1.357	0.000	1	0.009	-5.844	5.844	-86229.355		208.884	296	4.931	839079887130051351	839079633483696826	839079633483696825	765	
1	C33H64BN3O5	[M - H2O + H]+	C33H63BN3O4+	0.255	0.167	28.139	28.139	0.000	17	0.382	0.112	0.279	-31300.598		575.492	297	4.945	839079886576403144	839079633718577874	839079633714383569	771	
1	C7H12BrClFNO5	[M + K]+	C7H12BrClFKNO5+	0.998	0.988	34.605	34.605	0.000	9	0.514	1.092	2.677	0.930		361.921	297	4.948	839079858826885228	839079633785686746	839079633785686745	773	
1	C35H68BN3O5	[M - H2O + H]+	C35H67BN3O4+	0.373	0.331	38.930	38.930	0.000	19	0.465	0.143	0.343	-29846.687		603.523	297	4.950	839079867886582823	839079633752132310	839079633752132309	772	
1	C3H10NO4P	[M + K]+	C3H10KNO4P+	0.996	0.996	8.215	8.215	0.000	4	0.132	8.606	8.606	1.069		193.998	297	4.958	839079850547328498	839079633819241182	839079633819241181	774	
1	C4H8ClNO3	[M + K]+	C4H8ClKNO3+	0.696	0.724	18.798	18.798	0.000	2	0.201	0.775	0.775	-0.177		191.982	298	4.973	839079850568300032	839079633852795618	839079633852795617	775	
1	C13H18BNO5S	[M - H2O + H]+	C13H17BNO4S+	0.429	0.333	38.243	38.243	0.000	10	0.434	0.172	0.236	-61445.960		293.101	301	5.017	839079861901310404	839079633890544358	839079633890544357	776	
1	C20H40N2O3	[M + K]+	C20H40KN2O3+	0.923	0.963	47.904	47.904	0.000	10	0.411	0.064	0.202	-0.294		395.267	302	5.037	839079853877606149	839079633928293098	839079633928293097	777	
1	C9H10F4N2	[M + H3N + H]+	C9H14F4N3+	0.292	0.286	7.561	4.829	2.733	2	0.032	0.223	1.200	-4.193		240.111	303	5.052	839079859875461353	839079633966041838	839079633966041837	778	
1	C36H60O13	[M + H]+	C36H61O13+	0.154	0.215	4.410	4.410	0.000	0	0.000	-1.078	1.078	-0.996		701.410	303	5.052	839079871900532069	839079634003790578	839079634003790577	779	
1	C18H40N2O5	[M + H]+	C18H41N2O5+	0.574	0.500	53.550	53.550	0.000	15	0.488	0.025	0.189	-0.010		365.301	303	5.056	839079859598637257	839079634070899450	839079634070899449	781	
1	C6H8N2O2	[M + H3N + H]+	C6H12N3O2+	0.843	0.333	63.147	63.147	0.000	10	0.089	3.150	3.150	1.530		158.093	304	5.064	839079898429507285	839079634037345014	839079634037345013	780	
1	C20H42N2O2	[M - H2O + H]+	C20H41N2O+	0.453	0.333	59.014	59.014	0.000	14	0.524	0.107	0.384	-55362.725		325.321	313	5.222	839079850845124117	839079634100259582	839079634100259581	782	
1	C12H19NO4S	[M - H2O + H]+	C12H18NO3S+	0.421	0.331	26.772	26.772	0.000	10	0.060	0.432	0.432	-70325.141		256.100	314	5.232	839079855752460191	839079634175757062	839079634175757061	784	
1	CH4N3O3	[M + H3N + H]+	CH8N4O3+	0.999	0.333	27.979	27.979	0.000	4	0.416	1.039	1.704	-3.317		124.059	314	5.234	839079854171207457	839079634138008322	839079634138008321	783	
1	C11H11NO5	[M + H3N + H]+	C11H15N2O5+	0.974	0.333	68.776	63.319	5.457	13	0.964	6.470	6.470	-0.071		255.098	315	5.245	839079889227203528	839079634213505802	839079634209311497	785	
1	C6H3NO	[M + H3N + H]+	C6H7N2O+	0.999	0.331	52.740	49.867	2.873	6	0.531	5.977	5.977	1.387		123.055	315	5.246	839079888442868632	839079634247060238	839079634247060237	786	
1	C12H26N2O4	[M - H2O + H]+	C12H25N2O3+	0.361	0.333	52.520	48.816	3.704	7	0.807	3.555	4.048	-73456.616		245.186	315	5.252	839079854611609390	839079634280614674	839079634280614673	787	
1	C7H11NO	[M + H3N + H]+	C7H15N2O+	0.997	0.333	91.207	91.207	0.000	14	0.172	5.184	5.759	0.318		143.118	316	5.271	839079868113075278	839079634347723546	839079634347723545	789	
1	C7H13NO2	[M - H2O + H]+	C7H12NO+	0.542	0.333	60.734	60.734	0.000	10	0.680	6.446	6.446	-142835.634		126.092	316	5.273	839079861725149628	839079634314169110	839079634314169109	788	
1	C12H15NO2S2	[M + Na]+	C12H15NNaO2S2+	0.605	0.648	9.588	9.588	0.000	4	0.111	1.026	1.026	1.810		292.044	324	5.403	839079862878583355	839079634444192550	839079634444192549	792	
1	C9H21NO4S2	[M - H2O + H]+	C9H20NO3S2+	0.379	0.333	45.086	45.086	0.000	11	0.213	1.026	1.413	-70881.208		254.088	324	5.405	839079857954469938	839079634486135594	839079634486135593	793	
1	C10H15BrN2O	[M + H3N + H]+	C10H19BrN3O+	0.992	0.296	14.147	14.147	0.000	3	0.113	-0.345	0.434	-0.890		276.070	324	5.405	839079865500023597	839079634519690030	839079634519690029	794	
1	C7H16N2	[M + H3N + H]+	C7H20N3+	0.999	0.500	34.837	34.837	0.000	5	0.268	7.034	7.034	0.041		146.165	326	5.440	839079859183401155	839079634414832418	839079634414832417	791	
1	C8H18N2	[M + H3N + H]+	C8H22N3+	1.000	0.500	36.421	36.421	0.000	5	0.800	0.629	0.629	0.005		160.181	328	5.473	839079861989390821	839079634553244466	839079634553244465	795	
1	C7H13N	[M + H3N + H]+	C7H17N2+	0.972	0.333	43.093	43.093	0.000	8	0.081	6.295	6.295	0.930		129.139	328	5.473	839079883426480426	839079634695850818	839079634695850817	799	
1	C8H15N	[M + H3N + H]+	C8H19N2+	1.000	0.333	75.279	75.279	0.000	12	0.208	5.890	5.890	0.419		143.154	329	5.489	839079861196667278	839079634586798902	839079634586798901	796	
1	C6H13N3O2	[M + Na]+	C6H13N3NaO2+	0.558	0.552	1.988	1.988	0.000	0	0.000	0.163	0.163	0.069		182.090	330	5.494	839079860479441152	839079634620353338	839079634620353337	797	
1	C10H16ClN	[M + Na]+	C10H16ClNNa+	0.998	0.033	1.923	1.923	0.000	2	0.051	3.235	3.235	3.254		208.087	330	5.508	839079861100198244	839079634662296382	839079634662296381	798	
1	C8H15N	[M + H3N + H]+	C8H19N2+	1.000	0.333	60.924	60.924	0.000	9	0.200	4.576	4.576	0.419		143.154	331	5.512	839079861200861585	839079634926537566	839079634926537565	806	
1	C7H16N2	[M + H3N + H]+	C7H20N3+	0.999	0.500	50.141	47.243	2.898	5	0.913	7.054	7.054	0.041		146.165	331	5.512	839079892813333899	839079634733599558	839079634733599557	800	
1	C6H16N2O3	[M - H2O + H]+	C6H15N2O2+	0.413	0.333	37.066	37.066	0.000	6	0.044	5.298	5.298	-122427.276		147.113	333	5.545	839079865604881226	839079634830068562	839079634830068561	803	
1	C9H8O3	[M + H3N + H]+	C9H12NO3+	0.962	0.326	29.046	29.046	0.000	3	0.039	0.002	0.275	0.057		182.081	333	5.546	839079864812157690	839079634863622998	839079634863622997	804	
1	C6H14N2O2	[M + Na]+	C6H14N2NaO2+	0.249	0.257	1.997	1.997	0.000	0	0.000	0.051	0.051	0.069		169.095	333	5.551	839079860877900048	839079634897177434	839079634897177433	805	
1	C9H20N2	[M + H3N + H]+	C9H24N3+	1.000	0.500	53.363	53.363	0.000	8	0.700	0.188	0.721	-0.110		174.196	334	5.563	839079861209250196	839079634796514126	839079634796514125	802	
1	C17H40N4O7	[M - H2O + H]+	C17H39N4O6+	0.369	0.333	58.139	58.139	0.000	20	0.663	-0.057	0.559	-45559.391		395.288	334	5.563	839079863130241619	839079634960092002	839079634960092001	807	
1	C15H18ClF2N3O5Si	[M + H3N + H]+	C15H22ClF2N4O5Si+	0.489	0.181	40.166	40.166	0.000	22	0.775	-0.044	0.385	0.770		439.101	335	5.586	839079889566942196	839079634993646438	839079634993646437	808	
1	C12H26N2O4Si	[M - H2O + H]+	C12H25N2O3Si+	0.358	0.333	47.824	47.824	0.000	20	0.303	0.892	1.066	-65930.420		273.164	339	5.648	839079871116197111	839079635027200874	839079635027200873	809	
1	C12H23N3O5	[M - H2O + H]+	C12H22N3O4+	0.413	0.333	56.689	53.173	3.516	13	1.000	-0.134	0.902	-66176.355		272.160	339	5.653	839079863725832814	839079635064949614	839079635064949613	810	
1	C9H9FOS	[M + H3N + H]+	C9H13FNOS+	0.604	0.022	6.914	6.914	0.000	2	0.030	0.437	1.595	1.659		202.070	341	5.683	839079865613269839	839079635098504050	839079635098504049	811	
1	C9H20N2	[M + H3N + H]+	C9H24N3+	1.000	0.500	61.434	61.434	0.000	8	0.659	0.123	0.778	-0.053		174.196	349	5.820	839079862647896602	839079636105137114	839079636105137113	837	
1	C11H5N2O5PS2	[M + Na]+	C11H5N2NaO5PS2+	0.407	0.178	13.515	13.515	0.000	6	0.832	-2.180	2.180	-1.889		362.926	349	5.821	839079864304646838	839079635127864182	839079635127864181	812	
1	C7H13N	[M + H3N + H]+	C7H17N2+	0.945	0.333	35.830	35.830	0.000	7	0.027	8.595	8.595	0.930		129.139	349	5.822	839079862744365597	839079635232721794	839079635228527489	815	
1	C8H15N	[M + H3N + H]+	C8H19N2+	1.000	0.333	58.479	58.479	0.000	9	0.145	4.731	4.731	0.384		143.154	349	5.825	839079858034161738	839079635262081926	839079635262081925	816	
1	C11H13Cl5N2O8	[M + Na]+	C11H13Cl5N2NaO8+	0.438	0.518	15.620	15.620	0.000	5	0.812	1.947	2.349	1.514		498.901	350	5.826	839079892356154684	839079635161418618	839079635161418617	813	
1	C5H9Cl3O2	[M + Na]+	C5H9Cl3NaO2+	0.377	0.322	2.705	2.705	0.000	1	0.005	-0.007	2.632	-2.919		228.955	350	5.828	839079872923942353	839079635517934494	839079635517934493	822	
1	C61H113NO9	[M + K]+	C61H113KNO9+	1.000	1.000	1.679	1.679	0.000	0	0.000	-3.517	3.517	-3.502		1042.801	350	5.829	839079858403260495	839079635442437014	839079635442437013	820	
1	C89H96O4	[M + H3N + H]+	C89H100NO4+	0.245	0.248	1.933	1.933	0.000	0		-0.814	0.814	-0.960		1246.763	350	5.829	839079885645267541	839079635299830666	839079635299830665	817	
1	C14H9NO10P2S2	[M + Na]+	C14H9NNaO10P2S2+	0.886	0.733	14.277	14.277	0.000	9	0.918	1.502	1.502	2.438		499.905	350	5.829	839079862178134512	839079635199167358	839079635199167357	814	
1	C23H20BrCl2F3N4O5S4	[M + K]+	C23H20BrCl2F3KN4O5S4+	0.997	0.997	18.031	18.031	0.000	14	0.709	-1.320	2.053	-1.123		804.845	350	5.829	839080069703915137	839079635371133842	839079635371133841	819	
1	C3H5O2PS	[M + Na]+	C3H5NaO2PS+	1.000	1.000	16.413	14.374	2.039	1	0.911	6.736	6.736	1.084		158.964	350	5.830	839079871346883853	839079635484380058	839079635484380057	821	
1	C58H108O18	[M + H3N + H]+	C58H112NO18+	0.338	0.326	1.902	1.902	0.000	0		1.174	1.174	0.988		1110.788	350	5.830	839079876308745998	839079635719261106	839079635719261105	827	
1	C23H25I2O19P3	[M + Na]+	C23H25I2NaO19P3+	1.000	1.000	3.433	3.433	0.000	10	0.710	-2.174	4.068	-4.919		974.814	350	5.830	839079890221253675	839079635635375018	839079635635375017	825	
1	C60H102N7O15	[M + H3N + H]+	C60H106N8O15+	0.277	0.275	-1.318	-1.318	0.000	4	0.109	-0.048	0.814	-1.100		1178.776	350	5.830	839081106812688378	839079635677318062	839079635677318061	826	
1	C6H10O4P2S2	[M + Na]+	C6H10NaO4P2S2+	0.997	0.092	18.527	18.527	0.000	5	0.897	0.593	2.040	0.357		294.939	350	5.831	839079871657262407	839079635803147194	839079635798952889	829	
1	C5H8F2O9P2Si	[M + Na]+	C5H8F2NaO9P2Si+	0.324	0.492	7.328	6.883	0.445	2	0.690	5.717	5.717	-2.835		362.926	350	5.831	839079884865126912	839079635761204150	839079635761204149	828	
1	C5H10O24P2	[M - H2O + H]+	C5H9O23P2+	0.486	0.490	12.424	7.936	4.488	2	0.290	-1.941	1.941	-36098.497		498.901	350	5.831	839079886500905664	839079635845090238	839079635840895933	830	
1	C11H20IO14P3	[M + K]+	C11H20IKO14P3+	0.990	0.993	5.311	4.832	0.478	3	0.466	1.980	3.516	3.558		634.876	350	5.831	839079892779779463	839079635920587718	839079635920587717	832	
1	C7H16O19P4	[M + K]+	C7H16KO19P4+	1.000	1.000	3.595	3.595	0.000	2	0.382	-2.824	2.824	3.893		566.889	350	5.831	839079898957989623	839079635882838978	839079635882838977	831	
1	C4H6NO4PS2	[M + H]+	C4H7NO4PS2+	0.871	0.318	10.889	10.889	0.000	2	0.891	6.181	6.181	-1.811		227.954	350	5.831	839079866204666764	839079636000279502	839079635996085197	834	
1	C11H10Cl3NO4	[M + K]+	C11H10Cl3KNO4+	0.068	0.330	11.103	11.103	0.000	3	0.546	2.970	3.062	-3.157		363.930	350	5.832	839079870906481893	839079636071582678	839079636071582677	836	
1	C13H23N3O5	[M + Na]+	C13H23N3NaO5+	1.000	1.000	40.675	40.675	0.000	20	0.189	0.242	0.357	-0.406		324.153	352	5.861	839079899163510525	839079636134497246	839079636134497245	838	
1	C17H24FN3O3S	[M + Na]+	C17H24FN3NaO3S+	0.361	0.348	43.810	43.810	0.000	24	0.593	0.390	0.644	-2.631		392.140	352	5.861	839079904385419284	839079636168051682	839079636168051681	839	
1	C12H16N4O3	[M + H3N + H]+	C12H20N5O3+	1.000	0.328	37.108	37.108	0.000	10	0.254	0.153	0.385	-4.806		282.155	356	5.927	839079864917015318	839079636201606118	839079636201606117	840	
1	C4H9O5	[M + H3N + H]+	C4H13NO5+	0.754	0.189	9.294	6.803	2.491	0	0.000	1.690	1.690	1.845		155.079	358	5.975	839079866183695228	839079636235160554	839079636235160553	841	
1	C8H18N4O4	[M - H2O + H]+	C8H17N4O3+	0.377	0.333	24.627	24.627	0.000	5	0.256	0.467	0.467	-82948.246		217.130	360	5.993	839079868402482282	839079636272909294	839079636272909293	842	
1	C5H9NO2	[M + H3N + H]+	C5H13N2O2+	0.998	0.333	76.989	76.989	0.000	9	0.781	6.165	6.165	0.570		133.097	360	6.000	839079879005683704	839079636306463730	839079636306463729	843	
1	C13H25N3O6	[M - H2O + H]+	C13H24N3O5+	0.409	0.333	66.295	61.603	4.692	12	0.969	-0.332	0.769	-59604.109		302.171	360	6.008	839079867253242838	839079636340018166	839079636340018165	844	
1	C5H9NO2	[M + H3N + H]+	C5H13N2O2+	0.998	0.333	85.520	85.520	0.000	11	0.751	5.919	5.919	0.570		133.097	361	6.012	839079865751681889	839079636373572602	839079636373572601	845	
1	C8H18N2	[M + H3N + H]+	C8H22N3+	1.000	0.500	32.028	32.028	0.000	4	0.615	1.134	1.134	0.068		160.181	361	6.021	839079899218036502	839079636503596042	839079636503596041	849	
1	C9H17N3O3S	[M - H2O + H]+	C9H16N3O2S+	0.485	0.333	27.880	27.880	0.000	8	0.155	0.219	0.381	-78274.252		230.096	364	6.066	839079882847666375	839079636407127038	839079636407127037	846	
1	C9H17N3O4S	[M - H2O + H]+	C9H16N3O3S+	0.431	0.333	55.387	55.387	0.000	13	0.510	0.185	0.328	-73186.539		246.091	364	6.067	839079868792552592	839079636440681474	839079636440681473	847	
1	C9H9N3O3	[M + H3N + H]+	C9H13N4O3+	1.000	0.333	97.972	97.972	0.000	14	0.224	-0.335	0.476	0.059		225.098	364	6.071	839079878808551373	839079636470041606	839079636470041605	848	
1	C5H11NO3S	[M - H2O + H]+	C5H10NO2S+	0.470	0.325	40.261	40.261	0.000	6	0.156	3.283	3.283	-121657.856		148.043	365	6.080	839079873213349378	839079636537150478	839079636537150477	850	
1	C5H10N2O3	[M - H2O + H]+	C5H9N2O2+	0.406	0.333	21.513	21.513	0.000	2	0.965	6.506	6.506	-139544.342		129.066	365	6.088	839079866020117366	839079636566510610	839079636566510609	851	
1	C6H12N2O3	[M + H]+	C6H13N2O3+	0.517	0.333	42.478	42.478	0.000	5	0.224	5.131	5.131	0.567		161.092	369	6.143	839079864531139291	839079636604259350	839079636600065045	852	
1	C7H11NO3	[M + H3N + H]+	C7H15N2O3+	1.000	0.333	80.084	80.084	0.000	11	0.150	1.074	1.074	-0.250		175.108	370	6.162	839079866326301621	839079636633619482	839079636633619481	853	
1	C10H19N3O5	[M - H2O + H]+	C10H18N3O4+	0.418	0.333	33.300	33.300	0.000	7	0.257	0.737	0.737	-73774.786		244.129	370	6.166	839079877780946813	839079636667173918	839079636667173917	854	
1	C3H9O6	[M + Na]+	C3H9NaO6+	0.775	0.846	9.085	9.085	0.000	1	0.008	2.134	2.134	1.410		164.029	374	6.235	839079872349322632	839079636704922658	839079636704922657	855	
1	C6H3NO	[M + H3N + H]+	C6H7N2O+	0.994	0.302	36.152	36.152	0.000	4	0.378	4.054	4.054	1.347		123.055	376	6.272	839079872961691108	839079636738477094	839079636738477093	856	
1	C11H11NO6	[M + H3N + H]+	C11H15N2O6+	0.997	0.332	31.820	28.328	3.492	4	0.942	5.523	5.523	-0.083		271.092	377	6.279	839079867660090371	839079636772031530	839079636772031529	857	
1	C11H9NO5	[M + H3N + H]+	C11H13N2O5+	0.990	0.333	26.704	23.177	3.527	2	0.965	0.648	0.648	-0.071		253.082	377	6.281	839079876476518168	839079636809780270	839079636809780269	858	
1	C7H14N2O2	[M + Na]+	C7H14N2NaO2+	0.454	0.437	1.979	1.979	0.000	0	0.000	-0.289	0.289	-0.267		181.095	378	6.304	839079882751197365	839079636839140402	839079636839140401	859	
1	C7H16N4O4	[M - H2O + H]+	C7H15N4O3+	0.387	0.333	13.953	13.953	0.000	3	0.023	0.067	0.555	-88672.077		203.114	382	6.365	839079872353516957	839079636872694838	839079636872694837	860	
1	C10H16ClN	[M + Na]+	C10H16ClNNa+	0.971	0.041	1.126	1.126	0.000	1	0.019	4.019	4.019	3.230		208.087	386	6.432	839079960245161786	839079636906249274	839079636906249273	861	
1	C12H22O11	[M + Na]+	C12H22NaO11+	0.971	0.975	21.216	17.630	3.586	2	0.643	-0.817	0.817	0.049		365.105	387	6.449	839079975717949711	839079636943998014	839079636939803709	862	
1	C7H11NO3	[M + H3N + H]+	C7H15N2O3+	1.000	0.333	85.329	85.329	0.000	11	0.043	1.906	1.906	-0.278		175.108	387	6.450	839079965358018542	839079636973358146	839079636973358145	863	
1	C10H16ClN	[M + Na]+	C10H16ClNNa+	1.000	0.057	1.429	1.429	0.000	3	0.053	3.609	3.609	3.230		208.087	391	6.521	839079871640485176	839079637006912582	839079637006912581	864	
1	C5H11N3O2	[M + Na]+	C5H11N3NaO2+	0.950	0.945	5.007	5.007	0.000	1	0.005	-0.138	2.262	-1.412		168.074	391	6.522	839079890732958822	839079637040467018	839079637040467017	865	
1	C5H8O3S	[M + H3N + H]+	C5H12NO3S+	0.947	0.333	22.523	22.523	0.000	4	0.011	7.762	7.762	0.207		166.053	393	6.556	839079867555232745	839079637069827150	839079637069827149	866	
1	C7H14O4	[M + K]+	C7H14KO4+	0.998	0.983	26.917	26.917	0.000	4	0.012	3.493	3.493	-0.408		201.052	394	6.566	839079871841811797	839079637103381586	839079637103381585	867	
1	C11H16N2O2S	[M + Na]+	C11H16N2NaO2S+	1.000	0.992	20.730	20.730	0.000	7	0.208	0.022	0.843	0.610		263.083	395	6.583	839079903160682458	839079637136936022	839079637136936021	868	
1	C5H4O3	[M + H3N + H]+	C5H8NO3+	0.998	0.333	41.595	41.595	0.000	4	0.300	5.033	5.033	0.773		130.050	402	6.706	839079870499634367	839079637166296154	839079637166296153	869	
1	C4H6N4O5	[M + H]+	C4H7N4O5+	0.262	0.244	1.637	1.637	0.000	0	0.000	-4.092	4.092	-4.113		191.040	402	6.706	839079889218814901	839079637199850590	839079637199850589	870	
1	C5H7NO3	[M + H3N + H]+	C5H11N2O3+	0.997	0.333	39.171	39.171	0.000	4	0.050	3.166	3.166	-0.399		147.076	402	6.708	839079867731393569	839079637233405026	839079637233405025	871	
1	C13H17NO3	[M + Na]+	C13H17NNaO3+	0.964	0.996	52.251	52.251	0.000	11	0.245	0.513	0.751	0.294		258.110	408	6.798	839079890393220142	839079637266959462	839079637266959461	872	
1	C16H29N5O7	[M + H]+	C16H30N5O7+	0.321	0.297	42.731	42.731	0.000	11	0.576	0.138	0.282	-0.024		404.214	411	6.850	839079879165067279	839079637300513898	839079637300513897	873	
1	C9H17N3O3	[M - H2O + H]+	C9H16N3O2+	0.364	0.333	12.932	12.932	0.000	3	0.091	1.780	1.780	-90905.478		198.124	419	6.983	839079877642534770	839079637334068334	839079637334068333	874	
1	C10H16ClN	[M + Na]+	C10H16ClNNa+	1.000	0.987	15.607	15.607	0.000	6	0.114	2.981	2.981	3.302		208.087	428	7.131	839079874593275491	839079637367622770	839079637367622769	875	
1	C8H14NO3S	[M + H3N + H]+	C8H18N2O3S+	0.999	0.000	86.300	86.300	0.000	16	0.537	0.064	4.891	-2.813		222.103	431	7.180	839079875667017428	839079637401177206	839079637401177205	876	
1	C21H22N4O6	[M + H3N + H]+	C21H26N5O6+	0.872	0.000	21.959	21.959	0.000	19	0.643	0.031	0.965	-3.152		444.186	435	7.246	839079911071140060	839079637434731642	839079637434731641	877	
1	C6H10F3N3O	[M + Na]+	C6H10F3N3NaO+	0.997	0.999	16.924	16.924	0.000	5	0.021	-0.692	0.692	0.285		220.067	435	7.252	839079878246514591	839079637606698126	839079637606698125	882	
1	C16H21N3O7S	[M + H3N + H]+	C16H25N4O7S+	1.000	0.333	26.971	26.971	0.000	16	0.604	0.899	0.899	1.542		417.144	435	7.252	839079931828751254	839079637573143690	839079637573143689	881	
1	C6H7NO3	[M + H3N + H]+	C6H11N2O3+	0.584	0.333	81.901	79.137	2.763	14	0.976	3.829	3.829	1.643		159.077	435	7.255	839079933632302005	839079637506034818	839079637506034817	879	
1	C27H28N6O10	[M + H3N + H]+	C27H32N7O10+	1.000	0.247	24.533	24.533	0.000	10	0.604	0.013	0.332	3.278		614.223	435	7.257	839079955975360122	839079637539589254	839079637539589253	880	
1	C12H26N6O6	[M + Na]+	C12H26N6NaO6+	1.000	1.000	37.045	37.045	0.000	16	0.735	-0.124	0.461	-0.062		373.181	435	7.258	839079964758233029	839079637707361434	839079637707361433	885	
1	C14H24BrN3O4S	[M + H3N + H]+	C14H28BrN4O4S+	0.791	0.088	35.385	35.385	0.000	16	0.447	-0.011	0.516	-2.353		427.100	435	7.258	839079931094748010	839079637912882354	839079637912882353	891	
1	C6H10FN3O3	[M + Na]+	C6H10FN3NaO3+	0.359	0.328	8.775	8.775	0.000	4	0.110	-0.325	0.714	-4.602		214.059	435	7.258	839079886870004478	839079637774470306	839079637774470305	887	
1	C6H7F3N2O	[M + H3N + H]+	C6H11F3N3O+	0.996	0.002	57.214	54.303	2.911	8	0.436	-0.786	1.541	0.489		198.085	435	7.258	839079889311089632	839079637640252562	839079637640252561	883	
1	C19H20FNO6	[M + H3N + H]+	C19H24FN2O6+	0.975	0.333	47.154	47.154	0.000	20	0.596	0.471	0.950	3.047		395.162	435	7.258	839079898534364892	839079637808024742	839079637808024741	888	
1	C12H23N3O3	[M + H3N + H]+	C12H27N4O3+	1.000	0.333	71.856	71.856	0.000	12	0.452	-0.095	0.453	-0.008		275.208	436	7.259	839079872055721337	839079637879327918	839079637879327917	890	
1	C6H10N2O3	[M + H3N + H]+	C6H14N3O3+	1.000	0.333	92.227	89.461	2.766	16	0.624	1.518	1.518	-0.101		176.103	436	7.260	839079873385315854	839079637845773482	839079637841579177	889	
1	C11H16N2O2S	[M + Na]+	C11H16N2NaO2S+	1.000	1.000	30.256	30.256	0.000	17	0.126	0.581	0.961	0.572		263.083	436	7.260	839079882692477094	839079637673806998	839079637673806997	884	
1	C28H32Cl2N4O5S	[M + H3N + H]+	C28H36Cl2N5O5S+	1.000	0.315	33.205	33.205	0.000	25	0.513	-0.014	0.569	-4.697		624.178	436	7.261	839080014989219022	839079637740915870	839079637740915869	886	
1	C9H20N2	[M + H3N + H]+	C9H24N3+	1.000	0.500	44.021	44.021	0.000	6	0.609	1.007	1.007	0.091		174.196	436	7.269	839079933711993795	839079637468286078	839079637468286077	878	
1	C5H10O4	[M + H3N + H]+	C5H14NO4+	0.997	0.500	129.687	129.687	0.000	19	0.052	7.034	7.034	0.136		152.092	445	7.411	839079899108984570	839079637946436790	839079637946436789	892	
1	C8H18N2Se	[M + H3N + H]+	C8H22N3Se+	0.993	0.500	35.184	35.184	0.000	8	0.462	-3.189	3.189	-3.056		234.103	455	7.589	839079876493295402	839079637979991226	839079637979991225	893	
1	C10H19N3	[M + H3N + H]+	C10H23N4+	0.999	0.333	45.758	45.758	0.000	4	0.614	-0.044	0.061	-0.116		199.192	457	7.612	839079915735206242	839079638055488706	839079638055488705	895	
1	C11H20N2O3	[M + H3N + H]+	C11H24N3O3+	0.999	0.333	86.080	86.080	0.000	15	0.644	-0.024	0.476	-0.073		246.181	457	7.614	839079878271680434	839079638017739966	839079638017739965	894	
1	C14H8N2	[M + H3N + H]+	C14H12N3+	0.977	0.020	73.748	73.748	0.000	11	0.481	-0.101	0.942	0.298		222.103	462	7.708	839079884953207315	839079638093237446	839079638093237445	896	
1	C13H14N2OS	[M - H2O + H]+	C13H13N2S+	0.440	0.331	16.619	16.619	0.000	5	0.090	0.353	0.353	-78621.076		229.079	468	7.800	839079934144007170	839079638164540622	839079638164540621	898	
1	C10H16ClN	[M + Na]+	C10H16ClNNa+	1.000	0.973	10.617	10.617	0.000	5	0.087	3.265	3.265	3.302		208.087	469	7.824	839079967287398397	839079638126791882	839079638126791881	897	
1	C9H16N2O	[M + H3N + H]+	C9H20N3O+	1.000	0.333	64.451	64.451	0.000	10	0.310	2.200	2.200	0.115		186.160	473	7.886	839079900342110050	839079638193900754	839079638193900753	899	
1	C5H10N4O2S	[M + H3N + H]+	C5H14N5O2S+	0.975	0.001	68.847	68.847	0.000	13	0.573	2.938	3.534	3.642		208.087	476	7.926	839079890447746117	839079638231649494	839079638231649493	900	
1	C7H7F3N2O	[M + H3N + H]+	C7H11F3N3O+	0.993	0.269	23.897	23.897	0.000	3	0.574	1.394	1.394	1.413		210.085	476	7.933	839079880758902876	839079638265203930	839079638265203929	901	
1	C7H16N2Se	[M + H3N + H]+	C7H20N3Se+	0.986	0.457	16.101	16.101	0.000	5	0.209	-3.908	3.908	-3.024		220.087	478	7.974	839079899872347930	839079638344895714	839079638344895713	903	
1	C9H16N2O	[M + H3N + H]+	C9H20N3O+	0.639	0.333	65.728	62.621	3.107	14	0.965	3.584	3.584	0.115		186.160	481	8.012	839079900048508737	839079638311341278	839079638311341277	902	
1	C9H16N2O	[M + H3N + H]+	C9H20N3O+	1.000	0.333	64.312	64.312	0.000	10	0.314	2.300	2.300	0.115		186.160	482	8.030	839079877822889871	839079638378450150	839079638378450149	904	
1	C7H18N2Se	[M + H3N + H]+	C7H22N3Se+	0.982	0.161	6.722	6.722	0.000	4	0.137	-3.014	3.014	-3.019		222.103	484	8.063	839079876140973821	839079638516862198	839079638516862197	908	
1	C10H21N3O3	[M + Na]+	C10H21N3NaO3+	1.000	1.000	56.652	56.652	0.000	10	0.577	-0.144	0.296	-0.087		254.147	486	8.102	839079887302017826	839079638416198890	839079638416198889	905	
1	C8H15N	[M + H3N + H]+	C8H19N2+	0.993	0.333	30.928	30.928	0.000	3	0.174	3.363	3.363	0.384		143.154	487	8.115	839079872143801733	839079638483307762	839079638483307761	907	
1	C10H18N2O3	[M + H3N + H]+	C10H22N3O3+	1.000	0.333	54.808	51.497	3.311	13	0.458	0.105	0.886	-0.594		232.165	487	8.120	839079872684866987	839079638449753326	839079638449753325	906	
1	C8H15NO	[M + H3N + H]+	C8H19N2O+	1.000	0.333	56.154	56.154	0.000	6	0.189	2.371	2.371	2.076		159.150	495	8.245	839079872508706215	839079638588165374	839079638588165373	910	
1	C10H16ClN	[M + Na]+	C10H16ClNNa+	1.000	0.761	5.540	5.540	0.000	4	0.076	3.307	3.307	3.302		208.087	499	8.310	839079876883365714	839079638550416634	839079638550416633	909	
1	C7H18N2Se	[M + H3N + H]+	C7H22N3Se+	0.985	0.196	6.492	6.492	0.000	4	0.136	-3.087	3.087	-2.996		222.103	501	8.342	839079885360054821	839079638621719810	839079638621719809	911	
1	C8H13N	[M + H3N + H]+	C8H17N2+	0.996	0.333	38.316	38.316	0.000	5	0.793	6.430	6.430	0.213		141.139	501	8.353	839079882931552476	839079638655274246	839079638655274245	912	
1	C10H16ClN	[M + Na]+	C10H16ClNNa+	1.000	0.738	5.372	5.372	0.000	4	0.073	3.307	3.307	3.302		208.087	503	8.375	839079876740759359	839079638688828682	839079638688828681	913	
1	C9H16N2O3	[M + H3N + H]+	C9H20N3O3+	1.000	0.333	50.244	50.244	0.000	8	0.188	0.115	0.280	0.216		218.150	510	8.507	839079883103518984	839079638718188814	839079638718188813	914	
1	C9H12O	[M + H3N + H]+	C9H16NO+	0.527	0.333	19.186	19.186	0.000	4	0.141	4.830	4.830	0.126		154.123	513	8.543	839079876342300434	839079638751743250	839079638751743249	915	
1	C15H8N2O	[M + H3N + H]+	C15H12N3O+	0.839	0.227	61.087	61.087	0.000	11	0.562	-1.176	1.405	0.086		250.098	513	8.543	839079885670433374	839079638785297686	839079638785297685	916	
1	C22H27N3O3	[M + H3N + H]+	C22H31N4O3+	0.990	0.332	65.542	65.542	0.000	14	0.769	1.642	3.137	-1.721		399.238	522	8.699	839079884110152074	839079638823046426	839079638823046425	917	
1	C19H25N5O5	[M + H3N + H]+	C19H29N6O5+	1.000	0.333	46.836	46.836	0.000	20	0.715	0.417	0.518	2.197		421.220	522	8.700	839079893631223187	839079638852406558	839079638852406557	918	
1	C8H16AsN	[M + H3N + H]+	C8H20AsN2+	0.862	0.030	6.555	6.555	0.000	2	0.014	0.363	0.953	-3.750		219.083	522	8.703	839079883061575926	839079638995012910	839079638995012909	922	
1	C6H13N3O3	[M - H2O + H]+	C6H12N3O2+	0.491	0.333	27.650	27.650	0.000	4	0.056	1.983	1.983	-113922.056		158.093	522	8.704	839079878422675390	839079638885960994	839079638885960993	919	
1	C13H27N3O8	[M + H3N + H]+	C13H31N4O8+	0.980	0.328	62.364	62.364	0.000	16	0.780	0.417	0.507	-2.857		371.213	522	8.706	839079944621378868	839079638957264170	839079638957264169	921	
1	C6H14N4O2	[M + Na]+	C6H14N4NaO2+	1.000	1.000	12.762	12.762	0.000	2	0.021	0.819	0.819	0.171		197.101	523	8.713	839079878955352036	839079639028567346	839079639028567345	923	
1	C6H14N2OSi	[M + H3N + H]+	C6H18N3OSi+	0.992	0.333	85.546	85.546	0.000	17	0.566	6.542	6.542	4.400		176.122	523	8.715	839079887817917266	839079638923709734	839079638923709733	920	
1	C6H11N3O2	[M + H3N + H]+	C6H15N4O2+	0.987	0.333	74.443	71.410	3.033	15	0.874	2.286	2.286	-0.126		175.119	523	8.718	839079878774996931	839079639074704694	839079639070510389	924	
1	C7H13NO	[M + H3N + H]+	C7H17N2O+	1.000	0.333	55.341	55.341	0.000	7	0.101	5.710	5.710	0.692		145.134	525	8.749	839079884651217370	839079639137619258	839079639137619257	925	
1	C9H21N3O	[M + Na]+	C9H21N3NaO+	0.999	0.997	13.151	10.043	3.108	4	0.075	0.224	1.505	0.224		210.158	527	8.784	839079879022460922	839079639175367998	839079639175367997	926	
1	C51H56N6O19	[M + H3N + H]+	C51H60N7O19+	0.685	0.152	82.729	82.729	0.000	26	0.808	-0.804	0.910	-8.283		1074.385	527	8.785	839080078037997271	839079639213116738	839079639208922433	927	
1	C6H11N3O2	[M + H3N + H]+	C6H15N4O2+	0.988	0.333	74.128	71.008	3.120	15	0.890	1.752	1.752	-0.184		175.119	527	8.788	839079877059526502	839079639313780046	839079639313780045	930	
1	C8H13N	[M + H3N + H]+	C8H17N2+	0.996	0.333	28.527	28.527	0.000	3	0.785	4.477	4.477	0.107		141.139	528	8.799	839079892897219983	839079639246671174	839079639246671173	928	
1	C9H21N3O	[M + Na]+	C9H21N3NaO+	1.000	1.000	53.151	53.151	0.000	9	0.571	0.225	0.456	0.224		210.158	531	8.846	839079892372931914	839079639678684534	839079639678684533	940	
1	C6H13N3O3	[M - H2O + H]+	C6H12N3O2+	0.546	0.333	25.294	25.294	0.000	4	0.169	1.670	1.670	-113922.127		158.093	532	8.863	839079888660972465	839079639280225610	839079639280225609	929	
1	C12H25F2N7O3	[M + H3N + H]+	C12H29F2N8O3+	0.573	0.231	40.004	40.004	0.000	11	0.661	-0.202	0.516	-0.888		371.232	532	8.864	839079892129662240	839079639351528786	839079639347334481	931	
1	C21H23N3O5	[M + H3N + H]+	C21H27N4O5+	1.000	0.333	63.063	63.063	0.000	19	0.693	0.032	0.594	-3.556		415.196	532	8.864	839079952968044067	839079639385083222	839079639385083221	932	
1	C22H27N3O3	[M + H3N + H]+	C22H31N4O3+	0.978	0.312	33.317	33.317	0.000	15	0.770	2.485	2.972	-1.721		399.238	532	8.867	839079885573964349	839079639418637658	839079639418637657	933	
1	C5H14NO5	[M + Na]+	C5H14NNaO5+	0.217	0.219	1.899	1.899	0.000	0	0.000	1.265	1.265	1.291		191.077	532	8.871	839079891215303853	839079639494135138	839079639489940833	935	
1	C12H23N3O3	[M + H3N + H]+	C12H27N4O3+	1.000	0.333	61.391	61.391	0.000	13	0.677	0.048	0.568	0.029		275.208	532	8.874	839079884512805321	839079639456386398	839079639456386397	934	
1	C8H13N3O2P2	[M + H3N + H]+	C8H17N4O2P2+	1.000	0.333	36.885	36.885	0.000	8	0.403	1.193	1.193	1.861		263.083	533	8.875	839079887335572284	839079639536078182	839079639536078181	936	
1	C6H11NO2	[M + H3N + H]+	C6H15N2O2+	0.997	0.333	63.234	60.390	2.844	6	0.720	6.235	6.235	-0.436		147.113	533	8.881	839079884697354718	839079639569632618	839079639569632617	937	
1	C10H20N2O	[M + H3N + H]+	C10H24N3O+	0.995	0.333	59.268	55.952	3.316	15	0.703	2.467	2.467	0.105		202.191	533	8.888	839079888145073033	839079639607381358	839079639607381357	938	
1	C10H17NO	[M + H3N + H]+	C10H21N2O+	0.988	0.333	74.449	74.449	0.000	11	0.493	5.624	5.624	0.380		185.165	534	8.893	839079885804651142	839079639645130098	839079639640935793	939	
1	C6H11NO2	[M + H3N + H]+	C6H15N2O2+	0.999	0.333	70.013	67.183	2.830	7	0.644	7.634	7.634	-0.368		147.113	538	8.965	839079893828355542	839079639846456714	839079639846456713	945	
1	C11H20N2O2	[M + H3N + H]+	C11H24N3O2+	1.000	0.333	89.021	89.021	0.000	16	0.625	0.262	0.463	-0.167		230.186	540	8.993	839079879035043847	839079639708044666	839079639708044665	941	
1	C10H16ClN	[M + Na]+	C10H16ClNNa+	1.000	0.627	4.775	4.775	0.000	4	0.054	3.307	3.307	3.350		208.087	540	8.997	839079889856349201	839079639741599102	839079639741599101	942	
1	C9H22NO	[M + H]+	C9H23NO+	1.000	0.500	17.484	17.484	0.000	3	0.449	2.969	2.998	5.238		161.178	541	9.015	839079879114735628	839079639775153538	839079639775153537	943	
1	C13H21N3O4	[M + H3N + H]+	C13H25N4O4+	1.000	0.333	56.502	56.502	0.000	16	0.669	0.475	0.475	-0.271		301.187	541	9.025	839079885716570738	839079639880011150	839079639880011149	946	
1	C68H121NO11	[M + H3N + H]+	C68H125N2O11+	0.998	0.333	118.253	118.253	0.000	40	0.856	0.029	0.609	-3.691		1145.924	542	9.028	839079910693652682	839079639951314326	839079639951314325	948	
1	C45H66N8O28	[M + Na]+	C45H66N8NaO28+	0.317	0.105	9.107	9.107	0.000	18	0.775	-0.670	2.546	-1.710		1189.386	542	9.028	839080134388471598	839079639812902278	839079639808707973	944	
1	C21H33NO16	[M + H3N + H]+	C21H37N2O16+	0.993	0.325	167.853	166.303	1.550	42	0.904	-0.265	0.586	1.885		573.215	542	9.028	839080056038872668	839079639917759890	839079639917759889	947	
1	C40H65N15O23	[M + Na]+	C40H65N15NaO23+	0.595	0.682	80.098	80.098	0.000	50	0.929	-0.103	0.916	-1.704		1146.425	542	9.030	839079987311006303	839079639989063066	839079639989063065	949	
1	C69H123N5O6	[M + K]+	C69H123KN5O6+	1.000	1.000	66.747	66.747	0.000	34	0.555	1.419	2.286	3.237		1156.914	542	9.031	839079956440927908	839079640093920678	839079640093920677	952	
1	C43H68N8O28	[M + Na]+	C43H68N8NaO28+	0.985	0.905	17.445	10.314	7.130	29	0.753	0.155	0.579	0.236		1167.404	542	9.031	839080047646070277	839079640060366242	839079640060366241	951	
1	C52H61F2N11O16	[M + Na]+	C52H61F2N11NaO16+	0.134	0.573	75.310	75.310	0.000	29	0.629	-1.656	1.656	-2.544		1156.413	542	9.031	839080553013565357	839079640169418158	839079640169418157	954	
1	C47H72N12O15S2	[M + K]+	C47H72KN12O15S2+	0.680	0.866	83.140	83.140	0.000	40	0.790	-0.163	1.379	-3.181		1147.428	542	9.031	839080925161576395	839079640022617502	839079640022617501	950	
1	C44H61N11O24	[M + H3N + H]+	C44H65N12O24+	0.607	0.261	103.874	93.945	9.928	41	0.961	-0.221	0.530	-0.731		1145.422	542	9.032	839080006957126726	839079640131669418	839079640131669417	953	
1	C10H20N2O2	[M + H3N + H]+	C10H24N3O2+	0.997	0.333	85.339	82.066	3.273	10	0.826	4.864	4.864	0.168		218.186	544	9.065	839079883359371551	839079640202972594	839079640202972593	955	
1	C9H17NO2Se	[M + H3N + H]+	C9H21N2O2Se+	0.866	0.221	35.152	35.152	0.000	8	0.179	0.330	0.518	1.404		263.083	545	9.090	839080013550572699	839079640337190338	839079640337190337	959	
1	C12H23N3O3	[M + H3N + H]+	C12H27N4O3+	1.000	0.333	70.702	70.702	0.000	16	0.701	0.036	0.241	0.010		275.208	546	9.092	839079953857236559	839079640240721334	839079640240721333	956	
1	C5H9NO2	[M + H3N + H]+	C5H13N2O2+	0.999	0.333	24.972	24.972	0.000	2	0.216	1.491	1.491	0.495		133.097	546	9.101	839079883204182287	839079640370744774	839079640370744773	960	
1	C15H21FN4O	[M + K]+	C15H21FKN4O+	0.994	0.999	38.276	38.276	0.000	19	0.739	0.025	0.704	-3.179		331.132	546	9.105	839079913864546619	839079640442047950	839079640442047949	962	
1	C15H24N6O6S	[M - H2O + H]+	C15H23N6O5S+	0.656	0.333	46.936	43.894	3.042	14	0.763	4.001	4.001	-45123.035		399.144	546	9.108	839079905706625068	839079640408493514	839079640408493513	961	
1	C4H10N4O5	[M - H2O + H]+	C4H9N4O4+	0.344	0.249	2.192	2.192	0.000	1	0.001	3.423	8.089	-101724.148		177.061	547	9.111	839079884189843886	839079640475602386	839079640475602385	963	
1	C40H69N5O26	[M + K]+	C40H69KN5O26+	0.889	0.911	42.879	42.879	0.000	22	0.717	0.338	0.450	-1.164		1074.385	547	9.119	839079920525101573	839079640572071390	839079640572071389	966	
1	C8H13NO	[M + H3N + H]+	C8H17N2O+	0.969	0.333	34.769	34.769	0.000	5	0.230	1.218	1.218	0.957		157.134	548	9.136	839079890527437919	839079640538516954	839079640538516953	965	
1	C8H16N2O	[M + H3N + H]+	C8H20N3O+	1.000	0.333	87.929	87.929	0.000	12	0.237	3.983	3.983	0.065		174.160	548	9.142	839079920701262364	839079640307830206	839079640303635901	958	
1	C11H23N3O	[M + H3N + H]+	C11H27N4O+	1.000	0.333	67.550	67.550	0.000	12	0.701	0.187	0.250	-0.186		231.218	549	9.146	839079884332450241	839079640643374566	839079640643374565	968	
1	C8H19N3O	[M + Na]+	C8H19N3NaO+	1.000	1.000	26.862	26.862	0.000	6	0.156	0.858	0.858	0.138		196.142	549	9.151	839079890753930358	839079640270081466	839079640270081465	957	
1	C8H19N3O	[M - H2O + H]+	C8H18N3+	0.487	0.333	22.126	22.126	0.000	4	0.244	1.253	1.253	-115340.991		156.150	549	9.156	839080013609292972	839079640605625826	839079640605625825	967	
1	C5H11N3	[M + H3N + H]+	C5H15N4+	0.997	0.333	25.356	25.356	0.000	3	0.286	6.453	6.453	0.779		131.129	550	9.171	839080013672207534	839079640676929002	839079640676929001	969	
1	C7H16NO4	[M + H3N + H]+	C7H20N2O4+	0.337	0.336	7.694	4.807	2.888	3	0.068	-0.153	2.492	1.486		196.142	551	9.177	839079900602156906	839079640710483438	839079640710483437	970	
1	C9H17N2NaO	[M + H3N + H]+	C9H21N3NaO+	0.581	0.014	44.185	44.185	0.000	8	0.346	0.295	0.295	0.200		210.158	551	9.185	839079884047237501	839079640819535354	839079640819535353	973	
1	C9H18N2O	[M + H3N + H]+	C9H22N3O+	1.000	0.333	80.748	80.748	0.000	11	0.468	0.519	0.519	0.033		188.176	552	9.197	839079884504416710	839079640509156822	839079640504962517	964	
1	C5H11N3	[M + H3N + H]+	C5H15N4+	0.998	0.333	22.580	22.580	0.000	3	0.115	6.334	6.334	0.779		131.129	552	9.205	839079884579914198	839079640886644226	839079640886644225	975	
1	C9H18N2O	[M + H3N + H]+	C9H22N3O+	1.000	0.333	72.041	68.890	3.150	8	0.712	1.345	1.345	0.060		188.176	555	9.246	839079890510660695	839079640857284094	839079640857284093	974	
1	C9H21NSi	[M + H3N + H]+	C9H25N2Si+	0.998	0.500	24.787	24.787	0.000	3	0.329	5.484	5.484	3.532		189.179	556	9.269	839079884185649578	839079640744037874	839079640744037873	971	
1	C9H22NO	[M + H]+	C9H23NO+	1.000	0.500	7.630	7.630	0.000	2	0.122	5.480	5.480	5.393		161.178	557	9.281	839079890590352483	839079641259937326	839079641259937325	986	
1	C5H9NO2	[M + H3N + H]+	C5H13N2O2+	0.993	0.333	30.778	30.778	0.000	4	0.049	9.253	9.253	0.608		133.097	557	9.291	839079905845037122	839079640953753098	839079640953753097	977	
1	C9H22NO	[M + H]+	C9H23NO+	1.000	0.500	7.717	7.717	0.000	2	0.135	5.008	5.008	5.300		161.178	558	9.308	839079900690237302	839079640785980918	839079640785980917	972	
1	C12H23N3O3	[M + H3N + H]+	C12H27N4O3+	0.999	0.333	50.090	50.090	0.000	13	0.699	0.039	0.346	0.047		275.208	559	9.313	839079892737836411	839079641020861970	839079641020861969	979	
1	C43H68N8O28	[M + Na]+	C43H68N8NaO28+	0.932	0.934	39.572	39.572	0.000	30	0.730	0.222	0.571	0.330		1167.404	559	9.316	839080544717232031	839079641054416406	839079641054416405	980	
1	C6H11NO2	[M + H3N + H]+	C6H15N2O2+	0.986	0.333	24.083	24.083	0.000	3	0.072	3.747	3.747	-0.402		147.113	559	9.316	839079977542472029	839079641159274018	839079641159274017	983	
1	C21H33NO16	[M + H3N + H]+	C21H37N2O16+	0.999	0.213	136.141	134.164	1.977	33	0.827	0.014	0.785	1.850		573.215	559	9.317	839080094760687363	839079641092165146	839079641092165145	981	
1	C46H64N18O12S2	[M + Na]+	C46H64N18NaO12S2+	0.986	0.995	71.679	71.679	0.000	34	0.760	-0.078	0.889	-0.708		1147.428	559	9.318	839080910863194043	839079641230577194	839079641230577193	985	
1	C45H69N15O14S2	[M + K]+	C45H69KN15O14S2+	1.000	1.000	93.423	93.423	0.000	44	0.919	0.982	1.339	2.528		1146.425	559	9.318	839081080090777569	839079641192828454	839079641192828453	984	
1	C44H61N11O24	[M + H3N + H]+	C44H65N12O24+	0.531	0.233	102.978	92.981	9.997	42	0.961	-0.319	0.525	-0.775		1145.422	559	9.322	839079947947462054	839079641129913886	839079641129913885	982	
1	C9H20N2	[M + H3N + H]+	C9H24N3+	1.000	0.500	40.080	40.080	0.000	11	0.729	3.705	3.705	-0.541		174.196	559	9.324	839079885414580792	839079640987307534	839079640987307533	978	
1	C11H23N3O	[M + H3N + H]+	C11H27N4O+	1.000	0.333	70.012	70.012	0.000	10	0.737	-0.089	0.258	-0.186		231.218	560	9.333	839080028692010359	839079640920198662	839079640920198661	976	
1	C38H58N6O26	[M + H3N + H]+	C38H62N7O26+	0.620	0.279	84.615	77.353	7.262	33	0.947	-0.440	0.711	0.493		1032.374	564	9.400	839079951521009134	839079641297686066	839079641297686065	987	
1	C7H17N3O	[M + Na]+	C7H17N3NaO+	0.962	0.371	2.042	2.042	0.000	1	0.011	0.592	0.592	0.039		182.126	564	9.401	839079975185273069	839079641331240502	839079641331240501	988	
1	C38H61N7O26	[M + Na]+	C38H61N7NaO26+	0.573	0.475	9.925	9.925	0.000	21	0.702	0.234	0.561	0.279		1054.356	564	9.402	839080371635083137	839079641377377850	839079641377377849	989	
1	C43H54N12O14S3	[M + H3N + H]+	C43H58N13O14S3+	0.414	0.134	60.719	60.719	0.000	18	0.601	0.214	0.338	-0.161		1076.338	564	9.404	839080070521804434	839079641410932286	839079641410932285	990	
1	C9H16N2O2	[M + H3N + H]+	C9H20N3O2+	1.000	0.333	97.299	97.299	0.000	11	0.471	0.395	0.478	0.256		202.155	566	9.428	839079975327879409	839079641499012678	839079641499012677	992	
1	C8H13NO	[M + H3N + H]+	C8H17N2O+	0.794	0.333	76.865	76.865	0.000	12	0.254	6.007	6.007	0.798		157.134	566	9.428	839079892616201567	839079641566121550	839079641566121549	994	
1	C8H16N2O	[M + H3N + H]+	C8H20N3O+	0.992	0.333	66.037	62.917	3.120	13	0.879	4.876	4.876	0.180		174.160	566	9.434	839079891395658983	839079641457069634	839079641452875329	991	
1	C8H14N2	[M + H3N + H]+	C8H18N3+	1.000	0.333	81.148	78.132	3.016	10	0.927	3.635	3.635	0.871		156.150	567	9.450	839079948052319674	839079641532567114	839079641532567113	993	
1	C8H16N2O	[M + H3N + H]+	C8H20N3O+	1.000	0.333	93.113	93.113	0.000	13	0.295	3.613	3.613	0.237		174.160	567	9.451	839079948161371583	839079641633230422	839079641633230421	996	
1	C31H32N4O11	[M + H3N + H]+	C31H36N5O11+	0.993	0.331	129.439	129.439	0.000	34	0.803	-0.082	0.549	1.080		654.241	571	9.520	839080254018410324	839079641670979162	839079641670979161	997	
1	C49H75N7O33	[M + H3N + H]+	C49H79N8O33+	0.650	0.330	71.835	64.756	7.079	32	0.902	-0.233	0.604	0.556		1307.475	572	9.526	839079927017884385	839079641704533598	839079641704533597	998	
1	C9H18N2O2	[M + H3N + H]+	C9H22N3O2+	0.993	0.333	63.091	63.091	0.000	12	0.669	0.363	0.363	0.228		204.171	572	9.541	839079889990566949	839079641738088034	839079641738088033	999	
1	C6H13NO	[M + H3N + H]+	C6H17N2O+	1.000	0.500	52.865	52.865	0.000	6	0.570	8.554	8.554	0.679		133.134	579	9.647	839079893962573279	839079641805196906	839079641801002601	1001	
1	C10H16ClN	[M + Na]+	C10H16ClNNa+	0.999	0.073	1.435	1.435	0.000	2	0.026	3.163	3.163	3.206		208.087	579	9.648	839079990628700965	839079641767448166	839079641767448165	1000	
1	C9H22NO	[M + H]+	C9H23NO+	1.000	0.500	7.641	7.641	0.000	2	0.106	5.194	5.194	5.176		161.178	581	9.690	839079890074453032	839079641834557038	839079641834557037	1002	
1	C38H58N6O26	[M + H3N + H]+	C38H62N7O26+	0.663	0.331	78.312	71.015	7.297	32	0.929	-0.599	0.744	0.493		1032.374	582	9.697	839079960723312457	839079641872305778	839079641872305777	1003	
1	C38H61N7O26	[M + Na]+	C38H61N7NaO26+	0.956	0.776	54.307	54.307	0.000	21	0.670	-0.198	0.670	0.232		1054.356	582	9.698	839080503403337615	839079641905860214	839079641905860213	1004	
1	C7H13NO	[M + H3N + H]+	C7H17N2O+	1.000	0.333	44.121	44.121	0.000	6	0.141	6.354	6.354	0.657		145.134	582	9.703	839079949147033032	839079641939414650	839079641939414649	1005	
1	C50H76N16O21S	[M + K]+	C50H76KN16O21S+	1.000	1.000	65.924	65.924	0.000	28	0.861	-0.546	1.129	2.201		1307.475	587	9.791	839080334821676905	839079641977163390	839079641977163389	1006	
1	C31H32N4O11	[M + H3N + H]+	C31H36N5O11+	1.000	0.037	49.466	49.466	0.000	11	0.719	0.105	0.220	1.111		654.241	587	9.791	839079899985594154	839079642010717826	839079642010717825	1007	
1	C37H67N9O6	[M + H3N + H]+	C37H71N10O6+	0.780	0.277	44.532	44.532	0.000	12	0.690	0.123	0.300	-1.339		751.554	589	9.819	839079891659900146	839079642115575438	839079642111381133	1010	
1	C9H20N2	[M + H3N + H]+	C9H24N3+	1.000	0.500	72.229	72.229	0.000	10	0.791	2.186	2.186	-0.684		174.196	590	9.838	839079920797731360	839079642224627354	839079642224627353	1013	
1	C60H66F4N8O10S2	[M + H3N + H]+	C60H70F4N9O10S2+	0.632	0.000	19.318	19.318	0.000	11	0.702	-0.108	0.219	-0.099		1216.462	591	9.845	839079902330210227	839079642149129874	839079642149129873	1011	
1	C11H23N3O	[M + H3N + H]+	C11H27N4O+	1.000	0.333	53.778	53.778	0.000	7	0.709	0.086	0.163	-0.142		231.218	591	9.849	839079954394107486	839079642044272262	839079642044272261	1008	
1	C9H22NO	[M + H]+	C9H23NO+	1.000	0.500	20.435	20.435	0.000	4	0.447	4.723	4.723	5.114		161.178	591	9.854	839079888207987604	839079642077826698	839079642077826697	1009	
1	C13H9Br4NO4S	[M + H3N + H]+	C13H13Br4N2O4S+	1.000	0.333	105.124	105.124	0.000	19	0.423	0.700	1.094	1.622		608.733	592	9.866	839079931145079678	839079642186878614	839079642186878613	1012	
1	C9H22NO	[M + H]+	C9H23NO+	1.000	0.500	8.948	8.948	0.000	3	0.117	5.531	5.531	5.083		161.178	593	9.879	839079981191516640	839079642321096358	839079642321096357	1016	
1	C7H13N	[M + H3N + H]+	C7H17N2+	0.996	0.333	31.227	31.227	0.000	4	0.005	8.369	8.369	0.930		129.139	594	9.897	839079980751114697	839079642392399534	839079642392399533	1018	
1	C49H68N4O29	[M + H3N + H]+	C49H72N5O29+	0.610	0.260	54.514	54.514	0.000	27	0.787	-0.300	0.723	-2.979		1194.427	595	9.917	839080235685107518	839079642358845098	839079642358845097	1017	
1	C10H16ClN	[M + Na]+	C10H16ClNNa+	0.969	0.052	0.678	0.678	0.000	1	0.009	4.361	4.361	3.182		208.087	596	9.927	839079897582257861	839079642258181790	839079642258181789	1014	
1	C11H23N3O	[M + H3N + H]+	C11H27N4O+	1.000	0.333	57.582	57.582	0.000	8	0.702	0.013	0.202	-0.142		231.218	596	9.933	839079981199905251	839079642287541922	839079642287541921	1015	
1	C10H16ClN	[M + Na]+	C10H16ClNNa+	0.971	0.052	0.678	0.678	0.000	1	0.009	4.361	4.361	3.230		208.087	598	9.974	839079895581574689	839079642425953970	839079642425953969	1019	
1	C8H15N	[M + H3N + H]+	C8H19N2+	1.000	0.333	38.979	38.979	0.000	5	0.205	5.329	5.329	0.698		143.154	600	10.007	839079895694820912	839079642455314102	839079642455314101	1020	
1	C13H9Br4NO4S	[M + H3N + H]+	C13H13Br4N2O4S+	1.000	0.333	97.116	97.116	0.000	17	0.428	0.032	1.123	1.622		608.733	606	10.106	839080010551645296	839079642493062842	839079642493062841	1021	
1	C7H16N2	[M + H3N + H]+	C7H20N3+	0.998	0.500	16.738	16.738	0.000	2	0.025	2.186	2.186	0.075		146.165	611	10.180	839079949188976075	839079642631474890	839079642631474889	1025	
1	C5H10N4O2S	[M + H3N + H]+	C5H14N5O2S+	0.964	0.001	52.682	52.682	0.000	9	0.463	3.299	3.439	3.546		208.087	611	10.188	839079945804172628	839079642597920454	839079642597920453	1024	
1	C49H68N4O29	[M + H3N + H]+	C49H72N5O29+	0.612	0.266	35.567	35.567	0.000	22	0.882	-0.930	1.030	-2.987		1194.427	612	10.194	839080101593208594	839079642530811582	839079642530811581	1022	
1	C11H23N3O	[M + H3N + H]+	C11H27N4O+	1.000	0.333	58.284	58.284	0.000	6	0.696	0.049	0.185	-0.142		231.218	613	10.208	839079957426589410	839079642564366018	839079642564366017	1023	
1	C8H14NO3S	[M + H3N + H]+	C8H18N2O3S+	0.519	0.104	60.454	60.454	0.000	12	0.496	-2.879	4.824	-2.858		222.103	616	10.260	839079961465704293	839079642698583762	839079642698583761	1027	
1	C13H17N4O9P	[M + Na]+	C13H17N4NaO9P+	1.000	1.000	45.414	45.414	0.000	9	0.507	5.832	5.832	1.673		427.063	616	10.273	839079968738627643	839079642732138198	839079642732138197	1028	
1	C9H20N2	[M + H3N + H]+	C9H24N3+	1.000	0.500	80.370	80.370	0.000	11	0.750	1.741	1.741	-0.254		174.196	616	10.274	839079947427368338	839079642665029326	839079642665029325	1026	
1	C24H30N4O8S	[M + H3N + H]+	C24H34N5O8S+	0.999	0.266	116.474	116.474	0.000	32	0.804	0.139	0.600	-4.818		552.210	618	10.303	839080047444743664	839079642769886938	839079642769886937	1029	
1	C12H17NO4	[M + Na]+	C12H17NNaO4+	0.998	1.000	186.889	186.889	0.000	26	0.675	4.841	4.841	4.087		262.106	620	10.326	839079907749251216	839079643013156594	839079643013156593	1035	
1	C9H14N2O4S	[M + H3N + H]+	C9H18N3O4S+	0.984	0.233	69.089	69.089	0.000	9	0.574	-0.019	1.204	0.555		264.101	620	10.327	839079893706720683	839079642979602158	839079642979602157	1034	
1	C10H16Cl2IN5O4S	[M + H3N + H]+	C10H20Cl2IN6O4S+	1.000	0.000	36.071	36.071	0.000	18	0.476	0.123	1.907	0.428		516.969	620	10.329	839080001890407367	839079642870550242	839079642870550241	1031	
1	C3H2N3O2P	[M + H3N + H]+	C3H6N4O2P+	0.871	0.281	52.871	52.871	0.000	4	0.012	-1.657	1.657	-3.344		161.022	620	10.336	839079896160388665	839079643118014206	839079643118014205	1038	
1	C8H15N	[M + H3N + H]+	C8H19N2+	0.993	0.333	36.485	36.485	0.000	4	0.144	6.033	6.033	0.524		143.154	620	10.336	839079896219108936	839079643260620558	839079643260620557	1042	
1	C12H15NO10	[M + K]+	C12H15KNO10+	1.000	1.000	43.673	43.673	0.000	7	0.554	0.881	2.003	5.796		372.035	620	10.337	839079917521979775	839079643050905334	839079643050905333	1036	
1	C11H15NO4	[M + Na]+	C11H15NNaO4+	1.000	1.000	153.696	153.696	0.000	35	0.789	5.735	5.735	4.117		248.090	621	10.344	839080027580519780	839079643193511686	839079643189317381	1040	
1	C9H21AsN2O	[M + H3N + H]+	C9H25AsN3O+	0.944	0.002	21.487	21.487	0.000	4	0.323	0.540	0.617	-1.655		266.120	621	10.344	839079901562652571	839079643080265466	839079643080265465	1037	
1	C11H15N3OS2	[M + H3N + H]+	C11H19N4OS2+	0.995	0.333	49.416	49.416	0.000	9	0.517	-3.623	3.623	-2.228		287.099	621	10.347	839080010320958554	839079643227066122	839079643227066121	1041	
1	C8H18N2	[M + H3N + H]+	C8H22N3+	0.993	0.500	25.594	22.349	3.245	3	0.970	3.384	3.384	0.099		160.181	621	10.349	839079900446967654	839079643537444654	839079643533250349	1050	
1	C14H12N3O7	[M + K]+	C14H12KN3O7+	0.873	0.880	45.966	45.966	0.000	8	0.814	2.998	2.998	2.646		373.032	621	10.354	839080018277553373	839079642908298982	839079642908298981	1032	
1	C27H18O13	[M + Na]+	C27H18NaO13+	0.412	0.616	59.544	59.544	0.000	18	0.704	-1.560	1.803	-2.794		573.062	621	10.355	839080025558865212	839079643155762946	839079643155762945	1039	
1	C23H17ClN8O6	[M + K]+	C23H17ClKN8O6+	0.304	0.373	54.698	49.877	4.821	26	0.759	-2.675	2.675	-1.854		575.058	621	10.355	839080038020142482	839079642946047722	839079642946047721	1033	
1	C7H13BN5O3PS3	[M + H3N + H]+	C7H17BN6O3PS3+	0.532	0.103	79.629	77.086	2.544	25	0.725	1.867	2.933	3.280		370.040	622	10.359	839079943631523086	839079642803441374	839079642803441373	1030	
1	C9H20ClN2O3	[M + Na]+	C9H20ClN2NaO3+	1.000	1.000	38.004	38.004	0.000	13	0.210	1.071	2.488	2.248		262.106	622	10.359	839079911184386289	839079644405665682	839079644405665681	1075	
1	C15H14N3O4S	[M + K]+	C15H14KN3O4S+	0.920	0.973	61.187	59.884	1.302	21	0.705	-0.157	0.316	-0.377		371.034	622	10.361	839079936148884580	839079643642302266	839079643642302265	1053	
1	C12H13ClN4O6	[M + Na]+	C12H13ClN4NaO6+	0.964	0.977	69.637	69.637	0.000	20	0.718	1.403	1.403	1.982		367.042	622	10.365	839079928745937703	839079643680051006	839079643680051005	1054	
1	C4H4N3O4P	[M + H3N + H]+	C4H8N4O4P+	0.728	0.046	113.664	113.664	0.000	21	0.670	-1.629	1.629	-1.197		207.028	622	10.365	839080001953321949	839079643428392738	839079643428392737	1047	
1	C7H16N2	[M + H3N + H]+	C7H20N3+	1.000	0.500	34.597	34.597	0.000	5	0.225	7.548	7.548	0.109		146.165	622	10.366	839079933909126123	839079643361283866	839079643361283865	1045	
1	C9H18N2O2S2	[M + H3N + H]+	C9H22N3O2S2+	0.999	0.333	60.279	60.279	0.000	19	0.412	1.337	2.021	1.770		268.115	622	10.367	839079984660206126	839079643604553526	839079643604553525	1052	
1	C7H13N3O7	[M + H3N + H]+	C7H17N4O7+	0.897	0.239	116.674	114.161	2.512	33	0.769	3.623	3.623	1.355		269.110	622	10.367	839079991689859922	839079643499695914	839079643499695913	1049	
1	C8H5NO2S2	[M + H3N + H]+	C8H9N2O2S2+	0.650	0.000	80.154	80.154	0.000	8	0.406	-3.171	3.171	-2.384		229.009	622	10.369	839080005208101940	839079643394838302	839079643394838301	1046	
1	C17H16N2O4	[M + H]+	C17H17N2O4+	0.772	0.326	48.512	48.512	0.000	6	0.488	-2.493	2.493	-1.991		313.118	622	10.370	839079963143425942	839079643327729430	839079643327729429	1044	
1	C9H16ClN5O4	[M + H3N + H]+	C9H20ClN6O4+	0.920	0.140	96.496	91.985	4.511	17	0.555	-3.147	3.147	-1.920		311.122	622	10.370	839079906834892926	839079643713605442	839079643713605441	1055	
1	C9H20N2	[M + H3N + H]+	C9H24N3+	1.000	0.500	57.200	57.200	0.000	6	0.762	0.336	0.336	-0.053		174.196	622	10.371	839079963202146221	839079643747159878	839079643747159877	1056	
1	C4H12N2O	[M + Na]+	C4H12N2NaO+	0.988	0.980	1.941	1.941	0.000	0	0.000	1.135	1.135	1.112		127.084	622	10.371	839079963315392430	839079643780714314	839079643780714313	1057	
1	C8H21ClN3O3	[M + Na]+	C8H21ClN3NaO3+	0.994	0.999	111.861	108.398	3.463	48	0.955	3.517	3.517	2.509		265.117	622	10.373	839079903823382510	839079643814268750	839079643814268749	1058	
1	C7H13N	[M + H3N + H]+	C7H17N2+	0.917	0.333	44.127	44.127	0.000	7	0.038	8.976	8.976	1.007		129.139	623	10.376	839079903911462913	839079643570999090	839079643570999089	1051	
1	C10H20BrClN2O	[M + H3N + H]+	C10H24BrClN3O+	0.639	0.317	47.125	47.125	0.000	10	0.699	-0.100	1.190	-2.938		316.078	623	10.388	839079905983449158	839079643847823186	839079643843628881	1059	
1	C22H25N3O12	[M + H3N + H]+	C22H29N4O12+	0.968	0.282	33.163	33.163	0.000	6	0.450	-1.268	2.779	3.033		541.179	624	10.402	839079906818115697	839079643877183318	839079643877183317	1060	
1	C25H25N3O14	[M + H3N + H]+	C25H29N4O14+	0.473	0.100	33.444	33.444	0.000	5	0.473	-0.595	0.937	-1.212		609.167	624	10.402	839079935494573142	839079643910737754	839079643910737753	1061	
1	C8H14N2O13	[M + Na]+	C8H14N2NaO13+	0.923	0.489	51.117	51.117	0.000	31	0.768	-3.938	3.938	-2.979		369.038	625	10.409	839079911775783174	839079644015595366	839079644015595365	1064	
1	C12H15ClN4O5	[M + K]+	C12H15ClKN4O5+	0.970	0.965	57.661	57.661	0.000	23	0.369	1.494	1.741	3.779		369.038	625	10.410	839079965207023583	839079643461947174	839079643461947173	1048	
1	C28H16N4O8	[M + K]+	C28H16KN4O8+	0.646	0.094	39.404	39.404	0.000	26	0.808	-2.650	2.650	-2.802		575.058	625	10.415	839080046635242976	839079644195950458	839079644195950457	1069	
1	C6H9NO6	[M + K]+	C6H9KNO6+	0.823	0.814	17.523	17.523	0.000	4	0.059	5.106	5.106	4.739		230.007	625	10.418	839079952720580116	839079643944292190	839079643944292189	1062	
1	C21H18FN5O11	[M + K]+	C21H18FKN5O11+	0.113	0.179	70.031	70.031	0.000	23	0.674	0.476	2.077	-1.799		574.061	625	10.421	839080070572136104	839079643977846626	839079643977846625	1063	
1	C8H17N3O8S2	[M + Na]+	C8H17N3NaO8S2+	0.997	1.000	117.426	114.866	2.560	29	0.517	1.111	1.910	5.683		370.037	626	10.427	839079973226533012	839079644124647282	839079644124647281	1067	
1	C16H13N2O6	[M + K]+	C16H13KN2O6+	0.999	0.864	71.205	71.205	0.000	28	0.704	-2.284	2.284	-0.569		368.040	626	10.427	839079919241644512	839079644086898542	839079644086898541	1066	
1	C15H16N3O9PS2	[M + K]+	C15H16KN3O9PS2+	0.178	0.361	36.361	36.361	0.000	10	0.485	1.083	2.351	2.625		515.971	626	10.429	839079950686342622	839079644053344106	839079644053344105	1065	
1	C10H19N4O2	[M + K]+	C10H19KN4O2+	1.000	1.000	80.793	80.793	0.000	33	0.828	4.393	4.393	2.296		266.115	626	10.429	839079923880544896	839079644158201718	839079644158201717	1068	
1	C19H19IN4O8	[M + H3N + H]+	C19H23IN5O8+	0.620	0.015	40.822	40.822	0.000	30	0.695	-3.383	3.511	-3.085		576.057	626	10.436	839080051135731286	839079644300808070	839079644300808069	1072	
1	C11H19BrClN3O5S	[M + H3N + H]+	C11H23BrClN4O5S+	0.929	0.000	50.280	50.280	0.000	23	0.639	0.722	2.135	-0.565		437.025	626	10.437	839080070895097553	839079644263059330	839079644263059329	1071	
1	C20H19N11O9S4	[M + K]+	C20H19KN11O9S4+	0.278	0.189	35.499	35.499	0.000	8	0.684	-2.545	2.545	-1.275		723.987	626	10.441	839079968977703015	839079644334362506	839079644334362505	1073	
1	C15H18Br2ClN3O4	[M + H3N + H]+	C15H22Br2ClN4O4+	0.999	0.005	17.469	17.469	0.000	12	0.490	0.236	1.222	0.236		514.969	627	10.442	839080070609884857	839079644510523294	839079644510523293	1078	
1	C18H14N4O6S3	[M + K]+	C18H14KN4O6S3+	0.810	0.350	44.307	44.307	0.000	32	0.805	-2.655	2.655	-3.279		516.969	627	10.443	839079975365628148	839079644372111246	839079644372111245	1074	
1	C4H10FN2O4	[M + K]+	C4H10FKN2O4+	1.000	1.000	100.171	100.171	0.000	26	0.773	-1.804	2.161	-1.241		208.025	627	10.444	839079904347670533	839079644229504894	839079644229504893	1070	
1	C18H17N3O21S3	[M + H3N + H]+	C18H21N4O21S3+	0.837	0.262	44.525	44.525	0.000	10	0.551	2.374	2.374	0.078		724.986	627	10.446	839080056940648046	839079644443414422	839079644439220117	1076	
1	C11H18IN3O10	[M + K]+	C11H18IKN3O10+	0.869	0.494	44.955	44.955	0.000	29	0.460	-1.593	1.728	0.406		517.967	627	10.451	839079922462870050	839079644476968858	839079644476968857	1077	
1	C7H4ClF3N2O3S	[M + Na]+	C7H4ClF3N2NaO3S+	0.288	0.692	9.519	9.519	0.000	8	0.161	1.454	2.070	1.556		310.948	627	10.458	839079933837822916	839079644544077730	839079644544077729	1079	
1	C11H18N3O2	[M + K]+	C11H18KN3O2+	0.993	1.000	141.839	141.839	0.000	44	0.890	3.564	3.564	2.889		263.104	628	10.465	839079951743307270	839079644615380906	839079644615380905	1081	
1	C11H5ClN2O2S2	[M + K]+	C11H5ClKN2O2S2+	0.403	0.672	25.234	25.234	0.000	6	0.336	2.305	2.305	1.373		334.912	628	10.466	839079935477795906	839079644648935342	839079644648935341	1082	
1	C9H12ClN2O3	[M + H3N + H]+	C9H16ClN3O3+	1.000	0.093	127.422	127.422	0.000	37	0.584	3.596	3.596	2.728		249.088	628	10.467	839079961901911945	839079644682489778	839079644682489777	1083	
1	C4H7BrCl2FN3O4	[M - H2O + H]+	C4H6BrCl2FN3O3+	0.334	0.229	25.252	25.252	0.000	6	0.374	2.593	2.593	-57742.511		311.896	628	10.468	839079917719112078	839079644716044214	839079644716044213	1084	
1	C2H6O6S	[M - H2O + H]+	C2H5O5S+	0.513	0.318	2.326	2.326	0.000	1	0.001	0.349	3.717	-127743.458		140.986	629	10.476	839079920478964206	839079644577632166	839079644577632165	1080	
1	C14H15Cl2N3O3	[M + Na]+	C14H15Cl2N3NaO3+	0.999	1.000	66.575	66.575	0.000	13	0.702	2.518	2.518	4.378		366.040	629	10.484	839079926350990036	839079644749598650	839079644749598649	1085	
1	C11H16ClNO3	[M + H3N + H]+	C11H20ClN2O3+	0.971	0.074	38.849	38.849	0.000	7	0.077	0.600	0.600	2.958		263.116	633	10.550	839079908097378470	839079645118697446	839079645118697445	1096	
1	C12H19NO2S2Se	[M + H3N + H]+	C12H23N2O2S2Se+	0.762	0.000	31.042	31.042	0.000	11	0.132	0.313	0.795	-0.802		365.042	633	10.550	839080003060618223	839079645148057578	839079645148057577	1097	
1	C4H7Cl3FNO3S2	[M + H]+	C4H8Cl3FNO3S2+	0.720	0.500	44.881	44.881	0.000	13	0.445	1.281	2.604	1.102		305.899	634	10.564	839079975441125631	839079644984479702	839079644984479701	1092	
1	C4H4F2INO	[M + K]+	C4H4F2IKNO+	0.815	0.532	24.481	24.481	0.000	3	0.486	3.480	3.480	-0.687		285.894	634	10.565	839079977689272671	839079644850261958	839079644850261957	1088	
1	C4H4Br2ClFO	[M + K]+	C4H4Br2ClFKO+	0.367	0.372	3.482	3.482	0.000	1	0.200	-0.668	3.538	-4.275		318.792	634	10.565	839079987470389899	839079644883816394	839079644883816393	1089	
1	C24H30N4O8S	[M + H3N + H]+	C24H34N5O8S+	1.000	0.184	133.160	133.160	0.000	26	0.705	-0.039	1.308	-4.782		552.210	634	10.572	839080041321059777	839079644917370830	839079644917370829	1090	
1	C3H6BrIO	[M + H]+	C3H7BrIO+	0.385	0.250	5.144	5.144	0.000	1	0.021	3.281	3.281	3.317		264.873	634	10.573	839079937512033437	839079645085143010	839079645085143009	1095	
1	C3H6BrIO	[M - H2O + H]+	C3H5BrI+	0.344	0.072	-1.523	-1.523	0.000	0	0.000	3.347	3.347	-72954.631		246.862	634	10.573	839079996513309583	839079645055782878	839079645055782877	1094	
1	CHN2O3P	[M + Na]+	CHN2NaO3P+	0.855	0.445	7.843	7.843	0.000	2	0.033	7.641	7.641	1.474		142.962	634	10.574	839079958059929316	839079644955119570	839079644950925265	1091	
1	C2H4Cl2O3	[M - H2O + H]+	C2H3Cl2O2+	0.546	0.286	0.194	0.194	0.000	0	0.000	3.497	3.497	-139666.450		128.951	635	10.576	839079920520907262	839079644816707522	839079644816707521	1087	
1	C7H11BrF2N2O2Se	[M - H2O + H]+	C7H10BrF2N2OSe+	0.510	0.329	34.557	34.557	0.000	11	0.422	-2.887	2.887	-54760.960		328.915	635	10.576	839079990574174992	839079645215166450	839079645215166449	1099	
1	C5H5NO3P	[M + Na]+	C5H5NNaO3P+	1.000	1.000	30.536	30.536	0.000	6	0.403	-0.379	1.554	-0.306		180.990	635	10.587	839079940200582329	839079645185806318	839079645185806317	1098	
1	C8H16Cl2NO2	[M + H3N + H]+	C8H20Cl2N2O2+	0.998	0.500	32.914	32.914	0.000	9	0.252	1.145	2.473	1.241		246.090	635	10.588	839079943249841405	839079645286469626	839079645286469625	1101	
1	C15H17Cl2N3O6Si3	[M + Na]+	C15H17Cl2N3NaO6Si3+	0.196	0.287	56.035	56.035	0.000	13	0.696	2.681	2.681	2.752		511.971	636	10.592	839080050556917311	839079644787347390	839079644787347389	1086	
1	C20H11Cl2N3O2S3	[M + H3N + H]+	C20H15Cl2N4O2S3+	0.439	0.005	62.222	62.222	0.000	17	0.626	0.302	1.728	-1.278		508.972	636	10.606	839080032773068167	839079645022228442	839079645022228441	1093	
1	C3H2O3P	[M + Na]+	C3H2NaO3P+	0.908	0.321	14.308	14.308	0.000	4	0.171	2.143	2.143	-0.330		139.963	636	10.607	839079927630252790	839079645252915190	839079645252915189	1100	
1	C6H4BrClFNO2S	[M + H]+	C6H5BrClFNO2S+	0.761	0.294	45.618	43.694	1.925	15	0.592	-0.708	2.445	-1.333		287.889	637	10.621	839079939483356331	839079645320024062	839079645320024061	1102	
1	C23H37NO18	[M + H3N + H]+	C23H41N2O18+	1.000	0.329	86.730	85.749	0.981	27	0.680	-0.146	0.873	1.613		633.236	644	10.736	839080090239227630	839079645357772802	839079645357772801	1103	
1	C8H15N	[M + H3N + H]+	C8H19N2+	0.991	0.333	30.876	30.876	0.000	3	0.203	3.558	3.558	0.628		143.154	644	10.738	839079923977013907	839079645391327238	839079645391327237	1104	
1	C8H18N2	[M + H3N + H]+	C8H22N3+	1.000	0.500	36.088	36.088	0.000	4	0.789	1.190	1.190	0.005		160.181	645	10.749	839079915806509414	839079645433270282	839079645433270281	1105	
1	C7H12NO3S	[M + H3N + H]+	C7H16N2O3S+	0.550	0.000	24.829	24.829	0.000	15	0.571	-4.221	4.826	-2.858		208.087	662	11.039	839079923616303709	839079645504573458	839079645504573457	1108	
1	C3H4O4S	[M + Na]+	C3H4NaO4S+	0.560	0.465	32.122	32.122	0.000	4	0.102	2.074	2.074	2.137		158.973	663	11.044	839080044231906767	839079645592653850	839079645592653849	1110	
1	C3H2O3S	[M + Na]+	C3H2NaO3S+	1.000	1.000	23.868	23.868	0.000	2	0.249	2.195	2.195	0.386		140.962	663	11.046	839079934550854677	839079645626208286	839079645626208285	1111	
1	C5H4FN2O2	[M + K]+	C5H4FKN2O2+	0.999	1.000	60.683	60.683	0.000	11	0.515	-2.152	3.311	-3.290		181.988	663	11.046	839080010916549752	839079645546516502	839079645546516501	1109	
1	C4H7Cl2N3O2	[M - H2O + H]+	C4H6Cl2N3O+	0.649	0.270	11.180	11.180	0.000	2	0.063	0.365	0.365	-98965.591		181.988	663	11.048	839079992579052391	839079645693317158	839079645693317157	1113	
1	C14H8N2	[M + H3N + H]+	C14H12N3+	0.954	0.014	22.934	22.934	0.000	9	0.590	0.070	0.440	0.253		222.103	663	11.050	839079978389721455	839079645663957026	839079645659762721	1112	
1	C10H16ClN	[M + Na]+	C10H16ClNNa+	1.000	0.771	5.033	5.033	0.000	3	0.060	3.698	3.698	3.230		208.087	663	11.053	839079923469503038	839079645726871594	839079645726871593	1114	
1	C9H22NO	[M + H]+	C9H23NO+	1.000	0.500	7.590	7.590	0.000	2	0.103	4.909	4.909	5.052		161.178	663	11.053	839079953081290298	839079645471019022	839079645471019021	1107	
1	C5H12N2O5S3	[M + K]+	C5H12KN2O5S3+	0.996	0.986	48.288	48.288	0.000	14	0.127	-2.081	2.081	-2.294		314.953	675	11.247	839080048308770328	839079645865283642	839079645865283641	1118	
1	C3H10N2O7	[M - H2O + H]+	C3H9N2O6+	0.535	0.314	13.904	13.904	0.000	2	0.160	2.293	2.293	-106540.519		169.046	675	11.252	839079925377911490	839079646532178050	839079646527983745	1136	
1	C7H12FN3O6S2	[M + K]+	C7H12FKN3O6S2+	1.000	1.000	97.342	97.342	0.000	29	0.457	1.025	1.976	4.555		355.980	675	11.254	839079968830902359	839079645798174770	839079645798174769	1116	
1	C7H16N2	[M + H3N + H]+	C7H20N3+	1.000	0.500	35.051	35.051	0.000	5	0.336	7.388	7.388	0.109		146.165	675	11.255	839079968902205542	839079646469263482	839079646469263481	1134	
1	C3H7F2NO2S4	[M + H]+	C3H8F2NO2S4+	0.222	0.113	3.969	3.969	0.000	3	0.029	-2.128	2.128	-4.436		255.939	675	11.255	839079942406786272	839079645978529862	839079645978529861	1121	
1	C7H13N	[M + H3N + H]+	C7H17N2+	0.918	0.333	44.764	44.764	0.000	7	0.057	7.629	7.629	0.968		129.139	675	11.255	839079956243795618	839079646498623614	839079646498623613	1135	
1	C2H5N2O3	[M + Na]+	C2H5N2NaO3+	1.000	1.000	25.007	25.007	0.000	5	0.012	5.210	5.210	1.229		128.019	675	11.257	839079957132988116	839079646154690650	839079646154690649	1126	
1	C8H16N2O	[M + H3N + H]+	C8H20N3O+	1.000	0.333	39.238	39.238	0.000	4	0.234	0.684	0.684	0.352		174.160	676	11.260	839079957275594463	839079645903032382	839079645903032381	1119	
1	C10H9N3O3S3	[M + Na]+	C10H9N3NaO3S3+	0.999	1.000	59.533	59.533	0.000	14	0.590	0.543	1.523	-1.760		337.969	676	11.263	839079949763595724	839079645764620334	839079645764620333	1115	
1	C8H15N	[M + H3N + H]+	C8H19N2+	0.994	0.333	31.232	31.232	0.000	3	0.195	3.542	3.542	0.628		143.154	676	11.264	839079934609574948	839079646083387474	839079646083387473	1124	
1	C9H17N	[M + H]+	C9H18N+	0.648	0.333	34.245	34.245	0.000	5	0.656	4.858	4.858	0.243		140.143	676	11.265	839079968977703033	839079646225993826	839079646225993825	1128	
1	C8H18N2	[M + H3N + H]+	C8H22N3+	1.000	0.500	37.905	37.905	0.000	4	0.742	1.253	1.253	0.068		160.181	676	11.266	839079949830704605	839079646012084298	839079646012084297	1122	
1	C11H23N3O	[M + H3N + H]+	C11H27N4O+	1.000	0.333	70.109	70.109	0.000	11	0.573	0.064	0.230	-0.077		231.218	676	11.268	839079924228672151	839079646192439390	839079646188245085	1127	
1	C9H17N	[M + H3N + H]+	C9H21N2+	0.537	0.333	32.068	32.068	0.000	4	0.076	0.953	0.953	1.113		157.170	676	11.271	839079923595332178	839079646049833038	839079646049833037	1123	
1	C4H4N2O2S	[M + K]+	C4H4KN2O2S+	1.000	1.000	36.982	36.982	0.000	11	0.171	-3.945	6.561	-0.199		182.962	676	11.273	839079928179706628	839079645940781122	839079645940781121	1120	
1	C9H20N2	[M + H3N + H]+	C9H24N3+	1.000	0.500	65.086	65.086	0.000	8	0.665	0.186	0.199	-0.053		174.196	677	11.277	839079934680878119	839079646435709046	839079646435709045	1133	
1	C9H5N3O2S	[M + Na]+	C9H5N3NaO2S+	0.661	0.434	18.693	18.693	0.000	4	0.126	0.633	0.633	0.421		242.000	677	11.278	839079933963652076	839079646309879914	839079646309879913	1130	
1	C13H8NO3	[M + K]+	C13H8KNO3+	1.000	1.000	54.544	54.544	0.000	12	0.877	-3.404	3.926	7.712		265.016	677	11.278	839079940993305800	839079646351822958	839079646351822957	1131	
1	C12H4O2	[M + K]+	C12H4KO2+	0.848	0.792	4.264	4.264	0.000	0	0.000	-2.664	2.664	-2.728		218.984	677	11.280	839079945850309987	839079646397960306	839079646393766001	1132	
1	C9H22NO	[M + H]+	C9H23NO+	1.000	0.500	20.323	20.323	0.000	4	0.456	5.101	5.101	5.300		161.178	677	11.280	839079928469113637	839079646121136214	839079646121136213	1125	
1	C5H3MgNO2	[M + H3N + H]+	C5H7MgN2O2+	0.406	0.333	29.707	24.947	4.760	5	0.294	3.086	3.086	0.162		151.035	677	11.282	839079931342211975	839079646267936870	839079646267936869	1129	
1	C8H20NO	[M + H]+	C8H21NO+	0.956	0.500	6.649	6.649	0.000	2	0.166	5.757	5.757	6.247		147.163	677	11.287	839079931430292369	839079646632841354	839079646632841353	1138	
1	C6H16BN2O	[M + H3N + H]+	C6H20BN3O+	1.000	0.500	15.146	15.146	0.000	3	0.015	6.302	6.302	-0.035		160.173	678	11.299	839079931593870228	839079646599286918	839079646599286917	1137	
1	C10H16ClN	[M + Na]+	C10H16ClNNa+	1.000	0.609	4.306	4.306	0.000	3	0.043	3.786	3.786	3.254		208.087	695	11.585	839079958890401522	839079646704144534	839079646704144533	1141	
1	C12H23N3O3	[M + H3N + H]+	C12H27N4O3+	0.999	0.333	47.081	47.081	0.000	11	0.664	0.155	0.195	0.065		275.208	700	11.662	839079932034272170	839079646704144538	839079646704144537	1142	
