cluster index	parent mass	RTMean	ATTRIBUTE_group:GNPSGROUP:nan	ATTRIBUTE_group:GNPSGROUP:11	ATTRIBUTE_group:GNPSGROUP:4	ATTRIBUTE_group:GNPSGROUP:8	ATTRIBUTE_group:GNPSGROUP:WT	ATTRIBUTE_replicate:GNPSGROUP:nan	ATTRIBUTE_replicate:GNPSGROUP:A	ATTRIBUTE_replicate:GNPSGROUP:B	ATTRIBUTE_replicate:GNPSGROUP:C	ATTRIBUTE_replicate:GNPSGROUP:D	ATTRIBUTE_mutant:GNPSGROUP:nan	ATTRIBUTE_mutant:GNPSGROUP:xthA1	ATTRIBUTE_mutant:GNPSGROUP:xthB1	ATTRIBUTE_mutant:GNPSGROUP:xthA2	ATTRIBUTE_mutant:GNPSGROUP:WT
1	158.00301815286383	0.39484534	0	275848.1275	279777.65	263340.6	270013.645	0	276714.2525	268282.27249999996	274854.995	269128.5025	0	275848.1275	279777.65	263340.6	270013.645
2	224.0760687192321	0.40115556	0	522015.0525	551179.765	525398.5525	532548.0249999999	0	533039.1	537842.525	532437.46	527822.31	0	522015.0525	551179.765	525398.5525	532548.0249999999
3	266.1230192263711	0.39829108	0	942076.05	980981.9624999999	967536.57	969952.3275	0	948317.5775	984582.26	994457.8474999999	933189.225	0	942076.05	980981.9624999999	967536.57	969952.3275
4	160.18084317334657	0.44229648	0	29810419.3125	983345.8175	59883459.4125	24321068.46	0	30153434.85	437408.4275	54124863.665	30282586.06	0	29810419.3125	983345.8175	59883459.4125	24321068.46
5	199.0131571064544	0.4703219	0	715961.315	746638.8275	811727.875	775947.355	0	810557.765	713862.905	782842.8125	743011.89	0	715961.315	746638.8275	811727.875	775947.355
6	145.966088920367	0.47070742	0	1145113.0	1116571.4	1149935.925	1149360.55	0	1144588.125	1119160.925	1100906.05	1196325.775	0	1145113.0	1116571.4	1149935.925	1149360.55
7	220.03926295805977	0.475112	0	916796.165	960645.1225	997237.4375	1160675.825	0	957726.8225	977180.275	1036099.8525	1064347.6	0	916796.165	960645.1225	997237.4375	1160675.825
8	202.01175881989727	0.47110495	0	591083.075	550062.0025	593651.14	707736.0	0	649927.46	598876.215	614648.8425	579079.7	0	591083.075	550062.0025	593651.14	707736.0
9	155.00286979511992	0.4722139	0	3800744.075	3762273.325	4146235.8	3977734.075	0	3848928.325	3885670.475	4041343.525	3911044.95	0	3800744.075	3762273.325	4146235.8	3977734.075
10	214.04002046215464	0.47197726	0	500058.265	461492.2725	477431.70499999996	537593.54	0	534526.215	472937.52	463081.9925	506030.055	0	500058.265	461492.2725	477431.70499999996	537593.54
11	318.94365470527185	0.47559816	0	8069668.5	8379145.0	8098732.125	8789868.375	0	8330570.875	8079971.25	8166340.5	8760531.375	0	8069668.5	8379145.0	8098732.125	8789868.375
12	408.78765253633713	0.4787237	0	3950587.95	3798631.7	4052267.425	3957508.75	0	4001443.4	3968438.05	3972624.35	3816490.025	0	3950587.95	3798631.7	4052267.425	3957508.75
13	363.7898645303061	0.4807012	0	12890975.5	12771756.0	13496056.25	13158129.0	0	12966442.0	12903152.5	13329262.25	13118060.0	0	12890975.5	12771756.0	13496056.25	13158129.0
14	128.950982533484	0.48172536	0	1624111.075	1467291.975	1754439.775	1657257.325	0	1686566.4	1611747.325	1639516.775	1565269.65	0	1624111.075	1467291.975	1754439.775	1657257.325
15	481.7255947477197	0.48423553	0	6262216.375	6161922.375	6408017.75	6468849.5	0	6466743.75	6150681.125	6373859.875	6309721.25	0	6262216.375	6161922.375	6408017.75	6468849.5
16	140.96204563406116	0.48505792	0	4588241.125	3163867.75	4375015.125	4545973.25	0	4821710.325	3788073.925	4055513.325	4007799.675	0	4588241.125	3163867.75	4375015.125	4545973.25
17	143.95815040236036	0.47958115	0	0.0	829893.6	506748.77999999997	919878.8175	0	339680.8	398700.25	506232.34249999997	1011907.8049999999	0	0.0	829893.6	506748.77999999997	919878.8175
18	143.95688495328253	0.48975754	0	1635127.625	1636228.425	1850044.1	1814864.525	0	1766323.0	1695998.7	1600632.675	1873310.3	0	1635127.625	1636228.425	1850044.1	1814864.525
19	142.96178302240932	0.48613462	0	17271744.25	15878264.75	17814288.0	17643321.0	0	18312947.75	17013340.5	16482542.75	16798787.0	0	17271744.25	15878264.75	17814288.0	17643321.0
20	142.95905249979242	0.48862454	0	11153821.25	10243890.0	11424032.5	11968175.25	0	11720697.0	11069523.5	10823385.75	11176312.75	0	11153821.25	10243890.0	11424032.5	11968175.25
21	139.96353429552258	0.4886826	0	36028874.0	33176602.0	37603664.0	37326469.0	0	39036742.0	34971204.0	34791942.5	35335720.5	0	36028874.0	33176602.0	37603664.0	37326469.0
22	143.96265551563553	0.4874362	0	2636604.55	2392921.75	2880757.075	2909698.875	0	2959254.475	2672746.375	2700837.775	2487143.625	0	2636604.55	2392921.75	2880757.075	2909698.875
23	180.98994588323868	0.4890549	0	6679196.625	5824801.75	6637272.375	6597044.25	0	6979564.625	6307368.125	6114774.75	6336607.5	0	6679196.625	5824801.75	6637272.375	6597044.25
24	236.87802195825927	0.4901315	0	5921074.25	5173170.75	6305055.375	6311864.5	0	6534392.125	5662796.125	5621356.5	5892620.125	0	5921074.25	5173170.75	6305055.375	6311864.5
25	157.97405276355127	0.48772416	0	3297118.1	3153548.675	3399018.075	3303264.775	0	3373526.825	3350551.25	3201662.05	3227209.5	0	3297118.1	3153548.675	3399018.075	3303264.775
26	245.8652327123411	0.49054864	0	2848779.25	2132468.7	2995681.275	2967413.0	0	3142809.35	2392824.55	2570024.05	2838684.275	0	2848779.25	2132468.7	2995681.275	2967413.0
27	305.8994842497664	0.49136811	0	27456350.5	27772834.0	27840020.5	30272538.5	0	29687595.5	28645289.5	27418154.5	27590704.0	0	27456350.5	27772834.0	27840020.5	30272538.5
28	286.8916055086967	0.49178115	0	5071091.625	3471654.975	4854148.675	5178011.875	0	5337721.3	4240970.8	4386094.125	4610120.925	0	5071091.625	3471654.975	4854148.675	5178011.875
29	282.88375712454945	0.49178588	0	4752380.25	4775617.75	4955299.75	5387261.125	0	5318733.5	4910880.875	4756324.5	4884620.0	0	4752380.25	4775617.75	4955299.75	5387261.125
30	262.8777707027149	0.49215317	0	11326101.75	10183816.75	11792374.5	12033230.75	0	12223005.0	11143801.0	10725370.25	11243347.5	0	11326101.75	10183816.75	11792374.5	12033230.75
31	214.9124926730397	0.49371797	0	8772615.75	8497540.5	10259053.25	7158138.875	0	8005333.5	8755892.625	8935441.5	8990680.75	0	8772615.75	8497540.5	10259053.25	7158138.875
32	287.888903586701	0.49257004	0	203344157.5	177942542.5	200269452.5	209790857.5	0	213264612.5	191308197.5	188448582.5	198325617.5	0	203344157.5	177942542.5	200269452.5	209790857.5
33	232.9231073561805	0.49290952	0	14065437.5	13604267.75	16840270.25	11727618.75	0	13260494.25	14203119.0	14477732.75	14296248.25	0	14065437.5	13604267.75	16840270.25	11727618.75
34	244.8672548201068	0.49332026	0	25696140.0	22804052.0	26219401.0	26683946.5	0	27162173.0	23975222.0	24632358.5	25633786.0	0	25696140.0	22804052.0	26219401.0	26683946.5
35	246.86240469431644	0.49332324	0	197333795.0	175462182.5	204514672.5	205171610.0	0	207745575.0	184697462.5	190359745.0	199679477.5	0	197333795.0	175462182.5	204514672.5	205171610.0
36	259.8941749099565	0.49335256	0	12467985.25	10907652.0	12264068.0	13253040.75	0	13243300.0	11501703.25	11912012.25	12235730.5	0	12467985.25	10907652.0	12264068.0	13253040.75
37	328.91540686090894	0.4933607	0	15635106.75	14171012.0	15267850.75	16251841.75	0	16742219.25	14987434.0	14367581.5	15228576.5	0	15635106.75	14171012.0	15267850.75	16251841.75
38	218.8675427637	0.49372756	0	11143557.0	9760960.5	11409133.75	11430147.25	0	11585007.25	10207784.5	10616276.75	11334730.0	0	11143557.0	9760960.5	11409133.75	11430147.25
39	264.87299818106044	0.49373093	0	87909135.0	79960777.5	92021472.5	92848491.0	0	94911437.5	84383380.0	85725076.0	87719982.5	0	87909135.0	79960777.5	92021472.5	92848491.0
40	285.8938326483946	0.49373457	0	26045987.0	22445328.0	25175627.5	26771670.0	0	27185940.0	23949354.0	24139238.0	25164080.5	0	26045987.0	22445328.0	25175627.5	26771670.0
41	255.939095572398	0.49409848	0	22579262.5	20794605.5	24375324.0	18308719.5	0	20133964.0	21586490.0	22379992.0	21957465.5	0	22579262.5	20794605.5	24375324.0	18308719.5
42	161.9733414096688	0.49261802	0	208723.54	346577.75	473503.7175	488979.075	0	262017.03	433485.5375	459658.30000000005	362623.21499999997	0	208723.54	346577.75	473503.7175	488979.075
43	318.7921873951274	0.49568546	0	21649711.5	20894414.5	22872413.5	22708148.0	0	23942585.0	21426665.5	20874700.0	21880737.0	0	21649711.5	20894414.5	22872413.5	22708148.0
44	230.89013958769823	0.49727842	0	8105435.0	3269561.375	10053023.125	8581936.5	0	6798767.625	7707077.575	7887521.375	7616589.425	0	8105435.0	3269561.375	10053023.125	8581936.5
45	464.722824508734	0.4980888	0	9676639.75	9592000.5	10497652.5	10698530.75	0	11354363.75	9923315.25	9435962.25	9751182.25	0	9676639.75	9592000.5	10497652.5	10698530.75
46	143.15411554069038	0.4973343	0	11153293.75	344301.1075	11705928.0	9707131.75	0	7620332.805	8361237.779999999	8301179.029999999	8627904.9925	0	11153293.75	344301.1075	11705928.0	9707131.75
47	336.8027404303959	0.49845156	0	6274548.125	6232119.625	6134920.125	6691417.25	0	6877476.75	6163827.875	6145427.0	6146273.5	0	6274548.125	6232119.625	6134920.125	6691417.25
48	582.658231966376	0.49884742	0	4346500.675	4577092.25	4639489.3	5034254.125	0	5211108.75	4508114.925	4245496.425	4632616.25	0	4346500.675	4577092.25	4639489.3	5034254.125
49	288.89101780529904	0.49178794	0	17506864.5	15377392.5	16594257.5	17984605.0	0	18690295.5	15532733.25	15968442.75	17271648.0	0	17506864.5	15377392.5	16594257.5	17984605.0
50	129.1388265771929	0.5008778	0	9157409.125	364058.505	8581217.25	9496877.0	0	7759567.845000001	6588191.675	6658500.36	6593302.0	0	9157409.125	364058.505	8581217.25	9496877.0
51	147.11275496040776	0.5034462	0	749243.64	3173995.225	1013744.075	585453.55	0	1190998.85	1347532.115	1450712.725	1533192.8	0	749243.64	3173995.225	1013744.075	585453.55
52	158.00302370441895	0.43736625	0	270349.7825	182792.44	261577.8075	256732.75	0	260070.1775	197785.7425	255663.55	257933.31	0	270349.7825	182792.44	261577.8075	256732.75
53	126.12795799513502	0.50965524	0	37653350.5	1485929.15	39194001.0	34056838.5	0	27636718.35	29158886.375	27066842.125	28527672.3	0	37653350.5	1485929.15	39194001.0	34056838.5
54	715.895396824207	0.51132685	0	0.0	14148985.25	0.0	0.0	0	3790138.0	3843982.5	3682154.25	2832710.5	0	0.0	14148985.25	0.0	0.0
55	189.0322633645486	0.5159447	0	397019.7675	9515953.0	410022.6625	392724.2175	0	2843467.1075	2345347.87	2973409.4074999997	2553495.2624999997	0	397019.7675	9515953.0	410022.6625	392724.2175
56	146.16521413848545	0.5189834	0	50471665.5	2864531.0	46885862.0	57616648.0	0	44169008.0	38120629.0	38036949.125	37512120.375	0	50471665.5	2864531.0	46885862.0	57616648.0
57	669.9044352096452	0.5218612	0	0.0	6479103.125	0.0	0.0	0	2003698.0	1382386.375	1816382.625	1276636.125	0	0.0	6479103.125	0.0	0.0
58	161.18408333361177	0.5224031	0	13295207.25	636132.0475	13557022.0	12699262.25	0	9725699.64	10419877.86	10139664.5625	9902381.485	0	13295207.25	636132.0475	13557022.0	12699262.25
59	423.0626037503709	0.52195656	0	0.0	13468882.75	0.0	0.0	0	4266736.0	2705515.5	3914602.25	2582029.0	0	0.0	13468882.75	0.0	0.0
60	668.9023296774133	0.52195656	0	0.0	28526743.5	0.0	0.0	0	8861182.5	6061758.0	8018053.0	5585750.0	0	0.0	28526743.5	0.0	0.0
61	670.8976634254992	0.52195656	0	0.0	112883892.5	0.0	0.0	0	34569827.5	24042660.0	31961810.0	22309595.0	0	0.0	112883892.5	0.0	0.0
62	314.8497617549467	0.52745515	0	6037782.625	4583604.25	5340609.375	6897525.75	0	6062632.25	5683544.625	5754130.5	5359214.625	0	6037782.625	4583604.25	5340609.375	6897525.75
63	160.18087643760447	0.5254196	0	154582045.0	6956824.0	153470145.0	147290822.5	0	110649056.0	121366671.625	114930927.875	115353181.0	0	154582045.0	6956824.0	153470145.0	147290822.5
64	372.9394920466813	0.52666676	0	0.0	4834089.5	0.0	0.0	0	1479760.75	1041134.3	1426533.5	886660.95	0	0.0	4834089.5	0.0	0.0
65	257.0196582761159	0.5280066	0	813410.725	14857773.0	740067.2375	832010.4550000001	0	4811895.1525	3960407.8775	4783502.175	3687456.2125	0	813410.725	14857773.0	740067.2375	832010.4550000001
66	272.99355840751645	0.52885956	0	442266.8675	6020496.5	427599.83999999997	457073.08499999996	0	2009234.1525	1630475.6575	2122538.0175	1585188.465	0	442266.8675	6020496.5	427599.83999999997	457073.08499999996
67	382.8373119889286	0.53059155	0	3546929.275	2754864.4749999996	2895786.15	4134523.25	0	3418136.3	3462728.75	3324895.15	3126342.95	0	3546929.275	2754864.4749999996	2895786.15	4134523.25
68	174.1601925140018	0.5326211	0	5665089.875	153568.205	5557966.875	5811923.5	0	6154336.52	3225486.375	3996528.4924999997	3812197.0675	0	5665089.875	153568.205	5557966.875	5811923.5
69	236.90695340495188	0.53533465	0	4316323.125	3638038.6	3804456.225	4780587.5	0	3947792.925	4611087.0	4194560.225	3785965.3	0	4316323.125	3638038.6	3804456.225	4780587.5
70	320.86831925695145	0.53618646	0	3579917.175	2214180.3	3510686.8	3581401.675	0	2951004.125	3569938.75	3316513.425	3048729.65	0	3579917.175	2214180.3	3510686.8	3581401.675
71	413.0337493806034	0.54274243	0	0.0	4746514.75	0.0	0.0	0	1247882.625	1079894.0	1365020.375	1053717.75	0	0.0	4746514.75	0.0	0.0
72	660.8687159203853	0.5418135	0	0.0	8034524.875	0.0	0.0	0	1951653.5	1836636.5	2001164.375	2245070.5	0	0.0	8034524.875	0.0	0.0
73	246.99073386926207	0.54983115	0	232843.42	3955609.425	112928.7725	214015.6975	0	1192060.0724999998	1100984.08	1224501.9925	997851.17	0	232843.42	3955609.425	112928.7725	214015.6975
74	188.1758417570741	0.5532794	0	5547895.375	198629.6275	5217168.2	5255667.125	0	4928332.095	3312479.675	4032145.475	3946403.0825	0	5547895.375	198629.6275	5217168.2	5255667.125
75	156.0421591524554	0.5587196	0	2061278.0	700839.765	2372823.975	2665934.8	0	2178790.985	2082797.525	1903762.8499999999	1635525.18	0	2061278.0	700839.765	2372823.975	2665934.8
76	294.86376479722105	0.5608517	0	3622716.2750000004	3310357.875	3926540.325	3892386.45	0	3765296.5	3972145.25	3523041.175	3491518.0	0	3622716.2750000004	3310357.875	3926540.325	3892386.45
77	236.8334912943625	0.5613319	0	3488423.375	3284661.8	4182443.775	3841668.925	0	4381716.0	3017214.225	3388682.925	4009584.725	0	3488423.375	3284661.8	4182443.775	3841668.925
78	277.8601612648956	0.5621211	0	15284165.0	14213924.75	17145836.0	16843633.75	0	18852608.5	12936653.5	14663803.75	17034493.75	0	15284165.0	14213924.75	17145836.0	16843633.75
79	295.8707875492534	0.5625598	0	5224906.125	5494127.125	5684889.95	5946251.875	0	6617064.375	4581499.2	5297941.875	5853669.625	0	5224906.125	5494127.125	5684889.95	5946251.875
80	254.84414044827537	0.562492	0	2918413.425	2858551.15	3384425.025	3152953.6	0	3636424.625	2528411.9	2887281.725	3262224.95	0	2918413.425	2858551.15	3384425.025	3152953.6
81	318.8865690392367	0.5625555	0	5479103.5	5236358.375	5917212.625	6267370.5	0	6848406.5	4658612.5	5353247.0	6039779.0	0	5479103.5	5236358.375	5917212.625	6267370.5
82	175.11898428664526	0.56262577	0	936344.9125000001	6833729.75	1864392.3	4008056.8	0	4484751.9	2928101.1174999997	3397539.0	2832131.745	0	936344.9125000001	6833729.75	1864392.3	4008056.8
83	140.06839129486409	0.5651163	0	7069615.5	1148779.425	7066682.125	9689475.0	0	6419332.5	7707896.125	5782584.725	5064738.7	0	7069615.5	1148779.425	7066682.125	9689475.0
84	283.0112179834738	0.5791427	0	763963.2100000001	752584.8699999999	1470156.525	326553.645	0	630852.135	506128.8125	749684.7525	1426592.55	0	763963.2100000001	752584.8699999999	1470156.525	326553.645
85	267.8312956558329	0.5820714	0	3185499.925	2664952.025	3243413.0	3784129.7	0	3798095.825	2756460.95	2994747.45	3328690.425	0	3185499.925	2664952.025	3243413.0	3784129.7
86	310.85468154061664	0.585259	0	4828716.125	4073995.95	4594839.25	5698612.625	0	5590735.875	4247016.375	4464210.2	4894201.5	0	4828716.125	4073995.95	4594839.25	5698612.625
87	308.8577909542381	0.5852605	0	7820438.625	6502252.5	7358700.25	9351109.75	0	9086383.625	6751555.375	7232159.375	7962402.75	0	7820438.625	6502252.5	7358700.25	9351109.75
88	205.06836158596724	0.5857307	0	2954909.675	4390426.925	5444641.375	1976932.775	0	1857426.35	3770770.075	3531049.95	5607664.375	0	2954909.675	4390426.925	5444641.375	1976932.775
89	285.84186902134746	0.58661705	0	2800735.5	2506401.925	2683531.4749999996	3358249.825	0	3265801.45	2540028.075	2632885.2	2910204.0	0	2800735.5	2506401.925	2683531.4749999996	3358249.825
90	131.9299309207917	0.5955864	0	43877392.0	44687094.0	42163540.5	49171596.0	0	48921790.5	42833000.5	43428255.0	44716576.5	0	43877392.0	44687094.0	42163540.5	49171596.0
91	194.9982817371199	0.5957096	0	0.0	2647232.15	0.0	0.0	0	681803.95	663222.95	684181.125	618024.125	0	0.0	2647232.15	0.0	0.0
92	133.92690836761352	0.5974634	0	14496047.0	14819419.0	13962596.25	16404843.0	0	16350779.0	14144811.25	14261010.0	14926305.0	0	14496047.0	14819419.0	13962596.25	16404843.0
93	129.93465978016494	0.59673685	0	2617742.375	2688295.9	2544248.0	2936084.25	0	2931464.125	2569815.95	2600877.7	2684212.75	0	2617742.375	2688295.9	2544248.0	2936084.25
94	174.9534040684318	0.59722	0	6845956.75	6797470.375	6620901.625	8037061.5	0	7713938.5	6649880.625	6740363.5	7197207.625	0	6845956.75	6797470.375	6620901.625	8037061.5
95	172.9564678481517	0.5974668	0	20685803.0	20621334.5	19741357.5	24259788.0	0	23099201.5	20125929.0	20479726.0	21603426.5	0	20685803.0	20621334.5	19741357.5	24259788.0
96	149.9403986596922	0.6013022	0	5215726.75	5568457.0	4657419.375	6111887.0	0	5747401.375	5333103.5	5156578.875	5316406.375	0	5215726.75	5568457.0	4657419.375	6111887.0
97	300.8259532090117	0.60276407	0	1845527.775	1792516.025	1361926.075	2485400.925	0	1945589.45	1908468.475	1754244.675	1877068.2	0	1845527.775	1792516.025	1361926.075	2485400.925
98	151.93743021058177	0.60344297	0	1862949.9	1911386.925	1634979.15	2090379.075	0	1998337.4500000002	1837504.425	1789768.225	1874084.95	0	1862949.9	1911386.925	1634979.15	2090379.075
99	426.6989219501551	0.60386264	0	1168427.19	1105006.275	736773.675	1549052.325	0	1222712.175	1205379.65	1061016.825	1070150.815	0	1168427.19	1105006.275	736773.675	1549052.325
100	298.8290465215356	0.60523	0	2015681.2750000001	1980732.1	1548238.6	2699151.2	0	2122411.25	2105520.475	1999310.025	2016561.425	0	2015681.2750000001	1980732.1	1548238.6	2699151.2
101	255.09759724021603	0.6093179	0	505803.16000000003	0.0	4143441.5700000003	0.0	0	114683.07	1020235.475	1446017.985	2068308.2	0	505803.16000000003	0.0	4143441.5700000003	0.0
102	176.1029615614841	0.60665315	0	5866850.25	113071.63500000001	4564769.485	541093.1825	0	1630742.86	2862937.0375	3041923.0675	3550181.5875	0	5866850.25	113071.63500000001	4564769.485	541093.1825
103	159.076553132034	0.60622615	0	3644248.5	31174.8325	2836444.18	330960.2975	0	1026190.985	1797060.0075	1865004.875	2154571.9425	0	3644248.5	31174.8325	2836444.18	330960.2975
104	284.8344125399804	0.6088632	0	1540233.825	1254436.55	1666510.075	1615140.25	0	1581974.175	1456311.9	1477935.4	1560099.225	0	1540233.825	1254436.55	1666510.075	1615140.25
105	146.11755977628792	0.60665566	0	276389.59750000003	0.0	550237.33	114469.70999999999	0	77489.3	536705.7025	160891.3725	166010.2625	0	276389.59750000003	0.0	550237.33	114469.70999999999
106	272.98232015603446	0.614043	0	1298547.8275000001	1789048.21	2188266.7	790919.825	0	911881.0125	1249337.575	1467289.7	2438274.275	0	1298547.8275000001	1789048.21	2188266.7	790919.825
107	175.10775643657425	0.6165733	0	797398.425	0.0	1127770.8275000001	248132.3025	0	410703.455	477389.7275	557744.905	727463.4675	0	797398.425	0.0	1127770.8275000001	248132.3025
108	123.05548396255728	0.6511688	0	720984.785	361059.045	3414798.16	625482.2150000001	0	557567.24	1168194.8575	1450340.235	1946221.8724999998	0	720984.785	361059.045	3414798.16	625482.2150000001
109	302.80010315612185	0.61873025	0	1498181.275	1347370.4	1204873.45	1792632.025	0	1473319.275	1470056.025	1472170.675	1427511.175	0	1498181.275	1347370.4	1204873.45	1792632.025
110	144.10187011587948	0.6148141	0	40277.2625	0.0	33553.8275	634779.5	0	40277.2625	33553.8275	0.0	634779.5	0	40277.2625	0.0	33553.8275	634779.5
111	584.2046535985627	0.62528855	0	0.0	1761561.55	0.0	0.0	0	413719.775	421691.8	479179.45	446970.525	0	0.0	1761561.55	0.0	0.0
112	196.06387959212088	0.63246113	0	0.0	0.0	363115.8775	0.0	0	269873.05	0.0	38907.37	54335.4575	0	0.0	0.0	363115.8775	0.0
113	600.1743029156759	0.6283073	0	0.0	4707320.125	0.0	0.0	0	1060712.875	1177766.75	1218022.0	1250818.5	0	0.0	4707320.125	0.0	0.0
114	134.11757733333894	0.6300645	0	1835539.49	3127280.5	1904024.475	1367777.22	0	1872335.15	1777023.235	2097135.9	2488127.4	0	1835539.49	3127280.5	1904024.475	1367777.22
115	241.8837362044034	0.70326114	0	290004.1425	202891.08250000002	330503.095	315404.1875	0	250416.8475	283022.905	296210.515	309152.24	0	290004.1425	202891.08250000002	330503.095	315404.1875
116	145.96609559456726	0.6931076	0	763281.49	681523.4375	753524.325	770534.9400000001	0	766316.405	713837.5125	756873.21	731837.0650000001	0	763281.49	681523.4375	753524.325	770534.9400000001
117	136.0618424494419	0.64272684	0	8365656.375	11111950.75	4517822.0	7518874.625	0	8210677.25	8346368.75	8256979.875	6700277.875	0	8365656.375	11111950.75	4517822.0	7518874.625
118	284.0989840897536	0.64363736	0	469698.555	1425960.3	557004.4625	399794.545	0	709227.04	696717.615	795108.905	651404.3025	0	469698.555	1425960.3	557004.4625	399794.545
119	573.2147856348427	0.64602697	0	0.0	7371889.125	0.0	0.0	0	1878408.125	1666496.5	2002742.5	1824242.0	0	0.0	7371889.125	0.0	0.0
120	276.1190540847452	0.647047	0	786588.5575	778773.98	908529.245	505637.27499999997	0	551491.7025	1062675.585	769252.87	596108.9	0	786588.5575	778773.98	908529.245	505637.27499999997
121	516.6909389401292	0.64706886	0	0.0	1504885.5750000002	0.0	0.0	0	418398.525	334360.7	410955.7	341170.65	0	0.0	1504885.5750000002	0.0	0.0
122	152.0567430099751	0.6493152	0	3076016.175	9129711.25	2864983.2	2825174.3	0	4609844.325	4310368.25	4716083.575	4259588.775	0	3076016.175	9129711.25	2864983.2	2825174.3
123	254.08836934986348	0.65007675	0	0.0	2145189.5	0.0	0.0	0	480602.0	596521.05	569793.05	498273.4	0	0.0	2145189.5	0.0	0.0
124	196.082895348489	0.6603766	0	797124.215	2092448.65	601765.02	889609.6599999999	0	1202239.515	1142869.925	1149835.655	886002.45	0	797124.215	2092448.65	601765.02	889609.6599999999
125	302.17100380559896	0.66447055	0	459555.265	0.0	1821158.2974999999	242669.33250000002	0	153970.525	1501082.1700000002	425210.75	443119.45	0	459555.265	0.0	1821158.2974999999	242669.33250000002
126	130.08640227510574	0.64112407	0	247061.6225	1388560.95	252774.25	53697.945	0	456835.65249999997	428826.23	526675.335	529757.55	0	247061.6225	1388560.95	252774.25	53697.945
127	298.09676031956525	0.67603606	0	1926510.1124999998	207941.9325	1967354.325	1854612.15	0	1282220.2325	1612289.27	1547034.15	1514874.8675	0	1926510.1124999998	207941.9325	1967354.325	1854612.15
128	174.1600783794766	0.6687491	0	1413662.465	0.0	2570672.525	1180253.575	0	2433606.575	699298.125	998201.865	1033482.0	0	1413662.465	0.0	2570672.525	1180253.575
129	123.05548748671777	0.6697561	0	645179.0349999999	475839.18	3509540.375	599793.865	0	565678.7224999999	1333022.1400000001	1458861.4224999999	1872790.17	0	645179.0349999999	475839.18	3509540.375	599793.865
130	294.86289659940763	0.6374247	0	1849708.475	1546581.1	1503491.4249999998	1856745.675	0	1376065.75	1543831.5	1791081.55	2045547.875	0	1849708.475	1546581.1	1503491.4249999998	1856745.675
131	155.00282984905377	0.6775978	0	1306644.775	1343539.65	1465337.225	1274319.3375	0	1391317.725	1244787.5625	1359173.4	1394562.3	0	1306644.775	1343539.65	1465337.225	1274319.3375
132	188.17579597158172	0.67348456	0	1406284.6	0.0	2195864.875	1015680.525	0	1878899.775	674549.675	1044782.05	1019598.5	0	1406284.6	0.0	2195864.875	1015680.525
133	174.14893178576193	0.6841622	0	6957006.075	9018004.75	7072471.875	4817571.925	0	6968853.5	6274203.8	6783019.95	7838977.375	0	6957006.075	9018004.75	7072471.875	4817571.925
134	192.15951805516124	0.684631	0	83085647.5	110405663.5	87884603.5	60005383.5	0	85812897.0	76895626.5	82507646.0	96165128.5	0	83085647.5	110405663.5	87884603.5	60005383.5
135	214.14142558880508	0.68559194	0	1804017.225	3333449.2	1893637.5499999998	1147223.685	0	1865454.0	1940614.185	2166660.425	2205599.05	0	1804017.225	3333449.2	1893637.5499999998	1147223.685
136	220.03926873105848	0.6928432	0	477955.89249999996	463467.2225	526989.05	495117.5875	0	485232.6475	439257.415	525600.9199999999	513438.77	0	477955.89249999996	463467.2225	526989.05	495117.5875
137	137.0458638959713	0.69401234	0	8768809.25	7122491.625	9749648.75	4501157.575	0	7487117.075	8026578.25	7030631.625	7597780.25	0	8768809.25	7122491.625	9749648.75	4501157.575
138	199.01305585572152	0.7029989	0	446690.04	425398.825	469909.1	446605.3875	0	472347.84500000003	441155.49	433820.2425	441279.775	0	446690.04	425398.825	469909.1	446605.3875
139	308.09092063353484	0.6991576	0	301018.29	178838.0325	466980.4975	104050.74250000001	0	112887.61499999999	603421.4425	222478.135	112100.37000000001	0	301018.29	178838.0325	466980.4975	104050.74250000001
140	142.95553321043838	0.6615764	0	149010.3925	170185.9525	211746.635	171619.7775	0	222351.8075	155748.66499999998	126585.61499999999	197876.67	0	149010.3925	170185.9525	211746.635	171619.7775
141	129.13879023645785	0.69215286	0	1568710.1749999998	191876.045	1716650.125	1576271.225	0	1562866.38	1139267.4125	1161114.0375	1190259.74	0	1568710.1749999998	191876.045	1716650.125	1576271.225
142	146.16517015465985	0.6975984	0	8093568.375	1435086.925	9098563.375	8471836.875	0	8276855.625	6325384.375	6309224.35	6187591.2	0	8093568.375	1435086.925	9098563.375	8471836.875
143	143.1541179642933	0.703361	0	2027524.525	171732.3525	2163755.675	1686221.7	0	1476530.785	1449717.9625	1514282.58	1608702.925	0	2027524.525	171732.3525	2163755.675	1686221.7
144	126.1279087679724	0.70580137	0	6437831.0	749973.0049999999	6687813.5	5453870.75	0	4684997.734999999	4906047.359999999	4743839.109999999	4994604.05	0	6437831.0	749973.0049999999	6687813.5	5453870.75
145	161.18401877514296	0.7127856	0	2072893.075	309898.19	2108355.85	1829870.6	0	1511737.23	1641117.5924999998	1530682.4925	1637480.4	0	2072893.075	309898.19	2108355.85	1829870.6
146	160.18077410134995	0.7107099	0	23640576.5	3554062.875	24571499.0	21135430.0	0	17581655.75	18566937.875	17722751.5	19030223.25	0	23640576.5	3554062.875	24571499.0	21135430.0
147	161.1783385393192	0.7125353	0	270980.4275	0.0	290449.4075	246077.28	0	191740.26499999998	203985.4825	195830.98249999998	215950.385	0	270980.4275	0.0	290449.4075	246077.28
148	246.8622702723428	0.7080548	0	1437792.725	1266100.7	980280.475	1456038.475	0	1152125.275	1226987.675	1336272.5	1424826.925	0	1437792.725	1266100.7	980280.475	1456038.475
149	287.8887940623952	0.70715886	0	1578103.475	1393907.25	1927556.575	1679485.025	0	2231287.7	1340931.0	1391239.45	1615594.175	0	1578103.475	1393907.25	1927556.575	1679485.025
150	150.05837693508565	0.7180858	0	1579342.875	4421768.55	1779258.925	1234554.725	0	2149536.025	2375757.5	2315184.875	2174446.675	0	1579342.875	4421768.55	1779258.925	1234554.725
151	133.031878507145	0.71817213	0	401913.9675	1130968.4375	360432.2875	322482.28	0	548920.3125	624205.3675	492661.41	550009.8825000001	0	401913.9675	1130968.4375	360432.2875	322482.28
152	214.04002393771248	0.73111206	0	294377.3225	299797.945	310181.4325	320721.805	0	315429.7075	294384.62	309111.2375	306152.94	0	294377.3225	299797.945	310181.4325	320721.805
153	193.0680555403309	0.7522397	0	421423.85	732234.5025	532757.0549999999	224240.945	0	340624.545	591529.465	510738.4375	467763.905	0	421423.85	732234.5025	532757.0549999999	224240.945
154	318.94352502713554	0.72210354	0	749124.7025	695454.865	787295.5925	793744.525	0	863301.46	668991.135	741962.3400000001	751364.75	0	749124.7025	695454.865	787295.5925	793744.525
155	153.04074378992448	0.7298483	0	1705392.125	324462.795	2766905.05	1229676.3250000002	0	1336943.6925	1606225.2375	1325866.6400000001	1757400.725	0	1705392.125	324462.795	2766905.05	1229676.3250000002
156	160.17305581031354	0.72833645	0	133514.66	0.0	180761.5475	155909.41749999998	0	78663.23	134633.545	124960.22	131928.63	0	133514.66	0.0	180761.5475	155909.41749999998
157	264.87289545203726	0.7190605	0	888122.865	821914.275	1038474.7474999999	990113.0675	0	1150984.6375	816606.49	834149.1525	936884.675	0	888122.865	821914.275	1038474.7474999999	990113.0675
158	174.196501437544	0.7370028	0	570359.425	175235.555	670516.5125	432840.5775	0	385371.84750000003	481171.47500000003	471509.4375	510899.31	0	570359.425	175235.555	670516.5125	432840.5775
159	145.96610541677506	0.7292202	0	758525.6725	748890.8150000001	785766.275	785830.7525	0	771551.8	753350.6	791850.715	762260.4	0	758525.6725	748890.8150000001	785766.275	785830.7525
160	193.06810471659392	0.8650151	0	419901.06	764172.675	535829.5	241674.32	0	393974.61000000004	550312.885	521153.62	496136.44000000006	0	419901.06	764172.675	535829.5	241674.32
161	182.0813801945646	0.88328665	0	811743.735	1592008.4	1246956.6	785719.825	0	1041236.485	1114190.375	1194016.1	1086985.6	0	811743.735	1592008.4	1246956.6	785719.825
162	220.03927046202512	0.9045056	0	371669.2425	481915.80500000005	528327.21	506909.5425	0	383541.38	477418.155	516174.925	511687.34	0	371669.2425	481915.80500000005	528327.21	506909.5425
163	145.96610621272598	0.9191523	0	724069.375	731167.4824999999	733291.585	765540.805	0	733364.15	729596.35	747378.2475	743730.5	0	724069.375	731167.4824999999	733291.585	765540.805
164	272.16046148019547	0.9675315	0	247928.85249999998	0.0	542101.9825	0.0	0	29940.7225	339190.075	197572.1875	223327.85	0	247928.85249999998	0.0	542101.9825	0.0
165	199.0131025214517	0.95095915	0	331842.5375	407772.42000000004	434444.89249999996	441888.4875	0	431619.5525	421128.96	337505.2275	425694.5975	0	331842.5375	407772.42000000004	434444.89249999996	441888.4875
166	310.2222972994394	0.97877204	0	576367.615	780034.0625	586840.11	592173.5475	0	722868.645	511959.58999999997	595961.35	704625.75	0	576367.615	780034.0625	586840.11	592173.5475
167	136.06185984475553	0.98879105	0	854998.2125	618487.6849999999	917702.1125	498519.8825	0	573076.25	942809.9175	698737.7125	675084.0125	0	854998.2125	618487.6849999999	917702.1125	498519.8825
168	268.1040487682968	1.0062627	0	4879587.25	2351246.125	6630740.125	1723313.6	0	2549468.9	5559741.175	3666081.725	3809595.3	0	4879587.25	2351246.125	6630740.125	1723313.6
169	142.08585847351088	1.0375335	0	266033.985	513208.26249999995	345153.3975	389873.70999999996	0	463774.945	285208.3825	360674.95999999996	404611.0675	0	266033.985	513208.26249999995	345153.3975	389873.70999999996
170	182.07868863110423	1.0412104	0	143694.68	371828.1175	153152.98750000002	292595.1775	0	316067.7975	177531.805	172945.08500000002	294726.275	0	143694.68	371828.1175	153152.98750000002	292595.1775
171	220.0392753212624	1.0578314	0	387928.6775	368199.53	494475.08	244743.6575	0	376958.405	373043.1725	367130.79000000004	378214.5775	0	387928.6775	368199.53	494475.08	244743.6575
172	132.1020044003831	1.0687152	0	2955110.925	13957409.5	3266524.8	2407977.2	0	5333865.125	5520637.325	6306049.8	5426470.175	0	2955110.925	13957409.5	3266524.8	2407977.2
173	133.10532849897194	1.0692437	0	199738.4725	981577.1099999999	248384.375	186629.4125	0	394727.46	389437.4725	452876.24	379288.1975	0	199738.4725	981577.1099999999	248384.375	186629.4125
174	318.9435305315664	1.09213	0	556492.76	533045.85	532405.3200000001	608108.0	0	592953.75	540584.925	519301.505	577211.75	0	556492.76	533045.85	532405.3200000001	608108.0
175	145.96610630679717	1.1239884	0	710383.2	727975.425	701543.16	747500.125	0	730448.4975	722004.4	726367.1375	708581.875	0	710383.2	727975.425	701543.16	747500.125
176	152.05675131887344	1.1802884	0	295562.5825	1935136.9749999999	291138.6075	203961.935	0	659440.295	579793.2225	736554.42	750012.1625	0	295562.5825	1935136.9749999999	291138.6075	203961.935
177	161.17830405774075	1.1359351	0	173710.9425	0.0	130384.60250000001	166494.88	0	116462.1375	135652.55	89454.45	129021.2875	0	173710.9425	0.0	130384.60250000001	166494.88
178	257.1131798442747	1.2196695	0	0.0	0.0	276663.315	0.0	0	0.0	115006.78	42013.6675	119642.8675	0	0.0	0.0	276663.315	0.0
179	341.19312912237194	1.227471	0	0.0	567544.22	0.0	0.0	0	156407.735	106039.485	167259.75	137837.25	0	0.0	567544.22	0.0	0.0
180	137.04584982776433	1.2346945	0	689920.1475	3533127.625	666045.3200000001	269097.0525	0	1391502.4375	1128543.0625	1266384.82	1371759.825	0	689920.1475	3533127.625	666045.3200000001	269097.0525
181	172.0968612259293	1.286615	0	358188.56	506943.5525	363739.4325	438309.995	0	521096.75	304833.0625	365370.76249999995	475880.96499999997	0	358188.56	506943.5525	363739.4325	438309.995
182	142.08591332282734	1.2942592	0	561166.185	944685.0875	563792.7275	787697.675	0	895887.04	537644.77	608615.75	815194.115	0	561166.185	944685.0875	563792.7275	787697.675
183	182.07878203977268	1.2962427	0	409214.405	774847.335	419598.555	711512.795	0	757488.1525000001	460254.6375	465128.5175	632301.7825	0	409214.405	774847.335	419598.555	711512.795
184	189.05236875410327	1.3171477	0	277699.23	248177.44	249374.67500000002	293920.4	0	282537.34750000003	317245.195	256439.85499999998	212949.3475	0	277699.23	248177.44	249374.67500000002	293920.4
185	151.09652570775512	1.3203027	0	802025.2375	882843.64	692303.5225	864338.6525	0	851213.59	892527.2025	788045.4625	709724.7975	0	802025.2375	882843.64	692303.5225	864338.6525
186	196.09450873062863	1.3964484	0	916428.575	1658676.675	817413.17	1337850.5625	0	1473568.775	980622.3500000001	963270.4125000001	1312907.4449999998	0	916428.575	1658676.675	817413.17	1337850.5625
187	219.17007010930865	1.3977636	0	236558.46999999997	396210.71499999997	186178.695	331205.8025	0	379405.26749999996	207559.51	227291.1925	335897.71249999997	0	236558.46999999997	396210.71499999997	186178.695	331205.8025
188	156.10202917789115	1.3979744	0	1970429.1	2827329.775	1702722.5250000001	2338965.95	0	2679382.625	1759347.15	1869127.6500000001	2531589.925	0	1970429.1	2827329.775	1702722.5250000001	2338965.95
189	292.211777672887	1.4050989	0	320730.66500000004	421900.24	290523.115	304584.1325	0	389648.35750000004	263905.74	325482.39	358701.665	0	320730.66500000004	421900.24	290523.115	304584.1325
190	250.0934456584176	1.4997513	0	769163.4225	1205046.175	775906.5	834142.185	0	906711.4500000001	793199.175	1004660.0725	879687.585	0	769163.4225	1205046.175	775906.5	834142.185
191	127.05034870229396	1.5146574	0	0.0	1029595.3975	0.0	0.0	0	275531.0	198747.11	312246.85	243070.4375	0	0.0	1029595.3975	0.0	0.0
192	166.0862884829536	1.5297055	0	3306380.2	12152224.25	2732190.275	3337457.375	0	5578893.9	5175077.625	6169413.0	4604867.575	0	3306380.2	12152224.25	2732190.275	3337457.375
193	120.08098909782952	1.5302453	0	1649116.125	5743910.25	1320414.475	1549028.65	0	2772687.225	2448500.2	2862792.75	2178489.325	0	1649116.125	5743910.25	1320414.475	1549028.65
194	276.10783934989576	1.5313092	0	389571.7	3176229.375	391561.605	781755.6699999999	0	1432943.46	982814.4299999999	1210615.1849999998	1112745.275	0	389571.7	3176229.375	391561.605	781755.6699999999
195	298.0895457216968	1.5326482	0	0.0	606578.435	0.0	0.0	0	174644.0	115771.72	176655.64	139507.075	0	0.0	606578.435	0.0	0.0
196	321.1654925882806	1.5321151	0	0.0	607863.2575000001	43304.155	72974.6725	0	229593.41749999998	167640.5275	152626.375	174281.765	0	0.0	607863.2575000001	43304.155	72974.6725
197	156.10204365995403	1.5362347	0	249561.1275	420620.8925	171144.70500000002	290977.6	0	357009.0375	256447.79499999998	200939.0725	317908.42000000004	0	249561.1275	420620.8925	171144.70500000002	290977.6
198	304.13244775453165	1.5400947	0	0.0	0.0	142747.2475	0.0	0	0.0	111055.325	0.0	31691.9225	0	0.0	0.0	142747.2475	0.0
199	262.2013273110978	1.546493	0	519520.4025	683994.86	459121.14	484889.995	0	625106.9225	427930.28500000003	552635.345	541853.845	0	519520.4025	683994.86	459121.14	484889.995
200	299.1601103171245	1.5547141	0	0.0	359162.735	0.0	0.0	0	105673.03	75944.665	77903.915	99641.125	0	0.0	359162.735	0.0	0.0
201	479.18729590541415	1.6161175	0	0.0	653303.9450000001	0.0	0.0	0	115710.4925	264553.5	136510.765	136529.1875	0	0.0	653303.9450000001	0.0	0.0
202	286.17608300404663	1.6178341	0	333560.5425	0.0	255244.20750000002	0.0	0	100315.1	184507.3575	137324.5875	166657.70500000002	0	333560.5425	0.0	255244.20750000002	0.0
203	198.11262493935547	1.6189796	0	88216.9375	155311.945	67945.64	102894.525	0	153923.285	48025.3075	67945.64	144474.815	0	88216.9375	155311.945	67945.64	102894.525
204	167.11794922206764	1.6284108	0	0.0	269047.6825	0.0	0.0	0	76929.195	59115.175	80827.825	52175.4875	0	0.0	269047.6825	0.0	0.0
205	262.20132255423766	1.6612624	0	521383.015	729339.2575	466476.91500000004	521676.51749999996	0	651317.0	479341.93999999994	533992.345	574224.42	0	521383.015	729339.2575	466476.91500000004	521676.51749999996
206	139.0754358841112	1.6773666	0	485461.135	904269.8999999999	490061.7575	716076.845	0	760272.04	584760.23	562401.6799999999	688435.6875	0	485461.135	904269.8999999999	490061.7575	716076.845
207	138.09142905171726	1.676155	0	104808.9275	298220.3125	71955.675	142372.4525	0	203935.0725	83576.21	134716.64	195129.445	0	104808.9275	298220.3125	71955.675	142372.4525
208	196.0945053295218	1.6763124	0	1157027.3125	2631072.5	1197443.975	2003857.025	0	2067411.4875	1568880.825	1458088.6125	1895019.8875	0	1157027.3125	2631072.5	1197443.975	2003857.025
209	156.10202511284564	1.6768367	0	2912967.275	5334081.375	2799622.8	4241908.05	0	4443407.25	3423544.95	3303423.5	4118203.8	0	2912967.275	5334081.375	2799622.8	4241908.05
210	299.1601083857942	1.6752441	0	0.0	691305.0650000001	0.0	0.0	0	210973.625	152689.575	154014.1	173627.765	0	0.0	691305.0650000001	0.0	0.0
211	219.16995016783065	1.6762065	0	393254.135	641520.0375	299132.565	537093.85	0	563916.125	428654.05	393927.505	484502.9075	0	393254.135	641520.0375	299132.565	537093.85
212	218.1079609980965	1.7156562	0	979096.125	1111194.8499999999	446907.82499999995	1211145.72	0	814332.645	1315598.2999999998	869726.725	748686.85	0	979096.125	1111194.8499999999	446907.82499999995	1211145.72
213	186.11247696490915	1.699604	0	680079.0874999999	1007525.54	728166.44	938236.7025	0	1065373.6400000001	679905.875	729019.295	879708.96	0	680079.0874999999	1007525.54	728166.44	938236.7025
214	155.00283105429375	1.7168317	0	211874.205	214389.9925	145587.1775	235727.77250000002	0	212561.4975	262865.5125	222646.56	109505.5775	0	211874.205	214389.9925	145587.1775	235727.77250000002
215	196.12603732693307	1.7172318	0	726608.725	777131.9425	336920.12	828417.45	0	613997.45	883602.3075	622966.21	548512.27	0	726608.725	777131.9425	336920.12	828417.45
216	189.15972797038307	1.7579082	0	195956.165	292222.30500000005	75470.25	229243.66249999998	0	229216.17500000002	164161.6575	185598.63	213915.91999999998	0	195956.165	292222.30500000005	75470.25	229243.66249999998
217	144.10192314280803	1.7580764	0	326347.2725	561787.875	276272.0575	419285.48250000004	0	469256.505	326608.29500000004	352604.52499999997	435223.36250000005	0	326347.2725	561787.875	276272.0575	419285.48250000004
218	233.185938645642	1.7664123	0	194313.6625	310698.5125	139206.4225	273732.86	0	295342.6525	197672.5625	187753.695	237182.5475	0	194313.6625	310698.5125	139206.4225	273732.86
219	166.08366991549332	1.7585238	0	241459.1775	465884.79250000004	165018.81	331929.415	0	361603.46	256777.6725	266149.7975	319761.265	0	241459.1775	465884.79250000004	165018.81	331929.415
220	210.11005169787447	1.7651801	0	197273.3225	424538.77249999996	196201.28	315574.3725	0	367799.32	261015.02000000002	223906.93	280866.4775	0	197273.3225	424538.77249999996	196201.28	315574.3725
221	170.1175700621177	1.76642	0	351073.9325	497861.3825	305744.4825	456585.2525	0	455907.525	364728.4975	336569.825	454059.2025	0	351073.9325	497861.3825	305744.4825	456585.2525
222	318.16585145864764	1.8667436	0	0.0	402791.41	0.0	0.0	0	141517.61	101719.125	68175.6	91379.075	0	0.0	402791.41	0.0	0.0
223	188.12819117484185	1.8184644	0	75140.235	156933.54499999998	55562.155	145384.5425	0	155339.51499999998	80255.505	55562.155	141863.3025	0	75140.235	156933.54499999998	55562.155	145384.5425
224	146.11761616461322	1.8209858	0	141718.5925	420064.9425	124058.595	203636.625	0	329199.44499999995	96200.54	181723.1225	282355.6475	0	141718.5925	420064.9425	124058.595	203636.625
225	143.10662921284168	1.8656416	0	118363.3475	239718.9	95161.305	191140.3725	0	242475.66	120118.48250000001	99266.31	182523.4725	0	118363.3475	239718.9	95161.305	191140.3725
226	318.16585909716906	1.883307	0	0.0	487467.735	0.0	0.0	0	132692.485	99349.05	164047.125	91379.075	0	0.0	487467.735	0.0	0.0
227	136.06182464939465	1.9457157	0	284493.5175	169530.425	188381.4525	366709.31	0	230146.4275	266481.39749999996	272123.2925	240363.58750000002	0	284493.5175	169530.425	188381.4525	366709.31
228	229.15465541960185	1.9493668	0	28242.565	224886.69	0.0	0.0	0	63160.605	81697.91500000001	69029.915	39240.82	0	28242.565	224886.69	0.0	0.0
229	152.05673627427998	1.9584106	0	324907.9175	992782.475	313546.015	328339.2875	0	504438.83999999997	505265.57499999995	479715.315	470155.96499999997	0	324907.9175	992782.475	313546.015	328339.2875
230	298.0968099131345	1.9689721	0	3296068.5	417439.4775	2992318.825	4447609.125	0	3017503.02	2775611.7625	2774711.14	2585610.005	0	3296068.5	417439.4775	2992318.825	4447609.125
231	146.0600949272683	1.9795029	0	296891.31	349613.4525	438017.1025	202574.01750000002	0	254806.81	377179.665	354315.46	300793.9475	0	296891.31	349613.4525	438017.1025	202574.01750000002
232	136.0618202222946	1.9683437	0	289417.4975	0.0	257192.8775	366549.545	0	238441.97000000003	229048.51	227652.905	218016.535	0	289417.4975	0.0	257192.8775	366549.545
233	188.07058977101585	1.9810214	0	3419245.075	4187728.25	5214037.0	2348390.8	0	2966175.8249999997	4562922.35	4124202.375	3516100.575	0	3419245.075	4187728.25	5214037.0	2348390.8
234	205.0971936626184	1.9810214	0	1802849.575	2183682.825	2736469.575	1198981.64	0	1560249.665	2344734.875	2163797.075	1853202.0	0	1802849.575	2183682.825	2736469.575	1198981.64
235	256.1754734789138	2.0112019	0	1147696.125	657931.015	545509.3875	1389029.475	0	806566.4625	1027543.91	808941.9099999999	1097113.72	0	1147696.125	657931.015	545509.3875	1389029.475
236	284.20673897268045	2.011725	0	2546591.3	1125388.1	1171484.0	3158236.325	0	1591912.575	2212125.0149999997	1561541.31	2636120.825	0	2546591.3	1125388.1	1171484.0	3158236.325
237	231.17032742313972	2.0788853	0	535259.665	647004.1875	507832.36750000005	753584.185	0	761234.6	521282.18	608061.14	553102.485	0	535259.665	647004.1875	507832.36750000005	753584.185
238	210.11009605597167	2.0822723	0	176724.16749999998	493666.86	180021.73750000002	308946.6975	0	378790.555	237516.3025	230816.055	312236.55	0	176724.16749999998	493666.86	180021.73750000002	308946.6975
239	170.11756922773029	2.0817385	0	483556.935	771634.3	444223.03750000003	652358.4650000001	0	704827.7025	494877.075	531756.5900000001	620311.37	0	483556.935	771634.3	444223.03750000003	652358.4650000001
240	186.11246201785053	2.0783467	0	411964.1075	528186.9525	388927.5	561369.8	0	586103.3925	382801.2075	469228.7825	452314.97750000004	0	411964.1075	528186.9525	388927.5	561369.8
241	310.13959947322604	2.1042972	0	0.0	757107.9249999999	0.0	0.0	0	177545.425	158447.8	257377.525	163737.175	0	0.0	757107.9249999999	0.0	0.0
242	276.64245495384785	2.1384103	0	119562.71	0.0	243060.1125	0.0	0	0.0	263530.8975	41529.375	57562.55	0	119562.71	0.0	243060.1125	0.0
243	187.14400600745265	2.1696188	0	307157.65	936217.8999999999	313509.125	558067.475	0	774337.675	326977.565	404835.175	608801.735	0	307157.65	936217.8999999999	313509.125	558067.475
244	184.13329901198568	2.1667728	0	297313.92	450833.1725	204357.4275	384664.4075	0	413949.26249999995	302817.77749999997	288610.0075	331791.88	0	297313.92	450833.1725	204357.4275	384664.4075
245	224.12575015082848	2.1686463	0	50630.175	367514.3225	80257.4	177621.625	0	194376.33500000002	109556.11	148267.845	223823.2325	0	50630.175	367514.3225	80257.4	177621.625
246	249.67354481079795	2.2055802	0	0.0	287109.3325	0.0	0.0	0	86809.47	67136.475	85461.075	47702.3125	0	0.0	287109.3325	0.0	0.0
247	209.1384055204164	2.227824	0	193430.455	233020.4125	59145.0125	276356.97750000004	0	130648.39749999999	320834.0575	172179.245	138291.1575	0	193430.455	233020.4125	59145.0125	276356.97750000004
248	305.1569016407028	2.249787	0	608054.2875	336343.555	288012.1325	640575.1499999999	0	347765.95999999996	503318.18	444758.6425	577142.3425	0	608054.2875	336343.555	288012.1325	640575.1499999999
249	328.23282762995603	2.2513776	0	788261.7474999999	357760.93	333633.95499999996	883492.885	0	517716.7475	621232.365	528880.88	695319.525	0	788261.7474999999	357760.93	333633.95499999996	883492.885
250	239.65479130743068	2.2718134	0	1009651.2250000001	0.0	1177618.0175	325486.73	0	246996.1425	770796.89	624393.5650000001	870569.375	0	1009651.2250000001	0.0	1177618.0175	325486.73
251	263.19657230869785	2.2894592	0	28862.3275	105346.805	46727.4725	45684.535	0	95636.7175	38572.415	46727.4725	45684.535	0	28862.3275	105346.805	46727.4725	45684.535
252	222.11005637689496	2.2917056	0	113168.1625	627003.025	132274.765	250363.88249999998	0	410655.1675	206350.725	204941.43	300862.5125	0	113168.1625	627003.025	132274.765	250363.88249999998
253	200.12832370064567	2.2846608	0	87332.11	222466.20500000002	64528.09	162015.185	0	180431.2275	93725.3625	103006.1175	159178.8825	0	87332.11	222466.20500000002	64528.09	162015.185
254	196.09451309540492	2.2966163	0	244671.2275	820898.3525	544555.915	597864.8425	0	681992.48	353866.2575	581435.43	590696.1699999999	0	244671.2275	820898.3525	544555.915	597864.8425
255	156.10203031746633	2.2957644	0	796516.025	1949116.9	1198133.955	1371489.19	0	1727891.48	958426.875	1298541.615	1330396.1	0	796516.025	1949116.9	1198133.955	1371489.19
256	174.1125564687464	2.2958472	0	417476.14999999997	1062052.6675	736704.285	850789.34	0	949023.0	555090.325	776881.8825	786027.235	0	417476.14999999997	1062052.6675	736704.285	850789.34
257	139.07541845612096	2.296191	0	163515.905	495874.01249999995	276752.1	356419.0625	0	406084.845	191816.8275	333328.81499999994	361330.5925	0	163515.905	495874.01249999995	276752.1	356419.0625
258	202.14368403007376	2.3480635	0	120985.805	283820.545	107321.375	212966.89	0	245911.62	145303.0625	131846.515	202033.41749999998	0	120985.805	283820.545	107321.375	212966.89
259	439.1013882779629	2.3527377	0	645586.385	464245.32749999996	599740.6425	610401.96	0	502313.82	624511.9199999999	570183.8125	622964.7625	0	645586.385	464245.32749999996	599740.6425	610401.96
260	160.1333757509124	2.3623145	0	693804.835	1305006.125	547184.8975	876640.3674999999	0	1057548.1175	770858.94	702670.63	891558.5375	0	693804.835	1305006.125	547184.8975	876640.3674999999
261	158.11769340336548	2.370123	0	1255371.425	2105888.5	1064809.6125	1600116.6	0	1821333.1375	1315713.865	1289794.9749999999	1599344.1600000001	0	1255371.425	2105888.5	1064809.6125	1600116.6
262	180.09948924230775	2.3715568	0	920804.375	2091997.225	865142.4450000001	1245179.3250000002	0	1573366.625	1136074.7	1094798.45	1318883.595	0	920804.375	2091997.225	865142.4450000001	1245179.3250000002
263	141.0910873273615	2.3704267	0	196822.0	349467.635	157909.3775	260256.0675	0	297330.2925	217925.64500000002	213405.83	235793.3125	0	196822.0	349467.635	157909.3775	260256.0675
264	203.1753694512488	2.3721893	0	609212.4925	884302.38	488434.3675	734169.76	0	804812.7825	614620.285	556068.7425	740617.19	0	609212.4925	884302.38	488434.3675	734169.76
265	359.2288344669959	2.4424682	0	0.0	537075.395	0.0	0.0	0	194598.45	120476.29	130045.945	91954.71	0	0.0	537075.395	0.0	0.0
266	327.2012003334545	2.4487724	0	630334.6599999999	533992.2	480897.7025	658988.5700000001	0	553783.41	548377.015	557051.1499999999	645001.5575	0	630334.6599999999	533992.2	480897.7025	658988.5700000001
267	263.196583998288	2.452343	0	97584.355	163581.1925	61483.0675	195186.03999999998	0	182040.6325	108294.3125	61483.0675	166016.6425	0	97584.355	163581.1925	61483.0675	195186.03999999998
268	200.12832797027303	2.4524267	0	125121.73750000002	284754.2125	128577.74	269355.67	0	258298.695	175425.90000000002	144417.79249999998	229666.9725	0	125121.73750000002	284754.2125	128577.74	269355.67
269	608.3042321750322	2.5134344	0	0.0	494946.4475	0.0	0.0	0	139981.485	98704.8675	177511.275	78748.82	0	0.0	494946.4475	0.0	0.0
270	184.1332889705948	2.5382433	0	98381.6875	238490.365	61372.7425	155283.7775	0	165329.32	108652.78	108654.505	170891.9675	0	98381.6875	238490.365	61372.7425	155283.7775
271	224.1256895740273	2.5956428	0	286188.48	399385.4325	221025.2075	437326.5625	0	320486.0625	303687.9175	353579.4675	366172.235	0	286188.48	399385.4325	221025.2075	437326.5625
272	218.1387695837888	2.5439942	0	137329.52000000002	531371.105	216876.5	254275.34	0	376290.335	235147.39500000002	236669.88	291744.855	0	137329.52000000002	531371.105	216876.5	254275.34
273	216.12318671348368	2.602959	0	179971.325	556862.4824999999	260403.825	268417.89	0	452241.77499999997	122503.1175	321037.77	369872.86	0	179971.325	556862.4824999999	260403.825	268417.89
274	202.14369290003933	2.5988252	0	689267.705	821939.85	567833.77	864427.18	0	870059.76	662415.66	664641.7275	746351.3574999999	0	689267.705	821939.85	567833.77	864427.18
275	238.2012496703883	2.6120982	0	0.0	0.0	0.0	55258.89	0	0.0	55258.89	0.0	0.0	0	0.0	0.0	0.0	55258.89
276	193.14353196039383	2.6134355	0	0.0	37679.34	0.0	45063.95	0	0.0	45063.95	37679.34	0.0	0	0.0	37679.34	0.0	45063.95
277	212.12822004354643	2.6340387	0	101027.02	258273.68	119770.32	165762.02000000002	0	248681.28	65381.0575	119770.32	211000.3825	0	101027.02	258273.68	119770.32	165762.02000000002
278	260.1492854680984	2.6718106	0	91534.1725	209959.82	79511.2575	118722.29250000001	0	189900.4925	61551.105	79511.2575	168764.6875	0	91534.1725	209959.82	79511.2575	118722.29250000001
279	402.2342223327295	2.6793427	0	0.0	236792.575	0.0	0.0	0	60264.0	55554.16	71917.4925	49056.9225	0	0.0	236792.575	0.0	0.0
280	236.12568948688147	2.6827052	0	113595.39499999999	391721.6775	95882.665	225236.55	0	285586.21499999997	157450.485	150804.6375	232594.95	0	113595.39499999999	391721.6775	95882.665	225236.55
281	352.1866164797351	2.7114568	0	0.0	792717.45	0.0	0.0	0	271543.775	192791.5	205653.15	122729.025	0	0.0	792717.45	0.0	0.0
282	214.14381103453644	2.8047538	0	42180.855	165895.065	58935.59	129869.1175	0	154134.4175	89601.6225	58935.59	94208.9975	0	42180.855	165895.065	58935.59	129869.1175
283	188.12813322364792	2.8323905	0	1630199.4	3076550.2	1891084.8375000001	2414479.875	0	2798397.55	1790484.0125000002	2044491.325	2378941.425	0	1630199.4	3076550.2	1891084.8375000001	2414479.875
284	170.1175372442597	2.8323908	0	3889625.725	7748304.8	4662950.875	5885880.0	0	6764413.55	4454741.125	5150969.4	5816637.325	0	3889625.725	7748304.8	4662950.875	5885880.0
285	233.1859627531882	2.8323908	0	1134486.75	1672998.575	1014406.2375	1427897.225	0	1680693.025	1045298.4425	1132587.25	1391210.07	0	1134486.75	1672998.575	1014406.2375	1427897.225
286	210.11016050261784	2.8323905	0	1370321.665	2751870.15	1733157.775	2127965.935	0	2477454.3125	1581293.5875	1915801.025	2008766.6	0	1370321.665	2751870.15	1733157.775	2127965.935
287	124.11226314643646	2.831372	0	374005.5625	770530.89	444834.3075	606487.835	0	688806.8600000001	472592.0075	416677.375	617782.3525	0	374005.5625	770530.89	444834.3075	606487.835
288	142.12264288815246	2.8315487	0	411630.10250000004	870170.54	533490.3625	744533.855	0	785519.825	516234.31999999995	535318.855	722751.8600000001	0	411630.10250000004	870170.54	533490.3625	744533.855
289	236.12568578091657	2.8359025	0	99782.6625	410295.11	83010.61	194014.34000000003	0	264787.22000000003	153254.9075	147633.95500000002	221426.64	0	99782.6625	410295.11	83010.61	194014.34000000003
290	476.3067224916724	2.9129255	0	1021356.85	1019380.39	908897.1675	1036133.36	0	1074484.865	910903.5874999999	923394.5	1076984.815	0	1021356.85	1019380.39	908897.1675	1036133.36
291	244.15431758692512	2.9531271	0	126749.0325	293833.355	118549.265	218233.7825	0	256676.74	134671.14500000002	158784.635	207232.915	0	126749.0325	293833.355	118549.265	218233.7825
292	611.1610004177646	2.9739068	0	0.0	0.0	56640.5625	0.0	0	0.0	56640.5625	0.0	0.0	0	0.0	0.0	56640.5625	0.0
293	351.1550120081956	2.9990304	0	0.0	0.0	347322.6575	0.0	0	0.0	114124.595	0.0	233198.0625	0	0.0	0.0	347322.6575	0.0
294	212.1260909883862	3.0086617	0	250455.85249999998	386943.1175	268766.4425	321567.855	0	378165.2025	263371.015	303325.4275	282871.6225	0	250455.85249999998	386943.1175	268766.4425	321567.855
295	217.19114549287772	3.014574	0	1477253.875	1653363.675	1134673.45	1763303.275	0	1784479.925	1423020.125	1277871.875	1543222.35	0	1477253.875	1653363.675	1134673.45	1763303.275
296	172.13319290919532	3.0152104	0	3437151.45	4240009.0	2704533.225	4462440.55	0	4433192.675	3488308.925	3163872.3	3758760.325	0	3437151.45	4240009.0	2704533.225	4462440.55
297	155.10670117206882	3.0163345	0	600653.325	770015.0525	490143.035	795637.8625	0	799113.7675000001	613342.5025	566828.52	677164.485	0	600653.325	770015.0525	490143.035	795637.8625
298	210.08917065907949	3.015516	0	143820.2675	277723.27749999997	94041.6875	209378.62	0	236538.48249999998	129769.25749999999	177710.7275	180945.385	0	143820.2675	277723.27749999997	94041.6875	209378.62
299	520.333164894584	3.0355904	0	774558.615	806538.61	709136.2125	771292.0449999999	0	883021.7375	656945.3125	734636.1225	786922.31	0	774558.615	806538.61	709136.2125	771292.0449999999
300	258.1700477526211	3.1278946	0	113953.9325	275733.64	85508.2425	192136.39	0	251688.0775	107010.0625	118772.8675	189861.1975	0	113953.9325	275733.64	85508.2425	192136.39
301	230.13870847744755	3.137334	0	301991.2425	741164.9075	321393.585	488522.2	0	662493.995	370453.5625	327539.52	492584.85750000004	0	301991.2425	741164.9075	321393.585	488522.2
302	529.6038659717041	3.139253	0	204709.105	0.0	189779.2675	123651.3575	0	82782.0875	177640.38999999998	96543.6075	161173.645	0	204709.105	0.0	189779.2675	123651.3575
303	321.1307476534866	3.1418285	0	187296.36	295722.7475	168938.325	420353.775	0	349587.66250000003	181508.0525	282093.9775	259121.515	0	187296.36	295722.7475	168938.325	420353.775
304	564.3593658372546	3.1478794	0	597399.25	577883.5750000001	550999.79	563467.6825	0	598417.45	548054.3150000001	505216.0075	638062.525	0	597399.25	577883.5750000001	550999.79	563467.6825
305	273.21724359882245	3.1757057	0	298001.53250000003	334198.8975	156009.72999999998	387243.345	0	385724.46499999997	224989.175	278814.2125	285925.65249999997	0	298001.53250000003	334198.8975	156009.72999999998	387243.345
306	250.1413576927144	3.1761298	0	428479.3575	600094.8975	363264.25	520362.17	0	514389.03750000003	479498.135	450972.23	467341.27249999996	0	428479.3575	600094.8975	363264.25	520362.17
307	210.1489275754097	3.1761298	0	406064.8075	490161.765	322707.69	510348.865	0	468475.9	421087.75749999995	404064.5375	435654.9325	0	406064.8075	490161.765	322707.69	510348.865
308	472.3131318842437	3.1832385	0	0.0	403903.7525	0.0	0.0	0	136943.95	73858.2575	125496.72	67604.825	0	0.0	403903.7525	0.0	0.0
309	324.2168094141643	3.2378416	0	0.0	177340.3625	58990.29	166384.2125	0	132233.885	97515.4	58990.29	113975.29	0	0.0	177340.3625	58990.29	166384.2125
310	608.3857644028033	3.2497559	0	449522.38	416982.64749999996	386013.15	470276.0225	0	431062.965	399853.775	406281.865	485595.59500000003	0	449522.38	416982.64749999996	386013.15	470276.0225
311	251.185296540922	3.3215082	0	312367.02249999996	307187.7775	219582.6	322289.3975	0	262641.59	341707.3125	298145.78	258932.115	0	312367.02249999996	307187.7775	219582.6	322289.3975
312	273.1672252735417	3.3230054	0	398803.5475	424332.0825	297905.525	401725.4375	0	344949.8775	449569.045	394901.14999999997	333346.52	0	398803.5475	424332.0825	297905.525	401725.4375
313	242.1386054922393	3.3435967	0	225263.38	564138.375	227537.11	431267.29500000004	0	441750.505	306544.165	265207.93	434703.56	0	225263.38	564138.375	227537.11	431267.29500000004
314	184.1332893740032	3.3459811	0	1918390.25	2581890.975	1561451.825	2628943.2	0	2513078.575	2147561.6500000004	1789372.875	2240663.15	0	1918390.25	2581890.975	1561451.825	2628943.2
315	206.11522474053004	3.3459811	0	1780808.725	3004227.225	1599376.5150000001	2553901.175	0	2646932.45	2144297.65	1867781.65	2279301.89	0	1780808.725	3004227.225	1599376.5150000001	2553901.175
316	229.19106507518492	3.3459811	0	973078.025	1076973.315	786005.6375	1207871.9	0	1138632.125	1018410.0	844027.5275000001	1042859.2250000001	0	973078.025	1076973.315	786005.6375	1207871.9
317	167.1067205601183	3.3453977	0	422925.0	562472.8724999999	334233.6675	600932.11	0	585569.81	463445.6325	424938.56	446609.64749999996	0	422925.0	562472.8724999999	334233.6675	600932.11
318	224.1259945659544	3.3644347	0	0.0	80542.735	82993.175	59337.66	0	80542.735	0.0	82993.175	59337.66	0	0.0	80542.735	82993.175	59337.66
319	344.2067378910775	3.4274707	0	994977.3	1074751.6	938863.775	829378.1799999999	0	986976.29	747337.265	976061.3500000001	1127595.95	0	994977.3	1074751.6	938863.775	829378.1799999999
320	339.702287461938	3.453138	0	0.0	538972.2925	0.0	0.0	0	168998.36	98825.2	187440.6	83708.1325	0	0.0	538972.2925	0.0	0.0
321	299.14890078848737	3.4662519	0	1120406.75	6442597.675	10260920.7	1276928.775	0	11855898.875	921903.125	5104118.825	1218933.075	0	1120406.75	6442597.675	10260920.7	1276928.775
322	321.13077451327047	3.4678648	0	1845904.15	2361377.325	6784309.3	6413655.0	0	7413949.0	1550658.875	2103442.5	6337195.4	0	1845904.15	2361377.325	6784309.3	6413655.0
323	398.0658096614607	3.4888017	0	1128284.53	1686842.1124999998	2962209.15	1861753.475	0	2293099.725	1708138.5425	1442593.515	2195257.485	0	1128284.53	1686842.1124999998	2962209.15	1861753.475
324	165.0757827092677	3.4832587	0	473523.525	2223413.825	6293298.125	3700871.7625	0	4013602.8200000003	2752229.38	2838774.475	3086500.5625	0	473523.525	2223413.825	6293298.125	3700871.7625
325	135.08051791964164	3.4916167	0	504463.745	6347253.109999999	5542032.335	3993550.45	0	4327258.0	5179990.1	3109130.8449999997	3770920.695	0	504463.745	6347253.109999999	5542032.335	3993550.45
326	619.2728771526749	3.510547	0	7739294.325	12894859.75	7907400.375	6096017.025	0	8806306.45	6633865.65	9609524.125	9587875.25	0	7739294.325	12894859.75	7907400.375	6096017.025
327	398.0658219997638	3.5090113	0	2566990.575	3134231.075	2575257.425	2403233.025	0	2777023.625	2367486.6	2788274.925	2746926.95	0	2566990.575	3134231.075	2575257.425	2403233.025
328	129.05475966783982	3.5095234	0	773911.335	1032449.26	837327.375	699966.5275	0	826378.6625	746718.765	897311.985	873245.085	0	773911.335	1032449.26	837327.375	699966.5275
329	147.06519108370483	3.5095234	0	783220.685	1027019.5874999999	801733.1025	695206.7775000001	0	795251.05	768700.9625	883949.1125	859279.0275000001	0	783220.685	1027019.5874999999	801733.1025	695206.7775000001
330	135.08051761784554	3.5095234	0	5846124.25	7447020.0	5679938.25	5216146.425	0	6328878.125	5285506.55	6285474.875	6289369.375	0	5846124.25	7447020.0	5679938.25	5216146.425
331	165.07578442795625	3.5095232	0	5463882.575	6933796.0	5324826.2	4840309.0	0	5913564.375	4960411.2	5850059.5	5838778.7	0	5463882.575	6933796.0	5324826.2	4840309.0
332	383.1013026556871	3.5090117	0	770368.2575000001	907556.365	791468.6775	699687.46	0	802671.8300000001	734709.55	788993.2150000001	842706.165	0	770368.2575000001	907556.365	791468.6775	699687.46
333	321.130789475684	3.5100405	0	15858168.0	21114299.0	16117442.25	14537486.5	0	17436309.5	15066194.25	17559903.5	17564988.5	0	15858168.0	21114299.0	16117442.25	14537486.5
334	299.1489285903849	3.5100765	0	16276384.75	20405386.0	15634754.5	14492512.25	0	17608781.0	14598756.25	17416641.25	17184859.0	0	16276384.75	20405386.0	15634754.5	14492512.25
335	344.20673163984213	3.510594	0	15424870.0	17649213.5	14925210.5	13911189.5	0	16016375.75	13887770.75	15717569.75	16288767.25	0	15424870.0	17649213.5	14925210.5	13911189.5
336	316.17560040156087	3.5100765	0	1726165.185	2205961.35	1697270.1	1578114.44	0	1925178.325	1546006.7000000002	1884043.0750000002	1852282.975	0	1726165.185	2205961.35	1697270.1	1578114.44
337	337.10476285776434	3.510041	0	1402138.4	1890372.15	1446805.7	1255668.04	0	1525020.15	1315533.0899999999	1529533.125	1624897.925	0	1402138.4	1890372.15	1446805.7	1255668.04
338	178.05684250359104	3.5106542	0	713787.3875	822938.775	720607.2025	598612.6699999999	0	729389.8999999999	616242.83	735953.1275000001	774360.1775	0	713787.3875	822938.775	720607.2025	598612.6699999999
339	226.1437692051593	3.519097	0	303511.125	480238.18	223718.6675	381257.9175	0	397157.9325	292734.925	302557.85250000004	396275.18	0	303511.125	480238.18	223718.6675	381257.9175
340	401.26189035865696	3.5848567	0	566065.9199999999	514342.62	516502.67	694163.6275	0	538193.3099999999	601433.775	580657.605	570790.1475	0	566065.9199999999	514342.62	516502.67	694163.6275
341	383.10136009301607	3.614413	0	309997.53	397345.625	341479.4	260671.4225	0	329497.76749999996	264397.3075	330754.4825	384844.42	0	309997.53	397345.625	341479.4	260671.4225
342	178.0568301558565	3.6164	0	273430.7925	372514.8975	309178.5025	258376.625	0	304553.805	259260.22499999998	304989.6275	344697.16	0	273430.7925	372514.8975	309178.5025	258376.625
343	398.0658022395035	3.6177688	0	906717.7775	1232729.35	1041291.7225	847097.45	0	1022959.885	847660.7925	1005440.9225	1151774.7	0	906717.7775	1232729.35	1041291.7225	847097.45
344	129.05473998456696	3.6188805	0	184189.12	275740.48	227587.185	169713.36	0	224927.205	140320.86	237349.04	254633.04	0	184189.12	275740.48	227587.185	169713.36
345	135.08050280974587	3.6186032	0	1630650.3250000002	2130722.05	1730032.8	1412400.3	0	1746641.9749999999	1420756.225	1749588.125	1986819.1500000001	0	1630650.3250000002	2130722.05	1730032.8	1412400.3
346	147.06516047432245	3.6196518	0	194231.155	269530.805	227324.95750000002	175570.77000000002	0	229925.325	136848.51750000002	235011.33250000002	264872.5125	0	194231.155	269530.805	227324.95750000002	175570.77000000002
347	165.07577048737718	3.6189897	0	1550170.375	1950781.25	1630512.6	1335965.2999999998	0	1626135.35	1321656.175	1652974.2	1866663.7999999998	0	1550170.375	1950781.25	1630512.6	1335965.2999999998
348	299.14888541626567	3.619968	0	3652539.8	4632736.25	3792897.0	3145329.2	0	3823636.45	3115349.5250000004	3876493.325	4408022.95	0	3652539.8	4632736.25	3792897.0	3145329.2
349	321.13075688128765	3.6226392	0	4188048.5	6143351.375	4558505.875	3515085.225	0	4412815.0	3960745.35	4810157.375	5221273.25	0	4188048.5	6143351.375	4558505.875	3515085.225
350	337.10463892779524	3.6264477	0	188187.9075	436400.0625	301185.985	192378.4375	0	257429.3975	203344.25	326501.4925	330877.2525	0	188187.9075	436400.0625	301185.985	192378.4375
351	344.20670378294363	3.6260538	0	1333430.7025000001	1626956.925	1397749.425	1174831.875	0	1410527.6375	1130768.365	1374149.275	1617523.65	0	1333430.7025000001	1626956.925	1397749.425	1174831.875
352	208.130815339227	3.6504695	0	169481.311	382627.0125	128989.88	279336.9175	0	281391.9625	213865.20500000002	223221.3635	241956.59	0	169481.311	382627.0125	128989.88	279336.9175
353	423.2749650691608	3.6549015	0	560316.28	566626.7825	510636.065	573386.9475	0	540562.845	557754.23	576022.1	536626.8999999999	0	560316.28	566626.7825	510636.065	573386.9475
354	315.1436843628094	3.6714246	0	74208.53	110043.5775	103348.3125	57567.9	0	0.0	59018.3	93728.33249999999	192421.6875	0	74208.53	110043.5775	103348.3125	57567.9
355	321.13075321945274	3.6436014	0	3031772.84	2020058.8225	4875104.75	1491626.28	0	2228678.715	4068910.775	2128607.615	2992365.5875	0	3031772.84	2020058.8225	4875104.75	1491626.28
356	202.12595457568847	3.7138748	0	0.0	0.0	276644.51	0.0	0	0.0	82418.46	0.0	194226.05	0	0.0	0.0	276644.51	0.0
357	445.2881869271943	3.7198002	0	466737.445	393098.4425	381241.935	494285.71	0	470742.655	442180.8675	416361.385	406078.625	0	466737.445	393098.4425	381241.935	494285.71
358	183.0781119136822	3.7373657	0	197557.4575	197213.225	205548.5275	211751.41749999998	0	196599.5075	211182.1775	199158.105	205130.8375	0	197557.4575	197213.225	205548.5275	211751.41749999998
359	321.1307623997586	3.782553	0	1755282.2375	2435708.275	1845742.8499999999	1467827.9875	0	1814355.6	1606069.425	2112335.05	1971801.275	0	1755282.2375	2435708.275	1845742.8499999999	1467827.9875
360	299.14888981262766	3.7834022	0	1108543.0150000001	1515766.45	1122481.525	950189.3125	0	1186748.525	991702.24	1275937.1625	1242592.375	0	1108543.0150000001	1515766.45	1122481.525	950189.3125
361	135.08051452219212	3.7835405	0	523276.01749999996	659361.96	583124.075	426647.0625	0	556900.7424999999	473245.195	609953.5925	552309.585	0	523276.01749999996	659361.96	583124.075	426647.0625
362	344.2067269443025	3.7828965	0	519748.2925	640169.01	599551.7	446231.805	0	585428.6174999999	450118.435	601562.9824999999	568590.7725	0	519748.2925	640169.01	599551.7	446231.805
363	165.07577944587274	3.7828665	0	488881.6875	624665.3474999999	543380.925	405829.7125	0	539014.785	433202.2875	570808.8575	519731.7425	0	488881.6875	624665.3474999999	543380.925	405829.7125
364	467.30138793376176	3.779598	0	308424.875	321915.995	315601.0625	380832.735	0	301788.9125	387331.1	326857.3875	310797.2675	0	308424.875	321915.995	315601.0625	380832.735
365	155.002869498132	3.7902043	0	0.0	0.0	0.0	0.0	0	0.0	0.0	0.0	0.0	0	0.0	0.0	0.0	0.0
366	174.18528184149827	3.7856443	0	0.0	44607.8	0.0	87605.5625	0	0.0	132213.3625	0.0	0.0	0	0.0	44607.8	0.0	87605.5625
367	489.3144860759538	3.8362808	0	291985.7175	272608.7125	253815.6325	330295.365	0	258989.46	327142.24	274899.0475	287674.68	0	291985.7175	272608.7125	253815.6325	330295.365
368	198.1489997821328	3.9178681	0	4588320.55	2671777.3200000003	3452035.475	3654287.925	0	3899520.0625	1293696.8575000002	4049378.675	5123825.675	0	4588320.55	2671777.3200000003	3452035.475	3654287.925
369	149.0597277394557	3.8802798	0	1900801.05	1887799.925	1932853.375	1913204.95	0	1867725.825	1938694.35	1891712.0499999998	1936527.075	0	1900801.05	1887799.925	1932853.375	1913204.95
370	211.096572338826	3.8810186	0	672526.725	646754.3575	678277.865	674238.375	0	661567.415	671785.915	670442.655	668001.3375	0	672526.725	646754.3575	678277.865	674238.375
371	256.1543045743426	3.8799531	0	370553.115	335308.02	361054.1675	366679.9575	0	356800.935	352807.6825	349934.09750000003	374052.545	0	370553.115	335308.02	361054.1675	366679.9575
372	234.0816710301782	3.8794386	0	737262.0875	736552.1599999999	744453.7575	719825.6025	0	709134.4375	734103.65	728283.0625	766572.4575	0	737262.0875	736552.1599999999	744453.7575	719825.6025
373	309.22696268727026	3.8905694	0	296881.995	288691.935	275544.1825	288029.22250000003	0	275398.54	310912.9875	277418.155	285417.65249999997	0	296881.995	288691.935	275544.1825	288029.22250000003
374	216.19596037277333	3.9079702	0	0.0	0.0	0.0	0.0	0	0.0	0.0	0.0	0.0	0	0.0	0.0	0.0	0.0
375	262.23771876914986	3.9152036	0	0.0	0.0	0.0	0.0	0	0.0	0.0	0.0	0.0	0	0.0	0.0	0.0	0.0
376	234.20641617637884	3.927541	0	0.0	0.0	0.0	0.0	0	0.0	0.0	0.0	0.0	0	0.0	0.0	0.0	0.0
377	198.1489982556156	3.9350052	0	3949463.375	4755349.625	3049042.825	5289746.175	0	4580904.25	4287647.7	3531565.175	4643484.875	0	3949463.375	4755349.625	3049042.825	5289746.175
378	220.1308124134371	3.9350052	0	4112388.725	6085102.575	3443808.875	5542002.625	0	5055818.75	4805311.4	4141268.2	5180904.45	0	4112388.725	6085102.575	3443808.875	5542002.625
379	243.20668459415825	3.9350052	0	1394839.7	1439004.7375	1010356.9	1701408.5499999998	0	1498883.7650000001	1360985.135	1167819.2125000001	1517921.775	0	1394839.7	1439004.7375	1010356.9	1701408.5499999998
380	135.1169009594246	3.9338202	0	571572.6425	771710.88	483953.005	738702.7575000001	0	670980.6125	662276.7175	581698.56	650983.395	0	571572.6425	771710.88	483953.005	738702.7575000001
381	221.13401987884845	3.9335518	0	558308.7424999999	853319.1425000001	424717.895	685599.355	0	708609.2575000001	641249.88	561905.8	610180.1975	0	558308.7424999999	853319.1425000001	424717.895	685599.355
382	181.12231899714905	3.9344485	0	704229.365	964111.975	574656.6699999999	915509.625	0	834184.0675	803410.5175000001	698223.375	822689.675	0	704229.365	964111.975	574656.6699999999	915509.625
383	533.3409338064818	3.9410586	0	250689.9775	209879.77500000002	102361.55249999999	264831.12	0	225315.18	184537.275	217954.4475	199955.52250000002	0	250689.9775	209879.77500000002	102361.55249999999	264831.12
384	336.1228674307642	3.9914844	0	0.0	0.0	0.0	0.0	0	0.0	0.0	0.0	0.0	0	0.0	0.0	0.0	0.0
385	555.354015342381	3.9898677	0	171455.595	152066.08000000002	171763.0225	215806.0025	0	102961.83249999999	192163.005	217016.475	198949.3875	0	171455.595	152066.08000000002	171763.0225	215806.0025
386	310.2375420696146	4.024398	0	113120.1	243578.79249999998	70088.7425	182283.4225	0	196824.4075	118857.4775	111363.25499999999	182025.9175	0	113120.1	243578.79249999998	70088.7425	182283.4225
387	241.2035975455437	4.0297027	0	1154266.55	1440077.125	1124842.665	1188815.125	0	1093238.79	1155512.525	1402395.725	1256854.425	0	1154266.55	1440077.125	1124842.665	1188815.125
388	241.7052828922584	4.0296254	0	358323.9525	456681.8675	345257.515	370111.6825	0	343940.275	360653.935	427837.4375	397943.37	0	358323.9525	456681.8675	345257.515	370111.6825
389	599.38018124632	4.0775723	0	129930.47750000001	75948.1675	0.0	140642.605	0	48199.5825	105196.5475	83439.12	109686.0	0	129930.47750000001	75948.1675	0.0	140642.605
390	348.21449982654053	4.1205053	0	69074.1465	231032.76374999998	55905.05	176602.51750000002	0	169484.7515	131479.53749999998	86289.70625	145360.48249999998	0	69074.1465	231032.76374999998	55905.05	176602.51750000002
391	308.2218733989826	4.121845	0	249309.12	494652.0075	214226.9875	488982.8275	0	427849.0425	398321.83999999997	281846.19	339153.87	0	249309.12	494652.0075	214226.9875	488982.8275
392	310.2375157659682	4.2229176	0	250137.6275	530850.2424999999	307003.32	517569.07	0	417135.8125	365290.93499999994	381074.6375	442058.875	0	250137.6275	530850.2424999999	307003.32	517569.07
393	449.6241282670333	4.1966357	0	111017.29625	64445.08	30834.1075	96166.435	0	44140.8625	121279.2175	76613.5125	60429.32625	0	111017.29625	64445.08	30834.1075	96166.435
394	350.2301474899265	4.230833	0	30873.0775	88602.9075	49489.72	57462.6875	0	81504.0625	37971.9225	49489.72	57462.6875	0	30873.0775	88602.9075	49489.72	57462.6875
395	310.23751292963914	4.2309294	0	319830.7375	498321.8575	297767.76	466940.135	0	457375.4125	351478.35250000004	366648.4375	407358.2875	0	319830.7375	498321.8575	297767.76	466940.135
396	200.16469407535	4.260841	0	242493.5375	254204.37	193298.20500000002	326446.53500000003	0	277067.0825	277133.33999999997	224644.03000000003	237598.195	0	242493.5375	254204.37	193298.20500000002	326446.53500000003
397	222.1464145061067	4.26373	0	260980.8825	323532.995	214424.47	341129.425	0	305379.1175	302981.6925	257155.30500000002	274551.6575	0	260980.8825	323532.995	214424.47	341129.425
398	308.2218768669037	4.2683144	0	663995.31	1250361.81	658248.4575	1237611.1675	0	1065822.995	1024120.665	766479.1775	953793.9075	0	663995.31	1250361.81	658248.4575	1237611.1675
399	348.21449693092103	4.2684436	0	323597.9425	690983.5425	350209.7425	588836.475	0	534278.885	527313.6225	400032.0825	492003.1125	0	323597.9425	690983.5425	350209.7425	588836.475
400	371.2904841497162	4.2678833	0	115354.09	237834.62	84407.525	260842.765	0	212462.4275	197342.41	84407.525	204226.6375	0	115354.09	237834.62	84407.525	260842.765
401	232.2271400312873	4.329565	0	0.0	0.0	0.0	0.0	0	0.0	0.0	0.0	0.0	0	0.0	0.0	0.0	0.0
402	310.2375097177573	4.370938	0	158140.89	357860.97500000003	220404.6175	319828.1275	0	316774.78500000003	217421.5125	240022.69249999998	282015.62	0	158140.89	357860.97500000003	220404.6175	319828.1275
403	294.2427320587445	4.436841	0	146928.045	245735.82	103424.87750000002	244373.45500000002	0	207067.565	173587.745	187201.435	172605.4525	0	146928.045	245735.82	103424.87750000002	244373.45500000002
404	350.2301573658699	4.4794364	0	179271.3875	196423.0725	90451.5075	241499.8575	0	226411.445	161404.825	173908.745	145920.81	0	179271.3875	196423.0725	90451.5075	241499.8575
405	328.2481024184878	4.4828353	0	80006.01999999999	112911.7575	42985.8175	188021.8825	0	136993.79249999998	96974.1825	77046.6975	112910.805	0	80006.01999999999	112911.7575	42985.8175	188021.8825
406	266.21145336259406	4.485207	0	280666.11125	379570.64749999996	255380.60749999998	378989.405	0	345315.61	310958.01875	311368.93	326964.2125	0	280666.11125	379570.64749999996	255380.60749999998	378989.405
407	234.14643389499253	4.488897	0	302832.78	400690.335	224982.5075	399760.615	0	342548.255	355165.41000000003	304877.3875	325675.185	0	302832.78	400690.335	224982.5075	399760.615
408	212.16457788046435	4.4901314	0	324051.7625	377826.945	228378.45750000002	444445.9375	0	357374.6975	376580.1475	307021.595	333726.6625	0	324051.7625	377826.945	228378.45750000002	444445.9375
409	310.23750584703106	4.51651	0	166341.185	169245.1925	90398.245	250200.1775	0	220204.385	143070.325	172725.1175	140184.9725	0	166341.185	169245.1925	90398.245	250200.1775
410	266.21145301477475	4.50245	0	306542.85125	262754.9925	167111.2225	342520.7125	0	310546.9625	257175.51375	223099.545	288107.7575	0	306542.85125	262754.9925	167111.2225	342520.7125
411	144.13830595396217	4.6335716	0	200087.0625	317489.295	77114.04	182392.35	0	192675.8975	190678.695	160804.2675	232923.8875	0	200087.0625	317489.295	77114.04	182392.35
412	243.2066748003744	4.669673	0	565159.8225	0.0	291947.45499999996	550138.73	0	176872.71999999997	494666.415	392665.21499999997	343041.6575	0	565159.8225	0.0	291947.45499999996	550138.73
413	143.9590508807813	4.731734	0	264815.125	234761.04750000002	243565.8375	245805.13	0	264913.0175	242745.815	242671.74	238616.5675	0	264815.125	234761.04750000002	243565.8375	245805.13
414	191.1641824526409	4.757338	0	290982.4625	289189.205	295944.67	278414.8675	0	286431.5775	285090.6425	287579.15249999997	295429.8325	0	290982.4625	289189.205	295944.67	278414.8675
415	310.23749864257763	4.797622	0	142512.885	305905.71499999997	130724.2265	216850.83000000002	0	272304.7665	161531.1675	179355.23	182802.49250000002	0	142512.885	305905.71499999997	130724.2265	216850.83000000002
416	268.22710210763285	4.8233633	0	91633.43	118784.2825	56831.515	159372.915	0	138011.535	110519.48000000001	56831.515	121259.61249999999	0	91633.43	118784.2825	56831.515	159372.915
417	350.23015194916815	4.7792125	0	78946.58499999999	124221.645	50207.875	129599.295	0	120329.37	91395.45749999999	50207.875	121042.69750000001	0	78946.58499999999	124221.645	50207.875	129599.295
418	226.18014539636133	4.8120956	0	965109.0375	893323.015	983074.8875	967585.4075	0	961902.5875	913091.61	982810.825	951287.325	0	965109.0375	893323.015	983074.8875	967585.4075
419	244.1907097085408	4.812095	0	492552.9575	435719.14	489845.44	473542.825	0	488707.37	447536.88	482966.2325	472449.88	0	492552.9575	435719.14	489845.44	473542.825
420	310.23749701223903	4.820379	0	193607.47749999998	317367.68	185748.184	300761.6225	0	294833.894	222620.5725	233921.48	246109.0175	0	193607.47749999998	317367.68	185748.184	300761.6225
421	155.00284139254944	4.8279824	0	0.0	0.0	0.0	0.0	0	0.0	0.0	0.0	0.0	0	0.0	0.0	0.0	0.0
422	202.21652273539945	4.847497	0	0.0	0.0	0.0	0.0	0	0.0	0.0	0.0	0.0	0	0.0	0.0	0.0	0.0
423	268.22709968301854	4.8345623	0	91633.43	115823.31	61248.5075	159372.915	0	135050.5625	110519.48000000001	61248.5075	121259.61249999999	0	91633.43	115823.31	61248.5075	159372.915
424	205.1434816631844	4.895724	0	228587.08250000002	214029.5525	213618.67	213353.8075	0	216024.75	217974.285	214290.2425	221299.835	0	228587.08250000002	214029.5525	213618.67	213353.8075
425	227.12535395804065	4.8962846	0	208678.985	166261.2125	206004.5425	200063.2875	0	201862.625	215565.79499999998	204199.7975	159379.81	0	208678.985	166261.2125	206004.5425	200063.2875
426	290.2689340042114	4.899034	0	0.0	0.0	0.0	0.0	0	0.0	0.0	0.0	0.0	0	0.0	0.0	0.0	0.0
427	262.2376972618745	4.9280505	0	0.0	0.0	0.0	0.0	0	0.0	0.0	0.0	0.0	0	0.0	0.0	0.0	0.0
428	244.22710419618463	4.9694147	0	0.0	0.0	0.0	0.0	0	0.0	0.0	0.0	0.0	0	0.0	0.0	0.0	0.0
429	284.1856187365817	4.997556	0	304338.37	276351.6425	297856.015	317728.57	0	289746.6375	296861.79	293289.96	316376.21	0	304338.37	276351.6425	297856.015	317728.57
430	239.1277597563582	4.9995484	0	476718.11	477111.83	479563.4875	462861.26	0	462969.6425	479614.575	487168.7875	466501.6825	0	476718.11	477111.83	479563.4875	462861.26
431	248.1621108448047	5.0142617	0	274228.28	346005.15249999997	222226.14500000002	372460.895	0	322687.16000000003	299307.3875	280816.19	312109.735	0	274228.28	346005.15249999997	222226.14500000002	372460.895
432	226.1801494681837	5.016976	0	366446.01	372011.31	295643.6325	434994.3675	0	376873.98750000005	383656.745	324843.505	383721.0825	0	366446.01	372011.31	295643.6325	434994.3675
433	191.1641803594839	5.0533175	0	333600.61	340553.95499999996	336752.0475	324073.14	0	342062.6875	332838.9925	333850.235	326227.8375	0	333600.61	340553.95499999996	336752.0475	324073.14
434	238.1073412000289	5.147619	0	201293.3725	206108.9025	217611.4675	207704.83	0	203265.5875	210607.6175	215948.5125	202896.855	0	201293.3725	206108.9025	217611.4675	207704.83
435	310.23750448584565	5.155349	0	280846.52249999996	414357.85	284196.8125	388236.135	0	377507.9175	297299.9	345247.2575	347582.245	0	280846.52249999996	414357.85	284196.8125	388236.135
436	266.2114490667034	5.1753087	0	140981.5425	225632.115	76637.025	219260.405	0	185089.0325	157665.04499999998	111745.73999999999	208011.27000000002	0	140981.5425	225632.115	76637.025	219260.405
437	294.2427349488295	5.262698	0	189121.8225	149972.9575	149566.4625	220843.4925	0	137990.345	189679.175	202614.8775	179220.3375	0	189121.8225	149972.9575	149566.4625	220843.4925
438	307.09632295228243	5.2555566	0	565900.125	550534.9875	554663.165	564198.34	0	577790.1125	565220.01	538166.3525	554120.1425000001	0	565900.125	550534.9875	554663.165	564198.34
439	317.07080424644766	5.2754464	0	189817.60749999998	192924.3575	199201.46	182225.7025	0	195874.4425	192952.9775	201797.87	173543.8375	0	189817.60749999998	192924.3575	199201.46	182225.7025
440	296.25838816385044	5.2825084	0	90430.32	147423.12	69802.68	159623.8525	0	137593.6325	125821.0575	69802.68	134062.6025	0	90430.32	147423.12	69802.68	159623.8525
441	315.30054387745247	5.284513	0	0.0	174892.9025	0.0	0.0	0	78893.905	36659.68	59339.3175	0.0	0	0.0	174892.9025	0.0	0.0
442	297.290001586137	5.285875	0	0.0	300454.2975	0.0	0.0	0	114603.1875	54631.29	90540.265	40679.555	0	0.0	300454.2975	0.0	0.0
443	260.2584648353486	5.2891417	0	0.0	0.0	0.0	0.0	0	0.0	0.0	0.0	0.0	0	0.0	0.0	0.0	0.0
444	143.95904645799538	5.3598905	0	207156.35749999998	282524.2075	276012.735	278766.8425	0	278902.52	281289.2125	274780.92500000005	209487.485	0	207156.35749999998	282524.2075	276012.735	278766.8425
445	334.2350794536431	5.337874	0	149604.7025	130516.2225	87097.92000000001	233661.9375	0	180989.9975	140711.385	132872.8275	146306.5725	0	149604.7025	130516.2225	87097.92000000001	233661.9375
446	294.24273853904714	5.3375773	0	334631.25	326234.01	279719.43	461632.86	0	356645.17000000004	372749.57999999996	321097.155	351725.645	0	334631.25	326234.01	279719.43	461632.86
447	155.00288011990202	5.3547163	0	0.0	36931.535	0.0	29269.26375	0	0.0	0.0	36931.535	29269.26375	0	0.0	36931.535	0.0	29269.26375
448	250.1777481235408	5.3599753	0	808385.115	827332.8275	782566.46	815574.15	0	819451.7375	800897.16	786164.665	827344.99	0	808385.115	827332.8275	782566.46	815574.15
449	228.1958389227169	5.360483	0	912496.4375	871046.875	896122.9	908865.5	0	900668.555	887437.5125	871440.91	928984.735	0	912496.4375	871046.875	896122.9	908865.5
450	584.3222034066243	5.38509	0	0.0	0.0	0.0	0.0	0	0.0	0.0	0.0	0.0	0	0.0	0.0	0.0	0.0
451	278.2478859474369	5.39473	0	75542.9025	147472.16499999998	71679.725	105477.63750000001	0	98236.195	102992.5325	71679.725	127263.97750000001	0	75542.9025	147472.16499999998	71679.725	105477.63750000001
452	336.25076338790655	5.395267	0	64536.645000000004	138513.7575	67598.015	101344.4625	0	90390.05249999999	96736.2325	67598.015	117268.58000000002	0	64536.645000000004	138513.7575	67598.015	101344.4625
453	296.25836651883435	5.3976274	0	362790.2025	540333.8075	396697.8175	518342.595	0	482513.305	438778.75	448027.39	448844.97750000004	0	362790.2025	540333.8075	396697.8175	518342.595
454	234.0980584302837	5.414905	0	0.0	0.0	191466.34749999997	0.0	0	0.0	59472.9875	0.0	131993.36	0	0.0	0.0	191466.34749999997	0.0
455	357.31108426766315	5.433522	0	170801.5375	212938.895	96270.57	217048.7725	0	185842.725	171925.16	96270.57	243021.32	0	170801.5375	212938.895	96270.57	217048.7725
456	294.2427564882822	5.4341197	0	1954815.76	2296194.7	1673037.325	2294452.05	0	2056018.975	1987655.7850000001	1916817.4000000001	2258007.675	0	1954815.76	2296194.7	1673037.325	2294452.05
457	334.2350980045911	5.434513	0	737441.925	920198.59	601822.015	829409.27	0	760587.395	714834.875	720498.5025	892951.0275	0	737441.925	920198.59	601822.015	829409.27
458	330.2637725985726	5.4407597	0	40727.57	145298.35	103794.0075	109629.76999999999	0	70775.18	94665.32	103794.0075	130215.19	0	40727.57	145298.35	103794.0075	109629.76999999999
459	225.1485164201766	5.482773	0	4504238.95	4223256.7	4287289.75	4408827.75	0	4337783.075	4333608.625	4268628.325	4483593.125	0	4504238.95	4223256.7	4287289.75	4408827.75
460	294.24276009417514	5.4831605	0	1329406.7675	1178156.61	1351138.3975	761219.255	0	650737.1825	1149406.2675	1447409.1175	1372368.4625	0	1329406.7675	1178156.61	1351138.3975	761219.255
461	584.3222511309694	5.494236	0	0.0	135983.78	125820.29499999998	44142.515	0	44038.335	103826.08	113939.66	44142.515	0	0.0	135983.78	125820.29499999998	44142.515
462	334.2350956224737	5.4533596	0	647900.2875	1028450.8500000001	628716.46	654423.735	0	653094.24	551859.3	747214.0025	1007323.79	0	647900.2875	1028450.8500000001	628716.46	654423.735
463	249.20599235449413	5.4940877	0	159364.3175	160015.94	160218.85499999998	174276.2825	0	151127.77250000002	183229.335	155361.785	164156.5025	0	159364.3175	160015.94	160218.85499999998	174276.2825
464	296.25832842137265	5.513982	0	186535.705	323394.2575	183832.89	297385.97750000004	0	274653.3	183856.225	291853.95	240785.355	0	186535.705	323394.2575	183832.89	297385.97750000004
465	278.24788693008213	5.5069575	0	0.0	49398.095	56475.27	60997.2375	0	49398.095	32676.77	56475.27	28320.4675	0	0.0	49398.095	56475.27	60997.2375
466	255.15905983390348	5.5278525	0	311204.74	316140.8725	331366.4975	325573.0375	0	325144.13	315821.24	320559.575	322760.2025	0	311204.74	316140.8725	331366.4975	325573.0375
467	451.1645912265028	5.532623	0	1034748.3325	1564247.7149999999	1576847.2875	1150608.8475	0	755404.9775	1181377.7275	1368116.2625000002	2021553.2149999999	0	1034748.3325	1564247.7149999999	1576847.2875	1150608.8475
468	468.19125175296375	5.53214	0	168004.7625	308376.1075	265191.4575	196648.68	0	83466.73000000001	190109.96999999997	266634.4675	398009.84	0	168004.7625	308376.1075	265191.4575	196648.68
469	268.1543389811452	5.5422864	0	358530.0725	368897.4525	386218.09500000003	368189.805	0	353191.0625	373278.8825	368522.995	386842.485	0	358530.0725	368897.4525	386218.09500000003	368189.805
470	334.2350915557405	5.527051	0	275279.9575	318328.9025	232873.02	329922.645	0	282652.09	288375.12750000006	297512.1825	287865.125	0	275279.9575	318328.9025	232873.02	329922.645
471	294.24275582071806	5.555622	0	765353.78	822721.84	730040.8875	946058.3725	0	791329.54	787925.545	786705.095	898214.7	0	765353.78	822721.84	730040.8875	946058.3725
472	406.2026275572443	5.557895	0	316078.1975	295015.2475	315315.25	324124.1725	0	307787.195	300345.9225	312872.165	329527.58499999996	0	316078.1975	295015.2475	315315.25	324124.1725
473	296.25832740989216	5.5318503	0	192949.37	308763.71499999997	193097.4375	313303.8975	0	268967.2975	196336.285	301118.4975	241692.34000000003	0	192949.37	308763.71499999997	193097.4375	313303.8975
474	294.24275026171205	5.574963	0	520695.66500000004	539835.1125	751767.5875	710776.2925	0	552329.325	827001.995	747553.0475	396190.29	0	520695.66500000004	539835.1125	751767.5875	710776.2925
475	334.2350894566472	5.592741	0	200580.6375	207891.835	150064.8275	278209.20999999996	0	229731.74	187028.235	207150.845	212835.69	0	200580.6375	207891.835	150064.8275	278209.20999999996
476	359.2903297818157	5.61705	0	0.0	633200.265	0.0	0.0	0	168741.325	151497.025	169061.14	143900.775	0	0.0	633200.265	0.0	0.0
477	189.09099552459136	5.663962	0	1253938.375	1239574.1	1227919.7	1224177.9	0	1260586.925	1240130.1	1240096.4500000002	1204796.6	0	1253938.375	1239574.1	1227919.7	1224177.9
478	579.7593173161171	5.673632	0	0.0	230539.3125	0.0	0.0	0	68870.32	46336.91	75901.45	39430.6325	0	0.0	230539.3125	0.0	0.0
479	312.2531529222164	5.698871	0	93689.95999999999	133553.285	78474.055	133908.195	0	119139.4625	106984.3675	78474.055	135027.61	0	93689.95999999999	133553.285	78474.055	133908.195
480	165.1274299590048	5.6973534	0	1161242.05	1154950.025	1172106.675	1124122.075	0	1143339.475	1140321.15	1167988.975	1160771.225	0	1161242.05	1154950.025	1172106.675	1124122.075
481	155.00286915628874	5.7184052	0	0.0	0.0	0.0	0.0	0	0.0	0.0	0.0	0.0	0	0.0	0.0	0.0	0.0
482	245.0784092434048	5.732086	0	344676.42	359867.97500000003	392085.225	360636.8025	0	358049.3875	365149.375	374199.265	359868.395	0	344676.42	359867.97500000003	392085.225	360636.8025
483	177.05466422362278	5.732406	0	422495.1725	418445.5375	437022.8975	417966.95499999996	0	417453.765	418479.4475	435004.5425	424992.8075	0	422495.1725	418445.5375	437022.8975	417966.95499999996
484	223.09650111171803	5.731882	0	223680.2125	212812.3825	222453.43	212107.0875	0	206393.3725	225519.3725	225885.57	213254.79750000002	0	223680.2125	212812.3825	222453.43	212107.0875
485	584.3221939163238	5.7371683	0	0.0	0.0	0.0	0.0	0	0.0	0.0	0.0	0.0	0	0.0	0.0	0.0	0.0
486	553.1133659557493	5.7369146	0	0.0	0.0	0.0	0.0	0	0.0	0.0	0.0	0.0	0	0.0	0.0	0.0	0.0
487	230.2478720838319	5.7465863	0	0.0	0.0	53841.5775	0.0	0	0.0	0.0	0.0	53841.5775	0	0.0	0.0	53841.5775	0.0
488	296.25837610473235	5.7707415	0	83308.98999999999	151443.0075	80953.085	154131.8125	0	141437.2775	113319.57	80953.085	134126.9625	0	83308.98999999999	151443.0075	80953.085	154131.8125
489	288.28970619302845	5.769053	0	0.0	0.0	0.0	0.0	0	0.0	0.0	0.0	0.0	0	0.0	0.0	0.0	0.0
490	290.2689177895447	5.7953215	0	0.0	0.0	0.0	0.0	0	0.0	0.0	0.0	0.0	0	0.0	0.0	0.0	0.0
491	539.0976128373393	5.8063755	0	0.0	0.0	0.0	0.0	0	0.0	0.0	0.0	0.0	0	0.0	0.0	0.0	0.0
492	451.164573797796	5.8310227	0	1434951.365	2294432.075	2239709.4	1526616.35	0	1139259.4	1780915.765	1905138.975	2670395.05	0	1434951.365	2294432.075	2239709.4	1526616.35
493	357.31112059589134	5.8342433	0	147444.615	257253.575	151526.25	248789.01	0	221272.84	197273.35499999998	151526.25	234941.005	0	147444.615	257253.575	151526.25	248789.01
494	288.28968953037287	5.8338633	0	0.0	0.0	0.0	0.0	0	0.0	0.0	0.0	0.0	0	0.0	0.0	0.0	0.0
495	334.2351009605829	5.8342137	0	255975.395	444208.8075	300285.0425	443306.32	0	379572.28	299843.1375	397607.12	366753.02749999997	0	255975.395	444208.8075	300285.0425	443306.32
496	294.2427348357814	5.834505	0	408275.1125	643953.1	469289.79000000004	592072.88	0	516873.7925	512830.82999999996	566998.91	516887.35	0	408275.1125	643953.1	469289.79000000004	592072.88
497	312.2531577048322	5.834302	0	433125.9675	695441.895	553034.1035	636348.7275	0	556662.38	557727.3375	616512.3425	587048.6335	0	433125.9675	695441.895	553034.1035	636348.7275
498	143.95903492360898	5.861638	0	277747.6325	348427.0525	205602.44	282426.9275	0	295232.20499999996	298706.81	224966.615	295298.4225	0	277747.6325	348427.0525	205602.44	282426.9275
499	252.12301481511108	5.840567	0	163291.7875	227538.245	214835.425	210210.76750000002	0	165316.5	212261.09	217569.71	220728.925	0	163291.7875	227538.245	214835.425	210210.76750000002
500	332.2194485496812	5.8459973	0	149432.2275	208421.6225	88497.6325	213276.58000000002	0	181794.65000000002	175451.3275	120097.3925	182284.6925	0	149432.2275	208421.6225	88497.6325	213276.58000000002
501	292.22703575997707	5.84768	0	150361.8425	172269.36	83678.82	228216.555	0	160019.175	159524.0325	143777.4775	171205.8925	0	150361.8425	172269.36	83678.82	228216.555
502	310.2375234111408	5.8475704	0	115211.1375	207446.76249999998	96311.8825	219636.1025	0	173518.27	184119.8025	96311.8825	184655.93	0	115211.1375	207446.76249999998	96311.8825	219636.1025
503	449.1489410686541	5.871483	0	211628.7625	275117.6075	227695.8275	125582.98999999999	0	193415.5125	131066.39249999999	244578.9925	270964.29	0	211628.7625	275117.6075	227695.8275	125582.98999999999
504	272.25839554395515	5.8737755	0	0.0	0.0	0.0	0.0	0	0.0	0.0	0.0	0.0	0	0.0	0.0	0.0	0.0
505	296.2947601331388	5.9000044	0	0.0	181987.3475	0.0	0.0	0	54673.53	50297.2775	38490.485	38526.055	0	0.0	181987.3475	0.0	0.0
506	326.30549554129107	5.896891	0	0.0	209657.09	0.0	0.0	0	63294.54	57227.68	47350.62	41784.25	0	0.0	209657.09	0.0	0.0
507	221.2264080088705	5.8978615	0	0.0	331003.5425	0.0	0.0	0	98321.97	83158.55	77622.2575	71900.765	0	0.0	331003.5425	0.0	0.0
508	172.67123231250238	5.8992777	0	0.0	674891.32	0.0	0.0	0	201646.235	178707.15	153609.825	140928.11	0	0.0	674891.32	0.0	0.0
509	296.25839163396074	5.908327	0	94664.435	164625.75	94465.825	155075.175	0	142712.415	120705.92	94465.825	150947.025	0	94664.435	164625.75	94465.825	155075.175
510	325.3212205559469	5.9160395	0	42102.265	8152478.625	30172.8525	36345.015	0	2441770.25	2144409.765	1907597.2275	1767321.515	0	42102.265	8152478.625	30172.8525	36345.015
511	343.3318631650809	5.9135127	0	42392.96	7978671.0	0.0	34958.21	0	2398184.75	2101003.46	1860616.875	1696217.085	0	42392.96	7978671.0	0.0	34958.21
512	262.1437785205197	5.924237	0	258798.215	253196.33000000002	255118.4875	255173.95750000002	0	253385.25	257134.2575	269058.21	242709.2725	0	258798.215	253196.33000000002	255118.4875	255173.95750000002
513	415.2114814142389	5.943798	0	143782.46000000002	137452.14	93257.20749999999	132434.8	0	137172.395	84862.1875	158689.7125	126202.3125	0	143782.46000000002	137452.14	93257.20749999999	132434.8
514	584.3221402298675	5.9528637	0	0.0	0.0	0.0	0.0	0	0.0	0.0	0.0	0.0	0	0.0	0.0	0.0	0.0
515	288.2896518531606	5.970138	0	181309.679	172461.3475	238855.7725	163097.73249999998	0	158715.3575	186550.864	182072.13999999998	228386.16999999998	0	181309.679	172461.3475	238855.7725	163097.73249999998
516	310.237556826648	6.014278	0	97718.0275	148436.4275	78226.375	170129.1775	0	144755.8825	124376.5325	78226.375	147151.2175	0	97718.0275	148436.4275	78226.375	170129.1775
517	332.2194484336296	5.9909577	0	88862.34	147009.3025	75547.3125	153419.28749999998	0	129497.7825	119214.375	75547.3125	140578.7725	0	88862.34	147009.3025	75547.3125	153419.28749999998
518	183.13801074306744	5.993996	0	209852.755	211661.22	213731.2175	222968.97999999998	0	216864.3425	210772.55	219549.64	211027.64	0	209852.755	211661.22	213731.2175	222968.97999999998
519	357.3111156358312	6.0125165	0	131892.01499999998	246830.065	130212.725	226310.09	0	221175.5	165689.34999999998	130212.725	218167.32	0	131892.01499999998	246830.065	130212.725	226310.09
520	294.24273024259674	6.011629	0	443166.57999999996	740781.415	562388.04	644795.2825	0	632232.33	552780.7825	599987.65	606130.5549999999	0	443166.57999999996	740781.415	562388.04	644795.2825
521	288.2532853770132	6.0098395	0	227948.88999999998	241616.065	224895.2125	240175.08750000002	0	239335.2975	237588.425	221418.27	236293.2625	0	227948.88999999998	241616.065	224895.2125	240175.08750000002
522	312.2531585167523	6.0118423	0	331342.94	568937.095	411222.105	487146.47	0	485079.335	412137.55	476894.79500000004	424536.93000000005	0	331342.94	568937.095	411222.105	487146.47
523	334.2350950722351	6.012409	0	242581.66499999998	448624.0525	262103.08250000002	390212.41000000003	0	356079.29	310716.9175	340881.66000000003	335843.34249999997	0	242581.66499999998	448624.0525	262103.08250000002	390212.41000000003
524	252.23219623348052	6.020227	0	438889.11750000005	586787.5	452163.88999999996	577563.0225	0	539136.91	503701.33749999997	503338.6075	509226.67500000005	0	438889.11750000005	586787.5	452163.88999999996	577563.0225
525	292.2259214293074	6.023593	0	272788.305	335289.32	224644.1875	333635.365	0	305860.07	288476.00250000006	282852.0	289169.105	0	272788.305	335289.32	224644.1875	333635.365
526	191.143069680763	6.0291653	0	977652.7625	1000499.765	952969.4400000001	929468.4775	0	978611.4375	932966.175	979161.0800000001	969851.7525	0	977652.7625	1000499.765	952969.4400000001	929468.4775
527	333.1670662396803	6.0539703	0	260536.8	256903.5525	260373.49250000002	254895.7475	0	253330.6625	269353.875	250924.05250000002	259101.0025	0	260536.8	256903.5525	260373.49250000002	254895.7475
528	239.21176637093663	6.069265	0	0.0	144801.35	0.0	0.0	0	74636.1875	31199.3175	38965.845	0.0	0	0.0	144801.35	0.0	0.0
529	253.2275042029709	6.069265	0	0.0	141669.9165	0.0	0.0	0	73240.65	31896.6465	36532.62	0.0	0	0.0	141669.9165	0.0	0.0
530	267.24313572572146	6.0699596	0	0.0	191852.65	0.0	0.0	0	82412.6875	35915.9	42337.48	31186.5825	0	0.0	191852.65	0.0	0.0
531	295.27438529491513	6.0718403	0	0.0	130255.57375000001	0.0	0.0	0	67202.1875	29428.40625	33624.98	0.0	0	0.0	130255.57375000001	0.0	0.0
532	310.23758486318854	6.0412955	0	92981.195	144013.76	75415.0	162772.03	0	140258.3775	117019.38500000001	75415.0	142489.2225	0	92981.195	144013.76	75415.0	162772.03
533	351.3368954772575	6.0714045	0	0.0	666641.305	0.0	0.0	0	297190.625	111622.335	152124.985	105703.36	0	0.0	666641.305	0.0	0.0
534	281.25871001695725	6.074478	0	0.0	227011.5	0.0	0.0	0	98520.6	40372.4375	51874.975	36243.4875	0	0.0	227011.5	0.0	0.0
535	369.3476031666722	6.0764613	0	0.0	1103381.0625	0.0	0.0	0	478142.6	197962.275	252220.3125	175055.875	0	0.0	1103381.0625	0.0	0.0
536	239.12535294727968	6.120522	0	312356.3275	338660.83	327944.18	331009.2575	0	313418.27	330036.9175	345990.97	320524.4375	0	312356.3275	338660.83	327944.18	331009.2575
537	288.2896507088678	6.1331744	0	406845.8075	476102.71749999997	799613.575	295779.1	0	309170.5425	570716.6224999999	459883.73	638570.3049999999	0	406845.8075	476102.71749999997	799613.575	295779.1
538	191.14306429408705	6.147363	0	425564.2875	416346.3725	429908.93	419619.9375	0	420866.895	435693.655	421746.2025	413132.775	0	425564.2875	416346.3725	429908.93	419619.9375
539	292.2254474095006	6.1744094	0	155267.5675	163680.715	90423.7425	238805.925	0	155711.40000000002	140091.41	148896.505	203478.635	0	155267.5675	163680.715	90423.7425	238805.925
540	252.23217881446183	6.1559	0	292161.8975	380451.0275	291078.6525	436836.1325	0	360407.60250000004	339619.61750000005	362884.69	337615.8	0	292161.8975	380451.0275	291078.6525	436836.1325
541	179.14299912493718	6.157826	0	702224.56	631949.1625	663426.0974999999	631316.1875	0	675512.595	646165.9375	674208.15	633029.325	0	702224.56	631949.1625	663426.0974999999	631316.1875
542	446.2537873096505	6.162129	0	536647.7474999999	446600.6975	338723.935	445746.6875	0	432865.365	383434.065	557685.1375	393734.5	0	536647.7474999999	446600.6975	338723.935	445746.6875
543	415.2115293436124	6.1612706	0	7728672.925	6310806.0	5229637.15	6457402.875	0	6353828.375	5285263.05	7788737.875	6298689.65	0	7728672.925	6310806.0	5229637.15	6457402.875
544	460.26939746038255	6.1612706	0	9302530.0	7119260.375	6092601.9	7859025.5	0	7529902.375	6468118.75	9044299.125	7331097.525	0	9302530.0	7119260.375	6092601.9	7859025.5
545	453.1675609073272	6.1613874	0	1002920.7125	776220.4199999999	658062.0700000001	818370.535	0	825078.4199999999	678995.435	957649.9500000001	793849.9325	0	1002920.7125	776220.4199999999	658062.0700000001	818370.535
546	437.1935163034005	6.1617937	0	3528185.8	2865027.0	2407895.85	2953169.125	0	2928475.6	2434632.9	3527817.075	2863352.2	0	3528185.8	2865027.0	2407895.85	2953169.125
547	432.2382395055417	6.1621585	0	1372441.48	1103542.1875	929568.615	1137274.325	0	1156619.19	946607.69	1367665.5625	1071934.165	0	1372441.48	1103542.1875	929568.615	1137274.325
548	281.13832629083095	6.1615686	0	241487.4125	174833.5	135044.035	220746.925	0	223896.935	116972.22	220977.9975	210264.72	0	241487.4125	174833.5	135044.035	220746.925
549	235.1328739430919	6.2006855	0	219950.0425	225905.9475	232103.9425	233483.32749999998	0	221321.63	226121.505	240234.4475	223765.6775	0	219950.0425	225905.9475	232103.9425	233483.32749999998
550	312.25314508050576	6.226966	0	72619.6875	138650.535	83892.07	101383.4075	0	98471.495	94986.01749999999	83892.07	119196.1175	0	72619.6875	138650.535	83892.07	101383.4075
551	357.31110409805046	6.230254	0	117353.7225	171488.415	88252.905	184667.75	0	157389.005	148360.945	88252.905	167759.9375	0	117353.7225	171488.415	88252.905	184667.75
552	294.242728090729	6.2302003	0	1570983.2	1840406.9249999998	1424438.2550000001	1960123.5150000001	0	1746618.2149999999	1741048.5150000001	1529103.69	1779181.475	0	1570983.2	1840406.9249999998	1424438.2550000001	1960123.5150000001
553	334.2351080526755	6.2303987	0	742690.065	929836.235	671070.45	962841.05	0	857066.74	850704.74	733085.7949999999	865580.525	0	742690.065	929836.235	671070.45	962841.05
554	277.21624371588206	6.2294664	0	102892.38500000001	138797.5875	77181.6875	155072.64625	0	134486.02125	117338.2425	77181.6875	144938.355	0	102892.38500000001	138797.5875	77181.6875	155072.64625
555	252.23219660637443	6.2477927	0	590190.2675	596769.1075	497998.7275	768707.3975	0	605941.9825	691868.0650000001	591661.2575	564194.1950000001	0	590190.2675	596769.1075	497998.7275	768707.3975
556	292.2252696076694	6.2495747	0	304463.915	328007.015	249958.55000000002	386458.71499999997	0	315787.60250000004	348660.57	327692.33499999996	276747.6875	0	304463.915	328007.015	249958.55000000002	386458.71499999997
557	298.273973241261	6.257521	0	151041.875	255065.475	160774.525	275987.395	0	225948.155	180042.285	199484.38	237394.45	0	151041.875	255065.475	160774.525	275987.395
558	316.28452670450105	6.25777	0	86110.0675	111766.34	87727.055	117948.99500000001	0	107847.05500000001	71208.445	87727.055	136769.9025	0	86110.0675	111766.34	87727.055	117948.99500000001
559	353.1018852543749	6.274214	0	0.0	0.0	97943.1975	0.0	0	0.0	47756.3175	0.0	50186.88	0	0.0	0.0	97943.1975	0.0
560	191.1430704714528	6.275312	0	437796.1625	431253.0175	439075.815	437584.235	0	431612.28500000003	441666.565	438670.3025	433760.0775	0	437796.1625	431253.0175	439075.815	437584.235
561	310.2375147473616	6.304998	0	174814.005	204893.3275	149640.895	267447.2375	0	201232.685	219582.6475	209530.305	166449.8275	0	174814.005	204893.3275	149640.895	267447.2375
562	332.21948751461485	6.2558866	0	42246.975	125647.7225	74696.9925	103845.0875	0	52394.5475	100945.86	74696.9925	118399.3775	0	42246.975	125647.7225	74696.9925	103845.0875
563	165.1274368199049	6.312107	0	466204.22250000003	464365.135	480098.685	484898.5325	0	457362.54500000004	478704.3525	475616.62	483883.0575	0	466204.22250000003	464365.135	480098.685	484898.5325
564	290.209013184855	6.3370147	0	195432.0725	264706.17	152763.175	257054.6675	0	220890.7825	186361.77250000002	218772.49749999997	243931.0325	0	195432.0725	264706.17	152763.175	257054.6675
565	268.22711146956004	6.3365884	0	362728.1875	500863.07999999996	351792.27	464173.7525	0	409782.245	404225.23	444419.65	421130.165	0	362728.1875	500863.07999999996	351792.27	464173.7525
566	336.2507648207029	6.3579316	0	111958.775	201253.705	141964.515	182655.725	0	180467.28	135885.075	141964.515	179515.85	0	111958.775	201253.705	141964.515	182655.725
567	314.26882273097965	6.3626904	0	87604.9675	157031.965	117272.975	150061.0025	0	138522.2	114562.16750000001	117272.975	141613.5675	0	87604.9675	157031.965	117272.975	150061.0025
568	296.2583688768961	6.3632283	0	119342.3125	222815.0575	163992.7	208085.28249999997	0	187130.71750000003	160696.66499999998	163992.7	202415.27	0	119342.3125	222815.0575	163992.7	208085.28249999997
569	437.1935364375627	6.3701577	0	157445.505	125533.1	50124.23	156062.96	0	141272.8825	79467.0775	121178.25	147247.585	0	157445.505	125533.1	50124.23	156062.96
570	415.2115227340845	6.3734756	0	219681.18	204056.5925	148184.4875	217091.12	0	195154.4775	149444.6325	243116.37	201297.9	0	219681.18	204056.5925	148184.4875	217091.12
571	460.2694316161412	6.372672	0	327204.70499999996	267174.9325	191102.3925	287435.07	0	273269.33	222383.03	312083.64	265181.1	0	327204.70499999996	267174.9325	191102.3925	287435.07
572	387.32181322693816	6.3749723	0	0.0	443315.4525	0.0	0.0	0	110417.64	122000.7575	86368.515	124528.54	0	0.0	443315.4525	0.0	0.0
573	205.1587816481748	6.428732	0	501405.405	430500.90750000003	504785.7325	500191.775	0	416453.5725	474585.8225	596089.1625	449755.2625	0	501405.405	430500.90750000003	504785.7325	500191.775
574	313.1333116321083	6.3895116	0	319297.625	363394.8825	346816.0	355643.51749999996	0	320235.005	347534.22	364711.98	352670.82	0	319297.625	363394.8825	346816.0	355643.51749999996
575	295.19037068996266	6.391417	0	482769.97	497978.945	493800.9275	502103.385	0	481257.46749999997	495405.0	505745.075	494245.685	0	482769.97	497978.945	493800.9275	502103.385
576	298.27399579993704	6.402541	0	211886.825	351605.475	247383.55250000002	349670.4225	0	297391.6725	262139.07	337302.9375	263712.595	0	211886.825	351605.475	247383.55250000002	349670.4225
577	316.2845335973712	6.4034486	0	139442.91749999998	307993.375	167876.05	298696.695	0	232439.7725	198784.375	247070.65999999997	235714.23	0	139442.91749999998	307993.375	167876.05	298696.695
578	355.29549805436665	6.418195	0	209573.125	379104.8825	267865.55	326429.33749999997	0	327872.45499999996	251598.1175	267865.55	335636.7725	0	209573.125	379104.8825	267865.55	326429.33749999997
579	310.2375608671963	6.4200974	0	119900.935	181760.0575	104374.7	179528.36250000002	0	153748.71	145754.46000000002	104374.7	181686.185	0	119900.935	181760.0575	104374.7	179528.36250000002
580	292.22704467898484	6.4174333	0	684737.145	1062143.8925	938380.7675	914298.3075	0	926978.4125	749509.01	1020107.9924999999	902964.6975	0	684737.145	1062143.8925	938380.7675	914298.3075
581	332.21950792799765	6.418396	0	666564.3975	1059164.43	904824.5249999999	877942.04	0	908088.665	725759.2825	986462.475	888184.97	0	666564.3975	1059164.43	904824.5249999999	877942.04
582	432.25122691838015	6.4199104	0	397115.55	285713.11250000005	498901.5675	480117.14249999996	0	264101.51	348680.8125	485105.925	563959.125	0	397115.55	285713.11250000005	498901.5675	480117.14249999996
583	387.1932306998695	6.4217615	0	1213379.795	1002235.8975	1184308.475	1124225.6	0	785298.9625	920464.345	1255200.4849999999	1563185.975	0	1213379.795	1002235.8975	1184308.475	1124225.6
584	167.0703061367253	6.4421043	0	487007.435	473136.11	477704.98250000004	469508.9475	0	499446.405	459731.055	478549.0475	469630.9675	0	487007.435	473136.11	477704.98250000004	469508.9475
585	205.15879050474925	6.4462075	0	537411.65	524216.375	522039.36	509687.995	0	531023.3025	506311.795	535049.5499999999	520970.7325	0	537411.65	524216.375	522039.36	509687.995
586	143.95903174422776	6.4775596	0	517017.34	422752.1	527151.46	546270.9850000001	0	523899.205	419232.82499999995	551048.785	519011.07	0	517017.34	422752.1	527151.46	546270.9850000001
587	459.2575690529686	6.475516	0	927868.3999999999	989907.015	909864.5	989746.5499999999	0	973834.415	1014397.7	954527.5	874626.85	0	927868.3999999999	989907.015	909864.5	989746.5499999999
588	295.11766573202925	6.474141	0	1033109.3500000001	1055071.8250000002	1014770.825	1070175.275	0	1099481.965	976508.11	1118542.675	978594.525	0	1033109.3500000001	1055071.8250000002	1014770.825	1070175.275
589	397.2009896033376	6.4746227	0	1335208.35	1338052.0150000001	1292797.4749999999	1350153.225	0	1389048.05	1293810.425	1359654.49	1273698.1	0	1335208.35	1338052.0150000001	1292797.4749999999	1350153.225
590	446.2537158790248	6.4746184	0	4402244.3	4749693.5	4788421.95	5162241.7	0	4890874.875	4863112.3	5143811.5	4204802.775	0	4402244.3	4749693.5	4788421.95	5162241.7
591	458.2541352057289	6.4746227	0	3098464.325	3071660.5	2796901.25	3135720.6	0	3110814.0	2974577.725	3194683.575	2822671.375	0	3098464.325	3071660.5	2796901.25	3135720.6
592	155.00282149560272	6.476029	0	624845.38	704731.4275	603319.6599999999	669124.05	0	699587.56	626150.865	695234.79	581047.3025	0	624845.38	704731.4275	603319.6599999999	669124.05
593	462.2483925255929	6.4760194	0	625654.015	668685.535	704345.3374999999	702657.9225	0	689369.1875	658615.365	742850.46	610507.7975	0	625654.015	668685.535	704345.3374999999	702657.9225
594	514.1287168346863	6.475101	0	1806740.3250000002	1996738.525	1728142.1125	1850293.55	0	1898018.675	1790118.875	1967330.9	1726446.0625	0	1806740.3250000002	1996738.525	1728142.1125	1850293.55
595	281.1383693313498	6.475101	0	4275546.8	4554781.375	4057310.675	4396361.75	0	4452999.8	4163608.75	4587923.925	4079468.125	0	4275546.8	4554781.375	4057310.675	4396361.75
596	437.1931559693761	6.475098	0	30209015.5	32619136.0	31064048.0	31956666.0	0	32585492.0	31675645.0	32859444.5	28728284.0	0	30209015.5	32619136.0	31064048.0	31956666.0
597	415.21186595855625	6.475101	0	140055183.0	145783262.5	131437988.5	142674655.0	0	144369266.5	134347914.0	150667771.0	130566137.5	0	140055183.0	145783262.5	131437988.5	142674655.0
598	453.1676406788233	6.475098	0	8390501.25	8707005.875	8553444.125	8828520.375	0	8982914.25	8639209.25	8925875.5	7931472.625	0	8390501.25	8707005.875	8553444.125	8828520.375
599	460.2693369058903	6.475098	0	72876760.0	71865888.0	72739430.5	75909561.5	0	76976078.0	73053542.5	75452362.0	67909657.5	0	72876760.0	71865888.0	72739430.5	75909561.5
600	502.27994664277793	6.475098	0	1447023.55	1532741.625	1419045.575	1489651.6	0	1543815.325	1453017.8	1547816.7	1343812.525	0	1447023.55	1532741.625	1419045.575	1489651.6
601	476.2641795452677	6.475064	0	995348.1725	1004016.225	992279.8775000001	1093887.35	0	1089090.8	1029648.8225	1001989.165	964802.8375	0	995348.1725	1004016.225	992279.8775000001	1093887.35
602	135.08048270527723	6.475101	0	1734876.7	1789797.8	1591396.375	1769493.5	0	1786203.25	1638772.175	1831175.9249999998	1629413.025	0	1734876.7	1789797.8	1591396.375	1769493.5
603	846.442765851628	6.475101	0	5729092.575	5196304.125	4168514.425	4970983.75	0	4891649.275	4331175.5	5633686.075	5208384.025	0	5729092.575	5196304.125	4168514.425	4970983.75
604	432.2383782278088	6.475577	0	67816375.0	71843623.5	63519006.0	70162608.5	0	71029733.5	65192487.5	73108838.5	64010553.5	0	67816375.0	71843623.5	63519006.0	70162608.5
605	867.3718162381239	6.4748735	0	1698529.025	1552592.525	1351712.88	1564102.085	0	1585716.475	1284940.675	1792870.975	1503408.3900000001	0	1698529.025	1552592.525	1351712.88	1564102.085
606	851.3980549416357	6.475101	0	6034692.7	5522056.25	4686810.525	5559601.75	0	5437253.0	4943960.825	5963814.05	5458133.35	0	6034692.7	5522056.25	4686810.525	5559601.75
607	483.2490510233324	6.475577	0	1365643.925	1552058.225	1399631.75	1523282.5	0	1526115.925	1454922.325	1531502.85	1328075.3	0	1365643.925	1552058.225	1399631.75	1523282.5
608	268.2271204913493	6.4866247	0	475764.11	648231.5925	401985.105	586487.98	0	553143.0975	532552.685	535512.5974999999	491260.4075	0	475764.11	648231.5925	401985.105	586487.98
609	231.13554591542228	6.492123	0	45451.805	36058.8	49347.0975	31553.5425	0	31553.5425	45451.805	36058.8	49347.0975	0	45451.805	36058.8	49347.0975	31553.5425
610	294.2427306034881	6.5301886	0	863353.085	925470.9750000001	790629.1849999999	1036589.68	0	901210.9650000001	916735.005	864900.8500000001	933196.105	0	863353.085	925470.9750000001	790629.1849999999	1036589.68
611	334.23510911449307	6.531458	0	393872.675	458770.655	370561.63499999995	518023.375	0	443569.04	426692.95	401487.45999999996	469478.89	0	393872.675	458770.655	370561.63499999995	518023.375
612	302.3052769383388	6.528524	0	129007.225	170947.15	223350.755	70852.8825	0	157817.885	131066.38500000001	84184.1725	221089.57	0	129007.225	170947.15	223350.755	70852.8825
613	303.30865933066343	6.5318184	0	0.0	0.0	0.0	0.0	0	0.0	0.0	0.0	0.0	0	0.0	0.0	0.0	0.0
614	432.2383110114873	6.494963	0	27428337.4	79076661.0	28422161.68	60235686.9375	0	32717288.0875	56689816.53	57599510.275	48156232.125	0	27428337.4	79076661.0	28422161.68	60235686.9375
615	460.26933714549256	6.480669	0	77039948.0	78086038.0	76743629.0	83231947.0	0	81461747.5	82195233.0	79565735.0	71878846.5	0	77039948.0	78086038.0	76743629.0	83231947.0
616	253.1410326243471	6.548588	0	245296.67	246551.915	252356.0525	243103.8375	0	244194.4725	250227.0775	247745.0125	245141.9125	0	245296.67	246551.915	252356.0525	243103.8375
617	160.18085172896394	6.547663	0	451155.9825	0.0	420229.15	409741.46249999997	0	311908.2525	331912.01749999996	307416.435	329889.89	0	451155.9825	0.0	420229.15	409741.46249999997
618	332.2194483754919	6.560823	0	241420.8425	361235.26249999995	302326.47750000004	356786.7825	0	321752.1425	279202.98	370737.8375	290076.405	0	241420.8425	361235.26249999995	302326.47750000004	356786.7825
619	310.237506173614	6.5583463	0	418648.0525	692999.2675	653602.705	602137.105	0	584012.98	507305.785	712061.1925	564007.1725	0	418648.0525	692999.2675	653602.705	602137.105
620	453.167454087942	6.569962	0	274832.06	283553.04500000004	129490.56	2054116.2025	0	2097078.7375	194804.23249999998	247170.64750000002	202938.25	0	274832.06	283553.04500000004	129490.56	2054116.2025
621	417.344897723817	6.591238	0	276852.4925	297136.535	290582.46749999997	274234.5575	0	289775.395	277215.155	283967.18999999994	287848.3125	0	276852.4925	297136.535	290582.46749999997	274234.5575
622	437.1934632922845	6.593208	0	1198061.8900000001	1116666.81	831253.825	1005457.65	0	1041215.15	815869.25	1161685.335	1132670.44	0	1198061.8900000001	1116666.81	831253.825	1005457.65
623	415.2114658166026	6.593625	0	3063286.05	2812951.475	2139139.035	2569769.25	0	2602059.7	2095511.225	3002850.125	2884724.76	0	3063286.05	2812951.475	2139139.035	2569769.25
624	336.25072207313895	6.6066155	0	81163.425	143257.16999999998	76579.22	107731.2625	0	93894.13500000001	113641.54250000001	76579.22	124616.18	0	81163.425	143257.16999999998	76579.22	107731.2625
625	205.15873206860525	6.6115537	0	377964.7625	368479.7175	349407.35	357598.31	0	358780.85250000004	360043.96499999997	370930.355	363694.9675	0	377964.7625	368479.7175	349407.35	357598.31
626	278.2478886408863	6.704781	0	721522.5675	448247.335	571911.9225	512432.28	0	543903.8200000001	490352.27499999997	676415.98	543442.03	0	721522.5675	448247.335	571911.9225	512432.28
627	290.20897906812536	6.638153	0	150092.245	274752.8825	124121.875	238034.485	0	202658.275	194955.9225	155755.4525	233631.8375	0	150092.245	274752.8825	124121.875	238034.485
628	268.2271027636438	6.6388483	0	303368.064	383493.7925	219867.5675	390053.71749999997	0	306211.08499999996	343936.534	319511.06	327124.4625	0	303368.064	383493.7925	219867.5675	390053.71749999997
629	282.16998718269264	6.6588383	0	380914.95499999996	405943.41000000003	383086.095	392240.095	0	390084.4625	401667.315	389837.8475	380594.93	0	380914.95499999996	405943.41000000003	383086.095	392240.095
630	288.25326552199243	6.6647534	0	566362.775	548430.575	583967.065	603678.575	0	580659.195	573073.19	576975.8099999999	571730.795	0	566362.775	548430.575	583967.065	603678.575
631	337.1044726943056	6.6774993	0	216535.9	209565.43	228804.78	207044.895	0	212929.04499999998	220181.9975	205710.4725	223129.49	0	216535.9	209565.43	228804.78	207044.895
632	205.15874870330245	6.6712785	0	207464.825	207611.585	246989.66749999998	245810.7	0	208916.8775	211204.02	198797.34999999998	288958.53	0	207464.825	207611.585	246989.66749999998	245810.7
633	278.2478879287041	6.723265	0	682753.6	442959.7825	522610.7425	777258.74	0	518518.9225	776740.05	604255.5175	526068.375	0	682753.6	442959.7825	522610.7425	777258.74
634	318.2402355273888	6.724229	0	300403.5225	146246.5375	167963.7975	303378.57999999996	0	191694.0275	326873.29000000004	217384.3175	182040.8025	0	300403.5225	146246.5375	167963.7975	303378.57999999996
635	310.2374836872104	6.72865	0	363973.47375	677699.26	621457.5925	518253.1975	0	538306.4225	426152.11374999996	703405.1625000001	513519.82499999995	0	363973.47375	677699.26	621457.5925	518253.1975
636	332.219453318548	6.729878	0	122029.505	276950.12	231143.45	213049.8175	0	223801.245	158364.2125	231143.45	229863.985	0	122029.505	276950.12	231143.45	213049.8175
637	355.29558519334574	6.7269764	0	39520.87	135538.5025	113504.7425	78558.04250000001	0	68451.125	72426.495	113504.7425	112739.79500000001	0	39520.87	135538.5025	113504.7425	78558.04250000001
638	432.2381699574899	6.768505	0	175883.7825	165185.6125	143171.54	108928.895	0	143189.7925	123402.0475	188300.9	138277.09	0	175883.7825	165185.6125	143171.54	108928.895
639	453.1674351966384	6.769598	0	145099.3125	130731.4975	59299.535	34446.85	0	97089.29000000001	39500.7225	116842.0375	116145.14499999999	0	145099.3125	130731.4975	59299.535	34446.85
640	460.26943951421634	6.7681794	0	1223526.0025	1006990.4475	759222.3575	739692.2625	0	944315.765	763544.135	1078270.5275	943300.6425	0	1223526.0025	1006990.4475	759222.3575	739692.2625
641	316.3208789218146	6.763233	0	0.0	31135.56	88051.4025	0.0	0	0.0	74243.2825	0.0	44943.68	0	0.0	31135.56	88051.4025	0.0
642	437.1935332740327	6.7681794	0	691035.77	574064.76	437052.1865	410030.5875	0	528071.55	421279.5825	633737.2324999999	529094.939	0	691035.77	574064.76	437052.1865	410030.5875
643	415.2114918006226	6.769128	0	962352.1100000001	819791.55	617309.375	601646.435	0	751900.8525	602075.755	893460.59	753662.2725	0	962352.1100000001	819791.55	617309.375	601646.435
644	292.2263108961337	6.7442446	0	0.0	78089.9825	81684.845	46580.5675	0	47053.7075	46580.5675	81684.845	31036.275	0	0.0	78089.9825	81684.845	46580.5675
645	336.2507555384961	6.7969456	0	187519.45	167864.555	117690.86750000001	219894.75	0	209445.39750000002	174870.20249999998	128597.15	180056.8725	0	187519.45	167864.555	117690.86750000001	219894.75
646	233.1899974593377	6.798597	0	242990.35499999998	238898.4575	233667.415	241114.315	0	245591.62	227026.035	234720.155	249332.73249999998	0	242990.35499999998	238898.4575	233667.415	241114.315
647	314.26882700293174	6.80389	0	370463.58999999997	305709.715	292218.21499999997	446652.90249999997	0	348741.06	383342.845	346741.945	336218.5725	0	370463.58999999997	305709.715	292218.21499999997	446652.90249999997
648	278.24789818195745	6.788806	0	350001.405	448247.335	261770.3175	448527.42500000005	0	300841.6175	454031.6925	381594.22000000003	372078.9525	0	350001.405	448247.335	261770.3175	448527.42500000005
649	296.25836691052103	6.8292675	0	285726.6975	180526.2325	184094.9325	315984.44	0	241636.3675	282551.075	206646.49	235498.37	0	285726.6975	180526.2325	184094.9325	315984.44
650	320.25588476211334	6.8166585	0	151099.33250000002	156927.6275	85812.04	168101.7725	0	135104.0675	143593.03749999998	119747.3325	163496.335	0	151099.33250000002	156927.6275	85812.04	168101.7725
651	280.263479224281	6.81771	0	385787.5825	440216.94	358739.065	469901.22	0	392018.90249999997	427062.5725	421324.4525	414238.88	0	385787.5825	440216.94	358739.065	469901.22
652	270.2427602355088	6.867061	0	245293.0525	359735.36	253656.6425	362449.675	0	308063.0525	280669.345	320781.1225	311621.21	0	245293.0525	359735.36	253656.6425	362449.675
653	252.23219135446652	6.8777027	0	182720.35249999998	268602.0925	145228.9	241707.5525	0	199762.945	184857.39500000002	217393.865	236244.6925	0	182720.35249999998	268602.0925	145228.9	241707.5525
654	292.22468385805183	6.868029	0	270190.58999999997	404411.59750000003	268890.5575	394388.5325	0	332562.9975	307674.8775	339021.1875	358622.215	0	270190.58999999997	404411.59750000003	268890.5575	394388.5325
655	316.22461937445735	6.8837504	0	226022.28875	206135.2975	155136.8975	282306.6775	0	202213.13749999998	269027.79125	194680.7425	203679.49	0	226022.28875	206135.2975	155136.8975	282306.6775
656	294.24273173305073	6.882709	0	399664.315	342827.1875	266629.9875	479316.39	0	336481.48750000005	461293.9425	339871.20499999996	350791.245	0	399664.315	342827.1875	266629.9875	479316.39
657	297.08241915283327	6.8824773	0	63241.2575	135081.0	99144.08249999999	34822.7975	0	63058.7725	66666.9175	99278.655	103284.79250000001	0	63241.2575	135081.0	99144.08249999999	34822.7975
658	296.25835892265474	6.8707757	0	295151.8075	162758.0525	226160.21	305477.8125	0	259622.17	301697.11	253500.3975	174728.205	0	295151.8075	162758.0525	226160.21	305477.8125
659	415.21149383449085	6.8744245	0	286781.2675	247947.45750000002	186406.535	204731.16	0	238618.465	203568.04	266678.435	217001.48	0	286781.2675	247947.45750000002	186406.535	204731.16
660	316.32089897908486	6.9085712	0	233976.3425	242165.32749999998	297535.115	120019.345	0	172391.575	183086.945	187892.185	350325.42500000005	0	233976.3425	242165.32749999998	297535.115	120019.345
661	310.23749268360854	6.934843	0	0.0	65611.6175	96155.5625	0.0	0	65611.6175	0.0	96155.5625	0.0	0	0.0	65611.6175	96155.5625	0.0
662	270.24276443049683	6.878293	0	252634.73249999998	388714.365	171390.03	288335.97	0	322048.4175	204134.53	238514.51	336377.64	0	252634.73249999998	388714.365	171390.03	288335.97
663	292.22492970331314	6.9107447	0	237105.48750000002	326072.1	259596.9325	337388.7375	0	306906.7275	233713.5625	332755.99	286786.97750000004	0	237105.48750000002	326072.1	259596.9325	337388.7375
664	452.2772546773495	6.949969	0	0.0	5063126.75	0.0	0.0	0	1460334.375	1245769.625	1238281.0	1118741.75	0	0.0	5063126.75	0.0	0.0
665	147.04405125038554	6.9537196	0	397576.10250000004	380162.225	403055.77	383336.0525	0	386117.6375	385344.61	396616.755	396051.14749999996	0	397576.10250000004	380162.225	403055.77	383336.0525
666	221.11723277543297	6.954304	0	614970.4475	601179.995	643538.79	599110.265	0	613960.4875	620824.985	597820.065	626193.96	0	614970.4475	601179.995	643538.79	599110.265
667	334.2350730386691	7.0008445	0	116395.5675	248845.3575	165698.0625	232869.495	0	197872.1025	184143.8875	165698.0625	216094.43	0	116395.5675	248845.3575	165698.0625	232869.495
668	296.25835969923486	6.9762893	0	186103.91	56106.97	161612.3775	230106.28999999998	0	160335.6775	164737.41999999998	156440.7525	152415.6975	0	186103.91	56106.97	161612.3775	230106.28999999998
669	343.33183166571195	6.986306	0	554626.38	1725584.05	557433.685	695939.075	0	971365.185	819031.5499999999	855818.8025	887367.6525000001	0	554626.38	1725584.05	557433.685	695939.075
670	263.2369875948153	6.986966	0	466247.59	602144.9625	506968.855	621809.025	0	532014.6525	558894.1475	570327.965	535933.6675	0	466247.59	602144.9625	506968.855	621809.025
671	280.2635084821557	6.986966	0	4537754.725	5792656.075	4938162.4	5852017.45	0	5123894.0	5281965.925	5449760.2	5264970.525	0	4537754.725	5792656.075	4938162.4	5852017.45
672	181.15870013803183	6.987112	0	906643.215	902851.585	938545.4	894069.6725	0	922876.8525	893839.86	910165.3225	915227.8375	0	906643.215	902851.585	938545.4	894069.6725
673	320.2559033459651	6.987164	0	1978410.7	2474850.05	2041683.3599999999	2521759.8	0	2180683.625	2265146.55	2255981.8000000003	2314891.935	0	1978410.7	2474850.05	2041683.3599999999	2521759.8
674	245.22633832226964	6.9874454	0	38929.7575	138397.75	72289.72	109656.0325	0	92249.4725	113008.315	72289.72	81725.7525	0	38929.7575	138397.75	72289.72	109656.0325
675	336.22978852141847	6.9884267	0	116001.845	167574.34	81986.875	155162.99	0	140207.0225	128756.865	81986.875	169775.2875	0	116001.845	167574.34	81986.875	155162.99
676	293.1746587237781	7.0202794	0	247433.9375	248925.8725	240027.70500000002	245035.85749999998	0	259334.60749999998	239874.1925	237922.7475	244291.825	0	247433.9375	248925.8725	240027.70500000002	245035.85749999998
677	334.23508185863034	7.02298	0	134826.8175	257815.8275	165693.6875	205008.72	0	206842.57249999998	160858.7025	165693.6875	229950.09	0	134826.8175	257815.8275	165693.6875	205008.72
678	189.12736272826623	7.0533442	0	740496.495	740455.0625	748090.9025	777153.925	0	741753.025	744125.0625	765992.3999999999	754325.8975	0	740496.495	740455.0625	748090.9025	777153.925
679	294.2427494453604	7.064968	0	350040.24	298863.19999999995	268960.59750000003	386258.685	0	299058.37	378223.70499999996	319552.315	307288.3325	0	350040.24	298863.19999999995	268960.59750000003	386258.685
680	316.2246104969398	7.0698376	0	174165.22749999998	91795.55	69462.74250000001	187235.33500000002	0	93557.7	191084.16999999998	133446.235	104570.75	0	174165.22749999998	91795.55	69462.74250000001	187235.33500000002
681	299.3056186655534	7.071077	0	399131.4625	378388.495	377931.89749999996	361636.41500000004	0	356204.15750000003	395173.33999999997	377132.63749999995	388578.135	0	399131.4625	378388.495	377931.89749999996	361636.41500000004
682	200.2010197896562	7.1004148	0	501079.45499999996	457065.37	471758.0925	540791.38	0	446358.5375	554985.6075	502815.7325	466534.42	0	501079.45499999996	457065.37	471758.0925	540791.38
683	334.23508734773924	7.050813	0	134826.8175	261223.005	116690.72	231314.6575	0	220015.96	173256.325	116690.72	234092.195	0	134826.8175	261223.005	116690.72	231314.6575
684	263.236993228459	7.146596	0	349718.6625	477287.1425	430071.6075	454760.02499999997	0	433724.96499999997	423059.385	416767.29500000004	438285.7925	0	349718.6625	477287.1425	430071.6075	454760.02499999997
685	343.3318263660888	7.1391563	0	360132.505	481648.235	418110.895	463007.9275	0	414652.1275	427189.6475	401038.545	480019.2425	0	360132.505	481648.235	418110.895	463007.9275
686	280.26352538546666	7.132053	0	3357456.5	4551480.175	3488925.625	4411420.125	0	3926682.225	3903145.65	4006496.55	3972958.0	0	3357456.5	4551480.175	3488925.625	4411420.125
687	320.25590961237367	7.132053	0	1438075.69	1928023.4500000002	1442823.3275	1897043.94	0	1668173.5875000001	1690402.0	1643469.23	1703921.59	0	1438075.69	1928023.4500000002	1442823.3275	1897043.94
688	327.33685164995	7.1559405	0	0.0	1286129.06	0.0	0.0	0	440138.875	209951.485	332015.5	304023.2	0	0.0	1286129.06	0.0	0.0
689	243.1355569980372	7.158649	0	249808.45	256788.5075	248831.555	262752.33999999997	0	270741.645	240104.69	257432.19	249902.3275	0	249808.45	256788.5075	248831.555	262752.33999999997
690	296.2583749307736	7.183733	0	577299.61	572863.87	463364.39	680259.79	0	525738.8200000001	632670.8775	569969.8475	565408.115	0	577299.61	572863.87	463364.39	680259.79
691	318.24029357689943	7.1886077	0	326829.23	310367.7425	275577.0975	391432.21749999997	0	287957.5125	391289.6125	312551.21499999997	312407.9475	0	326829.23	310367.7425	275577.0975	391432.21749999997
692	371.3268523176458	7.1890693	0	0.0	935731.4	0.0	0.0	0	301525.15	202515.015	176296.61	255394.625	0	0.0	935731.4	0.0	0.0
693	316.22466909156867	7.1924653	0	117648.265	36288.3075	0.0	89398.625	0	37096.5275	89398.625	38528.805	78311.24	0	117648.265	36288.3075	0.0	89398.625
694	294.2427466627238	7.194549	0	224103.185	201587.9975	122811.685	278550.9775	0	184246.095	262608.45999999996	206611.09	173588.2	0	224103.185	201587.9975	122811.685	278550.9775
695	343.3318337467016	7.2212334	0	799583.2	792356.825	651814.94	1020940.9125	0	745192.3125	920923.7625	776926.4249999999	821653.3775	0	799583.2	792356.825	651814.94	1020940.9125
696	280.26352792680905	7.221622	0	4435653.875	4562121.05	3871916.75	5586344.825	0	4239790.125	5052459.825	4537760.25	4626026.3	0	4435653.875	4562121.05	3871916.75	5586344.825
697	263.23699518656014	7.2241635	0	461234.5075	479335.0825	405502.9525	590742.73	0	438901.0575	535476.2525	472106.1925	490331.77	0	461234.5075	479335.0825	405502.9525	590742.73
698	267.1719834648081	7.239777	0	267617.845	190901.2375	274924.2325	248526.4025	0	272537.8625	254812.4075	249162.15	205457.2975	0	267617.845	190901.2375	274924.2325	248526.4025
699	320.255908743553	7.244907	0	1650201.365	1727208.325	1546685.825	2091983.3250000002	0	1667495.925	1921124.69	1697127.975	1730330.25	0	1650201.365	1727208.325	1546685.825	2091983.3250000002
700	330.3365244350205	7.271383	0	3251498.65	2983006.05	3055663.575	3187379.025	0	3041644.15	3052957.9	2967600.95	3415344.3	0	3251498.65	2983006.05	3055663.575	3187379.025
701	331.339865846617	7.270655	0	719885.4475	649695.0475	684136.835	727453.05	0	654882.6625	697372.2225	650606.9349999999	778308.56	0	719885.4475	649695.0475	684136.835	727453.05
702	296.25838898306193	7.285304	0	843356.895	1442603.725	858830.8	1004196.4099999999	0	850696.805	873555.61	1336788.25	1087947.165	0	843356.895	1442603.725	858830.8	1004196.4099999999
703	341.3162109905804	7.3233814	0	279147.77749999997	429003.1125	234540.0075	547407.015	0	317240.64749999996	449152.38	341323.7925	382381.0925	0	279147.77749999997	429003.1125	234540.0075	547407.015
704	318.240320749079	7.293659	0	488844.495	1196140.865	465459.645	592023.7	0	480084.19	517471.0725	463600.465	1281312.9775	0	488844.495	1196140.865	465459.645	592023.7
705	191.08554924065305	7.2941813	0	407638.73250000004	427456.8825	396892.9	422466.0675	0	419633.9525	407723.72	399224.755	427872.155	0	407638.73250000004	427456.8825	396892.9	422466.0675
706	374.36287926307415	7.2969317	0	252133.8	261613.215	227728.5	243152.21	0	233702.6875	241102.9475	226728.3025	283093.7875	0	252133.8	261613.215	227728.5	243152.21
707	267.1954406011626	7.30397	0	243450.1175	267475.5275	246235.1625	238449.5325	0	240077.05	267858.9375	245076.1475	242598.20500000002	0	243450.1175	267475.5275	246235.1625	238449.5325
708	286.3104171089996	7.30781	0	445678.8975	484399.0925	472939.7875	452804.9425	0	445826.2525	478747.46	456754.2	474494.8075	0	445678.8975	484399.0925	472939.7875	452804.9425
709	267.1720056584763	7.2816463	0	254389.725	229836.9625	257548.9	272860.97250000003	0	265237.6175	249775.16999999998	265786.9125	233836.86	0	254389.725	229836.9625	257548.9	272860.97250000003
710	279.2319246285764	7.337693	0	239623.24	384781.98250000004	248006.5075	331740.97375	0	299747.7	271716.6575	335926.59125	296761.755	0	239623.24	384781.98250000004	248006.5075	331740.97375
711	296.2584014292205	7.338984	0	3480381.2	5084829.875	4045807.6	4525458.55	0	4131433.075	3978263.575	4688238.05	4338542.525	0	3480381.2	5084829.875	4045807.6	4525458.55
712	318.24029121238505	7.338984	0	1792385.585	2664737.05	2043936.145	2388118.5	0	2186052.425	2091024.21	2368503.15	2243597.495	0	1792385.585	2664737.05	2043936.145	2388118.5
713	341.31620704625743	7.338984	0	618426.3	851298.6625	692946.91	835426.8025	0	728672.895	720311.84	801484.765	747629.175	0	618426.3	851298.6625	692946.91	835426.8025
714	334.2141320697203	7.3395934	0	139188.9025	227439.96499999997	123752.655	198198.8125	0	184435.15	165411.96999999997	123752.655	214980.56	0	139188.9025	227439.96499999997	123752.655	198198.8125
715	280.26352740657927	7.36664	0	968730.25	1297109.6	1034048.165	1343561.975	0	1094438.935	1219657.5625	1180734.5625	1148618.9300000002	0	968730.25	1297109.6	1034048.165	1343561.975
716	245.17471107165488	7.41518	0	213398.015	205285.275	218318.505	216570.89	0	213819.055	209118.74	218423.4225	212211.4675	0	213398.015	205285.275	218318.505	216570.89
717	267.1567164908881	7.4136453	0	255996.3325	247007.5525	245543.7925	252102.3625	0	252375.705	239136.35499999998	254374.12	254763.86	0	255996.3325	247007.5525	245543.7925	252102.3625
718	203.14309121257767	7.4172854	0	595129.5175000001	605899.575	591796.85	625785.9875	0	616508.63	588177.2725	611153.2150000001	602772.8125	0	595129.5175000001	605899.575	591796.85	625785.9875
719	226.21652618212548	7.435591	0	988195.3500000001	622177.2475	775794.885	1103653.8	0	738075.0675	1130459.35	874856.9650000001	746429.9	0	988195.3500000001	622177.2475	775794.885	1103653.8
720	466.2929857214257	7.4369073	0	0.0	456096.60500000004	0.0	0.0	0	112748.155	132737.39	99333.085	111277.975	0	0.0	456096.60500000004	0.0	0.0
721	243.1355643708432	7.449057	0	1141756.575	1154695.725	1135034.8	1135568.4749999999	0	1122637.5	1172598.875	1141487.45	1130331.75	0	1141756.575	1154695.725	1135034.8	1135568.4749999999
722	266.2114906846188	7.4494386	0	112453.6625	160683.1225	116502.6725	157524.805	0	150207.255	163552.41999999998	78633.66750000001	154770.91999999998	0	112453.6625	160683.1225	116502.6725	157524.805
723	296.25842005795874	7.4976473	0	5652870.775	7892748.3	4987948.225	5972791.75	0	6399479.25	4496605.95	6648044.5	6962229.35	0	5652870.775	7892748.3	4987948.225	5972791.75
724	211.16933080861503	7.484171	0	1888004.5	1805255.325	1780161.025	1832147.775	0	1789426.525	1775838.15	1817710.525	1922593.4249999998	0	1888004.5	1805255.325	1780161.025	1832147.775
725	311.25793830163906	7.4861727	0	0.0	419594.70499999996	0.0	0.0	0	111903.155	108670.665	98365.915	100654.97	0	0.0	419594.70499999996	0.0	0.0
726	296.25841748379395	7.5023413	0	5384166.1	7134890.5	5300980.475	6809233.125	0	5812503.875	5713017.3	6398085.925	6705663.1	0	5384166.1	7134890.5	5300980.475	6809233.125
727	318.24029051703894	7.5023413	0	3284499.15	4304055.45	3182103.375	4078883.225	0	3547454.1	3400253.725	3802401.775	4099431.6	0	3284499.15	4304055.45	3182103.375	4078883.225
728	341.31621137543823	7.5023413	0	1505693.5	1931995.625	1405833.8075	1866690.2374999998	0	1588121.525	1572918.5499999998	1678662.0375	1870511.0574999999	0	1505693.5	1931995.625	1405833.8075	1866690.2374999998
729	334.2141424506415	7.503969	0	255541.19	357003.9425	156786.15	353845.0475	0	277177.8275	222672.36000000002	298884.59750000003	324441.545	0	255541.19	357003.9425	156786.15	353845.0475
730	279.23190199273864	7.5032687	0	459807.57999999996	609036.3425	474285.57500000007	593940.4525	0	494397.3425	496444.9575	579697.4425	566530.2075	0	459807.57999999996	609036.3425	474285.57500000007	593940.4525
731	195.17439732551304	7.5284534	0	457091.715	461305.22750000004	454644.9925	457329.1825	0	460901.0325	452422.925	449028.14	468019.02	0	457091.715	461305.22750000004	454644.9925	457329.1825
732	282.2790925118752	7.58147	0	260514.5975	286606.7825	254918.41	300708.355	0	255037.2075	300346.9575	268617.24	278746.74	0	260514.5975	286606.7825	254918.41	300708.355
733	454.2928508430372	7.5914464	0	108018.85250000001	289471.7925	173847.865	116936.85250000001	0	200673.70500000002	213586.15	115424.4275	158591.08	0	108018.85250000001	289471.7925	173847.865	116936.85250000001
734	195.1743923108885	7.5998006	0	968263.4875	987885.8525	988541.815	1001717.7949999999	0	998256.485	997002.7125	968389.0225	982760.73	0	968263.4875	987885.8525	988541.815	1001717.7949999999
735	259.16692416041457	7.6397796	0	253143.2775	236160.5475	233336.53	266631.955	0	257342.35249999998	249839.3275	244137.88	237952.75	0	253143.2775	236160.5475	233336.53	266631.955
736	334.21415560376664	7.6502047	0	201167.93	254935.8775	126921.175	239067.275	0	229174.1425	189936.41999999998	165155.14750000002	237826.5475	0	201167.93	254935.8775	126921.175	239067.275
737	341.316212127872	7.6507044	0	1299232.2125	1655926.725	1142126.1925000001	1603119.075	0	1512456.7	1371255.0725	1293433.5250000001	1523258.9075	0	1299232.2125	1655926.725	1142126.1925000001	1603119.075
738	296.2584114560049	7.650954	0	4920295.425	6696399.2	4739365.649999999	6149808.0	0	5848973.925	5312728.75	5429832.5	5914333.1	0	4920295.425	6696399.2	4739365.649999999	6149808.0
739	279.2318794929936	7.650259	0	293529.2625	434109.7625	303424.80000000005	400128.9725	0	381049.21749999997	325681.27	366299.2325	358163.0775	0	293529.2625	434109.7625	303424.80000000005	400128.9725
740	318.24028893143503	7.6510897	0	2770600.725	3686110.85	2568884.265	3366520.25	0	3263513.875	2956605.1	2930393.975	3241603.14	0	2770600.725	3686110.85	2568884.265	3366520.25
741	262.1437564302339	7.664284	0	275702.93	280559.4475	266504.32999999996	274140.0775	0	280946.39	279610.0025	262292.635	274057.7575	0	275702.93	280559.4475	266504.32999999996	274140.0775
742	195.1743959335095	7.686175	0	575146.3400000001	560375.3375	564583.5675	556089.7150000001	0	546173.3425	565836.2	580843.8875	563341.53	0	575146.3400000001	560375.3375	564583.5675	556089.7150000001
743	282.2790708469443	7.7012553	0	237962.47	247713.2425	222958.5325	289300.28250000003	0	239058.91	266816.8825	252097.16	239961.575	0	237962.47	247713.2425	222958.5325	289300.28250000003
744	298.27401604088186	7.73662	0	336242.1625	405934.395	331042.6215	367776.48	0	352694.5625	341026.405	373337.0775	373937.614	0	336242.1625	405934.395	331042.6215	367776.48
745	320.2558787168816	7.754945	0	191577.055	272047.495	203224.8625	250073.2025	0	231689.825	202967.68	262068.7175	220196.39250000002	0	191577.055	272047.495	203224.8625	250073.2025
746	304.2481271422823	7.7238774	0	832490.745	784176.75	845694.1525	850798.38	0	842107.9099999999	840666.9875	804572.065	825813.065	0	832490.745	784176.75	845694.1525	850798.38
747	280.26362837230937	7.7615647	0	206919.685	316182.0775	186246.39	266682.88	0	241221.39750000002	215703.63	254942.71500000003	264163.29	0	206919.685	316182.0775	186246.39	266682.88
748	399.2506033366124	7.746301	0	190916.73249999998	186528.1775	238458.4425	194858.14	0	198276.61	182161.3425	240208.7025	190114.8375	0	190916.73249999998	186528.1775	238458.4425	194858.14
749	454.2928823864414	7.773249	0	0.0	3620169.9	0.0	0.0	0	854462.45	939493.95	621168.75	1205044.75	0	0.0	3620169.9	0.0	0.0
750	480.3086755924377	7.7795024	0	492682.44749999995	30291.6035	629441.1275	625966.055	0	472868.4375	601427.6735	343010.62249999994	361074.5	0	492682.44749999995	30291.6035	629441.1275	625966.055
751	280.2635928214364	7.795792	0	306911.655	424945.805	268204.3075	359506.9125	0	351173.9425	315940.89249999996	336900.6325	355553.2125	0	306911.655	424945.805	268204.3075	359506.9125
752	343.33183849558486	7.8258862	0	119118.10999999999	508456.22500000003	312828.98250000004	583643.6725	0	791853.5075000001	134915.57	411198.6325	186079.28	0	119118.10999999999	508456.22500000003	312828.98250000004	583643.6725
753	320.25589613298564	7.82048	0	832349.1849999999	735125.855	489646.575	361066.50749999995	0	580426.47	478018.955	1029624.23	330118.4675	0	832349.1849999999	735125.855	489646.575	361066.50749999995
754	298.2739957404725	7.800223	0	407645.67000000004	538234.0425	414234.3125	492219.35250000004	0	473856.69	423451.8925	463970.2875	491054.5075	0	407645.67000000004	538234.0425	414234.3125	492219.35250000004
755	444.33200770933536	7.7973843	0	0.0	0.0	157932.65000000002	0.0	0	0.0	71494.1	0.0	86438.55	0	0.0	0.0	157932.65000000002	0.0
756	488.3583235124638	7.804085	0	0.0	0.0	108810.97	0.0	0	0.0	44268.43	0.0	64542.54	0	0.0	0.0	108810.97	0.0
757	522.3558284896412	7.8107605	0	764194.9775	0.0	1274998.8025	1071221.5075	0	718365.5700000001	1113863.195	591070.1325	687116.39	0	764194.9775	0.0	1274998.8025	1071221.5075
758	341.31620746739657	7.831453	0	273958.18875	395147.04000000004	213541.38999999998	365065.44999999995	0	309394.89	296471.53125	313597.54	328248.1075	0	273958.18875	395147.04000000004	213541.38999999998	365065.44999999995
759	318.24027487520027	7.831858	0	335034.63	502923.4175	308136.0475	455407.5775	0	423203.03	371284.90249999997	401290.93	405722.81000000006	0	335034.63	502923.4175	308136.0475	455407.5775
760	296.2584012693275	7.8317986	0	717104.48	1040933.1575	711437.5	914283.0900000001	0	876473.1799999999	769258.965	840372.59	897653.4924999999	0	717104.48	1040933.1575	711437.5	914283.0900000001
761	301.14090490648704	7.8905773	0	628756.79	638960.725	666885.1475	650281.39	0	624176.9650000001	682665.3	644439.5	633602.2875	0	628756.79	638960.725	666885.1475	650281.39
762	494.32431448032327	7.8799863	0	142681.0475	0.0	224322.24	169857.01	0	153620.655	196379.845	85767.265	101092.5325	0	142681.0475	0.0	224322.24	169857.01
763	336.22981808701513	7.8883963	0	124305.5975	198750.65	130253.64	195926.4025	0	175153.2775	141081.245	130253.64	202748.1275	0	124305.5975	198750.65	130253.64	195926.4025
764	263.2370000041417	7.8868203	0	337256.279	463056.78	391663.9275	425081.2625	0	392551.915	349642.64400000003	457929.48749999993	416934.2025	0	337256.279	463056.78	391663.9275	425081.2625
765	339.300589030238	7.887305	0	166584.91999999998	322325.76	254230.02750000003	274389.445	0	241595.47	223811.35249999998	263507.09	288616.24	0	166584.91999999998	322325.76	254230.02750000003	274389.445
766	298.2740570703368	7.8887057	0	3364432.85	4796491.25	4071087.875	4233133.8	0	3846126.675	3560585.975	4515458.25	4542974.875	0	3364432.85	4796491.25	4071087.875	4233133.8
767	280.26355908430594	7.8890886	0	2413195.4875	3395610.2	2933897.09	3072292.3	0	2770005.965	2525602.0125	3249906.425	3269480.675	0	2413195.4875	3395610.2	2933897.09	3072292.3
768	320.25592552677153	7.8891125	0	2269317.715	3078615.525	2741227.265	2950237.825	0	2601823.115	2409573.99	3014677.075	3013324.15	0	2269317.715	3078615.525	2741227.265	2950237.825
769	343.3318445690248	7.889805	0	1789044.3875000002	2428793.5	2003756.0999999999	2301035.75	0	2026880.875	1900220.0125000002	2228575.525	2366953.325	0	1789044.3875000002	2428793.5	2003756.0999999999	2301035.75
770	172.13320222609178	7.8870354	0	46049.1725	49655.79	74018.7425	43752.555	0	49655.79	43752.555	74018.7425	46049.1725	0	46049.1725	49655.79	74018.7425	43752.555
771	156.13837543579223	7.8896112	0	49396.9025	132568.715	84249.165	90073.475	0	52005.1925	87177.5075	84249.165	132856.3925	0	49396.9025	132568.715	84249.165	90073.475
772	324.2167741908481	7.8926806	0	269126.455	265274.3175	270268.26	268534.4675	0	269187.985	273688.2825	258147.7625	272179.47000000003	0	269126.455	265274.3175	270268.26	268534.4675
773	301.1409335321485	7.907703	0	594795.3025	619929.365	632472.1	640311.3125	0	604707.8425	641912.7	635229.975	605657.5625	0	594795.3025	619929.365	632472.1	640311.3125
774	358.36795845498847	7.926817	0	1038710.925	1039679.9375	1095484.5	1010785.595	0	1068544.835	1016374.05	1016822.0974999999	1082919.975	0	1038710.925	1039679.9375	1095484.5	1010785.595
775	285.22133263688835	7.9263763	0	0.0	0.0	94793.685	0.0	0	0.0	45053.975	0.0	49739.71	0	0.0	0.0	94793.685	0.0
776	324.2167686790958	7.9025784	0	278334.235	265638.51249999995	286864.23250000004	277507.40499999997	0	273843.51	277154.4125	272606.64	284739.8225	0	278334.235	265638.51249999995	286864.23250000004	277507.40499999997
777	386.1612310617469	7.938542	0	0.0	0.0	0.0	0.0	0	0.0	0.0	0.0	0.0	0	0.0	0.0	0.0	0.0
778	363.21992948391744	7.948914	0	3147737.9	3110994.375	3036863.075	3151590.3	0	2958988.425	3360173.0	3039676.7	3088347.525	0	3147737.9	3110994.375	3036863.075	3151590.3
779	411.09375839795	7.9610972	0	518439.4675	611343.715	623134.24	580848.7275	0	524275.89249999996	597440.9199999999	560021.7375	652027.6	0	518439.4675	611343.715	623134.24	580848.7275
780	371.1012348611416	7.961582	0	358614.8425	425547.61	436851.0025	409997.265	0	381930.22	406577.185	378206.1325	464297.1825	0	358614.8425	425547.61	436851.0025	409997.265
781	389.1118942290552	7.9626403	0	295988.65	339740.875	326434.45999999996	302690.5375	0	288544.425	322632.095	307627.4175	346050.58499999996	0	295988.65	339740.875	326434.45999999996	302690.5375
782	297.0825408849166	7.9623322	0	304724.5875	352871.5	338513.785	314686.4575	0	296017.8025	334247.7575	320175.225	360355.545	0	304724.5875	352871.5	338513.785	314686.4575
783	336.229817916343	7.894966	0	131219.6775	198750.65	68755.875	195843.22749999998	0	175153.2775	141081.245	68755.875	209579.0325	0	131219.6775	198750.65	68755.875	195843.22749999998
784	339.3005911118212	7.891342	0	182728.91999999998	331963.20999999996	115960.3725	275121.6575	0	253223.98	233454.65999999997	125237.435	293858.08499999996	0	182728.91999999998	331963.20999999996	115960.3725	275121.6575
785	320.25594481164427	7.967799	0	1296345.6625	1906726.35	1465821.3	1680377.275	0	1513806.5750000002	1451969.1125	1615408.45	1768086.45	0	1296345.6625	1906726.35	1465821.3	1680377.275
786	263.23700002938983	7.9173474	0	315346.384	418621.68	287208.9375	350714.6025	0	363126.16000000003	300188.224	353474.4975	355102.7225	0	315346.384	418621.68	287208.9375	350714.6025
787	298.2740501215006	7.968703	0	1508270.415	2150216.8	1682066.5050000001	1934205.84	0	1719033.79	1676794.715	1874071.98	2004859.0750000002	0	1508270.415	2150216.8	1682066.5050000001	1934205.84
788	280.26357661064145	7.969165	0	1953278.69	2847955.35	2231911.9375	2561973.825	0	2289201.9875	2226869.29	2463620.325	2615428.2	0	1953278.69	2847955.35	2231911.9375	2561973.825
789	343.33188297425534	7.966086	0	1225097.2425000002	1744219.9375	1321736.1075000002	1607647.365	0	1412360.1	1402906.205	1463585.565	1619848.7825	0	1225097.2425000002	1744219.9375	1321736.1075000002	1607647.365
790	592.5415589607405	8.071958	0	282562.2575	297132.18	281897.6275	279486.855	0	278830.8075	275870.19	262194.255	324183.6675	0	282562.2575	297132.18	281897.6275	279486.855
791	362.2689004945072	8.107884	0	0.0	0.0	0.0	0.0	0	0.0	0.0	0.0	0.0	0	0.0	0.0	0.0	0.0
792	339.1929584709477	8.112208	0	0.0	0.0	0.0	0.0	0	0.0	0.0	0.0	0.0	0	0.0	0.0	0.0	0.0
793	301.21609785747444	8.1119995	0	0.0	0.0	0.0	0.0	0	0.0	0.0	0.0	0.0	0	0.0	0.0	0.0	0.0
794	261.22134968055417	8.14357	0	135123.1325	0.0	121518.32500000001	131206.16999999998	0	72575.3425	157957.8875	111200.85	46113.5475	0	135123.1325	0.0	121518.32500000001	131206.16999999998
795	278.2479039490261	8.145167	0	1357280.75	648385.8200000001	1068054.645	1476822.0799999998	0	854840.9450000001	1539240.51	1227952.295	928509.5449999999	0	1357280.75	648385.8200000001	1068054.645	1476822.0799999998
796	183.1744192370734	8.163693	0	369482.095	340818.275	371555.205	369192.3225	0	351043.78500000003	354746.12	359534.72	385723.27249999996	0	369482.095	340818.275	371555.205	369192.3225
797	223.2056692951551	8.203481	0	876550.7375	851954.1275	866148.355	880731.05	0	909360.75	865739.85	840527.19	859756.48	0	876550.7375	851954.1275	866148.355	880731.05
798	324.28957114287937	8.209874	0	30431.42375	35028.21	48699.215	38657.145	0	35028.21	38657.145	48699.215	30431.42375	0	30431.42375	35028.21	48699.215	38657.145
799	295.18820688470856	8.223604	0	245949.9075	243413.935	251534.205	253858.4575	0	236771.39750000002	253886.885	251523.7625	252574.46	0	245949.9075	243413.935	251534.205	253858.4575
800	294.2427332615538	8.294723	0	340339.5025	265699.355	274106.57	443612.37	0	368608.675	259048.08750000002	314627.8575	381473.1775	0	340339.5025	265699.355	274106.57	443612.37
801	278.247902837756	8.249757	0	640455.9325	289719.46499999997	515933.4125	654597.0499999999	0	396612.09249999997	710751.645	550165.01	443177.1125	0	640455.9325	289719.46499999997	515933.4125	654597.0499999999
802	183.1744271604019	8.262784	0	536042.9375	511642.30000000005	521684.735	523280.5425	0	514071.86250000005	537855.4125	515745.64749999996	524977.5925	0	536042.9375	511642.30000000005	521684.735	523280.5425
803	294.24273328649497	8.314642	0	481630.16000000003	661386.8475	517493.115	557329.2925	0	532376.9825	486960.1625	553388.2875	645113.9825	0	481630.16000000003	661386.8475	517493.115	557329.2925
804	217.1587770911172	8.332578	0	915365.105	939633.705	987869.0900000001	951612.8275	0	900898.2975	964999.65	939886.12	988696.6599999999	0	915365.105	939633.705	987869.0900000001	951612.8275
805	278.24790151854626	8.293351	0	345045.4275	282572.295	233862.6125	347527.4975	0	339807.4325	323871.355	293919.4625	251409.5825	0	345045.4275	282572.295	233862.6125	347527.4975
806	223.205675790574	8.404292	0	4162211.75	1412563.675	4110062.1875	2755165.32	0	2974314.0075000003	1580259.95	4881260.25	3004168.725	0	4162211.75	1412563.675	4110062.1875	2755165.32
807	255.2507338870428	8.413139	0	4520247.05	2779004.025	3501557.45	4823396.625	0	2987087.7	5111887.625	3891226.325	3634003.5	0	4520247.05	2779004.025	3501557.45	4823396.625
808	237.22127988445	8.41276	0	685931.975	425633.5525	571095.255	737806.47	0	495429.1675	790358.485	571523.7	563155.9	0	685931.975	425633.5525	571095.255	737806.47
809	254.2478745684839	8.412559	0	24582617.5	15499050.75	20060796.5	26132559.75	0	17185569.75	28487011.25	20708452.5	19893991.0	0	24582617.5	15499050.75	20060796.5	26132559.75
810	219.21080566576475	8.41295	0	272357.14	182358.1275	219794.8125	303766.4	0	190301.4325	321378.4375	239473.46	227123.15	0	272357.14	182358.1275	219794.8125	303766.4
811	143.95900812004348	8.445505	0	735544.14	913186.9525	879931.96	932761.365	0	907740.5	970510.2	929924.7150000001	653249.0025	0	735544.14	913186.9525	879931.96	932761.365
812	301.2161353261174	8.441241	0	0.0	0.0	0.0	0.0	0	0.0	0.0	0.0	0.0	0	0.0	0.0	0.0	0.0
813	776.573465088734	8.446498	0	235054.32	225451.66999999998	163211.305	239421.9225	0	227265.2775	220828.6925	185403.825	229641.4225	0	235054.32	225451.66999999998	163211.305	239421.9225
814	223.20568463487305	8.44738	0	5120671.25	5129233.875	5225850.25	5208051.875	0	5308500.5	5284655.0	4818790.0	5271861.75	0	5120671.25	5129233.875	5225850.25	5208051.875
815	254.24785996821927	8.4468565	0	12878212.899999999	883091.885	14895140.025	18035167.9	0	9406529.96	19404490.45	5601605.050000001	12278987.25	0	12878212.899999999	883091.885	14895140.025	18035167.9
816	242.2477863130213	8.512833	0	1821007.6	1245112.1125	1439319.125	1954520.125	0	1375862.25	1880515.15	1572004.8625	1631576.7	0	1821007.6	1245112.1125	1439319.125	1954520.125
817	429.3186597759798	8.538739	0	203932.8625	188875.28	203622.8675	200824.1375	0	198018.33	200560.10249999998	192859.95	205816.765	0	203932.8625	188875.28	203622.8675	200824.1375
818	363.3104403609439	8.539138	0	278709.195	270711.32999999996	284453.275	281666.515	0	283944.65	283043.8375	272527.6475	276024.18	0	278709.195	270711.32999999996	284453.275	281666.515
819	839.4968814470163	8.534869	0	0.0	0.0	0.0	0.0	0	0.0	0.0	0.0	0.0	0	0.0	0.0	0.0	0.0
820	239.20055443883177	8.551822	0	1426753.85	1328988.525	1398998.9	1411660.875	0	1429971.025	1374254.05	1412533.55	1349643.525	0	1426753.85	1328988.525	1398998.9	1411660.875
821	856.5243443745306	8.58136	0	0.0	0.0	0.0	0.0	0	0.0	0.0	0.0	0.0	0	0.0	0.0	0.0	0.0
822	223.20567601700932	8.594909	0	867831.375	884375.8375	906615.585	932592.035	0	918252.76	879593.96	913498.4625	880069.65	0	867831.375	884375.8375	906615.585	932592.035
823	261.89488598080067	8.6601095	0	271012.68	268097.14749999996	266326.3625	262676.155	0	267134.8725	259915.715	273156.7025	267905.055	0	271012.68	268097.14749999996	266326.3625	262676.155
824	327.30037960119523	8.650062	0	285627.925	296624.5875	279539.41000000003	285679.98250000004	0	294408.7075	292114.5975	286770.93000000005	274177.67000000004	0	285627.925	296624.5875	279539.41000000003	285679.98250000004
825	163.96500682376274	8.6737585	0	272658.6975	196846.175	191807.5075	260584.5025	0	191949.6325	260223.205	199099.06	270624.985	0	272658.6975	196846.175	191807.5075	260584.5025
826	242.2478145100293	8.674771	0	1242949.175	1169971.865	914980.0750000001	1389961.51	0	1058892.585	1314412.2999999998	1164549.865	1180007.875	0	1242949.175	1169971.865	914980.0750000001	1389961.51
827	839.4968339871617	8.667575	0	0.0	0.0	0.0	0.0	0	0.0	0.0	0.0	0.0	0	0.0	0.0	0.0	0.0
828	302.24538048663777	8.695296	0	299809.67	74845.3425	208765.575	219342.805	0	125082.9425	284138.455	218090.2675	175451.7275	0	299809.67	74845.3425	208765.575	219342.805
829	264.24031946224585	8.6944475	0	637663.625	271792.5375	488582.0125	541374.665	0	393977.88	613622.185	517742.3275	414070.4475	0	637663.625	271792.5375	488582.0125	541374.665
830	325.32126591525326	8.696873	0	273751.1675	132095.9225	195667.99	223406.78499999997	0	167214.1975	273249.665	175426.41749999998	209031.585	0	273751.1675	132095.9225	195667.99	223406.78499999997
831	263.23701563910424	8.695095	0	3040127.875	1439203.315	2362747.25	2866056.425	0	1961752.715	3020783.85	2572988.15	2152610.15	0	3040127.875	1439203.315	2362747.25	2866056.425
832	280.2635954676277	8.695095	0	24925874.0	12069202.5	19344388.5	23750746.5	0	16079453.5	25009445.5	21211430.25	17789882.25	0	24925874.0	12069202.5	19344388.5	23750746.5
833	245.22637483528283	8.694276	0	660941.8625	308572.90249999997	518584.2775	640328.1425	0	444702.33999999997	652798.15	557242.34	473684.355	0	660941.8625	308572.90249999997	518584.2775	640328.1425
834	319.2841940125808	8.700398	0	260814.815	245619.3125	264039.9075	238670.2725	0	279685.57	234940.25999999998	251866.3075	242652.17	0	260814.815	245619.3125	264039.9075	238670.2725
835	223.20568252600808	8.70062	0	577879.26	555824.6375	564195.2025	575480.59	0	574551.6125	548800.9425	598373.14	551653.995	0	577879.26	555824.6375	564195.2025	575480.59
836	363.3103771904548	8.709126	0	185715.3425	179075.825	182468.10749999998	178470.1275	0	190097.7225	170130.0075	178660.95	186840.7225	0	185715.3425	179075.825	182468.10749999998	178470.1275
837	321.1823802403473	8.733638	0	0.0	0.0	0.0	0.0	0	0.0	0.0	0.0	0.0	0	0.0	0.0	0.0	0.0
838	344.2583852015654	8.731539	0	0.0	0.0	0.0	0.0	0	0.0	0.0	0.0	0.0	0	0.0	0.0	0.0	0.0
839	280.2635704858104	8.806701	0	2629716.975	1343649.525	2046519.3499999999	2685700.9749999996	0	1691619.25	2713058.475	2298876.525	2002032.575	0	2629716.975	1343649.525	2046519.3499999999	2685700.9749999996
840	263.2369736310348	8.80833	0	303215.87	141898.865	239755.36	324526.465	0	178119.2325	323051.57499999995	265041.1575	243184.595	0	303215.87	141898.865	239755.36	324526.465
841	299.2005081568366	8.81301	0	0.0	0.0	0.0	0.0	0	0.0	0.0	0.0	0.0	0	0.0	0.0	0.0	0.0
842	321.18237671123	8.761012	0	0.0	0.0	0.0	0.0	0	0.0	0.0	0.0	0.0	0	0.0	0.0	0.0	0.0
843	261.8948761915905	8.822995	0	290778.4625	292629.0575	288419.855	291150.245	0	283803.695	298841.04500000004	285902.285	294430.595	0	290778.4625	292629.0575	288419.855	291150.245
844	235.2056130746312	8.835408	0	201207.205	206029.35	198298.355	202327.955	0	202588.6725	201205.525	201129.96	202938.7075	0	201207.205	206029.35	198298.355	202327.955
845	339.289293542658	8.840603	0	31465.3175	0.0	100733.025	84660.515	0	61512.2375	122643.4875	32703.1325	0.0	0	31465.3175	0.0	100733.025	84660.515
846	426.324244880388	8.873736	0	176315.5075	163333.82749999998	160874.845	175520.14250000002	0	162595.2925	158484.1775	169145.0075	185819.845	0	176315.5075	163333.82749999998	160874.845	175520.14250000002
847	269.26678928247446	8.875955	0	987756.19	505721.87	691170.65	1001657.35	0	624981.97	1012490.3	792404.675	756429.115	0	987756.19	505721.87	691170.65	1001657.35
848	268.2634905384677	8.875498	0	4993830.25	2671195.475	3637352.35	4956745.575	0	3281959.2	4989875.725	4148118.625	3839170.1	0	4993830.25	2671195.475	3637352.35	4956745.575
849	480.1574088189306	8.896168	0	256296.8475	306450.135	370659.195	298990.605	0	302697.68	281736.595	294070.97250000003	353891.53500000003	0	256296.8475	306450.135	370659.195	298990.605
850	485.1126986305844	8.896398	0	1209646.175	1424399.3	1579466.025	1274269.75	0	1267984.45	1363991.65	1290298.5	1565506.65	0	1209646.175	1424399.3	1579466.025	1274269.75
851	508.1887724416383	8.896398	0	940871.1525	1110760.335	1212833.0	1030974.8225	0	1021748.1725	1053544.6099999999	994564.04	1225582.4875	0	940871.1525	1110760.335	1212833.0	1030974.8225
852	463.1306511041833	8.8966255	0	605009.1025	689124.875	784801.6375	670305.39	0	655525.3700000001	673659.3875	642935.4975	777120.75	0	605009.1025	689124.875	784801.6375	670305.39
853	445.1200679888041	8.896449	0	421444.715	454360.885	540073.155	476930.0125	0	482554.615	436000.2725	430507.77249999996	543746.1075	0	421444.715	454360.885	540073.155	476930.0125
854	371.10124485272127	8.896908	0	309712.1875	371085.245	428934.435	385119.83	0	369719.6	344917.0775	346661.6	433553.42	0	309712.1875	371085.245	428934.435	385119.83
855	297.082412596187	8.895947	0	288513.2925	349121.985	399229.3	352541.815	0	347125.81	331357.0325	317343.7225	393579.8275	0	288513.2925	349121.985	399229.3	352541.815
856	163.96499360069154	8.908648	0	276906.18	271251.72750000004	287560.4775	272182.6825	0	274157.37	272606.45999999996	280295.385	280841.85250000004	0	276906.18	271251.72750000004	287560.4775	272182.6825
857	237.22122967884013	8.9547415	0	596737.85	575597.94	553605.565	595110.65	0	587987.985	559011.045	580512.4400000001	593540.5349999999	0	596737.85	575597.94	553605.565	595110.65
858	261.89483797973736	8.979434	0	297114.91500000004	299744.7275	294116.945	290394.5725	0	294955.92000000004	289066.96499999997	298307.40249999997	299040.8725	0	297114.91500000004	299744.7275	294116.945	290394.5725
859	311.2554812773083	8.976876	0	251357.39	247092.1075	236777.5025	229291.47749999998	0	232330.6825	237428.02500000002	251127.63	243632.14	0	251357.39	247092.1075	236777.5025	229291.47749999998
860	151.09647028486918	8.987372	0	212213.4375	209178.51750000002	206826.5025	208374.635	0	209529.25	212235.0975	201581.39	213247.35499999998	0	212213.4375	209178.51750000002	206826.5025	208374.635
861	378.3577021991896	8.987234	0	672175.1900000001	670762.8025	672501.1275	670143.7775000001	0	671375.2050000001	678156.225	653967.74	682083.7275	0	672175.1900000001	670762.8025	672501.1275	670143.7775000001
862	422.3838509353611	8.995054	0	512220.875	494665.20499999996	502160.8625	500710.2175	0	500163.58999999997	501727.43	497040.3875	510825.7525	0	512220.875	494665.20499999996	502160.8625	500710.2175
863	377.3261149664629	8.995669	0	613195.3525	618630.225	608479.8325	609490.79	0	616689.0725	616054.2625	604863.35	612189.515	0	613195.3525	618630.225	608479.8325	609490.79
864	400.7404067691512	9.010056	0	0.0	0.0	0.0	57554.1825	0	57554.1825	0.0	0.0	0.0	0	0.0	0.0	0.0	57554.1825
865	466.4102627308935	9.02443	0	221505.29	216039.84	228964.0525	227866.4975	0	217214.8775	228483.125	221748.9875	226928.69	0	221505.29	216039.84	228964.0525	227866.4975
866	333.2997252990478	9.030783	0	202928.985	205518.215	225612.3825	209299.4	0	199761.39500000002	217839.62	208788.7225	216969.245	0	202928.985	205518.215	225612.3825	209299.4
867	608.3925048254894	9.056716	0	0.0	496159.4275	0.0	0.0	0	79925.5075	163611.25	70361.28	182261.39	0	0.0	496159.4275	0.0	0.0
868	261.8947931606157	9.083551	0	305121.6325	303815.3975	303011.065	284783.245	0	296843.615	303006.305	296396.03	300485.39	0	305121.6325	303815.3975	303011.065	284783.245
869	323.198009760999	9.094641	0	33630.3675	182114.06	127638.675	42947.6825	0	49404.79	138055.56	155922.7525	42947.6825	0	33630.3675	182114.06	127638.675	42947.6825
870	346.2739814965052	9.093512	0	78860.7825	247830.09000000003	177124.685	139044.18	0	109005.7275	188956.7	258033.92750000002	86863.3825	0	78860.7825	247830.09000000003	177124.685	139044.18
871	301.216095047017	9.0939	0	0.0	70028.805	99920.1775	0.0	0	0.0	49396.4325	120552.54999999999	0.0	0	0.0	70028.805	99920.1775	0.0
872	259.1692900419243	9.091971	0	0.0	0.0	0.0	0.0	0	0.0	0.0	0.0	0.0	0	0.0	0.0	0.0	0.0
873	161.9695667075719	9.113111	0	683503.93	681362.2	688178.015	672699.5475	0	682548.69	694065.29	673516.9525	675612.76	0	683503.93	681362.2	688178.015	672699.5475
874	338.3415774952617	9.10565	0	182974.1475	187760.59	132739.95	180214.66	0	133437.8475	191823.3775	169388.6825	189039.44	0	182974.1475	187760.59	132739.95	180214.66
875	143.95900367025197	9.144359	0	1135681.125	1081154.2625	1065323.7149999999	1135948.175	0	1063086.5625	1161716.4249999998	1115416.0	1077888.29	0	1135681.125	1081154.2625	1065323.7149999999	1135948.175
876	237.221269722462	9.159942	0	3028787.125	2826246.75	2946911.375	2957542.575	0	2818232.475	2891188.3	3023795.825	3026271.2249999996	0	3028787.125	2826246.75	2946911.375	2957542.575
877	243.8842048333951	9.145127	0	480948.21499999997	455510.4975	452148.86	472845.875	0	462028.52749999997	466943.6325	475449.6025	457031.685	0	480948.21499999997	455510.4975	452148.86	472845.875
878	257.26628294873024	9.148558	0	6564390.625	5067638.55	4530315.45	6792068.875	0	5097468.25	6363423.7	5836909.55	5656612.0	0	6564390.625	5067638.55	4530315.45	6792068.875
879	323.1980091083032	9.107446	0	33630.3675	184984.905	132717.7425	42947.6825	0	49404.79	138055.56	163872.66499999998	42947.6825	0	33630.3675	184984.905	132717.7425	42947.6825
880	249.2213328825192	9.155559	0	184818.6575	166439.8325	174022.38499999998	178992.375	0	172433.4875	175900.9975	176462.5825	179476.1825	0	184818.6575	166439.8325	174022.38499999998	178992.375
881	346.2739818997391	9.096735	0	78860.7825	259540.2025	184153.0675	139044.18	0	109005.7275	188956.7	276772.4225	86863.3825	0	78860.7825	259540.2025	184153.0675	139044.18
882	273.18485527855404	9.168377	0	292072.7675	291251.38	264485.7375	286830.45	0	275117.495	282675.0325	285336.675	291511.1325	0	292072.7675	291251.38	264485.7375	286830.45
883	286.90619094612447	9.172599	0	295797.86	282723.43	287600.4475	271974.805	0	284123.01	282646.6825	279256.71	292070.14	0	295797.86	282723.43	287600.4475	271974.805
884	237.22127763527803	9.19503	0	3053216.075	2752101.875	2928558.45	2983779.8	0	2863403.325	3035868.7	2889440.25	2928943.925	0	3053216.075	2752101.875	2928558.45	2983779.8
885	211.2057079963827	9.197266	0	613543.1875	541642.2	583691.19	585829.78	0	577586.5375	591931.7025	569565.4275	585622.69	0	613543.1875	541642.2	583691.19	585829.78
886	261.89482258039806	9.184983	0	297271.7975	293368.73	296734.23	299004.705	0	294196.7975	293149.2275	300899.8825	298133.555	0	297271.7975	293368.73	296734.23	299004.705
887	613.5153886598501	9.19897	0	0.0	240338.82	0.0	0.0	0	96039.25	58631.61	85667.96	0.0	0	0.0	240338.82	0.0	0.0
888	414.4305517103244	9.2111435	0	302036.51	0.0	92992.82	0.0	0	0.0	233823.9	92992.82	68212.61	0	302036.51	0.0	92992.82	0.0
889	251.23695183641777	9.214024	0	372211.10250000004	360073.5175	338071.6625	352920.7725	0	368232.375	352299.89	350349.215	352395.575	0	372211.10250000004	360073.5175	338071.6625	352920.7725
890	546.4884181380374	9.216413	0	286310.75	266269.2425	267783.2975	287848.27749999997	0	291417.82	272141.0875	282680.2525	261972.4075	0	286310.75	266269.2425	267783.2975	287848.27749999997
891	268.26348102776524	9.227128	0	831165.9275	527062.7949999999	599088.65	758506.33	0	587644.5025	723770.5	733026.085	671382.615	0	831165.9275	527062.7949999999	599088.65	758506.33
892	780.552900231231	9.290887	0	0.0	0.0	0.0	110369.085	0	110369.085	0.0	0.0	0.0	0	0.0	0.0	0.0	110369.085
893	569.4891400565464	9.254667	0	0.0	355631.4975	0.0	0.0	0	135327.175	53123.9875	118399.475	48780.86	0	0.0	355631.4975	0.0	0.0
894	447.3317512973026	9.257943	0	510176.54	497060.695	478013.7975	494408.5475	0	478979.725	468816.3025	514789.14	517074.4125	0	510176.54	497060.695	478013.7975	494408.5475
895	485.2876058400471	9.258444	0	290469.86	273454.3675	278392.585	279080.865	0	270493.3625	264534.47250000003	293654.4225	292715.42000000004	0	290469.86	273454.3675	278392.585	279080.865
896	211.20571875365687	9.262903	0	721346.7775000001	679171.435	667182.8875	740349.4	0	686702.3375	669990.8225	719355.6375	732001.7025	0	721346.7775000001	679171.435	667182.8875	740349.4
897	471.31928113814826	9.259143	0	309968.83	326340.7625	319276.9125	307357.2875	0	314411.36	284625.2175	328225.805	335681.41000000003	0	309968.83	326340.7625	319276.9125	307357.2875
898	531.2743356761679	9.270974	0	154390.445	98123.98999999999	133685.9125	0.0	0	43540.8	81515.9625	113399.61499999999	147743.97	0	154390.445	98123.98999999999	133685.9125	0.0
899	576.3323633610202	9.270429	0	527989.4	373630.9675	343796.16	250603.435	0	322373.3825	281581.3575	400133.175	491932.0475	0	527989.4	373630.9675	343796.16	250603.435
900	270.27908711262194	9.288085	0	323318.75	319178.8825	306312.325	348029.18	0	324843.3425	324928.0775	319764.595	327303.1225	0	323318.75	319178.8825	306312.325	348029.18
901	772.5852889555923	9.300742	0	0.0	132769.98750000002	111975.42	263854.8	0	186618.525	128011.05750000001	77236.275	116734.35	0	0.0	132769.98750000002	111975.42	263854.8
902	613.5156157869894	9.311011	0	0.0	386901.57999999996	0.0	0.0	0	138713.975	96405.43	151782.175	0.0	0	0.0	386901.57999999996	0.0	0.0
903	283.4591921323669	9.318076	0	352896.75	0.0	95347.445	189418.1	0	110180.46	131223.375	300911.015	95347.445	0	352896.75	0.0	95347.445	189418.1
904	243.88419953590332	9.312871	0	576292.91	566569.7975	446047.7025	575129.755	0	439092.80000000005	606104.39	540974.725	577868.25	0	576292.91	566569.7975	446047.7025	575129.755
905	281.10729062903755	9.316075	0	228415.725	0.0	0.0	0.0	0	0.0	0.0	228415.725	0.0	0	228415.725	0.0	0.0	0.0
906	145.9544580913569	9.314591	0	404627.89	561006.8775000001	538305.6699999999	549753.7375	0	541632.525	539234.4750000001	404644.4025	568182.7725	0	404627.89	561006.8775000001	538305.6699999999	549753.7375
907	834.5402791223125	9.293495	0	0.0	0.0	0.0	0.0	0	0.0	0.0	0.0	0.0	0	0.0	0.0	0.0	0.0
908	143.95903441424068	9.315579	0	1475958.075	1369956.9749999999	1416147.325	1281009.65	0	1382448.05	1360372.8	1387263.475	1412987.7	0	1475958.075	1369956.9749999999	1416147.325	1281009.65
909	304.2606928728301	9.316433	0	751915.1599999999	366497.3025	530119.06	593639.1799999999	0	530601.0725	657463.3375	525543.1125	528563.1799999999	0	751915.1599999999	366497.3025	530119.06	593639.1799999999
910	282.2792880816748	9.3174715	0	316839107.5	184436355.0	243444735.0	299678107.5	0	231949747.5	298904642.5	245182382.5	268361532.5	0	316839107.5	184436355.0	243444735.0	299678107.5
911	384.2041441300576	9.3166685	0	701524.845	424620.0675	564915.4450000001	612358.455	0	543304.6875	611272.455	551931.32	596910.35	0	701524.845	424620.0675	564915.4450000001	612358.455
912	338.198441476432	9.316245	0	587398.49	318717.09750000003	328396.75	518786.35000000003	0	419407.405	536429.4650000001	330087.3875	467374.43	0	587398.49	318717.09750000003	328396.75	518786.35000000003
913	563.5515073423167	9.317633	0	3548517.3	1476735.0499999998	2314260.175	3708436.0	0	2285499.5	3496838.125	2695947.625	2569663.275	0	3548517.3	1476735.0499999998	2314260.175	3708436.0
914	212.2010882767612	9.317288	0	284071.905	190095.47749999998	268688.07999999996	282944.115	0	242248.785	347629.52	184609.3275	251311.945	0	284071.905	190095.47749999998	268688.07999999996	282944.115
915	283.2814588277243	9.31853	0	64853929.0	37637905.0	48791003.5	61178370.0	0	47518217.5	59998534.0	49875810.5	55068645.5	0	64853929.0	37637905.0	48791003.5	61178370.0
916	382.2041148796087	9.317445	0	494551.26249999995	285563.26749999996	382110.43	428186.4925	0	374461.295	432160.875	363001.9475	420787.335	0	494551.26249999995	285563.26749999996	382110.43	428186.4925
917	247.24210704993823	9.318361	0	1828460.575	1084891.44	1410417.0	1755580.925	0	1332626.0499999998	1778168.375	1398097.59	1570457.925	0	1828460.575	1084891.44	1410417.0	1755580.925
918	240.23222299254235	9.317536	0	329721.8975	119117.95749999999	207156.255	285828.6575	0	208047.08000000002	242036.8175	198959.095	292781.77499999997	0	329721.8975	119117.95749999999	207156.255	285828.6575
919	285.28755279473813	9.317668	0	388826.39	215731.56749999998	301371.435	392462.20499999996	0	228332.92500000002	401205.95499999996	328179.56	340673.15750000003	0	388826.39	215731.56749999998	301371.435	392462.20499999996
920	226.2167470543026	9.317624	0	440599.35750000004	261591.44	315061.205	406729.9575	0	314941.98750000005	415568.945	320036.365	373434.6625	0	440599.35750000004	261591.44	315061.205	406729.9575
921	281.1151920160028	9.321973	0	370315.115	162831.235	270344.975	435686.85	0	317487.5	266638.8	169048.05	486003.825	0	370315.115	162831.235	270344.975	435686.85
922	283.4508603177157	9.322397	0	380714.375	169296.1875	163229.725	448416.77499999997	0	331382.825	269547.35	178869.425	381857.4625	0	380714.375	169296.1875	163229.725	448416.77499999997
923	659.2878331734136	9.34358	0	201405.36	153909.8875	173841.12	0.0	0	84296.32	64757.52	182214.3875	197888.14	0	201405.36	153909.8875	173841.12	0.0
924	637.3056184654926	9.344679	0	1217993.825	870801.235	935046.5475	412513.22250000003	0	586873.385	759517.4349999999	977184.12	1112779.89	0	1217993.825	870801.235	935046.5475	412513.22250000003
925	654.332394675077	9.34514	0	1505293.6875	1105906.4	1159450.175	517885.615	0	728742.4475	916209.75	1215463.05	1428120.63	0	1505293.6875	1105906.4	1159450.175	517885.615
926	682.3635925502819	9.346744	0	933426.1975	723257.3875	739786.7625000001	351856.0875	0	496989.02	627735.63	711920.335	911681.45	0	933426.1975	723257.3875	739786.7625000001	351856.0875
927	407.7481970305909	9.348531	0	0.0	0.0	0.0	65180.7	0	65180.7	0.0	0.0	0.0	0	0.0	0.0	0.0	65180.7
928	163.96500413470878	9.379875	0	189322.96250000002	249432.5025	183082.1175	244437.0675	0	251386.055	188679.125	175539.325	250670.14500000002	0	189322.96250000002	249432.5025	183082.1175	244437.0675
929	161.9695828979964	9.380876	0	633548.02	629117.36	322633.69999999995	621550.15	0	457501.8475	486369.3225	616368.1599999999	646609.9	0	633548.02	629117.36	322633.69999999995	621550.15
930	261.8948800311194	9.384082	0	281768.445	279813.9925	287507.085	269072.6075	0	285295.02	273055.725	280901.3175	278910.0675	0	281768.445	279813.9925	287507.085	269072.6075
931	200.9724352601296	9.389779	0	164595.4925	217549.85499999998	228578.82	172486.8475	0	221478.39	225661.36000000002	171905.4975	164165.7675	0	164595.4925	217549.85499999998	228578.82	172486.8475
932	282.27916689828504	9.400603	0	14485732.0	8689076.0	10159605.875	15033003.375	0	9996417.5	14419865.5	12260307.375	11690826.875	0	14485732.0	8689076.0	10159605.875	15033003.375
933	251.2369315301689	9.412716	0	1398280.075	1283476.6	1214195.525	1393085.675	0	1348127.95	1312466.675	1327422.375	1301020.875	0	1398280.075	1283476.6	1214195.525	1393085.675
934	270.279103709424	9.4454775	0	3884195.25	2557576.225	2881435.4	3809987.625	0	2610425.875	3565370.075	3791783.975	3165614.575	0	3884195.25	2557576.225	2881435.4	3809987.625
935	369.2974508538367	9.448518	0	406891.575	394847.2275	410737.2375	371951.3275	0	380215.51749999996	383445.0225	434703.6275	386063.2	0	406891.575	394847.2275	410737.2375	371951.3275
936	392.3732701017588	9.449938	0	679984.15	652848.0625	720275.8975	628094.1499999999	0	634518.15	678667.6599999999	709964.875	658051.575	0	679984.15	652848.0625	720275.8975	628094.1499999999
937	621.2708931569472	9.454541	0	210157.62	292850.7675	302688.455	247977.155	0	243706.6925	284886.2725	303194.435	221886.59749999997	0	210157.62	292850.7675	302688.455	247977.155
938	436.39966333096646	9.461486	0	425071.35	387110.4125	434318.7675	391655.735	0	385655.205	411158.195	430096.7075	411246.1575	0	425071.35	387110.4125	434318.7675	391655.735
939	286.90607469910134	9.442317	0	288797.515	276904.305	279054.585	269285.775	0	270163.3925	281182.865	282293.95	280401.97250000003	0	288797.515	276904.305	279054.585	269285.775
940	391.3414820244536	9.472587	0	313659.16000000003	314626.19	319405.735	299752.75	0	304221.93	307258.95999999996	326074.4675	309888.4775	0	313659.16000000003	314626.19	319405.735	299752.75
941	457.3499007979572	9.472391	0	262600.04500000004	264327.0625	283437.245	264903.37	0	251837.39500000002	268669.73250000004	273517.0275	281243.5675	0	262600.04500000004	264327.0625	283437.245	264903.37
942	308.2946172320013	9.480353	0	746977.22	296573.53750000003	496489.60750000004	671175.6725	0	447113.325	645417.1125	622730.735	495954.865	0	746977.22	296573.53750000003	496489.60750000004	671175.6725
943	409.3716984389093	9.469152	0	331550.075	336157.3475	342075.525	307324.4675	0	314274.72250000003	337628.385	342446.04	322758.2675	0	331550.075	336157.3475	342075.525	307324.4675
944	261.8948365211717	9.504062	0	292014.5625	281550.945	272367.58	264784.6125	0	264342.3	283062.105	283559.5175	279753.77749999997	0	292014.5625	281550.945	272367.58	264784.6125
945	163.96497240004098	9.521779	0	255539.95500000002	242848.70500000002	246756.865	234437.325	0	236607.5475	242142.505	251157.475	249675.3225	0	255539.95500000002	242848.70500000002	246756.865	234437.325
946	200.9724170493761	9.531325	0	224933.3525	162784.04249999998	217361.6975	216430.46	0	217164.035	166169.15	218281.9725	219894.395	0	224933.3525	162784.04249999998	217361.6975	216430.46
947	261.8948415626357	9.559866	0	283655.195	207623.83000000002	280020.54	265054.6125	0	265720.945	206874.1625	280336.3375	283422.7325	0	283655.195	207623.83000000002	280020.54	265054.6125
948	442.4619082864494	9.560991	0	16174763.025	96312.4675	6073056.875	3598246.95	0	3373529.1100000003	13903098.675	4538138.275	4127613.2575	0	16174763.025	96312.4675	6073056.875	3598246.95
949	704.4865011125472	9.568204	0	281597.65	0.0	194910.6525	363114.1875	0	189793.345	276627.07	206447.6525	166754.4225	0	281597.65	0.0	194910.6525	363114.1875
950	641.5465696130995	9.566456	0	0.0	268778.11	0.0	0.0	0	107774.925	57150.5675	103852.6175	0.0	0	0.0	268778.11	0.0	0.0
951	143.95898197699617	9.536142	0	887539.685	922783.4775	630503.2875	648591.76	0	887324.8875	913393.5	426942.11	861757.7125	0	887539.685	922783.4775	630503.2875	648591.76
952	662.4395509947458	9.590885	0	172064.23249999998	0.0	37971.0825	161603.06	0	48078.375	152286.7225	127436.875	43836.4025	0	172064.23249999998	0.0	37971.0825	161603.06
953	270.2791151612872	9.588737	0	820897.1125	696058.9924999999	561044.9325	901738.55	0	646567.5975	862904.6075	758906.6425000001	711360.74	0	820897.1125	696058.9924999999	561044.9325	901738.55
954	145.95439449171442	9.594107	0	253274.0525	364751.0925	234315.955	330151.99	0	324576.0075	270944.28	263880.375	323092.4275	0	253274.0525	364751.0925	234315.955	330151.99
955	347.73673578496044	9.606353	0	0.0	351672.58	0.0	0.0	0	156377.475	67642.18	127652.925	0.0	0	0.0	351672.58	0.0	0.0
956	641.484530527088	9.604313	0	0.0	186957.265	0.0	0.0	0	98184.0	0.0	88773.265	0.0	0	0.0	186957.265	0.0	0.0
957	699.4453302564859	9.604313	0	0.0	223958.3075	0.0	0.0	0	133659.425	0.0	90298.8825	0.0	0	0.0	223958.3075	0.0	0.0
958	619.502148589381	9.606342	0	0.0	2421631.6	0.0	0.0	0	1056456.625	442871.55	754296.7	168006.725	0	0.0	2421631.6	0.0	0.0
959	597.5204903354645	9.60891	0	161759.575	38042999.75	356196.365	189243.61500000002	0	15455035.55	6102871.29	13982116.95	3210175.515	0	161759.575	38042999.75	356196.365	189243.61500000002
960	623.5359877741515	9.626513	0	0.0	3220137.3	0.0	0.0	0	1193604.75	471536.4	1269674.5	285321.65	0	0.0	3220137.3	0.0	0.0
961	593.2761907942316	9.627128	0	0.0	0.0	0.0	0.0	0	0.0	0.0	0.0	0.0	0	0.0	0.0	0.0	0.0
962	301.21608786828045	9.628711	0	0.0	0.0	0.0	0.0	0	0.0	0.0	0.0	0.0	0	0.0	0.0	0.0	0.0
963	440.4464939280486	9.63624	0	89079.14	0.0	0.0	0.0	0	0.0	89079.14	0.0	0.0	0	89079.14	0.0	0.0	0.0
964	582.2075762477172	9.695916	0	1804215.125	1859504.25	2225140.8	1891245.15	0	1811934.425	1988423.875	1894530.175	2085216.85	0	1804215.125	1859504.25	2225140.8	1891245.15
965	559.1316265644892	9.695916	0	1099197.4500000002	1065665.31	1288037.2	1103184.1375	0	997137.5875	1214757.035	1125952.175	1218237.3	0	1099197.4500000002	1065665.31	1288037.2	1103184.1375
966	371.10124024013504	9.6957855	0	655034.315	663275.38	780184.2849999999	725611.55	0	656494.7150000001	745942.885	676400.45	745267.48	0	655034.315	663275.38	780184.2849999999	725611.55
967	554.1764253928493	9.696349	0	1141181.09	1236226.075	1474403.875	1356528.7	0	1228121.365	1379249.2	1234085.675	1366883.5	0	1141181.09	1236226.075	1474403.875	1356528.7
968	456.4775913424303	9.715509	0	424974.385	0.0	107388.78	0.0	0	54436.555	370570.9	52952.225	54403.485	0	424974.385	0.0	107388.78	0.0
969	296.29473863543217	9.727794	0	795095.05	370603.625	518142.2275	737538.675	0	470900.975	695412.61	641248.9575	613817.035	0	795095.05	370603.625	518142.2275	737538.675
970	261.89485639779065	9.74762	0	271100.38	258966.3225	201761.3575	197875.64	0	258664.6575	271058.58999999997	202240.67500000002	197739.7775	0	271100.38	258966.3225	201761.3575	197875.64
971	611.536054080815	9.770153	0	0.0	369748.25	0.0	0.0	0	117943.915	89282.86	162521.475	0.0	0	0.0	369748.25	0.0	0.0
972	296.2947364267462	9.743925	0	303361.60250000004	228957.02	539574.3125	517455.9625	0	426255.0925	239887.895	458373.91	464832.0	0	303361.60250000004	228957.02	539574.3125	517455.9625
973	384.34723138516887	9.846719	0	437529.23	431380.4675	419357.8025	426706.42	0	422403.275	435047.59	402154.03	455369.025	0	437529.23	431380.4675	419357.8025	426706.42
974	338.3415853960084	9.854646	0	500224.1825	518206.38	498001.99	503343.5475	0	497591.3625	507763.235	475911.1125	538510.39	0	500224.1825	518206.38	498001.99	503343.5475
975	429.405102263424	9.856519	0	553755.675	565304.6475	558775.35	581766.925	0	572889.9	580731.2975	502938.88749999995	603042.5125	0	553755.675	565304.6475	558775.35	581766.925
976	406.329182080287	9.858449	0	688330.1375	736850.275	715804.5075	757312.79	0	716050.11	742840.3525	674251.325	765155.9225	0	688330.1375	736850.275	715804.5075	757312.79
977	470.4932496130723	9.861793	0	14119948.875	0.0	3086536.75	1996748.3325	0	2026520.45	13004792.5	2033739.0075	2138182.0	0	14119948.875	0.0	3086536.75	1996748.3325
978	395.2202759857257	9.900987	0	940883.2849999999	927387.335	889998.9400000001	876459.975	0	874614.22	941230.0125	919428.2375	899457.065	0	940883.2849999999	927387.335	889998.9400000001	876459.975
979	520.3553098923195	9.901173	0	345252.35	344406.70999999996	332365.35250000004	343124.3175	0	337895.63749999995	358168.375	332210.3875	336874.33	0	345252.35	344406.70999999996	332365.35250000004	343124.3175
980	621.2709913110332	9.904046	0	0.0	39306.3175	60356.89	0.0	0	0.0	28939.92	70723.2875	0.0	0	0.0	39306.3175	60356.89	0.0
981	756.5542125986642	9.905963	0	0.0	0.0	0.0	0.0	0	0.0	0.0	0.0	0.0	0	0.0	0.0	0.0	0.0
982	782.5696894697656	9.905963	0	0.0	0.0	0.0	0.0	0	0.0	0.0	0.0	0.0	0	0.0	0.0	0.0	0.0
983	786.6010670195735	9.914426	0	323373.22000000003	470318.945	466588.65249999997	1050710.72	0	920075.71	395083.66	520705.54000000004	475126.6275	0	323373.22000000003	470318.945	466588.65249999997	1050710.72
984	647.5336035832079	9.923057	0	0.0	765923.425	0.0	0.0	0	210793.425	199858.2	355271.8	0.0	0	0.0	765923.425	0.0	0.0
985	625.5517358021649	9.923696	0	58953.3	9829979.5	79031.0075	0.0	0	2593745.0	2245939.3	4601779.0075	526500.5	0	58953.3	9829979.5	79031.0075	0.0
986	690.506958967283	9.913761	0	166696.47749999998	230432.1375	471422.7125	337277.01749999996	0	184366.9725	437421.635	309770.0125	274269.725	0	166696.47749999998	230432.1375	471422.7125	337277.01749999996
987	468.4779240581042	9.930004	0	102131.575	0.0	0.0	0.0	0	0.0	102131.575	0.0	0.0	0	102131.575	0.0	0.0	0.0
988	651.5673836599595	9.9384575	0	184767.015	2974017.335	60724.975	0.0	0	1206837.125	658259.24	1148867.85	205545.11	0	184767.015	2974017.335	60724.975	0.0
989	369.24246755374776	9.953495	0	239817.725	260356.89250000002	280796.0375	266448.6825	0	271736.755	229041.7025	275684.545	270956.33499999996	0	239817.725	260356.89250000002	280796.0375	266448.6825
990	426.31270227959385	9.953761	0	263141.89	283301.71499999997	287999.085	295122.9375	0	287655.4525	261385.8475	273371.065	307153.2625	0	263141.89	283301.71499999997	287999.085	295122.9375
991	488.3736787682567	9.954047	0	839405.7	831326.325	866063.0700000001	886111.825	0	856991.05	774484.73	847357.3	944073.84	0	839405.7	831326.325	866063.0700000001	886111.825
992	677.5830801671831	9.960812	0	2479814.4875	206906.52000000002	711641.6200000001	513453.1875	0	411352.8325	2215447.0125	670733.2875000001	614282.6825	0	2479814.4875	206906.52000000002	711641.6200000001	513453.1875
993	699.5647812184767	9.966525	0	178869.9375	0.0	0.0	0.0	0	0.0	178869.9375	0.0	0.0	0	178869.9375	0.0	0.0	0.0
994	454.4982713161396	9.995471	0	207683.8125	0.0	32670.5425	0.0	0	0.0	207683.8125	32670.5425	0.0	0	207683.8125	0.0	32670.5425	0.0
995	285.29801253429764	9.999421	0	1574467.7000000002	1035310.5349999999	954598.115	1584111.6	0	1058482.06	1616363.775	1249405.65	1224236.465	0	1574467.7000000002	1035310.5349999999	954598.115	1584111.6
996	162.90698711829702	10.116441	0	349803.5625	320934.225	330468.13	316464.7	0	328079.01	319482.85	323875.4125	346233.345	0	349803.5625	320934.225	330468.13	316464.7
997	665.5831236517943	10.071297	0	116878.6325	0.0	0.0	0.0	0	0.0	116878.6325	0.0	0.0	0	116878.6325	0.0	0.0	0.0
998	310.3103096160371	10.071707	0	2586152.35	1213402.76	1752361.75	2385754.25	0	1574170.6099999999	2387095.875	2183198.1	1793206.525	0	2586152.35	1213402.76	1752361.75	2385754.25
999	690.507011193788	10.062466	0	166693.13	205038.78749999998	466279.285	388992.6125	0	194850.7375	400443.48	306856.8725	324852.725	0	166693.13	205038.78749999998	466279.285	388992.6125
1000	311.31365576986065	10.072181	0	576426.09	267017.2425	392449.765	554351.495	0	360487.9475	549485.8325	488803.375	391467.4375	0	576426.09	267017.2425	392449.765	554351.495
1001	145.95439911247848	10.125639	0	486319.89	500311.25249999994	358223.4575	502604.6075	0	495375.7775	495440.305	370122.555	486520.57	0	486319.89	500311.25249999994	358223.4575	502604.6075
1002	163.96500509481535	10.133657	0	165094.8275	314844.435	237879.91	333013.1975	0	322242.53500000003	236485.65	166117.745	325986.44	0	165094.8275	314844.435	237879.91	333013.1975
1003	143.95899230865427	10.138844	0	1282217.55	1286781.475	1255774.35	1318683.675	0	1278309.25	1288355.2000000002	1295755.75	1281036.85	0	1282217.55	1286781.475	1255774.35	1318683.675
1004	161.9695864364293	10.142021	0	625339.575	830971.725	583749.435	807768.4025000001	0	813039.0625	603653.775	604429.735	826706.565	0	625339.575	830971.725	583749.435	807768.4025000001
1005	425.3049461416445	10.114745	0	281915.285	265874.305	274640.4675	272961.5625	0	271063.0025	272535.1575	262442.435	289351.025	0	281915.285	265874.305	274640.4675	272961.5625
1006	498.5246233588112	10.133397	0	176694.775	0.0	0.0	0.0	0	0.0	176694.775	0.0	0.0	0	176694.775	0.0	0.0	0.0
1007	758.5698087808157	10.182631	0	205371.9125	700112.0125	561786.615	1246702.525	0	1036977.9199999999	613832.2	520349.4	542813.545	0	205371.9125	700112.0125	561786.615	1246702.525
1008	691.598736237707	10.14092	0	516230.66000000003	0.0	261293.675	0.0	0	0.0	540075.425	168289.215	69159.695	0	516230.66000000003	0.0	261293.675	0.0
1009	161.96957944145933	10.159596	0	823278.915	789239.7150000001	784141.2849999999	759415.6975	0	795989.5875	779921.7	769425.585	810738.74	0	823278.915	789239.7150000001	784141.2849999999	759415.6975
1010	143.95899293980648	10.157319	0	1222238.85	1252899.075	1249440.2	1277913.925	0	1248176.975	1243483.625	1275079.7	1235751.75	0	1222238.85	1252899.075	1249440.2	1277913.925
1011	163.9649960451311	10.168231	0	329533.635	304722.9725	306551.71499999997	307941.605	0	315191.23	306127.79500000004	311179.5	316251.40249999997	0	329533.635	304722.9725	306551.71499999997	307941.605
1012	162.90698545715398	10.162893	0	334477.0	322669.2425	252931.84999999998	306803.1175	0	318044.4575	249070.5625	323406.19	326360.0	0	334477.0	322669.2425	252931.84999999998	306803.1175
1013	145.95439959850538	10.171146	0	454763.405	358810.83	358946.01749999996	499189.635	0	467186.35	477043.22	239355.4	488124.9175	0	454763.405	358810.83	358946.01749999996	499189.635
1014	718.538087279043	10.216718	0	32481.0675	195163.4125	200175.26	452816.35	0	345723.9275	178767.8425	147742.5375	208401.78250000003	0	32481.0675	195163.4125	200175.26	452816.35
1015	142.99115896154126	10.1776905	0	300781.765	313916.45	307896.0375	156909.285	0	297879.1925	303196.775	236825.225	241602.345	0	300781.765	313916.45	307896.0375	156909.285
1016	808.5830700889802	10.238842	0	0.0	81583.43	91673.39749999999	233783.63	0	191134.425	56667.215	78697.405	80541.4125	0	0.0	81583.43	91673.39749999999	233783.63
1017	184.88904163383577	10.1994	0	435662.4	405794.19	410510.2975	387097.5525	0	397594.4675	410157.96499999997	411023.39	420288.6175	0	435662.4	405794.19	410510.2975	387097.5525
1018	758.5698040000436	10.226579	0	236380.04	695364.825	564777.565	1249730.8499999999	0	1037480.0725	644708.2799999999	520983.6525	543081.275	0	236380.04	695364.825	564777.565	1249730.8499999999
1019	780.5517973100783	10.250614	0	0.0	143094.04	109999.4425	238796.355	0	186535.64500000002	113313.875	87998.78	104041.5375	0	0.0	143094.04	109999.4425	238796.355
1020	679.5987585420082	10.205156	0	2521243.505	0.0	853721.675	461834.875	0	330214.49	2313889.8	594538.3500000001	598157.415	0	2521243.505	0.0	853721.675	461834.875
1021	744.5541368719528	10.222459	0	423821.3175	953323.9725	722379.4299999999	1640873.4124999999	0	1345835.4849999999	828494.1599999999	830389.3925	735679.095	0	423821.3175	953323.9725	722379.4299999999	1640873.4124999999
1022	451.32077280024106	10.231213	0	0.0	0.0	0.0	0.0	0	0.0	0.0	0.0	0.0	0	0.0	0.0	0.0	0.0
1023	425.3049867937584	10.239942	0	1944988.85	1884229.35	1843457.0	1836881.975	0	1937012.475	1873383.625	1833966.3	1865194.775	0	1944988.85	1884229.35	1843457.0	1836881.975
1024	470.3630013573725	10.240889	0	782373.4225	749806.425	775167.7	747830.8875	0	770032.6575	763113.5875	750182.3625	771849.8275	0	782373.4225	749806.425	775167.7	747830.8875
1025	447.2870389055377	10.242025	0	289816.48	278097.8075	299101.18	275840.91500000004	0	281467.395	290800.34750000003	284276.8675	286311.77249999996	0	289816.48	278097.8075	299101.18	275840.91500000004
1026	786.6011020498132	10.244782	0	338204.9025	677488.4924999999	587138.21	1444351.225	0	1217976.2349999999	641599.2375	620964.7625	566642.595	0	338204.9025	677488.4924999999	587138.21	1444351.225
1027	396.3834630748645	10.272538	0	358036.5	194494.77250000002	301869.6825	410210.6875	0	323913.72500000003	348724.2175	260859.55	331114.15	0	358036.5	194494.77250000002	301869.6825	410210.6875
1028	568.4274112502818	10.274432	0	0.0	0.0	0.0	0.0	0	0.0	0.0	0.0	0.0	0	0.0	0.0	0.0	0.0
1029	766.5357635283061	10.291403	0	72721.48250000001	192372.6125	135187.2675	353217.97	0	291754.175	174292.775	155728.59	131723.7925	0	72721.48250000001	192372.6125	135187.2675	353217.97
1030	629.2736691926167	10.312826	0	0.0	154085.55	95569.695	127593.1775	0	92826.26250000001	87121.1875	131170.0375	66130.935	0	0.0	154085.55	95569.695	127593.1775
1031	607.2912653736768	10.315085	0	684280.45	983231.2875	874314.7975	783788.5375	0	750266.2475	854701.3	971487.2749999999	749160.25	0	684280.45	983231.2875	874314.7975	783788.5375
1032	758.5698079097901	10.329616	0	256648.93	656717.2649999999	555251.005	1190106.755	0	1000050.4299999999	634190.14	507259.81	517223.57499999995	0	256648.93	656717.2649999999	555251.005	1190106.755
1033	718.5381293913226	10.318983	0	33657.54	192772.8125	236767.7975	452457.92500000005	0	322257.3725	182420.1875	175514.90000000002	235463.615	0	33657.54	192772.8125	236767.7975	452457.92500000005
1034	184.88905769213133	10.293585	0	436234.1	405022.15	402552.7075	377394.08	0	397688.4225	400314.7175	399946.1125	423253.78500000003	0	436234.1	405022.15	402552.7075	377394.08
1035	503.38856023548567	10.334095	0	0.0	0.0	0.0	0.0	0	0.0	0.0	0.0	0.0	0	0.0	0.0	0.0	0.0
1036	744.5541316802314	10.308563	0	410130.05	898872.3425	673382.46	1576081.19	0	1328281.595	773803.6950000001	763852.6525000001	692528.1	0	410130.05	898872.3425	673382.46	1576081.19
1037	858.5400189241052	10.348856	0	0.0	0.0	0.0	0.0	0	0.0	0.0	0.0	0.0	0	0.0	0.0	0.0	0.0
1038	800.6166688936393	10.368224	0	0.0	45885.055	35889.105	108357.60250000001	0	81774.16	0.0	77093.22	31264.3825	0	0.0	45885.055	35889.105	108357.60250000001
1039	780.551816284692	10.345189	0	0.0	142854.9375	106386.5875	232560.83250000002	0	192225.58750000002	104910.60500000001	81763.2575	102902.9075	0	0.0	142854.9375	106386.5875	232560.83250000002
1040	656.2264661360033	10.357459	0	1365911.8	1523509.675	1748760.875	1381566.375	0	1276244.75	1478260.375	1431653.0	1833590.6	0	1365911.8	1523509.675	1748760.875	1381566.375
1041	633.1504086970058	10.357089	0	734590.175	784951.575	881618.1875	654606.1074999999	0	661613.55	777912.3474999999	723609.6725	892630.4750000001	0	734590.175	784951.575	881618.1875	654606.1074999999
1042	628.1951957479047	10.3579	0	1175610.15	1339686.575	1513955.275	1240408.8	0	1128955.65	1317683.5	1272302.0	1550719.65	0	1175610.15	1339686.575	1513955.275	1240408.8
1043	562.3658723918702	10.412253	0	254562.185	276957.615	263502.8725	281652.2675	0	275716.2175	252469.73500000002	272671.61750000005	275817.37	0	254562.185	276957.615	263502.8725	281652.2675
1044	712.4891044834931	10.405552	0	32786.335	0.0	70436.345	86232.575	0	0.0	32786.335	70436.345	86232.575	0	32786.335	0.0	70436.345	86232.575
1045	451.32079265889	10.439077	0	0.0	0.0	0.0	0.0	0	0.0	0.0	0.0	0.0	0	0.0	0.0	0.0	0.0
1046	143.95900574737468	10.39364	0	882589.11	890414.325	590755.35	846481.665	0	834510.36	650129.6599999999	874459.15	851141.28	0	882589.11	890414.325	590755.35	846481.665
1047	718.5381047413387	10.430156	0	61658.54875	167688.1425	221918.28499999997	415397.7475	0	281812.6	174770.91625	181653.875	228425.33250000002	0	61658.54875	167688.1425	221918.28499999997	415397.7475
1048	575.49140206754	10.491778	0	352815.675	331374.73250000004	338738.075	333352.16000000003	0	341622.6725	337063.735	336507.14	341087.095	0	352815.675	331374.73250000004	338738.075	333352.16000000003
1049	666.3686814375133	10.519783	0	121143.63750000001	42004.5625	43369.915	56044.415	0	43369.915	56044.415	41060.3175	122087.8825	0	121143.63750000001	42004.5625	43369.915	56044.415
1050	326.87662825606657	10.563577	0	262871.66500000004	236514.815	248746.5575	225675.9225	0	238624.17	241670.2325	240136.86	253377.6975	0	262871.66500000004	236514.815	248746.5575	225675.9225
1051	158.96409570009263	10.550231	0	349065.4475	320679.58249999996	322398.1775	307043.1775	0	314725.4975	331921.9	315072.14749999996	337466.83999999997	0	349065.4475	320679.58249999996	322398.1775	307043.1775
1052	808.5829950560914	10.594945	0	0.0	94585.5	108444.6075	279101.71749999997	0	214731.425	108754.195	64370.2925	94275.9125	0	0.0	94585.5	108444.6075	279101.71749999997
1053	312.32592075877795	10.700915	0	169774.4325	0.0	48898.1	118131.9125	0	43485.7575	187805.365	48898.1	56615.2225	0	169774.4325	0.0	48898.1	118131.9125
1054	459.30236084440565	10.705727	0	351823.5875	334040.8675	361805.265	342894.1375	0	337805.9275	369919.61	335045.4175	347792.90249999997	0	351823.5875	334040.8675	361805.265	342894.1375
1055	504.3603243173144	10.70613	0	2293706.1	2134051.95	2117347.25	2053877.225	0	2156291.175	2190334.4	2133553.25	2118803.7	0	2293706.1	2134051.95	2117347.25	2053877.225
1056	476.3289382764794	10.705929	0	332508.475	322236.2175	320351.7975	317086.85750000004	0	316251.5775	335687.0375	312328.3975	327916.335	0	332508.475	322236.2175	320351.7975	317086.85750000004
1057	143.95901163414948	10.637547	0	315392.7525	224944.46250000002	234972.78999999998	344151.615	0	308452.4375	230470.9475	334023.78500000003	246514.45	0	315392.7525	224944.46250000002	234972.78999999998	344151.615
1058	338.3416163449304	10.719754	0	1063105.4875	448987.6225	1011145.225	753434.4175	0	617545.075	940404.625	704583.2625	1014139.79	0	1063105.4875	448987.6225	1011145.225	753434.4175
1059	326.8766459204752	10.730683	0	271033.195	249897.315	251781.8075	244035.8725	0	248030.55250000002	254134.22999999998	248415.3325	266168.075	0	271033.195	249897.315	251781.8075	244035.8725
1060	410.31797698619744	10.728951	0	0.0	0.0	0.0	0.0	0	0.0	0.0	0.0	0.0	0	0.0	0.0	0.0	0.0
1061	677.5329836330321	10.771199	0	0.0	0.0	0.0	0.0	0	0.0	0.0	0.0	0.0	0	0.0	0.0	0.0	0.0
1062	954.615406009196	10.816513	0	0.0	0.0	0.0	0.0	0	0.0	0.0	0.0	0.0	0	0.0	0.0	0.0	0.0
1063	959.5704092008872	10.815525	0	0.0	0.0	0.0	0.0	0	0.0	0.0	0.0	0.0	0	0.0	0.0	0.0	0.0
1064	326.87665130833915	10.787537	0	275986.34	252704.8825	260318.4925	241821.4075	0	255638.2	253711.89500000002	252262.8175	269218.21	0	275986.34	252704.8825	260318.4925	241821.4075
1065	707.1694222751299	10.871715	0	507068.4825	544756.6525	637153.7	470048.795	0	472327.9025	527933.48	520719.21	638047.0375	0	507068.4825	544756.6525	637153.7	470048.795
1066	709.167860610329	10.871518	0	262651.9325	271767.44999999995	325544.88	195831.685	0	193625.495	260275.87499999997	280636.7	321257.8775	0	262651.9325	271767.44999999995	325544.88	195831.685
1067	702.2141339336289	10.87236	0	588213.5349999999	639895.445	785419.55	627621.575	0	601997.085	643783.525	625986.1799999999	769383.3150000001	0	588213.5349999999	639895.445	785419.55	627621.575
1068	730.2451996809579	10.872676	0	669268.2125	738774.0275	858651.49	707278.675	0	680038.3975	705544.4025	723730.18	864659.4249999999	0	669268.2125	738774.0275	858651.49	707278.675
1069	708.1700503446618	10.872089	0	336557.12	355445.9275	410399.10750000004	318318.73	0	316831.85750000004	344368.7175	341468.075	418052.235	0	336557.12	355445.9275	410399.10750000004	318318.73
1070	521.3993194883799	10.899956	0	0.0	0.0	0.0	0.0	0	0.0	0.0	0.0	0.0	0	0.0	0.0	0.0	0.0
1071	503.3886086847705	10.911792	0	0.0	0.0	0.0	0.0	0	0.0	0.0	0.0	0.0	0	0.0	0.0	0.0	0.0
1072	150.10262579814366	10.9652195	0	67905.155	140921.81	0.0	151819.95500000002	0	62118.425	67905.155	60155.825	170467.515	0	67905.155	140921.81	0.0	151819.95500000002
1073	800.6167415931986	11.008628	0	0.0	0.0	40212.54	176090.36	0	176090.36	40212.54	0.0	0.0	0	0.0	0.0	40212.54	176090.36
1074	478.4984380463493	10.984158	0	31969.621	0.0	0.0	143465.4925	0	106024.45	0.0	69410.6635	0.0	0	31969.621	0.0	0.0	143465.4925
1075	452.482644349536	10.993156	0	0.0	0.0	0.0	66045.4925	0	66045.4925	0.0	0.0	0.0	0	0.0	0.0	0.0	66045.4925
1076	150.10262993414483	11.078228	0	246060.44	364218.7625	187263.265	78798.55	0	145339.6	183749.1125	326252.5925	220999.71250000002	0	246060.44	364218.7625	187263.265	78798.55
1077	433.3102192103589	11.140339	0	0.0	0.0	0.0	0.0	0	0.0	0.0	0.0	0.0	0	0.0	0.0	0.0	0.0
1078	478.3681578357725	11.138451	0	0.0	0.0	0.0	0.0	0	0.0	0.0	0.0	0.0	0	0.0	0.0	0.0	0.0
1079	504.5140952567208	11.141134	0	323872.2	383005.7175	459922.69500000007	947339.9175000001	0	812526.6625000001	314120.735	564718.235	422774.8975	0	323872.2	383005.7175	459922.69500000007	947339.9175000001
1080	549.5721161099113	11.139735	0	34272.64	0.0	0.0	133256.5275	0	91672.04	0.0	75857.1275	0.0	0	34272.64	0.0	0.0	133256.5275
1081	150.10263259660152	11.203207	0	103125.46	291861.115	347697.4525	224030.265	0	166883.39	272383.9125	236142.865	291304.125	0	103125.46	291861.115	347697.4525	224030.265
1082	792.5624603281859	11.19405	0	0.0	0.0	0.0	0.0	0	0.0	0.0	0.0	0.0	0	0.0	0.0	0.0	0.0
1083	797.5177779915398	11.191908	0	0.0	0.0	0.0	0.0	0	0.0	0.0	0.0	0.0	0	0.0	0.0	0.0	0.0
1084	125.09037217113682	11.2052	0	269805.52749999997	153406.405	212249.735	327355.135	0	183204.8625	284530.36	242153.3125	252928.26750000002	0	269805.52749999997	153406.405	212249.735	327355.135
1085	480.3839109980187	11.240496	0	0.0	0.0	0.0	0.0	0	0.0	0.0	0.0	0.0	0	0.0	0.0	0.0	0.0
1086	150.10263134167326	11.277111	0	286887.4	333493.88	502013.54000000004	425204.1	0	387852.835	237141.69	455075.225	467529.17000000004	0	286887.4	333493.88	502013.54000000004	425204.1
1087	698.4994947377563	11.288345	0	118091.02	36904.245	0.0	0.0	0	0.0	0.0	44646.55	110348.715	0	118091.02	36904.245	0.0	0.0
1088	712.2347824191967	11.292867	0	349264.3	321425.805	319743.5525	375965.01	0	339377.78500000003	352873.7	334180.98250000004	339966.2	0	349264.3	321425.805	319743.5525	375965.01
1089	684.2034272488121	11.297989	0	810511.0525	785589.69	793949.2125	915900.7825	0	803375.5349999999	877506.9775	807722.825	817345.4	0	810511.0525	785589.69	793949.2125	915900.7825
1090	519.3836670260076	11.309179	0	0.0	0.0	0.0	0.0	0	0.0	0.0	0.0	0.0	0	0.0	0.0	0.0	0.0
1091	776.2329284878352	11.324043	0	301809.90499999997	347407.925	411850.7125	306052.4625	0	302435.69999999995	324322.3	325672.2075	414690.7975	0	301809.90499999997	347407.925	411850.7125	306052.4625
1092	781.188194414627	11.324043	0	335448.8125	370908.49	400668.0	339304.445	0	320279.6825	347189.765	347272.125	431588.17500000005	0	335448.8125	370908.49	400668.0	339304.445
1093	804.2640008068489	11.3250265	0	351304.5675	385767.455	427975.475	341928.97	0	351604.96499999997	367091.395	354815.9575	433464.15	0	351304.5675	385767.455	427975.475	341928.97
1094	504.514093757087	11.333272	0	376575.35750000004	494151.62	586232.64	1212905.9175	0	1044976.23	398345.0525	689315.74	537228.5125	0	376575.35750000004	494151.62	586232.64	1212905.9175
1095	549.5721431143139	11.3467045	0	0.0	0.0	28315.0125	143237.56	0	100644.165	0.0	42593.395	28315.0125	0	0.0	0.0	28315.0125	143237.56
1096	125.09035199149382	11.379783	0	223346.61	329480.6325	164478.605	506159.225	0	245717.60249999998	219917.3575	499657.2175	258172.89500000002	0	223346.61	329480.6325	164478.605	506159.225
1097	150.1026370883215	11.375427	0	273822.695	586524.275	385121.07	569028.7224999999	0	461772.89249999996	338972.45	578356.425	435394.995	0	273822.695	586524.275	385121.07	569028.7224999999
1098	150.1026346976681	11.43713	0	237136.57	568870.15	476421.1775	488544.36250000005	0	402087.065	520037.185	359924.735	488923.275	0	237136.57	568870.15	476421.1775	488544.36250000005
1099	519.3836640104633	11.451336	0	0.0	0.0	0.0	0.0	0	0.0	0.0	0.0	0.0	0	0.0	0.0	0.0	0.0
1100	435.32590921867967	11.507243	0	0.0	0.0	0.0	0.0	0	0.0	0.0	0.0	0.0	0	0.0	0.0	0.0	0.0
1101	150.10263103305496	11.543242	0	514566.11750000005	624719.8	241929.9225	328317.91500000004	0	338818.515	561799.8	326823.4625	482091.97750000004	0	514566.11750000005	624719.8	241929.9225	328317.91500000004
1102	125.09035248283638	11.539269	0	318840.125	509462.05	277651.89	311498.25	0	290124.12	428708.5725	308854.8525	389764.77	0	318840.125	509462.05	277651.89	311498.25
1103	150.10263044083123	11.585743	0	386980.79000000004	581666.975	657392.1125	462541.8175	0	553156.4675	601718.095	543547.515	390159.6175	0	386980.79000000004	581666.975	657392.1125	462541.8175
1104	576.4659237776171	11.5902815	0	4207487.25	4233330.375	4202969.5	4150914.8	0	4236160.05	4323904.05	4148870.25	4085767.575	0	4207487.25	4233330.375	4202969.5	4150914.8
1105	553.3902130166698	11.59034	0	6567864.875	6545315.625	6492132.0	6376957.5	0	6508467.75	6704301.125	6242642.25	6526858.875	0	6567864.875	6545315.625	6492132.0	6376957.5
1106	531.408275870885	11.590518	0	4650318.125	4704119.125	4613026.375	4589639.3	0	4726541.05	4847468.75	4496275.0	4486818.125	0	4650318.125	4704119.125	4613026.375	4589639.3
1107	1083.790537036871	11.589873	0	369813.52499999997	379958.355	365062.2975	368773.9625	0	381390.0325	367362.53500000003	359240.1475	375615.425	0	369813.52499999997	379958.355	365062.2975	368773.9625
1108	569.3640301697418	11.59098	0	498021.105	490836.355	482903.1725	486034.225	0	488743.495	500386.87	471075.21499999997	497589.27749999997	0	498021.105	490836.355	482903.1725	486034.225
1109	604.4969547696973	11.590846	0	212485.6225	264027.0275	194619.635	213179.645	0	250879.3025	222946.205	214449.10249999998	196037.32	0	212485.6225	264027.0275	194619.635	213179.645
1110	163.09786993098012	11.598961	0	0.0	0.0	64076.52	0.0	0	64076.52	0.0	0.0	0.0	0	0.0	0.0	64076.52	0.0
1111	150.1026353224078	11.674581	0	436931.04500000004	416765.0475	368434.69	274484.7	0	263303.1125	246508.0775	572091.1425000001	414713.15	0	436931.04500000004	416765.0475	368434.69	274484.7
1112	125.0903605297073	11.710744	0	322475.685	333327.625	357445.28	181026.69	0	398016.89	259857.9775	242013.8825	294386.53	0	322475.685	333327.625	357445.28	181026.69
1113	150.10263873079418	11.7222595	0	407799.955	315084.3625	443039.925	425842.7975	0	292753.1125	280114.815	596999.39	421899.7225	0	407799.955	315084.3625	443039.925	425842.7975
1114	150.10263974597788	11.809474	0	563974.915	496100.025	561934.1325000001	520673.54	0	482693.595	515932.16500000004	540178.5525	603878.3	0	563974.915	496100.025	561934.1325000001	520673.54
1115	163.09786883518262	11.833327	0	137193.015	168350.43	51431.37	0.0	0	160922.865	0.0	119144.66	76907.29	0	137193.015	168350.43	51431.37	0.0
1116	855.2068884204715	11.827602	0	204190.63	221704.62	237731.63	207056.83500000002	0	203795.9725	217953.86	203669.99	245263.89250000002	0	204190.63	221704.62	237731.63	207056.83500000002
1117	878.2828204970688	11.829357	0	207510.7925	214330.1775	235465.9875	212052.13	0	195272.7575	201229.665	220017.0275	252839.6375	0	207510.7925	214330.1775	235465.9875	212052.13
1118	850.2516595064776	11.828896	0	176182.0	173841.995	194102.2425	159237.83000000002	0	159988.71	173250.72	169636.4075	200488.23	0	176182.0	173841.995	194102.2425	159237.83000000002
1119	670.4399647294063	11.886323	0	545533.425	567396.5900000001	525187.475	576174.1025	0	561265.2025	571068.335	544751.665	537206.39	0	545533.425	567396.5900000001	525187.475	576174.1025
1120	163.0978601934113	11.891492	0	69479.725	268506.07999999996	159181.1875	192193.685	0	244735.84000000003	0.0	169645.205	274979.6325	0	69479.725	268506.07999999996	159181.1875	192193.685
1121	125.09034387603396	11.907854	0	255945.625	554767.3575	222304.15000000002	417123.3625	0	352056.65	159874.9875	367046.9525	571161.905	0	255945.625	554767.3575	222304.15000000002	417123.3625
1122	536.1659192304793	11.918655	0	2611774.775	2591867.95	2650307.45	2585199.925	0	2600853.925	2516693.575	2590242.325	2731360.275	0	2611774.775	2591867.95	2650307.45	2585199.925
1123	564.1969876357359	11.919543	0	306096.51749999996	293818.22750000004	311121.6475	294550.44	0	294930.3825	299485.0625	295589.8125	315581.575	0	306096.51749999996	293818.22750000004	311121.6475	294550.44
1124	150.10263275546055	11.931538	0	484008.55	902551.3675	345945.46	492430.7125	0	601156.6225	393104.48	841390.2625	389284.725	0	484008.55	902551.3675	345945.46	492430.7125
1125	541.1204392170345	11.921393	0	0.0	0.0	0.0	0.0	0	0.0	0.0	0.0	0.0	0	0.0	0.0	0.0	0.0
1126	670.4399563526731	11.913083	0	450443.2125	472708.1975	553949.6950000001	482389.08999999997	0	480001.4	475999.1725	452279.7925	551209.8300000001	0	450443.2125	472708.1975	553949.6950000001	482389.08999999997
1127	150.10262928757436	11.940561	0	431196.0125	660553.65	240619.75	745894.7925	0	399387.9625	307346.0775	853690.025	517840.14	0	431196.0125	660553.65	240619.75	745894.7925
