row ID,row m/z,row retention time,intensity_measure,ion_mobility,ion_mobility_unit,ccs,correlation group ID,annotation network number,best ion,auto MS2 verify,identified by n=,partners,neutral M mass,20260428_CVOL_Group_01_11A.mzML Peak area,20260428_CVOL_Group_01_11B.mzML Peak area,20260428_CVOL_Group_01_11C.mzML Peak area,20260428_CVOL_Group_01_11D.mzML Peak area,20260428_CVOL_Group_01_4A.mzML Peak area,20260428_CVOL_Group_01_4B.mzML Peak area,20260428_CVOL_Group_01_4C.mzML Peak area,20260428_CVOL_Group_01_4D.mzML Peak area,20260428_CVOL_Group_01_8A.mzML Peak area,20260428_CVOL_Group_01_8B.mzML Peak area,20260428_CVOL_Group_01_8C.mzML Peak area,20260428_CVOL_Group_01_8D.mzML Peak area,20260428_CVOL_Group_01_QC_01.mzML Peak area,20260428_CVOL_Group_01_QC_02.mzML Peak area,20260428_CVOL_Group_01_QC_03.mzML Peak area,20260428_CVOL_Group_01_QC_04.mzML Peak area,20260428_CVOL_Group_01_QC_05.mzML Peak area,20260428_CVOL_Group_01_QC_06.mzML Peak area,20260428_CVOL_Group_01_WT_A.mzML Peak area,20260428_CVOL_Group_01_WT_B.mzML Peak area,20260428_CVOL_Group_01_WT_C.mzML Peak area,20260428_CVOL_Group_01_WT_D.mzML Peak area,20260428_CVOL_Group_01_blank.mzML Peak area,Unnamed: 36
1,864.6970432842786,0.46420103,height,,,,,,,,,,,1213536.2,1717618.6,2109035.0,2375066.0,0.0,0.0,0.0,0.0,2125877.2,2034818.1,2312183.8,2193369.5,2359408.2,2206824.0,2493775.2,2865918.8,2740329.8,2042846.8,1283268.5,1670939.9,1831583.2,1299390.6,0.0,
2,880.7186449323104,0.46513987,height,,,,,,,,,,,3649952.2,6298573.0,6484235.0,8284532.0,303170.7,357480.72,0.0,0.0,7247271.5,6896518.0,7848354.0,6757121.0,9157721.0,9353190.0,10441448.0,11320502.0,11989982.0,8665564.0,4580282.5,4929419.0,6221318.0,3835034.8,0.0,
3,896.7131757348998,0.46667564,height,,,,,,,,,,,3942398.8,1913106.5,2951196.8,3855247.2,0.0,0.0,0.0,0.0,3248691.8,1563456.4,4022570.5,2199520.2,3074285.2,3253937.0,3207072.2,3362456.5,3543859.8,2723084.2,2816163.5,5943215.0,3510119.2,2849862.8,0.0,
4,936.7500700850196,0.46755576,height,,,,,,,,,,,618975.3,0.0,0.0,960899.5,437867.4,344456.47,395754.7,0.0,371643.6,673642.9,597129.06,568436.75,868502.75,807512.3,939435.3,854359.3,937606.2,741626.75,986591.6,2003996.4,1070561.1,472208.66,0.0,
5,1010.0348474698876,0.46751004,height,,,,,,,,,,,1527461.4,1858813.8,2171138.2,2260978.2,1703558.9,1746961.4,1808026.9,1743666.1,3434666.5,1285844.0,1996671.2,2065832.6,2731493.2,2919293.2,2820134.5,3250379.8,3534036.2,2498198.0,1610614.5,1854757.2,2420306.8,1458088.1,2176533.2,
6,1008.0203440254452,0.46799037,height,,,,,,,,,,,1240291.9,1377342.9,1525346.6,1565133.8,1191053.5,1229259.1,1011818.9,1181845.9,1990069.8,1012767.0,1388070.2,1378321.0,1952037.6,2137194.0,1991442.9,2290605.0,2336415.8,1812103.4,1272722.8,1891508.5,1804172.6,956391.3,1734326.8,
7,1012.0485978622714,0.46604472,height,,,,,,,,,,,722682.6,1152931.8,1188507.5,1379254.2,1102343.4,1049352.2,4911873.5,979680.7,2939909.0,661205.1,1030677.4,1173648.4,1516663.2,1587836.5,1683439.0,1883606.4,1977386.0,1394414.8,873379.7,778982.8,1265055.5,809307.7,1046769.75,
8,727.5664255453047,0.46790916,height,,,,,,,,,,,0.0,0.0,0.0,0.0,13881398.0,14479932.0,12265847.0,13877310.0,0.0,0.0,0.0,0.0,4620993.0,4401979.0,4343418.5,6016744.5,5071168.0,4007107.2,0.0,0.0,0.0,0.0,0.0,
9,744.5930333561223,0.46790916,height,,,,,,,,,,,0.0,0.0,0.0,0.0,36897096.0,32664652.0,30473786.0,34145170.0,0.0,0.0,0.0,0.0,11067639.0,10904247.0,11148714.0,12930291.0,13042391.0,9232745.0,0.0,0.0,0.0,0.0,0.0,
10,728.5718006555995,0.46792015,height,,,,,,,,,,,0.0,0.0,0.0,0.0,11825572.0,12359810.0,11284478.0,12534465.0,0.0,0.0,0.0,0.0,4530118.0,4168274.2,4394830.0,5657125.0,4583219.5,3716083.2,0.0,0.0,0.0,0.0,0.0,
11,850.2514145348215,0.47134376,height,,,,,,,,,,,989740.44,1251401.9,1081327.9,1038482.7,1360468.1,913298.25,1181807.1,1010535.44,982284.5,1081342.5,1214149.8,1166707.6,2700546.5,2669975.0,2490489.5,3020156.0,2976249.0,2323468.5,834463.8,1107917.1,1051617.9,883737.0,980116.2,
12,197.0808673353696,0.47501713,height,,,,,,,,,,,427771.8,398223.06,544050.75,587940.94,1927630.4,1695144.5,1570686.9,2005733.9,585506.06,408760.0,0.0,573510.75,1060909.5,1098707.9,1289689.6,1378121.9,1273754.9,1178321.6,442460.66,569774.0,524472.06,0.0,0.0,
13,760.5865524073291,0.4701272,height,,,,,,,,,,,0.0,0.0,0.0,0.0,8494614.0,5549827.5,3624249.2,6372659.5,0.0,0.0,0.0,0.0,1800770.2,1824604.2,2017120.0,1913270.1,2089172.4,1757426.6,0.0,0.0,0.0,0.0,0.0,
14,508.5358318731416,0.47748595,height,,,,,,,,,,,3302193.0,4384954.5,5036769.0,4812290.5,5022746.0,5146712.0,6328009.5,4907935.0,6897532.5,3320854.8,4826659.5,4742522.0,6704737.0,5320332.0,5051041.0,6829249.5,6676535.5,6251072.5,4717842.5,4150141.8,6104672.5,3931758.8,4563938.5,
15,506.5293037198901,0.47891578,height,,,,,,,,,,,52974884.0,65923292.0,76155790.0,67971490.0,68053464.0,69638490.0,75069340.0,69394390.0,95089790.0,51052556.0,59445100.0,72940660.0,84527460.0,83249060.0,77783510.0,100813130.0,101414900.0,94417430.0,63876812.0,58399748.0,81339570.0,51223676.0,58115210.0,
16,480.51495074782815,0.4812256,height,,,,,,,,,,,1059579.4,1506919.9,1670218.0,1354735.2,2053516.2,1779352.8,0.0,1597196.1,3051938.5,1170453.2,1356737.6,1498953.4,1773121.4,1779998.8,1661183.1,2256346.5,2281341.5,2081227.2,1348271.0,654335.3,1619121.8,1163936.8,1264830.6,
17,670.4679577351507,0.48036534,height,,,,,,,,,,,1650461.0,1518692.0,2581993.0,2919938.5,2730580.8,2377044.8,1824548.0,2944019.0,3868246.0,1601798.4,1726548.6,1146287.2,2764874.2,2500802.5,2230342.2,2958863.0,3207110.0,2920520.8,2259514.8,2330984.0,2465034.8,1688273.9,640254.56,
18,1142.8257733016922,0.48102048,height,,,,,,,,,,,509340.44,849012.56,1657795.4,1941880.4,828056.9,1228618.4,1168403.8,1319553.0,2776391.5,861004.7,827411.44,839565.0,1213218.9,1172151.9,932600.3,1537892.2,1426287.2,1281351.2,599304.56,602280.2,913175.44,581817.75,519595.06,
19,478.4985802829702,0.48251522,height,,,,,,,,,,,7165677.0,7029235.0,8243540.5,7192680.0,6137537.0,6765516.5,5487903.0,6995847.0,9051176.0,6213643.5,6646753.0,7831392.5,9436403.0,8449440.0,7549404.5,9890373.0,10282225.0,9710515.0,8034353.0,10951737.0,8726994.0,5243828.0,7824701.5,
20,502.4990660983268,0.48251522,height,,,,,,,,,,,17524806.0,16888328.0,19456734.0,17137836.0,15381418.0,16081107.0,14309675.0,18399690.0,21097250.0,14604022.0,16693465.0,18376354.0,22541154.0,20255542.0,17847412.0,23309368.0,24543604.0,22797690.0,19557876.0,27539864.0,21417144.0,13139387.0,22160292.0,
21,504.5143756407451,0.48251522,height,,,,,,,,,,,78523750.0,79852370.0,95963290.0,81661816.0,76878264.0,80688980.0,66621390.0,83587304.0,102566180.0,67000732.0,76611490.0,89092310.0,108026696.0,100320080.0,89903200.0,116702730.0,121478160.0,115266910.0,89466430.0,118769976.0,104220970.0,61706828.0,96811224.0,
22,520.5093133493107,0.48294303,height,,,,,,,,,,,6522054.5,4342847.5,5514936.5,6113031.0,8568876.0,6989505.5,4520736.5,6807850.5,6202847.5,3593391.2,6894426.5,4714806.0,8157658.0,7188287.5,6351416.0,8193436.0,9113913.0,8438615.0,6969006.0,10254696.0,6747410.5,5012189.0,6476424.0,
23,503.5023799306841,0.48303318,height,,,,,,,,,,,6578797.5,6565054.5,7031281.5,6402424.5,5941557.0,5981553.5,4984331.0,6490569.5,7717588.0,5314100.5,5998613.0,6762567.5,7979620.5,7348764.0,6642351.5,8326009.0,9044882.0,8571139.0,7852899.5,9854137.0,7993650.5,4922539.0,7909125.0,
24,500.4833539986467,0.48602277,height,,,,,,,,,,,2011717.1,1877465.6,2102362.2,1862304.2,1970585.9,1893664.1,1687319.2,2117682.8,2210075.8,1605772.5,1891419.5,2098042.5,2713875.5,2081219.8,2113281.8,2467545.2,2736389.2,2597761.2,2145444.5,3021853.2,2512571.2,1459308.4,2244825.2,
25,424.4512637527176,0.4877205,height,,,,,,,,,,,3804320.8,3748913.8,4590219.0,4401259.0,3442108.2,3796926.8,3204075.2,3963216.8,5335829.0,2884420.0,3754505.5,4358999.0,5431118.5,4060676.2,4315908.5,5300429.0,5605390.5,5480229.0,5059599.0,5029897.0,4951627.0,3431160.0,6040346.5,
26,654.3324356579716,0.48810425,height,,,,,,,,,,,18755110.0,20257984.0,43745350.0,44511604.0,26752890.0,37148296.0,35009280.0,35926944.0,53626532.0,31287902.0,24126426.0,22916502.0,34467732.0,27301064.0,27949432.0,35535944.0,34751020.0,32266864.0,13749912.0,18360564.0,21428034.0,14625900.0,10913347.0,
27,637.3055382519669,0.48893395,height,,,,,,,,,,,6536834.0,7726695.0,17048892.0,16089717.0,10112325.0,13789626.0,12663976.0,13899980.0,20984230.0,12102002.0,9170309.0,9117536.0,13501251.0,10855362.0,10702884.0,14276403.0,13086448.0,13032280.0,5718511.5,6719672.0,8291293.5,5624369.0,4115252.2,
28,396.4199156428441,0.48898605,height,,,,,,,,,,,2189079.8,1976199.6,2062204.2,1871753.0,1560122.9,1972560.4,1565321.9,1932547.4,2398655.2,1484736.8,1900164.6,2115626.5,2707726.5,2002643.5,1991083.8,2424639.2,2182136.5,2586370.5,2539272.2,2621992.2,2485008.0,1344949.2,2893327.0,
29,368.3887122589519,0.4898228,height,,,,,,,,,,,2616467.2,2432837.5,2488414.2,2330617.0,2077147.4,2167949.5,1953749.4,2250129.5,2555504.5,1771508.5,2364439.0,2487897.5,3006979.2,2252999.5,2386107.0,2848037.8,2906751.8,2905563.0,2990288.0,3250468.0,2860145.8,1702268.2,3289072.0,
30,548.300934547647,0.48985967,height,,,,,,,,,,,2945033.0,2789603.8,6309309.0,5729602.5,5036859.0,6008933.5,4921428.0,6263154.5,7516382.5,3370356.0,4103783.5,2099075.0,5320953.5,4099059.5,4487404.0,5352574.5,5597500.5,5265679.5,4265298.0,2334156.0,3916807.8,2785907.0,1724062.1,
31,425.3624805186801,0.49033463,height,,,,,,,,,,,11055395.0,8043631.0,8532985.0,7327154.0,3243233.0,3216327.0,3544754.0,3542026.0,3930439.5,11634707.0,9536471.0,11478760.0,12319892.0,10279021.0,9121316.0,11658615.0,10343498.0,11784632.0,21541844.0,20018308.0,17903844.0,9619025.0,0.0,
32,396.3837360269454,0.4906748,height,,,,,,,,,,,8699563.0,5240977.5,5940386.0,6292023.5,7035342.0,7453335.5,5752534.0,7723318.5,7212601.5,3635598.0,7986554.0,5965840.5,10159275.0,7848320.0,7856514.5,8759033.0,9057071.0,9342253.0,9089451.0,9563464.0,8477663.0,5942862.5,13056751.0,
33,531.2744384190124,0.4906927,height,,,,,,,,,,,4030882.0,3631624.8,8655356.0,8130222.0,6794847.5,7459243.0,6271756.0,8275058.0,10194559.0,4362192.0,5573700.5,2949318.2,7308102.0,5746213.5,6576261.0,6506578.0,7317063.5,7193122.5,5720112.5,3209937.2,4920986.0,3994977.0,2359088.0,
34,518.4933810024978,0.49108675,height,,,,,,,,,,,8833995.0,5429403.0,7175104.0,7733950.0,7371551.0,8070105.0,5962901.5,8329320.5,8802938.0,4105483.5,8699605.0,5961048.0,10515159.0,8146113.0,8506325.0,9495648.0,9852492.0,9969751.0,9761090.0,10826292.0,9067533.0,6141234.0,13409423.0,
35,534.4886961662395,0.49264577,height,,,,,,,,,,,2111845.8,1556003.9,1574690.2,2131213.8,2843427.2,2298697.5,1688503.0,2535986.8,2104150.2,1211256.1,2955720.8,1532782.9,2854011.0,2532388.0,2473957.8,2653192.5,2615207.2,2650472.0,2503396.8,2806095.0,2575347.5,1841815.0,3206869.8,
36,516.4778614424426,0.4926599,height,,,,,,,,,,,2566386.5,1354368.1,1783189.0,1816852.5,1685882.0,1852748.0,1416767.9,1910510.2,2083293.4,1187402.2,2086047.4,1585425.5,2554991.0,2386651.5,2268036.2,2251503.0,2291648.8,2379743.8,2174524.2,2539004.5,2212984.8,1579380.9,3322294.2,
37,505.517520029256,0.4824812,height,,,,,,,,,,,28792816.0,29440932.0,35268348.0,32454778.0,29678560.0,31703400.0,24498490.0,31441570.0,38814972.0,30033248.0,35051660.0,35291844.0,48818356.0,38701504.0,35674172.0,46170110.0,45627484.0,44274440.0,36074428.0,48381300.0,45644530.0,25197880.0,39721116.0,
38,368.4249066335505,0.49696064,height,,,,,,,,,,,0.0,0.0,0.0,0.0,0.0,0.0,0.0,0.0,0.0,0.0,0.0,0.0,0.0,0.0,557949.4,433353.28,480507.94,441878.2,1054009.1,387829.34,3072163.8,1055175.6,0.0,
39,918.5775015377652,0.49821144,height,,,,,,,,,,,3527609.5,4158671.2,9942812.0,8518216.0,3849651.0,7253464.5,6211660.0,5635613.0,10577859.0,6520529.0,4058986.0,4831218.5,7347132.0,5999505.5,6186734.0,5441200.5,7105722.0,5306723.0,2842879.8,4365361.5,4542427.0,3123460.5,2836573.0,
40,310.3103368132526,0.51177406,height,,,,,,,,,,,13093282.0,13895955.0,13651638.0,11583346.0,8384885.5,11283753.0,12415546.0,11686242.0,15368977.0,17903678.0,9299749.0,16956686.0,15400175.0,14750818.0,14982590.0,14905805.0,16159544.0,17212032.0,13849919.0,19031560.0,18388398.0,9996410.0,18567266.0,
41,283.2818188871933,0.5186251,height,,,,,,,,,,,212221490.0,225562610.0,194866080.0,172616880.0,129264170.0,159703470.0,200166640.0,157662850.0,214242320.0,231622220.0,118408400.0,231803860.0,207880720.0,201032050.0,190899360.0,210023600.0,232789340.0,215884560.0,190202820.0,261856740.0,244139860.0,144256050.0,255169660.0,
42,265.25275493598934,0.5166058,height,,,,,,,,,,,19176668.0,20527292.0,22022632.0,15699265.0,12889462.0,16972208.0,16337165.0,16177562.0,21243864.0,24466682.0,13409127.0,24506744.0,18383416.0,19145034.0,19722872.0,20497860.0,23459956.0,24290860.0,16813266.0,26609178.0,26608400.0,14927487.0,24332406.0,
43,563.5515826584541,0.51664484,height,,,,,,,,,,,10728667.0,13981799.0,12363565.0,10824210.0,5096091.5,10420403.0,9780969.0,7217422.0,13382240.0,12811526.0,6731266.0,16025193.0,11019881.0,10759037.0,12946985.0,12235371.0,13773505.0,15125995.0,11130183.0,15402086.0,18821954.0,8172597.0,16409135.0,
44,318.24032370236284,0.5194503,height,,,,,,,,,,,27166414.0,20846526.0,15109982.0,27909596.0,39017840.0,30735472.0,22146790.0,29720614.0,14115315.0,23231222.0,35291520.0,18343336.0,22708444.0,24584352.0,25606796.0,25614444.0,28015402.0,30078312.0,27822098.0,27025432.0,22811020.0,40202036.0,17081898.0,
45,324.2897156356009,0.52138865,height,,,,,,,,,,,6848469.0,4585108.5,3775749.2,7275366.5,12092265.0,7739769.0,5356528.5,7701866.5,3930621.5,5177164.5,10758761.0,3374466.0,6045554.5,6654281.5,7107818.0,7262594.0,7724722.0,8532684.0,6690158.0,7172234.0,5511966.5,10314003.0,4086000.0,
46,268.26365229191885,0.5230259,height,,,,,,,,,,,15138279.0,17813246.0,15826824.0,12682153.0,10891894.0,12155340.0,13286973.0,12461656.0,15757023.0,18221306.0,9584721.0,17863226.0,13633713.0,13456055.0,14430282.0,15746729.0,16765425.0,17413602.0,13640823.0,18820644.0,19176232.0,11433694.0,19213584.0,
47,256.26359913460385,0.5233963,height,,,,,,,,,,,69314270.0,71436310.0,65712948.0,59970532.0,67763370.0,61625710.0,59355990.0,60346660.0,63428492.0,76250570.0,58402910.0,72042170.0,64202620.0,66246730.0,69700190.0,71956024.0,75214030.0,79452580.0,63460268.0,76828550.0,79362184.0,64894004.0,80295740.0,
48,339.300643099469,0.5238077,height,,,,,,,,,,,16013423.0,10139843.0,8555520.0,14963992.0,27412712.0,17864564.0,11624383.0,16754896.0,10212876.0,12790828.0,22189570.0,9174826.0,14645124.0,15762414.0,16689778.0,17416726.0,18452666.0,19272734.0,12947186.0,17207094.0,12442822.0,22767460.0,10654058.0,
49,254.2480445824552,0.52459013,height,,,,,,,,,,,64802080.0,78360424.0,68024690.0,51506916.0,43109210.0,51655324.0,59770430.0,52575060.0,67970240.0,80053530.0,33857340.0,77623110.0,60355920.0,64638430.0,64138860.0,65820916.0,65981216.0,70958264.0,62401760.0,73956456.0,82427570.0,49470390.0,88492950.0,
50,299.27722341537674,0.52577484,height,,,,,,,,,,,16825360.0,10005254.0,8444770.0,17600466.0,30450892.0,21750826.0,17424388.0,19977844.0,9530050.0,12224979.0,28550028.0,10223572.0,15702825.0,17251640.0,17335670.0,17503092.0,17738522.0,19885114.0,17662552.0,16335195.0,12034394.0,27410146.0,10351831.0,
51,298.273764479676,0.5261587,height,,,,,,,,,,,86097016.0,53179304.0,42842440.0,91506584.0,154593070.0,107010984.0,70488130.0,96800770.0,44390892.0,60256020.0,141993710.0,43159308.0,76513550.0,91131300.0,89104060.0,86374890.0,92980550.0,98787270.0,86437130.0,80133900.0,57463330.0,140794910.0,51207450.0,
52,255.2513745790916,0.52464765,height,,,,,,,,,,,0.0,14085349.0,12354158.0,8563239.0,7202970.0,9117068.0,11995695.0,8641558.0,12003942.0,13516432.0,6475500.5,13503438.0,10310605.0,10185611.0,11631693.0,11231987.0,12009393.0,12275141.0,10141696.0,13485530.0,15121839.0,9036470.0,16674620.0,
53,257.2669056606351,0.52219296,height,,,,,,,,,,,13169788.0,12290326.0,12157390.0,11561443.0,11304058.0,11019683.0,13342006.0,10876574.0,11376357.0,12792499.0,11470576.0,11958206.0,13911638.0,13060024.0,12776844.0,12955068.0,13626249.0,14097535.0,10811337.0,14621405.0,13360940.0,11742863.0,13802934.0,
54,296.25847473765737,0.527725,height,,,,,,,,,,,414514800.0,260429340.0,205688080.0,429237100.0,770598200.0,515483650.0,345173100.0,441151550.0,190961980.0,280460000.0,684010000.0,188060380.0,377635260.0,441100480.0,415284800.0,394552160.0,432615000.0,460569860.0,463143300.0,414797760.0,268421860.0,671922700.0,222807420.0,
55,297.2616603484149,0.5277229,height,,,,,,,,,,,81711610.0,50934590.0,40461804.0,83881624.0,152945800.0,101606890.0,68643960.0,88551096.0,37032576.0,54546360.0,134569620.0,37102800.0,74974280.0,87117620.0,83210750.0,77485730.0,85767230.0,91846620.0,90390200.0,81694456.0,55393250.0,130635250.0,43741690.0,
56,279.232584021691,0.53007174,height,,,,,,,,,,,33023018.0,18057110.0,16916026.0,29195590.0,57129320.0,37220470.0,25009574.0,30111334.0,14995857.0,20407232.0,49468612.0,15695856.0,28251542.0,33050496.0,28934588.0,32815936.0,31057656.0,33032222.0,34394372.0,28558236.0,20144590.0,54249452.0,17902472.0,
57,298.2651562068056,0.52694017,height,,,,,,,,,,,7122389.0,5151932.0,5019616.0,6971766.5,10731106.0,7651158.0,6295395.5,6992584.0,3445840.2,4821339.0,10912709.0,3503280.5,7363979.0,8796516.0,6685132.5,6901439.0,7485926.5,8175721.5,8248089.0,7158843.0,5236370.5,10611053.0,3787125.0,
58,263.23720004956425,0.53242576,height,,,,,,,,,,,35270390.0,30935888.0,25441240.0,27708328.0,42020068.0,33611500.0,28952346.0,26551532.0,24337740.0,31649788.0,45374200.0,28801430.0,30188230.0,38763476.0,30190728.0,34067812.0,35798588.0,34639960.0,34453584.0,37327900.0,32109786.0,47318612.0,33142596.0,
59,293.23072574701104,0.53909326,height,,,,,,,,,,,9819977.0,6870131.5,5347868.0,8949140.0,19887404.0,11490173.0,7838219.5,9821221.0,4145574.0,5718794.5,23301634.0,3922824.2,9711020.0,12885025.0,8878604.0,9605316.0,11349143.0,9550488.0,9280392.0,10086230.0,5435274.5,18416440.0,5689780.0,
60,280.26409681332103,0.53359777,height,,,,,,,,,,,284514940.0,259626300.0,207572130.0,232239300.0,348120930.0,283065540.0,254352500.0,229649940.0,198380030.0,246923550.0,390460500.0,230384480.0,263077550.0,327716380.0,274253200.0,258971200.0,308007840.0,292379420.0,289286300.0,319669660.0,264751250.0,355955650.0,283431680.0,
61,281.26746721770513,0.53359777,height,,,,,,,,,,,56273124.0,50381484.0,39215660.0,45221520.0,68478360.0,54612180.0,50340536.0,45294396.0,39752076.0,47492516.0,77106130.0,44905284.0,48932644.0,64321436.0,53293664.0,51549412.0,59755256.0,57869508.0,55861624.0,62520796.0,50685976.0,69524300.0,55831332.0,
62,245.2265210720129,0.53399926,height,,,,,,,,,,,8206775.0,6681411.5,6027648.5,6286312.0,10525018.0,7919143.5,7055244.5,6429169.0,5795143.5,7691444.5,11412647.0,6955288.5,7374851.0,9806195.0,7577379.5,7867811.0,8109723.0,8150863.0,8146258.0,8861442.0,7301899.0,11872782.0,7485306.0,
63,278.24842597480006,0.53556955,height,,,,,,,,,,,24667536.0,33041578.0,25134898.0,17123462.0,17239352.0,20597892.0,23160844.0,16915242.0,23430128.0,27139346.0,19142674.0,30329642.0,23700058.0,28812988.0,24123550.0,23165612.0,28317478.0,25059076.0,24314422.0,32458242.0,30893520.0,21814982.0,39191332.0,
64,292.22736631191964,0.5367401,height,,,,,,,,,,,47571676.0,26900518.0,21537236.0,43002424.0,101475656.0,59621332.0,39763908.0,47375252.0,20966756.0,26419830.0,110317656.0,21635886.0,44274980.0,58289676.0,48246520.0,46705370.0,56157960.0,48712508.0,50411800.0,48327020.0,27702470.0,92976620.0,29424878.0,
65,268.22735527940887,0.5418707,height,,,,,,,,,,,25341830.0,17369326.0,13334580.0,25125064.0,50095388.0,34398860.0,23807912.0,27712714.0,11629520.0,16270020.0,53276720.0,12249162.0,23970512.0,31646766.0,26644710.0,23650120.0,29934656.0,25820514.0,30032114.0,27648632.0,15588643.0,43578704.0,14742299.0,
66,310.2377449215288,0.5489778,height,,,,,,,,,,,34694410.0,23912026.0,21667584.0,34647292.0,75033336.0,45908630.0,32068764.0,36449720.0,19952494.0,23116468.0,79858310.0,18337096.0,34654630.0,44385200.0,37282730.0,36742012.0,41132012.0,40435100.0,39666064.0,45882904.0,21638606.0,64343236.0,24159020.0,
67,314.2690010769141,0.56021494,height,,,,,,,,,,,17803982.0,12792211.0,8618398.0,13926452.0,25721584.0,17759968.0,12042347.0,15314985.0,9663535.0,10378054.0,23851510.0,10911469.0,16652067.0,17920284.0,15149639.0,18158530.0,18570518.0,15295484.0,15663721.0,21379930.0,10099611.0,23157426.0,16265908.0,
68,252.23248042498955,0.563337,height,,,,,,,,,,,16852010.0,12239943.0,7992269.5,13463627.0,22124546.0,16123343.0,12879452.0,14353232.0,8566528.0,9903379.0,22164618.0,9473806.0,15294800.0,16109268.0,13964306.0,16784562.0,16277839.0,13995430.0,14053791.0,19460250.0,7879630.0,20256698.0,9528994.0,
69,437.1932247863171,0.5633438,height,,,,,,,,,,,20904954.0,27158790.0,22330550.0,13499760.0,12097478.0,17911990.0,19529148.0,15866375.0,22470356.0,24334256.0,9729974.0,26250062.0,19018582.0,19824438.0,16050403.0,19095806.0,24110068.0,17089664.0,19204682.0,20784566.0,21489134.0,15552253.0,18370754.0,
70,326.2327758466524,0.61314696,height,,,,,,,,,,,6372817.5,3057842.5,2915604.0,5739069.5,8852075.0,6617943.0,3873603.2,6592824.0,2906263.5,3631067.8,10326875.0,2673837.0,5743308.0,5901881.0,5522001.5,0.0,6384362.0,6583483.5,5932773.0,0.0,3022876.5,0.0,3448612.5,
71,312.2533234580192,0.57005656,height,,,,,,,,,,,24340626.0,14395781.0,10939831.0,18498308.0,40453784.0,24124376.0,17865690.0,21638316.0,10483246.0,11008264.0,43974030.0,11662083.0,23160894.0,22809650.0,20358488.0,26591494.0,25353400.0,22238582.0,22825118.0,26755042.0,12159329.0,36178030.0,16681489.0,
72,135.080582223951,0.5715755,height,,,,,,,,,,,12227800.0,10463397.0,17486366.0,15352982.0,13795606.0,15027132.0,15469692.0,14888680.0,16468795.0,12162029.0,8980970.0,9605769.0,15620836.0,13559730.0,11416770.0,16227644.0,14954904.0,15377885.0,15911536.0,11679250.0,13387903.0,14636433.0,6960182.5,
73,432.2384832369401,0.57196575,height,,,,,,,,,,,594755140.0,558992640.0,845001600.0,688226400.0,675314560.0,739944400.0,776097400.0,686371100.0,872265340.0,589320700.0,449790000.0,514383520.0,764645900.0,638385540.0,599362200.0,841688800.0,767376960.0,708648500.0,831703900.0,553871360.0,689937700.0,684850200.0,341294140.0,
74,281.1388002743388,0.5723612,height,,,,,,,,,,,35777636.0,30588574.0,53411544.0,41944980.0,40760492.0,43495180.0,45967604.0,41964292.0,46603564.0,36508350.0,26743794.0,28373134.0,44826950.0,40216900.0,35580340.0,48659428.0,46839900.0,44499476.0,47601490.0,34475716.0,40904196.0,42112428.0,19934370.0,
75,397.2013616815222,0.57236016,height,,,,,,,,,,,11815872.0,10777281.0,16919298.0,13105049.0,12544040.0,13412283.0,13874985.0,13328519.0,15325954.0,12024420.0,7927395.0,9807247.0,13322533.0,13347340.0,10001959.0,14839048.0,14642178.0,14080559.0,14871103.0,11031676.0,12906709.0,13438767.0,6081854.0,
76,415.2122690735798,0.5727541,height,,,,,,,,,,,1132239600.0,982268100.0,1568121900.0,1234291600.0,1268202200.0,1337085700.0,1341213400.0,1253072600.0,1439565200.0,1136613000.0,803383000.0,909551400.0,1391140000.0,1291461800.0,1055989760.0,1489983000.0,1454561700.0,1380932100.0,1476528100.0,1049149700.0,1263204100.0,1259365100.0,635121150.0,
77,418.2194539490149,0.5735329,height,,,,,,,,,,,5962415.5,5431518.5,7768666.0,7003329.0,6106657.0,8448434.0,7783916.0,6128153.0,7407745.0,7341746.0,4244901.0,5133774.5,7862289.0,6530532.0,5764363.0,7774660.5,8584494.0,7355718.0,8112489.0,5661762.5,7357245.5,6995487.0,3396331.5,
78,295.1179516316725,0.5731755,height,,,,,,,,,,,8343631.0,7708859.0,13449243.0,10227819.0,10205425.0,10575236.0,10968421.0,10090850.0,12025950.0,9002504.0,6010757.5,7642679.5,10596064.0,10423522.0,8243878.5,12361159.0,11166938.0,10411301.0,11982882.0,8406871.0,9969013.0,10041278.0,5348845.5,
79,846.4435759701134,0.57428956,height,,,,,,,,,,,60070284.0,58878156.0,114329656.0,93268824.0,97441840.0,104175380.0,93809950.0,108803390.0,118878290.0,62903988.0,38157256.0,53551744.0,106796490.0,89192940.0,75982320.0,92798344.0,105599450.0,88865310.0,103704270.0,45063964.0,116064280.0,80924330.0,27341986.0,
80,282.1423446715106,0.57709783,height,,,,,,,,,,,5578520.5,4646899.5,8353936.5,7692814.0,6934346.5,7732411.5,8805752.0,8544645.0,7596992.5,6999713.5,4516709.5,4664947.0,7900109.0,6879368.5,6365823.5,7741743.5,9634539.0,7802342.0,7657709.5,4750639.0,8712584.0,6618681.0,3026024.0,
81,458.2539010096498,0.5763063,height,,,,,,,,,,,11561912.0,9755239.0,16272248.0,13200286.0,10889330.0,12954998.0,13374222.0,11401288.0,14161912.0,11615739.0,7307477.0,9115825.0,13023423.0,12218049.0,10143966.0,15550399.0,13135868.0,13416977.0,14122892.0,9706195.0,12271967.0,12655183.0,5858725.0,
82,851.3990241435984,0.57945967,height,,,,,,,,,,,4786536.0,7062031.0,7472540.5,5326373.5,3428708.0,5851884.0,5813031.5,5231709.5,6543351.5,5759181.5,2348156.0,6550949.0,5488867.5,5549833.5,3974080.2,5556862.0,5432992.0,5260483.0,5259012.5,3707111.2,7728705.0,4361471.5,4040422.0,
83,276.23259309976703,0.5866021,height,,,,,,,,,,,8513705.0,5704094.5,5375585.0,5975261.5,7349461.0,7733206.5,6622715.0,5597217.5,4541009.0,5332765.0,7876356.0,5661835.5,6463919.0,5900375.5,6350953.5,7577778.0,7700893.0,6645929.5,6996730.5,9699209.0,4964090.0,8495811.0,6892723.5,
84,294.2430841369654,0.5869745,height,,,,,,,,,,,146156380.0,74618270.0,72957950.0,120265544.0,167400140.0,145851630.0,107072740.0,112694630.0,76018810.0,75913704.0,199012640.0,66713116.0,123929650.0,113368296.0,120501944.0,134104616.0,150483180.0,126390220.0,118696340.0,145303060.0,60555090.0,190531470.0,84363440.0,
85,295.2464184680098,0.58778673,height,,,,,,,,,,,29119204.0,14876545.0,14549723.0,23332446.0,32895396.0,29102668.0,21405736.0,22173054.0,15467326.0,14965675.0,39788256.0,12713033.0,24440860.0,22615330.0,23594378.0,26986986.0,29694584.0,25106792.0,23334150.0,28296552.0,11601539.0,37393290.0,16694843.0,
86,277.2166791971381,0.58978444,height,,,,,,,,,,,11739064.0,6077904.0,6194466.5,8800244.0,13996834.0,11302254.0,7868723.5,8231328.0,5241669.5,5566525.5,14729217.0,5095748.0,9733756.0,9236973.0,8386247.5,9272785.0,10563941.0,9414484.0,8476017.0,11398949.0,4882952.0,15701771.0,6379159.5,
87,453.1675367142018,0.59313375,height,,,,,,,,,,,6850312.5,7400180.5,6384850.5,5696040.5,5161123.0,7293657.0,6172616.5,5588294.5,7596862.0,7028391.5,4457068.0,7424254.5,5908878.5,6335714.0,5400768.5,6951404.5,7308468.5,6796175.5,6207759.0,6899551.0,7087137.0,5904441.0,5317529.5,
88,198.1491111147205,0.59338754,height,,,,,,,,,,,20887882.0,13358912.0,8257777.5,16475887.0,19212536.0,18685160.0,14230860.0,17119680.0,10309519.0,11833072.0,24143832.0,10443296.0,15331543.0,14257905.0,15795842.0,15465798.0,18181582.0,15585509.0,14720394.0,19912764.0,8166090.5,23588492.0,12332982.0,
89,446.25398175185785,0.61260796,height,,,,,,,,,,,4651827.5,5699736.0,7093244.0,6354482.5,4328323.5,5611372.5,6096521.0,5496186.0,7125137.0,7118738.5,3061116.5,4779542.0,5662553.5,5130753.5,4759425.5,5856309.5,6779432.5,5679022.0,5768690.5,4315581.0,6108631.5,5439191.5,3895294.0,
90,328.2483622487247,0.61477506,height,,,,,,,,,,,11335037.0,6936554.0,6499278.5,9145829.0,14448270.0,11319894.0,6884419.5,9948332.0,6834969.0,6360514.5,14655991.0,6495992.5,9434915.0,8904822.0,10112816.0,9173525.0,11598596.0,11401993.0,9930131.0,13311763.0,7460119.0,14219261.0,10594287.0,
91,387.1933849602216,0.6151675,height,,,,,,,,,,,4756559.5,5012404.0,9076634.0,15575951.0,6885664.0,15035656.0,11109544.0,7914822.5,8479563.0,10403525.0,9669120.0,20697252.0,11119264.0,10047690.0,10613438.0,10709860.0,14602047.0,12934353.0,10603757.0,6663395.5,11042051.0,16354907.0,10898821.0,
92,184.13338240869496,0.6155451,height,,,,,,,,,,,6894905.0,3745717.0,3164655.8,5852518.0,7045338.0,6184617.0,4424665.0,5618304.5,3482036.2,3708669.5,7798784.0,3423735.0,5423262.5,5448267.5,4989639.5,4992953.5,6161266.0,5926727.5,4736897.0,6747013.0,2756682.2,9062226.0,4871522.5,
93,172.13330262461164,0.6187167,height,,,,,,,,,,,33938780.0,23711906.0,20539452.0,24673602.0,27336684.0,27235004.0,20819082.0,22733466.0,21100900.0,20491810.0,26241978.0,21366406.0,25470382.0,25996282.0,23926182.0,23283950.0,26175142.0,28245738.0,24699898.0,35409380.0,20734220.0,39140456.0,31922110.0,
94,266.2116786411148,0.62070924,height,,,,,,,,,,,12501770.0,6406191.0,5870977.0,11228012.0,15736984.0,11589907.0,8244170.0,12848663.0,5498452.5,6628106.5,15993377.0,5045905.0,10168780.0,9469474.0,9918519.0,10202627.0,11613952.0,11860597.0,10067987.0,12175235.0,5729774.5,16884494.0,7111270.5,
95,155.1067668397759,0.62075365,height,,,,,,,,,,,9074618.0,6121671.0,5194550.0,6392946.5,6798686.0,6900228.0,4992338.0,5976257.0,5021145.5,5055412.5,6496280.5,5320236.5,6385149.5,6131084.0,5584103.5,5674186.5,7016776.5,7131313.5,6205984.5,8682845.0,5538346.5,9498673.0,7891388.0,
96,308.2220900013028,0.63237095,height,,,,,,,,,,,28588926.0,14584307.0,13242600.0,28914268.0,51670216.0,33322124.0,24323004.0,35189100.0,14234297.0,18019192.0,41613550.0,11779557.0,27713756.0,25549984.0,26543296.0,29137736.0,30757490.0,33054892.0,35184536.0,37791984.0,14881998.0,44589376.0,12705154.0,
97,306.2062923491623,0.63246214,height,,,,,,,,,,,2947273.2,1608904.0,1386563.0,2725588.8,4234522.5,3182362.8,2121691.2,3104548.2,1571798.1,1782481.4,4101855.2,1373900.6,2608717.5,2547928.0,2474417.5,2771357.5,2901469.0,3278113.0,3010945.0,3209686.8,1469974.2,4050913.2,1805384.9,
98,326.2326460640981,0.63769317,height,,,,,,,,,,,5801187.0,0.0,2749082.8,5374008.5,9207068.0,6145653.0,4421503.0,5699566.0,2724284.5,3264724.2,9080167.0,2768389.0,5850734.0,4972358.0,5133728.5,5655540.5,6030269.0,6038636.0,5525032.5,6298734.5,2805285.5,8479753.0,3280850.5,
99,324.2169831713827,0.6469792,height,,,,,,,,,,,5416236.5,3143110.2,2837035.8,4850505.0,7131272.5,4793260.0,3633579.0,5327093.0,3304471.0,3490120.2,6714594.0,2942423.8,5204800.0,5075543.5,4880688.0,4882071.5,5986350.0,5159406.5,5135980.0,6185346.5,3313185.0,6654534.5,3179136.8,
100,310.2377974512398,0.59243244,height,,,,,,,,,,,35220160.0,24985894.0,18808040.0,32997282.0,42676424.0,40734690.0,29636264.0,38142732.0,20461118.0,0.0,60230650.0,21647686.0,0.0,28915324.0,33299746.0,38706708.0,37835230.0,36045064.0,37378416.0,39545216.0,20219276.0,55476204.0,25414740.0,
101,330.26389676539907,0.6568202,height,,,,,,,,,,,7924748.5,3027837.0,2743744.2,7160128.0,15577789.0,7765425.0,4557399.0,8648337.0,3001490.2,3509821.0,17348818.0,2393573.8,8559127.0,7933444.0,7794723.0,8050720.5,9293378.0,7336325.5,6804178.5,7199386.5,2912470.8,13257245.0,2743725.0,
102,350.23050824791954,0.6611814,height,,,,,,,,,,,4235311.0,1594842.9,2440063.8,2282627.8,3812360.2,4145466.5,3398080.5,4402196.0,2557244.8,2840220.8,2792297.2,3548296.8,2823430.8,3019497.0,2801047.5,2856521.5,3652153.0,2996884.5,3200537.2,5056258.0,2905097.8,3333016.8,4726020.5,
103,344.2431476549441,0.6643747,height,,,,,,,,,,,2804027.2,946114.94,818650.0,2794158.0,6527940.0,3520429.8,2059816.5,3599569.8,1098946.0,1251719.6,7627351.0,786471.7,3317515.2,3008379.5,3095038.2,3243843.5,3793346.8,3254887.8,2509448.0,2606782.2,1085249.4,5481807.5,739828.56,
104,506.53073564473766,0.6139299,height,,,,,,,,,,,2781953.2,2861084.8,3747976.8,3141039.2,2387739.2,0.0,0.0,2297228.0,9959099.0,0.0,2496312.2,3233247.8,3192313.2,0.0,0.0,4792588.5,4418192.0,4795996.0,0.0,2827226.8,3245506.8,2492573.0,0.0,
105,210.1489977639098,0.68024313,height,,,,,,,,,,,4011143.8,2388326.2,2000609.5,3020623.8,3855135.2,3235907.5,2912451.2,3527938.0,1681241.1,2286488.5,3775813.2,1724370.6,2812731.2,3307798.8,3092572.5,3068231.2,2848574.8,3239724.8,3226262.0,3305499.8,2025605.8,3946949.8,2294363.2,
106,327.20113776074044,0.687474,height,,,,,,,,,,,1155406.9,542252.06,964313.8,1135755.5,795105.4,909965.3,736587.25,414960.16,394547.38,596261.6,361001.03,967950.44,409852.28,438921.7,429868.97,573396.4,396413.8,505021.94,0.0,866551.3,808467.06,1072001.6,5348391.5,
107,186.11254341319528,0.69355166,height,,,,,,,,,,,6114211.0,3374624.0,3620170.8,4427680.0,7536123.0,4066816.0,4515404.0,4877538.0,3294963.5,3422044.2,7553284.5,3174516.8,4585368.0,4928612.0,5231916.5,5452905.0,4720520.5,4639367.5,5057800.0,5369079.5,3652727.8,5672250.0,5937551.0,
108,786.6010787455077,0.7020431,height,,,,,,,,,,,4496322.0,6877130.5,6953781.0,7796251.5,0.0,0.0,0.0,0.0,3574082.5,24609700.0,10718076.0,10678572.0,4494240.5,4973561.5,5000871.0,5082838.0,4451828.5,4072551.0,3259879.0,5190453.5,3498635.2,3617789.2,0.0,
109,772.5856161094365,0.70287555,height,,,,,,,,,,,44120204.0,53843940.0,57978640.0,59867708.0,1452987.0,1182664.4,1428300.9,1130880.8,51778196.0,65268590.0,69431050.0,67953416.0,39683590.0,43544984.0,44255868.0,43579504.0,38639080.0,34903556.0,46014104.0,77980880.0,51553580.0,49397710.0,0.0,
110,284.1781063730462,0.7019482,height,,,,,,,,,,,1215648.5,606750.6,1038269.94,1561494.9,1067116.9,608028.56,456985.5,0.0,0.0,471001.53,0.0,693000.3,567513.06,0.0,545494.6,551170.7,570217.8,545193.56,308881.44,1286191.0,1053494.9,1811325.0,3362443.8,
111,758.5700561136875,0.71031934,height,,,,,,,,,,,2390685.0,2795905.2,2785885.2,3690294.0,0.0,0.0,0.0,0.0,1929464.4,5864286.5,4095084.2,4234611.5,2239392.5,2217029.8,2233245.5,2552116.5,2176782.8,2119024.8,1826824.2,3193751.0,2418920.5,1977207.1,0.0,
112,744.5544724063595,0.71204513,height,,,,,,,,,,,3295117.5,3470608.0,3363986.8,4461989.5,0.0,0.0,0.0,0.0,4306974.0,2690780.8,4365801.5,4471097.0,3311825.5,2733198.8,3114939.5,3315255.2,3016327.8,3002277.0,3563966.2,5977658.5,4692559.5,3609623.5,0.0,
113,366.2254028346424,0.71516615,height,,,,,,,,,,,1997888.9,857075.5,895428.3,1232471.2,2785385.5,3087879.5,1751663.1,2821098.8,1003254.6,887460.8,2116158.2,928845.0,1578909.2,1438719.6,1507957.8,1398640.5,1577662.4,1609651.0,1450883.8,1553704.9,958100.44,2174229.0,1960234.6,
114,216.159522749303,0.72391576,height,,,,,,,,,,,2048165.4,1021696.3,708189.4,1797171.9,3550752.8,2671038.5,1565370.5,2613691.8,881296.0,1124276.4,4278334.5,754057.5,2060998.5,1633299.2,1933505.2,1820496.0,2234730.0,1783677.5,1861605.2,1721084.1,781767.56,3379544.5,1245932.6,
115,202.14384273536143,0.72658473,height,,,,,,,,,,,5497230.5,2654564.0,1972722.4,4710682.5,7743498.0,5597229.0,4186915.8,6136405.5,2128836.5,3173677.5,8262745.5,2189334.0,4084229.2,3544262.5,4141233.5,4085902.2,4477561.0,3897657.2,5154299.5,4726789.5,2171294.8,6857919.0,2378181.5,
116,198.1489359519844,0.704219,height,,,,,,,,,,,6794922.0,3291697.8,2777614.5,6403035.5,9457304.0,7541674.0,5185780.5,7791427.5,4150455.0,3813499.8,11597351.0,2825383.8,6150443.5,5500019.5,6905273.5,10451452.0,9408566.0,6144026.0,6224228.5,12281361.0,5056725.0,9183331.0,4152289.2,
117,316.3208190546077,0.7426118,height,,,,,,,,,,,627095.6,621295.5,1150281.6,2853564.8,723531.75,3294870.0,1782748.8,1159859.4,928997.25,1920213.9,1912676.8,3694072.2,1695664.6,1464217.6,1473550.5,1326747.0,1756263.5,1672732.6,761623.25,0.0,548818.2,1764612.1,2909003.0,
118,212.1493416675061,0.74782026,height,,,,,,,,,,,1174680.0,2365506.8,1195777.1,1932629.8,2661592.0,2145393.2,1932350.8,685737.94,1325635.0,1185543.8,762498.06,1032166.4,1854547.4,1537953.6,1597094.4,1691180.1,1721192.9,1793771.2,613792.9,2066141.2,2135283.0,1744982.9,1100759.1,
119,446.2536802832457,0.7419734,height,,,,,,,,,,,4260046.5,2599504.2,4744861.5,4850841.0,3109330.0,0.0,5589967.5,6427736.0,4728824.5,4095912.2,2657027.2,3026125.2,3716105.8,3484502.8,3552382.0,4998392.5,6752976.5,4805585.5,0.0,0.0,4447416.5,0.0,0.0,
120,357.23834358677703,0.75587773,height,,,,,,,,,,,1233745.0,0.0,279354.8,1051119.8,4519578.0,2151754.0,601990.8,1620163.1,260564.2,402043.97,6644389.0,0.0,1411337.6,1199259.0,1431019.8,1613168.1,1422699.9,1643074.0,1019838.7,644872.56,0.0,2486206.2,0.0,
121,544.3637615502835,0.7559148,height,,,,,,,,,,,9736129.0,1020944.9,2540325.2,1534454.1,954384.4,1694952.2,348607.3,784811.44,443894.94,563043.8,0.0,316486.38,1681751.4,1468763.2,1896470.9,1721255.9,1787086.8,1898298.9,1417765.9,585907.94,2165813.2,684598.6,0.0,
122,184.13325061310377,0.77035815,height,,,,,,,,,,,4315044.5,1566206.2,1662628.1,4297780.5,9661802.0,5112462.0,3039869.8,5066291.0,1554471.0,2172237.5,12270637.0,1393240.4,4347119.0,3604516.5,3795256.2,4187267.2,3922304.0,4247904.5,3923977.5,3149113.8,1675527.8,6555026.0,1501888.0,
123,160.13325652933705,0.7860444,height,,,,,,,,,,,2145836.8,1103591.5,1105070.1,2484725.0,4787227.5,2800757.0,1683604.5,2693369.0,772001.06,1313064.5,4503975.0,674338.2,1758495.1,2126480.2,1731489.1,1791525.5,1714436.2,1845846.5,1866626.2,1647859.8,769667.6,3108682.0,544690.7,
124,181.0260390812444,0.79195845,height,,,,,,,,,,,2591447.2,2311387.0,4769721.0,5739872.0,3712429.8,6136941.5,4735288.5,3909399.5,4575516.5,4789484.5,3031745.0,4219371.5,3759873.2,4771731.5,3959339.5,3849856.5,3660630.8,3939154.8,5912551.0,1845011.4,5486739.0,5991682.0,1967814.8,
125,282.20677587941094,0.78948426,height,,,,,,,,,,,2166854.0,860622.8,822670.9,1937184.0,3120445.0,1899240.8,1214195.8,2205553.5,886811.94,1034884.94,3255261.8,831503.4,1534866.5,1864140.5,1648429.4,1526926.6,1468667.9,1678993.8,1827271.5,1523461.9,929614.4,2680299.0,1105544.6,
126,244.1543491737736,0.79781383,height,,,,,,,,,,,2879036.0,1376022.9,1322432.6,2564565.0,4329442.5,2906687.5,1856040.2,3339207.0,1269310.1,1488708.4,5308976.5,1187129.4,2194803.5,2636354.5,1976546.6,2318720.8,2149511.5,2185428.5,2949886.2,2405714.0,1657469.9,3924289.8,1797562.5,
127,343.22202748339447,0.80078393,height,,,,,,,,,,,504928.5,0.0,0.0,534507.1,3097820.8,817798.4,330805.47,883996.2,0.0,0.0,4454227.0,0.0,814139.5,1030998.6,727704.3,773379.7,727967.7,735922.6,495393.9,0.0,0.0,1555528.8,0.0,
128,453.1673742483592,0.7881619,height,,,,,,,,,,,2652181.5,1568243.8,3079279.2,3177773.8,3035585.2,3577105.8,2222194.5,4589454.0,2816586.8,2224700.0,1941468.4,1325842.1,2563965.0,3109316.5,2306508.0,2903690.5,2935138.0,3083151.0,3157588.5,1988133.1,3019017.5,3021730.5,959095.94,
129,324.21675856230496,0.79579145,height,,,,,,,,,,,3964795.2,0.0,1395402.4,3555072.2,6803769.5,4391211.5,2664171.2,5147351.0,1582964.0,2172099.5,6912076.0,0.0,3182162.2,3533594.5,2696752.2,2856608.2,0.0,2720285.0,3729569.2,3285215.0,1634437.6,6091926.0,2015695.5,
130,168.1231239595705,0.81864625,height,,,,,,,,,,,1383281.6,1700267.5,1378058.8,1349799.4,1498344.4,1263335.4,1579707.9,1286462.6,1065373.4,1573673.9,951099.0,1167722.4,2078685.2,2235322.8,1775868.5,2005139.9,2145663.0,1720531.1,1175109.9,1831863.4,1604568.5,1425462.8,985001.7,
131,437.1930825181757,0.8273031,height,,,,,,,,,,,4703142.5,3593902.0,7517462.0,6281063.5,6336011.0,8621026.0,6167953.5,10377808.0,7283642.0,5319219.5,3663936.5,3782121.0,5530303.0,6041676.0,5218575.5,6248776.0,6379485.5,6456909.5,6630594.5,3677152.2,7302370.5,6582402.5,3258101.8,
132,125.09623801881148,0.83098686,height,,,,,,,,,,,1560604.8,714291.8,590581.8,1599414.6,2973275.5,1929268.9,1044757.7,1904124.0,602461.75,773818.2,2590330.5,479857.06,1326382.6,1307172.5,1152820.8,1207346.9,1266546.5,1107816.5,1441289.8,1085845.5,541029.0,2633923.0,528511.56,
133,124.11223135166064,0.83236927,height,,,,,,,,,,,3884508.5,1620519.5,1687398.6,3932151.2,8182832.0,4933396.0,2710611.8,4618463.0,1445991.4,2250681.5,6726744.0,1299053.2,3048623.8,3524658.2,3220699.0,3713285.5,3530159.2,2898079.2,3827916.8,3066123.5,1436213.8,7417857.5,1341434.4,
134,170.11757369297854,0.83236927,height,,,,,,,,,,,47479644.0,20003664.0,18917154.0,48115316.0,87431860.0,61764344.0,31924942.0,54790856.0,19190716.0,25251076.0,73809224.0,16334320.0,42389004.0,41412964.0,37428236.0,35912964.0,40326696.0,36191788.0,44952024.0,35714010.0,17827246.0,83323720.0,15381694.0,
135,210.11020527463663,0.83282423,height,,,,,,,,,,,6797986.0,3815851.5,3519504.2,5168634.5,10493486.0,8504119.0,5603259.5,7282009.5,2785136.2,4594692.5,7455463.5,3917246.0,5310244.0,5851408.0,4874576.5,5205821.5,6002764.5,4808436.5,6158533.0,5609673.5,3067893.0,9885009.0,3287366.0,
136,135.0804834380784,0.8462605,height,,,,,,,,,,,2213078.2,1349073.9,2263213.8,3293591.8,4042746.5,3773365.5,4281450.5,3207699.8,2238103.0,1896558.2,3116904.8,1249636.1,2164346.8,2500259.5,2264627.8,2563167.2,2410939.5,2523569.8,2877828.8,1849793.5,0.0,3477414.5,1652726.5,
137,346.2588188631938,0.85020006,height,,,,,,,,,,,1717875.6,760449.9,624029.6,1605858.6,4091251.0,1964598.8,1166720.4,2548607.2,623022.7,868201.56,4684907.0,636654.06,1561068.5,1597219.6,1403504.6,1611173.8,1512763.0,1603747.9,1666769.4,1292456.4,617423.56,3290059.0,494430.0,
138,446.2536285682304,0.8571239,height,,,,,,,,,,,0.0,3176383.8,4707408.0,0.0,0.0,0.0,3309893.8,4090825.8,5091491.5,3525553.5,1752835.5,2222955.8,3654238.8,3184830.2,3360674.8,3295783.0,3184474.8,2956244.2,3449024.5,2136284.2,4718779.0,0.0,0.0,
139,299.1598958293606,0.8783978,height,,,,,,,,,,,0.0,0.0,0.0,0.0,12963364.0,8230863.0,13271746.0,10157633.0,0.0,0.0,0.0,0.0,2184376.8,2469873.5,2363567.8,2015679.4,1833765.9,1867356.4,0.0,0.0,0.0,0.0,0.0,
140,317.1706232792105,0.8834823,height,,,,,,,,,,,0.0,0.0,0.0,0.0,2955893.0,1935506.2,3137577.0,2359824.0,0.0,0.0,0.0,0.0,548779.25,568085.8,524363.6,440200.62,447203.53,404160.6,0.0,0.0,0.0,0.0,0.0,
141,357.1632143572157,0.8770286,height,,,,,,,,,,,0.0,0.0,0.0,0.0,2219963.5,1485910.1,2373621.0,1884474.8,0.0,0.0,0.0,0.0,319728.34,364730.84,396986.28,315488.97,280203.2,328692.97,0.0,0.0,0.0,0.0,0.0,
142,254.17510181230963,0.88737583,height,,,,,,,,,,,1382805.6,583319.3,665499.7,655114.6,844367.44,699617.06,642056.94,819835.56,0.0,510517.66,905148.4,739050.25,837326.25,838096.2,859801.8,706120.7,724774.6,713298.1,1040730.1,1058358.6,696116.4,829566.9,1425501.1,
143,156.1019764485962,0.90381277,height,,,,,,,,,,,7902409.0,2017240.1,2604713.5,6136256.5,32737394.0,15211196.0,8767581.0,14531170.0,3021965.8,2401314.5,17889650.0,1596265.9,8808201.0,7912263.0,8850274.0,8141417.0,7535855.5,8683188.0,7786389.5,5649538.5,2271096.8,13859402.0,3382906.0,
144,139.0753737434071,0.91189945,height,,,,,,,,,,,2096714.8,802057.75,0.0,1599436.2,8021019.0,3810396.0,2099505.0,3669347.2,1017127.3,983715.0,4863568.5,0.0,2354321.0,2023105.9,2162876.5,2153522.8,1896541.6,2230137.0,2087687.8,1624529.2,803046.9,3459958.8,982569.1,
145,174.1125128125354,0.90372866,height,,,,,,,,,,,2049532.4,652701.4,844661.44,1776590.5,8845915.0,4120857.8,2216744.8,3879073.5,1000077.94,608060.7,4961523.5,0.0,2396153.8,2198933.0,2411310.2,2050116.5,2025291.5,2250121.2,2113428.2,1563663.4,784510.0,3735952.5,888852.44,
146,242.13863777988237,0.90324837,height,,,,,,,,,,,1643811.0,499876.97,513596.75,821553.8,3503969.8,2029214.8,1364858.4,2135801.8,723328.94,634139.1,2027934.4,0.0,1154472.5,961129.1,1039601.7,971500.1,1089459.2,1003888.75,1260896.6,1070962.4,597764.44,1745749.8,612701.56,
147,196.0944426718981,0.91827714,height,,,,,,,,,,,0.0,0.0,0.0,0.0,2981470.5,1943751.2,1352471.5,1599737.4,0.0,0.0,0.0,0.0,0.0,0.0,859051.75,0.0,0.0,0.0,0.0,0.0,0.0,665800.8,846346.06,
148,335.1812112888189,0.90328693,height,,,,,,,,,,,0.0,0.0,0.0,0.0,2163663.8,1330587.5,2030029.9,1377737.2,0.0,0.0,0.0,0.0,283177.56,290624.56,319648.8,316988.03,0.0,0.0,0.0,0.0,0.0,0.0,0.0,
149,1601.2291847351053,0.92722195,height,,,,,,,,,,,0.0,538163.56,358357.28,514792.12,0.0,0.0,0.0,0.0,0.0,3841909.2,852147.2,847083.25,377994.03,397423.56,0.0,0.0,0.0,346337.38,0.0,0.0,0.0,0.0,0.0,
150,808.5825399122106,0.9174051,height,,,,,,,,,,,1373819.9,1860988.0,1525402.1,1250341.2,501247.8,501336.7,798373.56,362043.62,1356735.2,1110769.5,1384957.8,1466281.2,1659784.8,1611787.1,1641639.4,1447750.6,1647236.6,1442914.4,1600250.8,1606416.2,1788220.0,1794224.2,0.0,
151,814.6324923709528,0.9218649,height,,,,,,,,,,,1595732.4,2683821.8,1948519.8,2503650.8,0.0,0.0,0.0,0.0,1184633.8,13156638.0,3551622.5,3577057.2,2230034.0,2023806.4,2218622.2,2701772.8,2261507.0,1788046.6,1405626.8,1548517.5,1302703.6,1289982.5,0.0,
152,321.1307711480869,0.9253845,height,,,,,,,,,,,0.0,0.0,0.0,0.0,2013916.0,3353481.0,3019862.0,2631211.5,0.0,0.0,0.0,0.0,0.0,0.0,0.0,0.0,0.0,0.0,0.0,0.0,0.0,0.0,3630313.5,
153,299.14897258122875,0.9283496,height,,,,,,,,,,,1415042.9,1274380.5,2636030.2,2810964.2,5683356.5,7410598.0,7848626.0,7230907.5,2783988.0,1303860.6,1616601.8,1956260.6,2454736.5,1648944.9,2664394.5,2717344.2,2161097.5,1826306.8,2397636.2,822278.5,1400140.1,2463721.8,3285246.5,
154,165.0758523965469,0.92835134,height,,,,,,,,,,,565150.6,0.0,1099103.4,916958.1,2089409.6,2510610.8,2650660.8,2645064.2,959324.7,335299.5,452082.84,810024.8,881873.9,568009.0,990096.9,1272322.5,614713.5,710200.75,1053196.9,0.0,592787.44,1045960.9,905965.25,
155,1586.2100579085616,0.9298337,height,,,,,,,,,,,3550226.2,4563367.0,4280654.0,4774703.0,0.0,0.0,0.0,0.0,2338754.2,14377401.0,7504221.0,6465107.5,3689588.8,3892251.8,3672697.5,4024412.5,3070369.8,2996785.0,2856980.2,3526604.5,2839322.0,2699709.8,0.0,
156,1587.2136675860804,0.9298122,height,,,,,,,,,,,3429205.8,4813104.5,4249291.0,5046621.5,0.0,0.0,0.0,0.0,2450874.5,14273872.0,7474281.0,6630358.0,3690844.5,4131294.8,3878240.5,4657487.5,3087717.0,3118888.2,3035417.8,3230686.2,2759325.8,2944378.2,0.0,
157,135.0804857115571,0.8731393,height,,,,,,,,,,,1962994.8,1185465.4,0.0,2728300.0,3663950.8,4107476.2,3881929.2,3894052.2,2238103.0,1373550.1,2842330.0,0.0,2164346.8,2159519.0,2105817.5,2665301.2,1742530.8,2523569.8,2053597.2,1798824.1,1901079.0,2059093.1,1899230.2,
158,800.6158256340262,0.93145597,height,,,,,,,,,,,64067652.0,84556000.0,62833630.0,90244420.0,3975615.5,2794347.8,5012995.0,2643804.8,42965188.0,229585200.0,116933464.0,118435470.0,72841624.0,61501560.0,70236810.0,81031420.0,61873804.0,54513624.0,48846036.0,48979840.0,47927404.0,43329856.0,0.0,
159,1572.1955059030051,0.9317686,height,,,,,,,,,,,16854566.0,18980060.0,17024792.0,19263730.0,0.0,0.0,468980.62,0.0,16739325.0,18378910.0,23568640.0,19805646.0,16067712.0,17075456.0,15351171.0,15920217.0,13598039.0,11895407.0,19241032.0,23587004.0,19279552.0,19314802.0,0.0,
160,1573.198716420261,0.9329028,height,,,,,,,,,,,16990432.0,18438978.0,16978480.0,19358310.0,0.0,0.0,452915.06,0.0,17011008.0,18369758.0,22769884.0,20067758.0,15667577.0,17622968.0,15339043.0,15539718.0,13866559.0,12643553.0,21232756.0,23312668.0,18379942.0,18216462.0,0.0,
161,786.6019062980287,0.9349726,height,,,,,,,,,,,576523400.0,597842200.0,486411550.0,626158500.0,38250852.0,25322160.0,51425908.0,24508716.0,586276160.0,513600830.0,698884160.0,682896260.0,587554750.0,511341630.0,529939330.0,652543200.0,466721180.0,465963230.0,595047800.0,681468900.0,639307500.0,551194900.0,0.0,
162,184.0733753113201,0.93733597,height,,,,,,,,,,,5732073.5,5542010.5,4482607.5,6056606.0,578336.3,325103.47,643821.7,348891.03,5701691.5,6443707.5,7159368.0,7060226.0,5809455.5,5091333.0,4792180.0,6392255.5,4727630.0,5040249.0,5107242.5,5841637.5,6451834.0,4228883.5,0.0,
163,1545.1676955120918,0.9380374,height,,,,,,,,,,,9992739.0,12753420.0,12068629.0,12255915.0,0.0,0.0,550935.56,0.0,11113448.0,10642078.0,16741922.0,12413498.0,9935995.0,12357652.0,9992979.0,9868033.0,10759867.0,7695418.0,12965370.0,14123024.0,11375070.0,14686891.0,0.0,
164,1558.178957192582,0.93908256,height,,,,,,,,,,,2776132.2,3543535.2,3448855.8,3743007.2,0.0,0.0,0.0,0.0,2173072.5,8311344.0,5057144.5,4328356.0,2933770.8,3459251.8,2846811.5,2950126.0,2886486.8,2316776.2,2286161.8,2382551.8,2299608.2,2623701.2,0.0,
165,1559.1819970571155,0.9399982,height,,,,,,,,,,,2817907.8,3562945.5,3471483.8,3719596.8,0.0,0.0,0.0,0.0,2359661.2,7985688.5,5567251.5,4265069.0,2937609.5,3611642.2,2543490.8,2675490.0,3624242.2,2356663.8,2606208.5,2448480.2,2159098.0,2445498.8,0.0,
166,1544.1639998016135,0.93924844,height,,,,,,,,,,,10193011.0,12433784.0,11470150.0,11995812.0,0.0,0.0,489708.06,0.0,11035841.0,10585592.0,15180731.0,13097879.0,10473529.0,13235761.0,9526602.0,10239457.0,9956679.0,8128063.0,13035723.0,14135165.0,12082265.0,13235663.0,0.0,
167,733.5578963104225,0.94755155,height,,,,,,,,,,,6286768.5,8131627.5,6721725.5,6224100.5,5040947.0,2652645.0,5712350.0,3378720.5,6884460.5,7473672.5,9471819.0,7546411.5,5888584.0,7395003.0,5297941.0,6804426.5,7288343.0,7105166.5,5706912.0,6065012.0,7657489.0,6271823.5,0.0,
168,341.2433383869768,0.93928194,height,,,,,,,,,,,0.0,0.0,0.0,0.0,3439315.8,1709741.0,913992.3,1086610.4,0.0,0.0,1330342.5,0.0,0.0,0.0,0.0,0.0,240739.67,347608.38,0.0,0.0,0.0,455649.72,0.0,
169,758.5707018517729,0.9413801,height,,,,,,,,,,,121774020.0,141885540.0,104773320.0,129659544.0,12462222.0,8485499.0,15069703.0,8787817.0,131554520.0,106672560.0,175060240.0,156384780.0,124018450.0,124300136.0,113596890.0,137728880.0,105620270.0,110246510.0,127815670.0,134925980.0,131263304.0,124255230.0,0.0,
170,772.5862802048777,0.942401,height,,,,,,,,,,,23393158.0,27473324.0,21869362.0,28399266.0,1554087.9,1111455.4,1724826.6,976808.4,19781372.0,46721350.0,40295108.0,37093616.0,25701532.0,26202594.0,23145288.0,28043544.0,21730576.0,24361634.0,16360231.0,19524416.0,19450598.0,18590400.0,0.0,
171,1516.132192221869,0.94310135,height,,,,,,,,,,,1803681.6,2729636.5,2417785.8,2350883.5,0.0,0.0,0.0,0.0,2670198.0,2004127.9,2919663.0,2385289.8,1964606.6,2691710.0,1991739.0,1982188.5,2040842.5,1730102.5,2768430.2,2844676.5,2669865.8,2667594.0,0.0,
172,1532.1594178034468,0.94481766,height,,,,,,,,,,,1099244.1,1622330.4,1132061.5,1620221.2,0.0,0.0,0.0,0.0,1064401.8,2209831.2,1708913.9,1386945.4,1034964.25,1473426.1,1155155.4,1056246.4,1428971.5,1022688.75,850655.94,1116072.6,929644.6,1046835.06,0.0,
173,1518.1459413830275,0.9454242,height,,,,,,,,,,,2641239.8,4111686.8,3000808.2,3479283.8,0.0,0.0,0.0,0.0,3311318.8,3169116.5,4425820.5,3476644.0,2529465.0,3355574.5,2704394.5,2576764.2,2597024.0,2532017.2,3103690.0,3699069.2,3078311.5,3707797.8,0.0,
174,760.584042524756,0.9456087,height,,,,,,,,,,,58179092.0,67024990.0,51502416.0,60036044.0,8338692.0,4478427.5,9844520.0,5542538.5,55827268.0,67580440.0,87517890.0,73272790.0,55373716.0,64230816.0,50531484.0,60576996.0,48620730.0,56946356.0,58080764.0,61576456.0,61312090.0,58863812.0,0.0,
175,744.5544618806573,0.94789976,height,,,,,,,,,,,5375814.5,6979765.5,5240751.0,6201930.5,503521.8,338241.44,654296.3,0.0,4862003.5,9361758.0,8556028.0,7995401.5,5499231.5,6387148.5,5172341.5,5539227.5,4919008.5,5675206.5,4561549.0,5311174.0,4775468.0,4456726.5,0.0,
176,730.5389949327717,0.9511101,height,,,,,,,,,,,7044059.0,7986784.0,6263778.0,6615390.5,5267770.0,3215676.2,4979211.5,3642118.0,8441700.0,4009879.5,7990102.0,6998056.0,6510914.0,8549959.0,6383832.0,6826254.5,6778474.5,7729473.0,8498419.0,9580039.0,8597308.0,8685831.0,0.0,
177,123.05546993345706,0.9515661,height,,,,,,,,,,,8121892.0,9422432.0,8218597.5,6330397.0,18489968.0,17712598.0,24527044.0,16715474.0,6112837.5,8317471.5,6394060.5,9332490.0,6901938.0,7321187.0,6731628.5,7346914.5,7101868.0,7214118.0,6662415.0,7413055.5,8972483.0,8805517.0,0.0,
178,773.5535985147025,0.9564101,height,,,,,,,,,,,3748052.2,1814374.0,1861417.6,1725485.2,0.0,0.0,0.0,0.0,1875961.2,0.0,1926137.8,1114660.9,1089449.1,1471802.9,936025.0,1087391.9,1526611.5,1315768.1,2338677.2,2348753.8,2212043.8,2241339.5,0.0,
179,814.5947104532529,0.95211846,height,,,,,,,,,,,5331821.5,2306538.5,2349113.8,2398807.5,0.0,0.0,0.0,0.0,1778147.8,2080216.5,3181847.2,2576090.2,1640412.9,2342774.0,1705029.9,1565235.6,1721283.1,1830175.9,2212586.5,1908379.5,1835338.9,2114269.0,0.0,
180,800.5796385008564,0.9527524,height,,,,,,,,,,,28682308.0,12843709.0,11979031.0,11831687.0,366115.75,0.0,0.0,0.0,14665656.0,0.0,11358517.0,9059426.0,0.0,10180570.0,7775501.0,8539902.0,8068082.0,8791027.0,19320066.0,18780218.0,17443854.0,17242842.0,0.0,
181,801.5822580195711,0.9557521,height,,,,,,,,,,,14508932.0,6450474.5,6693395.5,6442679.5,0.0,0.0,0.0,0.0,7184565.0,0.0,6270473.0,4641477.5,4017262.8,5058329.0,3925529.8,4055324.2,3684038.2,4540102.5,9520737.0,9667942.0,8712875.0,8759678.0,0.0,
182,772.5507180443053,0.9569169,height,,,,,,,,,,,8383749.5,3485846.2,3552786.8,3483944.2,0.0,0.0,0.0,0.0,4510756.0,0.0,3788815.0,2654672.5,2326903.5,2748977.5,2153259.0,2192633.2,2129827.8,2505993.0,5100298.5,4845829.5,4549526.5,4326873.0,0.0,
183,567.5096692424297,0.9911301,height,,,,,,,,,,,0.0,0.0,0.0,0.0,2137965.8,1231617.4,1783226.4,2045307.4,0.0,0.0,0.0,0.0,291584.47,332540.03,315218.34,0.0,0.0,303242.8,0.0,0.0,0.0,0.0,0.0,
184,537.2602514048584,0.9805183,height,,,,,,,,,,,0.0,0.0,362248.8,331220.75,2660020.0,2747673.8,4079315.0,2737791.5,389253.94,0.0,0.0,0.0,392735.1,456140.75,409274.12,0.0,319245.12,323193.84,399505.78,0.0,385245.06,325557.0,0.0,
185,816.5714216455017,0.97727203,height,,,,,,,,,,,2439615.8,1278144.2,1209682.6,1513743.4,0.0,0.0,0.0,0.0,1336364.4,523101.53,925771.7,1078463.9,749833.4,787423.9,727657.56,823675.5,700136.44,785406.2,1675340.8,1607430.8,1682098.4,1546903.1,0.0,
186,187.14414111934616,0.9875838,height,,,,,,,,,,,688749.8,0.0,0.0,738297.75,4226545.0,1851996.1,1124064.2,1809309.9,0.0,249403.72,2002270.1,0.0,778566.4,816874.25,827700.7,751460.25,741511.3,694370.5,766736.0,367723.75,0.0,1816128.0,0.0,
187,446.25385620696807,1.0301311,height,,,,,,,,,,,443295.75,276500.47,0.0,0.0,2593908.5,0.0,3415647.5,4679134.0,0.0,369838.5,301803.88,239532.05,909125.44,911602.94,759734.6,621041.1,0.0,650453.1,0.0,303823.1,639562.6,716647.06,1930634.5,
188,184.0968426263484,0.9947306,height,,,,,,,,,,,565018.2,414492.03,391124.38,0.0,726945.0,741587.3,856293.5,742048.56,0.0,376664.03,318895.62,372514.94,406011.62,421445.66,442547.12,348418.38,424567.84,416735.72,491706.22,0.0,499489.72,526291.2,1358491.0,
189,156.1019763310462,0.99830145,height,,,,,,,,,,,11785243.0,5295663.5,4713415.5,10020479.0,24606112.0,21078506.0,16084246.0,20295544.0,5500227.5,5561551.5,13519517.0,4174674.8,9119099.0,9701395.0,10821939.0,8292102.5,7836820.5,7707328.5,9641076.0,7187504.5,5132566.0,17176280.0,6834913.0,
190,170.1175915479005,0.9845551,height,,,,,,,,,,,1721483.9,597460.25,503217.06,1451344.1,15009069.0,3148782.0,2138534.5,3230657.5,600784.4,683026.2,2734369.5,386112.75,1353183.4,1475676.1,1732818.2,1383264.0,1673313.4,1412603.6,1449564.6,982468.4,591831.56,2698618.0,4196708.5,
191,139.075377569126,1.0027647,height,,,,,,,,,,,2035562.9,777153.3,715338.2,1748881.5,4192239.8,3533029.5,2635640.8,3592872.5,935635.7,1009582.0,2297987.5,709080.9,1679482.4,1696298.9,1815670.1,1481149.0,1335944.6,1466360.4,1756254.2,1168453.2,920340.4,3093836.5,1183890.1,
192,196.09445509102352,1.0148928,height,,,,,,,,,,,431733.84,0.0,0.0,0.0,3180309.5,3063882.8,2740913.2,3130645.2,0.0,0.0,272305.5,0.0,299234.47,320924.2,386288.34,296385.22,241525.45,0.0,309167.6,0.0,0.0,613971.8,2189697.2,
193,818.5901855034622,1.0046645,height,,,,,,,,,,,4870685.0,3295182.2,2300812.8,3126732.2,0.0,0.0,0.0,0.0,2568421.0,2128657.2,2884766.8,2572840.2,1713138.5,2092691.9,1888016.6,1887177.2,1612470.8,1742856.9,3762685.5,4349889.5,2739600.8,3405403.5,0.0,
194,254.24786688036428,1.0063595,height,,,,,,,,,,,1451676.1,1320348.0,1182424.1,962960.75,1386218.0,1592834.6,1971867.0,1734314.0,1435919.1,1053298.9,785358.75,1285699.2,1427655.4,1712217.1,1821359.4,1388749.4,1661875.0,1589807.4,1155765.2,1756307.6,1458414.5,804362.2,2971660.5,
195,308.22192454807475,1.0008553,height,,,,,,,,,,,1284684.5,565731.9,445255.25,0.0,4438169.0,3723674.2,3253239.0,3409755.2,765115.94,573374.4,1816145.5,440443.62,1248802.6,1360965.0,1432414.5,0.0,1342578.9,1304245.1,1424159.9,1052581.5,687495.44,1712931.5,1374513.8,
196,506.5303454822675,1.0069472,height,,,,,,,,,,,547035.7,503495.72,657364.06,613090.8,856256.5,1048386.44,1229876.2,939166.5,1765131.9,0.0,509818.28,587666.7,906015.9,1005537.5,1133957.6,814105.25,976018.25,996590.06,580731.56,507529.44,721410.4,494259.97,2477454.5,
197,283.2824215543448,1.000576,height,,,,,,,,,,,3649974.2,3330020.0,2962960.0,2563917.2,2870625.0,4027947.8,4960205.0,4045202.8,3911659.2,2838450.8,1683018.8,3460759.2,4080608.2,4314300.0,4395606.5,3535219.8,4417539.0,4637251.0,0.0,4335757.0,4241304.5,1926503.4,7692550.0,
198,256.26349066613693,1.0021567,height,,,,,,,,,,,1379182.2,1109844.0,1121197.2,1056513.5,1684483.4,1800558.2,1958016.5,1861940.2,1378217.9,1034836.3,1046252.44,1244697.6,1616881.1,1749022.1,1674744.1,1516835.5,1433681.8,1652491.8,1371081.1,1746651.2,1369407.1,957340.44,2694339.8,
199,281.2669857453645,1.0078934,height,,,,,,,,,,,1457132.0,1045518.3,760915.1,1261107.5,3202079.0,0.0,2093199.9,2091885.1,1050060.5,0.0,2072948.2,712089.56,1567678.4,1796515.9,2070984.0,1486617.1,1417636.2,1589626.9,1573938.4,1459149.4,1076451.9,1479659.4,1743322.9,
200,296.25839481259624,1.0108383,height,,,,,,,,,,,7768383.5,3244833.2,2766189.5,7361113.0,25318304.0,0.0,10481353.0,13352532.0,3579517.0,2968245.8,13505634.0,2314179.5,9091477.0,9606764.0,10461530.0,7874504.0,8136236.5,8959226.0,7315817.5,7154008.5,3715797.5,10237245.0,5161970.5,
201,281.1384511149108,1.0122417,height,,,,,,,,,,,1167810.4,901941.3,1514129.2,1824964.5,0.0,3454265.2,3459932.2,3425497.2,2428961.2,0.0,1019094.94,811369.5,1698662.9,1905359.1,1883543.5,1633324.4,1987004.1,0.0,1933831.0,832104.6,1523669.0,1313499.5,1207314.4,
202,280.2636145749585,1.0101734,height,,,,,,,,,,,7294524.0,4507315.5,3928713.5,6219351.0,16999374.0,12338355.0,10090430.0,10565229.0,4926100.5,4033442.5,10032544.0,4090955.0,8388670.0,9120381.0,9339923.0,7349038.5,7747385.0,8415400.0,6894266.0,7282589.0,5247806.5,7630249.0,9104184.0,
203,292.2270898462091,1.0078741,height,,,,,,,,,,,1417650.4,578515.7,539982.4,1249535.0,4738321.5,0.0,1947061.4,2377990.0,592181.06,513867.8,2592430.8,464865.88,1563935.2,1657358.9,1675764.9,1305523.0,1377158.5,1461453.2,1241908.8,1165720.8,674647.1,1988304.4,1092052.4,
204,415.21163003886153,1.0109928,height,,,,,,,,,,,30154144.0,21477672.0,40397360.0,46709084.0,89730860.0,95213140.0,84767510.0,99416936.0,56212224.0,26461444.0,30231304.0,19794724.0,50295556.0,54606804.0,56908652.0,44191124.0,45663384.0,49069200.0,46265056.0,23708800.0,45619120.0,37459892.0,33745724.0,
205,294.2427959593409,1.010324,height,,,,,,,,,,,4184570.5,1822997.2,1595123.8,3571919.8,10208506.0,0.0,6574587.0,6932397.5,2155067.0,1708477.2,5984941.0,1582765.5,4276603.0,4537128.0,4821900.0,3639181.5,3791864.2,4150789.2,3304843.5,3268427.8,2028826.6,4964964.5,3663219.2,
206,432.23818693061344,1.0119745,height,,,,,,,,,,,15647068.0,11656426.0,18993700.0,23819302.0,47593584.0,47669090.0,42872964.0,49896436.0,30471070.0,14449241.0,15084914.0,10129813.0,26618196.0,28773728.0,30675640.0,23099896.0,24279550.0,25792220.0,23877568.0,11671922.0,24662776.0,19700304.0,18016986.0,
207,310.2375413476393,1.0143465,height,,,,,,,,,,,1870400.8,772252.8,702620.75,1583237.8,6299774.0,0.0,2765331.0,3077417.8,846521.75,754756.75,3490559.0,703444.44,2096889.9,2174632.2,2344759.2,1704059.2,1783079.0,2002782.9,1717578.4,1596796.8,965278.44,2594166.0,1438269.9,
208,202.21657935303395,1.0054094,height,,,,,,,,,,,0.0,0.0,0.0,0.0,0.0,0.0,270190.38,0.0,0.0,0.0,0.0,0.0,0.0,0.0,0.0,0.0,0.0,0.0,0.0,0.0,0.0,0.0,1741741.9,
209,437.1934857189231,1.0447878,height,,,,,,,,,,,351229.7,0.0,0.0,274749.5,4401828.0,5230294.5,4095263.2,5231356.0,547090.9,0.0,227346.9,0.0,531559.5,654100.7,535203.44,0.0,588713.06,548426.44,503623.6,0.0,386619.72,485551.38,2314158.0,
210,446.2538447164671,1.057979,height,,,,,,,,,,,409301.88,276500.47,386580.47,549278.2,2926104.2,3241347.0,3177097.0,4032308.0,703530.56,369838.5,301803.88,239532.05,699222.9,850844.44,716799.4,683061.6,556522.5,689660.9,571634.1,303823.1,535029.8,704631.75,1729004.8,
211,453.16732049122334,1.0707746,height,,,,,,,,,,,0.0,0.0,0.0,0.0,1971912.5,2159570.2,1908901.5,2081641.0,378480.84,0.0,0.0,0.0,309548.72,421026.3,383481.84,319720.06,0.0,338184.1,312026.66,0.0,0.0,333718.0,543452.2,
212,1544.1638269647578,1.0769928,height,,,,,,,,,,,2108507.8,2886540.8,2590411.2,3151824.2,0.0,0.0,0.0,0.0,2573629.2,2528711.2,2921581.2,2429242.5,2930079.5,2566972.2,2402130.2,2090537.4,0.0,2419568.0,0.0,2823834.5,2478977.8,2240367.2,0.0,
213,1545.1675199192389,1.0807861,height,,,,,,,,,,,2102771.2,2890684.8,2680981.0,2923336.8,0.0,0.0,0.0,0.0,2571363.2,2265575.8,2783974.5,2703944.5,2675452.8,2419746.5,2501173.2,1819581.5,1921087.6,2148469.0,2542735.2,2843689.0,2393230.0,2046921.9,0.0,
214,182.07877369153084,1.1263605,height,,,,,,,,,,,0.0,0.0,0.0,0.0,895570.3,860932.0,661986.25,696662.1,0.0,0.0,0.0,0.0,0.0,0.0,0.0,0.0,0.0,0.0,0.0,0.0,0.0,274426.1,771476.06,
215,184.0733630903877,1.1090444,height,,,,,,,,,,,1956268.4,2006686.9,2177690.2,2827942.5,0.0,0.0,0.0,0.0,1903856.8,2587467.2,2215688.2,0.0,1884163.8,1805356.1,1652643.1,1773638.0,1736771.4,0.0,2231699.8,2194342.5,1892567.6,1504174.8,0.0,
216,230.13873866989695,1.1322675,height,,,,,,,,,,,721495.7,340580.84,265889.16,703919.1,2641439.2,1431635.5,1109255.1,1348402.8,263408.94,331746.34,1685549.5,0.0,692186.4,723155.25,652554.06,648322.56,641689.75,616345.8,706680.94,424713.12,298796.66,1242042.2,352667.53,
217,772.5500596396764,1.1434094,height,,,,,,,,,,,2941387.8,1258378.0,1530321.1,1554554.0,0.0,0.0,0.0,0.0,2071084.2,0.0,1418162.5,1023253.6,1079423.4,1015345.4,949770.44,920234.0,860177.56,955415.9,1931322.0,1998049.9,1968224.4,1412253.4,0.0,
218,730.5388588940199,1.13701,height,,,,,,,,,,,2047378.4,2159458.5,2133199.8,2793203.0,1127235.1,1159811.1,1177805.6,1061080.8,2986425.5,1367344.4,2040360.2,2015073.1,2760151.2,0.0,0.0,2562577.0,2048771.2,0.0,2512320.2,2995939.0,2729243.8,2180544.5,0.0,
219,800.5793808653268,1.1432211,height,,,,,,,,,,,9421980.0,4048236.8,5172896.5,4955367.0,0.0,0.0,0.0,0.0,7004791.5,0.0,4181947.2,2978216.8,3491541.5,3582767.5,0.0,3692465.5,3203697.8,3126128.5,8196169.5,7109731.0,6959721.5,5736845.5,0.0,
220,801.5822920772144,1.1478137,height,,,,,,,,,,,4572168.5,2013836.6,2722422.8,2616684.0,0.0,0.0,0.0,0.0,3376567.5,0.0,2280007.0,1462480.4,1888366.0,1728029.4,1611554.0,1694659.4,1743119.0,1611404.6,3888758.2,3616814.2,3356134.0,2725423.8,0.0,
221,808.5824394977624,1.1625377,height,,,,,,,,,,,1452503.4,1712672.1,1741442.8,1445368.2,0.0,0.0,289463.56,0.0,1476314.5,1516336.8,1364139.5,1583337.6,1496411.5,1718060.0,1540070.9,1717172.6,1445705.1,0.0,0.0,1672941.6,1844770.1,1584013.6,0.0,
222,415.2116263126214,1.1312613,height,,,,,,,,,,,29873614.0,18979564.0,36618052.0,52032532.0,82973690.0,86949550.0,61448980.0,79018270.0,48431730.0,26064654.0,25591100.0,12951285.0,37765956.0,42919436.0,0.0,45376268.0,37867684.0,44564430.0,43251550.0,21166604.0,40800884.0,33196130.0,28128902.0,
223,567.5097634520989,1.180958,height,,,,,,,,,,,0.0,0.0,0.0,0.0,2299273.5,2286033.2,2297949.0,2712486.5,0.0,0.0,0.0,0.0,408524.0,409246.9,383911.47,471330.06,389014.34,405371.66,0.0,0.0,0.0,0.0,0.0,
224,735.3359032800379,1.1953547,height,,,,,,,,,,,0.0,0.0,0.0,0.0,1052698.6,1554617.0,1197739.4,1546454.2,305337.66,0.0,0.0,0.0,0.0,324862.1,0.0,0.0,0.0,0.0,0.0,0.0,0.0,0.0,344402.38,
225,281.1384434435523,1.1803231,height,,,,,,,,,,,1057205.9,880472.25,1658936.1,1929335.1,2475580.5,2688284.8,2339246.8,2655566.2,1924599.1,1044257.6,980837.75,863759.44,1641542.6,1771455.6,1912258.9,1681947.4,1551226.1,1738065.6,1737910.9,872085.8,1564136.0,1518960.1,926517.4,
226,816.5734661344272,1.2537103,height,,,,,,,,,,,2961648.2,1347198.1,1520170.1,1729078.8,0.0,0.0,0.0,0.0,1684078.9,608950.6,1505303.1,1109313.6,1195675.2,1194022.8,1200095.1,1093930.2,0.0,1152450.0,0.0,1985539.0,1816784.1,1311737.2,0.0,
227,316.1754326591169,1.2217149,height,,,,,,,,,,,1375290.1,1072420.6,2419521.0,3207626.2,2797097.8,3505359.5,3315502.8,3339535.0,2765097.0,2006587.8,1775807.8,2099398.2,2333669.2,2435447.5,2466405.0,2105433.5,2573518.2,2395523.0,2319469.0,826499.06,1822834.5,2078482.1,1746157.1,
228,174.18525928548792,1.2258375,height,,,,,,,,,,,287180.2,448753.44,0.0,739585.0,378871.8,1026795.7,822597.75,544774.06,0.0,0.0,0.0,0.0,311585.06,323253.38,299477.28,316462.6,304759.84,307596.3,0.0,1029246.7,320798.12,0.0,2374366.5,
229,299.1488355645629,1.2252661,height,,,,,,,,,,,10582825.0,8522277.0,18428850.0,25621434.0,19889108.0,26771216.0,25039288.0,25464692.0,20273222.0,15023062.0,13680402.0,15879239.0,18138164.0,17959952.0,19371048.0,16780380.0,18826932.0,18823932.0,17387678.0,6664473.0,13488931.0,15342625.0,13198755.0,
230,135.08050557571502,1.2277902,height,,,,,,,,,,,3869390.0,3247477.0,6752102.0,9050623.0,7089614.5,9284529.0,8455591.0,9015010.0,7606002.0,5186998.0,4962896.0,5351398.5,6397392.0,6468611.0,7070943.5,6374151.0,6543390.5,7036126.0,6358334.0,2602146.5,4979912.5,5652607.0,4252803.5,
231,165.07581965125155,1.2290571,height,,,,,,,,,,,3694674.2,2966054.0,6333695.0,8890090.0,6578592.0,9094875.0,8543594.0,8741226.0,7116526.5,5074001.5,4656796.5,5348369.0,6076976.0,5988124.5,6631446.5,5828931.5,6136558.0,6630584.5,6087024.5,2433631.2,4605922.0,5259202.0,4160732.0,
232,818.5898645961587,1.2350702,height,,,,,,,,,,,2985865.0,1618918.0,1890226.8,2395136.2,0.0,0.0,0.0,0.0,2339582.0,918012.3,1659242.4,1426213.6,1756170.9,1683616.1,1624719.6,1665412.9,1736255.0,1597807.4,0.0,2397239.2,2342602.8,1791440.8,0.0,
233,799.5678431554851,1.3049356,height,,,,,,,,,,,1602356.5,965202.1,998451.75,1235664.5,0.0,0.0,0.0,0.0,1218384.4,633329.44,1089518.2,848066.0,708136.9,927324.06,825388.25,881564.75,700031.1,702251.4,1533642.6,1304160.9,0.0,1008751.06,0.0,
234,619.2730077834245,1.2511253,height,,,,,,,,,,,0.0,255644.23,989733.6,886109.9,3910705.8,6151278.0,6261158.5,5437978.5,950357.6,549290.44,350560.97,698876.3,1007712.56,1249739.5,1105606.5,1058074.1,1003620.25,899450.2,694078.06,0.0,524436.9,737563.5,5006466.0,
235,337.1046409178564,1.2586304,height,,,,,,,,,,,327134.97,270740.97,654910.1,727799.9,1503029.5,2373850.8,2349098.8,2096623.2,718098.1,485850.9,355202.72,618362.4,715644.94,773593.1,776609.5,673345.9,736745.7,720174.2,509433.88,0.0,422926.66,514899.56,1619088.9,
236,321.13077147248595,1.2616464,height,,,,,,,,,,,2458784.0,1951798.2,4954760.0,5156828.0,13828910.0,22687836.0,21753168.0,20645174.0,5324914.5,3324157.0,2699609.8,4074116.8,6071126.5,5783568.0,6071601.5,5391610.5,5673163.0,5043232.5,3880718.5,1072437.2,3305242.2,4105094.2,17632460.0,
237,437.1934167073108,1.2624513,height,,,,,,,,,,,545706.8,381473.62,927742.3,1076448.8,3502437.2,4867063.0,3824176.0,0.0,1272256.9,628171.1,567840.44,355198.97,1193995.4,1418478.2,1295228.6,1321482.8,1280271.6,1261892.0,942045.56,375856.44,911706.4,844913.8,1224154.2,
238,212.12821281368687,1.279717,height,,,,,,,,,,,508107.22,0.0,0.0,554920.1,2203561.0,1102759.2,605346.75,895692.2,0.0,220573.22,1586531.8,0.0,577486.94,638020.6,625306.75,630760.7,617306.56,590157.6,522722.3,403366.75,0.0,1103569.5,0.0,
239,676.4552210732604,1.3090572,height,,,,,,,,,,,4747760.0,2909957.0,3150231.5,3379451.0,0.0,0.0,0.0,0.0,3724232.2,1995005.8,3179792.0,2694588.0,2514841.8,3129556.2,2740428.0,2818008.2,2308311.8,2494680.2,3720276.8,3960804.0,3515033.8,3207308.5,0.0,
240,816.5736015234312,1.3175029,height,,,,,,,,,,,2609717.5,1253553.6,1639333.1,1783086.5,0.0,0.0,0.0,0.0,1826342.6,721473.3,1509135.2,1110539.5,1115767.9,1165256.2,1076176.6,1192031.8,997358.94,1110067.8,1960459.6,1973072.2,1766764.1,1462478.5,0.0,
241,262.201331361932,1.3173939,height,,,,,,,,,,,1900084.2,1661108.5,3003627.0,4142769.2,4373474.0,4237082.0,4080472.2,4198796.5,3425853.8,2778215.2,2284039.0,1859596.4,2503037.0,3010091.0,2874936.8,2874507.2,2645715.8,2445718.5,3110140.5,1354808.5,2207972.5,3004599.0,1637936.8,
242,718.5022801119817,1.318632,height,,,,,,,,,,,1258363.9,885515.4,1129797.8,1260487.2,0.0,0.0,0.0,0.0,711758.2,1675876.1,1353435.0,1043559.06,1046790.94,1178041.6,1211265.9,1225915.4,1048580.0,1095579.0,786439.44,760549.6,789936.0,635858.8,0.0,
243,808.5824915532415,1.2772952,height,,,,,,,,,,,1451173.9,1527363.1,1576697.1,1270005.0,0.0,0.0,0.0,0.0,1365438.2,1394726.0,1309087.8,1554519.5,1618204.9,1718060.0,1508706.4,1367678.2,0.0,1412437.6,1188563.9,1394060.2,1484536.0,1250914.6,0.0,
244,704.4866071397076,1.3352022,height,,,,,,,,,,,17446130.0,12254997.0,15155052.0,15015556.0,389608.53,463253.5,383831.1,455772.78,15431676.0,8646384.0,14182896.0,11186059.0,11800021.0,12752833.0,12786081.0,13526043.0,11516156.0,12471648.0,16516382.0,17581972.0,16202240.0,12356452.0,0.0,
245,216.1231402922872,1.3428308,height,,,,,,,,,,,312855.03,0.0,0.0,385991.44,2031472.2,787096.3,475247.34,692832.3,0.0,235976.31,1437409.5,0.0,446501.97,459710.97,414369.66,408826.5,403394.06,373212.78,382782.88,240005.95,0.0,945792.8,0.0,
246,506.5302698454816,1.3243859,height,,,,,,,,,,,255243.62,333195.88,378074.16,340225.03,355257.22,429959.47,361955.16,325312.7,1540909.4,268680.0,392869.34,280168.4,450667.94,557987.3,525336.4,549588.1,596874.4,512571.66,355648.06,283932.34,487691.84,293266.3,1113185.2,
247,798.5640091881625,1.3666687,height,,,,,,,,,,,3526406.0,1858327.5,2242582.5,2802089.5,0.0,0.0,0.0,0.0,2586212.0,1074958.0,2221101.5,1640878.1,1544053.6,1687719.4,1723932.9,1742789.5,1505650.2,1725461.4,2868330.0,2919671.8,2572269.2,2015247.8,0.0,
248,298.08963467731263,1.3644851,height,,,,,,,,,,,264475.38,282441.44,351207.3,0.0,6595404.0,6691692.0,9409094.0,7656927.0,614448.0,0.0,0.0,227953.48,857448.5,879676.8,795587.25,734148.7,758325.25,585226.6,545924.4,406866.47,474677.9,562724.4,0.0,
249,276.10788980064524,1.3644568,height,,,,,,,,,,,2136420.2,2010170.8,1978893.0,1426650.1,21260030.0,16268793.0,26054812.0,21355960.0,3859409.2,1066551.8,1034701.94,1688605.5,5328930.5,5079387.0,4661657.5,4218937.0,4390914.0,3829361.8,4121781.5,2981336.5,3469378.0,3401846.5,0.0,
250,186.07611962715063,1.3670741,height,,,,,,,,,,,0.0,0.0,0.0,0.0,1926159.1,1524026.9,2391641.8,2056318.8,373198.25,0.0,0.0,0.0,465742.2,448017.3,427887.44,408967.03,400910.78,399224.4,361395.6,320125.88,338386.34,383329.44,0.0,
251,314.0634691236419,1.3654138,height,,,,,,,,,,,0.0,0.0,0.0,0.0,808744.7,777454.94,1079938.6,858726.25,0.0,0.0,0.0,0.0,0.0,0.0,0.0,0.0,0.0,0.0,0.0,0.0,0.0,0.0,0.0,
252,138.05496866967962,1.3662883,height,,,,,,,,,,,0.0,0.0,0.0,0.0,1952792.6,1577319.9,2325665.8,2007485.6,425966.4,0.0,0.0,0.0,506995.84,514887.44,535282.7,412655.62,426241.9,385978.28,409029.78,320449.75,382447.4,341748.22,0.0,
253,690.4706718699633,1.3851217,height,,,,,,,,,,,2320520.5,1384978.2,1908692.4,2075325.4,0.0,0.0,0.0,0.0,1459791.8,1237177.2,1598580.2,1462084.6,1434698.2,1459978.8,1477379.9,1464877.4,1396363.1,1467119.4,1597784.2,1766111.5,1695331.0,1394620.0,0.0,
254,573.1905677576708,1.3681977,height,,,,,,,,,,,0.0,0.0,0.0,0.0,2787794.2,2342536.8,4999030.0,3763933.0,0.0,0.0,0.0,0.0,0.0,0.0,0.0,0.0,0.0,0.0,0.0,0.0,0.0,0.0,0.0,
255,446.2537656907638,1.3835596,height,,,,,,,,,,,449065.94,469270.06,992304.75,1022995.1,1841995.4,2305085.2,0.0,2220791.8,1043389.5,550119.9,522110.53,333240.7,1154195.4,1210750.1,1124172.2,1032062.6,1207176.8,980074.7,951421.6,508674.9,1023857.8,762463.8,0.0,
256,799.5678028379989,1.3590041,height,,,,,,,,,,,1667306.2,962985.4,1182829.2,1300979.8,0.0,0.0,0.0,0.0,1296320.6,633329.44,1267591.4,827025.44,861990.9,927324.06,825388.25,914828.6,784518.25,887181.3,1436108.2,1532862.1,1317584.6,1056448.8,0.0,
257,798.5640938660127,1.383916,height,,,,,,,,,,,3263063.8,0.0,2505175.0,2461272.5,0.0,0.0,0.0,0.0,2564104.8,955865.8,0.0,1775781.4,1639015.2,1782148.0,1727158.0,1809778.5,1675594.8,1788922.9,3003020.2,3010152.5,2876598.0,2191218.2,0.0,
258,690.4705908762112,1.3997381,height,,,,,,,,,,,2255080.8,1569950.9,1657981.4,1944026.8,0.0,0.0,0.0,0.0,1580703.1,1213783.4,0.0,1394962.5,1506577.9,1660224.6,1533447.8,1488568.0,1549213.8,1447076.2,1591696.4,2065782.9,1730496.2,1290331.9,0.0,
259,353.3525538225672,1.4571683,height,,,,,,,,,,,0.0,0.0,0.0,0.0,629865.0,623386.5,928491.56,941009.25,0.0,0.0,0.0,0.0,0.0,0.0,276538.66,0.0,0.0,0.0,0.0,0.0,0.0,0.0,0.0,
260,220.11800138725917,1.47802,height,,,,,,,,,,,0.0,256929.98,289664.28,257338.48,0.0,0.0,0.0,0.0,0.0,674533.9,486832.2,575422.3,0.0,0.0,257744.61,216937.7,229148.56,0.0,0.0,0.0,0.0,0.0,0.0,
261,240.1205608338369,1.4708762,height,,,,,,,,,,,0.0,0.0,0.0,0.0,935063.4,742206.6,573289.3,786547.2,0.0,0.0,0.0,0.0,0.0,0.0,0.0,0.0,0.0,0.0,0.0,0.0,0.0,319193.38,622188.44,
262,200.128169064282,1.4882127,height,,,,,,,,,,,913293.94,371310.25,399453.9,916521.4,1400123.0,1076810.8,806594.06,1087323.1,507635.8,483005.5,1323112.5,412065.53,816659.94,786343.75,828041.9,791896.25,790777.44,836819.25,889203.9,635665.7,463231.3,1485051.2,727157.9,
263,446.25376188535085,1.4854792,height,,,,,,,,,,,474029.84,504400.47,892629.25,1190995.8,0.0,0.0,0.0,2439482.0,1028422.0,619742.7,560462.0,333240.7,1207039.9,1340012.0,1119537.4,1127557.1,1204409.9,1004961.94,968331.5,508674.9,900824.7,748224.8,619128.5,
264,327.33684016999297,1.5148609,height,,,,,,,,,,,0.0,0.0,0.0,0.0,4425956.5,5122170.0,6761013.0,6778920.0,0.0,0.0,0.0,0.0,1290309.5,1279493.9,1262046.9,1307511.6,1126740.1,1306089.1,0.0,0.0,0.0,0.0,0.0,
265,712.301746715439,1.5242022,height,,,,,,,,,,,431704.44,603001.7,963773.75,1041259.4,250610.66,0.0,0.0,232804.5,1132397.9,572889.0,501351.5,436749.53,851296.56,756299.0,736133.56,815967.4,689696.4,755781.56,839752.7,448228.34,1007905.6,879189.1,0.0,
266,127.0503344753784,1.5313029,height,,,,,,,,,,,0.0,0.0,0.0,0.0,1081517.0,957901.06,1413970.2,1497743.5,0.0,0.0,0.0,0.0,342601.75,294432.9,269239.84,287114.62,241285.66,275525.56,0.0,0.0,0.0,0.0,0.0,
267,298.0968397311749,1.5424638,height,,,,,,,,,,,10092716.0,16025029.0,13333455.0,11189742.0,2813764.5,1856364.5,3335294.5,2360760.0,12658864.0,11861074.0,10243526.0,14714154.0,11117714.0,10042716.0,10214600.0,11007641.0,8925443.0,9006984.0,11602892.0,11604398.0,14113961.0,14572805.0,0.0,
268,325.32123801363025,1.5459254,height,,,,,,,,,,,0.0,0.0,0.0,0.0,2728036.5,2504320.5,3531252.5,3531518.2,0.0,0.0,0.0,0.0,803077.44,677493.7,789172.6,754643.5,674250.2,665551.5,0.0,0.0,0.0,0.0,0.0,
269,326.3247240934929,1.5360632,height,,,,,,,,,,,0.0,0.0,0.0,0.0,588516.3,617230.56,752929.5,745825.9,0.0,0.0,0.0,0.0,0.0,0.0,0.0,0.0,0.0,0.0,0.0,0.0,0.0,0.0,0.0,
270,718.4666551457499,1.5952377,height,,,,,,,,,,,1942133.1,1175487.2,1343444.5,1610495.2,0.0,0.0,0.0,0.0,1248477.0,601606.1,1125878.6,1007168.6,884192.25,871563.7,868711.25,868169.2,786301.6,853118.56,1452701.2,1507584.6,1393588.9,1137991.1,0.0,
271,299.30546098629134,1.6055069,height,,,,,,,,,,,0.0,0.0,0.0,0.0,499825.88,532015.3,783160.25,630401.7,0.0,0.0,0.0,0.0,0.0,0.0,0.0,0.0,0.0,0.0,0.0,0.0,0.0,0.0,0.0,
272,470.49332510229226,1.606422,height,,,,,,,,,,,1411240.5,2297754.8,2267062.5,3017475.0,0.0,0.0,0.0,0.0,2241896.8,2128004.5,2039750.8,2693293.2,1768123.6,1771990.6,1880523.8,1749154.2,1583883.6,1689916.6,1881460.0,1547990.5,2096390.9,1707941.9,0.0,
273,397.3425555074747,1.6070843,height,,,,,,,,,,,0.0,0.0,0.0,0.0,2471032.8,2481821.8,2773865.8,3110805.5,0.0,0.0,0.0,0.0,627417.7,625398.4,652139.8,601064.6,552993.6,617572.94,0.0,0.0,0.0,0.0,0.0,
274,786.6012666914131,1.6234609,height,,,,,,,,,,,38451590.0,54533412.0,50515820.0,64331724.0,1637787.2,1379723.9,2051937.5,1613645.0,42854052.0,59697496.0,53067696.0,57262076.0,37954400.0,37880964.0,35846444.0,36741804.0,37247136.0,34507108.0,46329984.0,62969156.0,49184940.0,42104580.0,0.0,
275,172.13318423087094,1.6235963,height,,,,,,,,,,,1236919.5,703627.44,1410986.0,2056625.1,1450138.1,2327231.5,2094648.1,1771682.9,1340639.4,1407626.6,1626654.6,1762885.6,1284774.9,1298756.0,1287220.5,1300307.8,1118013.2,1205631.8,1066267.0,527153.25,710204.3,1796545.4,1293500.5,
276,832.5692515786028,1.6296965,height,,,,,,,,,,,1372754.4,868078.44,978717.7,1234446.9,0.0,0.0,0.0,0.0,964898.0,473957.5,760522.5,815206.06,673456.3,595830.25,629985.4,611338.5,566697.1,529514.75,1096082.4,1337450.1,999115.7,1002015.9,0.0,
277,371.3268513924099,1.6377276,height,,,,,,,,,,,0.0,0.0,0.0,0.0,7004210.5,9086253.0,8096682.0,9848132.0,0.0,0.0,0.0,0.0,2606029.5,2621170.8,2402789.2,2388135.5,2162136.0,2161019.2,332238.22,0.0,391203.25,346648.78,0.0,
278,758.569488351501,1.6338567,height,,,,,,,,,,,6655212.0,11640293.0,9861228.0,12269868.0,360939.25,391615.8,415035.03,405610.3,7918521.5,18797354.0,13020544.0,13114944.0,7989102.5,7664267.5,7197937.5,7338087.0,7394208.0,7005901.5,8129724.0,10061978.0,8435420.0,7288044.5,0.0,
279,718.4667029567725,1.6089901,height,,,,,,,,,,,1949329.4,1215373.9,1217323.4,1752924.6,0.0,0.0,0.0,0.0,1362526.8,0.0,1294366.5,1091423.2,888826.1,946632.06,943764.94,946163.0,813883.3,883469.9,1598442.8,1520977.0,1584648.4,1212195.0,0.0,
280,442.461674064267,1.6492269,height,,,,,,,,,,,3422728.8,4927105.5,5053890.0,5976446.0,246634.06,257534.69,0.0,0.0,4833702.5,6401932.0,5341314.0,5835255.5,3562969.5,3534444.2,3351500.5,3323756.8,2976787.8,3052816.0,3999126.0,3760987.0,3832622.5,4604494.0,0.0,
281,744.5544421191299,1.6635165,height,,,,,,,,,,,52108212.0,92296510.0,85548616.0,101735470.0,3519447.0,3778408.2,4111302.8,3755528.2,83252120.0,91456904.0,96359930.0,86978370.0,63072864.0,65366624.0,58999644.0,64714016.0,55746584.0,58929588.0,78852856.0,93713260.0,83146060.0,72949064.0,0.0,
282,1489.1045948236324,1.6672407,height,,,,,,,,,,,1008750.2,2756058.2,2168022.5,2461318.5,0.0,0.0,0.0,0.0,2144850.8,2535147.5,0.0,2081729.9,1522203.1,1276612.2,1205981.2,1300555.9,1392086.0,1209699.1,2225439.8,2595723.0,2322481.5,1945037.9,0.0,
283,1502.1147871641151,1.6625416,height,,,,,,,,,,,0.0,542382.0,489566.84,581973.94,0.0,0.0,0.0,0.0,354093.22,888785.44,586552.25,528331.25,386579.8,349935.2,320467.75,385912.97,386597.3,317137.06,348786.3,564272.7,483510.66,355488.75,0.0,
284,1488.1010902541402,1.6683602,height,,,,,,,,,,,1059600.4,2748551.0,2281331.8,2641769.5,0.0,0.0,0.0,0.0,2360284.5,2469037.0,2616737.2,2087166.1,1572184.0,1301330.0,1311432.5,1425547.4,1378236.2,1145507.9,2149542.8,2869905.0,2362591.5,1886816.4,0.0,
285,1434.0527717264818,1.6931,height,,,,,,,,,,,0.0,0.0,0.0,0.0,1249565.0,1140437.0,1612866.8,1110332.9,0.0,0.0,0.0,0.0,2980177.2,2509147.0,2648628.5,3222188.2,2859900.2,3074190.5,0.0,0.0,0.0,0.0,0.0,
286,1432.0383723944913,1.6929367,height,,,,,,,,,,,0.0,0.0,0.0,0.0,1149793.6,771203.4,1494323.6,740200.6,0.0,0.0,0.0,0.0,393892.22,347518.78,380287.9,418279.97,419934.56,428120.75,0.0,0.0,0.0,0.0,0.0,
287,1462.0839795983145,1.6874204,height,,,,,,,,,,,317127.4,772794.1,667859.75,933437.9,0.0,0.0,0.0,0.0,760604.75,950896.6,816185.3,661945.44,839327.8,781143.94,772238.4,730481.44,781043.5,790839.1,709711.5,686477.06,659995.75,565768.7,0.0,
288,730.5386204682355,1.6981525,height,,,,,,,,,,,3036544.8,4577859.5,4608685.0,6161464.0,2872351.8,3091130.2,2951302.0,2511106.8,4389345.5,8664169.0,5319919.5,4978547.0,4411244.5,4042541.2,3615381.8,3775899.8,3343679.0,4257680.0,3325622.8,3750955.5,3784085.8,3008992.5,0.0,
289,250.093466992252,1.7066222,height,,,,,,,,,,,3731936.2,2809112.2,3640978.0,3690022.8,2782512.2,2629335.8,3261084.8,3075019.0,3762965.5,2152103.5,3651152.2,3384518.8,3207124.2,3211897.0,3020368.5,2819030.2,2536360.0,2973363.2,2876761.8,3132332.2,3990042.5,4744925.5,0.0,
290,717.5263492689957,1.7099999,height,,,,,,,,,,,2432132.8,3242133.0,3155889.2,3961608.8,43412260.0,28881440.0,39112210.0,31308786.0,4067981.8,2274547.5,3179199.0,2619106.2,13221551.0,12889532.0,11353014.0,10716449.0,9666560.0,12057487.0,3741843.8,4517021.5,4031299.0,3391647.2,0.0,
291,718.5374623720908,1.7086095,height,,,,,,,,,,,6975333.0,11649885.0,12556126.0,13757927.0,25206740.0,26659082.0,27281016.0,23818248.0,11592949.0,16104383.0,12968061.0,12956733.0,17413748.0,15535558.0,13169107.0,13582800.0,12591517.0,16112392.0,10181085.0,10163900.0,11362735.0,9766078.0,0.0,
292,719.54159879568,1.7092842,height,,,,,,,,,,,3262211.0,5564952.5,5449449.5,6491464.0,9501393.0,10492400.0,9521578.0,0.0,5167689.5,0.0,6075443.5,6080380.5,7023780.5,6151861.0,5200399.0,5313697.5,5376893.5,6217945.0,4469863.5,4795984.0,5254146.5,4525970.0,0.0,
293,744.5545295311308,1.6689646,height,,,,,,,,,,,57123292.0,97849180.0,94859896.0,103044740.0,3236727.0,4022752.5,4283819.0,0.0,93919310.0,0.0,108330344.0,94585144.0,66261892.0,69332536.0,60317550.0,65513830.0,66388296.0,60751016.0,74714110.0,96868730.0,83612100.0,77622696.0,0.0,
294,716.5229847712861,1.715501,height,,,,,,,,,,,5301300.0,6250591.5,6899227.5,7928270.0,87995490.0,60621930.0,85760210.0,58138940.0,8547647.0,5034709.0,6607268.5,5964330.5,29106588.0,25819434.0,22180314.0,23085852.0,21476466.0,27628664.0,8295020.0,9127129.0,8592727.0,6835405.5,0.0,
295,1406.0226805007646,1.7193737,height,,,,,,,,,,,0.0,0.0,0.0,0.0,9657313.0,6794724.0,10348116.0,7024320.5,0.0,0.0,0.0,0.0,1449214.4,1120525.9,1317223.9,1494663.4,1251365.9,1500390.1,0.0,0.0,0.0,0.0,0.0,
296,1434.0530157557644,1.6943332,height,,,,,,,,,,,0.0,0.0,0.0,0.0,0.0,1161450.0,1712339.9,1180922.9,0.0,0.0,0.0,0.0,3131951.0,2453946.2,2545532.5,2839885.8,2620959.2,3192346.8,0.0,0.0,0.0,0.0,0.0,
297,760.5451279112871,1.7391715,height,,,,,,,,,,,2332069.0,1138366.4,1495937.6,1436351.5,0.0,0.0,0.0,0.0,1638986.5,542927.2,1171762.0,925542.25,927506.06,870971.1,774335.3,824961.2,727071.1,876298.25,1944679.5,1711648.6,1589460.0,1473079.6,0.0,
298,703.5098433264158,1.744498,height,,,,,,,,,,,0.0,0.0,0.0,0.0,2165755.2,2071647.4,2047759.5,1691171.5,0.0,0.0,0.0,0.0,804963.0,680515.3,727340.1,911355.8,810139.2,836426.5,0.0,0.0,0.0,0.0,0.0,
299,705.5257893901926,1.7358158,height,,,,,,,,,,,0.0,0.0,0.0,0.0,9710590.0,11236922.0,9074947.0,8158947.5,0.0,441609.0,0.0,0.0,3744079.0,2852042.2,3047569.2,3352894.8,2907809.8,3489775.2,0.0,0.0,0.0,0.0,0.0,
300,549.4878966488982,1.7379472,height,,,,,,,,,,,0.0,0.0,0.0,0.0,5444155.5,4703665.0,5068032.5,3981653.0,0.0,0.0,0.0,0.0,1556399.1,1220431.5,1341737.0,1613125.2,1320246.4,1521988.1,0.0,0.0,0.0,0.0,0.0,
301,758.5331044783134,1.7408271,height,,,,,,,,,,,10759703.0,4637298.5,7389054.0,6710873.5,0.0,0.0,0.0,0.0,8625556.0,2034064.4,5321798.5,4403620.0,4371367.5,3409800.5,3332327.0,3860961.5,3423853.8,4091721.8,9107554.0,8198169.5,7674790.5,6620678.0,0.0,
302,704.5219484282366,1.744852,height,,,,,,,,,,,271144.88,419246.12,363119.22,404861.5,23301452.0,25604800.0,21005710.0,19461890.0,466688.66,950284.25,536345.5,461447.03,8523990.0,6494577.5,6891048.0,8003942.0,6958270.5,8002961.0,312649.6,255253.06,312548.75,317128.78,0.0,
303,1380.0067981286008,1.7430937,height,,,,,,,,,,,0.0,0.0,0.0,0.0,26171922.0,22791498.0,25435790.0,24358520.0,0.0,0.0,0.0,0.0,3292521.5,2984337.8,3345381.0,3570607.8,3480226.2,3744305.5,0.0,0.0,0.0,0.0,0.0,
304,1377.9916892216488,1.7431898,height,,,,,,,,,,,0.0,0.0,0.0,0.0,4041066.0,3179940.8,3888922.0,3442940.5,0.0,0.0,0.0,0.0,647334.94,575036.6,661825.2,673009.06,621212.06,735204.7,0.0,0.0,0.0,0.0,0.0,
305,1394.0203995620209,1.7432384,height,,,,,,,,,,,0.0,0.0,0.0,0.0,3059132.2,3443835.0,2907878.0,3017883.5,0.0,0.0,0.0,0.0,494533.16,459350.2,490755.66,559741.75,455906.2,534786.2,0.0,0.0,0.0,0.0,0.0,
306,702.5064634635985,1.7433583,height,,,,,,,,,,,0.0,0.0,0.0,0.0,4826666.0,4833431.5,5017886.5,3860046.5,0.0,0.0,0.0,0.0,1873531.0,1536156.0,1659057.6,1984987.9,1673865.1,1932406.5,0.0,0.0,0.0,0.0,0.0,
307,759.5362614837366,1.7378066,height,,,,,,,,,,,5001033.5,2174372.0,3286367.2,3029831.0,0.0,0.0,0.0,0.0,4031465.5,969064.56,2519623.5,2024069.1,2032498.6,1734605.0,1655486.2,1819129.4,1579994.8,1899746.5,4078068.0,3918837.5,3603549.8,3059215.2,0.0,
308,1378.9954681751074,1.7509878,height,,,,,,,,,,,0.0,0.0,0.0,0.0,3138643.0,2622715.5,3186658.5,2779044.8,0.0,0.0,0.0,0.0,623435.7,519346.62,641549.1,602638.1,561520.56,619064.44,0.0,0.0,0.0,0.0,0.0,
309,689.4966596283389,1.7576939,height,,,,,,,,,,,0.0,0.0,0.0,0.0,11255933.0,10808891.0,12144607.0,9549798.0,0.0,0.0,0.0,0.0,4833512.5,4086124.8,4358974.0,5224575.5,4410595.0,4748198.0,0.0,0.0,0.0,0.0,0.0,
310,688.4931240978519,1.7587707,height,,,,,,,,,,,0.0,0.0,0.0,0.0,27330934.0,26476008.0,29395802.0,23356416.0,0.0,0.0,0.0,0.0,11354172.0,10245178.0,10273982.0,12677588.0,11021112.0,12009320.0,0.0,0.0,0.0,0.0,0.0,
311,690.5075780016498,1.7599324,height,,,,,,,,,,,418502.22,940484.56,516217.72,707237.5,381415230.0,322635260.0,356671550.0,305293760.0,1004027.6,763121.06,1000809.5,588601.25,120237016.0,92895000.0,98640890.0,115170850.0,100222104.0,114052744.0,607869.7,523739.34,510990.72,862152.75,0.0,
312,172.13318537145489,1.7669864,height,,,,,,,,,,,1454797.2,914950.75,1712640.8,3009188.5,797517.9,1174191.0,951231.75,820327.2,1813514.5,2155993.2,2084253.8,2691637.0,1099202.8,1193078.9,1047137.06,1368717.1,1170249.9,1291804.0,1207841.8,687147.94,1015633.4,2375745.2,1694529.8,
313,676.4923473774898,1.7812836,height,,,,,,,,,,,0.0,0.0,0.0,0.0,2826207.2,3419573.8,3744304.8,2427762.2,0.0,0.0,0.0,0.0,909526.5,869555.4,990415.7,1087607.1,1009732.4,883360.7,0.0,0.0,0.0,0.0,0.0,
314,730.5026133423263,1.7849559,height,,,,,,,,,,,877733.5,399914.0,550278.8,522049.12,1510895.4,1576083.5,1482519.8,2037156.4,803883.25,0.0,446710.28,421390.72,1094001.2,1048597.5,1087492.6,1227132.0,1146017.6,1091270.6,778132.06,859281.56,805976.94,554082.4,0.0,
315,123.08061315747663,1.7988839,height,,,,,,,,,,,990480.9,413238.75,484973.84,843233.2,552000.44,376383.5,295823.97,448400.03,487608.97,512891.62,1162102.2,0.0,618090.8,554082.4,607711.9,601678.7,571204.3,533148.56,849134.94,633742.4,438705.44,1261067.6,642399.2,
316,151.07538775775126,1.7983818,height,,,,,,,,,,,992585.9,434844.66,412613.84,876067.7,530347.6,424303.38,349062.06,493709.38,491155.4,516590.03,1374971.9,428465.94,567048.1,624850.94,538489.6,612447.6,635655.25,506072.1,826085.5,662294.44,0.0,1313023.6,657182.25,
317,204.1231432282272,1.8005081,height,,,,,,,,,,,684382.94,269050.72,268634.06,486312.66,322756.8,0.0,0.0,241755.69,305135.84,366456.47,786146.0,260381.8,363300.7,381791.62,355447.34,387104.62,388805.8,311761.3,519310.53,448404.56,0.0,808164.94,470421.5,
318,690.5076359809644,1.7620144,height,,,,,,,,,,,461661.28,829635.0,565654.6,711482.8,330996480.0,333070050.0,359786900.0,315391360.0,1026745.8,836919.25,1111261.0,601989.2,118824910.0,98215460.0,112162030.0,120539450.0,110873990.0,115434750.0,627667.0,576899.8,542567.25,989763.7,0.0,
319,186.11250384286205,1.8013958,height,,,,,,,,,,,6491148.5,2903331.8,2635092.5,5659259.0,3698186.0,2784688.5,2195722.8,2929980.2,3055099.0,3386611.2,8625939.0,2437346.2,3979992.8,3931834.2,3598585.8,3997344.0,4094255.5,3340290.2,5226965.0,4395248.5,2630119.8,8829936.0,4476246.0,
320,168.10193781655295,1.8028218,height,,,,,,,,,,,1362781.2,617023.4,549348.94,1190595.0,699664.8,582292.75,476163.6,662233.94,636165.4,707322.9,1833418.0,511574.75,781590.25,864937.06,711293.3,854267.8,844952.6,672821.0,1138548.9,969287.8,558125.6,1808946.1,898844.4,
321,662.4761245790556,1.8053204,height,,,,,,,,,,,0.0,0.0,0.0,0.0,7935710.0,6781349.5,11095585.0,6354200.5,0.0,0.0,0.0,0.0,2361998.5,2109430.2,2164907.8,2485086.8,2367146.8,2126266.8,0.0,0.0,0.0,0.0,0.0,
322,226.1049328035633,1.8083181,height,,,,,,,,,,,1037511.94,419629.0,428787.22,844982.5,0.0,0.0,0.0,0.0,569041.6,448242.84,1194000.2,435585.6,398690.1,367296.88,417432.94,364918.94,303415.03,350247.56,968012.9,711960.25,469555.44,1686105.5,4389751.5,
323,688.4934325378186,1.7690126,height,,,,,,,,,,,0.0,0.0,0.0,0.0,28029050.0,27712432.0,28130388.0,24154888.0,0.0,0.0,0.0,0.0,0.0,10883294.0,11066042.0,13274623.0,12292200.0,0.0,0.0,0.0,0.0,0.0,0.0,
324,689.4968378138981,1.7679466,height,,,,,,,,,,,0.0,0.0,0.0,0.0,11226601.0,11243282.0,11619832.0,9955946.0,0.0,0.0,0.0,0.0,0.0,4307536.5,4856154.5,5546051.0,4741632.5,4945470.0,0.0,0.0,0.0,0.0,0.0,
325,704.4863913240871,1.7787374,height,,,,,,,,,,,5389586.0,2701917.5,3797014.2,0.0,12500512.0,14167990.0,12689939.0,14674595.0,3926340.0,0.0,2819237.0,0.0,7154916.5,7581757.0,7847756.5,8029914.5,7798798.5,7225132.0,4870126.0,4330174.5,3875483.2,0.0,0.0,
326,705.4897718729442,1.7832562,height,,,,,,,,,,,2161532.0,1101223.0,1724360.9,1366671.1,5482387.5,5839114.5,5465472.5,6155292.5,1649387.5,0.0,1147561.6,0.0,3032270.2,3182171.0,3337103.0,3374412.2,3441876.0,2997770.0,1971657.0,1811541.1,1716039.8,1332515.0,0.0,
327,343.2954409262071,1.8375744,height,,,,,,,,,,,529568.6,356827.1,451521.88,394600.56,1914527.8,436499.3,317936.75,273856.3,455708.5,360649.16,585351.25,281498.4,474486.28,491275.7,568448.06,473912.6,520043.16,532755.75,829652.9,271719.78,1049820.5,993476.9,288628.1,
328,776.5433251270792,1.8411266,height,,,,,,,,,,,1550498.6,1023359.5,1349707.5,1156520.2,0.0,0.0,0.0,0.0,1358373.0,431626.3,957032.0,829255.0,747791.06,746690.8,894768.94,805653.75,744617.75,944663.75,1425048.0,1639648.0,1340738.2,1053148.4,0.0,
329,720.481196441304,1.8674355,height,,,,,,,,,,,2388970.8,1685524.8,1885143.0,1810359.2,777661.3,776047.9,709140.75,1083396.2,1592447.6,1141878.4,1784048.2,1622579.6,1859714.0,1787615.0,1931191.2,1826046.8,1675962.1,1940923.6,1971611.5,2236043.8,1770375.4,1382272.2,0.0,
330,292.2118757772108,1.8832437,height,,,,,,,,,,,942494.25,696408.3,1550744.2,1771790.4,1024941.9,912896.25,909819.7,1141877.8,1428645.4,1173400.1,904629.75,750826.5,975275.2,828284.8,870764.1,945684.06,804887.25,853265.75,1342462.4,546500.5,1035331.0,1426531.0,503461.2,
331,246.2063753255566,1.8892986,height,,,,,,,,,,,0.0,0.0,0.0,0.0,1681831.9,0.0,0.0,0.0,0.0,0.0,0.0,0.0,0.0,0.0,0.0,0.0,0.0,0.0,0.0,0.0,0.0,0.0,0.0,
332,718.467560376083,1.8576035,height,,,,,,,,,,,0.0,0.0,476581.03,499779.28,1226261.5,1095992.9,1114648.2,1492541.0,505128.4,242727.45,0.0,351815.22,627963.6,565821.7,615385.8,650024.25,584814.7,719483.5,578948.3,548017.8,424558.44,365009.06,0.0,
333,415.2115740863061,1.8892794,height,,,,,,,,,,,8608332.0,6320684.5,14576237.0,17851336.0,8931725.0,9312550.0,6486333.0,10699633.0,16062530.0,8179207.0,0.0,4894077.0,13844543.0,12043462.0,12821687.0,14618712.0,12319288.0,15088686.0,0.0,8419180.0,13305100.0,11442648.0,4667150.5,
334,327.26409032574725,1.9106914,height,,,,,,,,,,,364922.06,0.0,0.0,479895.0,1702690.2,462028.22,0.0,481790.84,0.0,0.0,2396264.2,0.0,569623.2,550437.2,631642.44,554197.6,565826.9,533767.0,420560.06,283925.12,0.0,1389957.0,0.0,
335,446.25375075957976,1.9013373,height,,,,,,,,,,,0.0,0.0,504023.7,515667.97,0.0,0.0,0.0,0.0,699490.4,294467.0,0.0,0.0,0.0,344661.53,0.0,377847.34,353264.22,374882.97,437251.06,303441.88,498739.72,402523.56,369796.7,
336,691.5982873040207,1.9248482,height,,,,,,,,,,,0.0,362738.12,348735.5,302481.38,0.0,0.0,0.0,0.0,0.0,1005398.9,390630.38,419307.66,270687.4,0.0,285078.75,271030.0,248681.3,0.0,0.0,0.0,0.0,0.0,0.0,
337,677.5835046892897,1.9257833,height,,,,,,,,,,,945260.7,2216274.5,2229743.2,2083267.8,1306310.6,940555.0,1145708.1,969041.1,1976289.1,2056886.1,2083941.6,2115235.2,1919823.1,1682540.6,1904229.6,1640597.0,1601687.6,1369082.1,1448711.4,1622720.6,1867158.5,1370052.6,0.0,
338,296.2583684631732,1.89155,height,,,,,,,,,,,2027555.6,876010.94,733784.6,2113615.5,2448897.8,1407301.1,781977.6,1507222.1,0.0,798725.56,3743948.5,542326.25,2172494.5,1951773.4,1972093.2,2202025.0,1924191.9,2301402.0,1934528.5,1996122.9,924132.0,2546940.2,776149.94,
339,432.2381997687605,1.8859873,height,,,,,,,,,,,4349673.5,3464336.8,6463958.5,9562166.0,4912607.5,4953348.5,3581840.2,5398459.0,8115766.5,4273196.0,4654651.5,2556584.0,7461887.5,6506483.5,6758765.0,7232535.0,6591462.5,8066588.0,6744031.5,4008845.8,6880478.0,5863685.0,2476276.5,
340,622.3719775729211,1.9402909,height,,,,,,,,,,,859916.7,456020.53,959170.9,996924.1,540250.7,608808.44,527952.3,756165.44,509252.75,560342.44,358791.38,933333.9,3419635.8,3120651.0,3554538.2,2979311.2,3539314.0,2787852.5,883100.7,469798.16,994660.9,510448.06,0.0,
341,722.4960411334895,1.9398476,height,,,,,,,,,,,0.0,0.0,0.0,0.0,1922259.0,1929068.2,1725820.9,2585726.0,0.0,0.0,0.0,0.0,793872.6,692553.7,810711.1,661688.0,740057.7,605113.1,0.0,0.0,0.0,0.0,0.0,
342,688.4554467132268,1.9404206,height,,,,,,,,,,,990696.1,544430.75,752982.9,702192.5,0.0,0.0,0.0,0.0,729576.75,454688.56,581376.9,581490.4,526376.25,484470.0,550100.7,472048.12,501068.38,429861.28,796870.8,818358.56,794060.5,681766.75,0.0,
343,662.4398742608818,1.9519761,height,,,,,,,,,,,8974201.0,5277317.5,7084978.5,6298910.5,0.0,316796.06,0.0,320378.94,7525715.5,2936313.8,5396541.5,4968788.0,4477311.0,4424345.0,4761806.0,4221479.5,4814232.0,4002940.5,7700766.5,8015526.5,7386626.0,6146959.0,0.0,
344,651.5675364366513,1.9609175,height,,,,,,,,,,,0.0,0.0,0.0,0.0,12710117.0,13194010.0,15080417.0,11550508.0,0.0,0.0,0.0,0.0,2210880.2,2290889.0,2577334.5,2200847.0,2409592.0,2004253.0,0.0,0.0,0.0,0.0,0.0,
345,162.1124832583442,1.962815,height,,,,,,,,,,,851594.4,402468.75,383667.9,799647.94,1042040.4,674371.4,506741.28,663905.94,412289.75,438702.38,1196103.0,375792.75,549514.9,548979.2,518652.06,532452.4,513764.5,447687.6,675947.94,494599.25,370494.25,1126234.4,418777.38,
346,160.13322511919796,1.9649726,height,,,,,,,,,,,875818.4,967493.06,922865.3,793316.3,0.0,0.0,0.0,0.0,355257.12,1362364.4,1067053.4,960719.0,509684.94,512221.1,539455.94,522954.16,479119.22,368816.34,596694.5,667630.4,622457.75,713195.56,0.0,
347,625.5514652439233,1.9878836,height,,,,,,,,,,,0.0,0.0,0.0,0.0,16639147.0,21030784.0,16033157.0,15106915.0,0.0,0.0,0.0,0.0,4812909.0,4102707.2,4408240.0,4453911.5,4194314.0,3848028.2,0.0,0.0,0.0,0.0,0.0,
348,756.5178629679923,1.9923348,height,,,,,,,,,,,3901747.8,2210615.2,2709562.5,2566893.8,0.0,0.0,0.0,0.0,3064008.5,1025048.44,2265271.2,2006170.9,1661480.8,1383768.2,1496904.6,1638704.0,1445907.0,1405405.4,3373418.2,3233576.0,2966548.2,2517708.0,0.0,
349,648.4239898974963,1.992451,height,,,,,,,,,,,1374379.8,752297.75,836352.9,854916.56,0.0,336072.7,0.0,286762.22,862851.6,495863.97,780228.9,727519.94,700867.06,599434.0,607682.75,673548.8,670073.94,578335.75,1085890.1,1021253.44,968557.25,790689.9,0.0,
350,706.46528407041,1.999951,height,,,,,,,,,,,1814348.1,1365658.6,1641711.2,1422606.1,0.0,0.0,0.0,0.0,1209922.4,1321617.6,1324569.4,1512566.8,1090812.0,950360.0,1104530.9,1085151.2,1018371.0,956009.06,1403802.8,1447474.8,1433093.5,1133462.6,0.0,
351,760.5472740056383,1.9992417,height,,,,,,,,,,,1830595.0,1350484.0,1466282.6,1393432.9,0.0,0.0,0.0,0.0,1572478.4,1237622.0,1442209.8,1232006.5,871090.0,812429.9,820109.06,921515.75,835122.94,864479.3,1573349.2,1707257.9,1527259.5,1196738.5,0.0,
352,757.5213197129402,1.9943144,height,,,,,,,,,,,1936337.5,1089819.6,1262148.9,1160700.5,0.0,0.0,0.0,0.0,1319457.1,451392.28,1122054.6,1004357.6,773812.06,662397.44,736040.56,787575.2,727320.44,640759.94,1570367.1,1478781.8,1342351.1,1259203.1,0.0,
353,623.5362365507392,2.0080967,height,,,,,,,,,,,0.0,0.0,0.0,0.0,19297434.0,19894084.0,19565448.0,15175961.0,0.0,0.0,0.0,0.0,3544398.5,3397053.5,3426300.8,3510420.0,3336198.5,3283151.8,0.0,0.0,0.0,0.0,0.0,
354,634.408309328338,2.0310524,height,,,,,,,,,,,1810740.2,1055912.8,1274106.6,1146447.8,3075243.8,3187294.2,2976461.8,3569986.0,1611998.1,502528.22,991220.06,900933.06,1911912.0,1843687.9,2001824.0,1791622.4,1909852.8,1907326.1,1273898.6,1500093.6,1279505.2,1085169.0,0.0,
355,734.4611344330065,2.0338054,height,,,,,,,,,,,2552026.8,1874976.0,2204872.8,1940790.1,0.0,0.0,0.0,0.0,1884290.8,1128263.5,1672988.4,1762586.6,1160157.2,1194683.1,1273669.9,1103364.1,1158734.6,1138607.0,1843828.2,2099341.2,1967746.5,1487387.6,0.0,
356,603.5350800767134,2.035729,height,,,,,,,,,,,2396551.5,8470904.0,5612600.5,4682210.5,0.0,0.0,0.0,0.0,4096807.2,10598785.0,5662566.5,7499586.5,3403703.8,3633819.0,3881851.8,3375836.5,3376188.2,3250642.5,3381275.8,3635965.0,5399166.0,4313192.0,0.0,
357,775.5492737856594,2.0366776,height,,,,,,,,,,,0.0,2470038.8,1875620.8,1352779.5,0.0,0.0,0.0,0.0,1115969.6,3366093.5,1771187.8,2464563.2,1099867.1,1125658.5,1110064.4,1073854.9,972988.6,1046580.25,925826.0,1056378.0,1618065.6,1294228.2,0.0,
358,692.4503143596844,2.0376081,height,,,,,,,,,,,2674683.8,1739791.8,2058693.4,1941030.6,0.0,0.0,0.0,0.0,1865504.0,1323278.9,1726820.0,1653826.8,1189782.0,1243870.2,1237729.9,1157262.1,1097090.2,1097464.0,1819504.1,2010860.6,1903748.5,1568436.1,0.0,
359,792.5753613993236,2.0376387,height,,,,,,,,,,,2007985.6,6650204.0,5779774.0,4261532.0,0.0,0.0,0.0,0.0,3540098.2,9432427.0,5251299.0,7212026.0,3271490.8,3375901.8,3349697.0,3238056.5,2952455.5,3073112.0,2731210.0,3475715.0,4709175.0,3595034.5,0.0,
360,597.520724907537,2.0452383,height,,,,,,,,,,,0.0,0.0,0.0,0.0,119672024.0,95590280.0,112985150.0,93066390.0,229476.6,0.0,0.0,0.0,24632888.0,25597276.0,26852774.0,24376520.0,23262792.0,23443622.0,0.0,0.0,0.0,0.0,0.0,
361,595.5054305386733,2.047171,height,,,,,,,,,,,0.0,0.0,0.0,0.0,1853221.4,2138061.0,1824524.5,1603820.9,0.0,0.0,0.0,0.0,445064.6,458480.47,495715.47,443064.78,402523.53,439640.16,0.0,0.0,0.0,0.0,0.0,
362,639.5310728227984,2.0657575,height,,,,,,,,,,,0.0,0.0,0.0,0.0,3439647.2,2988969.2,2736839.2,3047954.2,0.0,0.0,0.0,0.0,1102949.2,986537.25,1124809.6,1026757.1,943796.44,971470.75,0.0,0.0,0.0,0.0,0.0,
363,575.5038516213733,2.0666497,height,,,,,,,,,,,0.0,752673.3,479155.12,415357.97,2772529.5,1781492.6,2798783.0,1432805.6,383541.0,1049194.2,618074.7,664533.1,883278.4,761008.25,902567.25,822102.2,703870.25,778785.7,328913.78,467601.66,594384.3,464976.3,0.0,
364,766.5616842545786,2.0688846,height,,,,,,,,,,,0.0,1083864.6,833189.44,598604.3,0.0,0.0,0.0,0.0,533253.94,2324377.2,932056.1,1313722.2,769991.94,575110.3,711631.8,695207.2,555856.44,578120.25,378032.1,352241.5,780061.3,560998.0,0.0,
365,577.5195247619345,2.0669324,height,,,,,,,,,,,388262.47,1675889.4,1208817.9,943038.7,0.0,0.0,0.0,0.0,765923.8,3304690.2,1437512.6,1789832.1,927888.9,779494.5,1085082.1,897239.75,750737.94,889486.0,602649.44,652501.3,1168958.1,877035.2,0.0,
366,702.4710256264019,2.0690472,height,,,,,,,,,,,0.0,0.0,0.0,0.0,12928974.0,11267113.0,9902366.0,12493205.0,0.0,0.0,0.0,0.0,3835581.2,3200764.2,4188437.2,3743348.8,3188952.8,3909380.5,0.0,0.0,0.0,0.0,0.0,
367,608.3923836548829,2.06855,height,,,,,,,,,,,0.0,391799.62,0.0,0.0,10368646.0,9989053.0,7999749.0,10739473.0,367089.97,0.0,459117.47,0.0,3808547.2,3307356.0,3841198.5,3896209.8,3274643.5,3965800.8,0.0,0.0,0.0,382507.88,0.0,
368,703.4743075748199,2.0678952,height,,,,,,,,,,,0.0,0.0,0.0,0.0,5749342.5,4745236.0,3990920.0,4989874.0,0.0,0.0,0.0,0.0,1618783.2,1428561.9,1682579.6,1671003.9,1395195.8,1740105.0,0.0,0.0,0.0,0.0,0.0,
369,789.5279637171494,2.0767012,height,,,,,,,,,,,1620281.6,1598564.8,1681603.5,1406627.8,0.0,0.0,0.0,0.0,1574797.2,935873.5,1500066.8,1347606.1,1193008.6,1058785.4,1014568.56,1277824.4,1063802.6,1256897.0,1617487.8,1935783.6,2194765.5,1557989.2,0.0,
370,549.4881738461937,2.0887914,height,,,,,,,,,,,0.0,0.0,0.0,0.0,10369517.0,9421307.0,11356617.0,6634526.0,0.0,265321.94,0.0,0.0,2041464.6,2073450.0,2159399.5,2384414.5,2149092.0,2354346.8,0.0,0.0,0.0,0.0,0.0,
371,738.5285981306693,2.088945,height,,,,,,,,,,,0.0,0.0,0.0,0.0,6242719.0,5078604.0,6995916.5,3510548.2,0.0,0.0,0.0,0.0,1283006.6,1175759.0,1339069.2,1490212.9,1374038.5,1338240.2,0.0,0.0,0.0,0.0,0.0,
372,190.1078918436532,2.0911233,height,,,,,,,,,,,1216775.6,498352.7,372105.12,921835.56,858543.6,799144.4,463133.5,650372.9,515717.0,531549.8,1488120.5,455528.9,785382.25,693607.0,776163.6,679959.56,671989.5,665462.25,1063466.5,870221.6,470003.2,1383920.0,651356.75,
373,569.4892956391819,2.0901394,height,,,,,,,,,,,0.0,0.0,0.0,0.0,2772852.2,2367392.5,3225445.2,1904741.0,0.0,0.0,0.0,0.0,422881.44,431664.6,475485.75,470174.9,462918.6,478679.0,0.0,0.0,0.0,0.0,0.0,
374,154.08627186673854,2.0936887,height,,,,,,,,,,,1347957.2,601846.5,0.0,1058146.5,1074159.2,970981.1,606859.44,868494.5,662930.94,681108.7,1782414.0,540670.44,787586.6,908763.06,869576.3,812231.56,812013.06,766460.3,1294792.5,989715.5,633525.25,1620851.6,683641.06,
375,137.059774844968,2.093981,height,,,,,,,,,,,2366755.8,1028246.56,744585.56,1991704.4,1797353.9,1753241.5,1211130.4,1546520.9,1168681.5,1271004.9,3058332.2,954865.0,1438005.6,1453138.1,1598882.0,1532927.8,1388682.9,1336757.9,2174687.5,1695764.0,1096298.2,2903278.2,1177973.1,
376,172.09688338024094,2.0940053,height,,,,,,,,,,,10111553.0,4256236.0,3442435.0,8101436.0,7530795.5,7593653.5,4971459.0,6317012.5,4760726.5,5168715.0,12904568.0,3927550.5,6252666.5,6382446.5,6388700.5,6253838.0,5769081.5,5761965.0,9384880.0,7013195.0,4484610.0,12309734.0,5180124.5,
377,173.1001836192922,2.0946505,height,,,,,,,,,,,1021455.2,401999.3,274332.12,750392.7,629198.6,570920.6,414981.47,560686.94,434520.97,0.0,1165577.6,353549.38,566365.94,526589.75,561606.44,530730.1,553609.2,561607.25,854963.2,760215.2,464847.0,1046274.0,489456.53,
378,736.5128847230596,2.0977204,height,,,,,,,,,,,0.0,0.0,0.0,0.0,4030030.2,3537895.5,5872555.0,2550159.2,0.0,0.0,0.0,0.0,760760.06,779755.25,880955.8,941894.9,878159.7,871866.5,0.0,0.0,0.0,0.0,0.0,
379,547.472560866917,2.0997124,height,,,,,,,,,,,0.0,0.0,0.0,0.0,4795265.0,4582483.0,7128378.5,3387266.0,0.0,0.0,0.0,0.0,945950.06,1028913.0,1171655.2,1141115.0,1083372.5,1127926.0,0.0,0.0,0.0,0.0,0.0,
380,212.089470396192,2.101882,height,,,,,,,,,,,2816746.2,903746.25,956477.8,2266014.0,561859.9,643726.75,335465.28,588983.06,1237157.8,914685.9,3104769.5,967077.3,1010406.9,1212577.1,1121724.0,1239634.1,1112404.6,1104926.6,2546255.5,1793204.6,1098324.0,3858831.0,5682969.0,
381,606.3768328859449,2.096427,height,,,,,,,,,,,334724.94,0.0,0.0,0.0,1562844.4,1851858.2,1894843.4,2149909.5,0.0,0.0,0.0,0.0,654689.5,704314.7,777299.7,703711.7,670734.0,737354.3,0.0,0.0,0.0,0.0,0.0,
382,706.5007009966948,2.1240551,height,,,,,,,,,,,0.0,0.0,0.0,0.0,3638270.2,4251322.0,3918953.2,3758955.0,0.0,0.0,0.0,0.0,917675.8,987281.44,957409.7,955583.4,862525.9,979127.9,0.0,0.0,0.0,0.0,0.0,
383,343.33187978244985,2.1265388,height,,,,,,,,,,,0.0,0.0,0.0,0.0,3320193.0,3974093.8,4790408.0,4004888.5,0.0,0.0,0.0,0.0,1290097.2,1361297.5,1356380.8,1472027.4,1248111.8,1368840.1,0.0,0.0,0.0,0.0,0.0,
384,152.056724123281,2.1319492,height,,,,,,,,,,,1669611.5,1586566.5,1600614.8,1298168.5,3194364.2,3122371.8,3742334.8,3324392.8,1681298.5,1888230.6,1501529.0,1550975.0,1931172.5,2073956.8,2148586.0,2258254.2,1992378.5,2108320.2,1284071.0,1667648.2,1677737.5,1135155.6,0.0,
385,611.4996976398405,2.1350791,height,,,,,,,,,,,0.0,0.0,0.0,0.0,8406135.0,10570273.0,8455806.0,12171899.0,0.0,0.0,0.0,0.0,3531612.0,3666631.0,3779296.0,3699471.2,3324159.8,3498744.5,0.0,0.0,0.0,0.0,0.0,
386,174.14889858557194,2.136254,height,,,,,,,,,,,25441918.0,16959424.0,36649652.0,52119536.0,31386060.0,41613580.0,40483340.0,33905540.0,40773370.0,42626856.0,37591704.0,43403210.0,27076048.0,27856952.0,28174858.0,29670924.0,27502748.0,28572290.0,22618784.0,9577353.0,18793808.0,32320122.0,23027008.0,
387,192.1594667024874,2.1375773,height,,,,,,,,,,,233313280.0,169600500.0,353284900.0,485506530.0,306993700.0,422214800.0,381558080.0,336513250.0,368388600.0,389133600.0,342688580.0,373990180.0,261667410.0,262359310.0,274841200.0,306517300.0,272010700.0,271356930.0,223325820.0,94312680.0,186454740.0,327042300.0,229489650.0,
388,194.1635617516015,2.1368883,height,,,,,,,,,,,1107742.1,783484.9,1812886.0,2405869.5,1403746.0,1954522.1,1761328.5,1519338.6,1867952.9,1918325.8,1588448.1,1998732.0,1173284.0,1237708.8,1309672.0,1408089.1,1439406.9,1223387.2,1009342.1,426778.75,809449.7,1597684.2,1054473.8,
389,192.1495278663144,2.1377764,height,,,,,,,,,,,1658531.8,1473437.8,2507409.8,3987032.0,2405111.8,3059682.0,2647471.2,2365610.8,3006466.5,2855203.2,2555855.0,2934632.0,1791634.5,1786716.9,1689034.8,1885840.0,2158009.0,1824769.4,1565707.0,679118.5,1392767.5,2257723.0,1458142.0,
390,193.16244384235557,2.1354337,height,,,,,,,,,,,25477830.0,16790996.0,40020550.0,51033092.0,32525476.0,42927524.0,39698572.0,36916160.0,37255716.0,39169380.0,39075156.0,37899910.0,26399536.0,27319418.0,28967498.0,32185414.0,32350610.0,27772838.0,24373860.0,10079288.0,19001656.0,35784976.0,21945580.0,
391,191.5017686109861,2.1423788,height,,,,,,,,,,,0.0,0.0,0.0,0.0,0.0,0.0,0.0,0.0,0.0,726306.1,0.0,0.0,0.0,0.0,0.0,0.0,0.0,0.0,0.0,0.0,0.0,0.0,0.0,
392,192.8213537713646,2.1481938,height,,,,,,,,,,,0.0,0.0,0.0,0.0,634059.44,0.0,0.0,942300.56,0.0,696613.6,0.0,0.0,0.0,0.0,0.0,0.0,0.0,0.0,0.0,0.0,576920.94,0.0,482712.1,
393,191.50061037063904,2.1451828,height,,,,,,,,,,,627517.94,0.0,0.0,0.0,690194.8,0.0,0.0,967079.44,0.0,0.0,895515.94,0.0,0.0,0.0,0.0,1220906.9,0.0,0.0,0.0,0.0,583091.2,1052944.5,481926.75,
394,192.8218142477625,2.1482437,height,,,,,,,,,,,588579.56,0.0,0.0,0.0,634059.44,0.0,0.0,942300.56,0.0,0.0,880826.8,0.0,964846.0,0.0,714767.3,1114603.6,0.0,0.0,0.0,0.0,0.0,1036041.25,0.0,
395,214.1413236552196,2.1618433,height,,,,,,,,,,,303836.34,0.0,458353.1,845255.2,0.0,353078.25,346046.22,278057.47,484689.9,500074.94,427893.16,510585.8,298907.0,266950.44,320922.8,318342.2,348206.38,327457.38,0.0,0.0,0.0,438439.7,297662.5,
396,252.10911327443804,2.1640906,height,,,,,,,,,,,679716.2,738041.44,647364.7,585951.0,786954.06,0.0,639100.9,744266.94,378062.47,630547.2,226555.25,380452.25,448237.44,385871.88,424129.2,465261.28,453271.94,333620.4,0.0,241558.38,340339.38,345244.78,0.0,
397,580.3615237506685,2.196356,height,,,,,,,,,,,0.0,0.0,0.0,0.0,1113517.4,1058716.8,1074796.8,1382701.5,0.0,0.0,0.0,0.0,413797.9,388353.94,397801.66,429356.94,395290.06,360447.62,0.0,0.0,0.0,0.0,0.0,
398,139.05025460145845,2.2083523,height,,,,,,,,,,,284882.06,353493.12,271456.56,0.0,1244708.0,1778400.1,2269335.5,1753604.4,276287.6,359043.5,239698.4,298935.5,733253.2,664830.06,779103.25,680382.5,615570.75,564273.56,526475.9,0.0,527561.3,408157.3,260636.39,
399,718.4669704196011,2.2074187,height,,,,,,,,,,,0.0,0.0,0.0,0.0,1054492.4,994831.6,895604.25,1161362.5,0.0,0.0,0.0,0.0,308863.84,353066.88,343651.75,344769.12,322757.88,292559.28,0.0,0.0,0.0,0.0,0.0,
400,446.2537534476678,2.2093358,height,,,,,,,,,,,0.0,0.0,411356.62,448892.97,0.0,326035.7,0.0,0.0,539818.7,0.0,0.0,0.0,356543.22,416052.5,356974.7,411242.16,381466.94,0.0,439372.38,0.0,450907.16,383542.3,0.0,
401,537.3747456602567,2.2268324,height,,,,,,,,,,,0.0,0.0,0.0,0.0,0.0,0.0,0.0,0.0,0.0,998007.56,243407.81,0.0,0.0,0.0,0.0,0.0,0.0,0.0,0.0,0.0,0.0,0.0,0.0,
402,625.4794022293682,2.2163825,height,,,,,,,,,,,0.0,0.0,0.0,0.0,991458.94,1082653.5,896836.8,1267767.1,0.0,0.0,0.0,0.0,345792.94,352049.25,394428.53,354024.88,338640.97,316823.16,0.0,0.0,0.0,0.0,0.0,
403,536.3714838487751,2.2265284,height,,,,,,,,,,,617711.94,0.0,0.0,592555.75,0.0,0.0,0.0,0.0,381693.22,3355532.2,818779.8,375624.84,499045.44,478510.94,504251.16,424432.88,424078.6,422132.03,0.0,379473.16,0.0,0.0,0.0,
404,494.3243468836642,2.2329402,height,,,,,,,,,,,1741715.1,472205.12,412898.72,1342831.8,0.0,0.0,0.0,0.0,1660922.6,2799329.0,1670937.4,784722.5,938815.1,910288.5,988195.8,835847.75,839783.0,860747.44,692959.0,1384773.0,750091.7,1109522.0,0.0,
405,148.13323034025746,2.2339215,height,,,,,,,,,,,356800.62,264154.28,534714.2,865001.06,430405.9,676423.44,627010.94,390197.47,427318.28,572603.75,483223.4,566660.6,414112.97,397833.3,384690.38,374062.1,337209.88,389409.38,549760.5,0.0,350248.3,648091.56,300364.56,
406,641.5465062158153,2.2403274,height,,,,,,,,,,,0.0,0.0,0.0,0.0,1124377.6,1297800.0,919484.0,1001665.3,0.0,0.0,0.0,0.0,251088.48,0.0,0.0,0.0,0.0,0.0,0.0,0.0,0.0,0.0,0.0,
407,712.4897006131906,2.215056,height,,,,,,,,,,,0.0,0.0,0.0,0.0,694467.8,726305.3,0.0,609632.6,0.0,0.0,0.0,0.0,339587.28,288882.94,312437.7,312648.88,299861.72,277294.94,0.0,0.0,0.0,0.0,0.0,
408,622.3719227234026,2.236283,height,,,,,,,,,,,0.0,0.0,0.0,0.0,1257049.6,1104884.4,951060.3,1613715.2,0.0,0.0,0.0,0.0,690791.5,725479.2,668288.25,571597.2,734126.0,652449.75,0.0,0.0,0.0,0.0,0.0,
409,206.06729829476944,2.2475305,height,,,,,,,,,,,453229.66,611142.7,695455.6,595988.8,1173667.4,1048591.4,1013638.3,1060095.9,532723.06,614156.6,435832.88,593944.6,670938.0,630493.25,621720.2,616887.6,624118.6,587097.44,437525.97,565828.56,487489.3,522560.38,0.0,
410,250.09347952280655,2.2501345,height,,,,,,,,,,,384169.1,410387.5,587358.2,472181.38,231399.66,254946.39,231220.7,293943.8,488344.72,299867.75,374414.62,496339.38,360328.6,328181.4,327810.1,320293.1,299617.16,307683.97,398343.72,379880.84,466219.72,549222.44,0.0,
411,521.4205547686853,2.2626045,height,,,,,,,,,,,432138.5,629531.6,477510.03,394320.94,0.0,0.0,0.0,0.0,504149.25,337707.25,431371.1,473539.34,382024.8,352074.88,363389.94,391384.2,336351.25,396107.44,481298.6,771555.5,662424.9,533082.4,0.0,
412,675.4235201367545,2.2647529,height,,,,,,,,,,,829495.44,1049347.2,952259.8,660614.94,0.0,0.0,0.0,0.0,940485.8,642030.06,779460.7,870376.0,616561.0,658804.5,649352.06,662385.56,683077.4,629929.06,882041.2,1512411.0,1274944.9,1063597.2,0.0,
413,710.4606999864031,2.2627213,height,,,,,,,,,,,678118.8,898741.75,766694.94,558567.1,0.0,0.0,0.0,0.0,862926.6,544805.44,724350.9,819885.75,586458.3,562544.8,570340.75,632794.2,608691.2,517135.12,750028.5,1173220.2,1057678.4,901194.1,0.0,
414,715.4160946424493,2.2641704,height,,,,,,,,,,,274819.7,461702.5,434916.5,255206.8,0.0,0.0,0.0,0.0,346858.25,243796.9,0.0,407710.78,0.0,243424.95,0.0,279181.2,236313.45,0.0,406969.16,502401.5,499970.8,384772.78,0.0,
415,522.3558419195623,2.2665875,height,,,,,,,,,,,14005316.0,2331587.0,1107295.8,9061324.0,0.0,0.0,0.0,291571.4,12067150.0,19300726.0,15751179.0,7604325.5,7806516.0,7503596.5,7205384.0,7418695.5,6896015.0,6917634.5,3909704.8,13934393.0,5697164.5,8819506.0,0.0,
416,544.337802437055,2.2720006,height,,,,,,,,,,,323519.66,0.0,0.0,259450.45,0.0,0.0,0.0,0.0,312232.38,466846.4,352142.72,0.0,0.0,0.0,0.0,0.0,0.0,0.0,0.0,351394.8,0.0,231410.64,0.0,
417,787.5138970261946,2.2783961,height,,,,,,,,,,,1129214.2,974753.8,1070287.0,834673.3,0.0,0.0,0.0,0.0,1050481.0,504382.28,934152.8,899396.9,604608.8,607951.75,681700.8,712161.3,672864.3,685487.2,1140601.0,1359004.0,1427234.2,926634.9,0.0,
418,788.5150179494487,2.2803445,height,,,,,,,,,,,576617.56,447121.6,553173.5,462221.6,0.0,0.0,0.0,0.0,564156.7,237288.88,494267.97,516322.53,348722.3,348922.44,346757.97,380042.78,346325.97,356629.3,589777.8,701078.06,673883.44,520287.34,0.0,
419,198.07363390492208,2.289621,height,,,,,,,,,,,502108.38,0.0,0.0,415653.75,400368.6,296311.44,0.0,342075.53,242675.38,252759.2,842924.1,0.0,370656.72,354476.72,352671.4,349233.5,326685.9,287221.97,553085.7,364872.53,0.0,847145.94,873075.1,
420,158.08126470463702,2.2869222,height,,,,,,,,,,,2480421.0,902200.9,796651.94,2175958.2,2384948.8,1597335.6,1180639.2,1629303.5,1282371.8,1295160.0,4380557.5,999783.4,1663207.9,1563258.0,1701569.8,1563044.2,1476991.4,1589214.8,2394246.8,1938529.6,1066087.2,3531198.0,1449888.1,
421,613.5150348813875,2.298743,height,,,,,,,,,,,0.0,0.0,0.0,0.0,2384017.8,2168135.0,2477468.2,2340956.2,0.0,0.0,0.0,0.0,417927.4,405798.7,432811.72,446003.03,451232.03,462266.62,0.0,0.0,0.0,0.0,0.0,
422,761.4971192504015,2.3113413,height,,,,,,,,,,,453803.2,397693.66,413539.03,358655.8,0.0,0.0,0.0,0.0,437952.1,352655.75,413166.53,412477.4,286070.8,312191.0,345391.22,328039.47,349248.84,340338.53,389996.47,439492.97,494163.2,400499.0,0.0,
423,496.3401854199976,2.3209763,height,,,,,,,,,,,1111249.9,0.0,0.0,835976.9,0.0,0.0,0.0,0.0,957908.5,1995710.6,1288048.8,615021.0,611585.4,575123.3,591592.3,587984.1,525540.56,515299.56,320390.8,920259.8,419115.3,597959.7,0.0,
424,653.5106884617062,2.3387997,height,,,,,,,,,,,0.0,0.0,0.0,0.0,382968.8,496049.16,391516.1,605881.25,0.0,0.0,0.0,0.0,0.0,0.0,0.0,0.0,0.0,0.0,0.0,0.0,0.0,0.0,0.0,
425,655.5260259919518,2.3513398,height,,,,,,,,,,,0.0,0.0,0.0,0.0,1755388.4,2021326.4,1945487.9,2327394.2,0.0,0.0,0.0,0.0,648742.4,656785.7,575763.5,600836.44,627657.94,535923.5,0.0,0.0,0.0,0.0,0.0,
426,733.4653769759268,2.3564086,height,,,,,,,,,,,0.0,0.0,0.0,0.0,1195704.2,1181098.1,1236725.6,1551122.5,0.0,0.0,0.0,0.0,452058.6,446025.72,392752.0,457551.72,423067.62,421802.34,0.0,0.0,0.0,0.0,0.0,
427,494.3243504779723,2.3631253,height,,,,,,,,,,,1237085.8,280589.38,298480.7,770768.7,0.0,0.0,0.0,0.0,956251.56,1237292.2,914675.6,501556.62,500860.06,530047.8,443692.9,476904.75,505832.94,443115.78,497957.6,816872.25,497268.88,619957.9,0.0,
428,609.483957305637,2.377498,height,,,,,,,,,,,0.0,0.0,0.0,0.0,1202247.9,1477483.4,1305000.2,1714477.1,0.0,0.0,0.0,0.0,469408.44,476798.94,408767.12,434654.94,484970.56,422011.3,0.0,0.0,0.0,0.0,0.0,
429,678.4346883608999,2.3695943,height,,,,,,,,,,,343250.88,0.0,274428.9,0.0,0.0,0.0,0.0,0.0,303456.78,0.0,0.0,0.0,0.0,0.0,0.0,0.0,0.0,0.0,248863.47,315976.8,240012.84,235977.5,0.0,
430,246.2063469111053,2.37712,height,,,,,,,,,,,0.0,0.0,0.0,0.0,1652005.0,0.0,0.0,0.0,0.0,0.0,0.0,0.0,0.0,0.0,0.0,0.0,0.0,0.0,0.0,0.0,0.0,0.0,0.0,
431,627.4946525411016,2.378653,height,,,,,,,,,,,0.0,0.0,0.0,0.0,5244809.0,6057315.0,5359547.0,6826051.5,0.0,0.0,0.0,0.0,1857665.8,1945679.5,1654687.5,1843854.0,1846349.4,1684400.4,0.0,0.0,0.0,0.0,0.0,
432,660.424050407129,2.3730955,height,,,,,,,,,,,520957.12,215408.58,289124.44,328397.12,0.0,0.0,0.0,0.0,441248.12,0.0,237366.39,0.0,0.0,0.0,0.0,0.0,0.0,0.0,370695.75,356188.06,325354.3,307925.28,0.0,
433,365.1206942212765,2.3852677,height,,,,,,,,,,,0.0,0.0,0.0,0.0,0.0,0.0,0.0,0.0,0.0,0.0,0.0,0.0,0.0,0.0,0.0,0.0,0.0,0.0,0.0,0.0,0.0,0.0,488620.8,
434,708.4453794030392,2.423387,height,,,,,,,,,,,402300.5,314427.0,296686.12,379951.72,0.0,0.0,0.0,0.0,248755.05,0.0,280951.56,229502.0,0.0,0.0,0.0,0.0,0.0,0.0,0.0,301778.72,275918.75,236322.86,0.0,
435,638.3668142780265,2.387964,height,,,,,,,,,,,0.0,0.0,0.0,0.0,0.0,0.0,0.0,0.0,0.0,0.0,0.0,0.0,603112.94,573805.7,517651.34,543975.94,608406.0,633324.7,0.0,0.0,0.0,0.0,0.0,
436,736.4765320838792,2.391889,height,,,,,,,,,,,1020960.75,563919.0,611009.8,653677.2,267027.44,229972.33,243616.5,328814.6,545700.7,399458.62,515508.38,486958.66,432553.84,400684.03,382498.03,381970.12,413510.7,426427.4,611400.2,668959.7,574943.3,520037.94,0.0,
437,878.6030142613954,2.417031,height,,,,,,,,,,,0.0,0.0,0.0,0.0,0.0,0.0,0.0,0.0,0.0,524820.75,0.0,0.0,0.0,0.0,0.0,0.0,0.0,0.0,0.0,0.0,0.0,0.0,0.0,
438,864.5869358660742,2.4228048,height,,,,,,,,,,,1126542.4,2722481.2,1970515.2,2138303.8,0.0,0.0,0.0,0.0,1533122.6,3570766.0,2053146.1,2148066.2,1347679.0,1240525.0,1240861.9,1184261.0,1333072.0,1253628.5,1082581.9,1382250.1,1484526.1,1311109.2,0.0,
439,718.466182584867,2.4244437,height,,,,,,,,,,,0.0,0.0,0.0,0.0,918638.5,839872.94,791436.5,1130294.8,0.0,0.0,0.0,0.0,344842.25,312426.4,347658.06,300993.38,311999.53,329813.7,0.0,0.0,0.0,0.0,0.0,
440,838.5714374416511,2.4527845,height,,,,,,,,,,,417884.06,1004908.06,746259.44,880362.2,0.0,0.0,0.0,0.0,679689.56,2555108.0,1080668.1,1223782.2,532198.06,509853.47,617419.06,493841.88,517439.72,620107.1,379462.72,481730.28,592003.56,505187.47,0.0,
441,712.4890264811618,2.4754717,height,,,,,,,,,,,0.0,0.0,0.0,0.0,650454.8,675741.7,0.0,0.0,0.0,0.0,0.0,0.0,0.0,0.0,0.0,0.0,0.0,0.0,0.0,0.0,0.0,0.0,0.0,
442,178.07232851469527,2.467209,height,,,,,,,,,,,410224.7,563701.8,462024.9,424720.2,810705.25,656904.4,724166.25,620115.1,426663.1,469504.06,365828.28,487368.47,511802.75,432209.44,450494.0,409252.38,388754.6,353198.53,416255.3,424559.22,437144.28,488509.75,0.0,
443,646.4082120610188,2.4550383,height,,,,,,,,,,,392624.8,301436.5,275752.6,325876.56,0.0,0.0,0.0,0.0,319959.8,0.0,283401.16,251698.33,0.0,0.0,243873.88,0.0,223913.22,0.0,320059.2,353485.0,330475.7,336640.62,0.0,
444,147.12081828698464,2.4657161,height,,,,,,,,,,,0.0,0.0,0.0,0.0,0.0,0.0,0.0,0.0,0.0,502027.03,0.0,0.0,0.0,0.0,0.0,0.0,0.0,0.0,0.0,0.0,0.0,0.0,0.0,
445,196.08287206106243,2.471554,height,,,,,,,,,,,360807.6,521932.9,433850.3,403757.94,753569.1,602986.9,713181.9,615097.2,419341.38,419087.8,339228.84,449020.84,445410.0,401170.88,397727.5,378890.38,359117.47,348183.3,366175.78,394138.47,467392.7,459641.84,0.0,
446,810.5398545015933,2.4775035,height,,,,,,,,,,,0.0,0.0,0.0,0.0,0.0,0.0,0.0,0.0,0.0,629225.25,0.0,0.0,0.0,0.0,0.0,0.0,0.0,0.0,0.0,0.0,0.0,0.0,0.0,
447,639.5315659983362,2.4812658,height,,,,,,,,,,,0.0,0.0,0.0,0.0,596256.0,523383.03,597637.56,509186.8,0.0,0.0,0.0,0.0,0.0,0.0,0.0,0.0,0.0,0.0,0.0,0.0,0.0,0.0,0.0,
448,146.11753178968576,2.4857972,height,,,,,,,,,,,1124381.5,1321210.0,1071116.8,933532.4,0.0,0.0,0.0,0.0,540558.3,6445625.0,1493954.9,1498624.2,946387.44,845182.7,929743.3,801353.3,629839.9,587490.9,436283.16,504493.06,474642.8,656362.3,0.0,
449,812.5550861706099,2.482325,height,,,,,,,,,,,0.0,0.0,0.0,0.0,0.0,0.0,0.0,0.0,0.0,1084615.9,0.0,348197.1,0.0,0.0,0.0,0.0,0.0,0.0,0.0,0.0,0.0,0.0,0.0,
450,488.30092634599,2.5034585,height,,,,,,,,,,,430689.4,0.0,431390.16,529372.2,363937.84,389520.2,0.0,331210.75,421855.56,0.0,323764.8,0.0,463418.44,419235.75,412304.3,490689.9,405014.44,442588.0,593126.3,374983.3,510212.16,459215.8,382150.88,
451,133.0609676252446,2.5098367,height,,,,,,,,,,,1258159.8,2122736.0,2114736.0,2398448.0,0.0,0.0,0.0,0.0,4212063.5,2429150.8,1827290.8,2588673.0,1472669.2,1439144.8,1452017.0,1376897.0,1299943.8,1283827.8,1066631.4,1356482.6,1326007.1,1576153.8,0.0,
452,632.3926352600109,2.5143664,height,,,,,,,,,,,576591.7,295389.88,344347.53,392183.88,0.0,0.0,0.0,0.0,422826.84,0.0,264911.6,275206.6,303581.28,243134.1,273241.9,259258.45,265245.62,255159.45,407779.9,458155.38,387346.4,317095.47,0.0,
453,550.2664064684976,2.5393016,height,,,,,,,,,,,1445883.6,1237354.1,2248271.8,2618939.8,1996366.8,1643960.9,1705613.1,1641701.8,2401506.5,1144387.5,1144042.9,805938.56,2029452.9,1776253.4,1842851.6,1623458.1,1728055.9,1861902.8,1977764.2,1065382.5,2436574.0,1824221.0,0.0,
454,137.06478758913184,2.542448,height,,,,,,,,,,,4813816.5,5059135.0,4687277.5,3840843.8,4940538.0,3851508.0,4947473.0,3957446.0,3498266.0,3646774.0,3172468.2,3829697.5,4118506.8,3831922.8,3750776.8,3588051.5,3465436.8,3402775.0,3776186.0,4107953.2,4474936.5,4667543.0,0.0,
455,798.5084003005649,2.5424166,height,,,,,,,,,,,652625.06,673033.3,635956.7,626412.1,548499.3,538977.3,605737.25,522135.9,543028.56,576407.2,513555.16,689016.06,614658.3,555115.06,568201.3,547635.8,547820.6,545267.25,505325.84,600220.2,683271.06,678891.06,0.0,
456,137.0587455423119,2.5428808,height,,,,,,,,,,,1518214.5,1640280.1,1531173.8,1282147.2,1635806.2,1261256.9,1648670.8,1322409.1,1147682.4,1176301.2,1065629.5,1229767.2,1347781.8,1250310.9,1174624.8,1191926.0,1156529.2,1117708.0,1219266.2,1293760.2,1466134.9,1490799.8,0.0,
457,606.3768883684128,2.5509152,height,,,,,,,,,,,0.0,0.0,0.0,0.0,718274.1,562413.44,650631.25,768816.94,0.0,0.0,0.0,0.0,0.0,0.0,0.0,0.0,0.0,0.0,0.0,0.0,0.0,0.0,0.0,
458,610.3523874444082,2.5582998,height,,,,,,,,,,,344104.94,359790.34,331412.38,311809.66,436912.66,405953.8,528602.6,415427.34,0.0,370794.66,262031.22,282941.06,350069.16,316341.0,292884.2,353827.4,292763.75,314455.2,322924.88,351607.62,343598.6,338490.38,0.0,
459,303.1232857560944,2.5568502,height,,,,,,,,,,,3508119.5,3231849.0,3571567.8,3012458.8,3236642.8,2823122.8,2793962.2,2871920.8,2793735.0,2524136.5,2113214.8,3149987.0,2148888.0,2081541.6,2064847.6,2120565.5,2699004.0,2987846.5,2915346.0,3665745.2,3731713.0,3134412.8,0.0,
460,250.1648696965164,2.5810094,height,,,,,,,,,,,0.0,0.0,335217.7,452487.38,0.0,312600.56,347662.16,257906.72,351571.84,323314.1,225499.58,263986.34,0.0,0.0,0.0,0.0,0.0,0.0,0.0,0.0,0.0,0.0,0.0,
461,586.2194648339968,2.607736,height,,,,,,,,,,,509534.12,531065.94,933468.8,2444495.2,925801.5,2415697.8,2640768.0,843589.94,580957.94,1468838.9,1298037.6,2380387.2,1245416.1,1176592.4,1169850.0,1237219.1,947912.8,947800.0,715574.75,0.0,658552.8,2138440.8,0.0,
462,395.1019096002969,2.6060388,height,,,,,,,,,,,0.0,0.0,0.0,636463.6,0.0,495106.62,447091.03,0.0,0.0,326503.78,370905.78,716056.3,315883.0,279904.0,267187.34,0.0,263209.2,0.0,0.0,0.0,0.0,446365.75,318501.34,
463,468.1912092351737,2.6100507,height,,,,,,,,,,,519210.2,547204.7,1025942.5,3321564.5,984980.0,2864499.5,2694125.0,950813.2,947212.6,1995382.0,2074772.5,3332524.0,1560224.6,1643199.0,1576824.0,1501762.1,1465080.2,1450688.4,1019509.0,306796.06,736403.1,2269224.2,1719730.8,
464,473.1465618045012,2.6103826,height,,,,,,,,,,,0.0,264786.03,473412.84,1140778.0,290039.66,769481.56,657277.8,333431.8,444925.9,775567.9,775091.0,1177556.8,656322.9,622559.4,590803.3,581964.25,564200.56,579698.06,468154.06,0.0,359619.22,805573.4,1052140.4,
465,451.1646029659445,2.611568,height,,,,,,,,,,,2154746.2,2256235.0,4027889.0,13699088.0,4175731.0,11640978.0,10899371.0,4020355.0,3894151.2,8313557.5,8635794.0,13831859.0,6445706.5,6842504.5,6434619.5,6126273.0,6020097.0,5884695.0,4282855.5,1156924.1,3201588.5,9304999.0,6951758.0,
466,257.1131556033609,2.6415515,height,,,,,,,,,,,263684.62,541825.6,734552.56,1018498.75,0.0,0.0,0.0,0.0,869578.7,12471833.0,3471183.5,10136456.0,1517547.9,1487700.9,1438579.2,1477687.8,1487228.4,1378106.2,354837.6,321413.7,360145.28,433173.56,0.0,
467,592.36134101668,2.6415095,height,,,,,,,,,,,0.0,0.0,0.0,0.0,870194.44,758680.0,734159.4,880017.6,0.0,0.0,0.0,0.0,212301.19,241945.78,0.0,249598.23,241439.27,242507.1,0.0,0.0,0.0,0.0,0.0,
468,578.3456982933369,2.6774986,height,,,,,,,,,,,0.0,0.0,0.0,0.0,1013912.25,865458.5,960516.75,1250786.2,0.0,0.0,0.0,0.0,282683.62,296107.75,298456.8,279263.3,312136.47,282580.6,0.0,0.0,0.0,0.0,0.0,
469,272.0999781010983,2.6795943,height,,,,,,,,,,,1221700.4,1636248.1,1505278.0,972358.2,1217199.1,1066473.0,1258272.0,1054776.1,986825.8,1123796.2,789755.4,1170655.1,1110175.0,961519.5,944474.5,1009009.8,967353.4,915541.56,791812.56,979773.06,1229208.5,1348529.2,0.0,
470,259.23813275155146,2.6931703,height,,,,,,,,,,,0.0,0.0,0.0,0.0,1747562.6,1202862.6,1737668.9,1818773.8,0.0,0.0,0.0,0.0,370034.97,336891.75,301933.56,309623.47,314410.4,370906.5,0.0,0.0,0.0,0.0,0.0,
471,273.08403980720885,2.6921391,height,,,,,,,,,,,341690.75,495483.16,560173.25,630570.3,534731.44,409840.38,623912.0,398425.75,702578.7,653639.56,400317.53,713869.75,466620.66,376900.34,416961.94,420503.78,363402.97,404418.44,0.0,0.0,0.0,326578.78,0.0,
472,159.02776163332575,2.6949923,height,,,,,,,,,,,2518990.5,3465838.8,3661079.5,3386479.0,2405765.8,2018652.2,2719089.2,2221819.0,3599557.0,3931227.8,2463357.2,3779888.2,2737513.0,2574339.5,2415742.8,2568681.5,2380676.5,2278903.8,1551658.5,1773838.1,2103520.2,2399519.8,0.0,
473,175.0016956025014,2.6944697,height,,,,,,,,,,,326635.88,490247.7,519165.3,485202.53,356783.8,307964.1,392733.38,314527.44,465760.28,528845.94,316704.75,543046.4,361132.06,367157.0,347700.38,342081.1,326569.12,359527.25,0.0,0.0,0.0,311320.44,0.0,
474,295.0660949698853,2.6941147,height,,,,,,,,,,,390371.44,704240.56,697358.3,693682.4,351341.22,293855.75,464222.6,336899.9,690512.25,791108.9,354790.5,793929.4,442128.84,394625.2,367738.12,417934.0,396908.1,339250.2,0.0,0.0,287819.7,328357.97,0.0,
475,137.04581904255457,2.6970472,height,,,,,,,,,,,55816068.0,71754904.0,73414940.0,75561200.0,71710664.0,54621548.0,70455416.0,60236816.0,73330456.0,95289460.0,56302230.0,80668350.0,56580404.0,52171896.0,52888040.0,52497904.0,53761292.0,52414748.0,31084590.0,34466196.0,40696640.0,49498684.0,0.0,
476,138.04270788824633,2.6970541,height,,,,,,,,,,,757155.1,1019128.25,1029866.7,1113604.8,1019418.5,750366.5,974720.8,908558.3,1039295.25,1355344.8,823220.06,1115866.8,777279.8,732749.0,769000.6,743889.6,744302.4,751146.56,419169.6,486780.72,578049.44,694722.4,0.0,
477,138.0488850485631,2.698066,height,,,,,,,,,,,3095935.2,4012275.8,4185435.8,4242033.0,3858626.5,2933780.2,3806036.5,3340975.0,4132108.8,5212731.5,3110829.8,4519962.0,3231920.2,2871555.8,2925543.0,2906837.5,2949205.2,2895687.0,1738820.0,1914976.6,2273360.2,2772667.5,0.0,
478,328.2229454962706,2.6985815,height,,,,,,,,,,,0.0,0.0,0.0,0.0,762917.56,583451.3,744808.2,657453.1,0.0,0.0,0.0,0.0,0.0,0.0,0.0,0.0,0.0,0.0,0.0,0.0,0.0,0.0,0.0,
479,178.072319276434,2.7058184,height,,,,,,,,,,,492093.1,670594.06,633260.9,520940.94,1084187.4,837674.75,1135523.8,962193.5,550905.75,555495.3,471981.25,639562.7,591556.7,581516.2,514937.12,532932.06,516120.62,517207.0,579594.25,528065.06,574677.2,660195.2,0.0,
480,404.14259771975577,2.7134209,height,,,,,,,,,,,2000847.2,3505051.5,3452669.8,3448049.5,1814565.8,1329694.5,1737959.6,1845791.2,2034879.2,7110246.0,2710895.8,3935232.8,2286821.2,2073305.1,2009304.8,1952867.1,1840882.4,1753289.9,673156.5,813371.9,1246084.2,1663558.6,0.0,
481,436.1691648921032,2.7334292,height,,,,,,,,,,,447870.97,679793.25,796966.9,707711.6,281522.9,297895.7,308055.34,393563.9,390758.47,989920.4,506032.97,795559.44,321080.12,313982.88,368408.8,359765.12,511178.66,492034.75,250212.1,232218.2,390268.72,443275.16,0.0,
482,682.3087856244305,2.7226543,height,,,,,,,,,,,0.0,0.0,570601.1,618617.9,0.0,0.0,0.0,263765.12,317107.03,770990.2,321827.16,0.0,336717.16,266986.78,305676.28,298038.75,331180.94,311314.0,0.0,0.0,0.0,0.0,0.0,
483,268.10404174448007,2.7219152,height,,,,,,,,,,,49990530.0,76739360.0,85005880.0,69861840.0,40987644.0,33068958.0,42299650.0,43424880.0,41998404.0,156418770.0,68093360.0,87272030.0,51150180.0,50427976.0,49158480.0,46385380.0,47733370.0,47010756.0,24046164.0,24622332.0,37330290.0,42297016.0,359089.12,
484,435.1657230448156,2.7318864,height,,,,,,,,,,,2584235.5,3671649.5,4791772.0,4034407.5,1632840.0,1724662.5,1742927.4,2276214.5,2358540.0,5977716.5,3127038.0,4629424.0,1845032.5,1884345.8,2071979.5,1972486.0,2860210.0,2873593.2,1359655.4,1440764.0,2150253.8,2181287.2,0.0,
485,718.2617395559208,2.7426233,height,,,,,,,,,,,0.0,401328.44,649534.6,1658382.5,0.0,516213.88,689883.56,0.0,0.0,2007945.1,948426.56,1875837.1,616430.1,530829.25,593965.4,562167.75,474051.7,451603.84,0.0,0.0,0.0,644213.5,0.0,
486,466.1755888184088,2.747372,height,,,,,,,,,,,551952.56,698775.7,1266986.1,1719250.1,881915.75,1185154.1,1151518.0,1061976.8,1027804.5,1117033.2,802463.75,840902.3,860496.2,887337.25,851737.3,826006.94,765335.56,803486.4,589949.1,0.0,605011.56,862082.6,414127.7,
487,449.14911535717823,2.7481906,height,,,,,,,,,,,341374.06,389611.84,757178.6,939612.6,493076.34,734205.06,676924.8,626389.9,634806.94,649565.75,506666.7,494932.88,509467.56,543559.5,504867.2,477004.53,471308.72,479483.2,361557.62,0.0,332295.7,508995.75,0.0,
488,468.19142132564,2.749489,height,,,,,,,,,,,302309.78,414639.1,695073.3,2030593.8,618492.5,1593908.8,1368892.4,606217.25,530423.25,1295906.6,1019893.0,1791141.1,959704.75,969265.9,937245.7,914194.4,778948.4,800798.2,604291.2,0.0,565611.8,1460339.4,1078989.0,
489,451.1646077626002,2.7496336,height,,,,,,,,,,,3049074.2,4171737.5,6990961.5,19676966.0,6031264.5,16302050.0,13292000.0,6622814.5,5217537.0,12974097.0,10943426.0,17834292.0,8823776.0,9640487.0,8807747.0,8556404.0,8263296.5,8765110.0,6355577.0,1645810.5,5001910.0,13850066.0,10026311.0,
490,473.1466074089863,2.7521632,height,,,,,,,,,,,439475.0,572835.25,879788.2,1958395.2,600258.0,1623848.2,1389569.4,706486.6,762518.44,1386661.6,1301022.5,2008825.2,1212686.1,1220245.2,1144301.6,1153392.9,1151466.0,1105785.2,1018457.94,261589.2,758123.25,1776343.9,2267621.8,
491,496.2226696508615,2.7561944,height,,,,,,,,,,,0.0,0.0,0.0,560408.2,0.0,488973.38,288475.06,0.0,0.0,0.0,0.0,568828.8,0.0,0.0,0.0,0.0,252378.72,0.0,0.0,0.0,0.0,409828.03,0.0,
492,191.06762493823248,2.7573314,height,,,,,,,,,,,3121830.5,1258262.5,1819168.6,2141991.2,0.0,403747.53,314177.9,529729.8,1195239.5,1177908.5,1617463.8,1607796.6,1207047.6,1198452.0,1213126.2,1178882.4,1071692.6,1133322.6,666979.25,1064775.4,1739018.6,1392109.6,0.0,
493,480.3086141497329,2.7908213,height,,,,,,,,,,,4669874.0,983665.1,890024.7,2656942.5,616984.4,630424.7,795249.56,639693.7,3710013.5,4251147.5,3415942.2,1920323.9,1856981.0,2203574.8,1872219.6,2037263.8,1898808.2,1935617.2,1500135.2,2946991.0,1729003.1,2268231.8,0.0,
494,502.2916423913773,2.8000622,height,,,,,,,,,,,545091.4,0.0,0.0,280042.12,0.0,0.0,0.0,0.0,472255.38,543035.8,454324.53,229098.97,0.0,0.0,0.0,246757.38,0.0,0.0,0.0,405086.4,0.0,309520.6,0.0,
495,631.123321017508,2.8003232,height,,,,,,,,,,,746734.44,1310410.6,1321638.2,1529267.8,0.0,0.0,0.0,0.0,1875674.9,1943539.9,1544266.4,2615337.0,734959.25,946633.0,755671.25,789835.56,699228.56,671141.3,0.0,693982.06,742477.6,1062768.9,0.0,
496,202.18018204064128,2.800466,height,,,,,,,,,,,579439.8,697075.94,632038.44,795674.6,45981836.0,832629.44,1087959.8,391082.0,2973811.2,2415485.0,382490.6,545634.2,581268.4,622677.5,557958.3,582699.4,512301.47,579604.56,606923.44,396825.6,643834.56,854784.44,333234.66,
497,153.04070940470154,2.8015249,height,,,,,,,,,,,1566932.0,2301921.8,2166920.5,2714040.2,401342.0,318668.88,464397.8,390421.22,3177096.0,4126477.5,2497926.0,4147040.2,1506518.9,1567163.2,1488971.2,1374994.0,1370839.0,1381978.5,915262.2,1304135.2,1478770.8,1849928.9,0.0,
498,470.4932846023128,2.8330457,height,,,,,,,,,,,0.0,249649.66,308407.12,328356.44,0.0,0.0,0.0,0.0,292669.3,273967.06,248929.03,318215.7,0.0,0.0,0.0,0.0,0.0,275936.44,0.0,245106.55,301879.0,0.0,0.0,
499,178.07231758752758,2.771815,height,,,,,,,,,,,492012.0,626034.2,627046.06,522489.8,1055987.6,887529.4,1127296.8,980255.5,502759.28,540689.94,421959.7,513767.16,544925.6,561269.1,502797.84,545924.3,457395.53,475424.84,556208.2,540622.25,620216.3,549028.94,0.0,
500,150.09134290971127,2.8314364,height,,,,,,,,,,,0.0,0.0,0.0,0.0,541711.06,381521.53,630273.6,494796.3,0.0,0.0,0.0,0.0,0.0,0.0,0.0,0.0,0.0,0.0,0.0,0.0,0.0,0.0,0.0,
501,167.1179696378975,2.8343296,height,,,,,,,,,,,0.0,0.0,0.0,0.0,1773440.2,1354386.5,2124973.2,1595253.0,0.0,0.0,0.0,0.0,323122.56,329635.3,365028.88,379061.16,305311.12,343010.1,0.0,0.0,0.0,0.0,0.0,
502,303.12326313268176,2.7967513,height,,,,,,,,,,,1010498.9,867982.7,1047780.25,630928.25,643136.1,665208.75,570292.9,715664.44,572096.0,578925.06,387519.62,614205.44,412173.2,427884.34,429228.38,467219.97,596222.9,729367.06,830435.75,974195.75,989464.94,908352.8,0.0,
503,466.2929035466562,2.8355427,height,,,,,,,,,,,0.0,0.0,0.0,0.0,2175914.5,2019362.8,2524135.5,1841420.6,0.0,0.0,0.0,0.0,603647.2,550552.3,581100.44,576282.6,553755.56,557797.25,0.0,0.0,0.0,0.0,0.0,
504,454.2931317572141,2.8321388,height,,,,,,,,,,,673808.6,0.0,0.0,426084.25,466214.66,303164.94,523986.56,376229.1,473459.03,937837.56,596063.94,305721.38,366354.8,346359.6,360267.84,426007.1,318371.0,366753.28,0.0,424961.0,314866.53,357723.62,0.0,
505,182.067275655428,2.8303766,height,,,,,,,,,,,0.0,0.0,364612.75,281743.97,0.0,0.0,0.0,0.0,349444.6,387841.25,358942.34,841850.8,0.0,0.0,0.0,0.0,0.0,0.0,0.0,0.0,0.0,0.0,0.0,
506,442.4618690750592,2.8398533,height,,,,,,,,,,,370428.94,417120.94,0.0,559746.25,0.0,0.0,0.0,0.0,485072.75,616661.6,476236.12,547467.7,257898.58,302420.47,325260.78,352641.56,339261.78,447423.12,419256.97,408750.1,506011.44,382058.94,0.0,
507,341.27986251316827,2.8643322,height,,,,,,,,,,,0.0,0.0,0.0,0.0,379854.8,343135.03,408648.94,465107.22,0.0,0.0,0.0,0.0,0.0,0.0,0.0,0.0,0.0,0.0,0.0,0.0,0.0,0.0,0.0,
508,453.2805399616744,2.87536,height,,,,,,,,,,,0.0,0.0,0.0,0.0,4734481.5,3570900.5,4600936.0,4149783.5,0.0,0.0,0.0,0.0,1076741.9,1238197.2,1108519.1,1076177.5,1036567.4,1117326.1,0.0,0.0,0.0,0.0,0.0,
509,196.08293967991503,2.872634,height,,,,,,,,,,,843571.56,1153119.0,1057506.6,888999.94,1899567.8,1462313.2,1959798.5,1585128.5,922622.94,939012.06,820368.3,966596.25,951363.44,946433.1,991757.44,898676.0,898983.1,823102.5,1012280.2,976143.3,1034891.56,1066643.9,0.0,
510,311.2578363551953,2.87536,height,,,,,,,,,,,0.0,0.0,0.0,0.0,1156512.5,950960.06,1194066.8,1089706.1,0.0,0.0,0.0,0.0,275419.8,326755.56,312845.44,259966.97,265119.78,294215.94,0.0,0.0,0.0,0.0,0.0,
511,482.32435829820287,2.872995,height,,,,,,,,,,,0.0,0.0,0.0,0.0,651806.6,579548.94,761989.5,658086.3,0.0,0.0,0.0,0.0,0.0,0.0,0.0,0.0,0.0,0.0,0.0,0.0,0.0,0.0,0.0,
512,474.2592239525091,2.8731349,height,,,,,,,,,,,0.0,0.0,0.0,0.0,1590904.8,1369736.9,1582857.4,1483244.1,0.0,0.0,0.0,0.0,642585.44,673631.4,640968.3,641713.1,597140.25,600864.7,0.0,0.0,0.0,0.0,0.0,
513,452.27730105532754,2.8750875,height,,,,,,,,,,,233453.11,0.0,0.0,0.0,19347042.0,15202560.0,19270396.0,17221080.0,0.0,220845.72,0.0,0.0,4533482.0,4951286.5,4789180.5,4391360.5,4094108.2,4632657.0,0.0,0.0,0.0,0.0,0.0,
514,275.1101437371942,2.8846622,height,,,,,,,,,,,0.0,0.0,0.0,0.0,0.0,0.0,0.0,0.0,0.0,0.0,0.0,0.0,0.0,0.0,0.0,0.0,0.0,0.0,0.0,0.0,0.0,0.0,350704.44,
515,480.3085786148188,2.9042928,height,,,,,,,,,,,1965244.2,855342.9,990825.6,1148694.9,705096.56,508683.25,781014.94,663618.6,1456296.1,1204739.6,1234252.1,771102.44,785728.94,745446.0,837286.3,775855.75,815959.06,819743.5,1139174.0,1200324.1,1149784.8,1001832.4,0.0,
516,225.19610523270367,2.9081438,height,,,,,,,,,,,0.0,0.0,0.0,0.0,582583.7,447733.8,429457.62,440101.1,0.0,0.0,0.0,0.0,0.0,0.0,0.0,0.0,0.0,0.0,0.0,0.0,0.0,0.0,0.0,
517,149.0709280455514,2.9470384,height,,,,,,,,,,,436168.97,574977.44,548000.1,475708.72,360695.34,410372.47,492905.53,376657.06,400885.38,1199147.2,416232.1,753204.44,477175.94,454908.8,451303.94,505790.44,428350.38,432215.88,302995.56,384291.66,438309.28,392374.53,0.0,
518,229.15464737117995,2.9517019,height,,,,,,,,,,,0.0,0.0,0.0,0.0,845263.5,640401.1,996149.44,671457.44,0.0,317311.25,0.0,0.0,291962.47,302578.5,281861.1,271080.16,0.0,0.0,0.0,0.0,0.0,0.0,0.0,
519,454.2929524466169,2.9532733,height,,,,,,,,,,,0.0,0.0,0.0,0.0,5703561.5,4754533.5,6866885.5,6153971.0,0.0,0.0,0.0,0.0,1418405.1,1494216.8,1361939.9,1480922.2,1400971.2,1372676.8,0.0,0.0,0.0,0.0,0.0,
520,493.2926163567344,2.951479,height,,,,,,,,,,,342651.6,0.0,0.0,0.0,0.0,0.0,0.0,0.0,250501.38,491582.4,333767.2,0.0,0.0,0.0,0.0,0.0,0.0,0.0,0.0,282353.84,0.0,0.0,0.0,
521,474.2851674356411,2.9536865,height,,,,,,,,,,,684221.25,374960.9,799728.1,1016068.0,591390.4,784283.56,436766.8,858402.06,986696.4,406203.25,632264.75,0.0,862616.3,959266.1,785822.44,900498.6,881809.3,859985.5,1112361.2,554004.7,871613.5,915107.2,589318.5,
522,476.2750518618837,2.9563885,height,,,,,,,,,,,0.0,0.0,0.0,0.0,562099.9,474324.06,655607.75,565492.6,0.0,0.0,0.0,0.0,0.0,0.0,0.0,0.0,0.0,0.0,0.0,0.0,0.0,0.0,0.0,
523,511.3033991141809,2.9583962,height,,,,,,,,,,,692384.56,0.0,0.0,518620.12,0.0,0.0,0.0,0.0,562921.0,1142989.0,708422.94,463091.47,455638.0,458475.38,386393.62,406543.66,434991.9,415492.25,274410.22,628183.1,398811.53,503587.88,0.0,
524,339.28933399516484,2.9570565,height,,,,,,,,,,,1277112.9,489047.84,341819.78,1039471.3,0.0,0.0,0.0,0.0,1151186.6,2235040.8,1525999.8,921102.5,896825.7,846568.5,840965.2,915369.4,788191.8,773797.44,528756.75,1241430.4,786965.8,1050128.1,0.0,
525,722.5275826558533,2.9572785,height,,,,,,,,,,,0.0,0.0,0.0,0.0,0.0,0.0,0.0,0.0,0.0,0.0,0.0,0.0,0.0,0.0,0.0,0.0,0.0,0.0,0.0,0.0,0.0,0.0,440189.28,
526,146.1175333791476,2.9256108,height,,,,,,,,,,,0.0,0.0,0.0,0.0,1433780.0,0.0,0.0,0.0,492830.06,868643.4,270825.44,271702.9,0.0,0.0,0.0,0.0,0.0,0.0,0.0,0.0,0.0,0.0,0.0,
527,533.2853757506523,2.9564292,height,,,,,,,,,,,454365.5,0.0,0.0,374029.4,0.0,0.0,0.0,0.0,398037.06,763140.0,473221.6,327976.0,0.0,321054.2,0.0,275267.06,0.0,0.0,0.0,454193.94,295217.03,325394.03,0.0,
528,167.09282990681598,2.9916062,height,,,,,,,,,,,973702.75,897094.75,1007841.5,876778.06,1104649.8,855284.9,1097688.9,850561.2,565908.44,1524940.6,859892.6,1192359.0,653866.7,684783.9,720313.75,667941.44,530607.94,516333.2,632519.5,724290.1,692039.7,1001158.1,0.0,
529,313.273539057134,3.0005496,height,,,,,,,,,,,334465.28,0.0,0.0,283975.16,0.0,0.0,0.0,0.0,272390.38,887192.3,397393.28,0.0,0.0,0.0,0.0,0.0,0.0,0.0,0.0,319895.88,0.0,325338.66,0.0,
530,505.1792756610688,3.0061564,height,,,,,,,,,,,0.0,0.0,0.0,0.0,2806192.2,1154790.9,2472492.5,2284177.5,0.0,0.0,0.0,0.0,0.0,0.0,0.0,0.0,0.0,0.0,0.0,0.0,0.0,0.0,0.0,
531,527.161287826337,3.0061564,height,,,,,,,,,,,0.0,0.0,0.0,0.0,2153403.2,1129490.5,1906022.1,2014055.0,0.0,0.0,0.0,0.0,0.0,0.0,0.0,0.0,0.0,0.0,0.0,0.0,0.0,0.0,0.0,
532,138.0489913718626,3.0074534,height,,,,,,,,,,,310469.25,475044.12,450611.12,509933.28,1995855.9,1430511.1,1842706.2,1780994.8,513811.8,529939.0,0.0,367764.25,580581.3,598894.2,545710.94,561183.56,567325.25,582333.2,0.0,0.0,0.0,282929.1,0.0,
533,137.04580030705554,3.0077279,height,,,,,,,,,,,5595633.0,7655256.5,8297383.5,9218681.0,36785584.0,24762698.0,33979212.0,31725300.0,8883691.0,9941548.0,3245848.8,6515717.0,10166884.0,10522234.0,10211464.0,9863664.0,9669218.0,9898582.0,1393880.1,2426425.0,2899895.0,4555266.5,0.0,
534,253.09312215172804,3.0108266,height,,,,,,,,,,,0.0,0.0,251714.55,291532.2,1543455.6,966907.7,1417931.9,1305736.2,0.0,260136.61,0.0,0.0,367017.5,324059.84,354147.7,315630.0,306121.47,339950.8,0.0,0.0,0.0,0.0,0.0,
535,138.04274460508174,3.0128262,height,,,,,,,,,,,0.0,0.0,0.0,0.0,487806.1,370872.38,484317.12,431141.3,0.0,0.0,0.0,0.0,0.0,0.0,0.0,0.0,0.0,0.0,0.0,0.0,0.0,0.0,0.0,
536,291.04894222275453,3.0116744,height,,,,,,,,,,,264769.2,339550.44,392076.16,456054.6,1531997.5,1187720.2,1476558.6,1396241.2,404961.84,466299.34,0.0,294883.0,576799.4,618180.4,578607.2,543460.0,529372.7,554384.4,0.0,0.0,0.0,0.0,0.0,
537,275.07504327413983,3.0099168,height,,,,,,,,,,,766552.94,1149634.4,1249032.9,1421454.4,3841350.2,3106842.5,3709141.0,3629381.0,1308577.2,1271345.6,442690.9,897768.25,1728148.6,1705713.0,1660741.6,1633123.9,1501233.8,1542586.2,0.0,321589.53,407467.0,698344.3,0.0,
538,157.09724123914765,3.0175738,height,,,,,,,,,,,0.0,0.0,0.0,0.0,0.0,0.0,0.0,0.0,0.0,0.0,0.0,0.0,0.0,0.0,0.0,0.0,0.0,0.0,0.0,0.0,0.0,0.0,1014684.06,
539,465.2613366955312,3.031273,height,,,,,,,,,,,0.0,0.0,0.0,0.0,675538.25,487724.84,719897.2,562097.3,0.0,0.0,0.0,0.0,0.0,0.0,0.0,0.0,0.0,0.0,0.0,0.0,0.0,0.0,0.0,
540,483.27196136695727,3.031273,height,,,,,,,,,,,0.0,0.0,0.0,0.0,1209928.4,849471.2,1332227.9,1006785.0,0.0,0.0,0.0,0.0,0.0,0.0,0.0,0.0,0.0,0.0,0.0,0.0,0.0,0.0,0.0,
541,311.25791109960585,3.0341265,height,,,,,,,,,,,0.0,0.0,0.0,0.0,3140992.5,2307304.5,3169685.2,2516469.8,0.0,0.0,0.0,0.0,641947.75,584175.1,642378.2,560592.7,597352.6,649224.3,0.0,0.0,0.0,0.0,0.0,
542,164.0566804810801,3.037851,height,,,,,,,,,,,7121061.0,6188250.5,5230265.0,6078864.0,1729577.1,1686640.9,1278732.8,1702858.0,2651988.2,6580243.0,4998295.0,6084328.5,3724504.5,3622287.8,3708290.2,3464428.5,3222561.5,3422750.0,5028909.0,5566761.0,4881075.5,5348323.5,0.0,
543,186.03865888129368,3.0399745,height,,,,,,,,,,,1020677.25,1004107.5,836466.0,952785.8,0.0,0.0,0.0,0.0,443034.7,974793.2,801110.3,965679.56,569410.94,563152.1,548697.2,538770.8,480359.4,514603.8,869136.06,938681.6,856421.2,824707.06,0.0,
544,481.1681309950725,3.0419319,height,,,,,,,,,,,0.0,0.0,0.0,0.0,0.0,0.0,0.0,0.0,0.0,0.0,0.0,0.0,0.0,0.0,0.0,0.0,0.0,0.0,0.0,0.0,0.0,0.0,421287.97,
545,505.2538176122048,3.0400867,height,,,,,,,,,,,0.0,0.0,0.0,0.0,611275.2,558084.25,703328.2,560104.94,0.0,0.0,0.0,0.0,0.0,0.0,0.0,0.0,0.0,0.0,0.0,0.0,0.0,0.0,0.0,
546,283.2824458714231,3.0289614,height,,,,,,,,,,,0.0,0.0,0.0,0.0,0.0,0.0,0.0,0.0,259497.05,0.0,0.0,0.0,279172.03,305156.78,300406.28,284023.12,284194.12,317632.66,0.0,351225.2,276722.7,0.0,274176.47,
547,257.11312153436563,3.0871449,height,,,,,,,,,,,0.0,0.0,0.0,0.0,0.0,0.0,0.0,0.0,0.0,577848.25,0.0,362330.78,0.0,0.0,0.0,0.0,0.0,0.0,0.0,0.0,0.0,0.0,0.0,
548,166.07240896496455,3.0882156,height,,,,,,,,,,,357410.0,553795.6,517787.44,471022.6,877117.06,666900.7,889708.25,823042.2,398059.03,561268.06,466564.5,583419.2,458063.94,499854.2,469472.4,456836.22,348492.5,392431.2,336040.0,458841.75,441992.7,454347.22,0.0,
549,231.17029124627783,3.128145,height,,,,,,,,,,,0.0,0.0,0.0,0.0,412025.34,333306.3,396888.72,292450.66,0.0,0.0,0.0,0.0,0.0,0.0,0.0,0.0,0.0,0.0,0.0,0.0,0.0,0.0,0.0,
550,495.2702652611038,3.1720757,height,,,,,,,,,,,0.0,0.0,0.0,0.0,301950.56,311705.3,245203.66,432937.44,0.0,0.0,0.0,0.0,0.0,0.0,0.0,0.0,0.0,0.0,0.0,0.0,0.0,0.0,0.0,
551,310.22231712030634,3.1639414,height,,,,,,,,,,,3165235.0,2527233.8,4822703.5,5715508.0,5141357.5,5095708.0,5115187.0,6538127.5,4753154.0,4409170.5,3242172.2,3264958.0,2874057.8,3164052.2,2815779.5,2979230.2,2929959.2,2628262.0,4635702.5,1765556.8,3084954.2,5356743.5,1747677.1,
552,227.18662084507935,3.1843731,height,,,,,,,,,,,454323.34,0.0,273983.66,391721.7,0.0,0.0,0.0,0.0,0.0,0.0,343298.06,329597.7,0.0,0.0,0.0,0.0,0.0,0.0,261866.94,0.0,0.0,308876.22,0.0,
553,238.19136106059824,3.1887834,height,,,,,,,,,,,0.0,0.0,0.0,0.0,481762.66,266334.38,0.0,0.0,0.0,0.0,0.0,0.0,0.0,0.0,0.0,0.0,0.0,0.0,0.0,0.0,0.0,0.0,0.0,
554,236.0777972143515,3.1864445,height,,,,,,,,,,,312122.0,331711.2,339558.28,278568.78,541453.2,410987.97,540140.25,481768.06,322998.47,254782.1,0.0,269072.1,0.0,314638.44,331681.1,264648.1,0.0,253557.92,300509.12,316329.97,337394.56,300316.72,0.0,
555,387.3218520412043,3.1992412,height,,,,,,,,,,,0.0,0.0,0.0,0.0,698789.94,699219.7,1001380.06,723402.06,0.0,0.0,0.0,0.0,0.0,0.0,0.0,0.0,0.0,0.0,0.0,0.0,0.0,0.0,0.0,
556,477.2596694976394,3.2065578,height,,,,,,,,,,,0.0,0.0,0.0,0.0,1017625.1,743393.2,884019.0,1004410.8,0.0,0.0,0.0,0.0,210755.06,280355.62,269556.94,0.0,242904.61,235182.1,0.0,0.0,0.0,0.0,0.0,
557,269.23359403324514,3.2179482,height,,,,,,,,,,,0.0,0.0,0.0,0.0,504730.8,305052.47,410917.12,367102.34,0.0,0.0,0.0,0.0,0.0,0.0,0.0,0.0,0.0,0.0,0.0,0.0,0.0,0.0,0.0,
558,196.0829573831334,3.2464046,height,,,,,,,,,,,0.0,288023.84,305679.12,0.0,0.0,0.0,252614.12,0.0,270232.03,291173.62,0.0,681888.5,0.0,0.0,0.0,0.0,0.0,0.0,0.0,0.0,0.0,0.0,0.0,
559,200.1029997754377,3.2909153,height,,,,,,,,,,,0.0,0.0,0.0,0.0,497315.88,583697.1,472012.6,462497.25,0.0,0.0,0.0,0.0,0.0,0.0,0.0,0.0,0.0,0.0,0.0,0.0,0.0,0.0,0.0,
560,495.2702871588985,3.30273,height,,,,,,,,,,,0.0,0.0,0.0,0.0,394992.5,354941.44,329801.4,456437.8,0.0,0.0,0.0,0.0,0.0,0.0,0.0,0.0,0.0,0.0,0.0,0.0,0.0,0.0,0.0,
561,189.08698513857476,3.3166454,height,,,,,,,,,,,325964.8,330552.84,281830.44,0.0,0.0,0.0,0.0,228686.86,461145.47,572447.9,0.0,0.0,0.0,0.0,0.0,0.0,0.0,0.0,286872.7,299913.66,329725.62,427566.12,0.0,
562,477.2596527255748,3.3187175,height,,,,,,,,,,,0.0,0.0,0.0,0.0,919437.4,691163.6,704940.1,888614.7,0.0,0.0,0.0,0.0,0.0,0.0,0.0,220508.34,0.0,0.0,0.0,0.0,0.0,0.0,0.0,
563,214.1549722436607,3.3187635,height,,,,,,,,,,,500987.12,0.0,0.0,295460.5,0.0,0.0,0.0,0.0,263030.2,0.0,267237.9,0.0,0.0,0.0,0.0,0.0,0.0,0.0,276616.53,0.0,0.0,304301.56,0.0,
564,359.2903392868895,3.3417828,height,,,,,,,,,,,0.0,0.0,0.0,0.0,1191928.0,1049210.1,1409599.9,1194786.8,0.0,0.0,0.0,0.0,273181.7,294781.84,304626.6,288592.56,0.0,0.0,0.0,0.0,0.0,0.0,0.0,
565,333.1290750085872,3.3351212,height,,,,,,,,,,,0.0,0.0,0.0,0.0,551246.4,461606.8,422611.16,476889.94,0.0,0.0,0.0,0.0,0.0,0.0,0.0,0.0,0.0,0.0,0.0,0.0,0.0,0.0,0.0,
566,275.23295018246205,3.3440952,height,,,,,,,,,,,0.0,0.0,0.0,0.0,373489.25,0.0,406885.06,385539.9,0.0,0.0,0.0,0.0,0.0,0.0,0.0,0.0,0.0,0.0,0.0,0.0,0.0,0.0,0.0,
567,300.19179600402333,3.3666236,height,,,,,,,,,,,0.0,0.0,0.0,0.0,412174.66,324898.12,474509.03,360080.28,0.0,235638.25,0.0,0.0,0.0,0.0,0.0,0.0,0.0,0.0,0.0,0.0,0.0,0.0,0.0,
568,213.17103839849213,3.368667,height,,,,,,,,,,,354279.78,0.0,0.0,245571.25,0.0,0.0,0.0,0.0,0.0,0.0,0.0,0.0,0.0,0.0,0.0,0.0,0.0,0.0,0.0,0.0,0.0,272957.34,0.0,
569,120.10207765024364,3.371884,height,,,,,,,,,,,1067045.2,531198.9,626608.4,605356.75,0.0,0.0,0.0,0.0,550775.2,478165.47,562720.5,545620.5,278298.84,286007.28,283458.9,293767.2,284287.3,297743.12,582627.2,595877.6,552407.5,584170.0,0.0,
570,314.0915881289095,3.387841,height,,,,,,,,,,,1887084.2,1831402.1,2174174.5,1705343.6,327355.25,0.0,268334.1,0.0,2244291.2,1180168.8,2110408.2,2256530.2,1473616.5,1487573.2,1453716.8,1487565.1,1063414.6,1215161.9,2004705.8,1794537.2,2249501.0,2723204.0,0.0,
571,155.11788388184746,3.389265,height,,,,,,,,,,,0.0,0.0,0.0,0.0,407818.72,0.0,365497.1,282395.5,0.0,0.0,0.0,0.0,0.0,0.0,0.0,0.0,0.0,0.0,0.0,0.0,0.0,0.0,0.0,
572,134.11762357152531,3.3963385,height,,,,,,,,,,,8206295.0,4830599.0,11746010.0,15780561.0,10517387.0,14819212.0,14290395.0,11432785.0,10636399.0,12796221.0,13185309.0,12182127.0,8198364.0,9020544.0,7590973.5,7765687.5,7264297.0,8073992.5,9573114.0,3888077.0,5727588.5,13022776.0,3490838.8,
573,301.17906627082715,3.4169066,height,,,,,,,,,,,394224.38,0.0,473153.84,594602.06,323695.2,561951.75,325866.2,531906.1,431710.44,345761.1,372953.4,481646.3,0.0,0.0,0.0,0.0,294747.78,311000.75,358089.22,0.0,262311.8,485881.53,0.0,
574,130.09760445468774,3.4243164,height,,,,,,,,,,,0.0,0.0,0.0,0.0,464664.8,351631.34,433194.06,359259.7,0.0,0.0,0.0,0.0,0.0,0.0,0.0,0.0,0.0,0.0,0.0,234516.45,278612.03,311994.3,0.0,
575,520.3554109928897,3.4460702,height,,,,,,,,,,,393133.97,360586.75,328481.5,341369.88,352307.94,329911.5,338776.9,373764.25,290611.88,283005.75,349387.25,319761.88,336164.4,366377.34,373697.5,335577.7,323920.62,343742.25,408528.62,420315.25,403751.0,346500.84,475939.34,
576,213.126800748184,3.4491372,height,,,,,,,,,,,1258832.4,963184.75,1183084.6,1021982.56,858006.44,895242.94,747171.25,1168940.8,961045.75,676435.1,771830.75,983651.6,654880.4,673272.3,686607.4,688032.8,1068044.6,1126933.9,1019256.94,1307640.1,1157811.0,1002384.8,742029.06,
577,256.13080928342845,3.4549742,height,,,,,,,,,,,392230.97,0.0,399275.53,482788.72,353708.7,430801.84,628212.56,478965.44,320321.5,513856.12,359919.44,464482.25,309664.9,271927.56,266110.72,255522.64,0.0,0.0,367833.8,0.0,0.0,459618.78,0.0,
578,302.20721930118304,3.4589164,height,,,,,,,,,,,0.0,0.0,0.0,0.0,395506.53,318540.16,346082.56,313144.12,0.0,0.0,0.0,0.0,0.0,0.0,0.0,0.0,0.0,0.0,0.0,0.0,0.0,0.0,0.0,
579,154.06111359023484,3.5412178,height,,,,,,,,,,,433623.3,522277.56,492895.8,394874.12,762789.25,572211.06,785146.06,641715.0,399454.88,526497.4,364454.25,512049.12,371151.25,380666.88,344580.34,341989.53,330720.22,301110.0,393390.44,395399.7,401613.47,449585.9,0.0,
580,415.2115136969304,3.5783782,height,,,,,,,,,,,798426.3,633706.7,1282314.6,1643589.0,1167109.2,1255472.2,1094280.4,1392693.2,1666091.2,843777.75,931821.1,453587.03,1249458.0,1318686.0,1273658.0,1395403.4,1341033.4,1385456.5,1265986.8,738899.4,1257042.4,996604.4,328466.97,
581,432.2381495207097,3.5844212,height,,,,,,,,,,,385603.75,320490.22,630177.75,793403.3,586343.94,577086.5,543885.94,689081.6,809208.94,426803.7,459215.6,0.0,617925.3,683949.9,612857.6,655569.1,697024.3,693256.0,600581.5,355347.38,677582.94,511697.28,0.0,
582,268.10402009846285,3.5371232,height,,,,,,,,,,,0.0,268155.28,243856.05,0.0,0.0,0.0,0.0,0.0,0.0,583356.8,0.0,291997.6,0.0,0.0,0.0,0.0,0.0,0.0,0.0,0.0,0.0,0.0,0.0,
583,473.264750196619,3.5895298,height,,,,,,,,,,,286451.0,0.0,341539.12,444244.12,390662.1,369354.03,395117.72,439495.72,446504.9,246366.16,258092.03,0.0,442072.4,431686.7,441530.6,421424.6,0.0,374522.5,452866.53,0.0,410477.84,302972.34,0.0,
584,126.06631874359206,3.6072466,height,,,,,,,,,,,277910.5,315982.2,272841.5,258722.08,467931.88,316171.53,474656.47,408980.53,243274.67,303044.53,0.0,298711.97,0.0,224524.88,0.0,0.0,0.0,0.0,0.0,241842.95,0.0,253500.69,0.0,
585,415.2115126658138,3.6595592,height,,,,,,,,,,,801832.7,677145.3,1238498.5,1541871.1,1231918.9,1167621.0,1088696.1,1341134.4,1538411.9,874074.1,886753.06,443528.4,1336733.8,1345741.0,1226556.8,1301245.6,1268984.6,1379712.0,1250394.8,699563.75,1196844.1,966438.7,326568.7,
586,432.2381575317096,3.67381,height,,,,,,,,,,,391831.22,326422.84,628594.2,778102.2,635530.44,590721.75,565700.4,667435.0,790353.4,409727.06,444819.03,0.0,650620.56,681343.75,611735.56,651895.1,647771.25,678926.0,619834.3,350881.06,630198.2,471302.38,0.0,
587,127.12310245119475,3.71694,height,,,,,,,,,,,391688.94,398843.03,423470.6,398713.97,0.0,0.0,0.0,0.0,374421.12,450726.25,358915.25,515466.78,0.0,0.0,0.0,0.0,287816.84,262528.38,347326.56,342887.22,365932.06,397452.06,0.0,
588,187.1191004909452,3.7356248,height,,,,,,,,,,,0.0,0.0,0.0,0.0,427573.66,356880.34,418352.4,369593.25,0.0,0.0,0.0,0.0,0.0,0.0,0.0,0.0,0.0,0.0,0.0,0.0,0.0,0.0,0.0,
589,137.04579968071852,3.7384636,height,,,,,,,,,,,973892.56,820241.4,951776.2,806636.2,558445.0,452794.78,657587.2,572877.44,489324.84,1499793.9,632548.0,982678.7,498186.12,551789.0,486360.6,504299.66,544272.5,519082.34,372398.06,522201.62,749479.94,918811.6,0.0,
590,144.0767869211056,3.7411675,height,,,,,,,,,,,1128092.4,476040.53,566305.5,522811.78,0.0,0.0,0.0,0.0,0.0,0.0,457092.6,483081.44,234575.94,286364.12,248395.73,267763.5,216007.5,0.0,0.0,0.0,0.0,0.0,0.0,
591,154.06111252603517,3.751268,height,,,,,,,,,,,401634.7,484901.22,470896.66,404768.03,762871.56,560854.1,758277.7,676630.6,389044.6,426468.03,371749.56,496504.4,371445.7,359028.56,375317.9,387474.34,335482.34,332368.2,405761.84,426273.06,445629.34,450702.88,0.0,
592,284.2331491874145,3.7553892,height,,,,,,,,,,,0.0,0.0,0.0,0.0,488233.66,228590.84,280773.12,328764.1,0.0,0.0,0.0,0.0,0.0,0.0,0.0,0.0,0.0,0.0,0.0,0.0,0.0,0.0,0.0,
593,235.118913075352,3.7659774,height,,,,,,,,,,,456711.38,617951.8,625040.0,286328.12,416550.22,301217.0,466921.78,529906.4,0.0,697574.8,391204.4,421712.28,342050.75,365239.16,349035.1,368949.25,307912.44,327555.53,402118.78,427357.25,607990.44,650370.3,0.0,
594,127.12310217501526,3.724218,height,,,,,,,,,,,401131.6,397155.6,432146.38,432602.03,0.0,0.0,0.0,0.0,382507.16,443765.84,370278.38,515406.0,0.0,0.0,0.0,0.0,287816.84,262528.38,362218.25,325334.6,376569.2,410971.84,0.0,
595,156.08804711853887,3.7883408,height,,,,,,,,,,,0.0,306915.97,381999.16,0.0,0.0,0.0,0.0,0.0,270345.25,306594.16,0.0,798556.4,0.0,0.0,0.0,0.0,0.0,0.0,0.0,0.0,0.0,0.0,0.0,
596,182.0672604770786,3.8118637,height,,,,,,,,,,,578476.9,1193447.4,683399.4,647280.1,281374.94,254944.4,329663.12,243661.62,299200.25,1414301.1,687379.4,806369.56,378768.9,378624.56,351574.4,346689.44,319275.06,326948.25,333620.28,361645.75,395440.03,410961.72,0.0,
597,183.11280686304363,3.8098207,height,,,,,,,,,,,0.0,0.0,0.0,0.0,639292.6,483092.88,761117.8,529166.4,0.0,0.0,0.0,0.0,0.0,0.0,0.0,0.0,0.0,0.0,0.0,0.0,0.0,0.0,0.0,
598,240.09545262146847,3.816534,height,,,,,,,,,,,316160.84,526960.6,279986.88,241577.03,0.0,0.0,0.0,0.0,0.0,1250370.6,434580.0,591561.9,0.0,0.0,0.0,0.0,0.0,0.0,0.0,0.0,0.0,0.0,0.0,
599,201.0870133634111,3.8176785,height,,,,,,,,,,,295942.06,433330.2,234194.56,0.0,0.0,0.0,0.0,0.0,0.0,899168.8,330218.3,471118.5,0.0,0.0,0.0,0.0,0.0,0.0,0.0,0.0,0.0,0.0,0.0,
600,218.11358826125124,3.8189144,height,,,,,,,,,,,377552.2,496453.5,267943.7,0.0,0.0,0.0,0.0,0.0,0.0,1052053.9,412437.12,570380.44,0.0,0.0,0.0,0.0,0.0,0.0,0.0,0.0,0.0,0.0,0.0,
601,256.06937161746635,3.8206859,height,,,,,,,,,,,0.0,0.0,0.0,0.0,0.0,0.0,0.0,0.0,0.0,376302.94,0.0,0.0,0.0,0.0,0.0,0.0,0.0,0.0,0.0,0.0,0.0,0.0,0.0,
602,286.1758669145403,3.818903,height,,,,,,,,,,,0.0,0.0,0.0,0.0,505913.47,356241.16,613058.5,387633.84,0.0,0.0,0.0,0.0,0.0,0.0,0.0,0.0,0.0,0.0,0.0,0.0,0.0,0.0,0.0,
603,270.0832947582926,3.8323598,height,,,,,,,,,,,0.0,0.0,0.0,0.0,636540.5,0.0,0.0,0.0,0.0,0.0,0.0,0.0,0.0,0.0,0.0,0.0,0.0,0.0,0.0,0.0,0.0,0.0,0.0,
604,155.05395523963827,3.824358,height,,,,,,,,,,,0.0,0.0,0.0,0.0,0.0,0.0,0.0,0.0,728580.9,0.0,0.0,0.0,0.0,0.0,0.0,0.0,0.0,0.0,267056.38,0.0,261784.62,0.0,0.0,
605,466.2565520452167,3.8688297,height,,,,,,,,,,,0.0,0.0,0.0,0.0,359138.66,0.0,412513.28,356932.6,0.0,0.0,0.0,0.0,0.0,0.0,0.0,0.0,0.0,0.0,0.0,0.0,0.0,0.0,0.0,
606,266.0884077092643,3.8726256,height,,,,,,,,,,,715345.8,675501.4,698386.9,652845.94,1213126.8,1066146.9,1467172.0,1152575.4,672441.0,811884.8,720281.25,883413.25,673874.8,638234.94,694026.1,670716.1,598297.3,560686.56,549701.25,507999.62,651239.4,758995.56,0.0,
607,120.10207999539584,3.874811,height,,,,,,,,,,,594507.6,433162.03,466360.8,600986.1,472582.2,576326.1,709179.3,523192.5,505714.06,685558.4,569850.8,513478.8,333025.78,323912.84,357883.3,341516.7,349064.72,350558.97,0.0,0.0,0.0,509106.34,0.0,
608,285.102460415993,3.8812385,height,,,,,,,,,,,499017.38,456784.16,459517.94,428803.06,784808.0,645579.1,916834.8,782888.56,493344.8,528207.94,487991.0,611507.4,453888.12,436227.5,469902.1,446480.7,394018.56,382911.34,348047.94,345446.78,434160.44,541629.75,0.0,
609,284.09889026860355,3.8818529,height,,,,,,,,,,,4501260.0,4282331.5,4245336.5,4013029.5,7366950.5,6087403.0,8622415.0,7087514.0,4152222.0,4839203.5,4445720.0,5249849.5,4246580.0,3955572.0,4249913.5,4113974.8,3604903.2,3623000.0,3218288.2,3123612.8,4126228.5,4802775.5,0.0,
610,451.1606777491133,3.8913834,height,,,,,,,,,,,738823.9,637848.56,699087.06,612535.2,1051925.5,905138.7,890345.1,1120236.5,638537.75,622094.5,537273.6,891563.9,395892.8,367272.16,409400.56,403727.28,542969.3,637918.6,498656.25,514929.66,612359.3,699377.3,0.0,
611,142.09751849011465,3.89879,height,,,,,,,,,,,645561.06,0.0,0.0,0.0,0.0,0.0,0.0,0.0,0.0,0.0,0.0,0.0,0.0,0.0,0.0,0.0,0.0,0.0,0.0,0.0,0.0,0.0,0.0,
612,155.11788429811298,3.9036477,height,,,,,,,,,,,0.0,0.0,0.0,0.0,524815.75,412579.22,567391.7,474539.0,0.0,0.0,0.0,0.0,0.0,0.0,0.0,0.0,0.0,0.0,0.0,0.0,0.0,0.0,0.0,
613,415.211512997552,3.8474863,height,,,,,,,,,,,673539.25,579169.6,1165340.2,0.0,1218312.0,1079814.9,940674.6,1133266.0,1512505.0,791796.3,792694.94,412222.97,1101739.8,1161829.2,1163061.5,1214305.6,1109421.8,1242349.6,1194549.8,652896.56,1091496.6,951607.6,293696.53,
614,178.07231047185567,3.9396446,height,,,,,,,,,,,0.0,0.0,0.0,0.0,342926.34,246937.88,303248.3,329573.34,0.0,0.0,0.0,0.0,0.0,0.0,0.0,0.0,0.0,0.0,0.0,0.0,0.0,0.0,0.0,
615,395.15945725422273,3.971945,height,,,,,,,,,,,0.0,0.0,0.0,0.0,396282.34,621635.7,501003.1,623677.5,0.0,0.0,0.0,0.0,0.0,0.0,0.0,0.0,0.0,0.0,0.0,0.0,0.0,0.0,0.0,
616,154.06111756947223,3.9722235,height,,,,,,,,,,,387084.2,489888.5,450155.0,384496.9,775934.94,585985.1,672384.44,656947.94,383075.22,409147.5,358646.75,451261.4,357763.72,354859.47,357537.97,335181.56,314858.0,334657.44,389054.16,406796.5,417530.44,487813.3,0.0,
617,455.1885633913236,3.9883049,height,,,,,,,,,,,0.0,0.0,0.0,0.0,3038522.5,6550584.0,8793933.0,6432025.0,0.0,0.0,0.0,0.0,525793.25,508030.0,462720.06,517289.97,457007.25,410972.5,0.0,0.0,0.0,0.0,0.0,
618,250.079756679184,3.9896586,height,,,,,,,,,,,0.0,0.0,0.0,0.0,492903.28,669881.25,816490.2,718230.94,0.0,0.0,0.0,0.0,0.0,0.0,0.0,0.0,0.0,0.0,0.0,0.0,0.0,0.0,0.0,
619,266.05373444799324,3.9931178,height,,,,,,,,,,,0.0,0.0,0.0,0.0,290743.56,342338.6,425189.06,378994.22,0.0,0.0,0.0,0.0,0.0,0.0,0.0,0.0,0.0,0.0,0.0,0.0,0.0,0.0,0.0,
620,228.09773139024173,3.9948955,height,,,,,,,,,,,288824.47,425242.66,496966.6,404296.6,5280308.5,6864412.5,9292144.0,7073999.0,321265.03,504626.12,0.0,306285.47,2028477.0,1938574.1,1793107.4,1698298.4,1561755.4,1583958.5,0.0,0.0,0.0,0.0,0.0,
621,339.1411245523875,3.9961154,height,,,,,,,,,,,839180.0,1260199.0,1317907.1,1150527.9,15323236.0,20150618.0,27359944.0,20495238.0,806003.9,1349326.0,580795.4,912660.9,5707669.5,5483622.5,5161325.5,5015734.5,4391174.0,4469146.5,0.0,302837.34,455931.28,557205.44,0.0,
622,361.1230260440487,3.9977698,height,,,,,,,,,,,0.0,0.0,0.0,0.0,322637.25,274885.38,454229.38,328014.75,0.0,0.0,0.0,0.0,0.0,0.0,0.0,0.0,0.0,0.0,0.0,0.0,0.0,0.0,0.0,
623,224.0966860568824,4.0062056,height,,,,,,,,,,,810191.3,958603.5,984792.94,807234.6,1288039.5,1020054.1,1234730.5,1102910.8,746658.06,846745.0,722972.6,842275.75,775367.6,769566.44,718016.6,690968.8,632472.56,748669.44,717615.56,887716.7,767021.7,846552.2,0.0,
624,223.0938419921131,4.0059633,height,,,,,,,,,,,8127268.0,10105049.0,10136780.0,8590727.0,14221203.0,10664989.0,13169148.0,12256713.0,7551610.0,9346042.0,7821588.0,9265719.0,8140859.0,8541247.0,7896659.5,7301909.5,6353454.5,7727090.5,7766042.5,9678044.0,7956897.0,9194569.0,0.0,
625,134.03255007376976,4.005845,height,,,,,,,,,,,422540.78,501337.22,512325.56,463815.12,553862.75,465909.88,530711.56,514589.1,444481.75,429253.47,392028.1,450105.03,420287.6,416915.8,403943.12,404743.56,376140.7,450368.53,401386.2,498246.22,456831.2,395501.56,0.0,
626,279.1121896607327,4.016695,height,,,,,,,,,,,608853.25,598632.8,690864.7,625242.94,524396.9,525367.75,361621.38,543568.6,628285.6,522857.16,512525.78,632178.0,390543.34,372332.0,388129.1,390531.62,513017.75,701404.75,611470.7,715954.1,635482.5,589750.8,0.0,
627,276.1078419132112,4.0271797,height,,,,,,,,,,,0.0,0.0,224903.19,0.0,224836.73,0.0,265396.06,0.0,596838.44,0.0,0.0,294416.56,0.0,0.0,0.0,0.0,0.0,0.0,304390.22,287977.9,425700.3,587191.25,0.0,
628,128.11832596582718,4.048975,height,,,,,,,,,,,0.0,0.0,0.0,0.0,506438.22,379738.97,444006.53,425028.53,0.0,0.0,0.0,0.0,0.0,0.0,0.0,0.0,0.0,0.0,0.0,0.0,0.0,0.0,0.0,
629,127.07280851723,4.0620046,height,,,,,,,,,,,0.0,302821.34,0.0,0.0,988279.75,0.0,0.0,0.0,0.0,298629.44,0.0,0.0,0.0,0.0,0.0,0.0,0.0,0.0,0.0,0.0,0.0,0.0,0.0,
630,295.1798209393701,4.059957,height,,,,,,,,,,,0.0,0.0,0.0,0.0,310744.84,292996.56,0.0,370238.38,0.0,0.0,0.0,0.0,0.0,0.0,0.0,0.0,0.0,0.0,0.0,0.0,0.0,0.0,0.0,
631,145.1335156094989,4.072086,height,,,,,,,,,,,0.0,0.0,0.0,0.0,820942.4,942014.7,833560.2,1391966.1,0.0,1327670.4,506509.38,584483.6,323277.34,277186.66,291195.34,299773.03,284743.03,283872.16,0.0,0.0,0.0,0.0,0.0,
632,132.1131966918123,4.098173,height,,,,,,,,,,,640123.75,814604.25,724962.94,738182.1,0.0,0.0,0.0,0.0,547221.4,882462.9,1152305.0,872928.2,376915.34,346311.53,370983.94,376224.97,362152.47,398903.38,0.0,419859.62,396443.72,460053.1,0.0,
633,258.2176257608209,4.1041346,height,,,,,,,,,,,0.0,0.0,0.0,0.0,1038659.9,393482.53,310463.7,440047.16,0.0,0.0,0.0,0.0,0.0,0.0,0.0,0.0,0.0,0.0,0.0,0.0,0.0,0.0,0.0,
634,255.091003412626,4.1217628,height,,,,,,,,,,,1888785.4,1397258.9,1863064.6,1440307.4,0.0,0.0,0.0,0.0,2869550.0,808570.56,1580541.8,1781746.1,1052116.4,1044669.2,1029631.5,996466.94,786383.75,787196.94,1602224.0,1124387.8,1847722.8,1780386.2,0.0,
635,235.11891614274748,4.1421976,height,,,,,,,,,,,0.0,252713.69,235716.34,0.0,2444457.2,2010926.8,3297219.0,2543896.5,0.0,332597.72,0.0,0.0,500390.16,539725.1,543992.1,515142.47,377600.9,379739.25,0.0,0.0,251174.4,230925.7,0.0,
636,162.11246661770232,4.1458073,height,,,,,,,,,,,327435.1,389050.06,372372.0,266766.3,0.0,0.0,0.0,0.0,215307.72,1739289.1,393951.5,406595.38,245395.64,244113.42,266468.38,267231.3,0.0,0.0,0.0,0.0,0.0,0.0,0.0,
637,218.04579857399668,4.150866,height,,,,,,,,,,,0.0,389814.3,334973.0,344903.62,288289.44,229556.08,284887.66,236480.11,3029972.0,731194.06,833823.44,1244790.2,555314.0,560675.75,611660.2,536429.2,507812.47,552938.44,0.0,0.0,0.0,0.0,1457331.4,
638,234.019693483715,4.1543493,height,,,,,,,,,,,0.0,269380.47,0.0,0.0,250604.66,0.0,268020.22,0.0,3526563.0,566471.44,650549.4,1031707.1,417255.22,437693.1,457326.97,417767.22,393641.12,365540.47,0.0,0.0,0.0,0.0,1021834.0,
639,467.1498300772952,4.160876,height,,,,,,,,,,,0.0,279574.94,0.0,0.0,372246.2,273480.62,424114.16,304956.25,399836.7,0.0,0.0,350011.12,0.0,0.0,0.0,0.0,0.0,0.0,268827.28,222022.0,319226.38,574771.44,0.0,
640,240.1011904423932,4.1538014,height,,,,,,,,,,,0.0,284008.16,0.0,0.0,295808.0,0.0,333195.53,255960.7,2716022.0,573730.25,539107.0,934852.3,385611.97,392128.25,463232.38,424004.25,360428.44,332994.38,0.0,0.0,0.0,0.0,889900.94,
641,196.06386547611467,4.1532454,height,,,,,,,,,,,882983.94,2228869.8,1899701.1,1771113.8,2387132.0,1732110.2,2352532.0,1904327.4,26148260.0,4152030.2,4488603.0,8137870.0,2972409.0,2950958.5,3184158.8,2962595.5,2891295.8,3027272.5,311200.84,0.0,685748.75,904902.9,7738683.5,
642,303.1060138804893,4.152284,height,,,,,,,,,,,264999.28,347310.44,0.0,0.0,940152.75,794362.56,934857.06,854380.75,0.0,354840.62,0.0,340293.3,358248.6,349478.62,0.0,305390.03,280422.38,0.0,0.0,0.0,233080.08,327917.28,0.0,
643,325.08788692302693,4.1544366,height,,,,,,,,,,,951285.4,1179884.6,1092308.5,985652.25,2466627.0,1905285.4,2397497.8,2128895.8,416932.5,1164388.9,832373.8,1137547.0,1187951.2,1157052.0,1239299.0,1132748.8,972115.56,939408.3,834582.5,1012881.3,836747.4,1012192.8,0.0,
644,627.1872670660641,4.1547666,height,,,,,,,,,,,1121135.0,1856433.5,1472485.0,1031037.25,8124615.5,5105429.5,8028017.5,6760944.0,532727.75,1363033.1,834492.0,1633901.9,1348566.2,1415536.2,1770865.5,1427933.8,1171067.0,1111275.6,722086.06,1103960.2,922381.1,1439118.0,0.0,
645,174.03863382571043,4.155303,height,,,,,,,,,,,3099602.5,3495146.0,3385261.5,3326775.8,4822960.0,4166067.5,4430436.0,4107348.5,1590671.6,3502644.0,2943792.5,3174099.0,3829145.2,3603547.5,3890941.8,3593537.8,3158685.0,3080793.8,2991697.0,3309569.8,2940573.5,3294609.8,0.0,
646,152.056715325082,4.1554604,height,,,,,,,,,,,23184798.0,25533238.0,24014566.0,23293958.0,51096690.0,39563876.0,50197040.0,45625910.0,20041768.0,24631610.0,20473820.0,25361052.0,27154216.0,25451368.0,26171638.0,25535528.0,23347432.0,23416368.0,20669574.0,23366556.0,20641856.0,24340888.0,0.0,
647,135.03019520763152,4.1559987,height,,,,,,,,,,,517808.78,558290.94,542867.56,519696.6,1310177.6,908503.4,1273435.2,1178383.5,475692.4,541716.56,478103.3,585180.9,632208.94,594697.56,594467.4,616262.75,511751.84,539360.75,447678.4,503376.56,479580.25,505687.75,0.0,
648,190.0126142470901,4.156348,height,,,,,,,,,,,1636643.2,1931053.2,1725071.8,1715804.9,2466521.2,2180027.2,2360384.5,2304916.8,945720.56,2063136.1,1602857.9,1767615.1,2016900.2,1987059.0,2183431.8,1976421.8,1728724.5,1614226.5,1531808.6,1685269.0,1516059.8,1824906.2,0.0,
649,153.05395928809983,4.1559873,height,,,,,,,,,,,398130.44,447871.9,465014.66,430176.78,924577.3,676599.06,882208.1,806628.56,371587.97,441657.97,369444.72,462135.72,460903.53,458264.78,476748.38,447037.25,391171.53,420579.44,348597.38,405432.66,370357.62,405503.72,0.0,
650,153.05973155618645,4.1563025,height,,,,,,,,,,,1267449.0,1384370.5,1320902.1,1282972.6,2907947.5,2133922.8,2750566.8,2524235.8,1109227.0,1425054.0,1190452.6,1386609.5,1467232.5,1394965.9,1421708.8,1402289.9,1246449.8,1308546.2,1115781.0,1274142.0,1134947.4,1324340.2,0.0,
651,347.1132212182847,4.154645,height,,,,,,,,,,,0.0,0.0,0.0,0.0,0.0,0.0,0.0,0.0,1781118.5,0.0,0.0,511473.03,0.0,0.0,0.0,0.0,0.0,0.0,0.0,0.0,0.0,0.0,0.0,
652,369.0951817441058,4.154645,height,,,,,,,,,,,0.0,0.0,0.0,0.0,0.0,0.0,0.0,0.0,957862.3,0.0,0.0,464797.44,0.0,0.0,0.0,0.0,0.0,0.0,0.0,0.0,0.0,0.0,0.0,
653,391.1204130980234,4.160228,height,,,,,,,,,,,0.0,0.0,0.0,0.0,0.0,0.0,0.0,0.0,1650510.8,0.0,0.0,0.0,0.0,0.0,0.0,0.0,0.0,0.0,0.0,0.0,0.0,0.0,0.0,
654,413.102339174189,4.160228,height,,,,,,,,,,,0.0,0.0,0.0,0.0,0.0,0.0,0.0,0.0,1615516.0,0.0,0.0,0.0,0.0,0.0,0.0,0.0,0.0,0.0,0.0,0.0,0.0,0.0,0.0,
655,511.15724004242605,4.160228,height,,,,,,,,,,,0.0,0.0,0.0,0.0,0.0,0.0,0.0,0.0,1217655.8,0.0,0.0,0.0,0.0,0.0,0.0,0.0,0.0,0.0,0.0,0.0,0.0,0.0,0.0,
656,327.15827907984163,4.1586804,height,,,,,,,,,,,0.0,0.0,0.0,0.0,491453.7,311508.16,633941.94,409262.0,1171712.4,580685.8,447124.62,793214.06,353371.4,337321.25,378871.62,0.0,0.0,0.0,0.0,0.0,0.0,0.0,0.0,
657,276.1078185642337,4.162583,height,,,,,,,,,,,815727.06,1084476.1,992432.9,801961.6,1547146.5,976765.6,1782044.8,1363870.6,2504813.5,798537.25,938586.0,1486305.0,987423.0,832734.7,894739.0,891107.75,690078.44,773304.6,1311876.5,1185080.5,1453311.0,2420980.2,0.0,
658,294.11826231582813,4.163637,height,,,,,,,,,,,382537.78,510051.94,446316.25,389562.84,680483.0,493536.03,765154.1,595941.5,1150651.1,384218.0,427355.53,662030.9,485522.56,443027.22,447853.8,463133.84,387823.06,374493.12,579004.4,570459.4,692796.7,1169802.5,0.0,
659,286.1760785595513,4.161736,height,,,,,,,,,,,390148.72,407308.06,0.0,336722.03,0.0,0.0,0.0,0.0,0.0,438728.2,422363.72,393344.53,0.0,0.0,0.0,0.0,0.0,0.0,0.0,0.0,0.0,0.0,0.0,
660,743.2347138158431,4.1649394,height,,,,,,,,,,,0.0,0.0,0.0,0.0,2198387.0,1203450.5,2100572.8,2325573.5,0.0,0.0,0.0,0.0,0.0,0.0,0.0,0.0,0.0,0.0,0.0,0.0,0.0,0.0,0.0,
661,316.1001951174956,4.166292,height,,,,,,,,,,,666324.0,870665.94,789073.9,703170.6,784567.06,640042.8,979247.94,713962.9,1603106.5,658788.25,789770.94,1066970.0,894039.6,765469.7,818735.56,777070.0,576713.6,654288.7,1106791.8,959726.6,1298013.6,1949950.5,0.0,
662,160.18086587980756,4.1626554,height,,,,,,,,,,,0.0,0.0,0.0,0.0,0.0,0.0,0.0,0.0,0.0,0.0,0.0,267438.3,0.0,0.0,0.0,0.0,260876.25,407743.84,0.0,267104.38,0.0,279791.72,0.0,
663,441.13540141405616,4.1706276,height,,,,,,,,,,,0.0,0.0,0.0,0.0,1113226.9,726790.2,1127460.9,1176950.5,0.0,0.0,0.0,0.0,0.0,0.0,0.0,0.0,0.0,0.0,0.0,0.0,0.0,0.0,0.0,
664,332.0740342403477,4.165717,height,,,,,,,,,,,0.0,330146.62,294612.0,0.0,367406.88,279168.84,443896.0,354355.44,630058.9,255637.48,347874.66,425479.38,324840.1,303816.38,305204.8,306447.28,0.0,0.0,374295.12,343646.4,493716.12,738953.75,0.0,
665,268.1040297081417,4.169696,height,,,,,,,,,,,0.0,0.0,0.0,327940.56,1954768.1,1230626.2,1974969.6,2205083.0,0.0,339058.94,0.0,0.0,625862.8,480692.53,551632.44,595558.6,468437.78,511913.84,0.0,0.0,0.0,0.0,0.0,
666,299.1634377465156,4.168457,height,,,,,,,,,,,0.0,263720.7,0.0,0.0,835195.7,750213.0,791347.75,1015657.7,0.0,356318.25,0.0,412692.44,0.0,0.0,0.0,0.0,0.0,320010.2,0.0,0.0,0.0,0.0,0.0,
667,290.08585972708494,4.1766934,height,,,,,,,,,,,0.0,0.0,0.0,0.0,1394051.2,1080081.0,1445579.0,1693326.5,0.0,0.0,0.0,0.0,571204.75,478923.78,509595.8,495974.2,461468.06,514583.5,0.0,0.0,0.0,0.0,0.0,
668,306.05980041272755,4.1752706,height,,,,,,,,,,,0.0,0.0,0.0,0.0,1368515.5,1010093.3,1434572.1,1707468.5,0.0,0.0,0.0,0.0,525734.1,452539.1,478012.2,458904.62,393561.16,461232.62,0.0,0.0,0.0,0.0,0.0,
669,120.0810472806755,4.1852217,height,,,,,,,,,,,576339.9,622239.6,582269.6,521971.5,2531186.0,1783030.8,3158683.2,2205565.2,326187.12,642020.2,577361.9,529383.4,729437.75,690587.8,753501.8,699328.56,595695.0,587365.8,442289.3,456133.38,516751.84,588404.0,0.0,
670,166.08636237345814,4.185872,height,,,,,,,,,,,1208640.9,1388671.5,1217062.9,1108996.6,5429475.0,3855334.2,6783221.0,4533348.5,685501.5,1422571.4,1192577.0,1085872.5,1739344.8,1582119.0,1715620.6,1632487.8,1221013.5,1221715.4,940299.6,961612.94,1124126.1,1280394.1,0.0,
671,167.08971473371415,4.1899056,height,,,,,,,,,,,0.0,0.0,0.0,0.0,519902.38,419468.62,660097.4,440110.72,0.0,0.0,0.0,0.0,0.0,0.0,0.0,0.0,0.0,0.0,0.0,0.0,0.0,0.0,0.0,
672,255.11212312554176,4.195429,height,,,,,,,,,,,0.0,0.0,569258.56,589700.4,2732501.5,2588339.0,1893438.6,2912935.2,0.0,0.0,0.0,876487.9,0.0,0.0,0.0,0.0,625970.0,756620.75,0.0,0.0,0.0,0.0,0.0,
673,205.12958070443236,4.215965,height,,,,,,,,,,,272557.5,420312.22,334680.88,378064.53,0.0,0.0,338106.38,0.0,344783.7,363889.88,372876.84,389568.78,363076.9,310596.2,284592.66,302688.12,261173.84,0.0,0.0,269983.1,330740.53,337557.84,0.0,
674,138.05496445213868,4.215843,height,,,,,,,,,,,0.0,0.0,0.0,0.0,389396.72,298930.25,429564.88,421728.53,0.0,0.0,0.0,0.0,0.0,0.0,0.0,0.0,0.0,0.0,0.0,0.0,0.0,235034.27,0.0,
675,491.30534380221343,4.2279916,height,,,,,,,,,,,587007.4,382297.47,258551.19,0.0,0.0,0.0,0.0,0.0,0.0,1116383.2,0.0,0.0,0.0,0.0,0.0,0.0,0.0,0.0,561764.2,468165.56,417643.4,756061.25,0.0,
676,204.0867708689493,4.228772,height,,,,,,,,,,,0.0,0.0,0.0,0.0,865306.94,658730.75,997637.3,843540.06,289480.2,0.0,0.0,0.0,248128.17,257929.8,0.0,0.0,0.0,0.0,337776.3,0.0,243708.69,288599.3,0.0,
677,120.09069016306552,4.229527,height,,,,,,,,,,,1948328.0,1917959.5,1745868.6,1502555.2,569779.4,471585.16,649949.0,556234.5,1547572.8,2334275.0,1274483.1,1572705.6,1163392.4,1249225.5,1301066.6,1187479.0,1219293.8,1252791.5,1984822.9,1868705.2,1945678.5,2111689.0,0.0,
678,235.1652588736844,4.2303944,height,,,,,,,,,,,71923370.0,67625256.0,54286324.0,31098006.0,2703827.2,1454791.4,4364608.5,2155978.2,39543804.0,104395010.0,31009654.0,40192028.0,27268600.0,28775186.0,25684426.0,23516316.0,22677922.0,23311082.0,81091690.0,64810244.0,68501560.0,86178090.0,0.0,
679,244.079128419144,4.231409,height,,,,,,,,,,,0.0,0.0,0.0,0.0,1403459.6,1135250.6,1638446.4,1408350.9,0.0,0.0,0.0,0.0,0.0,0.0,0.0,0.0,0.0,0.0,0.0,0.0,0.0,0.0,0.0,
680,257.1471099930397,4.2323523,height,,,,,,,,,,,5708125.5,6155500.5,5554428.5,4020465.5,361177.06,0.0,562186.44,0.0,4709248.0,6730195.5,3942209.5,4529528.5,3698597.2,3801444.8,3912683.2,3403695.0,3363840.8,3412804.8,6504264.0,6130706.5,5981405.5,6523629.5,0.0,
681,236.16799658479545,4.2312055,height,,,,,,,,,,,7642521.0,7841658.5,6052983.5,3304999.8,0.0,0.0,494953.22,0.0,4065309.2,11804465.0,3339617.2,4463240.0,2903030.5,3140081.0,2764172.2,2435319.5,2749189.2,2549705.8,8661825.0,7054719.5,7244742.0,9126421.0,0.0,
682,273.1210250124082,4.2319384,height,,,,,,,,,,,1138710.2,1086760.0,963101.06,574631.06,0.0,0.0,0.0,0.0,720477.06,1403835.8,569716.5,708211.9,487074.16,527602.7,495492.66,474581.22,450251.12,447400.97,1250159.4,1096816.5,1111099.2,1305715.0,0.0,
683,120.09287112091478,4.234937,height,,,,,,,,,,,504977.9,435395.3,395687.16,315567.9,0.0,0.0,0.0,0.0,329806.28,553442.94,337293.72,351154.22,293141.5,287783.66,317121.97,264355.5,242698.9,249510.86,517011.62,447391.12,437056.84,496650.03,0.0,
684,352.2441479569533,4.233139,height,,,,,,,,,,,1463061.9,917722.3,621611.8,0.0,0.0,0.0,0.0,0.0,0.0,3217954.8,0.0,294244.34,0.0,0.0,0.0,0.0,0.0,0.0,1631611.1,1053827.6,977452.1,1789250.5,0.0,
685,258.15050429713,4.236054,height,,,,,,,,,,,674185.9,702555.5,588312.4,404760.3,0.0,0.0,0.0,0.0,526412.75,771373.06,427690.44,527592.06,377422.66,409262.25,413988.3,375871.97,389778.66,386989.7,700347.5,682316.3,691357.06,675927.94,0.0,
686,156.04214469172624,4.240009,height,,,,,,,,,,,1450145.1,1543684.9,1455924.8,1353401.1,442858.28,350395.3,513876.6,433503.56,1347663.2,1567952.5,1305251.0,1398230.9,1203097.8,1308611.5,1362615.4,1216080.9,1251141.6,1288568.9,1580105.0,1558183.1,1566346.5,1513991.8,0.0,
687,140.06819462722746,4.2413096,height,,,,,,,,,,,2148718.8,2177872.8,2121486.8,2065344.2,698414.9,550930.8,860784.44,651237.3,1962657.8,2158520.2,1905646.6,2022404.1,1853722.6,1923105.9,2068073.2,1800316.8,1818413.9,1859929.5,2129784.0,2253495.0,2163762.0,2093339.4,0.0,
688,285.1478398704152,4.2436337,height,,,,,,,,,,,282966.84,272389.1,266720.47,0.0,0.0,0.0,0.0,0.0,270787.0,0.0,0.0,0.0,0.0,0.0,0.0,0.0,0.0,239974.75,274819.22,318866.0,310428.25,0.0,0.0,
689,275.1237588375927,4.2783833,height,,,,,,,,,,,0.0,0.0,0.0,0.0,0.0,0.0,0.0,0.0,0.0,756093.3,253699.45,789180.44,0.0,0.0,0.0,0.0,0.0,0.0,0.0,0.0,0.0,0.0,0.0,
690,159.1239808811019,4.2815523,height,,,,,,,,,,,0.0,0.0,0.0,0.0,273645.38,0.0,233208.11,0.0,0.0,297813.66,0.0,0.0,0.0,0.0,0.0,0.0,0.0,238469.56,0.0,0.0,0.0,0.0,414603.72,
691,786.6012075275299,4.3459225,height,,,,,,,,,,,278131.25,321879.94,288010.84,385826.4,0.0,0.0,0.0,0.0,276328.4,303136.97,334110.4,342114.12,0.0,238079.89,231074.14,235958.36,267417.06,271084.7,293546.1,356057.0,297220.16,253634.14,0.0,
692,794.5487846057835,4.349829,height,,,,,,,,,,,0.0,0.0,0.0,0.0,233841.58,209451.12,294633.1,239134.73,0.0,0.0,0.0,0.0,0.0,0.0,0.0,0.0,0.0,0.0,0.0,0.0,0.0,0.0,0.0,
693,299.1634173964845,4.3564873,height,,,,,,,,,,,0.0,0.0,0.0,0.0,1075542.2,880696.06,1063109.6,1205296.9,0.0,0.0,0.0,251541.34,0.0,0.0,0.0,0.0,0.0,219942.73,0.0,0.0,0.0,0.0,0.0,
694,286.17604607159245,4.3804755,height,,,,,,,,,,,360434.0,360177.8,0.0,368255.4,0.0,0.0,0.0,0.0,0.0,349797.88,394312.3,364442.28,0.0,0.0,0.0,0.0,0.0,0.0,0.0,0.0,0.0,0.0,0.0,
695,248.0877062073241,4.3815503,height,,,,,,,,,,,881349.5,721940.56,744228.44,900681.8,896374.1,794737.4,669269.75,820838.56,406624.3,1100407.0,1064626.4,945592.44,525035.8,480434.5,527011.5,512438.94,481700.12,499789.03,521051.2,497749.66,390509.97,536806.25,0.0,
696,479.1873406625527,4.3827777,height,,,,,,,,,,,0.0,0.0,0.0,0.0,814749.06,1035527.4,947089.6,914401.25,0.0,0.0,0.0,0.0,0.0,0.0,0.0,0.0,0.0,0.0,0.0,0.0,0.0,0.0,0.0,
697,415.2114880034214,4.3832006,height,,,,,,,,,,,263625.28,235766.38,406570.06,582821.56,500374.0,512991.38,471817.56,591289.1,504691.62,271893.44,318857.44,0.0,452359.4,465728.06,493155.28,488697.2,477578.88,507971.47,457439.0,242867.52,419117.28,329217.66,0.0,
698,501.16929822558,4.389077,height,,,,,,,,,,,0.0,0.0,0.0,0.0,343393.6,459739.12,414934.62,346034.06,0.0,0.0,0.0,0.0,0.0,0.0,0.0,0.0,0.0,0.0,0.0,0.0,0.0,0.0,0.0,
699,285.1478118556821,4.4096107,height,,,,,,,,,,,235425.45,0.0,302924.62,292621.78,0.0,0.0,0.0,0.0,0.0,724340.8,439343.34,455365.16,0.0,0.0,0.0,0.0,0.0,0.0,0.0,0.0,0.0,0.0,0.0,
700,146.09240224270323,4.4166703,height,,,,,,,,,,,2684960.0,2897875.5,2940503.2,2677603.2,3452940.8,3119005.2,3937895.2,2817072.2,1436592.4,2470517.8,2750651.8,2238690.5,2376471.8,2229333.5,2440508.2,2258953.2,2026654.6,1871647.4,1398997.9,1651137.6,1625805.8,1825371.6,314493.97,
701,432.2381525725409,4.388653,height,,,,,,,,,,,0.0,0.0,0.0,320077.97,252586.66,280498.22,0.0,265852.0,262878.34,0.0,0.0,0.0,247967.69,0.0,254391.3,250934.97,0.0,0.0,0.0,0.0,0.0,0.0,0.0,
702,254.16111157851785,4.4393826,height,,,,,,,,,,,450415.47,672495.44,699976.7,322437.5,853643.1,736978.56,853550.4,981704.94,241822.97,895656.6,641810.4,590422.0,464685.8,524609.06,519674.75,504674.34,464941.34,479784.88,381435.25,397216.84,622105.7,681839.9,0.0,
703,160.1808481910603,4.5138116,height,,,,,,,,,,,0.0,256367.28,0.0,263793.8,0.0,0.0,0.0,0.0,283310.3,0.0,0.0,337493.3,0.0,0.0,0.0,0.0,329962.0,597322.5,0.0,374654.66,348516.8,388033.22,0.0,
704,233.16078351868453,4.4590597,height,,,,,,,,,,,2977139.5,2622287.0,2209078.2,1515479.4,545156.4,332930.0,458754.16,434404.72,1373904.1,4561679.0,1199657.6,2268088.2,733008.1,717060.1,804620.94,749428.6,973695.25,1187371.9,2345101.5,2418570.2,2269582.2,2536893.0,0.0,
705,138.05497684858892,4.462903,height,,,,,,,,,,,235865.69,0.0,0.0,0.0,2250029.8,774824.3,2805545.2,802290.5,0.0,5711990.0,297861.22,890717.7,1390195.1,1541861.5,1657228.4,1483751.5,1545017.6,1578282.1,0.0,0.0,0.0,4080585.5,3841534.8,
706,283.1434421481508,4.4634957,height,,,,,,,,,,,1114163.4,1157391.1,1185618.8,1215851.6,1856355.2,1408475.6,1275779.9,1837487.0,938265.06,1150709.2,836671.6,1775498.1,509257.94,487883.1,578842.44,537922.25,923051.0,1029187.44,842546.9,1030521.7,852780.7,816775.2,0.0,
707,291.10493214059755,4.4751244,height,,,,,,,,,,,0.0,0.0,0.0,0.0,272096.62,0.0,312906.75,0.0,0.0,911933.94,0.0,256032.58,0.0,0.0,0.0,0.0,235342.08,0.0,0.0,0.0,0.0,0.0,753477.06,
708,266.07475037057714,4.5716457,height,,,,,,,,,,,404887.62,569556.9,660954.94,584325.06,775962.25,711298.9,1203971.1,836472.1,492551.28,1131394.9,482865.5,739849.8,366347.53,374315.6,379000.72,422454.8,391337.72,323978.72,0.0,0.0,243519.0,337481.72,0.0,
709,411.1544372743974,4.5708146,height,,,,,,,,,,,346685.1,515290.2,573648.2,461348.72,556246.0,529089.44,615953.9,608339.7,406631.12,807712.94,341078.8,641150.94,0.0,0.0,0.0,0.0,289736.6,311815.34,0.0,0.0,0.0,253874.78,0.0,
710,244.09278060457507,4.5711894,height,,,,,,,,,,,566447.75,929063.56,996492.0,924977.5,1270292.5,1120909.5,2047618.1,1326082.9,754412.75,1976096.5,825975.6,1164262.6,702135.44,684238.1,642548.75,654578.9,552018.06,491887.4,0.0,237981.12,390268.78,549350.3,0.0,
711,487.17850672211534,4.572048,height,,,,,,,,,,,0.0,529582.9,540390.56,387141.56,812177.25,648711.3,1731615.4,892411.06,312977.6,2224537.0,361091.5,691897.94,0.0,0.0,0.0,0.0,0.0,0.0,0.0,0.0,0.0,0.0,0.0,
712,415.21148618695423,4.5302434,height,,,,,,,,,,,295737.53,0.0,0.0,542978.44,414534.38,419367.66,362703.03,523183.44,534339.1,269653.25,315468.7,0.0,418864.84,479418.8,427509.22,472775.8,424016.78,495125.97,433603.38,0.0,417028.0,361679.03,0.0,
713,282.04870586892906,4.572028,height,,,,,,,,,,,0.0,0.0,238467.22,0.0,308495.84,291971.3,481571.1,342868.4,0.0,459976.53,0.0,277487.38,0.0,0.0,0.0,0.0,0.0,0.0,0.0,0.0,0.0,0.0,0.0,
714,338.14337202893,4.579886,height,,,,,,,,,,,1493106.6,1756453.9,1413168.5,1194249.2,0.0,0.0,0.0,0.0,1021003.8,2320757.5,1015036.06,1217901.2,610358.06,705256.5,658454.9,643188.9,603805.94,560677.1,1297962.9,1030979.9,1390453.1,1542929.1,0.0,
715,354.11736315124864,4.5803127,height,,,,,,,,,,,853163.1,986269.5,816810.25,680055.0,0.0,0.0,0.0,0.0,556418.4,1370369.0,532775.1,715366.94,296650.8,363072.22,342072.34,345896.1,364468.4,292803.94,717636.06,578366.94,742987.25,797729.9,0.0,
716,316.16147230898264,4.581878,height,,,,,,,,,,,992765.9,1090612.6,857260.7,766675.06,0.0,0.0,0.0,0.0,691505.3,1420404.0,635581.9,773123.3,379451.2,432843.56,427198.5,398364.16,396278.9,348993.6,873443.7,722973.1,923655.3,1022999.1,0.0,
717,298.17937716042394,4.588841,height,,,,,,,,,,,0.0,0.0,0.0,0.0,0.0,0.0,0.0,472233.0,0.0,0.0,0.0,0.0,0.0,0.0,0.0,0.0,0.0,0.0,0.0,0.0,0.0,0.0,0.0,
718,210.0622722141165,4.6058307,height,,,,,,,,,,,0.0,0.0,0.0,0.0,433010.2,254193.55,303077.22,329348.44,0.0,0.0,0.0,0.0,0.0,0.0,0.0,0.0,0.0,0.0,0.0,0.0,0.0,0.0,0.0,
719,221.0920726206472,4.6314397,height,,,,,,,,,,,337624.12,270525.7,281194.6,329551.56,325109.97,266320.78,356820.75,333850.75,0.0,454951.38,522344.0,406915.84,305439.44,307333.78,278797.03,265554.7,235545.05,0.0,0.0,0.0,0.0,257587.84,0.0,
720,216.170695199162,4.634943,height,,,,,,,,,,,2270429.0,647698.44,875652.1,1430872.4,0.0,0.0,0.0,0.0,1083563.2,678080.8,1385256.8,1093171.0,591775.94,627309.9,626403.0,556284.5,548650.7,509860.12,1122280.1,731048.44,1056132.9,1284760.5,0.0,
721,228.0978157379082,4.635321,height,,,,,,,,,,,0.0,0.0,0.0,0.0,529383.75,399423.2,801721.25,505328.56,0.0,0.0,0.0,0.0,0.0,0.0,0.0,0.0,0.0,0.0,0.0,0.0,0.0,0.0,0.0,
722,786.6012081984991,4.630767,height,,,,,,,,,,,0.0,289265.3,276751.7,295951.66,0.0,0.0,0.0,0.0,268763.03,279295.84,300015.62,287408.5,0.0,0.0,0.0,0.0,0.0,0.0,284387.66,321891.25,294450.3,236131.06,0.0,
723,213.12687168840185,4.6617837,height,,,,,,,,,,,253963.0,0.0,260147.2,272519.1,0.0,0.0,0.0,249224.42,291301.7,0.0,0.0,297192.4,0.0,0.0,0.0,0.0,288968.6,298033.9,0.0,299160.6,0.0,0.0,0.0,
724,265.1117782181053,4.682524,height,,,,,,,,,,,0.0,0.0,0.0,0.0,0.0,0.0,0.0,0.0,0.0,497410.34,0.0,346737.28,0.0,0.0,0.0,0.0,0.0,0.0,0.0,0.0,0.0,0.0,0.0,
725,144.11317475452688,4.721346,height,,,,,,,,,,,0.0,0.0,0.0,0.0,332027.34,0.0,322645.66,268263.28,0.0,0.0,0.0,0.0,0.0,0.0,0.0,0.0,0.0,0.0,0.0,0.0,0.0,0.0,0.0,
726,194.06736618471277,4.726231,height,,,,,,,,,,,0.0,0.0,0.0,0.0,326319.8,251814.56,323117.28,288207.62,0.0,0.0,0.0,0.0,0.0,0.0,0.0,0.0,0.0,0.0,0.0,0.0,0.0,0.0,0.0,
727,271.132202012087,4.728814,height,,,,,,,,,,,376962.88,338313.5,388124.25,442934.12,0.0,0.0,0.0,0.0,0.0,601714.3,368926.4,686476.1,0.0,0.0,0.0,0.0,0.0,0.0,0.0,0.0,0.0,275740.3,0.0,
728,146.0600611424118,4.749358,height,,,,,,,,,,,0.0,0.0,0.0,0.0,0.0,0.0,283197.25,0.0,0.0,432083.56,273739.62,303141.84,0.0,0.0,0.0,0.0,0.0,0.0,0.0,0.0,0.0,0.0,0.0,
729,369.3475954262141,4.751933,height,,,,,,,,,,,0.0,0.0,0.0,0.0,4569901.5,3201647.0,6029615.0,4199669.5,0.0,0.0,0.0,0.0,686545.5,712284.9,713159.0,787791.9,685679.75,638685.44,0.0,0.0,0.0,0.0,0.0,
730,188.07063941556012,4.750214,height,,,,,,,,,,,1654566.1,2021763.4,2082542.2,1819238.6,2029216.8,1744840.0,2925792.5,2175986.0,1315039.1,4639905.5,2944119.0,3056075.2,1959125.2,1839082.9,1769640.2,2008294.5,1513874.1,1431391.4,871523.4,1071404.9,1148153.2,1224463.6,0.0,
731,205.09726176505328,4.7514725,height,,,,,,,,,,,842370.56,1082320.6,1063217.8,952225.9,1057803.5,895445.4,1566202.4,1133092.2,661157.8,2410630.8,1613574.6,1651365.2,1027070.0,981589.6,979818.3,1040149.9,791954.6,773570.4,465729.3,541321.6,589965.06,590668.9,0.0,
732,351.3369028253001,4.7522974,height,,,,,,,,,,,0.0,0.0,0.0,0.0,2757682.5,1982530.9,3677189.5,2592142.8,0.0,0.0,0.0,0.0,429585.44,434571.34,458177.06,484664.44,432765.44,401868.1,0.0,0.0,0.0,0.0,0.0,
733,536.4100211889842,4.7575207,height,,,,,,,,,,,0.0,0.0,0.0,0.0,582012.6,405776.12,577777.44,672397.56,0.0,0.0,0.0,0.0,0.0,0.0,0.0,0.0,0.0,0.0,0.0,0.0,0.0,0.0,0.0,
734,296.2948206276613,4.7963324,height,,,,,,,,,,,0.0,0.0,0.0,0.0,374439.66,301074.34,526039.2,325999.38,0.0,0.0,0.0,0.0,0.0,0.0,0.0,0.0,0.0,0.0,0.0,0.0,0.0,0.0,0.0,
735,326.3057983232327,4.7989535,height,,,,,,,,,,,0.0,0.0,0.0,0.0,331317.06,299370.12,460248.25,327576.88,0.0,0.0,0.0,0.0,0.0,0.0,0.0,0.0,0.0,0.0,0.0,0.0,0.0,0.0,0.0,
736,209.103369476761,4.7725058,height,,,,,,,,,,,272606.97,326735.2,367664.7,257922.9,2091540.8,1451760.2,3095788.8,2023457.5,0.0,1038983.25,560787.75,728490.94,471457.4,424271.3,452467.28,464517.28,382691.5,356202.56,0.0,0.0,0.0,248844.06,0.0,
737,133.0318683534125,4.7773457,height,,,,,,,,,,,320951.06,483421.88,376831.0,314432.3,1008197.94,691459.94,1498738.9,1013732.06,237257.9,682994.4,469967.25,482129.1,422129.2,413450.78,427252.66,432856.16,303711.22,281409.7,282214.1,241900.84,298617.03,387546.7,0.0,
738,510.39395399112703,4.7796464,height,,,,,,,,,,,0.0,0.0,0.0,0.0,2417765.8,1769497.5,2897699.8,2802895.0,0.0,0.0,0.0,0.0,0.0,0.0,0.0,0.0,216690.02,270207.5,0.0,0.0,0.0,0.0,0.0,
739,150.0583552905193,4.7783504,height,,,,,,,,,,,1173724.8,1739266.4,1395150.0,1161863.1,3445554.0,2452705.8,5411434.0,3513789.8,782333.8,2453323.2,1717818.9,1730631.5,1582144.0,1440177.2,1521870.5,1541235.2,1059665.8,1035882.1,897717.1,841816.5,1078191.1,1374977.6,0.0,
740,212.07801467114217,4.768354,height,,,,,,,,,,,259668.39,331663.16,315927.8,251166.89,599713.7,450326.53,0.0,558670.56,263747.2,279020.06,237324.75,308383.2,248533.14,218436.33,235013.06,273604.94,231769.0,227324.92,282122.53,269687.16,290144.22,334133.97,0.0,
741,213.12693497637704,4.786898,height,,,,,,,,,,,282416.4,234982.45,290381.62,288678.44,0.0,270478.9,0.0,290227.2,299342.47,0.0,0.0,299306.12,0.0,0.0,0.0,0.0,288968.6,340253.2,267650.8,328329.53,258305.44,0.0,0.0,
742,274.21255908262424,4.7932158,height,,,,,,,,,,,0.0,0.0,0.0,0.0,472082.66,0.0,0.0,0.0,0.0,0.0,0.0,0.0,0.0,0.0,0.0,0.0,0.0,0.0,0.0,0.0,0.0,0.0,0.0,
743,202.15505641178916,4.7940507,height,,,,,,,,,,,2542998.0,722681.7,905990.0,1282295.0,0.0,0.0,0.0,0.0,1622596.1,665294.2,1293599.5,936754.75,619381.8,587706.6,631838.8,641615.75,574002.75,548521.06,1445477.5,889490.8,1152426.2,1502878.2,0.0,
744,304.1324689915828,4.8053465,height,,,,,,,,,,,0.0,0.0,0.0,0.0,0.0,0.0,0.0,0.0,0.0,1114537.8,0.0,276153.25,0.0,0.0,0.0,0.0,0.0,0.0,0.0,0.0,0.0,0.0,0.0,
745,343.3318954115887,4.815431,height,,,,,,,,,,,0.0,260122.64,0.0,0.0,14588801.0,12252438.0,21038342.0,12795187.0,0.0,0.0,274742.88,0.0,1655430.6,2037980.2,1793002.8,1708134.0,1804145.9,1644344.9,0.0,0.0,0.0,0.0,0.0,
746,325.3212550820225,4.8124843,height,,,,,,,,,,,0.0,281312.66,0.0,0.0,15722213.0,12760142.0,22158816.0,14080341.0,0.0,0.0,295486.12,0.0,1713371.5,2098811.2,1944741.4,1830402.6,1947576.6,1785067.1,0.0,0.0,0.0,0.0,0.0,
747,323.3061579427951,4.831226,height,,,,,,,,,,,0.0,0.0,0.0,0.0,693135.4,675924.44,862846.25,510701.3,0.0,0.0,0.0,0.0,0.0,0.0,0.0,0.0,0.0,0.0,0.0,0.0,0.0,0.0,0.0,
748,341.31676092485304,4.8252983,height,,,,,,,,,,,0.0,0.0,0.0,0.0,751054.94,699634.25,976324.94,603973.3,0.0,0.0,0.0,0.0,0.0,0.0,0.0,0.0,0.0,0.0,0.0,0.0,0.0,0.0,0.0,
749,152.05676322140926,4.832873,height,,,,,,,,,,,234982.03,0.0,276357.38,293867.66,1063091.8,802964.75,1048493.44,841050.7,280371.78,386933.56,0.0,376422.44,378200.38,409786.4,429524.38,425206.94,408721.88,474106.94,0.0,0.0,0.0,0.0,0.0,
750,322.05493971739054,4.839091,height,,,,,,,,,,,424572.38,298852.2,511222.94,0.0,1910572.9,1181492.4,1207013.8,1242830.9,0.0,639142.3,0.0,521890.84,479544.88,0.0,0.0,0.0,0.0,545980.3,0.0,0.0,0.0,0.0,0.0,
751,284.09897370616505,4.8371167,height,,,,,,,,,,,0.0,0.0,0.0,0.0,815026.44,660095.0,760425.1,630256.1,0.0,279411.75,0.0,0.0,0.0,0.0,287218.9,0.0,0.0,0.0,0.0,0.0,0.0,0.0,0.0,
752,254.1265248656481,4.880598,height,,,,,,,,,,,593182.2,0.0,254164.28,415247.4,0.0,0.0,0.0,0.0,339003.5,234756.92,367449.9,315934.75,0.0,0.0,0.0,0.0,0.0,0.0,339411.94,234723.08,295544.88,380524.2,0.0,
753,205.06839277243364,4.901606,height,,,,,,,,,,,0.0,0.0,0.0,0.0,0.0,0.0,0.0,0.0,0.0,0.0,0.0,0.0,0.0,0.0,0.0,0.0,0.0,0.0,0.0,0.0,0.0,0.0,811916.2,
754,145.10839376496492,4.916063,height,,,,,,,,,,,795336.7,839740.3,895551.0,906552.9,1070088.0,904529.4,1095136.2,1048762.4,665641.06,941563.6,745335.9,1030842.6,691148.56,699342.1,667788.25,684429.56,642250.06,615590.75,739957.25,821733.9,858994.2,913510.4,0.0,
755,156.04215616184308,4.926265,height,,,,,,,,,,,1726379.6,1367904.1,1420235.4,954202.56,268543.06,0.0,264926.9,234197.12,994223.2,2319734.5,764638.4,1149367.9,665427.94,700192.8,669533.1,699742.0,763069.25,744036.1,1708134.1,1535662.4,1691148.8,1984914.1,0.0,
756,453.1675278499642,4.926235,height,,,,,,,,,,,333246.56,254942.83,508369.56,644772.6,385814.88,388163.97,346026.06,511616.72,560482.06,326717.25,339600.3,0.0,471927.78,448559.0,447097.78,514979.94,457757.97,449577.3,517538.16,286882.56,551159.1,399113.5,0.0,
757,710.6545022585859,4.9280543,height,,,,,,,,,,,903638.56,839720.0,743486.3,660090.5,524711.4,332727.94,568282.25,497036.53,531188.4,1385122.4,649028.2,882176.9,355017.84,334103.97,364633.84,363543.4,361706.84,369951.0,586776.25,601388.1,673699.7,924414.9,0.0,
758,374.808626444413,4.928747,height,,,,,,,,,,,1005927.8,1033045.2,874824.8,756412.5,607578.0,351120.3,657976.56,597182.56,536260.5,1433645.0,707598.1,1044085.8,321268.5,305934.25,319216.97,343588.3,294175.84,304980.66,658747.0,646707.9,783819.7,1101312.9,0.0,
759,124.92276537735692,4.929956,height,,,,,,,,,,,810078.06,910564.8,815822.75,702769.2,586533.6,396718.4,644289.3,576719.75,551885.56,1096277.8,676774.06,927187.56,363857.47,385427.28,382359.6,398298.56,380152.06,347312.28,642233.9,630958.56,687110.3,882342.2,0.0,
760,794.6159301667268,4.927958,height,,,,,,,,,,,660798.56,647369.9,579795.3,506352.8,382038.56,298038.56,436116.1,385260.22,449612.66,1012158.7,507707.3,655205.75,295755.47,292812.28,329579.8,329512.0,308090.25,326270.8,457360.6,480449.25,504729.47,690666.8,0.0,
761,542.7317866443789,4.929853,height,,,,,,,,,,,3201568.8,3191475.2,2713937.8,2272142.8,1820473.2,1057928.9,2015149.5,1676039.2,1706799.9,4874135.5,2169124.8,3243424.0,1000219.06,976840.44,1049782.4,1099179.1,1006621.2,1048723.6,1970827.4,2106979.5,2486007.8,3329214.8,0.0,
762,878.5772212071279,4.9286284,height,,,,,,,,,,,518264.22,489546.47,453966.97,389944.06,329568.0,239822.05,325539.6,306225.7,357361.22,727686.44,386693.62,520337.3,247550.38,244439.53,278381.1,278034.97,265816.2,270361.78,361111.12,394648.56,389158.75,505705.62,0.0,
763,460.7681383356834,4.9297543,height,,,,,,,,,,,1410433.2,1388417.1,1139855.1,986809.6,787732.9,427929.12,882440.2,733268.6,734170.25,2072589.4,934225.56,1409327.1,402608.6,396114.62,416430.75,441097.75,403699.84,402727.38,841136.9,876302.2,1059856.8,1445648.2,0.0,
764,458.7700613015386,4.930422,height,,,,,,,,,,,3145794.5,3164953.5,2631290.8,2268309.0,1802292.0,981738.25,2018334.9,1700518.4,1662185.5,4613817.5,2131835.2,3194154.0,913280.0,948293.3,933684.3,998515.2,941185.8,928785.5,1919453.0,1989458.1,2446227.5,3328241.0,0.0,
765,208.88402115679597,4.9310513,height,,,,,,,,,,,1456317.6,1472090.2,1314069.1,1109378.5,966465.5,570066.56,1050966.9,889626.0,861303.44,1964479.6,1068623.1,1468213.5,510504.7,524168.3,514633.6,568497.3,521002.8,460645.22,979019.56,999160.9,1178759.1,1545749.9,0.0,
766,626.6930939901148,4.931083,height,,,,,,,,,,,1213582.6,1174569.8,1033669.4,867718.9,651258.2,406086.3,772323.7,614548.44,648482.94,1798598.9,806199.6,1222775.9,411068.1,394917.53,413666.0,414414.88,412547.7,437373.56,755804.06,760078.1,923433.56,1259640.1,0.0,
767,122.92467826841316,4.9310718,height,,,,,,,,,,,4678909.0,4889889.0,4384486.5,3834486.5,3259445.0,2196782.8,3454206.8,3108503.5,2963611.5,5927413.0,3676832.5,4858075.0,1934397.6,2095459.6,1994611.5,2116215.8,2046543.9,1912154.1,3375775.2,3411737.2,3792295.5,4940210.5,0.0,
768,206.8859516135816,4.9310718,height,,,,,,,,,,,6479164.5,6787520.0,5837065.0,5053656.5,4300834.0,2554191.2,4654894.5,4041944.5,3833354.8,8523853.0,4901627.5,6722771.5,2281140.0,2356593.0,2359337.0,2463530.2,2353515.0,2186470.8,4463129.0,4500377.5,5221094.5,6928819.5,0.0,
769,290.8471957044353,4.9310718,height,,,,,,,,,,,9763903.0,10094956.0,8522485.0,7381351.5,6107645.0,3524374.0,6817770.0,5725445.0,5452567.5,13442160.0,7053390.0,10010262.0,3168852.2,3288773.2,3184062.5,3498545.2,3169378.8,3054568.5,6415491.0,6588540.5,7698656.5,10341514.0,0.0,
770,292.84502307099814,4.9310718,height,,,,,,,,,,,2846839.2,2910207.5,2533449.0,2142918.8,1783559.4,992217.94,1960209.1,1647555.9,1595851.6,3916261.2,2008911.6,2955186.8,913280.5,954365.0,912390.6,983550.56,926209.25,881922.8,1896457.2,1897903.9,2244402.2,2956383.2,0.0,
771,575.4915759795509,4.940878,height,,,,,,,,,,,418880.12,401007.28,407155.94,420513.66,351594.6,336129.12,341939.6,412182.38,410702.6,394405.53,394184.0,388257.47,403404.28,375680.53,395452.56,454107.8,406601.94,362660.7,428117.4,383227.62,437589.8,407448.47,0.0,
772,603.5229363824774,4.9397526,height,,,,,,,,,,,351132.1,339962.22,334755.16,354847.66,276038.25,274106.53,309600.03,312306.44,324689.47,322593.94,339569.53,322078.47,347596.97,326317.38,352272.0,372119.88,328673.1,304868.62,343445.34,321809.9,353344.9,323788.22,0.0,
773,361.9206518506024,4.949359,height,,,,,,,,,,,0.0,0.0,0.0,0.0,397705.2,225138.92,548216.75,330075.75,0.0,0.0,0.0,0.0,0.0,0.0,0.0,0.0,0.0,0.0,0.0,0.0,0.0,0.0,0.0,
774,193.99810618274503,4.9579725,height,,,,,,,,,,,0.0,0.0,0.0,0.0,1815236.9,1099164.9,2446252.0,1506052.2,0.0,392663.75,0.0,313620.97,284467.06,271211.2,273072.53,316410.97,0.0,0.0,0.0,0.0,0.0,0.0,0.0,
775,191.98240202774247,4.973736,height,,,,,,,,,,,0.0,0.0,0.0,0.0,255090.47,0.0,359709.62,0.0,0.0,481622.62,0.0,235868.81,0.0,0.0,0.0,0.0,0.0,0.0,0.0,0.0,0.0,0.0,0.0,
776,293.10091640927044,5.019471,height,,,,,,,,,,,0.0,0.0,0.0,0.0,480239.12,304162.28,397371.25,419805.4,0.0,0.0,0.0,0.0,0.0,0.0,0.0,0.0,0.0,0.0,0.0,0.0,0.0,0.0,0.0,
777,395.2669364061626,5.047868,height,,,,,,,,,,,0.0,0.0,0.0,0.0,445617.4,372673.3,524846.4,449795.03,0.0,0.0,0.0,0.0,0.0,0.0,0.0,0.0,0.0,0.0,0.0,0.0,0.0,0.0,0.0,
778,240.1108278670769,5.051532,height,,,,,,,,,,,2752998.2,670348.8,1003713.06,1427516.4,0.0,0.0,0.0,0.0,1712399.1,769657.6,1268656.2,1042399.7,721163.6,663040.3,690064.4,699177.44,595545.1,603699.6,1621226.9,954966.7,1227639.6,1549199.9,0.0,
779,701.4099727323238,5.0521793,height,,,,,,,,,,,410141.66,422794.06,425337.2,424479.16,454292.97,473693.97,507003.4,419250.2,416098.2,419807.7,437347.0,436896.9,487259.03,486142.44,473430.06,484159.8,478554.97,492015.66,426917.75,427404.28,405545.0,416079.28,0.0,
780,158.09264359312874,5.0632143,height,,,,,,,,,,,0.0,0.0,0.0,0.0,410838.3,333451.6,494029.9,387492.28,0.0,0.0,0.0,0.0,0.0,0.0,0.0,0.0,0.0,0.0,0.0,0.0,0.0,0.0,0.0,
781,365.3010006814361,5.0720997,height,,,,,,,,,,,324403.47,243919.3,469795.97,383446.56,496527.9,375791.94,467114.3,486076.5,347047.1,316181.62,0.0,0.0,0.0,0.0,0.0,0.0,0.0,0.0,387004.1,0.0,262754.62,388578.06,0.0,
782,325.3212314387747,5.2186084,height,,,,,,,,,,,0.0,0.0,0.0,0.0,1019442.1,1481402.1,1220022.0,1228774.4,0.0,0.0,0.0,0.0,474946.2,473439.6,455582.44,436548.0,335736.06,327055.06,0.0,0.0,0.0,0.0,0.0,
783,124.05868357482034,5.2339215,height,,,,,,,,,,,0.0,0.0,0.0,417100.94,0.0,0.0,0.0,0.0,0.0,2537885.2,1602134.6,1756106.9,443271.22,512120.6,458085.94,470264.0,346505.06,294935.47,0.0,0.0,0.0,0.0,0.0,
784,256.1006687201006,5.232841,height,,,,,,,,,,,0.0,362801.94,433745.2,865639.7,0.0,0.0,0.0,0.0,297062.06,4746197.0,3036378.5,3333385.2,831530.8,1004554.2,783472.44,869923.5,683037.56,535278.7,0.0,0.0,0.0,0.0,0.0,
785,255.0975293174152,5.244729,height,,,,,,,,,,,1616863.5,2849105.2,3349621.2,6942865.0,293547.9,247010.62,434461.34,0.0,2586630.2,40064252.0,24669836.0,27069764.0,6795637.0,7640531.5,6557368.5,7413946.0,5664227.0,4318314.0,974825.94,689015.2,856301.44,1312191.2,0.0,
786,123.05546483612096,5.2456684,height,,,,,,,,,,,1286700.0,2526548.2,3080926.8,5974201.5,285529.16,0.0,403567.5,225813.2,2363449.5,36668812.0,23596954.0,25193784.0,6397303.0,6795533.5,6327329.0,6921417.0,5049587.5,4330386.0,715336.25,549477.2,679776.8,989088.75,0.0,
787,245.18600091514224,5.25183,height,,,,,,,,,,,0.0,0.0,0.0,0.0,0.0,0.0,2263274.0,0.0,0.0,958077.1,635578.7,0.0,0.0,0.0,0.0,0.0,0.0,0.0,0.0,0.0,0.0,1256903.2,0.0,
788,126.091532965486,5.2739105,height,,,,,,,,,,,0.0,0.0,0.0,0.0,390864.72,286625.97,357739.06,374412.2,0.0,0.0,0.0,0.0,0.0,0.0,0.0,0.0,0.0,0.0,0.0,0.0,0.0,0.0,0.0,
789,143.11793403287362,5.2604194,height,,,,,,,,,,,0.0,0.0,244880.45,237772.31,591178.2,458875.4,578423.75,536000.3,0.0,0.0,0.0,268697.03,0.0,0.0,0.0,0.0,352808.34,0.0,248287.64,349430.66,0.0,0.0,0.0,
790,161.18391901802622,5.414431,height,,,,,,,,,,,709462.06,1447557.8,1015535.4,1210416.2,1028717.44,680848.0,563666.3,881642.9,1265107.1,400549.28,615043.7,1424056.6,0.0,0.0,0.0,460939.28,1314500.6,1787646.9,626874.5,1505750.1,1524975.0,1530581.1,0.0,
791,146.16517715025742,5.435866,height,,,,,,,,,,,4996658.5,2048859.1,2750360.5,4711163.5,1473485.0,3893534.8,1642098.0,5569100.5,3670272.5,2803006.2,2123983.8,3782899.2,0.0,0.0,0.0,819748.56,4261051.5,4326440.0,4425824.0,4304338.0,2299140.5,2419586.8,0.0,
792,292.0441693995393,5.404009,height,,,,,,,,,,,0.0,0.0,0.0,0.0,449770.3,409947.0,699696.8,542946.9,0.0,0.0,0.0,0.0,0.0,0.0,0.0,0.0,0.0,0.0,0.0,0.0,0.0,0.0,0.0,
793,254.0884132324757,5.4072495,height,,,,,,,,,,,0.0,0.0,0.0,0.0,1626272.4,1463398.0,1949373.2,1734222.9,0.0,0.0,0.0,0.0,252961.23,273756.22,260047.25,285692.3,263713.78,262672.84,0.0,0.0,0.0,0.0,0.0,
794,276.0703491550394,5.4073105,height,,,,,,,,,,,0.0,0.0,0.0,0.0,924180.56,956380.94,1186190.9,998872.9,0.0,0.0,0.0,0.0,0.0,0.0,0.0,0.0,0.0,0.0,0.0,0.0,0.0,0.0,0.0,
795,160.1808247683246,5.4297748,height,,,,,,,,,,,7656140.0,16480457.0,11266894.0,14423852.0,11480867.0,7670511.0,6416758.5,9788487.0,14786068.0,4560076.0,6877561.0,16625527.0,0.0,0.0,2043512.4,5101558.0,15594917.0,21095214.0,7275900.0,17143810.0,16744484.0,18213546.0,0.0,
796,143.15432621110915,5.4615984,height,,,,,,,,,,,315257.2,591195.44,419841.94,516777.28,415551.4,307362.25,240723.62,358638.06,520144.16,0.0,269943.4,593230.8,0.0,0.0,0.0,0.0,559093.4,770182.44,284758.84,632699.3,622367.56,641889.4,0.0,
797,182.09001327239068,5.4942265,height,,,,,,,,,,,836815.4,0.0,0.0,0.0,0.0,0.0,0.0,0.0,0.0,0.0,0.0,0.0,0.0,0.0,0.0,0.0,0.0,0.0,0.0,0.0,0.0,0.0,0.0,
798,208.08702272649444,5.5222015,height,,,,,,,,,,,0.0,0.0,0.0,0.0,0.0,0.0,0.0,0.0,0.0,0.0,0.0,0.0,0.0,0.0,0.0,0.0,0.0,226043.44,406757.0,305371.06,0.0,0.0,0.0,
799,129.13874347729416,5.5098586,height,,,,,,,,,,,532840.75,0.0,301661.44,508647.4,0.0,431013.5,0.0,571938.1,391638.34,292272.44,0.0,440001.9,0.0,0.0,0.0,0.0,470156.03,491143.1,511383.12,475643.78,255686.77,267028.72,0.0,
800,146.1651778481765,5.5122843,height,,,,,,,,,,,4845012.0,1986603.8,2760900.8,4689724.5,1456752.0,4214792.0,1719169.8,5303313.5,3655661.8,2663319.0,2092529.6,3977341.0,0.0,0.0,0.0,851213.1,4375788.5,4554619.5,4696061.5,4379600.5,2433832.2,2462076.5,0.0,
801,161.1839129503702,5.4829235,height,,,,,,,,,,,709462.06,1360358.0,988347.44,1258417.4,1028717.44,705146.25,563666.3,881642.9,1247504.0,435735.66,600363.94,1347625.8,0.0,0.0,0.0,440671.47,1307778.1,1842040.1,658153.56,1491624.5,1443473.5,1560343.8,0.0,
802,174.19645556447892,5.5265245,height,,,,,,,,,,,315415.03,507127.12,385766.47,441153.44,468389.53,343605.78,298754.0,349338.38,493189.38,0.0,331985.75,468999.4,0.0,0.0,0.0,255948.84,482177.6,569447.44,293321.75,500409.44,530169.0,625633.1,0.0,
803,147.112750362921,5.5450134,height,,,,,,,,,,,0.0,0.0,0.0,0.0,319094.5,0.0,416040.6,368011.44,0.0,0.0,0.0,0.0,0.0,0.0,0.0,0.0,0.0,0.0,0.0,0.0,0.0,0.0,0.0,
804,182.08118446305463,5.5460644,height,,,,,,,,,,,0.0,242896.14,237088.98,0.0,488270.66,347476.4,501240.53,405155.7,0.0,428633.84,313414.66,355810.0,0.0,0.0,0.0,0.0,0.0,0.0,0.0,0.0,0.0,264739.0,0.0,
805,169.09476098728447,5.547887,height,,,,,,,,,,,0.0,0.0,0.0,0.0,1141734.5,969612.75,1506021.9,1187302.9,0.0,0.0,0.0,0.0,329325.53,317709.56,315387.62,244085.39,0.0,0.0,0.0,0.0,0.0,0.0,0.0,
806,143.1543275649445,5.5075746,height,,,,,,,,,,,295241.3,598067.5,420997.34,527883.2,442989.88,307362.25,218749.27,360822.62,560178.2,0.0,269943.4,583051.2,0.0,0.0,0.0,0.0,602222.44,770182.44,284758.84,653800.56,600967.1,644337.2,0.0,
807,395.2879020157269,5.558115,height,,,,,,,,,,,0.0,0.0,0.0,0.0,391921.25,0.0,523989.4,299768.53,0.0,0.0,0.0,0.0,0.0,0.0,0.0,0.0,0.0,0.0,0.0,0.0,0.0,0.0,0.0,
808,439.1013832025232,5.5898147,height,,,,,,,,,,,0.0,435951.38,307751.3,0.0,253290.19,0.0,303944.78,0.0,0.0,680249.94,230800.05,408986.75,0.0,0.0,0.0,0.0,0.0,0.0,0.0,0.0,0.0,0.0,0.0,
809,273.16377586146064,5.6499557,height,,,,,,,,,,,0.0,311705.16,338845.66,367626.7,0.0,0.0,0.0,0.0,0.0,1697034.8,545726.94,780986.56,0.0,0.0,0.0,0.0,0.0,0.0,0.0,0.0,0.0,0.0,0.0,
810,272.1604555422947,5.6527386,height,,,,,,,,,,,1286368.1,2369962.0,2638380.2,2696136.2,0.0,0.0,0.0,0.0,0.0,12474138.0,4154037.8,5889014.5,1042662.4,950013.2,1017294.3,938425.75,913436.75,872841.4,0.0,0.0,0.0,0.0,0.0,
811,202.06996825881484,5.683459,height,,,,,,,,,,,677357.5,628558.5,620818.06,437222.9,478520.47,340515.06,605838.25,342349.9,274196.78,512026.8,641836.2,599233.9,454371.56,418618.97,396352.0,408666.94,313154.7,0.0,309884.75,306521.9,361588.56,294109.2,0.0,
812,362.9262735775916,5.810735,height,,,,,,,,,,,22228700.0,29527848.0,354839.0,11371856.0,19615876.0,15294369.0,344126.78,20375626.0,335871.34,302890.75,10552368.0,19232534.0,370652.72,10001132.0,13068595.0,324950.34,10780345.0,398591.47,16165980.0,342199.56,18613804.0,26503858.0,394688.1,
813,498.9014071518514,5.8239255,height,,,,,,,,,,,19076878.0,26592328.0,363296.94,9204355.0,17200088.0,13227345.0,19107298.0,19667320.0,5838119.5,29569886.0,8615696.0,339033.66,8245216.0,8146692.0,10621504.0,10608253.0,8829841.0,8670204.0,364001.12,15236686.0,15800252.0,24179206.0,436194.56,
814,499.90474697529953,5.8294735,height,,,,,,,,,,,1621198.1,2086167.9,1352622.4,739547.8,1434217.8,1027670.94,1566648.6,1651996.5,510151.53,2328284.2,711951.5,1258355.5,632650.1,655078.06,845577.06,780918.5,712651.75,707061.94,1074978.4,1212169.5,1308289.6,2112122.5,0.0,
815,129.1387492529139,5.817674,height,,,,,,,,,,,391269.16,0.0,0.0,434420.38,0.0,329461.88,0.0,413662.44,323574.25,0.0,0.0,354130.66,0.0,0.0,0.0,0.0,401976.38,479346.53,402888.4,398788.72,0.0,219237.56,0.0,
816,143.15432862083605,5.823295,height,,,,,,,,,,,0.0,546222.2,327514.0,484012.84,318598.12,0.0,0.0,290122.9,472353.56,0.0,0.0,597874.75,0.0,0.0,0.0,0.0,519366.1,850063.75,0.0,630066.4,566980.8,567810.25,0.0,
817,1246.76348884435,5.8294163,height,,,,,,,,,,,929704.2,1384753.9,786882.56,523310.03,892400.25,640796.2,986636.4,966272.1,465550.16,1853921.2,502467.84,816635.6,511566.62,478238.2,464051.78,517240.28,540168.44,458998.94,712207.75,760532.25,778375.2,1206832.4,0.0,
818,1314.7510329219158,5.828883,height,,,,,,,,,,,702192.5,961120.9,599788.0,438357.22,667213.6,481698.47,776013.7,665892.56,363840.72,1289896.1,431450.12,642449.75,436004.0,402487.62,392985.03,381600.22,417897.1,370896.38,485005.38,582783.3,624612.8,916576.7,0.0,
819,804.845161409293,5.8294215,height,,,,,,,,,,,838161.75,1271418.0,694286.25,366346.34,812462.9,479095.8,954667.7,730807.5,262498.7,1542422.4,340598.6,583180.2,325957.3,410564.75,404693.06,337877.2,380615.34,348378.1,496775.03,664723.4,672909.8,1274957.8,0.0,
820,1042.8010369294716,5.829416,height,,,,,,,,,,,2188479.5,3339614.8,1995993.5,1110085.0,2204863.2,1460990.8,2549406.0,2296926.2,883492.0,4580593.5,1079227.4,1932236.6,1047038.6,1017164.5,1064166.4,1015369.3,1072380.1,906135.7,1522506.4,1870034.6,1878923.6,3149379.8,0.0,
821,158.9641776224738,5.829945,height,,,,,,,,,,,14208573.0,17875956.0,13243465.0,8688913.0,13968947.0,11314980.0,14770223.0,12732233.0,6046687.5,19527152.0,8350526.0,13681595.0,7809824.0,7734977.0,9406417.0,8367915.0,8383247.5,8566552.0,10007626.0,12500867.0,13158694.0,17113498.0,0.0,
822,228.9553408478249,5.829456,height,,,,,,,,,,,849394.06,1078154.0,773728.44,477051.25,850783.94,635582.0,925496.75,766338.8,348453.72,1175860.9,455228.06,740148.5,454971.62,440119.78,591398.44,537324.8,448178.56,488070.06,644523.0,674237.2,803543.75,1040050.56,0.0,
823,770.8514070748541,5.830711,height,,,,,,,,,,,6460910.5,10021510.0,5721187.0,2911243.0,6335597.5,4250579.0,6970527.0,6831376.0,1895314.8,12087689.0,2826828.8,5550702.5,2635936.5,2615746.0,2872186.5,2703881.0,2652225.8,2515654.0,4226177.0,5255026.0,5617982.5,9072784.0,239029.34,
824,906.8261812561224,5.82995,height,,,,,,,,,,,3822561.2,5870072.5,3323720.0,1775711.5,3818464.8,2479295.2,4207556.5,3945602.5,1242250.1,7467246.5,1720416.9,3313749.5,1597371.4,1608904.6,1731994.1,1727978.8,1619003.6,1534668.4,2607882.5,3061454.0,3227941.5,5457268.0,0.0,
825,974.813655261598,5.8299437,height,,,,,,,,,,,2863669.0,4559276.0,2526402.5,1430311.1,2914715.2,1899581.0,3280700.0,3031194.0,1008512.9,5822159.0,1317122.8,2483007.0,1332351.4,1274733.8,1396569.9,1347658.2,1316393.8,1264378.5,1946623.2,2355293.0,2419877.8,4123011.0,0.0,
826,1178.7759223155165,5.829945,height,,,,,,,,,,,1211511.4,1871863.2,1126405.6,685828.0,1298126.2,836707.5,1453830.9,1317464.4,566650.06,2455091.0,648703.6,1027082.1,667630.5,631756.8,658776.06,638918.3,644648.5,603524.8,890877.56,1038708.44,968064.9,1644635.5,0.0,
827,1110.788485995348,5.8299556,height,,,,,,,,,,,1725125.0,2666695.5,1461008.8,834212.6,1699521.1,1092035.2,1858672.8,1829227.4,719916.56,3372906.8,791975.8,1461749.0,863816.75,843408.8,816824.75,800612.94,840015.25,730810.94,1170775.9,1399899.4,1410342.9,2304808.0,0.0,
828,362.92627988771386,5.8304577,height,,,,,,,,,,,20666248.0,27781212.0,18538590.0,11455236.0,20062438.0,15062028.0,21680040.0,19859058.0,7362535.0,29916152.0,10864866.0,19346294.0,10044467.0,9969240.0,11846923.0,10876047.0,10614197.0,10531954.0,14347203.0,17302804.0,18771216.0,25591524.0,383865.94,
829,294.9388973122825,5.830473,height,,,,,,,,,,,5194742.5,6496584.5,4717919.0,3057684.0,5103857.5,3878765.0,5335012.5,4364288.5,1948836.8,7068594.5,2806297.2,4836247.0,2645321.5,2618928.8,3216689.0,2859462.0,2797641.0,2831844.2,3315366.0,4277487.5,4636860.5,6179491.5,0.0,
830,498.9014067853787,5.8304577,height,,,,,,,,,,,17757904.0,25253526.0,16008292.0,9225393.0,17598036.0,12391361.0,19161706.0,18263352.0,5619887.0,27891914.0,8798574.0,16292264.0,8069233.5,7997820.0,9318577.0,8956495.0,8406832.0,8058458.5,12383235.0,15017406.0,15830692.0,23174092.0,433524.44,
831,566.8889897067047,5.8304577,height,,,,,,,,,,,13571822.0,19542794.0,12023068.0,6771801.0,13364616.0,9209398.0,14875042.0,14031469.0,4107649.8,21972720.0,6489729.0,12200839.0,5906974.5,5776933.5,6772936.5,6328834.5,6107848.5,5880214.0,9259692.0,11426205.0,12136540.0,18092986.0,370164.2,
832,634.8764773386662,5.8304577,height,,,,,,,,,,,10389185.0,15758133.0,9344473.0,4995947.0,10285115.0,6968111.5,11378257.0,10922648.0,3078382.5,17997702.0,4824955.0,9353944.0,4325545.5,4362891.5,5095207.0,4694787.5,4599626.5,4289641.0,7020001.5,8624698.0,9143152.0,14145701.0,313358.75,
833,838.8387218743864,5.8304644,height,,,,,,,,,,,5158627.5,8077279.5,4591393.0,2438779.0,5149625.0,3337291.0,5817251.0,5586527.0,1559056.8,9891776.0,2344413.0,4585612.5,2083656.0,2153205.5,2300175.0,2250273.2,2197683.2,1995473.4,3482358.8,4107389.0,4293698.0,7414606.0,0.0,
834,227.95445004225516,5.8309875,height,,,,,,,,,,,2398364.2,3054375.5,2290260.2,1454936.2,2340387.5,1836636.0,2476683.8,2188235.2,973743.56,3365955.5,1366792.0,2194951.2,1254467.5,1261077.9,1506743.6,1369192.8,1367555.0,1495260.4,1857379.5,2140525.0,2206504.2,2869716.5,0.0,
835,702.8639187267427,5.8314533,height,,,,,,,,,,,8232351.0,12737927.0,7360911.0,3919596.0,8240393.0,5538363.0,9196601.0,8628563.0,2298640.8,14551027.0,3657575.0,7361668.0,3349999.8,3407320.8,3890494.5,3614622.8,3485306.8,3200703.5,5675017.5,6891341.0,7234493.5,11720027.0,289903.78,
836,363.929564187688,5.8315144,height,,,,,,,,,,,1214873.2,1767980.1,1128837.8,661083.94,1176649.5,904961.2,1227929.2,1127949.5,471109.0,1734159.8,645578.2,1057408.6,618972.3,599752.7,772469.9,782779.8,603911.3,662184.4,911001.1,994012.75,1120453.1,1577342.2,0.0,
837,174.19646563591436,5.8247976,height,,,,,,,,,,,257664.5,501347.34,354316.22,480206.8,366150.38,305348.44,0.0,352476.0,501095.94,0.0,0.0,487999.6,0.0,0.0,0.0,0.0,474417.2,773275.9,0.0,552705.6,547152.56,654653.0,0.0,
838,324.15285660610107,5.861011,height,,,,,,,,,,,0.0,0.0,0.0,0.0,0.0,0.0,0.0,0.0,0.0,567103.2,0.0,0.0,0.0,0.0,0.0,0.0,0.0,0.0,0.0,0.0,0.0,0.0,0.0,
839,392.1404277144248,5.861011,height,,,,,,,,,,,0.0,0.0,0.0,0.0,0.0,0.0,0.0,0.0,0.0,552971.6,0.0,0.0,0.0,0.0,0.0,0.0,0.0,0.0,0.0,0.0,0.0,0.0,0.0,
840,282.15470712743445,5.9270067,height,,,,,,,,,,,0.0,0.0,0.0,328191.12,0.0,0.0,0.0,0.0,0.0,331796.38,0.0,418487.12,0.0,0.0,0.0,0.0,0.0,0.0,0.0,0.0,0.0,229694.66,0.0,
841,155.07911322293583,5.974567,height,,,,,,,,,,,0.0,0.0,0.0,0.0,11187451.0,10058961.0,12279978.0,10553066.0,0.0,0.0,0.0,0.0,3975454.0,3848611.8,4074116.5,3453054.5,2151111.5,1415352.4,0.0,0.0,0.0,0.0,0.0,
842,217.1295704591452,5.994307,height,,,,,,,,,,,0.0,0.0,0.0,0.0,425205.9,359476.25,548168.25,566246.2,0.0,244671.28,0.0,0.0,0.0,0.0,0.0,0.0,0.0,0.0,0.0,0.0,0.0,277479.78,0.0,
843,133.09723403391476,6.007546,height,,,,,,,,,,,0.0,0.0,0.0,0.0,2246870.8,1467577.2,1987529.6,2164315.5,0.0,0.0,0.0,0.0,312876.62,359310.53,330861.84,309659.78,306955.28,278239.97,0.0,0.0,0.0,0.0,0.0,
844,302.17097922521464,6.008029,height,,,,,,,,,,,1737000.8,1857954.5,1629342.5,2005584.6,0.0,0.0,0.0,0.0,0.0,26949310.0,3535863.2,5279086.0,1235817.8,1430550.6,1255734.2,1292983.6,1264560.5,1182899.6,671271.4,614581.56,850703.5,1063434.5,0.0,
845,133.09723256991435,6.0249977,height,,,,,,,,,,,0.0,0.0,0.0,0.0,1881099.8,1596838.5,1939773.9,2319967.0,0.0,0.0,0.0,0.0,322427.78,397569.0,351170.22,304479.4,306570.4,278239.97,0.0,0.0,0.0,0.0,0.0,
846,230.09576011354125,6.0663195,height,,,,,,,,,,,0.0,404251.12,225913.73,0.0,0.0,0.0,0.0,0.0,0.0,789798.5,0.0,421211.38,0.0,0.0,0.0,0.0,0.0,0.0,0.0,0.0,0.0,0.0,0.0,
847,246.09072075988755,6.0678625,height,,,,,,,,,,,0.0,650691.2,354350.06,0.0,0.0,0.0,0.0,0.0,248922.14,1167749.5,226834.88,610128.44,0.0,0.0,0.0,0.0,0.0,0.0,0.0,0.0,289629.28,325028.97,0.0,
848,225.09823535328545,6.070062,height,,,,,,,,,,,563985.1,584899.56,614237.94,449344.28,1621852.9,917695.2,1719003.8,1237501.1,409190.3,1196770.6,620118.06,1008759.0,488110.06,521380.62,475301.25,515426.28,363177.6,335188.94,281305.06,258824.1,337305.66,554558.25,0.0,
849,160.18084165335316,6.045033,height,,,,,,,,,,,0.0,512194.75,0.0,10471814.0,587933.9,324925.25,358407.72,461768.03,9268974.0,0.0,3889684.8,609639.3,0.0,0.0,0.0,2535269.8,548446.5,14496697.0,0.0,584085.75,11354139.0,652564.1,0.0,
850,148.0426896038405,6.079961,height,,,,,,,,,,,289028.8,226498.12,285599.97,246367.53,609339.4,405124.1,693359.3,726478.0,0.0,0.0,309772.0,295198.9,303967.72,294016.4,264364.97,271107.84,0.0,0.0,0.0,0.0,0.0,323840.62,0.0,
851,129.06598957437637,6.087334,height,,,,,,,,,,,379667.28,269920.8,310129.8,0.0,722451.25,422737.78,991256.2,595365.5,0.0,319143.5,236500.17,0.0,284102.0,281817.16,263709.2,242391.23,0.0,0.0,423276.06,259403.44,393130.5,474972.06,0.0,
852,161.09215987598472,6.1425204,height,,,,,,,,,,,312061.6,400592.84,349815.22,313194.16,0.0,0.0,237090.52,0.0,0.0,703708.7,348044.3,470061.16,0.0,0.0,0.0,0.0,0.0,0.0,0.0,0.0,0.0,285259.0,0.0,
853,175.10767433528056,6.163526,height,,,,,,,,,,,572835.4,780074.44,408189.0,277360.25,0.0,0.0,0.0,0.0,0.0,1354080.5,469680.3,965998.1,0.0,0.0,0.0,0.0,0.0,0.0,0.0,0.0,0.0,236687.58,0.0,
854,244.1291718350451,6.166207,height,,,,,,,,,,,0.0,0.0,0.0,0.0,0.0,0.0,0.0,0.0,0.0,352478.16,0.0,0.0,0.0,0.0,0.0,0.0,0.0,0.0,0.0,0.0,0.0,0.0,0.0,
855,164.02936033839714,6.2339225,height,,,,,,,,,,,0.0,263551.88,234958.47,0.0,0.0,0.0,255656.4,0.0,0.0,337292.38,250950.2,326443.56,0.0,0.0,0.0,0.0,0.0,0.0,0.0,0.0,0.0,0.0,0.0,
856,123.05546077303794,6.278667,height,,,,,,,,,,,687216.2,631632.25,816673.56,700139.4,505914.16,472533.6,656169.06,450715.5,602971.56,1464995.4,949954.6,873304.25,714946.0,697989.6,728561.75,556759.94,370829.66,248102.33,455304.5,278259.88,424255.22,420698.28,0.0,
857,271.09243726836064,6.279095,height,,,,,,,,,,,821496.44,841138.5,1037159.4,862297.4,628895.25,569498.06,804001.06,544622.2,765026.9,1837183.9,1093631.4,993321.44,850872.06,772446.0,819158.0,572118.3,418976.1,300258.5,515651.25,355289.3,490251.28,620980.25,0.0,
858,253.0818816239252,6.280925,height,,,,,,,,,,,1256300.8,1003936.2,1476708.0,1101744.8,702816.44,916124.44,1160841.6,795035.9,1002417.9,1714723.8,1585026.5,1232517.4,1260060.8,1264318.1,1192072.4,967923.4,543680.6,371126.62,825260.0,479173.84,772381.0,721704.9,0.0,
859,181.0946975705941,6.305871,height,,,,,,,,,,,0.0,0.0,0.0,0.0,572814.06,484842.47,823435.3,469990.56,0.0,0.0,0.0,0.0,0.0,0.0,0.0,0.0,0.0,0.0,0.0,0.0,0.0,0.0,0.0,
860,203.1138902958555,6.3647046,height,,,,,,,,,,,0.0,0.0,0.0,0.0,304492.75,0.0,313118.0,236402.72,0.0,0.0,0.0,0.0,0.0,0.0,0.0,0.0,0.0,0.0,0.0,0.0,0.0,0.0,0.0,
861,208.08701902342204,6.4555774,height,,,,,,,,,,,0.0,0.0,0.0,288944.06,0.0,0.0,0.0,0.0,266094.3,0.0,0.0,0.0,0.0,0.0,0.0,0.0,312073.4,353392.06,251862.11,297175.03,0.0,0.0,0.0,
862,365.105450172144,6.448786,height,,,,,,,,,,,0.0,0.0,0.0,0.0,304217.94,0.0,660207.6,0.0,0.0,3770019.2,0.0,406490.78,391807.7,563647.0,530277.44,485805.44,662950.94,870369.7,0.0,0.0,0.0,257223.31,3317828.0,
863,175.10767523189958,6.4492855,height,,,,,,,,,,,793121.5,1054693.8,617457.5,583850.06,0.0,0.0,0.0,0.0,357465.4,1532749.4,853137.2,1811608.1,317931.66,301853.06,312041.16,303067.12,281814.3,257749.66,0.0,235385.98,290194.78,401530.9,0.0,
864,208.0870208259504,6.5231786,height,,,,,,,,,,,0.0,0.0,0.0,288533.3,0.0,0.0,0.0,0.0,282787.25,0.0,0.0,0.0,0.0,0.0,0.0,0.0,316391.2,336604.25,277168.78,338152.53,0.0,0.0,0.0,
865,168.07416428492172,6.524923,height,,,,,,,,,,,2776870.0,1320552.9,1776745.8,1205525.8,0.0,0.0,0.0,0.0,0.0,1219973.9,1928019.0,1481930.8,1067101.6,875567.6,926575.8,757535.75,375545.1,280732.12,0.0,0.0,0.0,0.0,0.0,
866,166.05328125001367,6.5559487,height,,,,,,,,,,,0.0,0.0,0.0,0.0,284012.6,0.0,279339.03,283440.66,0.0,0.0,0.0,0.0,0.0,0.0,0.0,0.0,0.0,0.0,0.0,0.0,0.0,0.0,0.0,
867,201.05228070404027,6.563117,height,,,,,,,,,,,0.0,0.0,0.0,0.0,275056.66,222227.89,316504.66,233019.75,0.0,321862.94,0.0,0.0,0.0,0.0,0.0,0.0,0.0,0.0,0.0,0.0,0.0,0.0,0.0,
868,263.0826257114264,6.587928,height,,,,,,,,,,,0.0,0.0,0.0,0.0,319964.72,298185.28,437452.62,322984.5,0.0,0.0,0.0,0.0,0.0,0.0,0.0,0.0,0.0,0.0,0.0,0.0,0.0,0.0,0.0,
869,130.04997248289365,6.708131,height,,,,,,,,,,,0.0,0.0,0.0,0.0,470865.88,685232.8,647914.4,910235.3,0.0,0.0,0.0,0.0,0.0,0.0,0.0,0.0,0.0,0.0,0.0,0.0,0.0,0.0,0.0,
870,191.04031187318316,6.708131,height,,,,,,,,,,,0.0,0.0,0.0,0.0,482180.72,663527.3,668008.06,832467.1,0.0,0.0,0.0,0.0,0.0,0.0,0.0,0.0,0.0,0.0,0.0,0.0,0.0,0.0,0.0,
871,147.0763711734397,6.7107077,height,,,,,,,,,,,0.0,0.0,0.0,0.0,708773.5,1028136.9,947438.5,1332671.9,0.0,0.0,0.0,0.0,0.0,0.0,0.0,0.0,0.0,0.0,0.0,0.0,0.0,0.0,0.0,
872,258.1101372534453,6.801297,height,,,,,,,,,,,1340804.5,295408.88,0.0,439544.94,0.0,0.0,0.0,0.0,729326.1,1725341.4,1033928.9,591422.75,314165.2,307669.03,300284.88,319120.4,275597.22,246772.88,283525.12,321226.22,413366.1,857357.44,0.0,
873,404.21396920457966,6.8498397,height,,,,,,,,,,,0.0,0.0,0.0,0.0,383972.75,0.0,417066.88,276133.72,0.0,0.0,0.0,0.0,0.0,0.0,0.0,0.0,0.0,0.0,0.0,0.0,0.0,0.0,0.0,
874,198.1237295827353,6.9862094,height,,,,,,,,,,,345758.06,306265.97,281549.28,243796.25,0.0,0.0,0.0,0.0,315521.9,317303.34,294140.06,365703.38,0.0,0.0,0.0,0.0,0.0,0.0,0.0,0.0,0.0,338998.12,0.0,
875,208.08703151522332,7.156461,height,,,,,,,,,,,658014.2,0.0,340845.62,641229.6,0.0,537210.5,0.0,669186.2,554824.8,226827.06,261901.14,541292.06,0.0,0.0,0.0,0.0,606704.2,629204.3,701341.25,640892.9,289507.44,309424.66,0.0,
876,222.1026427037875,7.179974,height,,,,,,,,,,,0.0,353097.56,295503.34,394087.66,223133.33,0.0,0.0,0.0,489926.56,0.0,0.0,382041.44,0.0,0.0,0.0,0.0,427935.56,605951.0,0.0,518958.9,442959.66,391431.97,0.0,
877,444.18635662959787,7.257969,height,,,,,,,,,,,343040.88,216581.42,304142.75,0.0,0.0,0.0,0.0,0.0,0.0,428757.1,390516.03,0.0,0.0,0.0,0.0,0.0,0.0,0.0,0.0,0.0,0.0,0.0,0.0,
878,174.19647663862577,7.260293,height,,,,,,,,,,,291854.22,542264.75,398538.97,406850.06,400800.1,291959.25,278520.34,301584.6,402980.12,0.0,327427.4,500746.25,0.0,0.0,0.0,249664.38,380379.84,440988.28,233739.25,404374.44,430325.6,481615.3,0.0,
879,159.0766754614573,7.254897,height,,,,,,,,,,,3820422.0,5075718.5,3439168.5,2440106.0,0.0,0.0,0.0,0.0,0.0,5375476.5,2856768.0,4957014.5,936829.6,860249.75,973739.6,860627.94,705569.44,644759.9,0.0,227732.66,304090.2,304097.53,0.0,
880,614.2225444728203,7.2534294,height,,,,,,,,,,,558654.4,527604.4,424759.62,252199.7,0.0,0.0,0.0,0.0,0.0,589567.1,348081.9,622180.6,0.0,0.0,0.0,0.0,0.0,0.0,0.0,0.0,0.0,0.0,0.0,
881,417.1444849387108,7.258419,height,,,,,,,,,,,583929.1,594879.06,525564.06,397552.78,0.0,0.0,0.0,0.0,0.0,667699.9,432351.6,648501.25,0.0,0.0,0.0,0.0,0.0,0.0,0.0,0.0,0.0,0.0,0.0,
882,220.06688174124375,7.2569256,height,,,,,,,,,,,1277737.6,1294128.0,1343790.8,1076146.0,0.0,0.0,0.0,0.0,0.0,1502315.9,1185179.1,1389842.9,567559.94,591489.94,598222.7,564035.3,496271.75,495143.53,0.0,0.0,269986.2,260026.1,0.0,
883,198.08496802027827,7.2582035,height,,,,,,,,,,,12004191.0,17544198.0,9137129.0,4979257.0,0.0,0.0,0.0,0.0,0.0,23431780.0,8374568.0,15428270.0,1634812.5,1466517.4,1496203.8,1167667.9,654068.0,588123.2,0.0,0.0,250895.75,248955.67,0.0,
884,263.08262915271627,7.262067,height,,,,,,,,,,,630654.4,459577.6,587117.4,357695.0,0.0,0.0,0.0,0.0,0.0,806681.44,721175.44,386255.1,460043.94,514731.25,444735.22,349898.16,0.0,0.0,0.0,0.0,0.0,0.0,0.0,
885,373.1805922427646,7.257285,height,,,,,,,,,,,398616.8,898690.1,0.0,0.0,0.0,0.0,0.0,0.0,0.0,1071362.4,0.0,688517.7,0.0,0.0,0.0,0.0,0.0,0.0,0.0,0.0,0.0,0.0,0.0,
886,624.1779119566156,7.257834,height,,,,,,,,,,,362561.25,519461.6,266546.0,0.0,0.0,0.0,0.0,0.0,0.0,501431.06,0.0,540279.9,0.0,0.0,0.0,0.0,0.0,0.0,0.0,0.0,0.0,0.0,0.0,
887,214.05885875940544,7.258381,height,,,,,,,,,,,865974.75,1224938.5,566283.94,265971.72,0.0,0.0,0.0,0.0,0.0,1797633.2,546785.1,1020720.6,0.0,0.0,0.0,0.0,0.0,0.0,0.0,0.0,0.0,0.0,0.0,
888,395.1624876341429,7.258381,height,,,,,,,,,,,542495.44,711771.2,429305.78,268960.34,0.0,0.0,0.0,0.0,0.0,840142.56,357911.25,722796.56,0.0,0.0,0.0,0.0,0.0,0.0,0.0,0.0,0.0,0.0,0.0,
889,176.1029506394832,7.2595716,height,,,,,,,,,,,6032587.5,8035606.0,5516448.5,3952921.5,0.0,0.0,0.0,0.0,0.0,8438666.0,4514491.5,7698005.5,1482052.6,1337296.9,1551519.4,1327216.4,1090756.4,1059309.6,301834.94,369549.97,476069.16,483884.97,0.0,
890,275.20775877425285,7.2580805,height,,,,,,,,,,,428051.28,0.0,399372.22,0.0,0.0,0.0,0.0,0.0,0.0,407226.56,0.0,491748.44,0.0,0.0,0.0,0.0,0.0,0.0,0.0,0.0,0.0,0.0,0.0,
891,427.0999045868668,7.2554717,height,,,,,,,,,,,271694.16,341723.88,223044.36,0.0,0.0,0.0,0.0,0.0,0.0,334549.25,0.0,348234.72,0.0,0.0,0.0,0.0,0.0,0.0,0.0,0.0,0.0,0.0,0.0,
892,152.0917664473394,7.4118786,height,,,,,,,,,,,0.0,364704.22,277430.38,0.0,310755.25,264984.47,330663.12,250512.86,0.0,715207.3,326834.66,380673.7,0.0,0.0,0.0,0.0,0.0,0.0,0.0,0.0,0.0,0.0,0.0,
893,234.10259470239,7.622007,height,,,,,,,,,,,418353.34,0.0,0.0,0.0,0.0,0.0,0.0,0.0,0.0,480337.25,427428.56,0.0,273223.53,354069.53,313094.7,230664.97,0.0,0.0,251220.47,0.0,0.0,0.0,0.0,
894,246.18119751556043,7.6134925,height,,,,,,,,,,,0.0,0.0,0.0,0.0,0.0,0.0,0.0,0.0,0.0,307428.66,0.0,0.0,0.0,0.0,0.0,0.0,0.0,0.0,0.0,0.0,0.0,0.0,0.0,
895,199.1916936861589,7.612539,height,,,,,,,,,,,301379.38,221618.89,263865.03,229010.5,0.0,0.0,0.0,0.0,0.0,310013.25,285248.03,349850.34,0.0,0.0,0.0,0.0,0.0,0.0,0.0,0.0,0.0,0.0,0.0,
896,222.1026391157889,7.7079096,height,,,,,,,,,,,238440.27,406072.6,390649.88,431307.97,350235.44,226284.2,0.0,289771.6,549253.3,0.0,0.0,444586.3,0.0,0.0,0.0,0.0,502256.6,605317.9,230745.38,564581.1,540385.3,453698.9,0.0,
897,208.08703006210868,7.826462,height,,,,,,,,,,,976358.1,286668.44,470802.3,823432.3,0.0,753899.3,283552.53,849077.1,650049.75,435672.62,388170.9,609020.25,0.0,0.0,0.0,0.0,747380.4,692581.3,961909.9,735506.25,374480.53,362237.06,0.0,
898,229.079484975524,7.800473,height,,,,,,,,,,,0.0,0.0,0.0,0.0,349882.97,0.0,670253.06,0.0,0.0,0.0,0.0,0.0,0.0,0.0,0.0,0.0,0.0,0.0,0.0,0.0,0.0,0.0,0.0,
899,186.1601110088,7.902216,height,,,,,,,,,,,2913858.5,1407508.0,1628425.8,2024786.6,0.0,0.0,0.0,0.0,1561430.0,1075394.4,2243790.0,1870484.8,901822.4,899931.9,880243.7,849353.8,665165.94,587844.94,1662186.6,909318.06,1541391.2,2439687.2,0.0,
900,208.0870295891705,7.9263754,height,,,,,,,,,,,964328.56,291547.88,460801.12,769858.2,0.0,783659.0,283552.53,913889.4,629108.7,431387.22,400169.25,625013.94,0.0,0.0,0.0,0.0,779892.06,721355.1,910163.75,735506.25,374480.53,388565.88,0.0,
901,210.0851720343265,7.9332223,height,,,,,,,,,,,430242.75,0.0,0.0,351179.78,0.0,372823.03,0.0,397288.22,291989.03,0.0,0.0,280396.2,0.0,0.0,0.0,0.0,348173.3,322310.53,427045.03,320330.0,0.0,0.0,0.0,
902,186.1601095744308,8.011892,height,,,,,,,,,,,3035057.8,1410339.8,1811898.0,2119332.5,0.0,0.0,0.0,0.0,1760120.9,0.0,2203404.0,1883873.5,940708.56,987652.94,942681.1,898388.6,708539.06,638326.3,1833482.4,1038938.5,1581626.0,2500945.8,0.0,
903,220.0869904604729,7.9839625,height,,,,,,,,,,,332555.75,0.0,0.0,0.0,0.0,0.0,0.0,0.0,0.0,359333.94,291994.6,0.0,305118.78,352817.4,318686.0,0.0,0.0,0.0,0.0,0.0,0.0,0.0,0.0,
904,186.16011115368545,8.0612,height,,,,,,,,,,,3134664.8,1410339.8,1709937.8,2118388.5,0.0,0.0,0.0,0.0,1817888.0,995218.2,2205390.8,1861980.9,923238.6,972419.1,918624.56,873971.1,712345.94,683362.9,1967301.2,1074299.4,1606628.6,2648342.2,0.0,
905,254.1474900195246,8.102075,height,,,,,,,,,,,0.0,0.0,0.0,0.0,0.0,0.0,0.0,0.0,0.0,370129.9,0.0,0.0,0.0,0.0,0.0,0.0,0.0,0.0,0.0,0.0,0.0,0.0,0.0,
906,232.16543371831688,8.1200485,height,,,,,,,,,,,749791.1,1084241.5,1032284.1,734648.5,0.0,0.0,0.0,0.0,0.0,3413610.0,1090590.4,1225464.2,400294.75,409216.94,402885.7,398243.62,259983.05,245706.66,445844.53,282562.88,425793.28,677716.25,0.0,
907,143.15432834407824,8.119591,height,,,,,,,,,,,4283474.0,3792723.0,5676675.0,4223789.0,5492512.5,4702139.5,3055417.0,4994825.5,3786343.0,3655523.8,2130310.0,5719634.5,0.0,789078.7,1925504.0,2661720.5,4772373.5,5495000.5,5124347.5,6369174.5,5241410.0,4176232.2,0.0,
908,222.10263379025056,8.078182,height,,,,,,,,,,,0.0,303813.1,375575.5,383258.16,321994.8,245493.6,0.0,300100.2,452103.2,0.0,0.0,357489.56,0.0,0.0,0.0,0.0,395569.34,498700.22,0.0,487463.25,414411.75,371283.9,0.0,
909,208.0870275163676,8.285677,height,,,,,,,,,,,893512.2,310007.94,454505.5,679871.1,0.0,787059.94,299852.84,882333.75,610913.3,394959.8,379954.7,519570.5,0.0,0.0,0.0,0.0,711285.56,656430.06,938194.7,713989.6,385462.4,378982.06,0.0,
910,159.1494773682105,8.244596,height,,,,,,,,,,,1166057.8,886122.2,1215624.8,970917.5,1380207.6,1381125.1,838066.25,1197794.1,855189.5,975243.06,608984.3,1314137.9,0.0,0.0,475647.5,630638.6,1286627.5,1102626.2,1304885.5,1452522.0,1282200.4,938619.94,0.0,
911,222.10264149518417,8.317081,height,,,,,,,,,,,0.0,351597.5,317895.75,343956.34,0.0,0.0,0.0,261906.64,428982.16,0.0,0.0,344994.4,0.0,0.0,0.0,0.0,408348.6,476590.34,0.0,439586.75,411281.7,363189.72,0.0,
912,141.13864750410582,8.352569,height,,,,,,,,,,,1050396.5,1008092.3,1279632.5,1153732.1,942642.2,878549.5,567513.1,863923.3,952138.4,1038377.1,948602.9,1439886.2,267924.9,384788.2,570428.7,775555.7,1000841.44,993375.06,1200586.0,1205000.4,1170381.4,1032742.5,0.0,
913,208.0870276861698,8.3601465,height,,,,,,,,,,,917840.75,310007.94,454505.5,694844.94,0.0,756902.8,283894.5,844703.56,633397.56,405285.9,391487.3,560459.7,0.0,0.0,0.0,0.0,711285.56,691434.3,1027947.6,713989.6,374429.6,377221.5,0.0,
914,218.14996662710897,8.510741,height,,,,,,,,,,,438496.0,549082.44,466688.84,353591.34,0.0,0.0,0.0,0.0,0.0,492063.0,339707.25,364049.28,0.0,0.0,0.0,0.0,0.0,0.0,357344.84,0.0,343466.16,541719.5,0.0,
915,154.12266242020254,8.542765,height,,,,,,,,,,,0.0,0.0,0.0,0.0,0.0,0.0,0.0,0.0,0.0,446229.75,0.0,0.0,0.0,0.0,0.0,0.0,0.0,0.0,0.0,0.0,0.0,0.0,0.0,
916,250.09750583060315,8.542765,height,,,,,,,,,,,0.0,0.0,0.0,0.0,0.0,0.0,0.0,0.0,0.0,592450.8,0.0,0.0,0.0,0.0,0.0,0.0,0.0,0.0,0.0,0.0,0.0,0.0,0.0,
917,399.2383800272789,8.699319,height,,,,,,,,,,,0.0,0.0,0.0,0.0,444999.72,0.0,1471036.0,0.0,0.0,0.0,0.0,0.0,0.0,0.0,0.0,0.0,0.0,0.0,0.0,0.0,0.0,0.0,0.0,
918,421.2203164241437,8.699319,height,,,,,,,,,,,0.0,0.0,0.0,0.0,276291.66,0.0,515983.25,0.0,0.0,0.0,0.0,0.0,0.0,0.0,0.0,0.0,0.0,0.0,0.0,0.0,0.0,0.0,0.0,
919,158.0927440573145,8.708076,height,,,,,,,,,,,0.0,0.0,0.0,0.0,572729.75,281043.88,859210.6,329018.66,0.0,0.0,0.0,0.0,0.0,0.0,0.0,0.0,0.0,0.0,0.0,0.0,0.0,0.0,0.0,
920,176.12214182294994,8.715018,height,,,,,,,,,,,0.0,0.0,0.0,0.0,1240764.4,601599.9,1799570.5,741532.56,241400.55,0.0,0.0,0.0,430042.78,407987.62,361186.6,295467.66,0.0,0.0,310188.47,0.0,283719.56,448755.12,0.0,
921,371.2125778552825,8.712136,height,,,,,,,,,,,0.0,0.0,0.0,0.0,820309.1,0.0,1544014.0,314091.4,0.0,0.0,0.0,0.0,0.0,0.0,0.0,0.0,0.0,0.0,0.0,0.0,0.0,0.0,0.0,
922,219.0828779312975,8.717231,height,,,,,,,,,,,0.0,0.0,0.0,0.0,660477.4,467903.28,779700.1,613487.9,339020.47,0.0,0.0,0.0,268461.53,274059.22,282106.7,309662.5,0.0,0.0,341255.12,270418.56,355913.97,447700.8,0.0,
923,197.1009320565491,8.715796,height,,,,,,,,,,,0.0,0.0,0.0,0.0,866063.2,501545.1,1221713.4,664760.94,235483.73,0.0,0.0,0.0,280275.7,261216.7,236027.23,221957.62,0.0,0.0,274569.8,0.0,273212.53,384407.75,0.0,
924,175.11892555853913,8.717519,height,,,,,,,,,,,1065749.1,1516325.6,1581501.9,680485.8,18785914.0,9271939.0,27225258.0,11367506.0,3533523.8,1031166.0,1176526.1,345591.38,6396999.5,6381339.0,5107964.5,4221409.0,1914972.5,1683591.8,4739645.5,2487843.5,4333380.0,6737066.0,0.0,
925,145.13362727490653,8.750149,height,,,,,,,,,,,392624.06,312058.84,436928.47,399575.6,370069.22,400610.47,237055.97,439309.75,350532.66,319859.28,0.0,447534.03,0.0,0.0,0.0,0.0,404109.62,402906.25,416359.47,460227.3,429814.94,305687.47,0.0,
926,210.15772647599076,8.7837715,height,,,,,,,,,,,4701402.5,1528353.6,2321682.5,1661166.5,0.0,0.0,0.0,0.0,1595458.9,4501108.5,4071616.0,1925972.0,4070120.2,4289606.0,3615277.2,2343183.5,525765.06,301951.34,3555832.5,591572.0,1462867.2,2164411.2,0.0,
927,1074.3849471916026,8.784777,height,,,,,,,,,,,0.0,0.0,0.0,0.0,798866.9,367479.94,927966.4,595537.06,0.0,0.0,0.0,0.0,0.0,0.0,0.0,0.0,0.0,0.0,0.0,0.0,0.0,0.0,0.0,
928,141.13863981321245,8.801934,height,,,,,,,,,,,286381.84,247154.81,295891.44,265453.38,0.0,0.0,0.0,0.0,0.0,403013.22,223333.78,404428.1,0.0,0.0,0.0,0.0,0.0,215629.17,260938.89,258216.58,272533.06,256185.23,0.0,
929,158.0927328038531,8.863045,height,,,,,,,,,,,0.0,0.0,0.0,0.0,314609.5,0.0,571852.7,264262.7,0.0,0.0,0.0,0.0,0.0,0.0,0.0,0.0,0.0,0.0,0.0,0.0,0.0,0.0,0.0,
930,175.1189247573394,8.787639,height,,,,,,,,,,,692242.4,1010317.44,1038946.5,0.0,12300593.0,7259655.5,18436336.0,8777206.0,2918937.2,612450.8,644115.3,0.0,3315924.0,3254299.8,1879092.0,2139057.5,1464162.6,1305989.1,3262740.0,2066337.5,3016488.0,4112957.0,0.0,
931,371.2321939985825,8.864046,height,,,,,,,,,,,0.0,0.0,0.0,0.0,0.0,0.0,652646.06,0.0,0.0,0.0,0.0,0.0,0.0,0.0,0.0,0.0,0.0,0.0,0.0,0.0,0.0,0.0,0.0,
932,415.19612403277694,8.864046,height,,,,,,,,,,,0.0,0.0,0.0,0.0,0.0,0.0,483942.72,0.0,0.0,0.0,0.0,0.0,0.0,0.0,0.0,0.0,0.0,0.0,0.0,0.0,0.0,0.0,0.0,
933,399.238381553717,8.866507,height,,,,,,,,,,,0.0,0.0,0.0,0.0,855986.75,442064.7,1862284.2,514108.5,0.0,0.0,0.0,0.0,0.0,0.0,0.0,0.0,0.0,0.0,0.0,0.0,0.0,0.0,0.0,
934,275.20777563402703,8.872282,height,,,,,,,,,,,0.0,0.0,0.0,0.0,404804.97,799715.0,657242.9,524402.1,0.0,0.0,0.0,0.0,0.0,0.0,0.0,0.0,0.0,0.0,0.0,0.0,0.0,0.0,0.0,
935,191.0766586307064,8.878335,height,,,,,,,,,,,249285.64,241546.34,239156.22,0.0,647386.2,591182.06,907286.9,731661.2,0.0,363930.7,255896.22,413101.94,256535.7,295314.44,279816.12,287240.1,225669.83,0.0,0.0,0.0,0.0,0.0,0.0,
936,263.0826188948096,8.874243,height,,,,,,,,,,,0.0,0.0,0.0,0.0,959638.4,952919.25,1263007.1,881659.06,0.0,306060.28,0.0,0.0,255374.33,276478.12,0.0,0.0,0.0,0.0,0.0,0.0,0.0,0.0,0.0,
937,147.11274069951207,8.881124,height,,,,,,,,,,,474340.5,516469.3,448273.72,304111.66,3655581.0,2486309.2,6919532.5,3077772.5,306022.12,922411.94,539878.44,984041.3,593269.2,630546.94,650964.3,580922.25,385056.22,350390.44,257502.78,0.0,301139.3,442132.97,0.0,
938,202.1914099672316,8.888084,height,,,,,,,,,,,2548541.8,2244210.8,2132244.0,1783864.9,0.0,0.0,0.0,0.0,723561.5,4475949.0,2485026.0,3269914.0,930456.7,984424.0,1000442.7,881676.3,556505.4,487597.75,1358575.1,691808.75,1206161.0,1933253.2,0.0,
939,185.1649149534649,8.8933935,height,,,,,,,,,,,479543.78,433130.12,427026.28,376114.38,0.0,0.0,0.0,0.0,0.0,854863.2,490406.5,620928.44,0.0,0.0,0.0,0.0,0.0,0.0,271349.25,0.0,249864.38,354968.06,0.0,
940,210.15772605934117,8.846317,height,,,,,,,,,,,4930058.5,1524252.2,2311198.8,1639585.0,0.0,0.0,0.0,0.0,1601123.8,3807864.2,4186714.8,1952783.4,3916843.2,4252319.0,3267453.5,2317256.2,531924.94,301951.34,3497801.2,621898.56,1448823.5,1886821.4,0.0,
941,230.1862673146775,8.991472,height,,,,,,,,,,,572684.3,341458.6,357973.88,289644.9,0.0,0.0,0.0,0.0,317499.94,232957.5,253213.9,276832.8,0.0,0.0,228743.3,220621.14,0.0,0.0,653101.0,258440.12,474824.88,570202.25,0.0,
942,208.08703163269612,9.000058,height,,,,,,,,,,,353668.56,0.0,0.0,354088.56,0.0,0.0,0.0,0.0,253625.52,0.0,0.0,0.0,0.0,0.0,0.0,0.0,295815.78,300266.78,412162.62,388718.5,0.0,0.0,0.0,
943,161.17825569784682,9.014498,height,,,,,,,,,,,0.0,254255.2,0.0,0.0,267899.4,0.0,0.0,231292.25,0.0,0.0,0.0,0.0,0.0,0.0,0.0,0.0,0.0,277551.72,0.0,264902.7,267858.9,261039.52,0.0,
944,1189.385840827862,9.027847,height,,,,,,,,,,,0.0,0.0,0.0,0.0,312256.44,297370.4,356697.84,358442.72,0.0,0.0,0.0,0.0,0.0,0.0,0.0,0.0,0.0,0.0,0.0,0.0,0.0,0.0,0.0,
945,147.11274528047826,8.965403,height,,,,,,,,,,,0.0,0.0,0.0,0.0,2833877.5,1627734.0,3454372.2,2317621.2,0.0,594011.8,325058.62,684031.75,358408.25,341426.25,0.0,0.0,311735.66,0.0,0.0,0.0,0.0,0.0,0.0,
946,301.18696140560644,9.02564,height,,,,,,,,,,,0.0,0.0,0.0,0.0,310723.75,0.0,520583.84,0.0,0.0,0.0,0.0,0.0,0.0,0.0,0.0,0.0,0.0,0.0,0.0,0.0,0.0,0.0,0.0,
947,573.214835966534,9.028271,height,,,,,,,,,,,0.0,0.0,0.0,0.0,5542329.5,3229815.5,5240801.0,5387827.0,0.0,0.0,0.0,0.0,364826.28,323377.44,358606.53,383427.3,339029.12,295090.97,0.0,0.0,0.0,0.0,0.0,
948,1145.9235609520877,9.027874,height,,,,,,,,,,,0.0,0.0,0.0,0.0,896853.9,412863.44,1146817.9,802307.1,0.0,0.0,0.0,0.0,0.0,0.0,0.0,0.0,0.0,0.0,0.0,0.0,0.0,0.0,0.0,
949,1146.4250438029546,9.030185,height,,,,,,,,,,,0.0,0.0,0.0,0.0,3597802.0,2082695.0,4564345.5,3487915.2,0.0,0.0,0.0,0.0,268170.22,232040.9,237536.33,0.0,0.0,0.0,0.0,0.0,0.0,0.0,0.0,
950,1147.4276633061274,9.030844,height,,,,,,,,,,,0.0,0.0,0.0,0.0,1182207.6,686911.56,1439744.2,1138228.0,0.0,0.0,0.0,0.0,0.0,0.0,0.0,0.0,0.0,0.0,0.0,0.0,0.0,0.0,0.0,
951,1167.4037987615911,9.030844,height,,,,,,,,,,,0.0,0.0,0.0,0.0,1534796.2,1036873.6,2128966.5,1671642.8,0.0,0.0,0.0,0.0,0.0,0.0,0.0,0.0,0.0,0.0,0.0,0.0,0.0,0.0,0.0,
952,1156.9142374593978,9.030826,height,,,,,,,,,,,0.0,0.0,0.0,0.0,729496.4,377366.78,917342.0,655815.9,0.0,0.0,0.0,0.0,0.0,0.0,0.0,0.0,0.0,0.0,0.0,0.0,0.0,0.0,0.0,
953,1145.4220847995227,9.031975,height,,,,,,,,,,,0.0,0.0,0.0,0.0,6747557.5,4010502.8,8550288.0,6562184.0,0.0,0.0,0.0,0.0,460455.16,458278.44,438848.44,423057.47,395519.9,372521.06,0.0,0.0,0.0,0.0,0.0,
954,1156.4128629309232,9.030826,height,,,,,,,,,,,0.0,0.0,0.0,0.0,665030.44,395534.94,870644.2,651456.6,0.0,0.0,0.0,0.0,0.0,0.0,0.0,0.0,0.0,0.0,0.0,0.0,0.0,0.0,0.0,
955,218.18634340143103,9.065121,height,,,,,,,,,,,328742.25,414231.2,409418.25,292329.16,0.0,0.0,0.0,0.0,0.0,4094340.5,595446.75,877255.44,261711.03,285876.5,292691.16,243053.61,0.0,0.0,0.0,0.0,0.0,0.0,0.0,
956,275.20777384003725,9.076345,height,,,,,,,,,,,0.0,0.0,0.0,0.0,454570.1,831602.94,565740.25,724542.3,0.0,544601.7,0.0,1006934.8,0.0,287753.1,228741.11,0.0,0.0,0.0,0.0,0.0,0.0,0.0,0.0,
957,196.14206009955595,9.140022,height,,,,,,,,,,,3959666.0,1222262.2,1912524.1,1470164.6,0.0,0.0,0.0,0.0,1753179.4,1866627.1,2437314.8,1149370.8,3585438.5,3722145.0,2782672.8,1976604.2,517768.66,275989.38,3033338.8,612869.44,1298405.1,1623696.0,0.0,
958,174.16011046606866,9.12087,height,,,,,,,,,,,4581827.5,2532647.2,2541610.2,2502386.5,641658.06,641208.6,643409.7,739278.4,2642096.2,3016830.5,3501272.0,2998743.8,3286929.8,3476515.0,2437860.0,1557312.2,968504.56,845613.6,2933812.0,1403146.9,2464899.8,3701805.0,0.0,
959,263.0826197926344,9.090069,height,,,,,,,,,,,0.0,275356.12,0.0,0.0,350327.6,503355.44,720845.56,383328.62,0.0,1250607.9,535508.3,968549.44,521735.6,463655.62,369708.38,0.0,0.0,0.0,0.0,0.0,0.0,0.0,0.0,
960,133.09722899267234,9.1064,height,,,,,,,,,,,604974.06,941023.25,528976.1,526946.56,1567327.1,1313683.2,3368225.2,1261628.8,0.0,2181234.0,998676.56,2008454.5,604059.3,632934.6,526906.3,446843.8,239946.72,0.0,0.0,0.0,0.0,0.0,0.0,
961,399.1444662080633,9.107709,height,,,,,,,,,,,0.0,509693.34,233534.84,0.0,0.0,0.0,0.0,0.0,0.0,1996255.9,254079.5,1135912.8,0.0,0.0,0.0,0.0,0.0,0.0,0.0,0.0,0.0,0.0,0.0,
962,331.1317640525192,9.102343,height,,,,,,,,,,,0.0,0.0,0.0,0.0,0.0,0.0,310203.3,0.0,0.0,531939.06,0.0,562171.94,0.0,0.0,0.0,0.0,0.0,0.0,0.0,0.0,0.0,0.0,0.0,
963,177.0610133543416,9.115021,height,,,,,,,,,,,530532.25,592666.44,490609.47,502684.62,417478.5,476087.2,594756.3,495214.44,0.0,806386.9,600831.5,896388.4,307416.47,353901.44,363286.88,364021.7,286100.3,281548.34,0.0,0.0,0.0,208782.28,0.0,
964,188.17574156288535,9.187506,height,,,,,,,,,,,25346916.0,16199509.0,16709098.0,14964560.0,998507.1,784556.5,804283.0,909369.9,11130198.0,25455120.0,22858686.0,22157708.0,10633608.0,11039830.0,10839267.0,8912204.0,4687830.5,3555896.8,15504762.0,6292144.5,12253416.0,21785174.0,0.0,
965,157.13370536460025,9.109168,height,,,,,,,,,,,1087303.8,586480.2,668499.06,608806.5,282682.22,247177.67,227852.95,272898.47,660033.8,729122.8,840941.5,767187.9,756901.06,874279.0,584201.4,439400.1,320046.22,279994.78,730639.6,378886.88,573194.0,852189.56,0.0,
966,1074.3850494779972,9.121488,height,,,,,,,,,,,0.0,0.0,0.0,0.0,388757.6,0.0,390631.72,285381.9,0.0,0.0,0.0,0.0,0.0,0.0,0.0,0.0,0.0,0.0,0.0,0.0,0.0,0.0,0.0,
967,156.14963153510834,9.148984,height,,,,,,,,,,,846932.7,451973.5,474457.38,491187.3,0.0,0.0,0.0,0.0,511310.5,528045.5,639891.0,555503.9,591668.8,661016.0,443120.9,326303.84,0.0,0.0,541596.4,268667.84,430523.1,699425.56,0.0,
968,231.21790095195945,9.139454,height,,,,,,,,,,,0.0,323729.2,280374.66,290442.56,307994.56,223386.3,0.0,239906.16,304186.97,0.0,0.0,374793.7,0.0,0.0,0.0,0.0,268014.7,344223.16,0.0,272879.22,274805.3,400521.8,0.0,
969,131.129228010984,9.189827,height,,,,,,,,,,,0.0,0.0,0.0,0.0,462479.8,0.0,847127.3,0.0,0.0,1363065.1,0.0,267754.06,662489.4,711726.75,546498.75,431720.88,236051.4,229457.25,0.0,0.0,0.0,0.0,518587.78,
970,196.14205341487676,9.177011,height,,,,,,,,,,,3751831.5,1350843.4,1853050.8,1464481.4,0.0,0.0,0.0,0.0,1699965.5,1903252.4,2632512.8,1369994.5,3377702.8,3479371.2,2629418.8,1927608.0,507952.1,275989.38,3025290.8,607384.7,1235257.8,1622220.8,0.0,
971,189.17881694950836,9.268522,height,,,,,,,,,,,3024847.5,1691895.1,1989794.6,2000899.2,0.0,0.0,0.0,0.0,1337867.2,2568934.5,2542909.0,2344092.8,1190836.5,1219881.9,1148247.4,981983.6,606260.6,465345.3,1974287.5,781104.3,1380829.1,2128639.5,0.0,
972,161.17827795106408,9.282402,height,,,,,,,,,,,0.0,282627.44,263413.16,266394.28,314972.16,0.0,0.0,238679.9,237132.61,0.0,0.0,312148.25,0.0,0.0,0.0,0.0,266102.7,310987.16,0.0,278824.22,308036.9,309437.8,0.0,
973,210.15771060262117,9.207657,height,,,,,,,,,,,1508668.2,627030.2,908007.3,778935.3,0.0,0.0,0.0,0.0,593216.06,1099143.8,1253282.8,792616.7,1147159.2,1064193.4,866462.6,651830.94,260663.97,0.0,911321.7,293180.25,505568.03,673308.25,0.0,
974,188.17574657836457,9.24575,height,,,,,,,,,,,30629482.0,16845270.0,19678600.0,19158806.0,767527.7,623591.2,676367.94,709056.8,13063104.0,26917858.0,26746394.0,24534756.0,11307801.0,12012109.0,11085411.0,9889824.0,5992284.0,4339721.0,19907478.0,7502556.0,13776321.0,22405824.0,0.0,
975,131.12922890069203,9.202873,height,,,,,,,,,,,0.0,0.0,0.0,0.0,0.0,0.0,470571.62,0.0,0.0,1263294.0,0.0,267754.06,659987.44,726267.3,589549.3,444118.6,236051.4,229457.25,0.0,0.0,0.0,0.0,491620.62,
976,231.2179018906704,9.30804,height,,,,,,,,,,,0.0,306208.06,250359.98,271129.38,374231.6,275267.88,0.0,247797.56,281300.06,0.0,0.0,373761.44,0.0,0.0,0.0,0.0,276440.16,349651.78,0.0,261790.45,0.0,365477.97,0.0,
977,133.09723685677972,9.271794,height,,,,,,,,,,,0.0,0.0,0.0,0.0,378180.56,352650.5,531645.3,333332.84,0.0,251105.77,0.0,500740.34,0.0,0.0,0.0,0.0,0.0,0.0,0.0,0.0,0.0,0.0,0.0,
978,174.19632218533678,9.28863,height,,,,,,,,,,,408488.6,626647.2,530865.9,535527.2,1212780.4,927001.3,820053.75,975116.44,501248.22,393086.12,564599.2,597735.0,0.0,0.0,293940.34,443168.72,542713.7,575500.4,378493.25,482501.5,497621.5,723131.4,0.0,
979,275.2077806535751,9.315321,height,,,,,,,,,,,0.0,0.0,0.0,0.0,421125.6,703317.3,326197.62,454912.97,0.0,0.0,0.0,0.0,0.0,0.0,0.0,0.0,0.0,0.0,0.0,0.0,0.0,0.0,0.0,
980,1167.4039100489465,9.315885,height,,,,,,,,,,,0.0,0.0,0.0,0.0,982065.44,610806.56,996546.3,845393.3,0.0,0.0,0.0,0.0,0.0,0.0,0.0,0.0,0.0,0.0,0.0,0.0,0.0,0.0,0.0,
981,573.2148170078099,9.31707,height,,,,,,,,,,,0.0,0.0,0.0,0.0,2288543.8,1476767.4,2282799.0,1858399.1,0.0,0.0,0.0,0.0,0.0,0.0,0.0,0.0,0.0,0.0,0.0,0.0,0.0,0.0,0.0,
982,1145.422033411514,9.322293,height,,,,,,,,,,,0.0,0.0,0.0,0.0,4281853.0,2430030.0,3916275.8,3266502.5,0.0,0.0,0.0,0.0,249346.83,268598.0,281763.62,252213.94,231654.84,226391.7,0.0,0.0,0.0,0.0,0.0,
983,147.11272879251464,9.315313,height,,,,,,,,,,,0.0,0.0,0.0,0.0,390067.94,249422.33,429633.1,356053.2,0.0,0.0,0.0,0.0,0.0,0.0,0.0,0.0,0.0,0.0,0.0,0.0,0.0,0.0,0.0,
984,1146.4250358441943,9.317641,height,,,,,,,,,,,0.0,0.0,0.0,0.0,2214705.2,1325426.0,2076062.0,1845430.4,0.0,0.0,0.0,0.0,0.0,0.0,0.0,0.0,0.0,0.0,0.0,0.0,0.0,0.0,0.0,
985,1147.4276617721002,9.317641,height,,,,,,,,,,,0.0,0.0,0.0,0.0,749804.9,452919.25,695464.2,615879.75,0.0,0.0,0.0,0.0,0.0,0.0,0.0,0.0,0.0,0.0,0.0,0.0,0.0,0.0,0.0,
986,161.1782753845284,9.306588,height,,,,,,,,,,,0.0,287792.97,263413.16,268989.56,295841.47,0.0,0.0,250804.39,260611.69,0.0,0.0,333529.2,0.0,0.0,0.0,0.0,266102.7,310987.16,0.0,278824.22,285724.5,309437.8,0.0,
987,1032.3744060994993,9.399966,height,,,,,,,,,,,0.0,0.0,0.0,0.0,3306654.0,1471229.2,3419814.2,2163181.0,0.0,0.0,0.0,0.0,0.0,0.0,0.0,0.0,0.0,0.0,0.0,0.0,0.0,0.0,0.0,
988,182.12638834412647,9.400516,height,,,,,,,,,,,0.0,0.0,0.0,0.0,0.0,0.0,0.0,0.0,0.0,411596.06,0.0,0.0,0.0,0.0,0.0,0.0,0.0,0.0,0.0,0.0,0.0,0.0,0.0,
989,1054.3561411344067,9.401847,height,,,,,,,,,,,0.0,0.0,0.0,0.0,729379.56,328893.38,749030.44,493601.56,0.0,0.0,0.0,0.0,0.0,0.0,0.0,0.0,0.0,0.0,0.0,0.0,0.0,0.0,0.0,
990,1076.3380134004012,9.404784,height,,,,,,,,,,,0.0,0.0,0.0,0.0,291016.28,0.0,303669.28,229846.84,0.0,0.0,0.0,0.0,0.0,0.0,0.0,0.0,0.0,0.0,0.0,0.0,0.0,0.0,0.0,
991,174.160117654077,9.433755,height,,,,,,,,,,,23742828.0,12634517.0,14520156.0,12945805.0,1245522.9,988861.56,1069050.1,1133702.6,15915835.0,19723552.0,16422059.0,16577207.0,8749549.0,9940295.0,9199262.0,8131405.0,5504150.5,4407918.0,16339451.0,7974855.0,12754500.0,18727566.0,0.0,
992,202.15504727661065,9.447837,height,,,,,,,,,,,370039.66,250109.62,292747.16,268724.25,0.0,0.0,0.0,0.0,0.0,371419.88,367457.75,365735.44,0.0,210605.97,0.0,0.0,0.0,0.0,254469.64,0.0,223612.45,294710.5,0.0,
993,156.1496620794725,9.449993,height,,,,,,,,,,,3440512.2,1854128.0,2007629.9,1944859.0,0.0,0.0,0.0,0.0,2305066.5,2982756.0,2330048.8,2431220.8,1349341.1,1464767.1,1375588.4,1184794.8,770412.4,677066.44,2481368.0,1175648.2,1826167.1,2822432.5,0.0,
994,157.1336984786827,9.443168,height,,,,,,,,,,,6024012.0,3085426.2,3399745.8,3232071.8,242837.69,217831.34,243680.02,235766.33,3828527.5,5026512.0,3778385.0,4127897.0,2279547.2,2474478.2,2301276.8,1940337.4,1248813.1,1098075.0,4140617.5,1929016.1,3073558.2,4685873.5,0.0,
995,157.15266864465357,9.44721,height,,,,,,,,,,,297177.78,0.0,0.0,0.0,0.0,0.0,0.0,0.0,0.0,261625.27,0.0,226888.33,0.0,0.0,0.0,0.0,0.0,0.0,0.0,0.0,0.0,254730.84,0.0,
996,174.1601227639098,9.4478035,height,,,,,,,,,,,25066920.0,13151629.0,15066740.0,13489054.0,1073528.2,978911.4,1050200.9,955286.8,15915835.0,20289270.0,16422059.0,17109070.0,9272808.0,10035750.0,9392797.0,8147177.5,5453692.5,4540808.0,16339451.0,8257945.5,13356333.0,18727566.0,0.0,
997,654.2412947531151,9.520323,height,,,,,,,,,,,0.0,0.0,0.0,0.0,1444398.6,824070.7,1488878.5,1062445.2,0.0,0.0,0.0,0.0,0.0,0.0,0.0,0.0,0.0,0.0,0.0,0.0,0.0,0.0,0.0,
998,1307.475126116411,9.526215,height,,,,,,,,,,,0.0,0.0,0.0,0.0,1050920.5,580699.75,1000153.0,773135.5,0.0,0.0,0.0,0.0,0.0,0.0,0.0,0.0,0.0,0.0,0.0,0.0,0.0,0.0,0.0,
999,204.1706996859113,9.540683,height,,,,,,,,,,,0.0,0.0,0.0,0.0,0.0,0.0,0.0,0.0,0.0,545239.2,0.0,0.0,0.0,0.0,0.0,0.0,0.0,0.0,0.0,0.0,0.0,0.0,0.0,
1000,208.0870143290225,9.672919,height,,,,,,,,,,,485670.47,331643.16,348103.9,469140.34,0.0,328959.44,0.0,277151.2,429625.47,307643.25,272302.06,374917.28,0.0,0.0,0.0,0.0,484666.8,533288.6,628238.06,557804.06,446571.8,353634.56,0.0,
1001,133.13362633929984,9.647318,height,,,,,,,,,,,236500.84,268340.94,258034.53,0.0,0.0,0.0,0.0,0.0,0.0,851177.6,279202.5,325453.06,233050.69,0.0,0.0,0.0,0.0,0.0,0.0,0.0,0.0,0.0,0.0,
1002,161.17825489256276,9.681581,height,,,,,,,,,,,0.0,262132.55,0.0,242803.5,286475.66,0.0,269197.5,0.0,236290.95,0.0,0.0,259014.95,0.0,0.0,0.0,0.0,241767.38,297829.66,0.0,265616.44,252685.25,276459.22,0.0,
1003,1032.374412622364,9.696875,height,,,,,,,,,,,0.0,0.0,0.0,0.0,1986469.6,844359.56,2004826.9,1327488.8,0.0,0.0,0.0,0.0,0.0,0.0,0.0,0.0,0.0,0.0,0.0,0.0,0.0,0.0,0.0,
1004,1054.3560885989075,9.698062,height,,,,,,,,,,,0.0,0.0,0.0,0.0,419366.22,0.0,437657.66,321656.0,0.0,0.0,0.0,0.0,0.0,0.0,0.0,0.0,0.0,0.0,0.0,0.0,0.0,0.0,0.0,
1005,145.13364106872783,9.73417,height,,,,,,,,,,,305913.6,281671.0,327846.56,266156.9,0.0,0.0,0.0,0.0,242180.5,368111.47,270949.34,361711.97,0.0,260158.25,0.0,0.0,0.0,0.0,311855.53,0.0,283428.84,283756.47,0.0,
1006,1307.4751968316891,9.790549,height,,,,,,,,,,,0.0,0.0,0.0,0.0,524064.53,337616.84,587553.3,447886.38,0.0,0.0,0.0,0.0,0.0,0.0,0.0,0.0,0.0,0.0,0.0,0.0,0.0,0.0,0.0,
1007,654.2412972257052,9.785177,height,,,,,,,,,,,0.0,0.0,0.0,0.0,402242.03,345797.0,354190.9,332863.66,0.0,0.0,0.0,0.0,0.0,0.0,0.0,0.0,0.0,0.0,0.0,0.0,0.0,0.0,0.0,
1008,231.21789516438488,9.854287,height,,,,,,,,,,,227032.33,0.0,303651.1,0.0,744755.0,575066.5,284482.84,448058.72,212958.53,214381.11,0.0,388913.62,0.0,0.0,0.0,0.0,351864.47,348112.3,342816.53,484781.16,291837.56,252129.45,0.0,
1009,161.17823682541757,9.853819,height,,,,,,,,,,,0.0,331876.06,291097.28,275675.97,383157.84,250579.45,269197.5,329397.72,286347.16,0.0,0.0,307628.0,0.0,0.0,0.0,0.0,382559.62,452579.06,0.0,294681.56,310109.47,353044.6,0.0,
1010,751.5542453723054,9.846424,height,,,,,,,,,,,0.0,0.0,0.0,0.0,356920.22,365263.47,382108.3,313325.4,0.0,220334.06,0.0,0.0,352805.56,355211.0,348103.47,290309.66,0.0,0.0,0.0,0.0,0.0,0.0,0.0,
1011,1216.4613375728777,9.846783,height,,,,,,,,,,,0.0,0.0,0.0,0.0,412304.25,330191.4,368551.16,389255.3,0.0,0.0,0.0,0.0,0.0,0.0,0.0,0.0,0.0,0.0,0.0,0.0,0.0,0.0,0.0,
1012,608.7333911326066,9.866015,height,,,,,,,,,,,0.0,0.0,0.0,0.0,1203942.6,1201704.5,1350996.9,1339568.2,0.0,0.0,0.0,0.0,0.0,0.0,0.0,0.0,0.0,0.0,0.0,0.0,0.0,0.0,0.0,
1013,174.19626163842528,9.884512,height,,,,,,,,,,,509956.16,758604.94,660021.44,599382.8,1379599.9,1092558.0,866598.5,1001345.5,651515.1,421075.25,594012.3,717286.44,0.0,0.0,395021.2,564099.94,827341.25,998179.5,575313.2,778877.56,673507.2,872207.25,0.0,
1014,208.08701348730568,9.912196,height,,,,,,,,,,,661029.6,496467.84,510277.4,628964.9,0.0,347874.56,0.0,331034.28,555956.9,376657.38,377566.0,514795.84,0.0,0.0,0.0,0.0,657120.1,799899.6,697888.3,682673.44,608829.4,481827.78,0.0,
1015,231.21789765208607,9.891678,height,,,,,,,,,,,237591.28,0.0,307390.28,0.0,756225.1,575066.5,277958.2,441005.7,232491.19,0.0,0.0,388913.62,0.0,0.0,0.0,0.0,317799.22,361541.56,342816.53,510592.28,317242.44,252129.45,0.0,
1016,161.1782373329911,9.872016,height,,,,,,,,,,,0.0,338766.4,291097.28,275675.97,378565.03,250579.45,0.0,315792.53,286347.16,0.0,0.0,359685.7,0.0,0.0,0.0,0.0,388082.78,445236.56,0.0,290282.66,296782.84,326348.66,0.0,
1017,1194.4271851315257,9.91659,height,,,,,,,,,,,0.0,0.0,0.0,0.0,621208.7,315316.06,663290.9,393694.7,0.0,0.0,0.0,0.0,0.0,0.0,0.0,0.0,0.0,0.0,0.0,0.0,0.0,0.0,0.0,
1018,129.1387406824427,9.907688,height,,,,,,,,,,,1038841.8,1134372.0,933404.2,1309017.1,865199.25,1003465.6,612492.7,1402932.1,1064406.4,648239.4,645598.06,1458170.9,0.0,0.0,0.0,399427.03,1594946.4,2158968.8,930180.44,1409868.4,1299570.2,1175124.9,0.0,
1019,208.08701630112355,10.007467,height,,,,,,,,,,,665891.1,500322.8,523255.38,628964.9,289541.34,408871.34,0.0,450946.62,555956.9,416197.5,388304.97,572631.0,0.0,0.0,0.0,0.0,669244.25,799899.6,718329.4,686071.2,581455.0,483417.53,0.0,
1020,143.15436132196754,9.997561,height,,,,,,,,,,,551425.44,917486.8,852415.5,861194.44,1125344.0,739303.2,754224.6,940592.2,883695.94,382197.44,619667.5,903735.6,0.0,0.0,378895.8,603556.3,1090794.0,1304314.9,497662.88,1054123.0,952261.0,1087331.9,0.0,
1021,608.7333940070336,10.105648,height,,,,,,,,,,,0.0,0.0,0.0,0.0,979922.6,857725.2,1087192.6,1023721.1,0.0,0.0,0.0,0.0,0.0,0.0,0.0,0.0,0.0,0.0,0.0,0.0,0.0,0.0,0.0,
1022,1194.4271840744132,10.194245,height,,,,,,,,,,,0.0,0.0,0.0,0.0,384046.44,0.0,382342.84,234804.84,0.0,0.0,0.0,0.0,0.0,0.0,0.0,0.0,0.0,0.0,0.0,0.0,0.0,0.0,0.0,
1023,231.21790164937,10.198408,height,,,,,,,,,,,240654.83,0.0,321322.56,0.0,974959.75,636636.94,0.0,509148.62,0.0,264878.78,0.0,501417.16,0.0,0.0,0.0,0.0,322873.06,336836.34,446352.2,679659.75,345083.84,217600.36,0.0,
1024,208.08701446475015,10.188075,height,,,,,,,,,,,663976.0,541412.44,530405.7,643207.94,250213.92,390896.62,0.0,421439.1,603880.25,426253.8,386377.9,728688.75,0.0,0.0,0.0,252341.38,642065.5,913483.4,692813.56,855170.4,637086.25,481507.84,0.0,
1025,146.16517963254037,10.18713,height,,,,,,,,,,,7580528.5,10076762.0,8268565.5,11157457.0,7870234.0,7801150.5,5612023.0,10807723.0,9476553.0,5087183.5,5482895.5,12049058.0,0.0,0.0,688587.25,3568461.2,11885483.0,15249577.0,7458178.5,13337888.0,11517144.0,10244165.0,0.0,
1026,174.1963854726605,10.226232,height,,,,,,,,,,,504578.1,487780.72,615647.56,462429.1,2743055.5,1127522.2,862614.94,815006.6,468058.5,510499.8,438659.9,706625.94,0.0,0.0,376259.06,473451.44,635391.9,734639.56,843287.8,1167717.6,626623.9,615181.9,0.0,
1027,222.1026281987357,10.259518,height,,,,,,,,,,,375640.78,376611.28,440438.1,428255.1,0.0,0.0,0.0,0.0,452059.16,0.0,252974.94,378725.5,0.0,0.0,0.0,0.0,427644.25,477523.72,354548.53,466561.0,401951.12,357525.22,0.0,
1028,427.06325449446393,10.272678,height,,,,,,,,,,,0.0,0.0,0.0,0.0,304287.4,384112.38,350254.28,428892.72,0.0,0.0,0.0,0.0,0.0,0.0,0.0,0.0,0.0,0.0,0.0,0.0,0.0,0.0,0.0,
1029,552.2096036332505,10.303395,height,,,,,,,,,,,0.0,0.0,0.0,0.0,4409805.5,2548474.8,4592889.5,3093197.2,0.0,0.0,0.0,0.0,278290.62,254923.6,268847.25,251674.92,0.0,0.0,0.0,0.0,0.0,0.0,0.0,
1030,370.0397898725942,10.358854,height,,,,,,,,,,,0.0,0.0,0.0,0.0,1786167.6,1631382.5,1935510.5,1844939.4,0.0,0.0,0.0,0.0,660969.94,652485.2,512294.88,400853.9,0.0,0.0,0.0,0.0,0.0,0.0,0.0,
1031,516.9685186446842,10.346668,height,,,,,,,,,,,0.0,0.0,0.0,0.0,1024839.75,807105.06,944477.2,971581.9,0.0,0.0,0.0,0.0,435974.03,527566.5,460445.5,327026.9,0.0,0.0,0.0,0.0,0.0,0.0,0.0,
1032,373.031665159766,10.353818,height,,,,,,,,,,,0.0,0.0,0.0,0.0,938089.75,819229.6,1053491.1,817808.3,0.0,0.0,0.0,0.0,312079.6,339862.56,293038.34,0.0,0.0,0.0,0.0,0.0,0.0,0.0,0.0,
1033,575.0580502970062,10.354793,height,,,,,,,,,,,0.0,0.0,0.0,0.0,3099246.8,2432132.0,3118905.0,2751846.0,0.0,0.0,0.0,0.0,307499.38,354041.94,311053.3,0.0,0.0,0.0,0.0,0.0,0.0,0.0,0.0,
1034,264.1014040976576,10.327224,height,,,,,,,,,,,0.0,330715.56,278123.25,290494.94,0.0,0.0,0.0,0.0,314868.34,0.0,0.0,327952.75,0.0,0.0,0.0,0.0,326637.34,402535.66,0.0,339853.9,316044.66,312281.8,0.0,
1035,262.10605357294554,10.32585,height,,,,,,,,,,,439114.22,790431.06,688274.06,727892.94,464761.34,390140.06,305739.16,487492.62,821261.8,0.0,412322.53,883013.2,0.0,0.0,247620.42,384418.22,835188.2,1006281.94,389015.22,863570.25,787272.9,778784.7,0.0,
1036,372.034912760176,10.336956,height,,,,,,,,,,,0.0,0.0,0.0,0.0,660266.25,571058.7,694297.0,558068.4,0.0,0.0,0.0,0.0,0.0,233366.72,0.0,0.0,0.0,0.0,0.0,0.0,0.0,0.0,0.0,
1037,266.12042282394526,10.364637,height,,,,,,,,,,,0.0,0.0,0.0,0.0,3562903.2,3063745.5,4335437.0,3045138.2,0.0,0.0,0.0,0.0,940497.9,860115.6,617725.3,444327.34,0.0,0.0,0.0,0.0,0.0,0.0,0.0,
1038,161.0217496870838,10.336146,height,,,,,,,,,,,0.0,0.0,0.0,0.0,741783.4,599045.3,831988.2,605072.7,0.0,0.0,0.0,0.0,0.0,0.0,0.0,0.0,0.0,0.0,0.0,0.0,0.0,0.0,0.0,
1039,573.0623642431632,10.354793,height,,,,,,,,,,,0.0,0.0,0.0,0.0,2836450.8,2149094.0,2789430.8,2531986.2,0.0,0.0,0.0,0.0,281974.7,305018.38,277682.72,0.0,0.0,0.0,0.0,0.0,0.0,0.0,0.0,
1040,248.09034682309937,10.343812,height,,,,,,,,,,,359302.4,573836.56,430992.22,566380.56,832052.8,738930.4,604228.1,1150116.8,525798.06,0.0,253253.8,711762.0,0.0,0.0,0.0,319637.7,1053772.2,1459362.4,333817.22,752014.94,581470.4,483303.44,0.0,
1041,287.09884497687824,10.3469925,height,,,,,,,,,,,0.0,0.0,0.0,0.0,572944.7,488300.1,585063.1,509324.44,0.0,0.0,0.0,0.0,0.0,0.0,0.0,0.0,0.0,0.0,0.0,0.0,0.0,0.0,0.0,
1042,143.15435644942156,10.33952,height,,,,,,,,,,,501772.88,758926.2,685044.0,858118.8,1596138.4,948935.44,1010756.06,1379501.9,851137.4,0.0,508740.84,765088.94,0.0,0.0,366886.7,591152.6,935177.6,1131045.9,386642.34,886407.06,837574.06,864898.8,0.0,
1043,161.18386969132584,10.340953,height,,,,,,,,,,,1244900.8,1866088.0,1621914.2,2092612.8,3858699.2,2340776.5,2425776.2,3073389.2,2015419.1,519639.1,1236319.2,1890749.0,0.0,0.0,861304.5,1409704.1,2245929.2,2858444.5,885411.5,2126321.8,1994082.8,2173927.2,0.0,
1044,313.1176647683684,10.370083,height,,,,,,,,,,,0.0,0.0,0.0,0.0,1903282.9,1478607.1,1974456.4,1419219.1,0.0,0.0,0.0,0.0,452132.84,434845.94,324973.44,236521.25,0.0,0.0,0.0,0.0,0.0,0.0,0.0,
1045,146.16517623253117,10.36542,height,,,,,,,,,,,5271504.5,9000466.0,6643405.0,9963048.0,12793071.0,9590442.0,8556943.0,16729389.0,8019300.0,2477921.0,3875832.0,10707603.0,0.0,0.0,824644.75,3431608.0,11134314.0,15088351.0,4711905.0,11732014.0,9860859.0,8883398.0,0.0,
1046,229.00944734123004,10.36912,height,,,,,,,,,,,0.0,0.0,0.0,0.0,593017.44,627352.2,585130.5,592296.4,0.0,0.0,0.0,0.0,0.0,278507.2,252546.31,266035.12,0.0,0.0,0.0,0.0,0.0,0.0,0.0,
1047,207.0275153491721,10.364989,height,,,,,,,,,,,0.0,0.0,0.0,0.0,1535726.5,1130729.0,1568450.9,1210433.4,0.0,0.0,0.0,0.0,395424.8,394564.1,351136.34,285991.47,0.0,0.0,0.0,0.0,0.0,0.0,0.0,
1048,369.0375532356391,10.373503,height,,,,,,,,,,,0.0,0.0,0.0,0.0,13777900.0,17054792.0,14690713.0,12534606.0,0.0,0.0,0.0,0.0,4790281.0,5008387.0,4116046.2,3227578.0,1216562.0,792709.7,0.0,0.0,0.0,0.0,0.0,
1049,269.10953953773395,10.3672085,height,,,,,,,,,,,0.0,0.0,0.0,0.0,2172861.2,1955495.8,2680487.2,1832426.0,0.0,0.0,0.0,0.0,536107.75,561493.6,398162.16,291630.6,0.0,0.0,0.0,0.0,0.0,0.0,0.0,
1050,160.18083522317943,10.348731,height,,,,,,,,,,,12925356.0,21449542.0,18110724.0,20459602.0,44430080.0,26696246.0,30310938.0,35774564.0,21880206.0,5778643.0,13943399.0,21722280.0,0.0,0.0,10194200.0,16441013.0,27060602.0,32072102.0,9903999.0,23417908.0,21002988.0,24208834.0,0.0,
1051,129.13874828603568,10.386029,height,,,,,,,,,,,582781.06,956227.44,725727.3,1058100.2,1384976.5,1034514.3,898865.75,1654042.4,900855.5,274481.53,429505.94,1221993.0,0.0,0.0,0.0,376125.2,1254765.9,1624539.6,531303.25,1291290.2,1097282.8,977632.0,0.0,
1052,268.1152715623667,10.36692,height,,,,,,,,,,,0.0,0.0,0.0,0.0,1468826.9,1324976.9,1810182.0,1141308.1,0.0,0.0,0.0,0.0,366499.88,373698.06,243000.28,0.0,0.0,0.0,0.0,0.0,0.0,0.0,0.0,
1053,371.0335239515448,10.360648,height,,,,,,,,,,,0.0,0.0,0.0,0.0,4535135.5,3879266.5,4782807.5,4109741.2,0.0,0.0,0.0,0.0,1434058.6,1609818.2,1316000.9,930490.5,375773.62,0.0,0.0,0.0,0.0,0.0,0.0,
1054,367.0423080942549,10.364782,height,,,,,,,,,,,0.0,0.0,0.0,0.0,17863472.0,15638428.0,19651732.0,16252841.0,0.0,0.0,0.0,0.0,5838968.0,6569847.5,5370857.5,3831943.5,1594326.2,1083260.0,0.0,0.0,0.0,0.0,0.0,
1055,311.1223097618451,10.370391,height,,,,,,,,,,,0.0,0.0,0.0,0.0,4822789.0,3902437.0,5149428.5,3643730.8,0.0,0.0,0.0,0.0,1121067.5,1099695.8,768089.5,630447.94,0.0,0.0,0.0,0.0,0.0,0.0,0.0,
1056,174.196424357058,10.397798,height,,,,,,,,,,,389310.38,424806.22,621017.5,454995.03,3177296.2,2012706.8,1020479.3,1727190.8,447243.6,343934.03,281240.0,875138.06,0.0,0.0,365437.34,489274.53,808737.94,855781.4,780863.44,1443029.2,645893.0,549182.4,0.0,
1057,127.08431924790952,10.37079,height,,,,,,,,,,,0.0,0.0,0.0,0.0,479635.2,440260.16,637565.0,492238.7,0.0,0.0,0.0,0.0,0.0,0.0,0.0,0.0,0.0,0.0,0.0,0.0,0.0,0.0,0.0,
1058,265.1170277570882,10.372612,height,,,,,,,,,,,0.0,0.0,0.0,0.0,42218910.0,36110180.0,50155340.0,33547936.0,0.0,0.0,0.0,0.0,10489589.0,10376154.0,7537700.0,5430986.0,1455232.0,814794.6,0.0,0.0,0.0,0.0,0.0,
1059,316.0776550772284,10.386726,height,,,,,,,,,,,0.0,0.0,0.0,0.0,0.0,0.0,0.0,0.0,0.0,0.0,0.0,0.0,0.0,0.0,0.0,0.0,331892.06,421620.03,0.0,0.0,0.0,0.0,0.0,
1060,541.1792941655937,10.401901,height,,,,,,,,,,,0.0,0.0,0.0,0.0,0.0,0.0,0.0,0.0,0.0,0.0,0.0,0.0,0.0,0.0,0.0,0.0,0.0,383479.2,0.0,0.0,0.0,0.0,0.0,
1061,609.1667400436214,10.401901,height,,,,,,,,,,,0.0,0.0,0.0,0.0,0.0,0.0,0.0,0.0,0.0,0.0,0.0,0.0,0.0,0.0,0.0,0.0,0.0,506151.94,0.0,0.0,0.0,0.0,0.0,
1062,230.00723251822149,10.4210615,height,,,,,,,,,,,0.0,0.0,0.0,0.0,690430.56,635675.9,762180.06,656298.2,0.0,0.0,0.0,0.0,0.0,0.0,0.0,0.0,0.0,0.0,0.0,0.0,0.0,0.0,0.0,
1063,574.0608127699302,10.4210615,height,,,,,,,,,,,0.0,0.0,0.0,0.0,1819695.1,2142236.5,2244524.5,2405273.5,0.0,0.0,0.0,0.0,0.0,0.0,0.0,0.0,0.0,0.0,0.0,0.0,0.0,0.0,0.0,
1064,369.037705970214,10.408551,height,,,,,,,,,,,0.0,0.0,0.0,0.0,18162376.0,16075015.0,22131822.0,16613116.0,0.0,0.0,0.0,0.0,4387940.0,4995682.0,4158576.0,2901759.2,1311971.6,801032.75,0.0,0.0,0.0,0.0,0.0,
1065,515.9710697593277,10.4285555,height,,,,,,,,,,,0.0,0.0,0.0,0.0,760339.56,1005502.75,940376.8,962565.1,0.0,0.0,0.0,0.0,549524.56,583954.06,447615.6,461558.9,0.0,0.0,0.0,0.0,0.0,0.0,0.0,
1066,368.04030742621575,10.427004,height,,,,,,,,,,,0.0,0.0,0.0,0.0,8656719.0,9704789.0,11489568.0,9727002.0,0.0,0.0,0.0,0.0,1953779.5,2348649.2,1658738.9,1385851.5,555077.0,414456.8,0.0,0.0,0.0,0.0,0.0,
1067,370.037031840766,10.426466,height,,,,,,,,,,,0.0,0.0,0.0,0.0,3809954.2,4331070.0,5040736.5,4225716.5,0.0,0.0,0.0,0.0,796821.06,945610.56,681600.4,0.0,0.0,0.0,0.0,0.0,0.0,0.0,0.0,
1068,266.11457184172133,10.428875,height,,,,,,,,,,,0.0,0.0,0.0,0.0,10281484.0,9375149.0,13922818.0,9737444.0,0.0,0.0,0.0,0.0,834681.5,899372.75,704427.4,576428.25,298107.2,0.0,0.0,0.0,0.0,0.0,0.0,
1069,575.0583639232398,10.414859,height,,,,,,,,,,,0.0,0.0,0.0,0.0,7941075.0,6728336.5,8193043.0,8459434.0,0.0,0.0,0.0,0.0,307499.38,354041.94,311053.3,0.0,0.0,0.0,0.0,0.0,0.0,0.0,0.0,
1070,208.0253588510685,10.44371,height,,,,,,,,,,,0.0,0.0,0.0,0.0,1243524.4,1019602.5,1248662.2,1101073.8,0.0,0.0,0.0,0.0,0.0,239001.69,233968.8,220689.25,230812.05,0.0,0.0,0.0,0.0,0.0,0.0,
1071,437.0252996634952,10.435478,height,,,,,,,,,,,0.0,0.0,0.0,0.0,522331.6,464065.3,549700.94,524585.5,0.0,0.0,0.0,0.0,0.0,0.0,0.0,0.0,0.0,0.0,0.0,0.0,0.0,0.0,0.0,
1072,576.0568097726677,10.435478,height,,,,,,,,,,,0.0,0.0,0.0,0.0,11792046.0,8478804.0,12776138.0,10701671.0,0.0,0.0,0.0,0.0,0.0,0.0,0.0,0.0,0.0,0.0,0.0,0.0,0.0,0.0,0.0,
1073,723.9872422255221,10.440996,height,,,,,,,,,,,0.0,0.0,0.0,0.0,1010603.25,880164.5,1012565.8,1043016.94,0.0,0.0,0.0,0.0,0.0,0.0,0.0,0.0,0.0,0.0,0.0,0.0,0.0,0.0,0.0,
1074,516.9690110003351,10.442651,height,,,,,,,,,,,0.0,0.0,0.0,0.0,8918074.0,9731639.0,9214158.0,9430378.0,0.0,0.0,0.0,0.0,1644487.8,1869150.8,1604263.2,1509655.5,1155022.2,967782.2,0.0,0.0,0.0,0.0,0.0,
1075,262.1060856528377,10.374532,height,,,,,,,,,,,443353.44,817434.1,663283.44,788752.1,302533.84,255871.42,0.0,0.0,810735.75,0.0,428094.38,883858.94,0.0,0.0,230050.03,352649.1,809658.6,1057154.9,356824.53,872838.9,766622.9,778074.5,0.0,
1076,724.9855466663446,10.446562,height,,,,,,,,,,,0.0,0.0,0.0,0.0,1137857.4,1001976.0,1235170.6,1138946.6,0.0,0.0,0.0,0.0,0.0,0.0,0.0,0.0,0.0,0.0,0.0,0.0,0.0,0.0,0.0,
1077,517.9670588343619,10.451136,height,,,,,,,,,,,0.0,0.0,0.0,0.0,17261826.0,17194410.0,18186668.0,16301831.0,0.0,0.0,0.0,0.0,1586264.9,1837144.0,1554920.8,1372565.4,1086281.5,822845.4,0.0,0.0,0.0,0.0,0.0,
1078,514.9693618012415,10.44916,height,,,,,,,,,,,0.0,0.0,0.0,0.0,754160.75,725927.94,483566.28,561730.06,0.0,0.0,0.0,0.0,0.0,0.0,0.0,0.0,0.0,0.0,0.0,0.0,0.0,0.0,0.0,
1079,310.94804779184943,10.45899,height,,,,,,,,,,,0.0,0.0,0.0,0.0,613994.25,698722.0,630629.0,628548.4,0.0,0.0,0.0,0.0,461529.16,478659.0,476227.6,469573.28,391626.28,335229.84,0.0,0.0,0.0,0.0,0.0,
1080,140.98577194231075,10.463344,height,,,,,,,,,,,390674.66,451718.7,440902.47,499626.03,479065.97,483753.06,444754.8,409007.44,465634.38,478759.97,432419.16,458805.88,386804.53,390508.1,473869.25,466294.28,422191.3,392376.5,358396.7,713128.1,589113.56,571588.5,465517.7,
1081,263.1038178392334,10.465502,height,,,,,,,,,,,811693.44,1483949.8,1217152.6,1300084.5,549072.1,369526.22,349426.2,468532.1,1496185.0,584508.56,691627.56,1569858.4,0.0,0.0,466806.5,692713.94,1295071.9,1542599.1,695402.5,1518830.2,1412265.5,1443040.2,0.0,
1082,334.91171272582346,10.466392,height,,,,,,,,,,,546496.25,542860.5,519981.75,529262.94,0.0,261041.94,254621.78,241093.75,548728.9,684450.6,504197.75,558668.94,382337.97,373571.62,394283.66,417666.16,454361.22,365067.34,488422.78,524384.44,544249.6,518414.12,505981.12,
1083,249.08814748497068,10.46739,height,,,,,,,,,,,855580.44,1538146.0,1126961.8,1465345.6,934957.25,825084.06,627971.8,1206436.8,1425731.0,626861.8,524725.9,1870539.0,0.0,0.0,0.0,563132.06,1958180.4,2315130.8,834998.5,1807337.6,1539961.8,1234925.9,0.0,
1084,311.89572896229964,10.470632,height,,,,,,,,,,,457373.53,457079.12,415963.56,389492.88,0.0,0.0,0.0,0.0,417521.56,646330.56,437126.97,431281.44,339729.53,351338.4,332083.28,367814.0,346752.3,282591.03,438001.88,398377.47,385279.72,369457.16,454459.78,
1085,366.03987494046817,10.483685,height,,,,,,,,,,,0.0,0.0,0.0,0.0,624389.75,330258.7,318252.06,354471.25,0.0,0.0,0.0,0.0,0.0,0.0,0.0,0.0,0.0,0.0,0.0,0.0,0.0,0.0,0.0,
1086,511.9708458494498,10.5922,height,,,,,,,,,,,0.0,0.0,0.0,0.0,902314.56,0.0,246150.14,0.0,0.0,0.0,0.0,0.0,0.0,0.0,0.0,0.0,0.0,0.0,0.0,0.0,0.0,0.0,0.0,
1087,128.9509076152827,10.586858,height,,,,,,,,,,,0.0,341993.5,0.0,0.0,0.0,0.0,0.0,0.0,0.0,530984.6,0.0,0.0,0.0,0.0,0.0,0.0,0.0,0.0,0.0,0.0,0.0,0.0,0.0,
1088,285.8935288119253,10.565078,height,,,,,,,,,,,0.0,0.0,0.0,0.0,0.0,0.0,0.0,0.0,0.0,482928.66,0.0,0.0,0.0,0.0,0.0,0.0,0.0,0.0,0.0,0.0,0.0,0.0,0.0,
1089,318.7919370843314,10.565078,height,,,,,,,,,,,0.0,0.0,0.0,0.0,0.0,0.0,0.0,0.0,0.0,373798.56,0.0,0.0,0.0,0.0,0.0,0.0,0.0,0.0,0.0,0.0,0.0,0.0,0.0,
1090,552.2096173919773,10.571817,height,,,,,,,,,,,0.0,0.0,0.0,0.0,1998480.8,1307270.2,1908255.1,1721037.5,0.0,0.0,0.0,0.0,0.0,0.0,0.0,0.0,0.0,0.0,0.0,0.0,0.0,0.0,0.0,
1091,142.9619097558809,10.574326,height,,,,,,,,,,,0.0,350344.7,0.0,0.0,0.0,0.0,0.0,0.0,0.0,507000.88,0.0,0.0,0.0,0.0,0.0,0.0,0.0,0.0,0.0,0.0,0.0,0.0,0.0,
1092,305.89930847283654,10.574326,height,,,,,,,,,,,0.0,507259.6,0.0,0.0,0.0,0.0,0.0,0.0,0.0,1316892.8,0.0,0.0,0.0,0.0,0.0,0.0,0.0,0.0,0.0,0.0,0.0,0.0,0.0,
1093,508.9722234986982,10.605906,height,,,,,,,,,,,0.0,0.0,0.0,0.0,1226132.5,0.0,353105.53,0.0,0.0,0.0,0.0,0.0,0.0,0.0,0.0,0.0,0.0,0.0,0.0,0.0,0.0,0.0,0.0,
1094,246.86221032251512,10.580095,height,,,,,,,,,,,0.0,666179.6,0.0,0.0,0.0,0.0,0.0,0.0,0.0,1523181.6,0.0,0.0,0.0,0.0,0.0,0.0,0.0,0.0,0.0,0.0,0.0,0.0,0.0,
1095,264.87282840898257,10.580095,height,,,,,,,,,,,0.0,550523.25,0.0,0.0,0.0,0.0,0.0,0.0,0.0,1378206.6,0.0,0.0,0.0,0.0,0.0,0.0,0.0,0.0,0.0,0.0,0.0,0.0,0.0,
1096,263.1164920931165,10.560479,height,,,,,,,,,,,0.0,0.0,0.0,0.0,469864.53,0.0,384412.16,0.0,0.0,0.0,0.0,0.0,0.0,0.0,0.0,0.0,0.0,0.0,0.0,0.0,0.0,0.0,0.0,
1097,365.0417231951228,10.560479,height,,,,,,,,,,,0.0,0.0,0.0,0.0,440047.7,0.0,320420.38,0.0,0.0,0.0,0.0,0.0,0.0,0.0,0.0,0.0,0.0,0.0,0.0,0.0,0.0,0.0,0.0,
1098,180.98986669776983,10.586858,height,,,,,,,,,,,0.0,414165.25,0.0,0.0,0.0,0.0,0.0,0.0,0.0,636186.5,0.0,0.0,0.0,0.0,0.0,0.0,0.0,0.0,0.0,0.0,0.0,0.0,0.0,
1099,328.9152295056452,10.586858,height,,,,,,,,,,,0.0,513309.25,0.0,0.0,0.0,0.0,0.0,0.0,0.0,1181396.4,0.0,0.0,0.0,0.0,0.0,0.0,0.0,0.0,0.0,0.0,0.0,0.0,0.0,
1100,139.96332546357942,10.607413,height,,,,,,,,,,,0.0,644037.3,0.0,0.0,377987.88,0.0,0.0,0.0,0.0,1096934.4,0.0,320142.22,0.0,0.0,0.0,0.0,0.0,0.0,0.0,0.0,0.0,0.0,0.0,
1101,246.0899473969894,10.580095,height,,,,,,,,,,,0.0,344968.72,0.0,0.0,0.0,0.0,0.0,0.0,0.0,279435.84,0.0,0.0,0.0,0.0,0.0,0.0,0.0,0.0,0.0,0.0,0.0,0.0,0.0,
1102,287.88875635308904,10.620781,height,,,,,,,,,,,0.0,1643236.5,0.0,0.0,604386.06,0.0,0.0,0.0,0.0,3697743.2,0.0,461334.97,0.0,0.0,0.0,0.0,0.0,0.0,0.0,0.0,0.0,262921.9,0.0,
1103,633.235906069249,10.735956,height,,,,,,,,,,,0.0,0.0,0.0,0.0,900268.9,706412.4,1059841.8,823343.94,0.0,0.0,0.0,0.0,0.0,0.0,0.0,0.0,0.0,0.0,0.0,0.0,0.0,0.0,0.0,
1104,143.1543400526243,10.743841,height,,,,,,,,,,,560430.7,992309.6,790017.8,898469.3,937535.44,685495.4,708298.06,846757.2,915911.25,339304.8,558019.7,1004960.06,0.0,0.0,381584.4,567711.2,998954.8,1115558.5,525164.0,1048372.06,983068.6,1042381.56,0.0,
1105,160.18080974080075,10.751088,height,,,,,,,,,,,15816423.0,28278076.0,22045446.0,25357308.0,26232944.0,19202190.0,19532990.0,23499206.0,24543864.0,9419181.0,16144419.0,27173890.0,0.0,0.0,10835718.0,16941356.0,26876206.0,31246790.0,14077515.0,29195850.0,27740308.0,29560662.0,0.0,
1106,633.235916437139,10.989057,height,,,,,,,,,,,0.0,0.0,0.0,0.0,450410.72,399526.84,573605.75,360526.88,0.0,0.0,0.0,0.0,0.0,0.0,0.0,0.0,0.0,0.0,0.0,0.0,0.0,0.0,0.0,
1107,161.1782362508284,11.02494,height,,,,,,,,,,,0.0,318561.03,262616.6,266480.78,265352.88,0.0,0.0,253005.92,290787.12,0.0,0.0,325567.53,0.0,0.0,0.0,0.0,282381.97,329651.72,0.0,318844.03,290178.1,348842.2,0.0,
1108,208.08702205335584,11.039075,height,,,,,,,,,,,1309384.2,1511434.8,1591082.6,1512813.5,970208.7,842645.8,805795.8,1430982.2,1400443.9,524825.2,842838.1,1981293.1,0.0,0.0,256810.58,679700.5,1364196.6,1472465.8,1250146.6,1708680.6,1602157.5,1302239.8,0.0,
1109,181.98823961027108,11.046106,height,,,,,,,,,,,2017593.9,1543214.1,1271248.4,893339.3,1178805.1,909695.56,1201364.2,1309585.6,1067599.8,1323432.2,1116161.9,1593302.2,469201.94,507101.97,515837.03,529483.0,528863.1,587466.8,1390833.5,792118.4,934410.25,1890430.2,1031686.25,
1110,158.97258684890755,11.044302,height,,,,,,,,,,,1164835.4,685459.56,609939.25,493503.06,659242.4,631016.94,751924.25,745505.2,492966.66,958143.1,689428.9,803230.4,433077.56,433292.5,427394.72,382428.4,304907.6,266402.84,826710.0,420444.62,493876.75,831539.6,900984.6,
1111,140.96174256700317,11.046021,height,,,,,,,,,,,3285092.0,2509130.5,1900914.0,1614014.2,2213203.5,1725020.4,2153276.0,2342310.0,1653104.9,2244710.8,1737595.6,3186562.2,765476.2,760818.25,878625.25,846610.44,1008886.06,863338.6,2387509.0,1452096.4,1737858.2,3141443.2,1625295.8,
1112,222.1026276503535,11.050099,height,,,,,,,,,,,1321576.2,1244791.0,1195382.2,946397.06,994909.5,992129.3,852928.1,1203183.4,1189936.9,613249.8,949375.06,1420445.9,0.0,0.0,368697.7,592168.5,777536.5,795683.9,1174277.9,1070802.9,1074317.5,1428739.4,0.0,
1113,181.98823947829143,11.05372,height,,,,,,,,,,,2126891.0,568848.2,1331344.6,947538.1,405386.97,927885.25,1165347.8,1313850.2,1181203.0,817428.9,1223803.8,1593727.0,502490.44,542116.56,530453.5,563279.44,558023.8,727406.44,1431039.0,876335.94,983474.25,1867237.6,996728.9,
1114,208.087022030286,11.068689,height,,,,,,,,,,,1367828.5,1501164.8,1683270.5,1574809.9,998317.1,848031.25,814661.56,1422653.4,1410925.0,560637.06,842299.0,2004813.6,0.0,0.0,256810.58,661950.4,1392195.9,1509029.1,1257555.2,1806895.0,1643700.6,1336558.4,0.0,
1115,337.9692250484051,11.263414,height,,,,,,,,,,,360583.38,492532.2,429645.88,354019.94,558041.7,296914.56,504565.7,534157.94,299950.56,524183.88,322023.06,629303.9,0.0,0.0,0.0,0.0,0.0,0.0,237341.28,0.0,281265.9,436317.44,0.0,
1116,355.979926642137,11.261124,height,,,,,,,,,,,361934.25,419119.25,316657.7,307452.53,469978.7,306131.25,531827.3,424805.3,294846.16,540107.25,336485.94,435750.16,0.0,0.0,0.0,0.0,0.0,0.0,260174.08,0.0,0.0,319152.7,0.0,
1117,161.18384035515535,11.283569,height,,,,,,,,,,,2030498.6,3597026.2,3197951.2,3487429.2,3030917.5,2160845.8,2031475.9,2999254.5,3375439.5,1240538.9,2168664.2,3670327.2,0.0,0.0,957833.2,1373900.9,3242802.0,3527814.8,1838091.9,3627668.8,3437247.2,4125670.0,0.0,
1118,314.95324738614187,11.254719,height,,,,,,,,,,,0.0,303617.3,294002.7,249249.55,338801.28,0.0,385897.8,347025.97,0.0,337144.2,0.0,387396.7,0.0,0.0,0.0,0.0,0.0,0.0,0.0,0.0,0.0,273105.3,0.0,
1119,174.16016556086353,11.270701,height,,,,,,,,,,,620761.0,571799.56,516228.6,651236.44,316653.25,314501.3,0.0,346700.16,697121.06,336065.06,458850.28,555948.0,257661.02,0.0,0.0,0.0,481010.0,538827.06,533473.06,603366.6,600280.25,702562.6,0.0,
1120,182.96246607639367,11.273076,height,,,,,,,,,,,551687.8,1016635.7,853590.75,780862.6,1118008.2,524357.7,945123.6,975786.25,594971.44,744839.3,659123.1,1286498.8,0.0,0.0,0.0,278914.84,353241.88,355775.06,577816.75,519854.25,557852.25,882537.56,0.0,
1121,255.93890003805203,11.275574,height,,,,,,,,,,,398056.38,866803.4,490313.97,385178.44,847202.94,566730.6,571820.2,563404.6,355818.9,890076.25,420106.66,721439.8,0.0,0.0,0.0,0.0,322179.5,274488.72,488143.38,429157.6,403711.7,673267.6,0.0,
1122,160.1808282334061,11.2833805,height,,,,,,,,,,,23381260.0,41003720.0,36179796.0,39629564.0,34352390.0,24790030.0,23105388.0,33655664.0,38016340.0,14258656.0,24898988.0,42670484.0,0.0,0.0,10871855.0,15534683.0,37041508.0,39152776.0,21325182.0,41822150.0,40259550.0,46974216.0,0.0,
1123,157.17008956875625,11.275887,height,,,,,,,,,,,300770.6,0.0,415661.6,0.0,694670.9,497422.88,0.0,401475.62,0.0,434014.34,0.0,497391.5,0.0,0.0,0.0,0.0,289148.38,0.0,523338.7,569165.3,329038.34,0.0,0.0,
1124,143.15435874338573,11.279235,height,,,,,,,,,,,877752.4,1491360.1,1319619.6,1374077.5,1324006.8,838271.44,805561.8,1188487.2,1373039.5,547442.1,882682.7,1514681.5,0.0,0.0,370382.1,564471.7,1359143.4,1435690.4,768697.2,1509426.8,1408978.5,1689363.5,0.0,
1125,161.1782653286412,11.27969,height,,,,,,,,,,,265389.94,436283.1,417093.12,410041.28,357601.44,265960.78,258923.2,331402.12,411377.34,0.0,281034.6,448730.97,0.0,0.0,0.0,0.0,370959.38,435958.5,0.0,449869.12,449830.16,475840.94,0.0,
1126,128.019399148837,11.278843,height,,,,,,,,,,,455185.56,510815.22,447240.9,409458.53,505156.25,446727.62,540842.7,509691.9,387592.78,584907.9,474164.44,497801.78,395207.3,358648.5,381428.44,339695.53,282988.1,258350.33,395207.94,291904.94,348095.1,446257.9,0.0,
1127,231.21791800614935,11.282509,height,,,,,,,,,,,439137.0,0.0,729818.8,294674.8,1107992.1,658410.44,300435.4,704070.4,244294.94,641684.8,0.0,781723.5,0.0,0.0,209746.19,236319.02,465337.25,378702.44,831870.8,958980.2,549750.8,277237.3,0.0,
1128,140.1434104141736,11.26375,height,,,,,,,,,,,0.0,0.0,290612.38,0.0,487471.0,329951.7,0.0,279740.22,0.0,319017.5,0.0,335936.34,0.0,0.0,0.0,0.0,0.0,0.0,373749.8,418559.34,0.0,0.0,0.0,
1129,151.03527231650258,11.281667,height,,,,,,,,,,,7054567.5,9090085.0,7974841.5,7278065.0,8685474.0,6892795.0,8747630.0,8807543.0,6845176.5,8932003.0,7160122.5,8405062.0,4523365.0,4339854.5,5190623.5,4805498.0,4890373.5,4611957.0,6172209.5,5373889.5,6166686.0,7872511.5,369215.22,
1130,241.99956949840288,11.277787,height,,,,,,,,,,,4025142.0,4604317.0,4409400.0,3569856.2,5270018.5,3683445.0,5512326.0,5168073.5,3247851.8,5646642.0,3989713.2,5205743.0,2201248.0,2217310.0,2335142.2,2100180.2,1825059.9,1729154.0,3266198.0,2154291.0,2939164.2,4131222.5,0.0,
1131,265.01562315130747,11.278296,height,,,,,,,,,,,2847438.8,3590717.8,2822762.0,2413615.8,3700964.5,2346249.2,3590359.5,3545088.5,2329882.8,3896730.0,2495773.2,3508168.2,1321975.6,1245264.0,1398486.2,1307627.1,1235120.9,1288101.4,2045137.0,1490990.6,1961930.8,3021127.5,0.0,
1132,218.983691604521,11.279565,height,,,,,,,,,,,875142.9,781241.0,891144.06,678490.3,1011337.3,796230.1,1160867.6,979141.5,620121.94,0.0,879061.4,930793.3,642162.3,677685.94,642919.2,585397.8,392963.03,335501.28,725935.25,402181.53,591180.1,755702.9,0.0,
1133,174.19645772337998,11.286511,height,,,,,,,,,,,2007084.8,1013718.75,3219102.8,1339579.1,5235885.5,3989275.5,1355555.5,3072341.0,924016.1,2972221.8,703036.7,3811658.8,0.0,281600.9,899847.8,1009061.4,1890091.6,1490997.9,3972785.2,4362171.0,2434624.8,1273472.9,0.0,
1134,146.1651841887903,11.281065,height,,,,,,,,,,,12442480.0,27607076.0,23520040.0,27523932.0,17006168.0,9904478.0,11274492.0,19340126.0,23211740.0,7136035.0,11931671.0,30992706.0,0.0,0.0,3648637.0,7250812.0,24194654.0,27198892.0,11833252.0,29017566.0,27489776.0,23658322.0,0.0,
1135,129.13874505048256,11.2820425,height,,,,,,,,,,,1405291.9,3010803.5,2625823.0,3102985.5,1857701.9,1082628.1,1149522.6,2137005.0,2581802.8,797572.5,1275921.8,3447499.5,0.0,0.0,345419.5,789258.6,2672272.5,3093216.2,1299023.5,3218205.5,3003568.5,2633987.8,0.0,
1136,169.04583543838245,11.273463,height,,,,,,,,,,,395727.75,449472.56,365240.75,343894.38,457963.5,426379.12,543775.5,436634.78,322400.53,526334.8,466114.66,401495.06,401481.94,371679.56,324396.0,334509.56,236205.05,0.0,353030.7,0.0,276831.72,371093.38,0.0,
1137,160.1730308660831,11.287665,height,,,,,,,,,,,0.0,337221.44,243011.03,294670.8,239515.4,0.0,0.0,0.0,274228.1,0.0,0.0,290520.1,0.0,0.0,0.0,0.0,0.0,304654.0,0.0,310565.03,303987.94,399670.25,0.0,
1138,147.16267781589085,11.287653,height,,,,,,,,,,,0.0,302960.66,267651.34,300115.6,0.0,0.0,0.0,0.0,247445.22,0.0,0.0,339048.34,0.0,0.0,0.0,0.0,262661.44,289382.06,0.0,321328.28,289561.94,250142.53,0.0,
1139,147.1683558311375,11.287831,height,,,,,,,,,,,961325.94,2123843.8,1854069.0,2172481.0,1326304.8,799944.94,847304.3,1556953.4,1734800.6,600403.94,942379.5,2389196.5,0.0,0.0,271036.97,545374.06,1850940.0,2106413.5,926969.8,2275929.2,2143510.0,1786582.9,0.0,
1140,160.18852810627678,11.278193,height,,,,,,,,,,,0.0,365095.53,0.0,270391.53,258028.84,0.0,0.0,0.0,0.0,0.0,0.0,285149.06,0.0,0.0,0.0,0.0,251335.19,0.0,0.0,0.0,290307.78,302202.16,0.0,
1141,208.08702111863428,11.5553665,height,,,,,,,,,,,815821.44,1066963.5,936965.75,955218.3,658666.7,630490.8,602846.94,992729.06,942088.0,497438.44,616878.5,1156363.4,0.0,0.0,0.0,416511.84,926553.8,1002990.1,680915.5,1067861.4,982024.5,752279.56,0.0,
1142,275.20779102179563,11.650681,height,,,,,,,,,,,844121.75,1080459.9,1025904.3,584072.9,0.0,0.0,0.0,0.0,551863.94,481750.28,377027.53,791529.5,236664.16,303893.12,339151.5,334752.66,387863.62,276496.97,1138305.4,534793.3,1065715.2,1263262.9,0.0,
